1,24048,7598
2,25912,320
3,25406,2244
4,25132,3298
5,25884,428
6,25981,62
7,24134,7250
8,25929,257
9,25985,48
10,25194,3060
11,25665,1256
12,25224,2944
13,25275,2748
14,24080,7468
15,20195,24616
16,25878,448
17,13862,61296
18,25154,3214
19,25930,252
20,25589,1542
21,18921,30968
22,25971,100
23,25946,194
24,25951,176
25,24711,4946
26,25913,316
27,25958,148
28,25961,136
29,13912,60940
30,25991,24
31,25423,2178
32,25692,1152
33,25942,208
34,24518,5712
35,24277,6674
36,25971,100
37,25588,1548
38,25228,2928
39,25988,36
40,25713,1072
41,22798,12800
42,25896,382
43,20710,22162
44,20750,21976
45,25961,138
46,25881,436
47,25981,60
48,25978,72
49,25964,124
50,25673,1224
51,25904,352
52,25954,164
53,24370,6300
54,25949,180
55,25896,380
56,25699,1124
57,20721,22110
58,25707,1096
59,25997,0
60,25960,140
61,25988,36
62,24085,7448
63,25913,316
64,25922,284
65,25930,254
66,25988,36
67,25976,80
68,25971,100
69,25974,88
70,25938,224
71,25981,60
72,24977,3904
73,24950,4008
74,25980,64
75,25959,144
76,25973,92
77,25980,64
78,25926,268
79,25969,108
80,25939,220
81,25764,880
82,25963,128
83,25956,156
84,25985,48
85,25892,396
86,25976,80
87,25925,272
88,25764,878
89,25944,200
90,25885,424
91,25937,226
92,23733,8882
93,25444,2098
94,25978,72
95,25881,436
96,25934,240
97,25978,72
98,25991,24
99,25952,172
100,17740,37252
101,25505,1864
102,20363,23808
103,25984,52
104,25990,28
105,23616,9364
106,22890,12406
107,25591,1536
108,17540,38358
109,25675,1218
110,25978,72
111,25984,52
112,25950,177
113,25953,168
114,24475,5880
115,25900,366
116,25975,84
117,25946,192
118,25943,204
119,25906,344
120,25122,3340
121,25959,146
122,25978,72
123,24529,5666
124,25522,1800
125,25655,1292
126,25997,0
127,22945,12174
128,25857,528
129,25893,392
130,24978,3898
131,25665,1254
132,25943,204
133,25944,200
134,25962,132
135,22258,15138
136,25970,104
137,25048,3628
138,24941,4044
139,25910,328
140,24822,4508
141,25945,196
142,25997,0
143,25301,2648
144,25907,338
145,25949,180
146,25613,1452
147,25248,2852
148,25978,74
149,25957,152
150,25981,60
151,25301,2648
152,25997,0
153,25674,1222
154,25962,132
155,24591,5422
156,25965,120
157,25953,168
158,25929,256
159,25711,1078
160,25616,1440
161,25679,1200
162,25975,84
163,25481,1956
164,25984,52
165,22700,13220
166,22034,16124
167,25964,124
168,25934,240
169,24889,4248
170,25907,340
171,25964,124
172,25997,0
173,25943,204
174,25954,164
175,25977,76
176,25926,268
177,25969,108
178,25938,224
179,25666,1250
180,25887,416
181,25965,120
182,25867,492
183,25956,156
184,25509,1850
185,25981,60
186,25768,864
187,25997,0
188,25081,3496
189,25969,108
190,25918,300
191,23939,8042
192,25844,576
193,25991,24
194,25874,464
195,25906,342
196,25959,144
197,13404,64564
198,25408,2236
199,15118,52842
200,25971,100
201,25962,132
202,25960,142
203,23879,8286
204,25990,28
205,25991,24
206,25812,696
207,25976,80
208,25854,540
209,24923,4114
210,25893,392
211,25124,3330
212,25955,160
213,25190,3076
214,25991,24
215,25783,808
216,25969,105
217,25634,1372
218,24844,4422
219,25958,148
220,25939,220
221,25948,184
222,25882,435
223,25945,196
224,25098,3430
225,25984,52
226,25333,2522
227,25934,240
228,3283,201682
229,22666,13364
230,25084,3486
231,23876,8296
232,21470,18648
233,25930,252
234,17447,38876
235,25985,48
236,25985,48
237,20348,23882
238,24518,5710
239,25981,60
240,25393,2292
241,25932,244
242,25862,508
243,25938,224
244,25970,104
245,25627,1398
246,24656,5164
247,25985,48
248,25918,300
249,24862,4354
250,25912,320
251,23162,11256
252,24424,6084
253,25991,24
254,25826,646
255,25946,194
256,25897,376
257,25792,772
258,25997,0
259,25780,820
260,16249,45810
261,25976,80
262,25921,286
263,25978,72
264,25927,264
265,25931,248
266,25978,72
267,24293,6608
268,25899,368
269,23180,11182
270,25991,24
271,20712,22153
272,25990,28
273,25852,548
274,25960,140
275,25963,128
276,18983,30650
277,24204,6966
278,25983,56
279,25842,584
280,25896,380
281,25430,2150
282,25724,1032
283,24439,6026
284,25904,352
285,25991,24
286,25958,148
287,25981,60
288,25946,194
289,25838,598
290,25991,24
291,25969,108
292,25939,220
293,24729,4876
294,25978,72
295,25955,160
296,25430,2152
297,25030,3696
298,25985,48
299,25694,1144
300,25985,48
301,25971,100
302,25930,252
303,25062,3572
304,25985,48
305,25997,0
306,25991,24
307,25806,722
308,25990,28
309,12545,71024
310,25951,176
311,25984,52
312,25991,24
313,25878,448
314,25931,248
315,25872,470
316,25958,148
317,25871,476
318,25917,302
319,24656,5164
320,16279,45628
321,25972,96
322,25358,2428
323,25929,256
324,25393,2292
325,25945,196
326,21666,17762
327,25856,532
328,25895,386
329,25684,1184
330,25930,252
331,25947,188
332,25579,1580
333,25977,76
334,8092,113752
335,25630,1388
336,25990,28
337,24922,4118
338,25434,2136
339,25940,214
340,25985,48
341,25661,1268
342,25371,2378
343,24794,4618
344,25991,24
345,25943,204
346,25953,168
347,25228,2930
348,25449,2080
349,25948,184
350,25937,228
351,25732,1002
352,24304,6564
353,23866,8338
354,25991,24
355,21771,17292
356,25967,114
357,25803,732
358,25943,204
359,25980,64
360,25959,144
361,25205,3016
362,25877,452
363,25919,296
364,23343,10496
365,25836,606
366,25985,48
367,25965,120
368,25929,256
369,25945,196
370,25930,252
371,25944,200
372,25930,254
373,25968,112
374,25706,1098
375,25990,28
376,25972,96
377,25997,0
378,25918,300
379,24075,7486
380,25894,388
381,25942,208
382,19488,28090
383,25475,1980
384,25955,160
385,25943,204
386,23689,9064
387,25318,2580
388,25972,96
389,25974,88
390,25949,180
391,25962,134
392,25909,334
393,25959,144
394,25942,208
395,25977,76
396,25997,0
397,479,389320
398,25984,52
399,25975,84
400,25988,36
401,24434,6045
402,25941,212
403,25965,120
404,3895,185018
405,22039,16102
406,23502,9836
407,25877,452
408,23969,7920
409,25241,2880
410,24861,4356
411,25084,3488
412,25997,0
413,25984,52
414,25975,86
415,1696,266088
416,25958,148
417,25885,424
418,25916,306
419,25990,28
420,25715,1064
421,25931,248
422,25991,24
423,25984,52
424,5726,147474
425,25798,752
426,25965,120
427,23543,9664
428,25985,48
429,25962,132
430,24755,4772
431,25908,336
432,25956,156
433,25968,112
434,24055,7568
435,25997,0
436,25978,72
437,25945,196
438,23907,8172
439,23859,8368
440,25523,1796
441,23799,8610
442,25997,0
443,25945,196
444,25948,186
445,25878,448
446,25845,572
447,25719,1048
448,25888,412
449,25948,184
450,25522,1800
451,25997,0
452,25706,1100
453,25990,28
454,24530,5662
455,25030,3698
456,25975,84
457,25126,3322
458,25883,430
459,25953,168
460,22690,13262
461,25952,172
462,25981,60
463,25925,272
464,25991,24
465,25806,720
466,1,861098
467,25963,128
468,25978,72
469,23595,9452
470,25956,156
471,25922,284
472,25957,152
473,25250,2842
474,25879,444
475,25833,620
476,25893,392
477,25955,158
478,25876,456
479,25943,204
480,25424,2174
481,25564,1638
482,25925,272
483,25953,168
484,25948,184
485,25976,80
486,25990,28
487,25983,56
488,25947,190
489,25261,2802
490,25907,340
491,25959,144
492,25964,124
493,25905,348
494,25976,80
495,25576,1592
496,25109,3388
497,24854,4386
498,25609,1466
499,24217,6916
500,9679,96302
501,25985,48
502,25964,124
503,25805,724
504,25871,476
505,25419,2192
506,25997,0
507,25990,28
508,25928,260
509,25901,364
510,25651,1306
511,8891,104580
512,1137,305050
513,25944,200
514,25914,314
515,25956,156
516,25991,24
517,24987,3862
518,25867,492
519,25997,0
520,23743,8840
521,25874,464
522,25969,108
523,25181,3110
524,25962,132
525,25823,656
526,25926,268
527,25985,48
528,25967,114
529,25991,24
530,25972,96
531,25129,3312
532,25949,180
533,25962,132
534,25676,1212
535,25947,190
536,25943,204
537,23324,10576
538,25015,3754
539,25853,544
540,25997,0
541,25967,116
542,25975,84
543,25944,200
544,25277,2740
545,25983,56
546,25968,112
547,21443,18772
548,25977,76
549,25924,276
550,25944,200
551,25991,24
552,25888,412
553,24616,5322
554,22016,16204
555,25946,192
556,25729,1012
557,25940,216
558,25997,0
559,25975,86
560,25934,240
561,25985,48
562,25923,280
563,25938,224
564,25965,120
565,25985,48
566,25922,284
567,25919,294
568,25947,188
569,25906,344
570,25490,1920
571,23611,9386
572,25802,736
573,25953,166
574,25997,0
575,25962,132
576,25932,246
577,25970,104
578,25878,448
579,25905,348
580,25985,48
581,25948,184
582,25878,448
583,25298,2660
584,23017,11870
585,25985,48
586,24797,4608
587,25949,180
588,25920,292
589,23735,8876
590,25948,184
591,25955,160
592,5254,155854
593,25935,236
594,25965,120
595,25232,2912
596,25942,208
597,24596,5402
598,25969,108
599,25865,496
600,25914,312
601,25945,196
602,25981,60
603,25991,24
604,25990,28
605,25984,52
606,24988,3860
607,25990,28
608,25961,136
609,25031,3691
610,23735,8876
611,25923,278
612,25984,52
613,24417,6114
614,25963,128
615,25971,100
616,25915,310
617,16242,45848
618,25978,72
619,25901,364
620,23625,9326
621,23419,10182
622,25937,228
623,25997,0
624,23301,10672
625,25971,100
626,24627,5280
627,25171,3148
628,25880,440
629,25061,3574
630,25036,3674
631,25943,204
632,22068,15972
633,24730,4872
634,25991,24
635,25964,124
636,25984,52
637,25984,52
638,25991,24
639,25968,112
640,23531,9716
641,22598,13660
642,23827,8496
643,25771,852
644,19005,30536
645,25908,336
646,25273,2756
647,25981,60
648,25991,24
649,25981,60
650,25958,148
651,25547,1704
652,25991,24
653,25981,60
654,25977,76
655,25990,28
656,25972,96
657,25988,36
658,25741,968
659,25869,484
660,25764,878
661,22835,12640
662,24143,7212
663,25914,314
664,25985,48
665,25119,3350
666,3197,204262
667,25897,376
668,25961,136
669,25990,28
670,25790,780
671,25968,112
672,25757,906
673,25952,172
674,25980,64
675,25984,52
676,25997,0
677,25928,260
678,25948,184
679,24104,7372
680,25975,84
681,24856,4376
682,25963,128
683,25971,100
684,25964,124
685,25914,312
686,25960,140
687,25985,48
688,25871,474
689,25949,180
690,25398,2272
691,25963,128
692,25945,198
693,24494,5808
694,25836,608
695,25997,0
696,22496,14098
697,25951,176
698,25978,72
699,25936,232
700,14861,54508
701,25938,222
702,25997,0
703,24461,5937
704,25976,80
705,25820,668
706,25782,810
707,25207,3008
708,25980,64
709,25938,224
710,25873,468
711,25938,222
712,25984,52
713,25948,184
714,25962,132
715,25991,24
716,23662,9174
717,17005,41372
718,25957,152
719,25958,148
720,25756,908
721,25990,28
722,20089,25132
723,25990,28
724,22857,12550
725,23866,8336
726,25949,180
727,25985,48
728,25970,104
729,25844,576
730,16450,44610
731,25899,370
732,25977,76
733,25968,110
734,25991,24
735,25976,80
736,25952,172
737,25906,342
738,25997,0
739,24482,5854
740,25704,1106
741,24288,6628
742,25972,96
743,25991,24
744,25823,658
745,25099,3428
746,25757,904
747,25899,368
748,25990,28
749,25969,108
750,23674,9126
751,25927,266
752,25930,252
753,25991,24
754,25782,810
755,22068,15974
756,25939,220
757,24455,5962
758,25262,2796
759,24731,4868
760,25774,843
761,21258,19616
762,25984,52
763,25216,2974
764,25943,204
765,25957,150
766,25978,72
767,25997,0
768,25766,872
769,13959,60612
770,25007,3784
771,21958,16460
772,24338,6430
773,25988,36
774,25964,124
775,24909,4168
776,25964,124
777,25977,76
778,25969,108
779,25878,448
780,25801,740
781,25997,0
782,25909,332
783,25945,196
784,25881,436
785,25411,2222
786,24888,4252
787,25292,2682
788,25931,248
789,24919,4128
790,25924,276
791,25856,532
792,25977,76
793,23603,9416
794,25741,968
795,23370,10386
796,25977,76
797,25840,592
798,25981,60
799,24140,7224
800,25990,28
801,25985,48
802,25760,896
803,25111,3380
804,15447,50742
805,23560,9594
806,25997,0
807,25945,196
808,25951,176
809,23570,9556
810,21502,18504
811,25703,1110
812,25997,0
813,25943,206
814,25908,336
815,25991,24
816,25997,0
817,25905,348
818,25947,188
819,25962,132
820,20511,23104
821,25985,48
822,25953,168
823,25977,76
824,25938,224
825,25040,3656
826,25598,1508
827,25851,552
828,25201,3032
829,25555,1672
830,25961,136
831,25985,48
832,25997,0
833,25852,546
834,25977,76
835,25945,196
836,25952,172
837,25641,1346
838,25444,2096
839,25997,0
840,25971,100
841,25952,172
842,25914,312
843,25997,0
844,25804,728
845,25921,288
846,25926,268
847,25374,2364
848,22329,14825
849,25954,164
850,25962,132
851,25991,24
852,25978,72
853,24189,7028
854,25838,600
855,25984,52
856,25877,454
857,25965,120
858,24340,6422
859,25983,56
860,25977,76
861,25289,2694
862,25978,72
863,25997,0
864,25191,3072
865,25015,3756
866,25322,2564
867,25881,436
868,25912,320
869,25851,552
870,25106,3400
871,25436,2128
872,25983,56
873,9092,102402
874,25971,100
875,19407,28494
876,25946,192
877,24352,6374
878,25925,272
879,21169,20024
880,25895,384
881,25963,128
882,25941,212
883,25930,252
884,25907,340
885,24617,5316
886,25861,514
887,25843,582
888,24846,4416
889,25976,80
890,25985,48
891,25162,3182
892,25985,48
893,25985,48
894,25991,24
895,25175,3134
896,23977,7884
897,25393,2292
898,25036,3674
899,17463,38786
900,25929,256
901,25983,56
902,23313,10624
903,25941,212
904,25527,1780
905,25866,494
906,25161,3188
907,25978,72
908,25894,388
909,25706,1098
910,25968,110
911,25911,324
912,25961,136
913,25859,520
914,25944,200
915,25500,1884
916,25838,600
917,25876,456
918,25973,92
919,24127,7276
920,25991,24
921,23999,7796
922,19749,26796
923,24991,3850
924,25931,248
925,25943,204
926,14469,57116
927,25967,114
928,25991,24
929,25898,374
930,25974,88
931,25550,1692
932,25978,72
933,24392,6212
934,25969,108
935,25572,1608
936,15346,51380
937,24802,4590
938,10769,85898
939,25937,228
940,24849,4402
941,25178,3120
942,25981,60
943,25964,124
944,22985,12004
945,25980,64
946,25586,1554
947,25427,2164
948,25985,48
949,24349,6384
950,25991,24
951,25964,124
952,25940,216
953,25905,348
954,25944,200
955,25972,96
956,25949,180
957,14571,56434
958,25977,76
959,25974,88
960,24695,5010
961,25940,216
962,24875,4302
963,22550,13868
964,25864,500
965,25130,3308
966,25978,72
967,25978,72
968,25965,120
969,14522,56762
970,25935,236
971,25981,60
972,25968,110
973,25939,218
974,25949,180
975,25963,128
976,23153,11296
977,25991,24
978,25971,100
979,25185,3096
980,25985,48
981,25956,156
982,25972,96
983,25974,88
984,25984,52
985,25990,28
986,25967,114
987,23247,10900
988,25520,1808
989,25967,116
990,20484,23232
991,25969,106
992,24487,5834
993,25888,412
994,25988,36
995,25811,700
996,25920,292
997,25933,242
998,25896,380
999,25759,898
1000,25759,898
1001,25985,48
1002,25849,560
1003,25963,128
1004,25983,56
1005,25951,176
1006,25942,208
1007,19404,28512
1008,25961,136
1009,25681,1192
1010,25960,140
1011,25954,164
1012,25887,416
1013,24933,4074
1014,25981,60
1015,25724,1032
1016,24424,6084
1017,25985,48
1018,25957,152
1019,24685,5048
1020,25884,426
1021,15253,51974
1022,25948,184
1023,25990,28
1024,25732,1002
1025,25913,316
1026,25997,0
1027,25940,216
1028,25374,2366
1029,25873,466
1030,25978,72
1031,25985,48
1032,25959,144
1033,25985,48
1034,25991,24
1035,25941,212
1036,25921,288
1037,25965,120
1038,25934,240
1039,25985,48
1040,25971,100
1041,25975,84
1042,25949,182
1043,25926,268
1044,25965,120
1045,25997,0
1046,25457,2048
1047,15425,50878
1048,25572,1608
1049,20899,21276
1050,25938,224
1051,25190,3074
1052,25930,254
1053,25888,412
1054,25958,148
1055,25860,516
1056,25973,92
1057,23160,11266
1058,25981,60
1059,25415,2210
1060,24280,6662
1061,24277,6672
1062,25924,276
1063,25988,36
1064,25965,120
1065,25972,96
1066,25943,204
1067,25884,428
1068,14658,55850
1069,25596,1518
1070,25905,348
1071,25935,236
1072,25955,160
1073,25853,544
1074,23924,8100
1075,25943,206
1076,25991,24
1077,25961,138
1078,15474,50572
1079,25970,104
1080,25773,846
1081,22829,12668
1082,25849,560
1083,25634,1372
1084,25978,72
1085,23839,8448
1086,17868,36550
1087,25523,1796
1088,25012,3766
1089,25316,2590
1090,25959,144
1091,25304,2636
1092,25990,28
1093,25978,72
1094,25959,144
1095,25976,80
1096,25934,240
1097,25972,96
1098,23278,10770
1099,25984,52
1100,25990,28
1101,25772,848
1102,19365,28708
1103,25978,72
1104,25945,196
1105,25940,216
1106,25548,1698
1107,24798,4602
1108,25659,1278
1109,25942,208
1110,25985,48
1111,2727,219768
1112,25991,24
1113,25827,640
1114,19822,26434
1115,25983,56
1116,25946,192
1117,25953,168
1118,22912,12314
1119,25628,1396
1120,25985,48
1121,25132,3298
1122,25978,72
1123,25991,24
1124,24158,7152
1125,25907,340
1126,25717,1058
1127,25977,76
1128,25997,0
1129,24765,4732
1130,25985,48
1131,25972,96
1132,25261,2800
1133,19616,27450
1134,25916,306
1135,25187,3088
1136,25978,72
1137,24881,4280
1138,25307,2624
1139,25968,112
1140,25539,1736
1141,25944,200
1142,15071,53144
1143,25445,2094
1144,25971,100
1145,25962,132
1146,25820,666
1147,25985,48
1148,25953,168
1149,25960,140
1150,25991,24
1151,25533,1756
1152,25885,424
1153,15497,50428
1154,25974,88
1155,25865,496
1156,25942,208
1157,25515,1826
1158,25840,592
1159,24162,7136
1160,25977,76
1161,25978,72
1162,25892,396
1163,21560,18240
1164,24367,6314
1165,25698,1130
1166,25941,212
1167,25616,1440
1168,25984,52
1169,25956,156
1170,25881,436
1171,25925,272
1172,23697,9030
1173,25936,232
1174,25961,136
1175,25991,24
1176,25977,76
1177,20706,22180
1178,25957,152
1179,25964,124
1180,25860,518
1181,25957,152
1182,25948,186
1183,19780,26642
1184,23883,8270
1185,23028,11820
1186,19294,29068
1187,25609,1468
1188,25091,3460
1189,25988,36
1190,25972,96
1191,25924,276
1192,24546,5598
1193,22484,14152
1194,25983,56
1195,25920,290
1196,25976,80
1197,25941,212
1198,25997,0
1199,23755,8792
1200,25934,238
1201,25912,320
1202,25984,52
1203,25885,422
1204,25916,306
1205,25593,1528
1206,25958,148
1207,24615,5324
1208,25930,252
1209,25367,2392
1210,25939,220
1211,25895,384
1212,25193,3064
1213,25946,192
1214,25942,208
1215,25386,2320
1216,22910,12324
1217,19519,27934
1218,25876,456
1219,25959,144
1220,21512,18458
1221,25970,104
1222,25911,324
1223,25524,1790
1224,25956,156
1225,25970,104
1226,21286,19488
1227,25917,302
1228,24404,6164
1229,25971,100
1230,25952,172
1231,25646,1328
1232,24856,4376
1233,17858,36606
1234,25905,348
1235,25919,294
1236,25962,134
1237,25955,160
1238,25916,306
1239,25990,28
1240,25833,620
1241,25961,138
1242,25952,172
1243,25868,488
1244,25935,236
1245,25828,636
1246,25087,3473
1247,25701,1116
1248,25997,0
1249,25961,138
1250,25951,176
1251,25958,148
1252,25408,2236
1253,25965,120
1254,25972,96
1255,25953,168
1256,25967,116
1257,24205,6962
1258,25405,2248
1259,25884,428
1260,24310,6540
1261,25332,2528
1262,25628,1396
1263,25711,1080
1264,25538,1738
1265,25951,176
1266,25959,144
1267,25772,848
1268,24055,7570
1269,25871,476
1270,25949,180
1271,24400,6182
1272,25890,404
1273,25930,252
1274,25965,120
1275,25924,276
1276,25253,2830
1277,25790,780
1278,25972,96
1279,25969,108
1280,25937,228
1281,25882,432
1282,25939,218
1283,15527,50234
1284,25951,176
1285,25622,1416
1286,25924,276
1287,24578,5472
1288,25957,152
1289,25990,28
1290,25128,3316
1291,25422,2180
1292,25958,148
1293,25972,96
1294,25352,2452
1295,25984,52
1296,25280,2728
1297,25964,124
1298,25947,188
1299,25923,280
1300,25406,2244
1301,25977,76
1302,25971,100
1303,25846,568
1304,25919,296
1305,25997,0
1306,25945,196
1307,25949,180
1308,25965,120
1309,25997,0
1310,25923,280
1311,25953,168
1312,25971,100
1313,25932,244
1314,25984,52
1315,25899,368
1316,25629,1390
1317,25327,2546
1318,25971,100
1319,25620,1426
1320,25527,1780
1321,25445,2095
1322,25886,420
1323,23877,8294
1324,25020,3734
1325,25925,272
1326,25901,364
1327,25940,216
1328,25985,48
1329,21803,17150
1330,25954,164
1331,25912,320
1332,15488,50480
1333,24962,3960
1334,25919,296
1335,25936,232
1336,15383,51148
1337,25972,96
1338,25942,208
1339,25972,96
1340,25341,2494
1341,8959,103842
1342,25967,116
1343,25698,1128
1344,25976,80
1345,25433,2140
1346,25879,444
1347,25953,168
1348,22660,13392
1349,25958,148
1350,25978,72
1351,25224,2944
1352,25930,252
1353,21993,16306
1354,25258,2814
1355,25914,312
1356,25976,80
1357,22552,13856
1358,25343,2484
1359,25936,232
1360,21022,20706
1361,25962,132
1362,25671,1230
1363,25325,2556
1364,25906,344
1365,25978,72
1366,25946,192
1367,25772,850
1368,25621,1422
1369,25120,3348
1370,25959,144
1371,24098,7396
1372,25067,3552
1373,18254,34468
1374,25997,0
1375,24251,6780
1376,25920,290
1377,25927,264
1378,25991,24
1379,25842,584
1380,19201,29538
1381,25955,160
1382,25940,216
1383,14580,56372
1384,25965,122
1385,25932,244
1386,25932,244
1387,25612,1456
1388,25926,268
1389,25965,120
1390,25975,84
1391,25939,220
1392,24487,5836
1393,25483,1948
1394,25997,0
1395,25889,406
1396,25870,480
1397,25714,1068
1398,23845,8424
1399,25991,24
1400,25896,380
1401,25972,96
1402,25978,72
1403,25990,28
1404,25899,370
1405,15545,50124
1406,22928,12246
1407,25959,144
1408,25969,108
1409,25940,214
1410,25972,96
1411,25922,282
1412,24520,5702
1413,25932,244
1414,25970,104
1415,25981,60
1416,25990,28
1417,25419,2194
1418,25763,884
1419,24886,4258
1420,25978,72
1421,25977,76
1422,25245,2864
1423,25916,304
1424,25959,144
1425,24052,7580
1426,25485,1942
1427,25186,3090
1428,25977,76
1429,25977,76
1430,25905,348
1431,25902,360
1432,25954,164
1433,25769,862
1434,25623,1414
1435,24760,4752
1436,25970,104
1437,25502,1874
1438,24414,6124
1439,25680,1198
1440,25984,52
1441,25968,112
1442,25881,436
1443,25964,124
1444,25839,596
1445,25985,48
1446,25963,128
1447,25929,256
1448,25940,216
1449,24616,5322
1450,23690,9058
1451,25901,364
1452,25384,2328
1453,25918,300
1454,24636,5244
1455,23926,8092
1456,25971,100
1457,25938,224
1458,25978,72
1459,25915,310
1460,25941,212
1461,25346,2472
1462,25997,0
1463,25964,124
1464,25928,260
1465,25927,264
1466,22235,15236
1467,25960,140
1468,23571,9552
1469,25975,84
1470,25912,320
1471,25563,1644
1472,25449,2078
1473,25886,420
1474,25878,448
1475,25705,1104
1476,25977,76
1477,25062,3572
1478,25908,336
1479,25596,1518
1480,25926,268
1481,25991,24
1482,25988,36
1483,25991,24
1484,25990,28
1485,25067,3554
1486,25800,744
1487,18057,35524
1488,25961,136
1489,25934,240
1490,25947,188
1491,25958,148
1492,25818,674
1493,25202,3028
1494,25615,1446
1495,25885,424
1496,13152,66416
1497,25972,96
1498,25953,168
1499,25997,0
1500,25882,432
1501,25914,312
1502,25587,1552
1503,25971,100
1504,19649,27290
1505,25958,148
1506,25954,164
1507,25946,192
1508,24669,5112
1509,23739,8858
1510,25939,220
1511,25935,236
1512,25955,160
1513,25880,440
1514,25946,192
1515,15100,52952
1516,25954,164
1517,25991,24
1518,25375,2362
1519,25997,0
1520,25909,332
1521,20072,25214
1522,25949,182
1523,25981,60
1524,25372,2372
1525,25947,188
1526,23587,9482
1527,25990,28
1528,25977,76
1529,21693,17644
1530,23926,8094
1531,25997,0
1532,25981,62
1533,25964,124
1534,25953,166
1535,25952,172
1536,23537,9692
1537,25978,72
1538,24899,4208
1539,18541,32946
1540,25261,2802
1541,25203,3024
1542,25904,352
1543,25953,168
1544,25991,24
1545,25991,24
1546,25985,48
1547,24184,7046
1548,24169,7108
1549,25973,92
1550,25988,36
1551,24537,5636
1552,25981,62
1553,25927,266
1554,25594,1526
1555,25910,328
1556,25947,188
1557,25184,3100
1558,25970,104
1559,25222,2950
1560,25947,188
1561,25472,1992
1562,25254,2828
1563,25270,2768
1564,25456,2052
1565,25342,2488
1566,25598,1508
1567,25517,1818
1568,25945,196
1569,25935,236
1570,25920,292
1571,25416,2204
1572,25988,36
1573,22263,15116
1574,25954,164
1575,14982,53718
1576,23441,10088
1577,21407,18934
1578,22773,12908
1579,14742,55296
1580,25949,180
1581,25904,352
1582,24705,4972
1583,20751,21970
1584,25997,0
1585,25886,418
1586,25582,1572
1587,25962,132
1588,25920,290
1589,14765,55144
1590,25780,820
1591,25984,52
1592,25997,0
1593,25932,244
1594,21902,16708
1595,25272,2760
1596,16185,46194
1597,25896,380
1598,25935,236
1599,25958,148
1600,25910,328
1601,25951,176
1602,25960,140
1603,25951,176
1604,25457,2048
1605,25964,124
1606,25975,84
1607,25938,224
1608,25991,24
1609,25974,88
1610,25916,304
1611,25997,0
1612,25935,236
1613,25997,0
1614,25969,108
1615,25930,252
1616,25813,694
1617,25251,2840
1618,25871,474
1619,25919,296
1620,25990,28
1621,25943,204
1622,25889,406
1623,25951,176
1624,25957,152
1625,25913,316
1626,25997,0
1627,24103,7374
1628,25916,304
1629,25997,0
1630,25963,128
1631,25916,304
1632,25779,824
1633,25997,0
1634,25946,193
1635,24822,4510
1636,25965,120
1637,25954,164
1638,25988,36
1639,25990,28
1640,23787,8662
1641,24093,7416
1642,24214,6926
1643,25965,120
1644,23690,9060
1645,25799,748
1646,25720,1044
1647,25884,428
1648,25570,1614
1649,25873,468
1650,25711,1078
1651,18997,30576
1652,25825,650
1653,25959,144
1654,25896,380
1655,25997,0
1656,25888,412
1657,25413,2216
1658,25985,48
1659,25985,48
1660,25981,60
1661,25912,320
1662,25931,248
1663,25370,2380
1664,25990,28
1665,25953,168
1666,25700,1122
1667,25928,260
1668,25956,156
1669,18039,35620
1670,25968,112
1671,25953,168
1672,25908,336
1673,25740,970
1674,25981,60
1675,24237,6836
1676,25892,396
1677,25953,168
1678,24936,4064
1679,23976,7888
1680,20686,22276
1681,25924,276
1682,21255,19632
1683,23512,9796
1684,25305,2632
1685,25983,56
1686,24803,4586
1687,25969,108
1688,25920,292
1689,24735,4852
1690,22021,16180
1691,25928,260
1692,25984,52
1693,24160,7144
1694,25855,534
1695,25888,412
1696,25985,48
1697,25961,136
1698,21916,16646
1699,25825,648
1700,25940,216
1701,25956,156
1702,25954,162
1703,25983,56
1704,23868,8330
1705,25766,872
1706,25833,620
1707,25978,72
1708,25951,176
1709,25976,82
1710,25944,200
1711,25990,28
1712,25965,120
1713,25985,48
1714,25964,124
1715,25398,2272
1716,25970,104
1717,25784,804
1718,25957,152
1719,25997,0
1720,25972,96
1721,25935,236
1722,25997,0
1723,25914,312
1724,25913,316
1725,25070,3542
1726,25977,76
1727,24885,4264
1728,24915,4144
1729,25522,1800
1730,25984,52
1731,24734,4854
1732,25304,2636
1733,25975,84
1734,23305,10658
1735,25798,750
1736,25937,228
1737,25121,3342
1738,25955,160
1739,25983,56
1740,20679,22308
1741,25951,176
1742,25969,108
1743,24227,6874
1744,22066,15980
1745,14147,59306
1746,25931,248
1747,25147,3240
1748,25997,0
1749,25903,356
1750,24254,6766
1751,25916,307
1752,25976,80
1753,25170,3152
1754,22495,14106
1755,25899,368
1756,21967,16418
1757,25959,144
1758,25997,0
1759,15363,51274
1760,25985,48
1761,25687,1170
1762,25796,760
1763,23808,8574
1764,25543,1720
1765,25793,768
1766,24985,3870
1767,25985,48
1768,25948,184
1769,25371,2378
1770,25901,364
1771,25328,2544
1772,25872,472
1773,25975,84
1774,25593,1528
1775,25963,128
1776,25687,1172
1777,25991,24
1778,24611,5342
1779,25931,248
1780,25949,180
1781,25968,112
1782,25980,64
1783,25819,672
1784,14019,60194
1785,25972,96
1786,25448,2082
1787,25928,260
1788,25050,3620
1789,25932,244
1790,25936,232
1791,20075,25196
1792,25920,290
1793,25922,284
1794,25975,84
1795,25958,148
1796,25919,296
1797,25997,0
1798,25873,466
1799,24295,6600
1800,25997,0
1801,24559,5546
1802,25975,84
1803,25955,160
1804,25961,136
1805,25997,0
1806,25881,437
1807,25931,248
1808,25832,624
1809,19755,26766
1810,24825,4498
1811,25936,232
1812,25957,152
1813,25970,104
1814,25980,64
1815,25977,76
1816,25954,164
1817,24696,5006
1818,25971,98
1819,25781,816
1820,25703,1112
1821,21937,16552
1822,24884,4268
1823,25985,48
1824,25970,104
1825,25991,24
1826,25970,104
1827,1904,254786
1828,25753,920
1829,20322,24008
1830,25963,130
1831,25961,136
1832,25960,140
1833,25939,220
1834,25984,52
1835,25921,288
1836,21382,19048
1837,25964,124
1838,25997,0
1839,25937,228
1840,25991,24
1841,25446,2088
1842,24699,4992
1843,8476,109234
1844,25854,540
1845,25991,24
1846,24957,3980
1847,21121,20248
1848,25418,2198
1849,25926,268
1850,25961,136
1851,24413,6130
1852,19214,29470
1853,25957,152
1854,25991,24
1855,25960,140
1856,21914,16654
1857,24190,7022
1858,25131,3302
1859,25806,720
1860,25959,144
1861,24746,4810
1862,25981,60
1863,23324,10576
1864,25963,128
1865,25923,280
1866,25504,1866
1867,25919,296
1868,25919,296
1869,25898,374
1870,25947,188
1871,21906,16692
1872,25969,108
1873,25916,304
1874,25061,3576
1875,23996,7808
1876,25970,104
1877,24342,6412
1878,25985,48
1879,25426,2168
1880,25990,28
1881,25944,200
1882,25549,1696
1883,25949,180
1884,25231,2916
1885,17770,37084
1886,25961,136
1887,25238,2890
1888,25897,376
1889,25915,308
1890,25956,156
1891,22453,14288
1892,25805,726
1893,25976,80
1894,25928,260
1895,15295,51702
1896,25511,1842
1897,25111,3380
1898,25984,52
1899,25905,348
1900,25985,48
1901,25977,76
1902,25713,1072
1903,25955,160
1904,25969,108
1905,25442,2104
1906,25547,1704
1907,22770,12918
1908,25978,72
1909,25945,196
1910,25579,1580
1911,25925,272
1912,25962,132
1913,25791,778
1914,25861,512
1915,25415,2208
1916,25902,360
1917,25940,216
1918,25124,3330
1919,21400,18970
1920,25991,24
1921,25910,330
1922,25463,2024
1923,25073,3528
1924,25005,3794
1925,25938,224
1926,25379,2346
1927,25938,224
1928,25131,3304
1929,25990,28
1930,25900,366
1931,25655,1292
1932,25108,3394
1933,25997,0
1934,25511,1840
1935,25852,548
1936,25951,176
1937,25940,214
1938,25688,1168
1939,24883,4272
1940,25898,372
1941,25920,292
1942,25804,728
1943,25981,60
1944,25959,144
1945,25489,1924
1946,25909,332
1947,25944,200
1948,25928,260
1949,25991,24
1950,25997,0
1951,25895,384
1952,25946,192
1953,25236,2896
1954,25997,0
1955,25965,120
1956,25829,632
1957,25978,72
1958,25949,180
1959,25961,138
1960,25972,96
1961,18589,32694
1962,25585,1560
1963,24056,7566
1964,152,500948
1965,25945,196
1966,25925,272
1967,23330,10552
1968,19162,29734
1969,24818,4526
1970,25916,304
1971,25988,36
1972,25918,300
1973,24519,5705
1974,19712,26978
1975,25929,256
1976,25915,308
1977,25997,0
1978,25274,2752
1979,25931,248
1980,25934,240
1981,24673,5096
1982,25907,340
1983,25929,256
1984,25871,476
1985,25964,124
1986,25990,28
1987,25951,176
1988,25952,172
1989,25943,204
1990,25901,362
1991,22959,12114
1992,23617,9358
1993,25943,204
1994,25852,548
1995,25264,2788
1996,25925,272
1997,25985,48
1998,25922,284
1999,25983,56
2000,25899,370
2001,24969,3934
2002,24823,4504
2003,24938,4056
2004,25502,1876
2005,25842,584
2006,25931,248
2007,25209,3000
2008,25972,96
2009,25919,296
2010,24000,7792
2011,25972,96
2012,25886,420
2013,25002,3804
2014,25893,392
2015,25396,2280
2016,25997,0
2017,25642,1340
2018,25970,104
2019,25357,2430
2020,24310,6542
2021,25955,160
2022,23817,8538
2023,16936,41772
2024,25913,316
2025,25971,100
2026,23727,8908
2027,25961,138
2028,25988,36
2029,25997,0
2030,25916,304
2031,25787,792
2032,25265,2784
2033,25043,3644
2034,25576,1592
2035,25857,528
2036,25997,0
2037,25980,64
2038,25957,152
2039,25844,576
2040,19599,27538
2041,25687,1172
2042,25945,196
2043,25418,2196
2044,25984,52
2045,25945,196
2046,25927,264
2047,25990,28
2048,25972,96
2049,25930,254
2050,25711,1080
2051,25935,236
2052,25932,244
2053,25935,236
2054,25936,232
2055,25943,204
2056,24298,6588
2057,13012,67460
2058,25919,296
2059,25972,96
2060,25808,712
2061,25949,180
2062,25997,0
2063,25945,198
2064,24439,6024
2065,25927,264
2066,25944,200
2067,25972,96
2068,25984,52
2069,25724,1032
2070,25965,120
2071,25969,108
2072,19122,29940
2073,25348,2464
2074,25880,440
2075,25430,2152
2076,25990,28
2077,25858,524
2078,25974,88
2079,25553,1680
2080,25957,152
2081,25919,294
2082,25957,152
2083,25936,232
2084,25945,196
2085,25434,2136
2086,25939,220
2087,25907,340
2088,25932,244
2089,20049,25324
2090,25925,272
2091,25503,1872
2092,25997,0
2093,25353,2446
2094,25958,148
2095,25978,72
2096,25302,2644
2097,25971,100
2098,25728,1016
2099,25997,0
2100,24670,5108
2101,25811,702
2102,25965,120
2103,25943,204
2104,25255,2824
2105,25962,132
2106,25918,298
2107,25104,3410
2108,25985,48
2109,25798,750
2110,25985,48
2111,25991,24
2112,25965,120
2113,25953,168
2114,23527,9732
2115,25733,998
2116,24554,5568
2117,25990,28
2118,25959,144
2119,25920,292
2120,25243,2870
2121,25937,226
2122,25959,144
2123,24761,4748
2124,25308,2620
2125,24505,5764
2126,8939,104052
2127,25978,72
2128,19188,29602
2129,22338,14788
2130,24456,5958
2131,25985,48
2132,25985,48
2133,24927,4100
2134,24315,6520
2135,25957,152
2136,25933,241
2137,25930,252
2138,25960,140
2139,25981,60
2140,25971,100
2141,25957,152
2142,25463,2026
2143,25353,2448
2144,25934,240
2145,23165,11244
2146,25860,516
2147,25997,0
2148,25977,76
2149,25912,320
2150,25964,124
2151,25435,2132
2152,25970,104
2153,25972,96
2154,25778,826
2155,25972,96
2156,25963,128
2157,25924,276
2158,9153,101752
2159,25697,1134
2160,25917,302
2161,25985,48
2162,25961,136
2163,19880,26150
2164,24978,3900
2165,25331,2532
2166,24542,5616
2167,25577,1590
2168,25935,236
2169,25171,3148
2170,23208,11064
2171,25978,72
2172,25964,124
2173,25997,0
2174,15438,50796
2175,25878,448
2176,24629,5272
2177,25984,52
2178,20600,22684
2179,25991,24
2180,25948,184
2181,25956,156
2182,25929,256
2183,25951,176
2184,25222,2950
2185,25947,188
2186,25975,84
2187,25963,128
2188,15720,49030
2189,25889,408
2190,25898,372
2191,25997,0
2192,25902,360
2193,25760,896
2194,25759,898
2195,25991,24
2196,24086,7444
2197,25983,56
2198,25770,856
2199,25936,232
2200,25840,592
2201,24685,5048
2202,25914,312
2203,25681,1192
2204,25946,194
2205,25931,248
2206,25970,104
2207,25943,204
2208,25258,2814
2209,24336,6438
2210,25985,48
2211,25947,188
2212,25940,216
2213,25963,128
2214,25916,304
2215,25946,192
2216,25906,344
2217,25957,152
2218,25942,208
2219,25985,48
2220,25778,828
2221,19307,29000
2222,25946,192
2223,25991,24
2224,24363,6330
2225,25896,380
2226,21847,16952
2227,23517,9774
2228,25922,282
2229,25739,972
2230,25341,2492
2231,25964,124
2232,25893,392
2233,25991,24
2234,25799,748
2235,25997,0
2236,3336,200112
2237,25456,2050
2238,25457,2046
2239,24818,4526
2240,25845,574
2241,25953,168
2242,25965,120
2243,25956,156
2244,25964,124
2245,25948,184
2246,22092,15866
2247,25809,708
2248,24194,7006
2249,25943,204
2250,25933,242
2251,25853,544
2252,25936,231
2253,25894,388
2254,25812,696
2255,25934,240
2256,25944,200
2257,23517,9772
2258,24993,3842
2259,25905,348
2260,22999,11946
2261,25808,712
2262,25911,324
2263,23089,11564
2264,25857,528
2265,23970,7914
2266,23894,8224
2267,25927,264
2268,25956,156
2269,25984,52
2270,25366,2396
2271,25991,24
2272,25952,172
2273,23065,11664
2274,25985,48
2275,25482,1952
2276,25965,120
2277,23143,11336
2278,25948,184
2279,25537,1742
2280,25882,432
2281,25963,128
2282,24162,7136
2283,25991,24
2284,2806,216976
2285,24208,6950
2286,25282,2718
2287,25983,56
2288,25991,24
2289,25800,744
2290,25914,312
2291,24982,3882
2292,25300,2652
2293,25970,104
2294,25932,244
2295,25903,356
2296,23796,8624
2297,25938,224
2298,25807,716
2299,25906,344
2300,23699,9024
2301,25221,2954
2302,25985,48
2303,25977,76
2304,25984,52
2305,24213,6930
2306,25920,292
2307,25985,48
2308,25977,76
2309,25896,380
2310,25192,3068
2311,25990,28
2312,25750,934
2313,25960,140
2314,25997,0
2315,25916,304
2316,25973,92
2317,25965,120
2318,24096,7404
2319,25604,1488
2320,17511,38516
2321,23809,8572
2322,25953,168
2323,25955,158
2324,15002,53588
2325,19933,25888
2326,25577,1590
2327,19451,28278
2328,25941,212
2329,24599,5388
2330,25752,924
2331,25928,260
2332,25988,36
2333,23965,7936
2334,25172,3144
2335,25985,48
2336,25959,144
2337,24409,6146
2338,25945,196
2339,25912,322
2340,24647,5200
2341,25930,252
2342,25495,1902
2343,25964,124
2344,25976,80
2345,24310,6540
2346,24168,7112
2347,25971,100
2348,1440,281988
2349,25726,1024
2350,25293,2678
2351,25959,144
2352,18045,35588
2353,25976,80
2354,25685,1180
2355,25976,80
2356,23214,11038
2357,25237,2892
2358,25926,268
2359,25086,3478
2360,25392,2296
2361,24892,4234
2362,25975,84
2363,24398,6188
2364,25890,404
2365,25908,336
2366,25820,668
2367,25945,196
2368,24966,3944
2369,25905,348
2370,25810,704
2371,25990,28
2372,25963,128
2373,25948,184
2374,23644,9248
2375,25980,64
2376,25887,416
2377,25921,288
2378,25893,394
2379,24124,7290
2380,25897,376
2381,25964,124
2382,25530,1768
2383,25746,948
2384,25991,24
2385,25566,1630
2386,25983,56
2387,25977,76
2388,25850,556
2389,25990,28
2390,18339,34012
2391,22793,12820
2392,25931,248
2393,22991,11980
2394,25934,240
2395,23383,10330
2396,25997,0
2397,25914,312
2398,25853,544
2399,25885,422
2400,10674,86762
2401,22706,13194
2402,22467,14227
2403,25953,168
2404,25832,622
2405,25976,80
2406,25832,622
2407,25944,200
2408,25978,72
2409,25921,288
2410,25913,318
2411,25984,52
2412,25948,186
2413,25476,1974
2414,25745,952
2415,25967,116
2416,25968,112
2417,25997,0
2418,25065,3560
2419,25963,128
2420,25468,2004
2421,25988,36
2422,25918,300
2423,23524,9744
2424,25887,416
2425,25931,248
2426,25618,1434
2427,25124,3330
2428,25963,128
2429,25971,100
2430,25971,100
2431,25470,1996
2432,25918,300
2433,25289,2694
2434,25962,132
2435,25318,2580
2436,25972,96
2437,25990,28
2438,23587,9482
2439,22396,14532
2440,25983,56
2441,24775,4696
2442,25983,56
2443,25753,920
2444,25953,168
2445,25884,428
2446,25983,56
2447,25179,3118
2448,25333,2522
2449,24113,7336
2450,25924,276
2451,25948,184
2452,23791,8646
2453,25925,272
2454,25971,100
2455,25925,272
2456,25924,274
2457,25922,284
2458,25823,656
2459,24785,4654
2460,25905,349
2461,24689,5034
2462,25961,136
2463,25443,2100
2464,21296,19442
2465,25969,108
2466,21848,16948
2467,25927,264
2468,25231,2916
2469,21844,16966
2470,25929,256
2471,25093,3452
2472,25991,24
2473,25112,3376
2474,25918,300
2475,25252,2836
2476,25957,152
2477,25980,64
2478,25947,190
2479,25892,396
2480,25988,36
2481,25929,256
2482,25991,24
2483,25959,144
2484,25207,3008
2485,25990,28
2486,21055,20552
2487,25873,468
2488,25984,52
2489,25938,224
2490,25744,954
2491,25512,1836
2492,15277,51816
2493,25991,24
2494,24977,3902
2495,25689,1164
2496,25836,608
2497,25901,364
2498,25912,320
2499,25300,2652
2500,15290,51736
2501,25929,256
2502,24596,5402
2503,25853,544
2504,25976,80
2505,24797,4606
2506,25990,28
2507,25401,2264
2508,25990,28
2509,25914,312
2510,25301,2648
2511,25970,104
2512,24509,5748
2513,25221,2954
2514,24913,4153
2515,25701,1118
2516,25991,24
2517,25977,76
2518,25991,24
2519,25476,1976
2520,25064,3564
2521,25935,236
2522,25977,76
2523,25765,876
2524,25923,280
2525,25790,780
2526,25898,372
2527,25963,128
2528,25951,176
2529,25828,636
2530,22943,12184
2531,25352,2450
2532,25719,1048
2533,25991,24
2534,25935,236
2535,24617,5316
2536,25984,52
2537,25997,0
2538,25949,182
2539,25914,312
2540,25497,1896
2541,25862,510
2542,25936,232
2543,25940,216
2544,25206,3012
2545,25186,3090
2546,25997,0
2547,25563,1644
2548,22759,12966
2549,25961,136
2550,21744,17416
2551,25947,188
2552,25997,0
2553,25605,1482
2554,25972,96
2555,25934,240
2556,25978,72
2557,25965,120
2558,1014,316182
2559,21202,19874
2560,25977,76
2561,25668,1244
2562,25997,0
2563,25965,120
2564,25983,56
2565,23912,8152
2566,25394,2290
2567,21719,17526
2568,25949,180
2569,25244,2866
2570,25971,98
2571,25954,164
2572,25002,3804
2573,25991,24
2574,25953,168
2575,25953,168
2576,25965,120
2577,25189,3078
2578,25978,72
2579,25997,0
2580,25926,268
2581,25802,734
2582,25600,1501
2583,25824,654
2584,25953,168
2585,25981,62
2586,25939,220
2587,25978,72
2588,25519,1810
2589,25801,740
2590,25920,292
2591,25688,1168
2592,25960,140
2593,25089,3466
2594,19436,28352
2595,25991,24
2596,25934,237
2597,25955,160
2598,25961,136
2599,25991,24
2600,25778,828
2601,25990,28
2602,23598,9438
2603,25924,276
2604,25991,24
2605,25924,276
2606,25899,368
2607,25857,528
2608,25443,2100
2609,25971,100
2610,25931,250
2611,25925,272
2612,14737,55330
2613,24422,6094
2614,25969,108
2615,25911,324
2616,25889,408
2617,25198,3046
2618,25839,596
2619,23929,8080
2620,24837,4452
2621,25990,28
2622,25958,148
2623,25798,752
2624,25990,28
2625,25589,1544
2626,25990,28
2627,25972,96
2628,25821,664
2629,25844,578
2630,25298,2658
2631,25934,238
2632,25796,758
2633,25929,256
2634,25985,48
2635,25707,1096
2636,25954,164
2637,25915,308
2638,25529,1774
2639,25990,28
2640,24759,4758
2641,25936,232
2642,25930,252
2643,25858,524
2644,25949,180
2645,25938,222
2646,25846,570
2647,24983,3880
2648,25997,0
2649,25158,3198
2650,25957,152
2651,25985,48
2652,25963,128
2653,22956,12126
2654,25699,1126
2655,25582,1572
2656,25010,3776
2657,25171,3148
2658,19681,27132
2659,25824,652
2660,23212,11044
2661,25991,24
2662,25973,92
2663,25935,236
2664,24655,5168
2665,25980,64
2666,25988,36
2667,25385,2322
2668,24168,7112
2669,25709,1086
2670,25875,460
2671,25283,2716
2672,25207,3008
2673,25931,248
2674,23412,10210
2675,25976,80
2676,25997,0
2677,25997,0
2678,25990,28
2679,25376,2360
2680,25969,108
2681,25925,272
2682,21662,17784
2683,25945,196
2684,25210,2996
2685,25984,52
2686,25990,28
2687,25968,112
2688,25961,136
2689,25953,168
2690,25620,1424
2691,25963,128
2692,18426,33550
2693,25974,88
2694,24912,4156
2695,14987,53684
2696,23189,11144
2697,25911,324
2698,25983,56
2699,25428,2160
2700,25023,3724
2701,25626,1402
2702,25953,166
2703,25477,1972
2704,25968,112
2705,25265,2786
2706,25937,228
2707,25872,472
2708,25964,124
2709,25943,204
2710,24879,4286
2711,25931,248
2712,25978,72
2713,21925,16608
2714,25936,232
2715,25895,384
2716,25556,1670
2717,25919,296
2718,25800,744
2719,25925,272
2720,25562,1648
2721,25971,100
2722,25948,184
2723,25977,76
2724,25949,180
2725,25833,620
2726,25997,0
2727,25991,24
2728,23040,11770
2729,25415,2210
2730,25977,76
2731,25118,3356
2732,25978,72
2733,25991,24
2734,25943,204
2735,25886,420
2736,25969,108
2737,25943,204
2738,25191,3072
2739,16659,43380
2740,25958,148
2741,25772,850
2742,25760,894
2743,25954,162
2744,24434,6044
2745,25952,172
2746,25297,2664
2747,25988,36
2748,25991,24
2749,25932,246
2750,25313,2602
2751,25884,426
2752,25988,36
2753,25896,380
2754,25926,268
2755,25929,258
2756,25824,652
2757,25770,856
2758,25058,3586
2759,25985,48
2760,14666,55798
2761,24846,4416
2762,25991,24
2763,24841,4434
2764,25997,0
2765,23865,8342
2766,25825,650
2767,12640,70286
2768,25970,104
2769,25948,184
2770,25978,72
2771,25697,1132
2772,24489,5826
2773,25941,212
2774,22427,14400
2775,25354,2444
2776,25906,342
2777,25981,60
2778,25997,0
2779,25888,410
2780,25964,126
2781,25921,286
2782,25990,28
2783,25943,206
2784,25929,256
2785,25562,1648
2786,25991,24
2787,25977,76
2788,25924,276
2789,22186,15454
2790,25978,72
2791,25816,682
2792,25978,72
2793,25951,176
2794,25923,278
2795,25773,846
2796,25925,272
2797,21469,18654
2798,25977,76
2799,25997,0
2800,25940,214
2801,24216,6920
2802,25849,558
2803,22580,13738
2804,25959,144
2805,4316,175024
2806,25152,3222
2807,25983,56
2808,1142,304623
2809,23182,11174
2810,25101,3422
2811,25961,136
2812,25997,0
2813,25247,2856
2814,25504,1866
2815,25004,3796
2816,25909,332
2817,25930,252
2818,25991,24
2819,25941,212
2820,25805,724
2821,25963,128
2822,25978,72
2823,23371,10382
2824,25453,2064
2825,25983,56
2826,25737,980
2827,25895,384
2828,22588,13700
2829,25843,580
2830,25990,28
2831,25984,52
2832,19826,26416
2833,25956,156
2834,25964,124
2835,25252,2836
2836,25955,160
2837,25964,124
2838,25965,120
2839,25762,888
2840,25955,160
2841,24500,5784
2842,24845,4420
2843,25920,292
2844,25719,1048
2845,25919,294
2846,9048,102872
2847,25978,72
2848,25983,56
2849,25873,468
2850,25621,1420
2851,12531,71132
2852,21837,16996
2853,25931,248
2854,25562,1648
2855,24987,3864
2856,25963,128
2857,25845,572
2858,25929,256
2859,25949,180
2860,23132,11384
2861,25760,896
2862,25985,48
2863,25119,3350
2864,25954,164
2865,25609,1468
2866,25779,822
2867,25200,3038
2868,25985,48
2869,25941,212
2870,25548,1698
2871,25941,212
2872,25991,24
2873,25974,88
2874,25414,2214
2875,25944,200
2876,25629,1390
2877,25429,2154
2878,25991,24
2879,18677,32234
2880,25975,84
2881,25875,461
2882,13277,65494
2883,25997,0
2884,25988,36
2885,25945,196
2886,25657,1284
2887,25844,578
2888,25997,0
2889,25958,148
2890,25903,356
2891,25962,132
2892,25155,3212
2893,25849,558
2894,25977,76
2895,25962,132
2896,25929,258
2897,25573,1606
2898,25842,584
2899,25562,1648
2900,25892,396
2901,25958,148
2902,25644,1336
2903,25984,52
2904,25955,160
2905,25953,168
2906,25892,396
2907,25958,148
2908,25984,52
2909,25121,3344
2910,25938,224
2911,25941,212
2912,25978,72
2913,24856,4376
2914,25934,240
2915,25981,60
2916,25803,732
2917,25922,284
2918,25964,124
2919,25997,0
2920,25823,656
2921,25521,1802
2922,25936,230
2923,25985,48
2924,25991,24
2925,25991,24
2926,25911,324
2927,25990,28
2928,25943,204
2929,25936,232
2930,25988,36
2931,25977,76
2932,25902,360
2933,25976,80
2934,25961,136
2935,25879,446
2936,25595,1520
2937,22858,12542
2938,5557,150396
2939,25939,220
2940,25997,0
2941,25965,120
2942,24625,5288
2943,25972,96
2944,25983,56
2945,25870,480
2946,25820,668
2947,25952,170
2948,24849,4404
2949,25919,296
2950,24635,5248
2951,25846,568
2952,25962,134
2953,25945,196
2954,25997,0
2955,20612,22624
2956,24171,7100
2957,25218,2968
2958,25990,28
2959,25985,48
2960,25943,204
2961,25948,184
2962,25896,380
2963,25997,0
2964,19720,26936
2965,25153,3220
2966,25935,236
2967,25985,48
2968,25967,116
2969,25901,364
2970,25991,24
2971,25248,2850
2972,25704,1106
2973,25977,76
2974,25997,0
2975,25990,28
2976,25931,248
2977,25932,244
2978,25952,172
2979,25963,128
2980,25927,264
2981,25803,730
2982,25930,253
2983,25222,2950
2984,25803,732
2985,25924,276
2986,25964,124
2987,25925,272
2988,13589,63232
2989,25956,156
2990,25948,184
2991,25943,204
2992,25991,24
2993,25938,224
2994,25981,60
2995,25773,844
2996,25553,1682
2997,25983,56
2998,25848,562
2999,25903,356
3000,25976,80
3001,25961,136
3002,25952,172
3003,24591,5422
3004,25966,118
3005,25478,1968
3006,23886,8258
3007,25952,172
3008,25595,1522
3009,25984,52
3010,23773,8718
3011,25912,320
3012,25955,160
3013,25990,28
3014,25984,52
3015,22693,13250
3016,25976,80
3017,25952,172
3018,25856,532
3019,25984,52
3020,25817,678
3021,23325,10572
3022,20354,23852
3023,25960,140
3024,25991,24
3025,25850,556
3026,25977,76
3027,25985,48
3028,25058,3586
3029,25962,134
3030,25964,124
3031,25990,28
3032,25985,48
3033,25949,180
3034,25255,2824
3035,25977,76
3036,25901,364
3037,25946,194
3038,25431,2146
3039,25963,128
3040,25972,96
3041,25763,884
3042,25231,2918
3043,25984,52
3044,25484,1946
3045,25819,670
3046,25978,72
3047,24026,7688
3048,25877,452
3049,25908,336
3050,25910,328
3051,25875,462
3052,24746,4808
3053,25930,254
3054,19768,26698
3055,25672,1228
3056,23274,10786
3057,25907,340
3058,23733,8884
3059,24336,6438
3060,25970,104
3061,25997,0
3062,25976,80
3063,25997,0
3064,21599,18068
3065,25997,0
3066,25956,156
3067,25107,3398
3068,21851,16934
3069,25970,104
3070,25957,152
3071,25766,872
3072,11512,79400
3073,25978,72
3074,25829,634
3075,25945,196
3076,25997,0
3077,25874,464
3078,25363,2408
3079,3336,200114
3080,25431,2148
3081,25971,100
3082,22715,13156
3083,25951,176
3084,23541,9676
3085,25853,544
3086,25867,492
3087,25564,1638
3088,25882,432
3089,25959,144
3090,25792,772
3091,24699,4994
3092,25964,124
3093,25927,264
3094,25985,48
3095,19090,30104
3096,25991,24
3097,25985,48
3098,24520,5704
3099,25891,400
3100,25978,72
3101,25954,162
3102,25202,3030
3103,25984,52
3104,25938,224
3105,25646,1326
3106,25945,196
3107,25928,260
3108,25705,1104
3109,24470,5902
3110,25967,116
3111,25972,96
3112,25964,124
3113,25938,224
3114,20532,23002
3115,25997,0
3116,25552,1684
3117,25972,96
3118,24548,5590
3119,25977,76
3120,25581,1574
3121,25887,414
3122,25931,248
3123,25984,52
3124,25925,272
3125,25963,128
3126,13546,63538
3127,25510,1846
3128,25568,1622
3129,25841,588
3130,23191,11134
3131,25942,208
3132,25991,24
3133,25921,288
3134,23094,11542
3135,23256,10860
3136,25233,2910
3137,25879,444
3138,25943,204
3139,25971,100
3140,25923,280
3141,25926,268
3142,25968,110
3143,25892,398
3144,25978,72
3145,25981,60
3146,25381,2340
3147,24288,6628
3148,25975,84
3149,25916,304
3150,25921,288
3151,25985,48
3152,25991,24
3153,25910,328
3154,25929,256
3155,25920,292
3156,25420,2190
3157,25940,216
3158,13915,60918
3159,25988,36
3160,25956,156
3161,25746,946
3162,15585,49876
3163,25971,100
3164,25991,24
3165,25802,736
3166,25857,528
3167,25969,108
3168,25561,1652
3169,25799,746
3170,25955,158
3171,25459,2040
3172,25972,96
3173,25877,452
3174,25969,108
3175,24994,3836
3176,25915,308
3177,25997,0
3178,25980,64
3179,25990,28
3180,25520,1806
3181,25910,328
3182,25858,524
3183,25709,1088
3184,25997,0
3185,25895,386
3186,25997,0
3187,24178,7070
3188,25997,0
3189,25361,2414
3190,25988,36
3191,25970,104
3192,25952,172
3193,25991,24
3194,25957,152
3195,25954,162
3196,25977,76
3197,25984,52
3198,25984,52
3199,25752,924
3200,25097,3434
3201,25997,0
3202,25971,100
3203,25983,56
3204,25186,3092
3205,25981,60
3206,25877,452
3207,25975,84
3208,25972,96
3209,25030,3696
3210,25997,0
3211,25824,652
3212,25985,48
3213,25978,72
3214,25904,352
3215,25991,24
3216,25965,120
3217,25944,200
3218,25985,48
3219,25445,2092
3220,24768,4720
3221,25991,24
3222,25851,550
3223,25791,778
3224,25595,1522
3225,25970,104
3226,25570,1616
3227,25432,2144
3228,25967,116
3229,25927,264
3230,25777,830
3231,24964,3952
3232,24047,7600
3233,25633,1376
3234,25962,132
3235,24495,5804
3236,24605,5364
3237,24834,4462
3238,25906,342
3239,25834,616
3240,25965,120
3241,25715,1064
3242,25965,120
3243,25971,100
3244,25997,0
3245,25774,840
3246,25958,148
3247,25941,212
3248,25975,84
3249,25984,52
3250,25177,3126
3251,25949,180
3252,25975,84
3253,25918,300
3254,23584,9496
3255,25894,388
3256,25790,780
3257,25977,76
3258,25000,3812
3259,25867,492
3260,25965,120
3261,25918,300
3262,24906,4180
3263,25901,362
3264,25967,116
3265,24653,5176
3266,22288,15004
3267,25980,64
3268,20655,22424
3269,24089,7432
3270,25975,84
3271,25977,76
3272,25968,112
3273,9738,95712
3274,25720,1044
3275,25997,0
3276,23687,9070
3277,25975,84
3278,23090,11558
3279,25965,120
3280,25978,72
3281,25937,228
3282,25961,136
3283,24956,3986
3284,25983,56
3285,25964,124
3286,25168,3162
3287,25889,408
3288,25980,64
3289,25955,158
3290,25978,72
3291,25975,84
3292,25490,1920
3293,24848,4406
3294,25969,108
3295,25997,0
3296,25965,120
3297,25984,52
3298,25953,168
3299,25867,492
3300,25505,1864
3301,25971,100
3302,25958,148
3303,25997,0
3304,25949,180
3305,23901,8196
3306,23830,8484
3307,25922,284
3308,25969,108
3309,25974,88
3310,25839,596
3311,25967,116
3312,20985,20876
3313,25972,96
3314,25706,1100
3315,25726,1024
3316,25969,108
3317,25952,172
3318,25928,260
3319,25997,0
3320,25962,132
3321,25978,72
3322,20000,25564
3323,25958,148
3324,23970,7916
3325,25972,96
3326,25871,476
3327,19583,27616
3328,25823,656
3329,25959,144
3330,25844,576
3331,25738,978
3332,25872,473
3333,25956,156
3334,17699,37476
3335,25939,218
3336,25954,164
3337,25923,280
3338,25915,308
3339,23404,10244
3340,24876,4298
3341,25918,300
3342,25978,72
3343,25792,772
3344,25969,108
3345,22164,15550
3346,25676,1212
3347,25972,96
3348,25921,288
3349,25974,88
3350,24682,5062
3351,25884,428
3352,25991,24
3353,25517,1820
3354,24121,7300
3355,25037,3668
3356,25978,72
3357,25953,168
3358,25981,60
3359,25924,276
3360,25976,80
3361,25942,208
3362,25980,64
3363,25223,2946
3364,25352,2450
3365,25613,1454
3366,25990,28
3367,25115,3366
3368,25946,192
3369,25957,152
3370,25804,728
3371,25723,1036
3372,21719,17526
3373,23933,8064
3374,25910,330
3375,25976,80
3376,22813,12736
3377,25984,52
3378,25990,28
3379,25888,412
3380,25391,2302
3381,25877,452
3382,25892,396
3383,25984,52
3384,22006,16246
3385,25830,628
3386,25970,104
3387,25302,2644
3388,25551,1688
3389,25940,216
3390,25962,132
3391,25939,220
3392,25332,2528
3393,25988,36
3394,7641,119352
3395,25958,148
3396,25003,3802
3397,25774,840
3398,25953,168
3399,25464,2020
3400,25978,72
3401,25944,200
3402,25978,72
3403,25985,48
3404,25555,1674
3405,25705,1102
3406,25957,152
3407,25972,96
3408,25962,132
3409,25891,400
3410,25317,2584
3411,25990,28
3412,24901,4198
3413,24064,7532
3414,25991,24
3415,24902,4196
3416,25991,24
3417,25990,28
3418,25970,104
3419,24983,3880
3420,25952,172
3421,25520,1808
3422,25953,168
3423,25972,96
3424,25806,720
3425,25359,2422
3426,25771,852
3427,25523,1796
3428,25894,390
3429,25985,48
3430,25958,148
3431,25960,140
3432,25990,28
3433,16584,43820
3434,23320,10592
3435,25385,2322
3436,966,320920
3437,25927,264
3438,25894,388
3439,24864,4346
3440,25799,748
3441,24214,6926
3442,25911,324
3443,25087,3474
3444,10334,89920
3445,25960,140
3446,25940,216
3447,23541,9674
3448,25876,456
3449,25876,456
3450,24979,3896
3451,25944,200
3452,25920,292
3453,22749,13010
3454,25940,216
3455,25373,2368
3456,25997,0
3457,23228,10980
3458,25960,140
3459,25951,176
3460,25908,336
3461,25846,568
3462,25097,3434
3463,25958,148
3464,15494,50444
3465,25936,232
3466,25975,84
3467,25997,0
3468,25918,298
3469,25446,2088
3470,25958,148
3471,24242,6814
3472,25944,200
3473,25615,1444
3474,25904,352
3475,25596,1516
3476,23868,8328
3477,14070,59838
3478,25926,268
3479,25189,3078
3480,25874,464
3481,25971,100
3482,25894,388
3483,25864,500
3484,25052,3612
3485,25959,144
3486,25963,128
3487,25717,1056
3488,25855,536
3489,25990,28
3490,25977,76
3491,25991,24
3492,25902,360
3493,25991,24
3494,25988,36
3495,25965,120
3496,25977,76
3497,25470,1996
3498,25671,1232
3499,25939,218
3500,25985,48
3501,25743,958
3502,25990,28
3503,25958,148
3504,25895,384
3505,23524,9744
3506,25997,0
3507,25908,336
3508,25997,0
3509,24059,7552
3510,24338,6430
3511,25974,88
3512,25008,3782
3513,25575,1596
3514,25956,156
3515,25896,380
3516,25948,184
3517,25613,1454
3518,24826,4494
3519,25949,182
3520,25935,236
3521,25967,116
3522,21496,18534
3523,25926,268
3524,25879,444
3525,25973,92
3526,25918,300
3527,25906,344
3528,25539,1734
3529,25281,2722
3530,25977,76
3531,24033,7660
3532,25975,84
3533,25991,24
3534,25964,124
3535,25801,738
3536,25981,60
3537,22128,15708
3538,25985,48
3539,20882,21356
3540,25963,128
3541,25967,114
3542,25502,1876
3543,23735,8874
3544,25997,0
3545,25910,328
3546,25976,80
3547,25944,200
3548,25977,76
3549,25983,56
3550,24434,6044
3551,24015,7732
3552,25972,96
3553,25906,344
3554,25058,3588
3555,25946,192
3556,25977,76
3557,25860,518
3558,25981,60
3559,25912,320
3560,25059,3584
3561,25885,424
3562,25969,108
3563,25985,48
3564,21881,16800
3565,25985,48
3566,24889,4248
3567,25991,24
3568,25977,76
3569,25943,206
3570,25972,96
3571,25710,1084
3572,25952,172
3573,25898,372
3574,25972,96
3575,25961,136
3576,24852,4390
3577,25922,285
3578,23776,8706
3579,25932,244
3580,25121,3344
3581,25952,172
3582,25879,444
3583,25925,272
3584,21612,18006
3585,25976,80
3586,25673,1224
3587,25981,62
3588,25942,208
3589,25467,2010
3590,23833,8474
3591,25421,2184
3592,25184,3100
3593,25943,204
3594,25339,2500
3595,25138,3276
3596,25247,2856
3597,25464,2020
3598,25921,288
3599,25734,992
3600,25355,2440
3601,25962,132
3602,25965,120
3603,25984,52
3604,25972,96
3605,25885,424
3606,25961,136
3607,24893,4232
3608,25920,292
3609,25763,884
3610,24306,6556
3611,25990,28
3612,25564,1640
3613,25991,24
3614,25958,148
3615,25962,134
3616,23008,11908
3617,23700,9020
3618,25990,28
3619,25236,2896
3620,25972,96
3621,25893,392
3622,23950,7994
3623,25935,236
3624,24923,4112
3625,25984,52
3626,25972,96
3627,25929,256
3628,25961,136
3629,25945,196
3630,25880,440
3631,25958,148
3632,24854,4386
3633,25978,72
3634,25015,3754
3635,25912,320
3636,25974,88
3637,25857,528
3638,25930,252
3639,25928,260
3640,25923,278
3641,25810,704
3642,25978,72
3643,25997,0
3644,25952,172
3645,25948,184
3646,23659,9186
3647,25962,132
3648,25934,240
3649,25867,492
3650,25521,1802
3651,25963,128
3652,25096,3438
3653,25858,526
3654,25953,168
3655,25422,2182
3656,24071,7504
3657,25971,100
3658,19935,25882
3659,22994,11964
3660,25991,24
3661,25333,2522
3662,25990,28
3663,25991,24
3664,25931,248
3665,25957,150
3666,25953,168
3667,25414,2212
3668,22075,15940
3669,25984,52
3670,25955,160
3671,25972,96
3672,7972,115208
3673,25951,176
3674,25324,2558
3675,25816,682
3676,25713,1072
3677,25988,36
3678,24350,6382
3679,25981,62
3680,25794,764
3681,25414,2212
3682,20424,23516
3683,25935,236
3684,25951,174
3685,25944,200
3686,25920,292
3687,24734,4856
3688,25953,168
3689,25997,0
3690,25976,80
3691,25985,48
3692,25915,308
3693,25882,432
3694,25962,132
3695,25944,200
3696,24544,5608
3697,25893,392
3698,25957,152
3699,25946,192
3700,25961,136
3701,25991,24
3702,25888,412
3703,25294,2672
3704,25988,36
3705,25985,48
3706,25444,2098
3707,25059,3584
3708,21138,20168
3709,25967,116
3710,25938,222
3711,25884,428
3712,25889,408
3713,25238,2888
3714,25929,256
3715,25997,0
3716,3469,196328
3717,23173,11212
3718,25938,224
3719,25976,80
3720,25964,124
3721,21649,17840
3722,25934,240
3723,25907,340
3724,25812,698
3725,25972,96
3726,25957,152
3727,25723,1036
3728,23629,9312
3729,25522,1800
3730,25997,0
3731,25962,134
3732,25921,286
3733,25980,64
3734,25984,52
3735,25935,236
3736,25959,144
3737,25817,680
3738,25970,104
3739,25964,124
3740,25991,24
3741,25938,224
3742,25706,1098
3743,24532,5656
3744,25944,200
3745,25928,260
3746,25976,80
3747,25722,1038
3748,25707,1094
3749,25972,96
3750,24774,4698
3751,25981,60
3752,25590,1540
3753,24717,4924
3754,25969,108
3755,25954,164
3756,23687,9072
3757,25939,220
3758,25543,1720
3759,25915,308
3760,25863,504
3761,25010,3776
3762,25912,320
3763,25984,52
3764,18485,33242
3765,22253,15158
3766,25926,268
3767,25304,2636
3768,25965,120
3769,22936,12212
3770,25980,64
3771,25101,3420
3772,24472,5894
3773,25975,84
3774,25983,56
3775,24712,4942
3776,25991,24
3777,25679,1200
3778,25188,3082
3779,24695,5010
3780,25997,0
3781,25978,72
3782,25997,0
3783,25981,60
3784,25943,204
3785,5228,156328
3786,25948,184
3787,25971,100
3788,25984,52
3789,25971,100
3790,25251,2840
3791,25766,872
3792,25922,284
3793,25973,92
3794,25910,328
3795,25222,2952
3796,25309,2614
3797,25997,0
3798,25218,2966
3799,25745,950
3800,25964,124
3801,25758,900
3802,25963,128
3803,25997,0
3804,25953,168
3805,25991,24
3806,25964,124
3807,25964,124
3808,25991,24
3809,25919,296
3810,25888,412
3811,25971,98
3812,25985,48
3813,25961,136
3814,12161,74056
3815,25976,80
3816,25912,320
3817,24961,3966
3818,25919,296
3819,24635,5248
3820,25944,200
3821,25977,76
3822,25970,104
3823,25970,104
3824,25976,80
3825,25985,48
3826,25962,132
3827,25953,168
3828,22169,15528
3829,25968,110
3830,25881,436
3831,25921,288
3832,25940,216
3833,25387,2316
3834,25972,96
3835,25921,288
3836,25991,24
3837,22288,15006
3838,25997,0
3839,23945,8014
3840,25929,256
3841,25988,36
3842,25991,24
3843,25881,436
3844,22012,16220
3845,25834,616
3846,23534,9704
3847,25440,2112
3848,25985,48
3849,25892,398
3850,25991,24
3851,25997,0
3852,19644,27312
3853,25923,278
3854,25964,124
3855,22931,12234
3856,25450,2076
3857,25319,2578
3858,25942,208
3859,25736,986
3860,25909,332
3861,24825,4496
3862,25858,526
3863,25991,24
3864,25955,160
3865,25878,448
3866,24468,5908
3867,25945,196
3868,25176,3130
3869,25972,96
3870,25911,324
3871,25078,3508
3872,25931,248
3873,24303,6568
3874,25547,1702
3875,18719,32016
3876,25318,2580
3877,25985,48
3878,25936,232
3879,25553,1680
3880,25922,284
3881,25945,196
3882,23043,11758
3883,25985,48
3884,25912,320
3885,25964,124
3886,24853,4388
3887,25941,212
3888,25564,1640
3889,25990,28
3890,24035,7648
3891,25864,500
3892,25963,128
3893,25943,204
3894,16160,46344
3895,25888,412
3896,25948,186
3897,25997,0
3898,25985,48
3899,25855,536
3900,25908,336
3901,25362,2412
3902,25888,412
3903,25967,116
3904,25885,422
3905,24681,5064
3906,25981,62
3907,25937,228
3908,25952,172
3909,25975,84
3910,25792,772
3911,25972,96
3912,19325,28910
3913,25972,96
3914,23046,11744
3915,25526,1782
3916,25890,404
3917,25667,1248
3918,25991,24
3919,25913,316
3920,25894,388
3921,25924,276
3922,25991,24
3923,25956,156
3924,25358,2428
3925,25925,272
3926,25617,1436
3927,25938,224
3928,19811,26486
3929,12507,71320
3930,25915,308
3931,25427,2164
3932,9729,95800
3933,25929,256
3934,25985,48
3935,25909,334
3936,24990,3852
3937,25892,396
3938,25991,24
3939,25255,2824
3940,25865,498
3941,25991,24
3942,25941,212
3943,25984,52
3944,25965,120
3945,25944,200
3946,25940,216
3947,25972,96
3948,25912,320
3949,25165,3172
3950,25565,1634
3951,24841,4434
3952,25920,292
3953,25972,96
3954,25465,2018
3955,25977,76
3956,24547,5596
3957,25919,296
3958,25958,148
3959,25305,2630
3960,25544,1716
3961,25359,2424
3962,25975,84
3963,25970,104
3964,25984,52
3965,25485,1940
3966,11857,76520
3967,23770,8730
3968,18663,32308
3969,25661,1270
3970,23448,10062
3971,24365,6320
3972,25932,244
3973,20762,21920
3974,24967,3940
3975,14459,57184
3976,25523,1794
3977,25326,2552
3978,25967,116
3979,14375,57750
3980,25904,352
3981,25945,196
3982,25926,268
3983,25969,108
3984,25698,1128
3985,25892,396
3986,25928,260
3987,25981,60
3988,25983,56
3989,25951,176
3990,25964,124
3991,25961,136
3992,25838,598
3993,25978,72
3994,25912,320
3995,25576,1594
3996,25977,76
3997,25884,428
3998,25953,168
3999,25944,200
4000,25977,76
4001,25736,984
4002,25799,748
4003,25990,28
4004,25758,900
4005,25972,96
4006,25921,288
4007,25941,212
4008,25983,56
4009,25988,36
4010,25906,344
4011,25978,72
4012,25970,104
4013,25978,72
4014,25919,296
4015,25851,552
4016,25958,148
4017,25967,116
4018,25949,180
4019,25964,124
4020,25878,448
4021,23935,8056
4022,25199,3040
4023,25967,116
4024,25807,716
4025,25990,28
4026,25801,738
4027,25303,2640
4028,25969,108
4029,25978,72
4030,24174,7088
4031,25991,24
4032,25278,2734
4033,25307,2622
4034,21376,19076
4035,25050,3620
4036,25949,180
4037,24545,5604
4038,25984,52
4039,25946,192
4040,25790,782
4041,25984,52
4042,25930,252
4043,24570,5504
4044,25404,2250
4045,25969,108
4046,25959,144
4047,25985,48
4048,25830,630
4049,25944,200
4050,25736,984
4051,22023,16170
4052,25938,224
4053,25931,248
4054,25964,124
4055,25961,136
4056,25504,1868
4057,25985,48
4058,25754,916
4059,25967,116
4060,25990,28
4061,25913,316
4062,25957,152
4063,21373,19090
4064,25910,328
4065,25972,96
4066,23876,8296
4067,25890,404
4068,25991,24
4069,23937,8050
4070,25952,172
4071,25985,48
4072,25452,2068
4073,25046,3634
4074,25997,0
4075,25888,412
4076,25556,1668
4077,25436,2128
4078,25946,192
4079,25952,172
4080,25991,24
4081,25897,376
4082,25964,124
4083,25985,48
4084,23457,10024
4085,25866,494
4086,23729,8898
4087,25962,132
4088,25904,352
4089,25949,180
4090,25921,288
4091,25367,2392
4092,22985,12004
4093,25881,436
4094,23677,9112
4095,25963,128
4096,25962,132
4097,25931,248
4098,24811,4552
4099,25700,1120
4100,25960,140
4101,24774,4698
4102,25728,1016
4103,25991,24
4104,25991,24
4105,21485,18582
4106,25972,96
4107,23754,8798
4108,25887,416
4109,24392,6212
4110,25971,100
4111,25955,160
4112,25977,76
4113,25957,152
4114,25980,64
4115,25962,132
4116,25969,108
4117,25958,148
4118,25942,208
4119,15557,50046
4120,25614,1450
4121,25969,108
4122,25991,24
4123,25984,52
4124,25972,96
4125,25924,276
4126,25911,324
4127,25991,24
4128,25959,144
4129,25930,254
4130,25560,1654
4131,25997,0
4132,25965,122
4133,25965,120
4134,25947,190
4135,22946,12168
4136,25991,24
4137,24085,7448
4138,25909,332
4139,25931,248
4140,25898,372
4141,25968,112
4142,25978,72
4143,25389,2310
4144,25902,360
4145,25886,418
4146,25971,100
4147,25978,72
4148,25737,980
4149,25970,104
4150,25962,132
4151,24846,4416
4152,25984,52
4153,25660,1274
4154,25898,372
4155,25962,132
4156,25990,28
4157,25940,216
4158,25983,56
4159,25936,232
4160,25967,116
4161,25963,128
4162,25978,72
4163,25164,3176
4164,24769,4718
4165,24736,4846
4166,25906,344
4167,25990,28
4168,25947,188
4169,25972,96
4170,25706,1100
4171,21048,20584
4172,25972,96
4173,25213,2986
4174,25964,124
4175,25983,56
4176,25962,132
4177,25877,452
4178,25969,108
4179,25705,1102
4180,24202,6976
4181,25317,2584
4182,25970,104
4183,25997,0
4184,25965,120
4185,25997,0
4186,25936,232
4187,25997,0
4188,25903,356
4189,25965,120
4190,25990,28
4191,25964,124
4192,8845,105080
4193,25785,798
4194,25907,340
4195,25978,72
4196,23326,10568
4197,24969,3936
4198,25572,1610
4199,25997,0
4200,25532,1762
4201,25967,116
4202,25528,1778
4203,25307,2624
4204,25951,176
4205,25946,192
4206,25975,84
4207,25961,138
4208,23740,8854
4209,25941,212
4210,25920,292
4211,25849,560
4212,25968,112
4213,24501,5778
4214,25955,160
4215,25984,52
4216,25981,60
4217,25988,36
4218,21112,20288
4219,25944,202
4220,22876,12466
4221,25985,48
4222,25927,264
4223,25964,124
4224,25947,188
4225,25265,2784
4226,24092,7420
4227,25991,24
4228,25512,1836
4229,25263,2792
4230,17170,40436
4231,25468,2004
4232,25402,2258
4233,25915,308
4234,25949,180
4235,25937,228
4236,25979,68
4237,25750,934
4238,25843,580
4239,25985,48
4240,25269,2770
4241,23452,10042
4242,25945,196
4243,25963,128
4244,25910,328
4245,25958,148
4246,25942,208
4247,24775,4694
4248,25921,288
4249,25991,24
4250,24802,4590
4251,25969,108
4252,25934,240
4253,25977,76
4254,25863,504
4255,24394,6204
4256,22181,15476
4257,22932,12230
4258,25971,100
4259,25343,2484
4260,25991,24
4261,25902,360
4262,25997,0
4263,25997,0
4264,25951,176
4265,25294,2672
4266,25980,64
4267,25897,376
4268,25984,52
4269,25956,156
4270,25881,438
4271,25351,2456
4272,25931,248
4273,25842,586
4274,25968,112
4275,25971,100
4276,25951,176
4277,25947,190
4278,25591,1534
4279,25983,56
4280,15987,47392
4281,25959,144
4282,25926,268
4283,25922,285
4284,23412,10208
4285,13881,61158
4286,25845,574
4287,25433,2138
4288,25990,28
4289,22142,15644
4290,25221,2954
4291,25902,358
4292,25997,0
4293,25959,144
4294,25444,2098
4295,25985,48
4296,25459,2040
4297,25143,3256
4298,25981,60
4299,25881,436
4300,25971,100
4301,25862,508
4302,25298,2660
4303,25158,3200
4304,25941,212
4305,25978,72
4306,25948,184
4307,25906,344
4308,25983,56
4309,25929,256
4310,25317,2584
4311,25962,132
4312,25969,108
4313,25758,902
4314,25913,316
4315,25909,334
4316,24526,5678
4317,25962,132
4318,25791,776
4319,25963,128
4320,25985,48
4321,25941,210
4322,25967,116
4323,25955,160
4324,25931,248
4325,25997,0
4326,25990,28
4327,25930,252
4328,25997,0
4329,25159,3196
4330,25937,228
4331,25981,60
4332,25959,144
4333,24320,6502
4334,19553,27768
4335,25163,3178
4336,25133,3296
4337,25939,220
4338,25859,520
4339,25948,184
4340,25985,48
4341,25818,674
4342,25893,392
4343,25957,152
4344,25896,380
4345,25978,72
4346,25934,240
4347,25971,100
4348,25251,2840
4349,25957,152
4350,25955,160
4351,25988,36
4352,25932,244
4353,25946,192
4354,21981,16358
4355,25323,2562
4356,25880,440
4357,19549,27788
4358,25978,72
4359,23738,8860
4360,25972,96
4361,25959,144
4362,25839,596
4363,25969,108
4364,120,524096
4365,25985,48
4366,25971,100
4367,25204,3022
4368,25931,248
4369,22587,13708
4370,25938,224
4371,25908,336
4372,23011,11892
4373,25976,80
4374,25962,132
4375,25907,338
4376,24414,6126
4377,25984,52
4378,25997,0
4379,13115,66694
4380,25972,96
4381,25722,1040
4382,25964,124
4383,25171,3148
4384,25937,228
4385,20077,25188
4386,25965,120
4387,25231,2916
4388,25427,2164
4389,25958,148
4390,25965,120
4391,25978,72
4392,25531,1764
4393,19197,29558
4394,25923,280
4395,25947,188
4396,25963,128
4397,25254,2826
4398,25981,60
4399,25990,28
4400,25841,588
4401,25997,0
4402,24310,6540
4403,25997,0
4404,25991,24
4405,25880,440
4406,25924,276
4407,25951,176
4408,25892,398
4409,25991,24
4410,25997,0
4411,25826,644
4412,25991,24
4413,25997,0
4414,25965,120
4415,25929,258
4416,25888,412
4417,25971,98
4418,25197,3048
4419,25904,352
4420,25984,52
4421,25991,24
4422,25908,336
4423,25857,528
4424,23526,9738
4425,25888,412
4426,15741,48902
4427,23110,11476
4428,25956,156
4429,25654,1296
4430,25997,0
4431,25926,268
4432,20545,22944
4433,24134,7250
4434,25614,1450
4435,25704,1106
4436,25199,3042
4437,25939,220
4438,25603,1490
4439,25914,312
4440,25990,28
4441,25875,460
4442,25981,60
4443,22234,15240
4444,25937,228
4445,25904,352
4446,25007,3786
4447,25914,312
4448,25974,88
4449,24190,7024
4450,25960,140
4451,25931,248
4452,19907,26016
4453,25967,116
4454,25959,144
4455,20287,24176
4456,25318,2580
4457,25907,340
4458,25964,124
4459,23957,7966
4460,25972,96
4461,25962,134
4462,25978,72
4463,25985,48
4464,25997,0
4465,25534,1752
4466,25127,3318
4467,25938,224
4468,25959,144
4469,24441,6016
4470,25977,76
4471,25997,0
4472,24860,4360
4473,21765,17320
4474,25539,1734
4475,25710,1084
4476,23629,9312
4477,21118,20260
4478,25945,196
4479,25398,2274
4480,25904,352
4481,25985,48
4482,22788,12842
4483,25972,96
4484,25903,356
4485,25997,0
4486,25962,132
4487,25928,260
4488,25990,28
4489,25923,280
4490,22871,12490
4491,25364,2404
4492,25177,3126
4493,4,1000000
4494,25053,3608
4495,25959,144
4496,25903,355
4497,25880,440
4498,25970,104
4499,25959,144
4500,25969,108
4501,25899,368
4502,25849,558
4503,20136,24900
4504,25914,312
4505,22911,12320
4506,25969,108
4507,25716,1060
4508,22603,13636
4509,25913,318
4510,25963,128
4511,25251,2840
4512,25897,376
4513,103,539052
4514,24811,4552
4515,25934,240
4516,25991,24
4517,25944,200
4518,25747,942
4519,25919,296
4520,25935,234
4521,24450,5980
4522,25963,128
4523,25826,644
4524,25988,36
4525,25962,134
4526,25965,120
4527,24761,4750
4528,25945,196
4529,25942,208
4530,25921,288
4531,25896,382
4532,25508,1854
4533,23182,11174
4534,25871,476
4535,25977,76
4536,25824,652
4537,25972,96
4538,25820,668
4539,25991,24
4540,25044,3640
4541,24935,4068
4542,25395,2284
4543,25976,80
4544,25348,2464
4545,25959,144
4546,25985,48
4547,82,561882
4548,25968,112
4549,25975,84
4550,25160,3190
4551,25940,216
4552,25807,716
4553,25991,24
4554,25941,212
4555,15170,52506
4556,25990,28
4557,25355,2437
4558,23459,10016
4559,25962,132
4560,19355,28758
4561,24011,7746
4562,24963,3958
4563,25340,2496
4564,25946,194
4565,25820,668
4566,25971,100
4567,25695,1140
4568,25907,340
4569,25904,352
4570,25418,2198
4571,25577,1588
4572,25690,1158
4573,15162,52558
4574,25997,0
4575,25055,3600
4576,25848,562
4577,25952,172
4578,25639,1352
4579,25938,224
4580,25929,258
4581,24963,3958
4582,25991,24
4583,25920,290
4584,25957,152
4585,25921,288
4586,25975,84
4587,24253,6770
4588,25903,356
4589,25741,968
4590,25984,52
4591,25985,48
4592,25572,1610
4593,22794,12816
4594,25588,1548
4595,25928,260
4596,25807,718
4597,25944,200
4598,25256,2820
4599,25945,196
4600,25713,1074
4601,22567,13792
4602,25925,272
4603,25953,168
4604,25952,170
4605,25953,168
4606,25598,1510
4607,25503,1872
4608,25730,1008
4609,25940,216
4610,25255,2824
4611,24426,6076
4612,25937,228
4613,24860,4360
4614,24922,4118
4615,18836,31406
4616,25918,300
4617,25911,324
4618,25970,104
4619,25963,128
4620,22667,13362
4621,25641,1346
4622,25985,48
4623,25975,84
4624,25921,288
4625,25882,432
4626,25977,76
4627,25991,24
4628,22679,13310
4629,25977,76
4630,25660,1272
4631,24954,3994
4632,25963,128
4633,25965,120
4634,25961,136
4635,25936,232
4636,24858,4368
4637,25985,48
4638,25920,292
4639,25990,28
4640,22802,12784
4641,25985,48
4642,25126,3322
4643,24277,6672
4644,25196,3052
4645,25680,1198
4646,25955,160
4647,22317,14880
4648,25981,60
4649,24582,5456
4650,25310,2612
4651,25972,96
4652,25816,684
4653,25976,82
4654,25617,1438
4655,25991,24
4656,24981,3888
4657,25997,0
4658,25940,216
4659,25932,244
4660,25791,778
4661,25997,0
4662,25093,3450
4663,25991,24
4664,25024,3720
4665,22879,12454
4666,20792,21778
4667,23896,8214
4668,25479,1962
4669,25984,52
4670,25991,24
4671,25925,272
4672,25956,156
4673,25974,88
4674,25958,148
4675,25928,260
4676,25973,92
4677,25972,96
4678,25973,92
4679,25944,200
4680,24875,4302
4681,25908,336
4682,25947,188
4683,25971,100
4684,25442,2106
4685,25945,196
4686,25140,3268
4687,25931,250
4688,25819,670
4689,25926,268
4690,25953,168
4691,25359,2424
4692,24957,3980
4693,25997,0
4694,25915,308
4695,25447,2084
4696,25256,2822
4697,24261,6736
4698,25972,96
4699,24461,5938
4700,25977,76
4701,25969,108
4702,25985,48
4703,25929,256
4704,25766,872
4705,19974,25688
4706,25972,96
4707,25954,162
4708,25955,160
4709,25398,2274
4710,25997,0
4711,25709,1088
4712,25838,598
4713,5837,145598
4714,25965,120
4715,25470,1996
4716,25746,948
4717,24418,6108
4718,23276,10776
4719,25833,620
4720,25287,2700
4721,25952,172
4722,25962,132
4723,25503,1870
4724,25947,188
4725,25970,104
4726,22791,12830
4727,25581,1574
4728,25888,413
4729,24933,4074
4730,19696,27056
4731,25962,132
4732,23900,8200
4733,25945,196
4734,25878,448
4735,25955,160
4736,16672,43304
4737,25882,432
4738,25102,3416
4739,25913,316
4740,24874,4306
4741,25834,614
4742,25672,1228
4743,25956,156
4744,25991,24
4745,25964,124
4746,25928,260
4747,25985,48
4748,25991,24
4749,18775,31724
4750,25984,52
4751,23325,10572
4752,25576,1594
4753,25972,96
4754,25912,320
4755,24429,6064
4756,25854,540
4757,25997,0
4758,25858,524
4759,20605,22658
4760,23064,11668
4761,25487,1934
4762,13959,60616
4763,25980,64
4764,25985,48
4765,14994,53644
4766,25848,562
4767,24109,7352
4768,24800,4596
4769,23801,8604
4770,24673,5096
4771,20431,23484
4772,25935,236
4773,16991,41452
4774,25941,212
4775,25934,240
4776,25972,96
4777,17907,36336
4778,25888,412
4779,25955,160
4780,19462,28220
4781,25972,96
4782,25937,228
4783,25977,76
4784,25909,332
4785,25978,72
4786,24858,4370
4787,25978,72
4788,24981,3888
4789,22920,12278
4790,25949,180
4791,25938,224
4792,25972,96
4793,25970,104
4794,25965,120
4795,24766,4728
4796,25840,592
4797,25965,120
4798,25172,3146
4799,25806,722
4800,25914,312
4801,25074,3524
4802,21911,16670
4803,25335,2516
4804,20712,22152
4805,24541,5620
4806,25931,248
4807,25963,128
4808,25985,48
4809,25956,156
4810,25894,390
4811,25976,80
4812,25935,236
4813,6784,130948
4814,25976,80
4815,25005,3794
4816,25963,130
4817,25985,48
4818,25985,48
4819,25931,248
4820,24699,4992
4821,25972,96
4822,25952,172
4823,25796,758
4824,25582,1572
4825,22638,13486
4826,25959,144
4827,22798,12802
4828,25141,3266
4829,24668,5118
4830,23990,7832
4831,25968,112
4832,25003,3800
4833,25980,64
4834,25938,224
4835,25932,244
4836,25971,100
4837,24931,4082
4838,25896,382
4839,25991,24
4840,25063,3566
4841,25923,280
4842,25877,452
4843,24692,5020
4844,25959,144
4845,25985,48
4846,24959,3972
4847,25948,186
4848,25985,48
4849,25174,3138
4850,25991,24
4851,22915,12300
4852,25985,48
4853,25934,240
4854,25882,434
4855,24365,6320
4856,25980,64
4857,12066,74820
4858,25997,0
4859,25968,112
4860,25849,560
4861,95,546990
4862,23683,9088
4863,25962,132
4864,25444,2096
4865,18606,32606
4866,25968,112
4867,25919,296
4868,13098,66822
4869,24225,6882
4870,25943,204
4871,25629,1390
4872,25947,188
4873,25313,2600
4874,25990,28
4875,25951,176
4876,25968,110
4877,25519,1810
4878,25909,334
4879,15285,51770
4880,25043,3644
4881,25876,456
4882,25404,2250
4883,25550,1692
4884,25525,1786
4885,25801,740
4886,23205,11074
4887,25959,144
4888,25939,220
4889,22287,15008
4890,25671,1232
4891,25997,0
4892,24870,4320
4893,24730,4872
4894,25094,3446
4895,25951,176
4896,25965,120
4897,25919,294
4898,25273,2754
4899,25980,64
4900,23929,8080
4901,25809,708
4902,25351,2456
4903,25968,110
4904,25129,3312
4905,25977,76
4906,25960,140
4907,25949,180
4908,24673,5098
4909,25853,544
4910,25970,104
4911,25997,0
4912,25235,2902
4913,25912,320
4914,20497,23170
4915,25951,176
4916,25701,1116
4917,25962,132
4918,25921,288
4919,25712,1076
4920,25934,240
4921,25985,48
4922,25872,472
4923,24493,5810
4924,25975,84
4925,25046,3634
4926,25449,2078
4927,25867,492
4928,24674,5092
4929,24669,5112
4930,25879,444
4931,25965,120
4932,25931,248
4933,25956,156
4934,25932,244
4935,25930,252
4936,25136,3284
4937,25997,0
4938,25743,958
4939,25997,0
4940,25693,1150
4941,25975,84
4942,25964,124
4943,25953,168
4944,25977,76
4945,25990,28
4946,25577,1588
4947,24166,7120
4948,22763,12948
4949,24827,4490
4950,25978,72
4951,25010,3774
4952,25948,184
4953,25968,112
4954,22764,12944
4955,25344,2480
4956,23847,8414
4957,24284,6644
4958,25967,114
4959,25929,258
4960,25970,104
4961,25960,142
4962,25963,128
4963,25542,1724
4964,25960,140
4965,25128,3316
4966,24886,4258
4967,25643,1338
4968,25359,2422
4969,21969,16412
4970,25825,648
4971,25895,384
4972,25997,0
4973,25316,2588
4974,25977,76
4975,25985,48
4976,25956,156
4977,25946,192
4978,25939,220
4979,25927,264
4980,25934,240
4981,25945,196
4982,25991,24
4983,24601,5380
4984,25912,320
4985,25991,24
4986,25947,188
4987,25983,56
4988,25958,148
4989,25991,24
4990,25936,232
4991,25997,0
4992,25320,2572
4993,25981,60
4994,25645,1330
4995,22409,14476
4996,25970,104
4997,25738,976
4998,23710,8976
4999,25911,324
5000,25962,132
5001,22542,13902
5002,25906,344
5003,25972,96
5004,25904,352
5005,25948,184
5006,25964,124
5007,25991,24
5008,25958,148
5009,25952,172
5010,25922,284
5011,25319,2578
5012,18499,33168
5013,25975,84
5014,25965,120
5015,25975,84
5016,25620,1424
5017,25814,690
5018,25942,208
5019,25922,284
5020,24117,7318
5021,25826,644
5022,25408,2236
5023,25990,28
5024,22490,14124
5025,25947,188
5026,25429,2156
5027,25959,144
5028,25975,84
5029,25941,210
5030,25952,172
5031,25962,132
5032,25971,100
5033,25372,2372
5034,25934,240
5035,25938,224
5036,25972,96
5037,25991,24
5038,25287,2702
5039,25947,188
5040,25962,132
5041,24290,6622
5042,25031,3694
5043,25973,92
5044,25976,80
5045,25938,224
5046,25484,1944
5047,25851,552
5048,25918,300
5049,5134,158096
5050,24672,5102
5051,25946,192
5052,25592,1532
5053,20328,23978
5054,25954,164
5055,25977,76
5056,25878,448
5057,25958,148
5058,25959,144
5059,25958,148
5060,25997,0
5061,25921,288
5062,25972,96
5063,25637,1360
5064,25962,134
5065,25969,108
5066,25991,24
5067,25918,300
5068,25974,88
5069,24613,5332
5070,25962,132
5071,25522,1800
5072,25985,48
5073,25997,0
5074,25865,496
5075,25447,2084
5076,25984,52
5077,25398,2272
5078,1926,253658
5079,25491,1916
5080,25630,1388
5081,25936,232
5082,24372,6294
5083,25985,48
5084,23611,9386
5085,24790,4636
5086,25411,2224
5087,24934,4072
5088,24413,6128
5089,25961,136
5090,23638,9272
5091,22613,13596
5092,25961,136
5093,25978,72
5094,25991,24
5095,25947,190
5096,25959,144
5097,25988,36
5098,25937,228
5099,25762,886
5100,25492,1912
5101,25990,28
5102,25586,1556
5103,25569,1618
5104,25926,270
5105,25953,168
5106,25923,280
5107,25972,96
5108,18650,32374
5109,25978,72
5110,25965,120
5111,25965,120
5112,25985,48
5113,25965,120
5114,25908,336
5115,25924,276
5116,25967,116
5117,25928,260
5118,25977,76
5119,25765,874
5120,25933,242
5121,25838,598
5122,25555,1674
5123,14200,58942
5124,25971,100
5125,25972,96
5126,25959,146
5127,25972,96
5128,23228,10978
5129,23393,10290
5130,25965,120
5131,25977,76
5132,24469,5904
5133,25146,3244
5134,25524,1792
5135,25946,192
5136,25638,1356
5137,25985,48
5138,24851,4396
5139,25991,24
5140,25724,1030
5141,23218,11020
5142,25965,120
5143,25790,782
5144,25937,228
5145,25941,212
5146,25953,168
5147,25911,324
5148,25935,236
5149,24019,7716
5150,25970,104
5151,25978,72
5152,25920,292
5153,25633,1376
5154,25938,224
5155,25965,120
5156,25981,62
5157,25997,0
5158,25319,2576
5159,25965,120
5160,25630,1388
5161,25997,0
5162,25970,104
5163,25978,72
5164,25063,3566
5165,25346,2472
5166,25931,248
5167,25686,1176
5168,24610,5346
5169,25990,28
5170,23171,11220
5171,25997,0
5172,25920,290
5173,25929,256
5174,24655,5168
5175,25951,176
5176,25905,348
5177,25267,2776
5178,25878,450
5179,25753,920
5180,25991,24
5181,25802,734
5182,25757,906
5183,25901,364
5184,25971,100
5185,25921,286
5186,25945,196
5187,25962,132
5188,25981,62
5189,25421,2186
5190,25925,272
5191,151,501580
5192,25983,56
5193,25931,248
5194,25671,1232
5195,25972,96
5196,25191,3072
5197,25929,256
5198,25828,638
5199,25968,112
5200,25930,252
5201,25945,198
5202,25964,124
5203,24466,5916
5204,19502,28018
5205,22570,13780
5206,23039,11774
5207,25991,24
5208,25859,520
5209,25430,2152
5210,25782,810
5211,13693,62486
5212,17852,36636
5213,25660,1274
5214,25874,464
5215,25974,88
5216,25932,244
5217,25927,264
5218,25904,352
5219,23651,9220
5220,25997,0
5221,25971,100
5222,25569,1620
5223,25978,72
5224,25957,152
5225,24572,5498
5226,25934,238
5227,25642,1340
5228,25916,304
5229,25967,116
5230,25964,124
5231,25918,300
5232,25853,542
5233,25941,212
5234,24856,4378
5235,25991,24
5236,24051,7584
5237,25462,2030
5238,25778,828
5239,25778,826
5240,25977,76
5241,23599,9434
5242,25957,152
5243,25141,3266
5244,24686,5044
5245,25990,28
5246,25945,196
5247,25463,2026
5248,25038,3666
5249,23904,8181
5250,25925,272
5251,25978,72
5252,25319,2578
5253,25964,124
5254,19784,26622
5255,25951,176
5256,25984,52
5257,25953,168
5258,25953,168
5259,25925,272
5260,25981,60
5261,25956,156
5262,25859,520
5263,25978,72
5264,25975,84
5265,24857,4372
5266,25978,72
5267,25858,524
5268,25970,104
5269,25955,160
5270,25985,48
5271,25943,204
5272,25543,1718
5273,23608,9398
5274,25905,348
5275,25985,48
5276,25867,492
5277,25267,2776
5278,25943,204
5279,25785,800
5280,25952,172
5281,25957,152
5282,25937,228
5283,25038,3664
5284,22469,14216
5285,25969,108
5286,25948,184
5287,21670,17748
5288,25997,0
5289,25763,882
5290,25985,48
5291,21942,16530
5292,25983,56
5293,25958,148
5294,25191,3072
5295,25976,80
5296,24208,6950
5297,25796,760
5298,25573,1604
5299,25785,800
5300,25943,204
5301,25141,3266
5302,25977,76
5303,23553,9626
5304,25906,344
5305,25128,3314
5306,25965,120
5307,25968,112
5308,25302,2642
5309,25997,0
5310,25975,84
5311,24984,3876
5312,25965,120
5313,25976,80
5314,25967,116
5315,21361,19148
5316,25965,120
5317,19549,27788
5318,21592,18096
5319,25908,336
5320,1313,291012
5321,16312,45430
5322,25932,244
5323,25449,2080
5324,25949,180
5325,25990,28
5326,25105,3404
5327,25946,192
5328,25927,264
5329,25977,76
5330,22263,15114
5331,25944,200
5332,25905,348
5333,25962,133
5334,25968,112
5335,25991,24
5336,25990,28
5337,25707,1096
5338,25971,100
5339,22472,14204
5340,24610,5346
5341,25939,220
5342,21822,17064
5343,25974,88
5344,25971,100
5345,25979,68
5346,25919,296
5347,25938,224
5348,25948,184
5349,25929,256
5350,25372,2374
5351,25940,216
5352,25961,136
5353,25934,240
5354,25646,1326
5355,25997,0
5356,25955,160
5357,25972,96
5358,25916,304
5359,24486,5840
5360,25983,56
5361,25972,96
5362,24914,4148
5363,24691,5024
5364,25939,220
5365,25922,284
5366,25957,152
5367,24636,5244
5368,25935,236
5369,25985,48
5370,24337,6432
5371,25835,612
5372,25914,312
5373,25850,554
5374,24258,6748
5375,25997,0
5376,25916,304
5377,25706,1100
5378,25546,1708
5379,25945,196
5380,25961,136
5381,25913,316
5382,24867,4332
5383,24997,3824
5384,25954,164
5385,25023,3722
5386,20152,24824
5387,23902,8192
5388,25947,188
5389,25925,272
5390,25941,212
5391,25230,2920
5392,25990,28
5393,25959,146
5394,24345,6402
5395,25846,568
5396,25978,72
5397,25970,104
5398,25913,316
5399,25984,52
5400,25991,24
5401,25930,252
5402,25971,100
5403,25967,116
5404,25971,100
5405,25052,3610
5406,25961,136
5407,25997,0
5408,25914,312
5409,25675,1216
5410,25965,120
5411,25978,72
5412,25991,24
5413,217,466426
5414,25916,304
5415,24682,5060
5416,25971,100
5417,25882,432
5418,25970,104
5419,21161,20064
5420,25988,36
5421,25955,160
5422,25928,260
5423,25927,264
5424,25084,3488
5425,25927,264
5426,23006,11916
5427,25925,272
5428,25990,28
5429,25920,292
5430,25890,404
5431,25899,368
5432,25931,248
5433,22431,14384
5434,24086,7444
5435,25667,1248
5436,25958,148
5437,25958,148
5438,25953,168
5439,25957,152
5440,21863,16884
5441,25772,848
5442,25903,356
5443,25397,2276
5444,25991,24
5445,25983,56
5446,20831,21596
5447,23640,9264
5448,23380,10344
5449,25909,332
5450,25898,374
5451,25147,3240
5452,25983,56
5453,25990,28
5454,18235,34566
5455,25944,200
5456,25997,0
5457,25997,0
5458,25997,0
5459,25915,308
5460,24720,4912
5461,25997,0
5462,25949,180
5463,23496,9862
5464,25969,108
5465,23149,11312
5466,25929,256
5467,25882,432
5468,25978,72
5469,25974,88
5470,25299,2654
5471,25991,24
5472,8667,107066
5473,24842,4430
5474,25969,108
5475,25981,60
5476,25747,944
5477,25971,100
5478,25549,1696
5479,25587,1550
5480,25573,1604
5481,25952,172
5482,25583,1568
5483,25856,532
5484,22234,15240
5485,25856,532
5486,25945,196
5487,25990,28
5488,24579,5468
5489,25907,340
5490,25822,660
5491,25997,0
5492,25965,120
5493,24502,5774
5494,25260,2804
5495,25991,24
5496,21435,18808
5497,25931,248
5498,25952,172
5499,25441,2108
5500,25007,3786
5501,25697,1134
5502,25184,3100
5503,25941,212
5504,25985,48
5505,25980,64
5506,25782,812
5507,25991,24
5508,25906,344
5509,20775,21856
5510,25028,3704
5511,25486,1936
5512,25718,1052
5513,25965,120
5514,23947,8008
5515,25988,36
5516,25965,120
5517,25949,180
5518,25952,172
5519,25970,104
5520,24814,4542
5521,25808,712
5522,25960,140
5523,24441,6016
5524,25943,204
5525,25896,380
5526,25956,156
5527,25968,112
5528,25324,2560
5529,25958,148
5530,25873,468
5531,25978,72
5532,24750,4792
5533,25997,0
5534,25971,100
5535,9661,96480
5536,25674,1220
5537,25484,1944
5538,25930,252
5539,18986,30636
5540,25304,2636
5541,25944,200
5542,25551,1688
5543,25936,232
5544,25968,112
5545,25980,64
5546,25882,432
5547,25997,0
5548,25985,48
5549,24660,5148
5550,19469,28186
5551,25594,1524
5552,25629,1392
5553,25022,3726
5554,25990,28
5555,25959,144
5556,25907,340
5557,25349,2462
5558,20230,24450
5559,24604,5368
5560,25971,100
5561,25961,136
5562,25896,382
5563,25941,212
5564,24619,5310
5565,25373,2370
5566,23543,9664
5567,25930,252
5568,24477,5872
5569,25958,148
5570,25828,638
5571,24535,5642
5572,25948,184
5573,25997,0
5574,25406,2244
5575,17351,39410
5576,15286,51762
5577,25931,248
5578,25953,168
5579,24994,3836
5580,25955,158
5581,25103,3414
5582,19021,30454
5583,25971,100
5584,25965,120
5585,25978,72
5586,25268,2772
5587,25872,472
5588,25910,328
5589,25805,724
5590,24093,7416
5591,25930,252
5592,25951,176
5593,24958,3976
5594,25402,2260
5595,24129,7268
5596,25970,104
5597,24825,4498
5598,25923,280
5599,25974,88
5600,25985,48
5601,25951,176
5602,24076,7482
5603,25977,76
5604,25932,244
5605,19589,27588
5606,25442,2104
5607,25983,56
5608,25889,406
5609,25906,344
5610,25267,2778
5611,25564,1638
5612,25901,364
5613,25963,128
5614,25170,3152
5615,25904,352
5616,22344,14760
5617,25773,846
5618,25975,84
5619,25112,3376
5620,25882,434
5621,25946,192
5622,25970,104
5623,24991,3848
5624,25855,534
5625,20925,21154
5626,24571,5500
5627,25969,108
5628,25970,104
5629,25969,108
5630,25202,3028
5631,24349,6384
5632,25948,184
5633,25420,2190
5634,25479,1964
5635,25991,24
5636,25885,424
5637,25856,532
5638,25981,60
5639,25932,244
5640,25017,3746
5641,25921,288
5642,25955,160
5643,24007,7764
5644,25975,84
5645,25969,108
5646,25904,352
5647,24683,5058
5648,25997,0
5649,25949,180
5650,25991,24
5651,25384,2328
5652,25946,192
5653,25960,140
5654,21496,18530
5655,25952,172
5656,21649,17840
5657,25971,100
5658,25991,24
5659,24696,5004
5660,23002,11930
5661,23655,9204
5662,25978,72
5663,23723,8924
5664,25938,224
5665,25983,56
5666,25264,2788
5667,25957,152
5668,25964,124
5669,25909,332
5670,24611,5342
5671,25946,192
5672,22624,13548
5673,25963,128
5674,25976,80
5675,25899,368
5676,25959,144
5677,25872,472
5678,25971,100
5679,25916,304
5680,25935,236
5681,25976,80
5682,25983,56
5683,25450,2076
5684,25940,216
5685,25978,72
5686,25959,144
5687,25967,116
5688,25910,328
5689,19936,25876
5690,25569,1620
5691,25830,630
5692,25946,192
5693,25944,200
5694,23705,8998
5695,25990,28
5696,25959,144
5697,21465,18672
5698,25943,204
5699,25932,244
5700,25997,0
5701,25944,200
5702,25945,196
5703,25981,60
5704,25922,284
5705,24940,4048
5706,25958,148
5707,25952,172
5708,25976,80
5709,25971,100
5710,25587,1550
5711,25949,180
5712,25034,3682
5713,24856,4376
5714,25965,120
5715,25971,98
5716,25985,48
5717,25877,452
5718,25926,268
5719,25644,1336
5720,25867,492
5721,25937,228
5722,25910,328
5723,25975,84
5724,25976,80
5725,25946,192
5726,25985,48
5727,25727,1020
5728,25921,288
5729,25977,76
5730,24996,3830
5731,25978,72
5732,25978,72
5733,25964,124
5734,25954,164
5735,25602,1494
5736,25988,36
5737,25920,292
5738,24725,4892
5739,25869,482
5740,25820,666
5741,25558,1660
5742,18451,33418
5743,25048,3626
5744,25977,76
5745,25997,0
5746,25997,0
5747,25953,168
5748,25359,2424
5749,25262,2798
5750,25958,148
5751,25978,72
5752,25960,140
5753,24729,4876
5754,25203,3026
5755,25346,2472
5756,25615,1446
5757,25693,1150
5758,23519,9766
5759,25568,1624
5760,25971,100
5761,25783,808
5762,25844,576
5763,24560,5542
5764,25980,64
5765,25991,24
5766,25838,599
5767,25964,124
5768,25972,96
5769,25930,252
5770,25929,256
5771,25985,48
5772,23222,11004
5773,25522,1800
5774,25070,3540
5775,25335,2514
5776,25947,188
5777,24371,6298
5778,24239,6828
5779,8392,110214
5780,25947,188
5781,25968,112
5782,25806,720
5783,25939,220
5784,25985,48
5785,25962,132
5786,25931,250
5787,25972,96
5788,25927,264
5789,25978,72
5790,25959,144
5791,25985,48
5792,25752,924
5793,25968,112
5794,18275,34354
5795,15048,53292
5796,25925,272
5797,25414,2212
5798,25919,294
5799,25924,276
5800,25881,436
5801,25965,120
5802,25991,24
5803,25652,1304
5804,25977,76
5805,25991,24
5806,19163,29730
5807,25984,52
5808,23998,7800
5809,25963,128
5810,24998,3822
5811,25983,56
5812,25944,200
5813,25991,24
5814,25946,192
5815,25984,52
5816,25991,24
5817,16072,46874
5818,25171,3148
5819,24075,7488
5820,15165,52538
5821,25959,144
5822,25931,248
5823,25875,462
5824,20243,24384
5825,25977,76
5826,25523,1794
5827,25974,88
5828,25930,252
5829,24431,6058
5830,25940,214
5831,24748,4802
5832,20558,22882
5833,25849,558
5834,25186,3092
5835,25959,144
5836,25964,124
5837,24982,3884
5838,25953,168
5839,25977,76
5840,25926,269
5841,25978,72
5842,25600,1500
5843,25948,184
5844,25504,1868
5845,25923,280
5846,25750,934
5847,24805,4578
5848,25679,1200
5849,25985,48
5850,25906,344
5851,25978,72
5852,25948,184
5853,24736,4848
5854,18965,30744
5855,25905,348
5856,19681,27132
5857,25959,144
5858,25985,48
5859,25971,100
5860,25556,1668
5861,25997,0
5862,25923,280
5863,25953,168
5864,25391,2302
5865,25965,120
5866,25923,280
5867,22454,14280
5868,25937,228
5869,25229,2926
5870,25997,0
5871,25924,276
5872,24341,6418
5873,25990,28
5874,25997,0
5875,19792,26584
5876,25965,120
5877,24762,4746
5878,25975,86
5879,25919,296
5880,25957,152
5881,25790,782
5882,25988,36
5883,25978,72
5884,22526,13970
5885,25203,3026
5886,25988,36
5887,25991,24
5888,25991,24
5889,25919,296
5890,25984,52
5891,25946,192
5892,25983,56
5893,25915,308
5894,25970,104
5895,24891,4238
5896,25942,208
5897,25942,208
5898,23317,10606
5899,25791,778
5900,25964,124
5901,25957,152
5902,25961,136
5903,24949,4014
5904,25910,328
5905,25964,124
5906,23154,11290
5907,25959,146
5908,25991,24
5909,25944,200
5910,25945,196
5911,25972,96
5912,22847,12592
5913,18418,33592
5914,25932,244
5915,25975,84
5916,25985,48
5917,24869,4326
5918,25962,132
5919,23643,9252
5920,25545,1712
5921,25984,52
5922,20631,22536
5923,25818,676
5924,25825,648
5925,25978,72
5926,25976,80
5927,25899,368
5928,24358,6350
5929,24897,4216
5930,25162,3182
5931,25988,36
5932,25859,520
5933,25971,100
5934,25936,230
5935,25639,1354
5936,25963,128
5937,25209,3002
5938,25907,340
5939,25905,348
5940,25977,76
5941,23282,10754
5942,25941,212
5943,25818,676
5944,25926,268
5945,25980,64
5946,25333,2522
5947,25978,72
5948,25882,432
5949,25985,48
5950,25959,144
5951,25646,1328
5952,25850,556
5953,25970,104
5954,25512,1838
5955,25953,166
5956,25977,76
5957,25975,84
5958,25955,158
5959,24525,5684
5960,25040,3656
5961,25948,184
5962,15071,53140
5963,25876,456
5964,25978,72
5965,25978,72
5966,25963,128
5967,25889,408
5968,25949,180
5969,25760,894
5970,25985,48
5971,25968,112
5972,25963,128
5973,25963,128
5974,25978,72
5975,25958,148
5976,25918,300
5977,25923,280
5978,25456,2052
5979,25341,2494
5980,25912,320
5981,25945,196
5982,25407,2238
5983,25991,24
5984,24409,6144
5985,23517,9774
5986,25367,2392
5987,25967,114
5988,25872,472
5989,25959,144
5990,25629,1390
5991,19788,26600
5992,25976,80
5993,25946,192
5994,22204,15372
5995,25951,176
5996,25984,52
5997,25948,186
5998,25340,2496
5999,25089,3466
6000,25676,1212
6001,25981,60
6002,23144,11332
6003,25413,2218
6004,24346,6398
6005,25551,1688
6006,23193,11124
6007,25961,136
6008,25951,176
6009,25984,52
6010,25307,2624
6011,19960,25760
6012,25958,148
6013,25997,0
6014,25977,76
6015,25899,368
6016,25997,0
6017,25941,212
6018,25981,60
6019,25932,244
6020,25990,28
6021,25967,116
6022,25916,304
6023,25972,96
6024,25303,2640
6025,25762,886
6026,13700,62442
6027,25962,132
6028,25397,2276
6029,25962,132
6030,21365,19128
6031,25695,1142
6032,25988,36
6033,25749,936
6034,25837,604
6035,25929,256
6036,25981,60
6037,25985,48
6038,23738,8862
6039,25970,104
6040,23453,10038
6041,24877,4294
6042,25969,108
6043,25930,252
6044,25968,112
6045,25677,1208
6046,25250,2844
6047,25984,52
6048,25973,92
6049,25641,1344
6050,25886,420
6051,25050,3618
6052,15995,47342
6053,25818,676
6054,25997,0
6055,25978,72
6056,25915,308
6057,25991,24
6058,25879,444
6059,25976,80
6060,24749,4796
6061,25997,0
6062,25873,466
6063,24647,5198
6064,25490,1920
6065,25964,124
6066,25915,308
6067,25944,200
6068,25948,184
6069,25954,164
6070,25948,186
6071,25968,112
6072,25809,708
6073,24857,4374
6074,25988,36
6075,15112,52880
6076,25158,3200
6077,25976,80
6078,25977,76
6079,18866,31250
6080,25984,52
6081,24610,5346
6082,25948,184
6083,24592,5418
6084,25983,56
6085,25659,1276
6086,25351,2456
6087,25174,3136
6088,23714,8960
6089,25935,236
6090,25963,128
6091,25974,88
6092,24942,4040
6093,25895,384
6094,25984,52
6095,25997,0
6096,25443,2100
6097,25954,164
6098,25972,96
6099,25481,1956
6100,25878,450
6101,9923,93872
6102,25924,276
6103,25997,0
6104,25956,156
6105,25918,300
6106,21989,16320
6107,25523,1794
6108,25799,748
6109,25915,310
6110,25164,3176
6111,20805,21718
6112,25990,28
6113,25477,1972
6114,25975,84
6115,25726,1024
6116,25955,160
6117,25990,28
6118,25997,0
6119,25984,52
6120,25897,376
6121,25978,72
6122,25937,228
6123,25489,1924
6124,24527,5676
6125,25705,1104
6126,25985,48
6127,25545,1710
6128,25456,2052
6129,24572,5498
6130,25977,76
6131,25997,0
6132,25965,120
6133,25875,460
6134,24652,5180
6135,25972,96
6136,25965,120
6137,25956,156
6138,21093,20378
6139,25991,24
6140,25988,36
6141,23526,9736
6142,17757,37156
6143,25990,28
6144,25991,24
6145,25969,108
6146,13984,60436
6147,25969,108
6148,25902,360
6149,25968,112
6150,25977,76
6151,25936,232
6152,25997,0
6153,25985,48
6154,25896,380
6155,25961,138
6156,24712,4944
6157,25908,336
6158,25958,148
6159,25181,3112
6160,25918,298
6161,25958,148
6162,25833,618
6163,17672,37622
6164,25292,2680
6165,25849,560
6166,25353,2448
6167,25132,3301
6168,25985,48
6169,24200,6982
6170,25952,172
6171,20145,24858
6172,25607,1476
6173,25647,1322
6174,25924,276
6175,25894,390
6176,25938,222
6177,25939,220
6178,25551,1690
6179,25919,294
6180,25539,1734
6181,23960,7954
6182,25896,380
6183,25897,376
6184,25969,108
6185,25909,332
6186,25960,142
6187,25927,264
6188,25974,88
6189,25977,76
6190,19562,27722
6191,25997,0
6192,24514,5728
6193,25104,3410
6194,15398,51048
6195,25991,24
6196,25963,128
6197,25951,176
6198,23819,8528
6199,25972,96
6200,25941,212
6201,25980,64
6202,25826,646
6203,25909,332
6204,25456,2052
6205,24732,4862
6206,25962,133
6207,25997,0
6208,25984,52
6209,24808,4564
6210,25941,212
6211,25988,36
6212,23370,10386
6213,25942,208
6214,24176,7080
6215,25984,52
6216,25719,1048
6217,25977,76
6218,25378,2350
6219,23258,10852
6220,25939,220
6221,25983,56
6222,25889,408
6223,25887,414
6224,25940,216
6225,24483,5848
6226,25984,52
6227,15236,52080
6228,22057,16022
6229,25892,396
6230,25977,76
6231,25913,316
6232,25952,172
6233,25908,336
6234,25941,212
6235,25798,752
6236,25148,3238
6237,24821,4512
6238,25997,0
6239,25884,428
6240,24574,5488
6241,25948,184
6242,25059,3582
6243,25895,384
6244,25908,336
6245,25957,152
6246,25853,544
6247,25718,1052
6248,23771,8728
6249,25991,24
6250,25572,1610
6251,25978,72
6252,25991,24
6253,22891,12404
6254,24543,5612
6255,25991,24
6256,25729,1012
6257,25958,148
6258,25894,388
6259,25997,0
6260,21088,20398
6261,25931,248
6262,25876,456
6263,25965,120
6264,25259,2808
6265,25990,28
6266,25975,84
6267,25936,230
6268,25853,544
6269,25957,152
6270,25936,232
6271,25960,140
6272,25603,1492
6273,25387,2316
6274,11939,75852
6275,25991,24
6276,25991,24
6277,25882,432
6278,25559,1658
6279,25951,176
6280,19205,29516
6281,24899,4208
6282,19101,30044
6283,25867,492
6284,16985,41488
6285,25981,62
6286,24291,6616
6287,25975,84
6288,12446,71796
6289,24630,5268
6290,25977,76
6291,25913,316
6292,25068,3550
6293,25902,360
6294,25991,24
6295,25897,378
6296,25704,1106
6297,25991,24
6298,25662,1264
6299,25960,140
6300,25983,56
6301,25981,60
6302,22481,14164
6303,25719,1048
6304,23804,8590
6305,25972,96
6306,25179,3118
6307,25951,176
6308,25698,1128
6309,25991,24
6310,25965,120
6311,25978,72
6312,25607,1476
6313,25960,140
6314,25990,28
6315,25885,424
6316,25919,296
6317,25005,3792
6318,25938,224
6319,25932,244
6320,25718,1052
6321,25773,844
6322,25490,1920
6323,25985,48
6324,25997,0
6325,25935,236
6326,25888,412
6327,25867,490
6328,25985,48
6329,25913,316
6330,25957,152
6331,25990,28
6332,25997,0
6333,25945,196
6334,25957,152
6335,25997,0
6336,25657,1286
6337,22122,15736
6338,21953,16480
6339,25970,104
6340,22007,16242
6341,25985,48
6342,20880,21368
6343,25928,260
6344,25972,96
6345,25997,0
6346,25985,48
6347,25968,112
6348,25955,160
6349,25990,28
6350,24430,6062
6351,25997,0
6352,25981,60
6353,25981,60
6354,25991,24
6355,25241,2880
6356,23640,9264
6357,25313,2600
6358,25988,36
6359,25969,108
6360,25957,152
6361,25991,24
6362,25576,1594
6363,25920,292
6364,25680,1196
6365,25108,3392
6366,25976,80
6367,23620,9348
6368,24323,6488
6369,25967,116
6370,25946,192
6371,25959,144
6372,25844,576
6373,17163,40474
6374,25961,136
6375,25114,3370
6376,25928,260
6377,25960,140
6378,25851,552
6379,25938,222
6380,25978,72
6381,25990,28
6382,25881,436
6383,13647,62818
6384,25978,72
6385,25909,332
6386,25936,232
6387,25880,440
6388,25953,168
6389,25914,312
6390,24714,4936
6391,25972,94
6392,25874,464
6393,25985,48
6394,21638,17892
6395,25975,84
6396,25957,152
6397,25958,148
6398,25263,2792
6399,25946,192
6400,24237,6834
6401,25997,0
6402,25294,2674
6403,24965,3948
6404,13453,64212
6405,25991,24
6406,25959,144
6407,25991,24
6408,25991,24
6409,25972,96
6410,25628,1394
6411,25922,282
6412,25977,76
6413,25977,76
6414,25648,1320
6415,25713,1072
6416,25971,100
6417,25523,1796
6418,25645,1332
6419,25985,48
6420,25954,164
6421,25632,1380
6422,25457,2048
6423,25785,801
6424,25956,156
6425,25924,276
6426,25974,88
6427,24275,6680
6428,23211,11052
6429,25882,432
6430,25990,28
6431,25960,140
6432,25963,128
6433,24219,6908
6434,25887,416
6435,25965,120
6436,25971,100
6437,25931,248
6438,25527,1780
6439,25932,244
6440,25751,928
6441,25903,356
6442,25913,316
6443,15153,52616
6444,23408,10228
6445,23873,8310
6446,15104,52930
6447,20763,21912
6448,25945,196
6449,25572,1610
6450,25898,372
6451,25958,148
6452,25863,506
6453,25946,194
6454,25913,318
6455,25959,144
6456,25955,160
6457,25951,176
6458,25958,148
6459,25238,2888
6460,25967,116
6461,25877,452
6462,25953,168
6463,23929,8080
6464,25984,52
6465,25984,52
6466,25951,176
6467,25977,76
6468,25970,104
6469,25985,48
6470,25971,100
6471,25771,852
6472,25980,64
6473,25943,204
6474,25991,24
6475,25949,180
6476,25961,136
6477,14933,54040
6478,25859,519
6479,17288,39764
6480,24079,7470
6481,25981,62
6482,25969,108
6483,25117,3358
6484,25978,72
6485,25957,152
6486,25038,3664
6487,25984,52
6488,25972,96
6489,24499,5786
6490,25453,2064
6491,19626,27402
6492,24305,6561
6493,25773,846
6494,25985,48
6495,25952,172
6496,25815,688
6497,25408,2236
6498,25922,282
6499,25329,2540
6500,25985,48
6501,25981,60
6502,25972,96
6503,25504,1868
6504,25985,48
6505,25965,120
6506,24890,4242
6507,25988,36
6508,24276,6678
6509,15361,51284
6510,24496,5800
6511,25964,124
6512,15199,52320
6513,25943,204
6514,25965,120
6515,25898,374
6516,25899,368
6517,25804,728
6518,25997,0
6519,25431,2146
6520,25929,256
6521,25956,156
6522,25932,244
6523,25926,268
6524,25344,2480
6525,25197,3048
6526,24809,4560
6527,20346,23890
6528,25771,852
6529,25990,28
6530,25985,48
6531,25877,454
6532,25096,3438
6533,25951,176
6534,25836,608
6535,25997,0
6536,25975,84
6537,25928,262
6538,25977,76
6539,25990,28
6540,20983,20888
6541,24600,5386
6542,25707,1094
6543,25949,182
6544,25972,96
6545,25201,3034
6546,25914,312
6547,25958,148
6548,25906,344
6549,13641,62860
6550,25680,1196
6551,23977,7884
6552,25953,168
6553,25750,932
6554,25801,740
6555,25990,28
6556,25962,132
6557,25984,52
6558,25923,280
6559,25950,178
6560,25948,184
6561,25972,96
6562,25928,260
6563,23786,8664
6564,25974,88
6565,25791,778
6566,19542,27822
6567,25389,2310
6568,25436,2128
6569,25981,60
6570,25359,2422
6571,25671,1232
6572,25964,124
6573,24026,7688
6574,20679,22308
6575,25945,196
6576,25361,2416
6577,25984,52
6578,25997,0
6579,24837,4450
6580,25931,250
6581,25956,156
6582,25990,28
6583,25957,152
6584,25978,72
6585,25951,176
6586,25997,0
6587,25969,108
6588,25607,1476
6589,25990,28
6590,20740,22020
6591,25773,844
6592,8779,105820
6593,25952,172
6594,25975,84
6595,25258,2812
6596,25953,168
6597,25881,436
6598,25997,0
6599,25964,124
6600,25851,552
6601,25925,272
6602,25962,132
6603,25033,3686
6604,25817,680
6605,22113,15772
6606,25978,72
6607,25958,148
6608,25238,2890
6609,23102,11510
6610,25985,48
6611,25991,24
6612,25958,148
6613,25894,388
6614,25771,852
6615,25943,204
6616,25923,278
6617,12480,71528
6618,25902,360
6619,25531,1766
6620,23293,10708
6621,25897,376
6622,25852,548
6623,25855,536
6624,25949,180
6625,25967,114
6626,25932,244
6627,25842,584
6628,25948,184
6629,24949,4012
6630,25972,96
6631,25530,1768
6632,25958,148
6633,25959,144
6634,25260,2806
6635,25991,24
6636,25951,176
6637,11508,79432
6638,25862,510
6639,25621,1420
6640,25975,84
6641,25971,100
6642,25924,276
6643,25906,344
6644,25964,124
6645,25991,24
6646,25964,124
6647,25991,24
6648,25924,276
6649,25965,120
6650,25956,156
6651,23988,7840
6652,25886,420
6653,25997,0
6654,25974,88
6655,25991,24
6656,25984,52
6657,24315,6520
6658,23652,9216
6659,25991,24
6660,10338,89884
6661,25957,152
6662,21064,20512
6663,25962,132
6664,20068,25230
6665,25944,200
6666,25959,144
6667,25997,0
6668,22014,16212
6669,25965,120
6670,17388,39206
6671,25978,72
6672,25984,52
6673,24787,4646
6674,25849,560
6675,25853,544
6676,25985,48
6677,15481,50528
6678,25519,1810
6679,25947,188
6680,25991,24
6681,25978,72
6682,25800,742
6683,25939,220
6684,25935,234
6685,25977,76
6686,23972,7906
6687,25822,660
6688,25985,48
6689,25978,72
6690,24809,4560
6691,25938,224
6692,15467,50612
6693,25197,3048
6694,25958,148
6695,25971,100
6696,25983,56
6697,25719,1048
6698,25976,80
6699,25985,48
6700,23480,9928
6701,25383,2330
6702,25990,28
6703,24993,3842
6704,25980,64
6705,25984,52
6706,25976,80
6707,25899,368
6708,25943,204
6709,25975,84
6710,25907,340
6711,19335,28860
6712,24649,5192
6713,25822,660
6714,14748,55256
6715,25175,3132
6716,25898,372
6717,25895,384
6718,25963,128
6719,20182,24682
6720,25969,108
6721,23762,8762
6722,25985,48
6723,25970,104
6724,25942,208
6725,22684,13290
6726,25956,156
6727,25997,0
6728,25937,228
6729,25940,216
6730,25918,300
6731,25972,96
6732,25746,948
6733,25958,148
6734,25799,748
6735,25978,72
6736,25872,472
6737,24288,6630
6738,25437,2126
6739,25648,1320
6740,25937,228
6741,25976,80
6742,25997,0
6743,25983,56
6744,25869,484
6745,25972,96
6746,25984,52
6747,4,1000000
6748,25948,184
6749,25784,804
6750,25940,216
6751,25890,404
6752,25844,576
6753,25980,64
6754,25962,132
6755,25972,96
6756,16510,44252
6757,25939,220
6758,24991,3850
6759,25897,376
6760,25873,468
6761,25962,132
6762,25997,0
6763,23317,10606
6764,25968,112
6765,25997,0
6766,25918,300
6767,25858,524
6768,25926,270
6769,25881,436
6770,25949,180
6771,25990,28
6772,25937,228
6773,25952,172
6774,3666,190924
6775,25949,180
6776,25991,24
6777,25346,2474
6778,25959,144
6779,21277,19530
6780,15542,50146
6781,25960,140
6782,25971,100
6783,24007,7762
6784,25963,128
6785,25812,696
6786,25404,2252
6787,23879,8284
6788,25978,72
6789,15008,53550
6790,22882,12442
6791,25984,52
6792,25965,120
6793,25899,368
6794,24190,7022
6795,21228,19756
6796,25955,160
6797,25972,96
6798,25735,988
6799,25953,168
6800,25912,320
6801,24898,4212
6802,25903,356
6803,25876,456
6804,25945,196
6805,25965,120
6806,25956,156
6807,24472,5892
6808,25906,344
6809,24934,4070
6810,25835,612
6811,25977,76
6812,24441,6016
6813,25929,256
6814,24215,6924
6815,25853,544
6816,25921,288
6817,25971,100
6818,25370,2380
6819,25922,284
6820,25373,2368
6821,25591,1534
6822,25333,2524
6823,25954,164
6824,25911,324
6825,25947,190
6826,25977,76
6827,23133,11380
6828,25745,952
6829,25904,350
6830,25946,192
6831,25985,48
6832,25443,2102
6833,25294,2674
6834,24442,6012
6835,24567,5518
6836,25975,84
6837,25859,522
6838,3623,192068
6839,25938,224
6840,22701,13216
6841,25929,256
6842,25984,52
6843,25802,734
6844,25977,76
6845,25916,304
6846,25997,0
6847,25775,836
6848,25102,3418
6849,25886,418
6850,24898,4212
6851,25910,328
6852,25858,524
6853,25965,120
6854,25997,0
6855,23188,11146
6856,25990,28
6857,25311,2608
6858,25575,1596
6859,25699,1124
6860,25594,1526
6861,25962,132
6862,25742,964
6863,25988,36
6864,23802,8600
6865,25457,2048
6866,25981,60
6867,25572,1610
6868,25975,84
6869,25952,172
6870,25856,530
6871,25951,176
6872,25985,48
6873,25944,200
6874,24617,5318
6875,24132,7256
6876,25282,2720
6877,25919,296
6878,25953,168
6879,22701,13214
6880,25960,140
6881,25948,184
6882,25127,3320
6883,14237,58692
6884,25885,422
6885,25943,204
6886,24976,3908
6887,25964,124
6888,25956,156
6889,25603,1492
6890,25254,2828
6891,20656,22418
6892,25374,2364
6893,25975,86
6894,25906,345
6895,25955,160
6896,24712,4944
6897,24181,7060
6898,25953,168
6899,25271,2764
6900,25920,292
6901,25890,404
6902,24730,4870
6903,25945,196
6904,25929,256
6905,25943,204
6906,25943,204
6907,23376,10358
6908,25971,100
6909,25752,926
6910,24871,4318
6911,25901,364
6912,25593,1528
6913,25934,240
6914,25422,2182
6915,25911,324
6916,25944,200
6917,25416,2204
6918,18416,33604
6919,25963,128
6920,14665,55806
6921,25971,100
6922,25956,156
6923,24748,4800
6924,25846,568
6925,19829,26400
6926,25857,528
6927,25893,392
6928,25303,2640
6929,24463,5930
6930,25941,212
6931,25932,245
6932,25944,202
6933,25739,972
6934,25270,2768
6935,25952,172
6936,25962,132
6937,25294,2674
6938,25977,76
6939,25997,0
6940,25934,240
6941,21467,18662
6942,22709,13180
6943,25968,112
6944,25955,160
6945,25961,138
6946,21301,19422
6947,25961,136
6948,25940,216
6949,25991,24
6950,25997,0
6951,25937,228
6952,25983,56
6953,25975,84
6954,25997,0
6955,25876,456
6956,24938,4057
6957,25850,556
6958,25985,48
6959,25975,84
6960,20576,22796
6961,25972,96
6962,25940,216
6963,25972,96
6964,25913,316
6965,25729,1012
6966,25858,524
6967,22382,14596
6968,23820,8526
6969,25972,96
6970,25965,120
6971,20642,22482
6972,25067,3554
6973,25963,128
6974,25555,1674
6975,25978,72
6976,25997,0
6977,25941,212
6978,25697,1132
6979,24007,7762
6980,25968,112
6981,25110,3386
6982,25952,172
6983,25280,2728
6984,25963,128
6985,25985,48
6986,25927,264
6987,25978,72
6988,25985,48
6989,25942,208
6990,25943,204
6991,21510,18468
6992,22450,14300
6993,17179,40380
6994,25965,120
6995,25946,192
6996,25640,1348
6997,25985,48
6998,25951,176
6999,25946,192
7000,10582,87612
7001,23282,10754
7002,25942,208
7003,25977,76
7004,24752,4784
7005,25951,176
7006,19581,27626
7007,25817,680
7008,23147,11320
7009,25922,284
7010,25905,348
7011,23364,10408
7012,22398,14524
7013,24994,3838
7014,25869,484
7015,25859,520
7016,25750,932
7017,25932,244
7018,24101,7382
7019,25946,192
7020,25903,356
7021,25901,364
7022,25027,3708
7023,25964,124
7024,24963,3958
7025,25114,3368
7026,25977,76
7027,25960,142
7028,25964,126
7029,25962,132
7030,25978,72
7031,24831,4474
7032,25915,308
7033,25906,344
7034,25868,486
7035,25962,132
7036,25321,2568
7037,25962,132
7038,25568,1624
7039,25976,80
7040,4759,165508
7041,25976,80
7042,25985,48
7043,25926,268
7044,23927,8090
7045,25929,256
7046,25965,120
7047,25990,28
7048,25962,132
7049,25961,136
7050,23336,10528
7051,25991,24
7052,25952,172
7053,25985,48
7054,25879,446
7055,25703,1110
7056,25953,166
7057,25877,452
7058,25870,480
7059,14926,54084
7060,23104,11502
7061,25934,238
7062,25954,164
7063,25969,108
7064,25339,2500
7065,25201,3034
7066,25228,2930
7067,24858,4370
7068,25029,3700
7069,25984,52
7070,25827,642
7071,25269,2770
7072,25997,0
7073,25939,220
7074,23082,11592
7075,25936,232
7076,19784,26620
7077,25944,200
7078,25121,3344
7079,25893,394
7080,9086,102468
7081,25954,164
7082,25940,216
7083,19730,26888
7084,25958,148
7085,25926,268
7086,25879,444
7087,25971,100
7088,25974,88
7089,25886,418
7090,25978,72
7091,25905,348
7092,24998,3820
7093,25937,228
7094,25517,1820
7095,25886,420
7096,22085,15898
7097,25943,204
7098,25991,24
7099,25997,0
7100,25914,314
7101,25981,62
7102,25985,48
7103,25990,28
7104,25934,238
7105,25586,1556
7106,24289,6624
7107,25921,288
7108,25620,1424
7109,25976,80
7110,25021,3732
7111,25949,180
7112,25978,72
7113,25985,48
7114,25964,124
7115,24594,5410
7116,25139,3274
7117,25973,92
7118,25935,236
7119,25976,80
7120,25985,48
7121,24710,4950
7122,25899,368
7123,25980,64
7124,25991,24
7125,25930,252
7126,25927,264
7127,25330,2536
7128,25539,1734
7129,25780,820
7130,25878,448
7131,25572,1610
7132,25670,1236
7133,25991,24
7134,25691,1156
7135,25915,308
7136,25983,56
7137,25991,24
7138,25968,112
7139,17146,40568
7140,25956,156
7141,25611,1458
7142,25837,604
7143,25978,72
7144,25901,364
7145,25734,994
7146,25984,52
7147,20602,22672
7148,25997,0
7149,13855,61340
7150,25863,504
7151,25733,996
7152,25958,148
7153,25869,482
7154,25912,322
7155,24688,5038
7156,25990,28
7157,21884,16790
7158,25947,188
7159,25937,228
7160,25961,136
7161,23626,9324
7162,23587,9482
7163,25698,1128
7164,8215,112292
7165,25926,268
7166,25956,156
7167,25934,240
7168,23856,8380
7169,25886,418
7170,25942,208
7171,25513,1834
7172,25981,60
7173,25991,24
7174,23164,11246
7175,20343,23904
7176,25983,56
7177,24120,7306
7178,25913,316
7179,25984,52
7180,25965,120
7181,25954,164
7182,25983,56
7183,25949,180
7184,25962,132
7185,25960,140
7186,25932,244
7187,25957,152
7188,25879,446
7189,25928,260
7190,25961,136
7191,25940,216
7192,25944,200
7193,25978,72
7194,25672,1226
7195,25924,276
7196,25953,168
7197,25964,126
7198,25717,1058
7199,25974,88
7200,25977,76
7201,25952,172
7202,25131,3304
7203,25962,132
7204,25970,104
7205,25915,308
7206,22887,12420
7207,25997,0
7208,25951,176
7209,25944,200
7210,25962,132
7211,25990,28
7212,25947,190
7213,25928,260
7214,25957,152
7215,25600,1500
7216,25696,1138
7217,25956,156
7218,25922,284
7219,25972,96
7220,25916,304
7221,25985,48
7222,25199,3042
7223,25971,100
7224,25963,128
7225,25118,3354
7226,25884,428
7227,25886,420
7228,25715,1064
7229,18753,31840
7230,14920,54124
7231,25606,1479
7232,25970,104
7233,25952,170
7234,25954,164
7235,24499,5788
7236,25978,72
7237,25975,84
7238,25898,372
7239,25941,212
7240,25602,1494
7241,25956,156
7242,25807,716
7243,25117,3358
7244,23149,11310
7245,25921,288
7246,25821,662
7247,25957,152
7248,25963,128
7249,25977,76
7250,25766,872
7251,25988,36
7252,25943,204
7253,25977,76
7254,25920,292
7255,25904,352
7256,25887,416
7257,25990,28
7258,25965,120
7259,25888,410
7260,25907,340
7261,25893,392
7262,25148,3238
7263,25824,652
7264,25543,1718
7265,25846,568
7266,25969,108
7267,25943,204
7268,25942,208
7269,15149,52642
7270,25523,1796
7271,25960,142
7272,19706,27008
7273,25970,104
7274,25971,100
7275,25588,1546
7276,19432,28370
7277,25981,60
7278,25004,3796
7279,25977,76
7280,24246,6798
7281,25985,48
7282,25918,300
7283,24901,4200
7284,25855,536
7285,22284,15024
7286,25977,76
7287,25734,992
7288,25939,220
7289,25968,110
7290,25805,726
7291,25960,140
7292,25810,704
7293,22360,14692
7294,25914,312
7295,25923,280
7296,20764,21908
7297,22380,14602
7298,25371,2376
7299,23622,9340
7300,25963,128
7301,25997,0
7302,25199,3040
7303,25622,1416
7304,24764,4738
7305,25492,1912
7306,23979,7878
7307,18355,33928
7308,22858,12542
7309,25990,28
7310,25976,80
7311,25971,100
7312,25997,0
7313,25945,196
7314,25942,208
7315,25901,364
7316,24370,6302
7317,25938,222
7318,25906,344
7319,25434,2136
7320,24983,3880
7321,25975,86
7322,25963,128
7323,20252,24342
7324,25997,0
7325,25949,180
7326,22067,15978
7327,25686,1176
7328,25823,658
7329,25896,380
7330,25922,284
7331,25507,1856
7332,25797,756
7333,19016,30478
7334,25997,0
7335,25924,276
7336,25971,100
7337,25811,702
7338,25991,24
7339,25314,2596
7340,24893,4232
7341,25959,144
7342,25844,576
7343,25978,72
7344,25263,2792
7345,21401,18962
7346,25997,0
7347,25284,2714
7348,25922,284
7349,25959,146
7350,25192,3068
7351,25951,176
7352,25991,24
7353,25988,36
7354,25252,2834
7355,25205,3018
7356,23268,10812
7357,25984,52
7358,23470,9968
7359,25915,308
7360,25921,288
7361,25951,176
7362,25879,444
7363,25969,108
7364,25605,1484
7365,25509,1848
7366,25417,2202
7367,25830,630
7368,19345,28808
7369,25830,630
7370,25972,96
7371,25340,2496
7372,25985,48
7373,20991,20850
7374,25901,364
7375,25718,1052
7376,25951,176
7377,25849,560
7378,25978,72
7379,15135,52732
7380,24283,6648
7381,25940,216
7382,25990,28
7383,25275,2746
7384,25603,1492
7385,25894,388
7386,20152,24824
7387,25963,128
7388,25978,72
7389,25456,2050
7390,25758,900
7391,25939,220
7392,25952,172
7393,25957,152
7394,25980,64
7395,25981,60
7396,25962,132
7397,25971,100
7398,25803,732
7399,25959,144
7400,25317,2584
7401,24350,6380
7402,25927,264
7403,25988,36
7404,25970,104
7405,25974,88
7406,24418,6108
7407,25476,1976
7408,25801,738
7409,22245,15192
7410,25981,60
7411,25405,2246
7412,25921,286
7413,25975,84
7414,25984,52
7415,25921,288
7416,25985,48
7417,25903,356
7418,24378,6268
7419,25131,3304
7420,25958,148
7421,25917,302
7422,25841,588
7423,25997,0
7424,25955,160
7425,25801,740
7426,25724,1030
7427,25961,136
7428,22974,12052
7429,25904,352
7430,25945,196
7431,24417,6112
7432,25910,328
7433,25821,664
7434,24224,6888
7435,22657,13404
7436,25666,1252
7437,23818,8534
7438,25258,2812
7439,22881,12446
7440,25784,802
7441,25956,156
7442,25934,240
7443,25456,2050
7444,24512,5734
7445,23076,11618
7446,25984,52
7447,25970,104
7448,25943,204
7449,25943,204
7450,19954,25786
7451,25690,1158
7452,25943,204
7453,23057,11700
7454,25910,328
7455,25878,448
7456,25125,3328
7457,18891,31124
7458,25997,0
7459,24572,5498
7460,25945,196
7461,15202,52296
7462,25924,276
7463,25753,920
7464,25953,168
7465,25946,192
7466,25921,288
7467,25981,60
7468,25935,236
7469,12529,71148
7470,25124,3332
7471,25991,24
7472,25942,208
7473,25968,112
7474,25929,256
7475,25991,24
7476,25823,656
7477,25913,316
7478,25731,1004
7479,25952,172
7480,25997,0
7481,25916,304
7482,971,320444
7483,19474,28160
7484,25922,284
7485,25747,944
7486,22460,14258
7487,18308,34180
7488,25967,116
7489,25951,176
7490,25945,196
7491,23390,10302
7492,25967,116
7493,19844,26326
7494,23809,8572
7495,25710,1082
7496,25977,76
7497,25919,295
7498,25920,292
7499,25929,256
7500,25213,2988
7501,22743,13036
7502,25991,24
7503,25942,208
7504,25949,182
7505,24843,4426
7506,25846,568
7507,25971,100
7508,21519,18428
7509,25580,1576
7510,25991,24
7511,25919,296
7512,24310,6540
7513,25988,36
7514,25963,128
7515,25955,158
7516,23246,10902
7517,25971,100
7518,25739,972
7519,25965,120
7520,25861,512
7521,24689,5034
7522,25948,186
7523,24586,5440
7524,25758,902
7525,25837,602
7526,25959,144
7527,25707,1094
7528,25582,1570
7529,25944,200
7530,25990,28
7531,25978,72
7532,25985,48
7533,25693,1150
7534,25976,80
7535,25425,2172
7536,25928,260
7537,25280,2728
7538,25836,606
7539,6351,137378
7540,25893,392
7541,25908,336
7542,25991,24
7543,25959,144
7544,24935,4068
7545,25991,24
7546,25991,24
7547,25908,336
7548,24832,4472
7549,24907,4176
7550,25825,647
7551,20220,24498
7552,25990,28
7553,25997,0
7554,25446,2090
7555,25879,444
7556,25965,120
7557,24233,6850
7558,25818,676
7559,25997,0
7560,25984,52
7561,25972,96
7562,25206,3012
7563,25981,60
7564,25690,1160
7565,25923,280
7566,17461,38796
7567,25925,272
7568,25294,2672
7569,25281,2724
7570,25975,84
7571,25554,1676
7572,25731,1004
7573,24910,4164
7574,25429,2154
7575,25925,272
7576,18084,35376
7577,19747,26806
7578,25621,1420
7579,25527,1780
7580,25158,3198
7581,25930,252
7582,25718,1054
7583,25257,2818
7584,25528,1778
7585,25894,388
7586,25892,396
7587,16532,44124
7588,25772,848
7589,25891,400
7590,23839,8450
7591,24999,3816
7592,25916,304
7593,25985,48
7594,25946,192
7595,24113,7334
7596,25915,308
7597,25957,152
7598,25949,180
7599,23925,8096
7600,24086,7444
7601,25944,200
7602,25975,84
7603,24693,5016
7604,25936,232
7605,25969,108
7606,25997,0
7607,25970,104
7608,25977,76
7609,25977,76
7610,25911,324
7611,25942,209
7612,25904,352
7613,25984,52
7614,22622,13556
7615,25941,212
7616,25954,164
7617,25391,2300
7618,25964,124
7619,24602,5378
7620,25669,1240
7621,25749,936
7622,24746,4808
7623,25765,874
7624,25947,188
7625,18407,33654
7626,25984,52
7627,25924,276
7628,25937,228
7629,25863,504
7630,25977,76
7631,25946,192
7632,25968,110
7633,25069,3544
7634,24937,4060
7635,25892,396
7636,24720,4910
7637,25891,400
7638,25914,313
7639,25953,168
7640,25955,160
7641,25981,60
7642,25997,0
7643,23915,8136
7644,25965,120
7645,3304,201074
7646,25912,320
7647,25990,28
7648,25932,244
7649,23464,9992
7650,25906,344
7651,25920,290
7652,25924,274
7653,25103,3412
7654,24673,5098
7655,25958,148
7656,25984,52
7657,25965,122
7658,25925,272
7659,23473,9956
7660,25942,208
7661,14452,57230
7662,25975,84
7663,25942,208
7664,25781,816
7665,25964,124
7666,25776,832
7667,25586,1554
7668,25985,48
7669,25892,396
7670,23510,9804
7671,14329,58060
7672,25889,408
7673,23112,11468
7674,25984,52
7675,25950,178
7676,24568,5512
7677,25997,0
7678,24824,4500
7679,25959,146
7680,25964,124
7681,25921,288
7682,25960,140
7683,25612,1456
7684,23420,10176
7685,25944,200
7686,25897,376
7687,25681,1192
7688,25977,76
7689,25871,476
7690,25709,1088
7691,25972,96
7692,25980,64
7693,25997,0
7694,25941,212
7695,23097,11528
7696,24672,5100
7697,25969,108
7698,25902,360
7699,25974,88
7700,22218,15314
7701,25973,92
7702,25981,60
7703,25980,64
7704,25864,500
7705,24157,7156
7706,25997,0
7707,25988,36
7708,24454,5964
7709,25867,492
7710,25948,184
7711,8785,105750
7712,25784,804
7713,25796,760
7714,23619,9350
7715,18626,32502
7716,25925,272
7717,25973,92
7718,23982,7866
7719,25976,80
7720,18193,34792
7721,25991,24
7722,25973,90
7723,21809,17122
7724,25755,912
7725,25975,84
7726,25416,2204
7727,24308,6548
7728,1627,270118
7729,23098,11524
7730,25961,136
7731,25944,200
7732,25981,60
7733,25969,108
7734,24638,5234
7735,25956,156
7736,25976,80
7737,25960,140
7738,25881,436
7739,24825,4496
7740,24432,6054
7741,24825,4496
7742,25972,96
7743,8089,113790
7744,15532,50206
7745,25901,364
7746,25915,308
7747,25965,120
7748,25959,144
7749,25895,384
7750,17994,35862
7751,25985,48
7752,25518,1814
7753,24607,5358
7754,25941,212
7755,25980,64
7756,25914,312
7757,25925,272
7758,25978,72
7759,24298,6590
7760,25775,838
7761,25921,288
7762,25978,72
7763,25206,3012
7764,25972,96
7765,25990,28
7766,14976,53756
7767,19678,27144
7768,25936,230
7769,15230,52118
7770,17096,40852
7771,25432,2142
7772,25787,794
7773,25933,242
7774,13755,62046
7775,25944,200
7776,25837,604
7777,25660,1272
7778,17154,40524
7779,20737,22034
7780,22690,13262
7781,25200,3038
7782,25615,1446
7783,23964,7940
7784,24503,5772
7785,25956,156
7786,25991,24
7787,25981,62
7788,25372,2372
7789,21219,19794
7790,25213,2986
7791,25953,168
7792,21641,17878
7793,19283,29122
7794,25981,60
7795,25555,1674
7796,25943,204
7797,25941,212
7798,25973,90
7799,20161,24780
7800,25962,134
7801,25420,2188
7802,25918,300
7803,25973,90
7804,25997,0
7805,25985,48
7806,25069,3544
7807,25926,268
7808,25956,156
7809,25977,76
7810,25371,2376
7811,23923,8104
7812,25988,36
7813,25797,754
7814,25793,770
7815,24316,6516
7816,25948,186
7817,25938,222
7818,25972,96
7819,25991,24
7820,18758,31810
7821,25627,1398
7822,25934,240
7823,25978,72
7824,23183,11168
7825,18239,34546
7826,25969,108
7827,25981,60
7828,25943,204
7829,25613,1452
7830,25926,268
7831,25727,1020
7832,25185,3096
7833,25956,156
7834,25939,220
7835,25083,3490
7836,23993,7822
7837,25536,1744
7838,25947,188
7839,25925,272
7840,25824,652
7841,25965,120
7842,25726,1024
7843,25782,812
7844,25717,1056
7845,25961,136
7846,25978,72
7847,25889,408
7848,24892,4236
7849,24440,6022
7850,25830,630
7851,25943,204
7852,25912,320
7853,24140,7224
7854,25984,52
7855,25945,196
7856,25983,56
7857,23919,8122
7858,25941,212
7859,25984,52
7860,19447,28294
7861,19593,27566
7862,25951,176
7863,25927,264
7864,25944,200
7865,25699,1124
7866,2670,221820
7867,25492,1914
7868,25978,72
7869,25957,152
7870,25952,170
7871,25970,104
7872,25384,2328
7873,25977,76
7874,25970,104
7875,25975,84
7876,23946,8011
7877,25985,48
7878,25990,28
7879,25882,432
7880,25411,2224
7881,25874,464
7882,25890,404
7883,23135,11368
7884,25963,128
7885,25991,24
7886,21231,19740
7887,24743,4822
7888,25932,244
7889,24850,4400
7890,25977,76
7891,25972,96
7892,25001,3808
7893,25699,1124
7894,24950,4008
7895,25942,208
7896,25071,3538
7897,25339,2500
7898,23528,9728
7899,25297,2662
7900,25953,168
7901,25991,24
7902,25610,1462
7903,20326,23988
7904,25965,120
7905,25991,24
7906,25954,164
7907,25700,1120
7908,25069,3544
7909,15282,51790
7910,25978,72
7911,19539,27836
7912,25991,24
7913,25975,84
7914,14389,57656
7915,25692,1152
7916,25935,236
7917,25265,2786
7918,25892,396
7919,23307,10648
7920,25901,364
7921,25963,128
7922,25934,240
7923,18572,32784
7924,15124,52802
7925,25691,1156
7926,22952,12146
7927,24200,6984
7928,25262,2796
7929,25651,1308
7930,25902,360
7931,24505,5762
7932,25972,96
7933,25991,24
7934,25761,892
7935,25916,304
7936,25965,120
7937,25862,510
7938,25959,144
7939,25612,1456
7940,25975,84
7941,25944,200
7942,25163,3180
7943,25812,696
7944,25918,300
7945,25958,148
7946,25391,2300
7947,25464,2020
7948,25919,296
7949,20609,22640
7950,25938,224
7951,25977,76
7952,25985,48
7953,25988,36
7954,25154,3214
7955,25984,52
7956,25977,76
7957,25991,24
7958,25985,48
7959,25408,2236
7960,25511,1840
7961,25802,736
7962,25940,216
7963,25974,88
7964,25906,344
7965,24860,4360
7966,25985,48
7967,25783,808
7968,25964,124
7969,25991,24
7970,25965,122
7971,24869,4324
7972,25916,304
7973,25972,96
7974,25724,1032
7975,25122,3338
7976,25953,168
7977,10027,92860
7978,19910,26004
7979,24192,7016
7980,25872,473
7981,25964,124
7982,25920,292
7983,24372,6294
7984,22052,16042
7985,25958,148
7986,25977,76
7987,25646,1328
7988,25975,84
7989,25907,338
7990,25997,0
7991,25926,268
7992,25671,1230
7993,25293,2676
7994,25961,136
7995,25961,136
7996,24743,4822
7997,25927,264
7998,25808,712
7999,25847,564
8000,25988,36
8001,25379,2348
8002,25652,1304
8003,25842,584
8004,25991,24
8005,25859,522
8006,25984,52
8007,12541,71052
8008,24802,4588
8009,25960,140
8010,25871,476
8011,25971,100
8012,25919,296
8013,25529,1772
8014,25957,152
8015,25935,236
8016,25026,3712
8017,25991,24
8018,25755,912
8019,25322,2564
8020,25541,1726
8021,23637,9276
8022,25968,112
8023,25940,216
8024,25997,0
8025,25734,992
8026,24742,4826
8027,25984,52
8028,25976,80
8029,24084,7450
8030,25802,736
8031,25965,120
8032,25956,156
8033,25985,48
8034,25096,3440
8035,25754,916
8036,25936,232
8037,25941,210
8038,25988,36
8039,25145,3249
8040,25990,28
8041,25984,52
8042,25963,128
8043,25595,1522
8044,25920,292
8045,25978,72
8046,25936,232
8047,25930,252
8048,24823,4506
8049,25969,108
8050,25334,2518
8051,25972,96
8052,25879,444
8053,25977,76
8054,25895,384
8055,25823,656
8056,23079,11604
8057,25981,60
8058,25624,1412
8059,25963,128
8060,25978,72
8061,24763,4742
8062,25948,184
8063,25903,356
8064,25990,28
8065,25293,2676
8066,25935,236
8067,24767,4724
8068,25943,204
8069,25899,368
8070,25947,188
8071,25991,24
8072,25810,706
8073,25778,826
8074,25955,158
8075,25311,2608
8076,25912,320
8077,25945,196
8078,5980,143244
8079,25885,422
8080,1,806002
8081,24827,4490
8082,24731,4868
8083,25818,674
8084,24545,5602
8085,25552,1686
8086,25978,72
8087,25925,272
8088,25514,1830
8089,25963,128
8090,25205,3018
8091,25706,1100
8092,25953,168
8093,25985,48
8094,21093,20378
8095,25959,144
8096,25902,360
8097,25991,24
8098,25529,1774
8099,25972,96
8100,25635,1370
8101,25983,56
8102,24794,4618
8103,25991,24
8104,25438,2120
8105,22009,16232
8106,25873,468
8107,25949,180
8108,25940,214
8109,25438,2122
8110,23712,8968
8111,25499,1888
8112,25985,48
8113,25942,208
8114,25937,228
8115,25980,64
8116,25964,124
8117,25890,404
8118,25981,60
8119,25985,48
8120,25907,340
8121,25965,120
8122,25601,1496
8123,25135,3290
8124,25153,3220
8125,25035,3676
8126,15497,50428
8127,25094,3448
8128,25913,316
8129,25965,120
8130,24290,6620
8131,25984,52
8132,25875,460
8133,25997,0
8134,25916,304
8135,24910,4164
8136,24683,5056
8137,6939,128736
8138,25960,140
8139,24527,5674
8140,25943,204
8141,7655,119172
8142,25985,48
8143,25965,120
8144,25954,164
8145,25110,3386
8146,23759,8776
8147,25972,96
8148,25983,56
8149,25935,236
8150,25290,2690
8151,25975,84
8152,23995,7812
8153,25985,48
8154,25940,216
8155,20780,21832
8156,25743,960
8157,25964,124
8158,25927,264
8159,25952,170
8160,25944,200
8161,21209,19842
8162,25418,2196
8163,25942,208
8164,25937,228
8165,25991,24
8166,25932,244
8167,25942,208
8168,25227,2932
8169,25969,108
8170,25548,1700
8171,24892,4236
8172,25939,220
8173,25599,1504
8174,24352,6372
8175,24720,4910
8176,25891,400
8177,25896,380
8178,25974,88
8179,25311,2610
8180,25913,318
8181,25964,124
8182,25838,598
8183,25909,332
8184,23284,10746
8185,25366,2398
8186,25174,3136
8187,25326,2552
8188,25983,56
8189,25927,264
8190,25997,0
8191,20626,22560
8192,25985,48
8193,23739,8856
8194,25904,352
8195,25970,104
8196,25117,3358
8197,25928,260
8198,25997,0
8199,25629,1392
8200,25997,0
8201,25965,120
8202,25781,816
8203,25852,548
8204,25901,364
8205,25726,1024
8206,25975,84
8207,25946,192
8208,25912,322
8209,25302,2642
8210,24653,5174
8211,15698,49172
8212,25965,120
8213,11942,75828
8214,19620,27432
8215,25978,72
8216,25984,52
8217,25370,2382
8218,25972,96
8219,25911,324
8220,25927,264
8221,25997,0
8222,25834,616
8223,25338,2506
8224,25741,968
8225,25937,228
8226,25762,888
8227,25311,2608
8228,14720,55442
8229,25991,24
8230,25918,298
8231,25878,448
8232,6272,138594
8233,25456,2052
8234,25984,52
8235,25958,148
8236,25985,48
8237,25955,160
8238,25153,3220
8239,25738,978
8240,25997,0
8241,25405,2246
8242,25928,260
8243,25978,72
8244,25975,84
8245,25957,152
8246,25946,192
8247,24109,7352
8248,25967,116
8249,25953,168
8250,25901,364
8251,25940,216
8252,25681,1192
8253,25901,361
8254,25698,1128
8255,25726,1024
8256,25997,0
8257,25991,24
8258,25985,48
8259,25965,120
8260,25944,200
8261,25932,244
8262,21939,16544
8263,25997,0
8264,21171,20018
8265,25545,1712
8266,25882,432
8267,25862,510
8268,25837,604
8269,25159,3196
8270,25851,552
8271,25991,24
8272,25805,724
8273,25719,1048
8274,14324,58100
8275,25830,628
8276,25976,80
8277,25991,24
8278,25962,132
8279,23938,8044
8280,25084,3488
8281,25956,156
8282,25099,3428
8283,25991,24
8284,24869,4324
8285,25974,88
8286,25951,176
8287,23813,8556
8288,24466,5916
8289,25855,536
8290,24937,4060
8291,25976,80
8292,23908,8168
8293,25949,182
8294,25945,196
8295,25997,0
8296,18927,30936
8297,25974,88
8298,25962,132
8299,25918,298
8300,25981,60
8301,25901,362
8302,23906,8176
8303,25997,0
8304,25859,520
8305,25351,2454
8306,25914,312
8307,25957,152
8308,25864,502
8309,25934,238
8310,25991,24
8311,25978,72
8312,25454,2058
8313,25977,76
8314,25997,0
8315,25971,100
8316,25587,1552
8317,25957,152
8318,25972,96
8319,25991,24
8320,25990,28
8321,25975,84
8322,25985,48
8323,25985,48
8324,25943,204
8325,25831,626
8326,25940,216
8327,25965,120
8328,25948,186
8329,25047,3632
8330,25791,776
8331,25985,48
8332,25997,0
8333,25936,232
8334,25485,1942
8335,24686,5044
8336,25978,72
8337,25985,48
8338,25908,336
8339,25985,48
8340,25991,24
8341,25748,940
8342,25394,2288
8343,21103,20328
8344,25952,172
8345,25984,52
8346,25346,2472
8347,25816,684
8348,24807,4568
8349,25956,156
8350,24056,7566
8351,25959,144
8352,25951,176
8353,25700,1120
8354,24589,5428
8355,25882,432
8356,25720,1046
8357,25341,2492
8358,11106,82894
8359,25855,536
8360,22821,12700
8361,25911,324
8362,25472,1992
8363,24699,4992
8364,22390,14560
8365,24356,6356
8366,25981,60
8367,24607,5356
8368,25922,284
8369,25946,192
8370,25430,2152
8371,25978,72
8372,25942,208
8373,25968,112
8374,17518,38480
8375,25857,528
8376,25915,308
8377,25184,3098
8378,25965,120
8379,25953,168
8380,25963,128
8381,25963,128
8382,25971,100
8383,24603,5372
8384,25918,300
8385,25718,1052
8386,24538,5632
8387,25910,330
8388,25930,252
8389,25454,2060
8390,25918,300
8391,25932,244
8392,19282,29128
8393,25971,100
8394,24338,6428
8395,25962,132
8396,25940,216
8397,25697,1132
8398,25997,0
8399,25981,60
8400,25749,936
8401,25970,104
8402,25984,52
8403,23655,9204
8404,22642,13468
8405,25569,1620
8406,25042,3648
8407,25963,128
8408,24696,5004
8409,25991,24
8410,23167,11236
8411,25593,1528
8412,25964,124
8413,25691,1154
8414,25932,244
8415,25964,124
8416,25135,3290
8417,25918,298
8418,19551,27778
8419,22478,14176
8420,25969,108
8421,25871,476
8422,24649,5192
8423,25997,0
8424,22065,15984
8425,25984,52
8426,25889,408
8427,25969,108
8428,25903,356
8429,25965,120
8430,25845,572
8431,19595,27557
8432,25997,0
8433,25931,248
8434,25964,124
8435,25949,182
8436,23121,11430
8437,24995,3832
8438,25955,160
8439,25949,180
8440,25906,344
8441,25965,120
8442,25884,428
8443,25779,824
8444,25985,48
8445,25977,76
8446,25089,3468
8447,25984,52
8448,25745,952
8449,24687,5040
8450,24666,5126
8451,24941,4042
8452,25822,660
8453,25818,676
8454,21334,19268
8455,25972,96
8456,25664,1258
8457,25912,320
8458,25977,76
8459,25324,2560
8460,25968,112
8461,25448,2082
8462,25912,320
8463,25991,24
8464,25963,128
8465,25943,204
8466,25943,204
8467,25956,156
8468,25354,2444
8469,25949,180
8470,25956,156
8471,25943,204
8472,25964,124
8473,24979,3894
8474,25980,64
8475,25796,758
8476,25991,24
8477,25933,242
8478,24243,6812
8479,25931,250
8480,25949,181
8481,25899,370
8482,25972,96
8483,25975,84
8484,25985,48
8485,25946,192
8486,25997,0
8487,25882,432
8488,25983,56
8489,25959,144
8490,25640,1348
8491,23117,11446
8492,23325,10574
8493,25957,152
8494,25981,60
8495,25991,24
8496,25978,72
8497,23430,10136
8498,25914,312
8499,23754,8796
8500,25920,292
8501,25971,100
8502,24787,4648
8503,25991,24
8504,25880,440
8505,24703,4980
8506,19368,28692
8507,25943,206
8508,25927,264
8509,25952,172
8510,24049,7594
8511,25794,764
8512,25997,0
8513,25988,36
8514,25101,3422
8515,25780,818
8516,25980,64
8517,25970,104
8518,25926,268
8519,25981,62
8520,25997,0
8521,25838,600
8522,25952,170
8523,19131,29890
8524,24143,7213
8525,25990,28
8526,25856,532
8527,15414,50950
8528,22011,16224
8529,22930,12236
8530,25985,48
8531,23728,8902
8532,25985,48
8533,25984,52
8534,19176,29662
8535,25855,536
8536,25904,352
8537,25946,194
8538,25957,152
8539,22657,13404
8540,25970,104
8541,25704,1108
8542,25988,36
8543,25990,28
8544,23411,10212
8545,25916,306
8546,21928,16594
8547,25971,100
8548,25970,104
8549,23687,9072
8550,25952,172
8551,25647,1324
8552,24548,5590
8553,25964,124
8554,25919,296
8555,25897,378
8556,25962,134
8557,25978,72
8558,24859,4366
8559,25840,592
8560,25881,436
8561,24966,3944
8562,20395,23656
8563,24940,4046
8564,25983,56
8565,25984,52
8566,24546,5600
8567,25300,2650
8568,25964,124
8569,24936,4064
8570,25983,56
8571,21034,20648
8572,25952,172
8573,25922,284
8574,25991,24
8575,25720,1044
8576,25978,72
8577,25997,0
8578,25732,1002
8579,25938,224
8580,25123,3334
8581,25820,668
8582,25978,72
8583,25915,308
8584,25985,48
8585,25298,2660
8586,25905,348
8587,25918,298
8588,25924,276
8589,25880,440
8590,25414,2212
8591,25957,152
8592,25975,84
8593,25913,316
8594,25963,128
8595,25938,224
8596,25991,24
8597,25935,236
8598,25501,1880
8599,25971,100
8600,25932,246
8601,25909,334
8602,25899,368
8603,25722,1040
8604,25853,544
8605,7247,124512
8606,25997,0
8607,24580,5466
8608,25965,120
8609,24753,4780
8610,25991,24
8611,22968,12076
8612,25892,396
8613,25977,76
8614,16536,44100
8615,25944,200
8616,25976,80
8617,25897,376
8618,25973,90
8619,25926,268
8620,25978,72
8621,25777,830
8622,25756,910
8623,24830,4478
8624,25958,148
8625,25946,192
8626,13184,66182
8627,25631,1382
8628,25972,96
8629,25570,1614
8630,25965,120
8631,25891,400
8632,25955,160
8633,25978,72
8634,25960,140
8635,22047,16064
8636,25944,202
8637,24043,7616
8638,25304,2636
8639,25962,132
8640,24888,4250
8641,25921,286
8642,25932,244
8643,24421,6096
8644,24545,5604
8645,25990,28
8646,25702,1114
8647,25728,1016
8648,25432,2144
8649,25997,0
8650,25945,196
8651,25966,118
8652,25287,2702
8653,24997,3824
8654,22816,12724
8655,25956,156
8656,25990,28
8657,25984,52
8658,25936,232
8659,25965,120
8660,25915,308
8661,25938,224
8662,25952,172
8663,25967,116
8664,25938,224
8665,15429,50852
8666,25726,1024
8667,25975,84
8668,15546,50120
8669,21360,19150
8670,25904,352
8671,19845,26320
8672,24397,6194
8673,24539,5628
8674,25914,312
8675,25916,304
8676,25553,1682
8677,24974,3914
8678,25991,24
8679,25926,268
8680,23477,9938
8681,25985,48
8682,14512,56828
8683,25981,60
8684,25977,76
8685,25997,0
8686,25297,2664
8687,25812,698
8688,24411,6136
8689,25573,1605
8690,25934,240
8691,25889,408
8692,25863,504
8693,25997,0
8694,25851,552
8695,25991,24
8696,25244,2866
8697,25967,116
8698,25522,1800
8699,25906,344
8700,25936,232
8701,25977,76
8702,25981,60
8703,17420,39022
8704,25965,120
8705,15474,50568
8706,25961,136
8707,25940,216
8708,19505,28004
8709,25977,76
8710,25790,780
8711,25976,80
8712,25889,408
8713,25907,340
8714,25887,416
8715,25730,1008
8716,25918,300
8717,25027,3708
8718,25984,52
8719,25984,52
8720,25939,220
8721,25059,3584
8722,25991,24
8723,25972,96
8724,25962,132
8725,25936,232
8726,25972,96
8727,25917,302
8728,25906,344
8729,25981,60
8730,25878,448
8731,25957,152
8732,25903,356
8733,25991,24
8734,25978,72
8735,25983,56
8736,24608,5354
8737,25815,688
8738,25590,1540
8739,25968,112
8740,25958,148
8741,25985,48
8742,25961,136
8743,25990,28
8744,25192,3068
8745,25981,60
8746,25688,1168
8747,22363,14680
8748,24560,5544
8749,22712,13168
8750,25953,168
8751,25425,2172
8752,25985,48
8753,25977,76
8754,24949,4012
8755,16334,45300
8756,25392,2298
8757,25981,60
8758,25960,140
8759,25101,3422
8760,25756,910
8761,21845,16960
8762,23973,7900
8763,25959,144
8764,25975,84
8765,25975,86
8766,23854,8388
8767,25961,136
8768,25582,1570
8769,13294,65374
8770,3070,208230
8771,25997,0
8772,25645,1332
8773,25331,2532
8774,25892,396
8775,25355,2440
8776,24579,5470
8777,25985,48
8778,25577,1590
8779,25931,248
8780,25927,266
8781,25970,104
8782,25965,120
8783,25991,24
8784,25579,1580
8785,25991,24
8786,25705,1104
8787,25953,166
8788,25921,288
8789,25962,132
8790,25818,674
8791,25464,2020
8792,25929,256
8793,25941,212
8794,6687,132346
8795,25965,120
8796,25973,92
8797,25962,132
8798,25991,24
8799,25991,24
8800,24414,6126
8801,25889,408
8802,25985,48
8803,25962,132
8804,25969,108
8805,25972,96
8806,21880,16806
8807,25984,52
8808,25967,116
8809,25929,256
8810,5417,152884
8811,25972,96
8812,25977,78
8813,25333,2522
8814,14926,54084
8815,25859,520
8816,25825,648
8817,25676,1211
8818,25887,416
8819,20768,21888
8820,23392,10292
8821,25657,1284
8822,25991,24
8823,24452,5972
8824,25905,348
8825,25952,172
8826,17947,36118
8827,25963,128
8828,25905,348
8829,25991,24
8830,25985,48
8831,25984,52
8832,25143,3256
8833,22332,14814
8834,25991,24
8835,5030,160102
8836,25601,1498
8837,24692,5022
8838,25952,172
8839,25964,124
8840,25951,176
8841,25977,76
8842,24227,6876
8843,25541,1728
8844,25831,626
8845,24409,6144
8846,25820,668
8847,25968,112
8848,25328,2542
8849,22932,12230
8850,25923,280
8851,25964,124
8852,23082,11592
8853,25962,132
8854,20193,24626
8855,25949,180
8856,25997,0
8857,25974,88
8858,25438,2120
8859,25702,1114
8860,24719,4916
8861,25945,196
8862,25879,444
8863,23550,9638
8864,25887,416
8865,25978,72
8866,13187,66160
8867,25946,192
8868,25943,204
8869,25927,264
8870,25957,152
8871,19389,28588
8872,20169,24742
8873,25958,148
8874,25955,160
8875,25361,2416
8876,25997,0
8877,25044,3640
8878,25937,225
8879,25153,3220
8880,25969,108
8881,25944,200
8882,24967,3942
8883,25967,116
8884,25991,24
8885,25959,144
8886,19835,26368
8887,24070,7508
8888,25873,468
8889,25774,842
8890,25990,28
8891,25405,2248
8892,25922,282
8893,25954,164
8894,25939,220
8895,25860,516
8896,25944,200
8897,24836,4454
8898,24682,5060
8899,25943,204
8900,20824,21626
8901,25956,156
8902,25939,220
8903,25988,36
8904,25936,232
8905,16755,42816
8906,25951,176
8907,25703,1112
8908,25289,2692
8909,25893,392
8910,25923,278
8911,25986,44
8912,25926,268
8913,15407,50992
8914,25953,168
8915,25991,24
8916,24851,4394
8917,24645,5206
8918,25960,140
8919,25990,28
8920,25433,2140
8921,25855,534
8922,25679,1200
8923,25767,866
8924,25978,72
8925,25984,52
8926,25981,60
8927,25978,72
8928,24191,7020
8929,25911,324
8930,25928,260
8931,22716,13152
8932,25899,368
8933,24960,3968
8934,21656,17810
8935,21469,18656
8936,25997,0
8937,25938,224
8938,25938,224
8939,25990,28
8940,25957,152
8941,25123,3336
8942,25918,300
8943,25944,200
8944,25313,2600
8945,25961,136
8946,25408,2236
8947,25713,1072
8948,25964,124
8949,25871,474
8950,25943,204
8951,25898,372
8952,25997,0
8953,25997,0
8954,25509,1850
8955,25266,2780
8956,25742,964
8957,25985,48
8958,25958,148
8959,25931,248
8960,25425,2170
8961,25990,28
8962,25985,48
8963,25886,420
8964,25895,384
8965,25426,2168
8966,25990,28
8967,25525,1786
8968,25978,72
8969,25212,2992
8970,25956,156
8971,25685,1178
8972,25991,24
8973,25947,188
8974,25956,156
8975,25985,48
8976,25935,236
8977,25495,1904
8978,25902,360
8979,25953,168
8980,25975,84
8981,25131,3302
8982,25990,28
8983,25936,232
8984,25640,1348
8985,25990,28
8986,25981,60
8987,25374,2364
8988,25682,1188
8989,25962,132
8990,25984,52
8991,24870,4320
8992,24709,4956
8993,25806,722
8994,21443,18774
8995,25988,36
8996,24041,7624
8997,25983,56
8998,24313,6528
8999,25434,2136
9000,25985,48
9001,25978,72
9002,25912,320
9003,25862,508
9004,24315,6520
9005,25928,260
9006,25972,96
9007,25971,100
9008,25963,128
9009,25805,724
9010,24367,6312
9011,20552,22908
9012,25829,632
9013,25991,24
9014,25997,0
9015,25975,84
9016,25984,52
9017,25935,234
9018,25888,410
9019,25871,474
9020,17742,37240
9021,25936,230
9022,25939,220
9023,25930,252
9024,25983,56
9025,17216,40172
9026,24910,4166
9027,25361,2414
9028,25984,52
9029,24211,6938
9030,24364,6326
9031,25941,212
9032,22723,13122
9033,20874,21392
9034,24615,5324
9035,24976,3906
9036,25934,240
9037,25928,260
9038,25934,238
9039,22739,13052
9040,25924,276
9041,25947,190
9042,25863,506
9043,25945,196
9044,25958,148
9045,25963,130
9046,25934,240
9047,24470,5900
9048,25985,48
9049,24913,4152
9050,22908,12332
9051,24738,4840
9052,25687,1172
9053,25104,3408
9054,25942,208
9055,25916,304
9056,25997,0
9057,25017,3746
9058,25991,24
9059,25947,188
9060,25079,3506
9061,25337,2510
9062,25809,710
9063,25990,28
9064,25981,60
9065,22993,11968
9066,25997,0
9067,25894,388
9068,8652,107232
9069,25962,132
9070,13513,63776
9071,25312,2604
9072,25893,392
9073,16127,46540
9074,24686,5044
9075,25937,228
9076,25957,152
9077,25926,268
9078,25977,76
9079,25958,148
9080,25990,28
9081,25935,236
9082,25976,80
9083,25880,440
9084,25871,476
9085,25243,2872
9086,25746,948
9087,25971,100
9088,25990,28
9089,25634,1372
9090,25341,2492
9091,23459,10016
9092,25991,24
9093,25985,48
9094,25965,120
9095,25985,48
9096,25997,0
9097,25889,408
9098,25837,604
9099,25962,132
9100,25970,104
9101,25990,28
9102,24763,4742
9103,25968,112
9104,20494,23186
9105,25940,216
9106,25085,3482
9107,24767,4724
9108,25913,318
9109,24816,4534
9110,25861,512
9111,25625,1408
9112,25959,146
9113,25972,96
9114,25888,412
9115,25984,52
9116,25860,516
9117,25984,52
9118,25954,164
9119,12128,74318
9120,21688,17666
9121,23993,7822
9122,25906,344
9123,24673,5096
9124,25997,0
9125,25961,136
9126,25523,1796
9127,25963,128
9128,25985,48
9129,25467,2008
9130,25327,2548
9131,25356,2434
9132,24979,3894
9133,23438,10102
9134,25968,112
9135,25919,296
9136,25934,240
9137,25934,240
9138,22903,12354
9139,25463,2024
9140,25990,28
9141,25946,194
9142,25825,648
9143,25791,778
9144,25649,1316
9145,25969,108
9146,24950,4010
9147,25963,128
9148,24426,6076
9149,25925,272
9150,24741,4830
9151,25810,704
9152,25932,244
9153,24860,4360
9154,21086,20408
9155,25517,1820
9156,25991,24
9157,25893,392
9158,25981,60
9159,25991,24
9160,25864,502
9161,23074,11626
9162,25952,172
9163,25488,1928
9164,25940,214
9165,25853,542
9166,24673,5096
9167,23898,8208
9168,25905,348
9169,25963,128
9170,25953,168
9171,25997,0
9172,25991,24
9173,25983,56
9174,25955,160
9175,25898,374
9176,25978,72
9177,25842,586
9178,23809,8570
9179,25949,180
9180,25964,124
9181,25965,120
9182,25214,2984
9183,25736,984
9184,24659,5152
9185,24419,6106
9186,25980,64
9187,25988,36
9188,19765,26716
9189,23352,10460
9190,25462,2028
9191,25471,1994
9192,25890,402
9193,25798,752
9194,25949,180
9195,25984,52
9196,25984,52
9197,25997,0
9198,25796,760
9199,25955,158
9200,25967,116
9201,25934,240
9202,25941,212
9203,25949,180
9204,25723,1034
9205,25942,208
9206,25997,0
9207,25976,80
9208,25954,164
9209,25073,3528
9210,25179,3118
9211,25958,148
9212,25945,196
9213,25928,260
9214,20966,20964
9215,25976,80
9216,25867,490
9217,25808,712
9218,25936,232
9219,25920,292
9220,25971,100
9221,25947,188
9222,25733,996
9223,23296,10696
9224,25943,204
9225,25910,328
9226,25303,2638
9227,25965,120
9228,25965,120
9229,25307,2624
9230,25985,48
9231,25581,1574
9232,14621,56100
9233,13518,63740
9234,25970,104
9235,25971,100
9236,25886,420
9237,25997,0
9238,25928,260
9239,25369,2384
9240,24848,4406
9241,21034,20648
9242,25511,1842
9243,23518,9768
9244,25984,52
9245,25977,76
9246,25949,180
9247,25909,332
9248,25187,3086
9249,25972,96
9250,25368,2390
9251,21936,16556
9252,20135,24906
9253,25997,0
9254,25912,320
9255,25906,344
9256,25977,76
9257,25963,128
9258,23443,10082
9259,25158,3198
9260,25903,356
9261,25990,28
9262,25997,0
9263,25978,72
9264,25932,246
9265,17728,37314
9266,25919,294
9267,24788,4644
9268,22442,14336
9269,25969,108
9270,25921,286
9271,25956,156
9272,25991,24
9273,25969,108
9274,24071,7506
9275,25938,224
9276,25150,3232
9277,25985,48
9278,25946,194
9279,25956,156
9280,25952,172
9281,25857,528
9282,10528,88112
9283,25364,2404
9284,25898,372
9285,25189,3080
9286,25879,444
9287,25965,120
9288,25951,176
9289,25973,92
9290,25949,182
9291,25972,96
9292,25958,148
9293,25820,668
9294,25892,396
9295,25734,994
9296,23993,7820
9297,13765,61980
9298,25613,1454
9299,25065,3560
9300,25124,3330
9301,25962,132
9302,25937,228
9303,25864,500
9304,25961,136
9305,25991,24
9306,11664,78118
9307,25923,280
9308,25997,0
9309,25907,340
9310,25928,260
9311,23458,10020
9312,25859,520
9313,24852,4390
9314,25830,628
9315,8032,114486
9316,25941,212
9317,25352,2452
9318,25949,180
9319,25977,76
9320,23263,10832
9321,25902,360
9322,25988,36
9323,25984,52
9324,25990,28
9325,25955,160
9326,25971,100
9327,25940,216
9328,25964,124
9329,25913,318
9330,25696,1136
9331,25969,108
9332,25923,280
9333,25806,720
9334,23393,10288
9335,25959,144
9336,24850,4400
9337,25985,48
9338,24763,4740
9339,25949,180
9340,25997,0
9341,25732,1002
9342,25985,48
9343,25952,172
9344,25923,280
9345,25963,128
9346,25940,216
9347,25366,2398
9348,25670,1236
9349,25661,1268
9350,25238,2888
9351,24774,4700
9352,25863,504
9353,25970,104
9354,25977,76
9355,25980,64
9356,25042,3650
9357,25907,340
9358,25975,84
9359,25856,532
9360,25964,124
9361,25972,96
9362,23440,10092
9363,25856,532
9364,25970,104
9365,25961,136
9366,25958,148
9367,25935,236
9368,25978,72
9369,25997,0
9370,25468,2006
9371,25932,244
9372,25902,360
9373,25913,316
9374,23755,8792
9375,25489,1926
9376,25991,24
9377,25991,24
9378,25938,224
9379,25975,84
9380,25961,138
9381,19992,25602
9382,25959,144
9383,25991,24
9384,25974,88
9385,25905,346
9386,14383,57694
9387,24362,6332
9388,25018,3742
9389,25949,180
9390,24378,6270
9391,25984,52
9392,25927,266
9393,25969,108
9394,25984,52
9395,19641,27326
9396,25958,148
9397,25981,60
9398,25983,56
9399,25980,64
9400,25909,332
9401,25763,884
9402,25978,72
9403,25291,2686
9404,25728,1016
9405,25964,124
9406,25949,180
9407,25990,28
9408,25970,104
9409,24133,7254
9410,25978,72
9411,25990,28
9412,25974,88
9413,25959,144
9414,25947,188
9415,25960,140
9416,25741,966
9417,25963,128
9418,25830,630
9419,25956,156
9420,25824,652
9421,14159,59224
9422,25975,84
9423,24496,5800
9424,25960,140
9425,25912,320
9426,25964,124
9427,24883,4272
9428,25590,1540
9429,25958,148
9430,986,318904
9431,25956,156
9432,25110,3386
9433,24557,5554
9434,14650,55904
9435,18998,30570
9436,25902,360
9437,25997,0
9438,25725,1028
9439,24996,3828
9440,25925,272
9441,25971,100
9442,25904,352
9443,25984,52
9444,25972,96
9445,24902,4196
9446,25862,508
9447,24298,6590
9448,25991,24
9449,25961,136
9450,25940,214
9451,24719,4916
9452,25963,128
9453,25966,118
9454,25206,3014
9455,25949,180
9456,25837,602
9457,25732,1002
9458,25943,204
9459,17483,38670
9460,25658,1280
9461,22296,14970
9462,25978,72
9463,24648,5196
9464,24874,4306
9465,25607,1474
9466,25888,412
9467,25847,566
9468,14119,59504
9469,25978,72
9470,25946,192
9471,25965,120
9472,25997,0
9473,25906,342
9474,25957,152
9475,25963,128
9476,25980,64
9477,25086,3480
9478,22163,15554
9479,25869,484
9480,22741,13046
9481,25901,364
9482,25830,630
9483,25624,1410
9484,19315,28958
9485,25583,1566
9486,25666,1250
9487,24339,6426
9488,25968,112
9489,25928,262
9490,25898,374
9491,25944,200
9492,25437,2124
9493,25816,682
9494,25666,1252
9495,25803,730
9496,25761,892
9497,13767,61965
9498,24982,3884
9499,25504,1868
9500,20901,21268
9501,25819,670
9502,25938,224
9503,25961,136
9504,25023,3722
9505,25965,120
9506,24828,4486
9507,17666,37656
9508,25974,88
9509,25679,1201
9510,25942,208
9511,25937,228
9512,20821,21642
9513,25952,172
9514,25909,334
9515,25990,28
9516,24744,4818
9517,25985,48
9518,25957,152
9519,25932,244
9520,25976,80
9521,25984,52
9522,25991,24
9523,11681,77982
9524,25926,268
9525,25755,912
9526,25833,618
9527,25645,1332
9528,25856,530
9529,25997,0
9530,25934,240
9531,25926,268
9532,18183,34844
9533,25930,252
9534,25343,2484
9535,25963,128
9536,25422,2180
9537,25968,110
9538,24700,4990
9539,25924,274
9540,25187,3086
9541,5109,158578
9542,25956,156
9543,3883,185336
9544,25960,140
9545,25913,318
9546,25849,558
9547,25997,0
9548,25983,56
9549,25541,1728
9550,23788,8656
9551,24210,6944
9552,23098,11524
9553,14182,59068
9554,25735,990
9555,25991,24
9556,25975,84
9557,25928,260
9558,25984,52
9559,25234,2904
9560,24965,3950
9561,25941,212
9562,25977,76
9563,25766,872
9564,25339,2502
9565,23536,9694
9566,25948,184
9567,25937,228
9568,25972,96
9569,25941,210
9570,25904,352
9571,25997,0
9572,25103,3412
9573,25392,2296
9574,25984,52
9575,25897,376
9576,25991,24
9577,25930,252
9578,25113,3372
9579,23862,8356
9580,25953,168
9581,25946,192
9582,25917,302
9583,25964,124
9584,24901,4198
9585,25951,176
9586,13796,61760
9587,25991,24
9588,23001,11936
9589,25962,132
9590,25939,220
9591,25405,2246
9592,25557,1664
9593,23355,10448
9594,18133,35112
9595,25444,2096
9596,25985,48
9597,25964,124
9598,21908,16682
9599,25969,108
9600,25977,76
9601,21001,20804
9602,25855,534
9603,25848,562
9604,25969,108
9605,25969,108
9606,25951,176
9607,25958,148
9608,25969,108
9609,25977,76
9610,23399,10262
9611,25981,60
9612,25952,172
9613,25969,108
9614,25953,168
9615,25335,2516
9616,25955,160
9617,25991,24
9618,25768,864
9619,25603,1492
9620,25830,628
9621,25424,2174
9622,25685,1180
9623,25978,72
9624,24836,4456
9625,24833,4468
9626,25952,172
9627,25976,80
9628,25351,2456
9629,25712,1076
9630,25885,424
9631,23771,8726
9632,25971,100
9633,25965,120
9634,25901,364
9635,20932,21124
9636,20743,22008
9637,23922,8110
9638,22015,16208
9639,18491,33210
9640,23699,9022
9641,23593,9460
9642,25947,188
9643,25817,678
9644,25997,0
9645,25946,192
9646,25908,336
9647,25997,0
9648,25932,244
9649,25977,76
9650,25977,76
9651,25990,28
9652,25934,240
9653,25820,668
9654,25852,546
9655,25901,364
9656,25968,112
9657,25311,2608
9658,25975,86
9659,25962,132
9660,25517,1818
9661,25843,580
9662,25910,328
9663,25924,276
9664,25977,76
9665,25160,3190
9666,24728,4880
9667,25944,200
9668,25647,1324
9669,25928,260
9670,24463,5928
9671,20970,20948
9672,25972,96
9673,25991,24
9674,25562,1648
9675,25971,100
9676,25968,112
9677,25971,98
9678,21059,20532
9679,25899,370
9680,25946,192
9681,25964,124
9682,25583,1566
9683,24573,5492
9684,19445,28308
9685,23899,8202
9686,15053,53260
9687,25978,72
9688,25937,228
9689,24416,6118
9690,25960,140
9691,25959,144
9692,25985,48
9693,25852,548
9694,22538,13918
9695,25864,502
9696,25991,24
9697,18510,33108
9698,25957,152
9699,25222,2950
9700,25978,72
9701,25984,52
9702,25656,1290
9703,25916,304
9704,25964,124
9705,23775,8710
9706,25976,80
9707,25997,0
9708,25960,140
9709,25963,128
9710,25956,156
9711,24429,6064
9712,25479,1964
9713,25980,64
9714,25972,96
9715,25259,2808
9716,25956,156
9717,25789,784
9718,25001,3808
9719,25997,0
9720,25990,28
9721,24810,4556
9722,25895,384
9723,25842,586
9724,25158,3198
9725,25970,104
9726,25373,2368
9727,25997,0
9728,25965,120
9729,25047,3630
9730,25218,2968
9731,25232,2912
9732,23605,9408
9733,25984,52
9734,24056,7566
9735,25810,704
9736,23245,10906
9737,24414,6124
9738,25125,3326
9739,23973,7900
9740,19720,26938
9741,25499,1886
9742,23507,9816
9743,25877,452
9744,25607,1476
9745,20463,23334
9746,25949,180
9747,25844,576
9748,23241,10926
9749,25852,546
9750,25980,64
9751,24449,5986
9752,25699,1126
9753,25991,24
9754,25985,48
9755,25936,230
9756,25997,0
9757,25970,104
9758,25175,3132
9759,25977,76
9760,23751,8810
9761,25351,2454
9762,25887,416
9763,25841,588
9764,25956,156
9765,25948,184
9766,25320,2574
9767,23037,11784
9768,25978,72
9769,23440,10094
9770,25964,124
9771,25984,52
9772,18578,32754
9773,25876,456
9774,25890,404
9775,25938,224
9776,25977,76
9777,24959,3972
9778,25932,244
9779,25962,132
9780,21801,17160
9781,25628,1396
9782,25932,244
9783,25965,122
9784,25679,1200
9785,25997,0
9786,25985,48
9787,25953,168
9788,25963,128
9789,25686,1174
9790,25469,2000
9791,25977,76
9792,25956,156
9793,22603,13636
9794,23626,9324
9795,25571,1612
9796,25265,2786
9797,25705,1102
9798,25977,76
9799,24629,5272
9800,21822,17066
9801,25745,952
9802,16084,46804
9803,25978,72
9804,25915,308
9805,24188,7030
9806,25969,108
9807,25463,2024
9808,25610,1464
9809,25933,242
9810,25997,0
9811,25766,872
9812,25926,268
9813,25422,2180
9814,25948,184
9815,25856,532
9816,25991,24
9817,25955,160
9818,25901,364
9819,25664,1260
9820,25983,56
9821,25748,940
9822,23700,9020
9823,25739,972
9824,25991,24
9825,22481,14164
9826,25522,1798
9827,25962,132
9828,25750,934
9829,25977,76
9830,24431,6058
9831,25733,998
9832,25950,177
9833,25976,80
9834,25939,220
9835,25953,168
9836,25965,120
9837,21586,18126
9838,25969,108
9839,25863,504
9840,25971,100
9841,25357,2432
9842,25978,72
9843,25115,3364
9844,8372,110446
9845,25991,24
9846,25959,144
9847,24623,5294
9848,25912,322
9849,25984,52
9850,25949,182
9851,25997,0
9852,14852,54572
9853,24598,5394
9854,25054,3604
9855,25942,208
9856,25948,184
9857,25926,268
9858,24997,3824
9859,25730,1006
9860,24128,7272
9861,25948,184
9862,25978,72
9863,25882,434
9864,25941,212
9865,24162,7138
9866,25611,1460
9867,25889,406
9868,25985,48
9869,25923,278
9870,24811,4552
9871,25965,120
9872,25959,144
9873,25423,2178
9874,16738,42916
9875,25842,584
9876,25977,76
9877,25962,132
9878,25891,400
9879,24983,3880
9880,25997,0
9881,25915,308
9882,25922,282
9883,24161,7140
9884,25855,536
9885,25643,1338
9886,25932,244
9887,25956,156
9888,25970,104
9889,25951,176
9890,25977,76
9891,25957,152
9892,25954,164
9893,25931,248
9894,25239,2886
9895,25962,132
9896,14409,57520
9897,25307,2622
9898,25937,228
9899,25726,1024
9900,25970,104
9901,25970,104
9902,24903,4194
9903,23331,10546
9904,25916,304
9905,25943,204
9906,25867,490
9907,25991,24
9908,25675,1218
9909,25990,28
9910,25007,3784
9911,21110,20296
9912,25359,2424
9913,25985,48
9914,25953,168
9915,25946,192
9916,25947,188
9917,25876,456
9918,25915,308
9919,25915,308
9920,25976,80
9921,25427,2164
9922,24684,5054
9923,25202,3030
9924,20977,20916
9925,25962,132
9926,25957,152
9927,25913,316
9928,25988,36
9929,25988,36
9930,25991,24
9931,14343,57968
9932,25897,376
9933,25898,372
9934,14752,55226
9935,25956,156
9936,25972,96
9937,9005,103336
9938,25949,180
9939,25651,1308
9940,25878,450
9941,24485,5844
9942,25879,444
9943,25971,100
9944,24428,6068
9945,23569,9560
9946,23421,10172
9947,25997,0
9948,25825,648
9949,20363,23810
9950,25963,128
9951,25528,1778
9952,25769,862
9953,25988,36
9954,24081,7462
9955,25922,284
9956,25939,220
9957,24235,6842
9958,24402,6172
9959,25962,134
9960,25905,348
9961,25984,52
9962,25955,160
9963,25823,656
9964,25733,996
9965,25306,2627
9966,25928,262
9967,25977,76
9968,25937,228
9969,25961,138
9970,25922,284
9971,25034,3680
9972,25861,512
9973,24682,5062
9974,25612,1456
9975,24868,4330
9976,25151,3228
9977,25154,3214
9978,23327,10564
9979,25964,124
9980,25021,3732
9981,25328,2544
9982,25927,266
9983,25812,698
9984,21597,18075
9985,25905,346
9986,25991,24
9987,25939,220
9988,25924,274
9989,25379,2348
9990,25540,1732
9991,25788,788
9992,25250,2842
9993,25524,1792
9994,25948,186
9995,24515,5724
9996,25961,136
9997,25964,124
9998,15374,51203
9999,24907,4176
10000,25973,92
10001,25981,60
10002,25182,3108
10003,25939,220
10004,19983,25644
10005,25896,380
10006,23870,8322
10007,25613,1452
10008,25276,2744
10009,24716,4928
10010,24391,6218
10011,25212,2990
10012,25394,2290
10013,21015,20738
10014,25960,140
10015,22961,12104
10016,25972,96
10017,25169,3156
10018,25932,244
10019,25984,52
10020,25897,378
10021,25965,120
10022,25958,148
10023,25991,24
10024,25963,128
10025,25523,1796
10026,25934,238
10027,25776,832
10028,25885,424
10029,24283,6648
10030,25906,344
10031,25978,72
10032,25923,280
10033,24926,4102
10034,25985,48
10035,24344,6404
10036,23019,11858
10037,25931,248
10038,25440,2112
10039,25972,96
10040,25949,180
10041,25957,152
10042,25962,132
10043,25970,104
10044,25972,96
10045,25971,100
10046,25953,168
10047,25886,420
10048,25988,36
10049,22057,16020
10050,25030,3698
10051,25953,168
10052,25626,1402
10053,25955,160
10054,25958,148
10055,25970,104
10056,25985,48
10057,25892,396
10058,25765,876
10059,20096,25098
10060,25964,124
10061,25985,48
10062,25965,120
10063,22654,13418
10064,25931,248
10065,25933,242
10066,25597,1514
10067,25716,1062
10068,25307,2624
10069,25818,676
10070,25991,24
10071,25698,1128
10072,19491,28076
10073,25893,392
10074,25980,64
10075,25990,28
10076,25935,236
10077,25943,204
10078,25990,28
10079,25984,52
10080,23125,11410
10081,25825,650
10082,24080,7468
10083,25573,1604
10084,25975,84
10085,25279,2732
10086,25953,168
10087,25930,252
10088,25797,756
10089,25752,924
10090,25490,1920
10091,25110,3384
10092,19054,30284
10093,25814,690
10094,25932,244
10095,25509,1848
10096,24117,7318
10097,24010,7752
10098,25927,264
10099,25997,0
10100,25953,168
10101,24449,5984
10102,25336,2512
10103,25962,132
10104,24926,4104
10105,25314,2596
10106,25953,168
10107,25957,152
10108,25956,156
10109,25785,800
10110,25915,310
10111,25324,2558
10112,25956,156
10113,25924,276
10114,25970,104
10115,23051,11724
10116,6674,132530
10117,19205,29516
10118,25976,80
10119,25853,544
10120,25976,80
10121,25794,766
10122,25956,156
10123,25997,0
10124,25636,1366
10125,25608,1472
10126,17602,38010
10127,25929,256
10128,25929,256
10129,25976,80
10130,20842,21542
10131,25863,506
10132,25524,1790
10133,25853,542
10134,25765,874
10135,13645,62830
10136,25984,52
10137,25332,2526
10138,25935,236
10139,5362,153870
10140,25244,2866
10141,25837,604
10142,25944,200
10143,25889,408
10144,25948,186
10145,25940,216
10146,25461,2034
10147,25158,3198
10148,25948,184
10149,25968,112
10150,25011,3772
10151,25973,92
10152,25988,36
10153,25846,568
10154,25707,1096
10155,25985,48
10156,25983,56
10157,25010,3776
10158,23842,8434
10159,25941,212
10160,25972,96
10161,25702,1114
10162,24746,4810
10163,25574,1602
10164,25299,2654
10165,25949,180
10166,25885,424
10167,25486,1938
10168,25981,60
10169,25978,72
10170,25906,344
10171,25846,568
10172,25947,188
10173,25902,358
10174,25965,120
10175,25889,406
10176,25961,138
10177,25916,304
10178,25897,376
10179,25342,2488
10180,24926,4104
10181,25948,184
10182,25985,48
10183,25965,120
10184,25919,296
10185,25057,3592
10186,25969,108
10187,23344,10492
10188,24946,4024
10189,25915,308
10190,25908,336
10191,25939,220
10192,25920,292
10193,24660,5148
10194,25958,148
10195,25946,192
10196,25970,104
10197,24954,3992
10198,25943,204
10199,25971,100
10200,25262,2798
10201,25163,3180
10202,16547,44036
10203,25901,364
10204,25983,56
10205,25825,648
10206,25946,192
10207,25450,2074
10208,25307,2624
10209,25061,3576
10210,25935,236
10211,25885,424
10212,25967,114
10213,25970,104
10214,25990,28
10215,25911,325
10216,25788,790
10217,25941,212
10218,25643,1338
10219,25949,180
10220,25949,180
10221,25985,48
10222,25963,128
10223,25705,1104
10224,25962,132
10225,25977,76
10226,25926,268
10227,25959,144
10228,25963,128
10229,25697,1132
10230,25595,1520
10231,25891,400
10232,25840,592
10233,25686,1176
10234,25892,396
10235,25849,560
10236,25963,128
10237,25871,474
10238,25837,602
10239,24236,6840
10240,25858,524
10241,25972,96
10242,25336,2512
10243,25970,104
10244,25937,228
10245,25965,120
10246,25600,1502
10247,25978,72
10248,14395,57618
10249,21678,17710
10250,25864,500
10251,25990,28
10252,25997,0
10253,24723,4898
10254,24959,3974
10255,25690,1160
10256,25977,76
10257,25939,220
10258,25806,720
10259,25939,220
10260,25959,144
10261,25965,120
10262,22181,15474
10263,25975,84
10264,25944,200
10265,25978,72
10266,25937,226
10267,25035,3678
10268,24050,7588
10269,25912,320
10270,25897,376
10271,25985,48
10272,25937,228
10273,25960,141
10274,25944,200
10275,25868,488
10276,25925,273
10277,25673,1224
10278,25990,28
10279,24383,6248
10280,25429,2156
10281,25980,64
10282,25884,428
10283,24958,3976
10284,25964,124
10285,15108,52904
10286,25965,120
10287,25928,260
10288,25991,24
10289,1993,250346
10290,25899,368
10291,25880,440
10292,22865,12514
10293,25944,200
10294,25924,276
10295,25821,664
10296,25810,704
10297,25983,56
10298,25951,176
10299,25975,84
10300,25963,128
10301,25232,2912
10302,25978,72
10303,25779,822
10304,25974,88
10305,23738,8862
10306,23759,8776
10307,25991,24
10308,25972,96
10309,25021,3730
10310,25965,120
10311,25141,3264
10312,25997,0
10313,25410,2228
10314,25971,100
10315,23629,9312
10316,14202,58930
10317,24655,5168
10318,24801,4594
10319,1673,267422
10320,14944,53966
10321,25952,172
10322,20516,23078
10323,25323,2562
10324,25695,1142
10325,22275,15060
10326,24615,5324
10327,25942,208
10328,25997,0
10329,23590,9470
10330,25456,2052
10331,25871,476
10332,25939,220
10333,25693,1148
10334,25689,1164
10335,20931,21126
10336,25351,2456
10337,23990,7834
10338,25885,424
10339,25970,104
10340,25937,228
10341,25975,84
10342,25918,298
10343,25923,280
10344,25978,72
10345,25964,124
10346,25965,120
10347,25677,1208
10348,25737,980
10349,25625,1408
10350,24251,6776
10351,25925,272
10352,25997,0
10353,25984,52
10354,25981,60
10355,23125,11414
10356,25985,48
10357,25971,100
10358,25927,264
10359,15428,50860
10360,24286,6636
10361,8372,110444
10362,25588,1546
10363,25909,332
10364,19777,26656
10365,21691,17652
10366,19519,27936
10367,25879,444
10368,25863,504
10369,16049,47016
10370,25079,3504
10371,24813,4544
10372,25991,24
10373,25151,3226
10374,24685,5048
10375,21507,18484
10376,25936,232
10377,25962,132
10378,25991,24
10379,25941,212
10380,25973,92
10381,25931,248
10382,25954,164
10383,25981,62
10384,14568,56448
10385,25852,548
10386,25903,356
10387,25295,2670
10388,24817,4528
10389,25977,76
10390,24901,4200
10391,21991,16314
10392,25275,2748
10393,25981,60
10394,20641,22488
10395,25725,1026
10396,25183,3104
10397,25956,156
10398,25984,52
10399,25646,1328
10400,25930,252
10401,25478,1968
10402,25997,0
10403,25846,568
10404,25947,188
10405,24008,7760
10406,18415,33608
10407,25944,202
10408,25258,2812
10409,25918,300
10410,25956,156
10411,25462,2028
10412,25954,164
10413,25997,0
10414,25979,68
10415,24586,5440
10416,25153,3218
10417,25997,0
10418,25968,110
10419,25879,444
10420,25540,1732
10421,25675,1216
10422,25904,352
10423,25856,532
10424,25938,224
10425,25941,210
10426,24705,4972
10427,25864,500
10428,24866,4336
10429,24652,5180
10430,25964,124
10431,25765,876
10432,24233,6852
10433,25881,436
10434,22442,14332
10435,25849,560
10436,25822,660
10437,25800,744
10438,25952,172
10439,25923,280
10440,25461,2032
10441,25909,332
10442,25859,520
10443,25943,204
10444,25984,52
10445,23363,10412
10446,25985,48
10447,25957,152
10448,25939,220
10449,24223,6890
10450,25931,248
10451,25965,120
10452,25990,28
10453,25929,258
10454,25957,152
10455,25951,176
10456,25954,164
10457,25694,1144
10458,25720,1044
10459,25971,100
10460,24698,4998
10461,25564,1640
10462,25892,396
10463,25924,276
10464,25839,594
10465,25972,96
10466,25943,204
10467,25889,408
10468,25937,228
10469,25646,1326
10470,25341,2494
10471,25941,212
10472,25324,2558
10473,16787,42634
10474,25165,3172
10475,25906,344
10476,25977,76
10477,25951,176
10478,22724,13116
10479,25642,1342
10480,22255,15150
10481,18151,35020
10482,25203,3026
10483,25975,84
10484,24695,5008
10485,25353,2448
10486,25984,52
10487,25059,3582
10488,25876,456
10489,25971,100
10490,25984,52
10491,25898,374
10492,25958,148
10493,25981,62
10494,25972,96
10495,25845,572
10496,25932,246
10497,14954,53904
10498,25780,820
10499,25990,28
10500,25984,52
10501,25952,172
10502,21678,17708
10503,25990,28
10504,19913,25988
10505,21929,16586
10506,25969,108
10507,25990,28
10508,25939,220
10509,25934,240
10510,25200,3036
10511,25988,36
10512,25990,28
10513,25847,564
10514,25327,2548
10515,25952,172
10516,18677,32236
10517,25955,160
10518,25184,3100
10519,25916,304
10520,20303,24096
10521,25997,0
10522,21289,19476
10523,25639,1352
10524,25997,0
10525,25991,24
10526,25171,3148
10527,17483,38670
10528,25401,2262
10529,25938,224
10530,11883,76306
10531,25960,140
10532,15542,50142
10533,25952,172
10534,23157,11276
10535,25769,860
10536,25990,28
10537,25962,132
10538,25799,748
10539,25938,224
10540,25303,2638
10541,24839,4444
10542,25988,36
10543,25991,24
10544,25940,214
10545,25922,284
10546,18033,35652
10547,25906,344
10548,25961,136
10549,25977,76
10550,25772,848
10551,25919,296
10552,25450,2076
10553,25821,664
10554,25898,372
10555,25865,496
10556,25942,208
10557,25495,1902
10558,25953,168
10559,25437,2126
10560,25922,282
10561,25990,28
10562,25877,452
10563,25990,28
10564,25975,84
10565,25972,96
10566,25926,270
10567,18460,33370
10568,25923,280
10569,25978,72
10570,25985,48
10571,25932,244
10572,25695,1140
10573,25957,152
10574,25956,156
10575,25997,0
10576,25034,3680
10577,25981,60
10578,25929,256
10579,25805,726
10580,25372,2372
10581,24525,5684
10582,23454,10034
10583,20048,25328
10584,25956,156
10585,25963,128
10586,25480,1960
10587,25976,80
10588,25965,120
10589,25662,1264
10590,25965,120
10591,25974,88
10592,25965,120
10593,25953,166
10594,25235,2900
10595,4692,166890
10596,25965,120
10597,25714,1070
10598,23398,10270
10599,25958,148
10600,25053,3606
10601,25991,24
10602,25944,200
10603,25946,194
10604,25991,24
10605,25931,248
10606,25922,284
10607,24834,4464
10608,25869,484
10609,25956,156
10610,25984,52
10611,25255,2824
10612,25119,3350
10613,25952,172
10614,25957,152
10615,25932,244
10616,25988,36
10617,24860,4362
10618,25686,1176
10619,25972,96
10620,25909,332
10621,25086,3480
10622,16591,43776
10623,25906,344
10624,25969,106
10625,25965,120
10626,25984,52
10627,24729,4876
10628,25568,1624
10629,23869,8324
10630,25463,2024
10631,25897,376
10632,25905,348
10633,25417,2200
10634,24823,4504
10635,25930,252
10636,25858,526
10637,25376,2358
10638,25828,636
10639,25894,388
10640,24454,5966
10641,23898,8206
10642,24395,6200
10643,25919,296
10644,25910,330
10645,25954,164
10646,19651,27280
10647,25981,60
10648,25948,184
10649,25962,134
10650,24224,6888
10651,24828,4488
10652,25985,48
10653,25802,734
10654,25997,0
10655,25430,2152
10656,12237,73448
10657,25714,1070
10658,25529,1774
10659,25947,188
10660,25991,24
10661,25916,304
10662,25985,48
10663,23967,7928
10664,25997,0
10665,25481,1956
10666,25990,28
10667,25981,60
10668,25773,844
10669,25980,64
10670,25575,1596
10671,24755,4774
10672,25977,76
10673,25235,2900
10674,25978,72
10675,25997,0
10676,25487,1932
10677,25972,96
10678,25961,136
10679,24953,3996
10680,25555,1672
10681,25958,148
10682,25249,2848
10683,25887,416
10684,25952,172
10685,25985,48
10686,25985,48
10687,25983,56
10688,25891,400
10689,25940,216
10690,24543,5610
10691,25895,384
10692,25935,236
10693,25348,2466
10694,23044,11752
10695,23107,11490
10696,25955,160
10697,25895,383
10698,23633,9292
10699,25974,88
10700,25429,2154
10701,25714,1068
10702,25931,248
10703,25774,842
10704,25985,48
10705,24599,5390
10706,25870,480
10707,25978,72
10708,25205,3016
10709,25968,110
10710,25937,228
10711,25851,550
10712,25968,112
10713,25972,96
10714,25991,24
10715,25804,728
10716,25909,332
10717,25885,424
10718,25997,0
10719,24486,5840
10720,25955,160
10721,25931,248
10722,25935,236
10723,25968,112
10724,22284,15022
10725,25937,228
10726,25928,260
10727,24937,4058
10728,25907,340
10729,22095,15852
10730,17599,38028
10731,25878,448
10732,25958,148
10733,25031,3694
10734,25977,76
10735,24307,6552
10736,23701,9016
10737,25970,104
10738,21610,18018
10739,25865,496
10740,25970,104
10741,25501,1878
10742,15101,52950
10743,25972,96
10744,25997,0
10745,25963,128
10746,25275,2748
10747,25975,84
10748,25917,302
10749,25926,268
10750,8941,104032
10751,25949,180
10752,25991,24
10753,25345,2476
10754,25934,240
10755,25937,228
10756,25385,2324
10757,25962,132
10758,25967,116
10759,24465,5922
10760,25991,24
10761,25985,48
10762,25952,172
10763,25943,204
10764,25914,312
10765,25951,174
10766,18012,35768
10767,25930,252
10768,25984,52
10769,25056,3596
10770,25940,216
10771,25981,60
10772,25990,28
10773,25852,548
10774,25985,48
10775,25962,132
10776,25220,2958
10777,25991,24
10778,24999,3818
10779,25016,3752
10780,15472,50580
10781,25930,252
10782,25700,1122
10783,25958,148
10784,25703,1112
10785,25855,536
10786,25968,112
10787,25968,112
10788,25990,28
10789,24182,7056
10790,25973,92
10791,25706,1098
10792,25007,3786
10793,25968,112
10794,25474,1984
10795,25997,0
10796,25862,510
10797,25954,164
10798,25867,492
10799,25944,200
10800,25190,3074
10801,24524,5686
10802,25990,28
10803,25961,136
10804,25202,3028
10805,25915,308
10806,25828,638
10807,23399,10264
10808,25191,3072
10809,24496,5798
10810,19321,28928
10811,25977,76
10812,25997,0
10813,23008,11908
10814,25997,0
10815,25147,3242
10816,25015,3756
10817,25906,344
10818,25882,432
10819,25926,268
10820,25985,48
10821,25971,98
10822,25932,244
10823,25991,24
10824,25916,304
10825,25477,1972
10826,24100,7386
10827,25997,0
10828,25930,252
10829,25276,2744
10830,25728,1014
10831,25948,184
10832,25965,120
10833,25945,196
10834,25981,60
10835,25978,72
10836,25800,744
10837,25991,24
10838,25955,158
10839,25969,108
10840,25961,136
10841,23824,8508
10842,25964,124
10843,25442,2106
10844,25972,96
10845,25990,28
10846,25968,110
10847,24123,7294
10848,23784,8674
10849,25423,2176
10850,25983,56
10851,25522,1798
10852,25030,3696
10853,24973,3918
10854,25991,24
10855,25981,60
10856,25968,112
10857,14534,56682
10858,25522,1800
10859,8912,104354
10860,8336,110860
10861,25953,168
10862,24977,3902
10863,18912,31014
10864,25000,3812
10865,25953,168
10866,25946,192
10867,25945,196
10868,25997,0
10869,21951,16492
10870,25977,76
10871,25997,0
10872,25944,200
10873,25984,52
10874,19963,25742
10875,25924,276
10876,25938,224
10877,25977,76
10878,25957,152
10879,24365,6322
10880,25997,0
10881,25954,164
10882,25997,0
10883,25897,378
10884,25968,112
10885,18464,33352
10886,25991,24
10887,25956,156
10888,25923,280
10889,25965,120
10890,25956,156
10891,25981,60
10892,25890,404
10893,25921,288
10894,24127,7276
10895,25991,24
10896,25886,420
10897,23783,8678
10898,25792,774
10899,25738,976
10900,25885,424
10901,25118,3354
10902,25935,236
10903,25921,288
10904,15583,49886
10905,25962,132
10906,23998,7802
10907,25975,84
10908,11059,83316
10909,25905,348
10910,22681,13300
10911,25981,62
10912,25914,314
10913,25938,224
10914,24346,6398
10915,25997,0
10916,25654,1296
10917,25925,272
10918,25020,3736
10919,25980,64
10920,15395,51068
10921,25997,0
10922,25965,120
10923,19569,27686
10924,25902,360
10925,17531,38406
10926,25991,24
10927,25509,1848
10928,25975,84
10929,25879,444
10930,25972,96
10931,25940,216
10932,25419,2192
10933,25997,0
10934,25961,136
10935,24914,4150
10936,25985,48
10937,25908,336
10938,25835,612
10939,20174,24716
10940,25934,240
10941,25959,144
10942,19247,29302
10943,25929,256
10944,23887,8252
10945,23397,10272
10946,19115,29974
10947,25997,0
10948,25953,168
10949,23539,9684
10950,25923,278
10951,25899,370
10952,25965,120
10953,25988,36
10954,25953,168
10955,25910,328
10956,20976,20918
10957,25939,220
10958,25959,144
10959,25997,0
10960,25898,374
10961,25921,288
10962,25958,148
10963,24830,4480
10964,1875,256302
10965,5414,152932
10966,25970,104
10967,25948,184
10968,25977,76
10969,24938,4054
10970,24728,4878
10971,25935,236
10972,25952,172
10973,24271,6698
10974,25946,192
10975,25973,90
10976,25945,196
10977,24957,3982
10978,25439,2118
10979,25971,100
10980,25918,300
10981,25221,2956
10982,25964,124
10983,25997,0
10984,25964,124
10985,25906,344
10986,25971,100
10987,25951,176
10988,25906,344
10989,25970,104
10990,24924,4110
10991,16299,45510
10992,25975,84
10993,23747,8824
10994,25948,184
10995,25395,2284
10996,25963,130
10997,25615,1444
10998,25941,212
10999,25990,28
11000,25975,84
11001,25384,2326
11002,6554,134300
11003,25991,24
11004,25264,2788
11005,25997,0
11006,25976,80
11007,25844,576
11008,24779,4680
11009,24708,4960
11010,25924,276
11011,25984,52
11012,25858,526
11013,25919,296
11014,25984,52
11015,25927,264
11016,25746,948
11017,25378,2350
11018,25893,394
11019,25964,124
11020,20978,20910
11021,25976,80
11022,23886,8256
11023,25446,2088
11024,25874,464
11025,25903,356
11026,25470,1996
11027,25534,1754
11028,25649,1316
11029,25876,456
11030,25136,3284
11031,25951,176
11032,25971,100
11033,25984,52
11034,25936,230
11035,25977,76
11036,25479,1964
11037,25557,1664
11038,25920,292
11039,25942,208
11040,25991,24
11041,25918,300
11042,24894,4226
11043,25625,1408
11044,24381,6258
11045,25952,172
11046,9016,103216
11047,25997,0
11048,22557,13834
11049,25884,428
11050,25960,140
11051,25961,136
11052,25985,48
11053,25984,52
11054,25959,144
11055,25990,28
11056,25952,172
11057,4,1000000
11058,24325,6481
11059,25005,3792
11060,25969,108
11061,23833,8472
11062,25649,1314
11063,25981,60
11064,25997,0
11065,25931,248
11066,25981,62
11067,25976,80
11068,25985,48
11069,25963,128
11070,25660,1274
11071,25949,182
11072,25341,2492
11073,22149,15616
11074,25164,3174
11075,25946,192
11076,25971,100
11077,25961,136
11078,25949,180
11079,22044,16078
11080,25956,154
11081,25941,212
11082,25978,72
11083,25991,24
11084,25977,76
11085,24114,7332
11086,25544,1716
11087,21783,17240
11088,25970,104
11089,25912,320
11090,25249,2848
11091,25963,128
11092,25932,244
11093,24032,7664
11094,25959,144
11095,25153,3220
11096,25997,0
11097,25991,24
11098,24785,4656
11099,25936,232
11100,25410,2228
11101,25948,184
11102,25885,424
11103,25949,180
11104,25941,210
11105,22139,15660
11106,25984,52
11107,24820,4516
11108,15408,50988
11109,25946,192
11110,25647,1322
11111,25918,300
11112,25962,132
11113,23852,8394
11114,25978,72
11115,21609,18022
11116,25940,216
11117,25743,958
11118,24313,6528
11119,10086,92290
11120,25953,166
11121,24856,4378
11122,25943,204
11123,25976,80
11124,25971,100
11125,25934,240
11126,25949,180
11127,25997,0
11128,25906,344
11129,25829,632
11130,12546,71014
11131,24314,6524
11132,9506,98058
11133,25977,76
11134,25997,0
11135,25977,76
11136,17031,41224
11137,25952,172
11138,25806,722
11139,25940,216
11140,24291,6618
11141,25990,28
11142,25978,72
11143,25043,3644
11144,25251,2840
11145,21347,19211
11146,25985,48
11147,25954,164
11148,25934,240
11149,25959,144
11150,25991,24
11151,19983,25648
11152,25961,136
11153,25830,628
11154,25985,48
11155,25960,140
11156,23646,9240
11157,25997,0
11158,25885,424
11159,25304,2636
11160,24658,5156
11161,25907,340
11162,21882,16796
11163,25997,0
11164,25997,0
11165,25977,76
11166,25943,204
11167,25925,272
11168,25925,272
11169,25957,152
11170,25911,324
11171,25931,248
11172,2846,215594
11173,5599,149648
11174,25903,356
11175,25463,2024
11176,25958,148
11177,25486,1936
11178,25764,880
11179,25971,100
11180,7447,121858
11181,25617,1436
11182,25991,24
11183,25980,64
11184,8867,104848
11185,25914,312
11186,25956,156
11187,25732,1002
11188,25193,3064
11189,25879,444
11190,25920,292
11191,25474,1984
11192,25858,524
11193,25974,88
11194,25893,392
11195,25976,80
11196,25828,636
11197,25828,637
11198,25759,898
11199,25954,164
11200,25903,354
11201,25045,3638
11202,25914,312
11203,23263,10832
11204,25644,1334
11205,25937,228
11206,24960,3970
11207,25902,360
11208,25910,328
11209,25984,52
11210,24844,4424
11211,25978,72
11212,25962,132
11213,25916,304
11214,22669,13352
11215,24478,5870
11216,24872,4314
11217,20040,25366
11218,16153,46383
11219,25920,292
11220,25984,52
11221,25997,0
11222,25938,224
11223,25958,148
11224,25965,120
11225,25975,84
11226,23470,9970
11227,25723,1036
11228,25937,228
11229,25951,176
11230,25296,2666
11231,25557,1664
11232,25912,320
11233,13822,61576
11234,25978,72
11235,25962,132
11236,24715,4932
11237,25985,48
11238,24816,4532
11239,24661,5144
11240,24710,4952
11241,24693,5016
11242,25937,228
11243,24053,7576
11244,25829,632
11245,7452,121784
11246,25799,746
11247,25985,48
11248,25923,280
11249,24800,4597
11250,25927,264
11251,25970,104
11252,25983,56
11253,25879,446
11254,25639,1354
11255,25964,124
11256,25961,136
11257,25056,3596
11258,25981,60
11259,25972,96
11260,25569,1619
11261,24331,6458
11262,25431,2148
11263,24002,7784
11264,25981,62
11265,25590,1538
11266,24801,4594
11267,25213,2986
11268,23160,11264
11269,23774,8716
11270,25964,124
11271,25955,160
11272,20379,23732
11273,25985,48
11274,25383,2330
11275,25985,48
11276,23219,11016
11277,25997,0
11278,24161,7140
11279,25972,96
11280,3025,209662
11281,25978,72
11282,25810,704
11283,25551,1690
11284,25954,162
11285,25963,128
11286,116,527660
11287,25970,104
11288,25622,1416
11289,25948,184
11290,25953,168
11291,25964,124
11292,25857,528
11293,25928,260
11294,25859,522
11295,25480,1960
11296,25931,248
11297,25928,260
11298,25983,56
11299,25610,1464
11300,25909,332
11301,12312,72850
11302,25975,84
11303,21384,19042
11304,25972,96
11305,25975,84
11306,25943,204
11307,25948,184
11308,25991,24
11309,25881,436
11310,25964,124
11311,25955,158
11312,22946,12168
11313,25965,120
11314,18570,32794
11315,17848,36660
11316,25991,24
11317,25915,308
11318,25543,1720
11319,25876,456
11320,25664,1260
11321,24623,5296
11322,25957,152
11323,24020,7712
11324,25923,280
11325,24825,4498
11326,25767,868
11327,24528,5672
11328,20644,22472
11329,25254,2826
11330,22110,15788
11331,21098,20354
11332,25962,132
11333,25975,84
11334,25990,28
11335,25942,208
11336,25997,0
11337,25582,1572
11338,25978,72
11339,24283,6650
11340,24236,6838
11341,25796,760
11342,25745,950
11343,25709,1088
11344,23050,11728
11345,25962,132
11346,25926,268
11347,25975,84
11348,25959,144
11349,20091,25122
11350,24439,6024
11351,23870,8322
11352,25059,3582
11353,25258,2812
11354,25925,272
11355,24743,4820
11356,25946,192
11357,22692,13256
11358,25969,108
11359,25954,164
11360,14360,57856
11361,25913,316
11362,25400,2266
11363,25618,1434
11364,25059,3584
11365,25969,108
11366,25997,0
11367,25672,1226
11368,25896,380
11369,25920,292
11370,25380,2342
11371,25997,0
11372,25880,443
11373,22984,12010
11374,24381,6256
11375,25650,1312
11376,23374,10368
11377,25868,488
11378,25929,256
11379,22895,12386
11380,25832,624
11381,25851,552
11382,24825,4496
11383,25924,276
11384,25562,1646
11385,17037,41190
11386,20014,25496
11387,25309,2616
11388,25965,120
11389,22822,12696
11390,25907,340
11391,25305,2630
11392,25976,80
11393,25753,920
11394,25943,204
11395,24058,7556
11396,25907,340
11397,25928,260
11398,21588,18116
11399,25970,104
11400,25907,340
11401,25410,2228
11402,24798,4602
11403,25455,2054
11404,25964,124
11405,25969,108
11406,25901,362
11407,24786,4652
11408,25988,36
11409,25984,52
11410,25846,568
11411,25878,450
11412,25931,248
11413,23089,11562
11414,25365,2402
11415,25973,92
11416,25185,3095
11417,25940,216
11418,25347,2470
11419,25576,1592
11420,25977,76
11421,25940,216
11422,25991,24
11423,24122,7296
11424,24104,7372
11425,25972,96
11426,25798,750
11427,25830,628
11428,25978,72
11429,25991,24
11430,19370,28680
11431,25169,3156
11432,25973,92
11433,25965,122
11434,25068,3548
11435,25984,52
11436,21685,17680
11437,25940,214
11438,25956,156
11439,25943,204
11440,25990,28
11441,24837,4452
11442,25926,268
11443,24913,4152
11444,25562,1646
11445,25658,1282
11446,25877,454
11447,25991,24
11448,23679,9104
11449,25938,224
11450,25847,566
11451,25955,160
11452,25408,2234
11453,25824,654
11454,24640,5226
11455,25991,24
11456,25909,332
11457,25953,168
11458,25971,100
11459,24363,6330
11460,25974,88
11461,25975,84
11462,25944,200
11463,25931,248
11464,25920,292
11465,25640,1348
11466,25978,72
11467,25791,778
11468,25953,168
11469,25931,248
11470,25903,354
11471,25962,132
11472,25405,2248
11473,25865,496
11474,21924,16612
11475,25943,204
11476,25121,3344
11477,25963,128
11478,19904,26030
11479,25985,48
11480,25803,732
11481,25543,1720
11482,25879,444
11483,25905,348
11484,25988,36
11485,25189,3078
11486,25819,670
11487,25587,1550
11488,25834,614
11489,25905,348
11490,25977,76
11491,24835,4460
11492,25845,572
11493,25908,336
11494,25948,184
11495,25692,1153
11496,25935,236
11497,25948,184
11498,25642,1340
11499,20925,21158
11500,25978,72
11501,25869,482
11502,25875,460
11503,23698,9028
11504,25958,148
11505,25394,2288
11506,25569,1618
11507,25934,240
11508,25574,1602
11509,25978,72
11510,25475,1980
11511,25990,28
11512,25991,24
11513,25997,0
11514,25899,368
11515,23267,10814
11516,25858,524
11517,25963,128
11518,25976,80
11519,25975,84
11520,25981,60
11521,25991,24
11522,25972,96
11523,25391,2300
11524,25924,276
11525,25953,168
11526,25945,196
11527,25973,92
11528,25907,340
11529,25648,1320
11530,25887,416
11531,25971,100
11532,25984,52
11533,25937,228
11534,25985,48
11535,25389,2310
11536,25963,128
11537,25914,312
11538,25844,576
11539,25977,76
11540,25991,24
11541,25961,136
11542,24998,3822
11543,25991,24
11544,25758,900
11545,25984,52
11546,25984,52
11547,25971,100
11548,25940,216
11549,25216,2976
11550,25867,492
11551,25938,224
11552,25928,260
11553,25991,24
11554,25968,112
11555,25437,2124
11556,25978,72
11557,25957,152
11558,25946,192
11559,25943,204
11560,25654,1296
11561,25224,2944
11562,25991,24
11563,25935,236
11564,23553,9624
11565,25990,28
11566,25939,220
11567,25962,132
11568,25962,132
11569,20275,24232
11570,25949,180
11571,25825,648
11572,25970,104
11573,25949,180
11574,22871,12488
11575,25977,76
11576,2558,225996
11577,14672,55756
11578,25739,974
11579,25081,3498
11580,25622,1416
11581,25965,120
11582,25985,48
11583,25923,280
11584,25978,72
11585,25506,1862
11586,25875,460
11587,25955,160
11588,25954,164
11589,22307,14924
11590,25942,208
11591,25885,424
11592,25911,324
11593,25897,376
11594,25975,84
11595,25962,132
11596,25924,274
11597,25528,1776
11598,25432,2142
11599,23277,10772
11600,25977,76
11601,25381,2340
11602,25972,96
11603,25942,208
11604,25957,152
11605,25131,3302
11606,25978,72
11607,25762,886
11608,25978,72
11609,25924,275
11610,7729,118232
11611,25712,1076
11612,25978,72
11613,25352,2450
11614,25242,2874
11615,25955,160
11616,17687,37540
11617,25899,368
11618,25724,1032
11619,25972,96
11620,25972,96
11621,25945,196
11622,25965,120
11623,25926,270
11624,25978,72
11625,25970,104
11626,25732,1002
11627,25928,260
11628,25504,1866
11629,24122,7296
11630,25940,216
11631,16160,46340
11632,25035,3676
11633,24751,4788
11634,25985,48
11635,25991,24
11636,25961,136
11637,25924,276
11638,25926,268
11639,25968,110
11640,15364,51264
11641,23209,11060
11642,25949,180
11643,11364,80664
11644,25812,696
11645,25950,178
11646,25924,276
11647,25946,192
11648,25985,48
11649,23173,11212
11650,20901,21270
11651,25793,768
11652,25944,200
11653,24692,5020
11654,25903,356
11655,25802,734
11656,24366,6316
11657,25960,140
11658,25893,392
11659,25915,310
11660,25957,152
11661,25926,268
11662,25710,1084
11663,20872,21404
11664,25991,24
11665,25978,72
11666,25209,3000
11667,24808,4564
11668,25752,924
11669,25988,36
11670,25450,2074
11671,25959,144
11672,22030,16138
11673,25883,430
11674,25952,172
11675,25985,48
11676,25454,2060
11677,25971,100
11678,25997,0
11679,24571,5502
11680,25931,248
11681,25896,382
11682,25790,780
11683,24860,4362
11684,25905,348
11685,25918,300
11686,25965,120
11687,25215,2980
11688,25934,240
11689,25545,1710
11690,25473,1988
11691,25577,1590
11692,24994,3836
11693,25944,200
11694,25607,1476
11695,25315,2594
11696,25032,3688
11697,11571,78904
11698,25864,501
11699,24542,5614
11700,25997,0
11701,10839,85268
11702,25939,220
11703,24577,5478
11704,25949,182
11705,25912,320
11706,25945,198
11707,25952,172
11708,21001,20804
11709,25832,624
11710,25969,108
11711,25910,328
11712,23958,7962
11713,25972,96
11714,25713,1072
11715,23223,11000
11716,25985,48
11717,25816,684
11718,25444,2096
11719,25915,308
11720,15345,51384
11721,25313,2602
11722,25957,152
11723,25991,24
11724,25984,52
11725,25932,244
11726,25963,128
11727,22801,12786
11728,25990,28
11729,25991,24
11730,25963,128
11731,25811,700
11732,25974,88
11733,14363,57832
11734,25734,992
11735,25401,2264
11736,25985,48
11737,25970,104
11738,25932,244
11739,24962,3960
11740,21172,20014
11741,12015,75230
11742,25958,148
11743,25902,360
11744,25774,842
11745,25951,176
11746,25932,244
11747,25610,1464
11748,25215,2978
11749,24027,7684
11750,24986,3868
11751,14458,57190
11752,25911,324
11753,25969,108
11754,25878,448
11755,25095,3442
11756,25983,56
11757,25978,72
11758,25812,696
11759,25480,1960
11760,25984,52
11761,25106,3400
11762,25984,52
11763,25972,96
11764,25741,968
11765,25383,2330
11766,25956,154
11767,24251,6776
11768,23700,9020
11769,25888,412
11770,25969,108
11771,25981,60
11772,22101,15828
11773,25985,48
11774,24659,5152
11775,25954,164
11776,25978,72
11777,22791,12828
11778,25964,124
11779,25899,368
11780,24132,7256
11781,25977,76
11782,25957,152
11783,25698,1128
11784,25945,196
11785,25978,72
11786,25922,284
11787,25929,256
11788,25985,48
11789,15063,53196
11790,25378,2352
11791,25919,296
11792,25945,196
11793,25972,96
11794,25698,1130
11795,25997,0
11796,25811,700
11797,22440,14344
11798,25990,28
11799,24978,3900
11800,24939,4052
11801,25978,72
11802,25991,24
11803,25997,0
11804,24006,7766
11805,25984,52
11806,23007,11912
11807,25991,24
11808,25949,180
11809,25980,64
11810,25988,36
11811,25991,24
11812,25945,196
11813,25969,106
11814,25978,72
11815,24949,4012
11816,25968,112
11817,25914,312
11818,25948,186
11819,25972,96
11820,25951,176
11821,25997,0
11822,25953,166
11823,25916,304
11824,25977,76
11825,17073,40988
11826,25934,240
11827,25919,296
11828,25885,424
11829,23075,11622
11830,25911,324
11831,25376,2360
11832,25984,52
11833,25991,24
11834,25985,48
11835,25968,112
11836,25945,196
11837,25672,1226
11838,25978,72
11839,25151,3228
11840,25875,462
11841,24076,7482
11842,25366,2398
11843,25235,2902
11844,8934,104112
11845,25969,108
11846,25911,324
11847,11057,83328
11848,25893,392
11849,25990,28
11850,25946,192
11851,22311,14906
11852,25953,168
11853,25964,124
11854,25978,72
11855,25851,552
11856,25969,108
11857,13763,61988
11858,25202,3030
11859,25985,48
11860,25976,80
11861,25518,1814
11862,25985,48
11863,25896,380
11864,25707,1094
11865,25283,2716
11866,25922,284
11867,23147,11318
11868,24550,5582
11869,22960,12108
11870,25965,120
11871,23850,8404
11872,25275,2748
11873,25976,80
11874,24020,7712
11875,25509,1848
11876,25951,176
11877,25879,444
11878,25988,36
11879,22313,14898
11880,25962,132
11881,25969,108
11882,25926,268
11883,23721,8932
11884,25929,256
11885,25693,1148
11886,25945,196
11887,25810,704
11888,25968,112
11889,25908,336
11890,25985,48
11891,25793,770
11892,25798,750
11893,25146,3244
11894,25944,200
11895,25956,156
11896,25895,384
11897,25991,24
11898,25479,1964
11899,19052,30296
11900,25959,144
11901,25969,108
11902,25972,96
11903,25218,2966
11904,25997,0
11905,25938,224
11906,25948,184
11907,24305,6562
11908,19378,28644
11909,25845,572
11910,25327,2546
11911,25132,3298
11912,25713,1074
11913,24803,4584
11914,25975,86
11915,22483,14158
11916,25918,300
11917,25798,750
11918,25892,396
11919,25967,116
11920,25977,76
11921,25882,432
11922,25956,156
11923,25949,182
11924,25957,152
11925,25997,0
11926,21558,18252
11927,25991,24
11928,25396,2280
11929,23931,8074
11930,25896,380
11931,25975,84
11932,25671,1232
11933,25962,132
11934,22036,16112
11935,24240,6822
11936,25932,244
11937,25970,104
11938,25970,104
11939,25981,60
11940,25977,76
11941,25946,192
11942,25893,392
11943,25952,170
11944,21841,16982
11945,25962,132
11946,24604,5368
11947,25925,272
11948,25976,80
11949,25946,192
11950,25888,412
11951,25991,24
11952,25853,544
11953,25865,496
11954,25972,96
11955,25476,1976
11956,25939,220
11957,25965,122
11958,25975,84
11959,25502,1876
11960,25997,0
11961,25959,144
11962,25968,112
11963,6980,128164
11964,25348,2464
11965,17877,36502
11966,15163,52552
11967,25727,1019
11968,25521,1802
11969,25978,72
11970,25991,24
11971,25533,1756
11972,25564,1638
11973,25580,1576
11974,25991,24
11975,25938,224
11976,25971,100
11977,25949,180
11978,25983,56
11979,25984,52
11980,25991,24
11981,25457,2046
11982,25969,108
11983,15926,47764
11984,25985,48
11985,25937,228
11986,25968,110
11987,23181,11176
11988,24444,6004
11989,24393,6208
11990,25953,168
11991,25913,316
11992,25959,144
11993,23397,10272
11994,25934,240
11995,22474,14196
11996,25962,132
11997,25470,1996
11998,25959,144
11999,23938,8044
12000,25922,284
12001,25181,3112
12002,25961,136
12003,25972,96
12004,25972,96
12005,25858,524
12006,25757,904
12007,22917,12292
12008,25496,1898
12009,25623,1414
12010,25975,84
12011,25947,188
12012,25984,52
12013,25916,305
12014,25851,552
12015,24426,6078
12016,25952,172
12017,25997,0
12018,25184,3100
12019,25931,248
12020,25981,60
12021,25964,126
12022,25985,48
12023,25952,172
12024,25359,2422
12025,25901,364
12026,25941,212
12027,25392,2298
12028,25985,48
12029,25484,1946
12030,21712,17556
12031,25975,84
12032,25766,870
12033,25949,180
12034,25783,808
12035,25990,28
12036,25963,128
12037,25685,1180
12038,25991,24
12039,25947,188
12040,25990,28
12041,25876,456
12042,25359,2422
12043,25953,166
12044,25984,52
12045,24164,7128
12046,25791,776
12047,25810,704
12048,25835,612
12049,25955,160
12050,25914,312
12051,25985,48
12052,25878,450
12053,25919,296
12054,25969,108
12055,25936,232
12056,24889,4248
12057,25997,0
12058,21136,20180
12059,25960,140
12060,25218,2968
12061,25975,84
12062,23123,11420
12063,25931,248
12064,25978,72
12065,25915,308
12066,25991,24
12067,25285,2708
12068,25686,1176
12069,25975,84
12070,25865,498
12071,25936,232
12072,25802,734
12073,15878,48056
12074,25163,3180
12075,25925,272
12076,25841,588
12077,25948,184
12078,25949,180
12079,25885,424
12080,21749,17392
12081,21040,20624
12082,25970,104
12083,25704,1108
12084,25939,220
12085,25914,312
12086,25978,72
12087,25988,36
12088,25997,0
12089,24868,4330
12090,20348,23882
12091,25936,232
12092,21527,18392
12093,25975,84
12094,25979,68
12095,25942,208
12096,25952,172
12097,25937,228
12098,25968,112
12099,25964,126
12100,25886,420
12101,25956,156
12102,25152,3222
12103,25495,1902
12104,25927,264
12105,25985,48
12106,25411,2224
12107,25771,852
12108,23945,8016
12109,24967,3940
12110,25951,176
12111,25495,1904
12112,25958,148
12113,25981,62
12114,23306,10652
12115,25984,52
12116,25167,3166
12117,25561,1650
12118,25967,116
12119,25871,474
12120,25369,2384
12121,25981,60
12122,8694,106760
12123,25964,124
12124,25913,316
12125,24103,7376
12126,25937,228
12127,25912,320
12128,25943,204
12129,13524,63698
12130,25977,76
12131,25944,200
12132,25722,1040
12133,24151,7182
12134,25909,334
12135,25252,2834
12136,25997,0
12137,25931,248
12138,25468,2004
12139,25897,376
12140,25958,148
12141,25946,192
12142,25964,124
12143,25932,244
12144,25960,140
12145,3006,210278
12146,25940,216
12147,25899,370
12148,25965,120
12149,25976,80
12150,25370,2380
12151,25970,104
12152,25948,184
12153,25952,172
12154,25822,660
12155,25940,214
12156,25186,3092
12157,25899,368
12158,25921,288
12159,25965,120
12160,25946,192
12161,25347,2468
12162,24931,4082
12163,25937,228
12164,25976,80
12165,25443,2102
12166,25985,48
12167,25955,160
12168,25920,292
12169,25667,1248
12170,24406,6158
12171,24304,6566
12172,25978,72
12173,23876,8296
12174,24387,6232
12175,25380,2344
12176,25965,120
12177,25702,1114
12178,25101,3420
12179,24722,4904
12180,25981,62
12181,24960,3970
12182,25720,1046
12183,25970,104
12184,25984,52
12185,25978,72
12186,25977,76
12187,25945,198
12188,22877,12464
12189,25922,284
12190,25897,378
12191,25282,2718
12192,25842,584
12193,25542,1722
12194,25984,52
12195,25907,340
12196,25855,534
12197,25049,3624
12198,25945,196
12199,25958,148
12200,15058,53224
12201,25565,1634
12202,25960,140
12203,25750,932
12204,25943,204
12205,25970,104
12206,25972,96
12207,25908,336
12208,23990,7832
12209,25997,0
12210,25924,274
12211,25833,620
12212,25991,24
12213,25638,1356
12214,25969,108
12215,25984,52
12216,24514,5728
12217,25978,72
12218,25962,132
12219,25631,1382
12220,25965,120
12221,25984,52
12222,14851,54574
12223,25984,52
12224,24898,4210
12225,25969,108
12226,25991,24
12227,21086,20408
12228,25899,368
12229,25991,24
12230,23385,10324
12231,25975,84
12232,24833,4466
12233,25958,148
12234,1077,310360
12235,25978,72
12236,25892,396
12237,25667,1246
12238,25965,120
12239,25975,84
12240,24958,3976
12241,25268,2772
12242,25931,248
12243,25971,100
12244,25853,544
12245,24532,5656
12246,25963,128
12247,25157,3202
12248,25315,2592
12249,25905,346
12250,25990,28
12251,25959,144
12252,25910,328
12253,25925,272
12254,25897,376
12255,25895,384
12256,25757,904
12257,25959,144
12258,25216,2974
12259,25826,644
12260,25732,1000
12261,25864,502
12262,22367,14660
12263,25978,72
12264,25860,516
12265,25959,144
12266,23744,8836
12267,25997,0
12268,25941,212
12269,25965,120
12270,25072,3534
12271,25984,52
12272,25988,36
12273,23677,9114
12274,25969,108
12275,25949,180
12276,137,511262
12277,24939,4052
12278,25930,252
12279,25991,24
12280,25958,148
12281,25978,72
12282,25231,2916
12283,25939,220
12284,25959,144
12285,25978,72
12286,25978,72
12287,25962,132
12288,25953,168
12289,25985,48
12290,25980,64
12291,22794,12816
12292,25960,140
12293,25991,24
12294,23528,9728
12295,25991,24
12296,25949,180
12297,25959,144
12298,25117,3360
12299,25971,100
12300,25985,48
12301,21550,18288
12302,25939,220
12303,25904,352
12304,25914,312
12305,25984,52
12306,25965,120
12307,25955,160
12308,24782,4666
12309,25947,188
12310,25872,472
12311,25959,144
12312,25991,24
12313,25980,64
12314,24080,7466
12315,25972,96
12316,25941,212
12317,25954,162
12318,25981,60
12319,25918,300
12320,25676,1214
12321,25364,2406
12322,25938,224
12323,22445,14322
12324,25965,120
12325,25991,24
12326,24382,6252
12327,25997,0
12328,25958,148
12329,25980,64
12330,25904,352
12331,25968,112
12332,25991,24
12333,22595,13674
12334,25972,96
12335,25113,3374
12336,25294,2672
12337,25957,152
12338,25915,308
12339,25985,48
12340,25965,120
12341,25490,1922
12342,24387,6232
12343,25985,48
12344,25963,128
12345,25455,2054
12346,25984,52
12347,25948,184
12348,25962,134
12349,25991,24
12350,25930,252
12351,25792,772
12352,25921,288
12353,25947,188
12354,23234,10954
12355,24676,5086
12356,25034,3682
12357,25236,2898
12358,25946,192
12359,25968,112
12360,25904,352
12361,25956,156
12362,25971,100
12363,25958,148
12364,25865,496
12365,21917,16640
12366,25938,222
12367,25108,3394
12368,25990,28
12369,25912,320
12370,24923,4114
12371,25875,460
12372,24100,7386
12373,21263,19594
12374,25902,360
12375,23924,8100
12376,25949,183
12377,25764,878
12378,25962,132
12379,25866,494
12380,25922,284
12381,25927,264
12382,23217,11024
12383,15529,50222
12384,25945,196
12385,25972,96
12386,24879,4286
12387,25676,1212
12388,21145,20136
12389,25243,2872
12390,25897,376
12391,23582,9506
12392,24782,4668
12393,25883,430
12394,25652,1304
12395,25912,320
12396,25958,148
12397,25949,180
12398,25988,36
12399,25931,248
12400,25965,120
12401,25378,2352
12402,25908,336
12403,25815,688
12404,25937,228
12405,25929,258
12406,25972,96
12407,25751,928
12408,25906,344
12409,25990,28
12410,25990,28
12411,23210,11056
12412,25849,558
12413,25155,3210
12414,25955,160
12415,25620,1424
12416,24214,6926
12417,25037,3670
12418,25969,108
12419,22334,14806
12420,25363,2408
12421,23360,10428
12422,24125,7284
12423,25929,256
12424,25203,3024
12425,25985,48
12426,25977,76
12427,24205,6964
12428,25778,826
12429,25940,216
12430,25504,1868
12431,25977,76
12432,23945,8016
12433,25826,646
12434,25971,100
12435,25859,522
12436,25985,48
12437,24870,4320
12438,25531,1764
12439,24559,5548
12440,25983,56
12441,25586,1554
12442,25943,204
12443,25916,304
12444,23767,8744
12445,25943,204
12446,25899,368
12447,25886,420
12448,25952,172
12449,24241,6818
12450,25903,356
12451,25550,1692
12452,25997,0
12453,23241,10924
12454,25451,2072
12455,24243,6812
12456,25932,244
12457,25959,144
12458,25977,76
12459,25489,1926
12460,25841,588
12461,24463,5930
12462,25763,882
12463,25907,340
12464,25943,204
12465,25895,384
12466,25701,1116
12467,25318,2580
12468,25965,120
12469,25869,484
12470,25593,1528
12471,25924,276
12472,18118,35196
12473,25991,24
12474,25912,320
12475,25859,520
12476,25122,3340
12477,25965,120
12478,20350,23870
12479,25972,96
12480,25456,2050
12481,25936,232
12482,25278,2734
12483,25991,24
12484,25991,24
12485,25965,120
12486,25918,300
12487,25630,1386
12488,25929,256
12489,7851,116708
12490,25978,72
12491,25931,248
12492,25959,144
12493,25939,220
12494,25484,1944
12495,25917,302
12496,25647,1322
12497,25961,136
12498,25872,472
12499,22295,14974
12500,25964,124
12501,6291,138300
12502,25946,192
12503,25931,250
12504,25791,776
12505,25798,752
12506,25741,966
12507,25970,104
12508,24657,5160
12509,25078,3508
12510,25949,180
12511,24583,5452
12512,25990,28
12513,25925,272
12514,25763,884
12515,25965,120
12516,25983,56
12517,25776,834
12518,25595,1522
12519,25991,24
12520,25751,928
12521,25972,96
12522,25997,0
12523,24139,7230
12524,25955,160
12525,25970,104
12526,24643,5216
12527,25542,1722
12528,25932,246
12529,25285,2708
12530,25944,200
12531,24674,5092
12532,23978,7882
12533,25971,98
12534,24857,4372
12535,23750,8814
12536,25985,48
12537,25693,1148
12538,25997,0
12539,25935,234
12540,25586,1556
12541,19817,26458
12542,25931,248
12543,25334,2520
12544,25684,1184
12545,25529,1772
12546,25963,128
12547,24575,5486
12548,25965,120
12549,25895,384
12550,25997,0
12551,25928,260
12552,25924,276
12553,25939,220
12554,25922,284
12555,20914,21206
12556,25925,272
12557,25978,72
12558,25832,624
12559,25922,284
12560,25984,52
12561,25889,408
12562,25319,2576
12563,25940,216
12564,25959,144
12565,25429,2154
12566,25264,2790
12567,23191,11136
12568,25959,144
12569,25990,28
12570,25975,84
12571,25978,72
12572,25274,2752
12573,25953,168
12574,13011,67470
12575,25887,414
12576,25967,116
12577,25978,72
12578,25957,152
12579,25684,1184
12580,19801,26536
12581,25978,72
12582,25968,110
12583,25963,128
12584,25811,702
12585,25948,184
12586,25960,142
12587,25997,0
12588,25857,528
12589,25909,332
12590,23705,8996
12591,25976,80
12592,25954,164
12593,25981,60
12594,24692,5021
12595,25997,0
12596,25975,86
12597,19992,25600
12598,25961,136
12599,25952,172
12600,25545,1710
12601,25092,3456
12602,25972,96
12603,25962,132
12604,25940,216
12605,24930,4088
12606,25990,28
12607,25943,204
12608,25833,620
12609,25965,120
12610,25293,2676
12611,25965,120
12612,25983,56
12613,25694,1144
12614,25965,120
12615,25951,176
12616,25977,76
12617,16203,46086
12618,24870,4320
12619,25872,472
12620,18866,31250
12621,25839,596
12622,19791,26586
12623,25991,24
12624,25976,80
12625,25959,144
12626,25845,572
12627,24969,3936
12628,24376,6276
12629,25000,3814
12630,25978,72
12631,25855,536
12632,25539,1734
12633,23242,10920
12634,25810,704
12635,25779,824
12636,24348,6388
12637,25956,156
12638,25961,136
12639,22283,15028
12640,25890,402
12641,25537,1740
12642,25952,172
12643,25493,1908
12644,25964,124
12645,25984,52
12646,25977,76
12647,25859,520
12648,25548,1698
12649,25915,308
12650,25119,3351
12651,24738,4840
12652,25975,84
12653,25991,24
12654,25955,158
12655,25960,140
12656,25765,876
12657,25920,292
12658,25792,774
12659,25970,104
12660,22527,13966
12661,25842,584
12662,25656,1288
12663,25699,1126
12664,25978,72
12665,25903,356
12666,25659,1276
12667,25965,120
12668,25991,24
12669,25972,96
12670,25941,212
12671,25984,52
12672,25340,2498
12673,25965,120
12674,25161,3188
12675,25981,62
12676,21066,20500
12677,25952,172
12678,25997,0
12679,25953,168
12680,25972,96
12681,25888,410
12682,24488,5832
12683,24278,6668
12684,25925,272
12685,25991,24
12686,25938,224
12687,25978,72
12688,25909,334
12689,25981,62
12690,25952,172
12691,25938,224
12692,25953,166
12693,25868,488
12694,15412,50962
12695,25984,52
12696,25897,376
12697,18729,31962
12698,25020,3734
12699,25968,112
12700,25884,428
12701,25931,248
12702,25961,136
12703,25953,168
12704,15512,50330
12705,25943,206
12706,22577,13750
12707,25991,24
12708,24880,4282
12709,14680,55706
12710,25624,1412
12711,25499,1888
12712,19819,26450
12713,15176,52464
12714,25997,0
12715,25967,116
12716,25969,108
12717,25959,144
12718,25959,144
12719,25948,184
12720,24359,6344
12721,25958,148
12722,25955,160
12723,25952,172
12724,23883,8268
12725,24582,5456
12726,25990,28
12727,25306,2626
12728,25953,166
12729,25960,140
12730,25928,260
12731,25959,144
12732,25972,96
12733,25988,36
12734,25954,164
12735,23621,9344
12736,25964,124
12737,25908,336
12738,25968,112
12739,25991,24
12740,23331,10548
12741,25965,120
12742,25044,3640
12743,25944,200
12744,25955,158
12745,25985,48
12746,24349,6384
12747,25985,48
12748,25013,3764
12749,25408,2234
12750,25959,144
12751,25954,162
12752,20232,24438
12753,25981,60
12754,25965,120
12755,25997,0
12756,25946,192
12757,24497,5794
12758,25958,148
12759,25764,880
12760,25880,440
12761,25966,118
12762,25975,84
12763,25972,96
12764,24538,5632
12765,24106,7364
12766,25938,224
12767,25952,170
12768,25931,248
12769,25616,1442
12770,24679,5074
12771,25981,60
12772,25946,192
12773,25922,284
12774,25675,1218
12775,25970,104
12776,23229,10976
12777,6377,136978
12778,25824,652
12779,25984,52
12780,19526,27900
12781,25593,1528
12782,25839,596
12783,23800,8608
12784,25991,24
12785,25991,24
12786,25358,2428
12787,25828,636
12788,25985,48
12789,25942,208
12790,25141,3266
12791,25487,1932
12792,25975,84
12793,25991,24
12794,25917,302
12795,25956,156
12796,25952,172
12797,25003,3800
12798,7561,120372
12799,25851,552
12800,13821,61580
12801,24447,5992
12802,24116,7324
12803,25958,148
12804,25997,0
12805,25460,2036
12806,25964,124
12807,25990,28
12808,25816,684
12809,25953,168
12810,24710,4952
12811,18550,32898
12812,25512,1836
12813,25754,918
12814,22927,12252
12815,25906,344
12816,25977,76
12817,25958,148
12818,25546,1708
12819,25985,48
12820,22565,13800
12821,25406,2242
12822,25990,28
12823,25972,96
12824,23213,11040
12825,25710,1084
12826,25961,136
12827,25949,180
12828,25963,128
12829,25951,176
12830,25961,136
12831,25888,412
12832,25698,1128
12833,25984,52
12834,25997,0
12835,25975,84
12836,25955,160
12837,25928,260
12838,25123,3333
12839,25968,112
12840,25974,88
12841,25206,3012
12842,25939,220
12843,25991,24
12844,25905,348
12845,25361,2414
12846,25991,24
12847,25943,204
12848,25750,932
12849,25991,24
12850,23960,7956
12851,25385,2322
12852,25991,24
12853,25990,28
12854,25952,172
12855,25946,192
12856,24353,6368
12857,25929,256
12858,25928,260
12859,25949,180
12860,25901,364
12861,25965,120
12862,25991,24
12863,25997,0
12864,25926,268
12865,23237,10942
12866,25956,156
12867,25952,172
12868,25978,72
12869,25963,128
12870,25649,1316
12871,25953,168
12872,25940,216
12873,25634,1374
12874,25488,1928
12875,24366,6316
12876,25932,244
12877,24970,3932
12878,25958,148
12879,25945,196
12880,25947,188
12881,25908,336
12882,24308,6548
12883,5512,151182
12884,25985,48
12885,25991,24
12886,25997,0
12887,25346,2472
12888,400,406836
12889,19511,27974
12890,25404,2252
12891,25920,292
12892,25937,225
12893,25052,3610
12894,25072,3532
12895,25951,176
12896,24415,6120
12897,25965,120
12898,25860,516
12899,24642,5218
12900,25922,284
12901,25949,180
12902,25977,76
12903,25017,3748
12904,25904,350
12905,25990,28
12906,25961,138
12907,25984,52
12908,24190,7024
12909,25658,1280
12910,25205,3018
12911,19535,27856
12912,25997,0
12913,25964,124
12914,25960,140
12915,25099,3428
12916,25948,184
12917,18903,31060
12918,25228,2928
12919,25985,48
12920,25976,80
12921,25796,758
12922,25047,3630
12923,25985,48
12924,25997,0
12925,25751,928
12926,25688,1166
12927,25997,0
12928,25892,396
12929,25991,24
12930,25307,2624
12931,25598,1510
12932,17212,40196
12933,25915,310
12934,25948,184
12935,25716,1062
12936,25991,24
12937,25675,1216
12938,25901,364
12939,25977,76
12940,24375,6280
12941,18854,31314
12942,24692,5020
12943,25803,732
12944,24066,7524
12945,25843,582
12946,25961,138
12947,24676,5084
12948,25378,2352
12949,25935,236
12950,25977,76
12951,25919,296
12952,25969,108
12953,25944,200
12954,25991,24
12955,24746,4808
12956,25965,120
12957,25815,688
12958,25984,52
12959,25985,48
12960,25910,330
12961,25956,156
12962,25964,124
12963,25031,3692
12964,8949,103950
12965,25935,236
12966,25980,64
12967,24588,5432
12968,25997,0
12969,25079,3506
12970,25957,152
12971,24234,6846
12972,25978,72
12973,25951,176
12974,25969,108
12975,25908,335
12976,25957,150
12977,25997,0
12978,25956,156
12979,25097,3436
12980,25947,188
12981,25923,280
12982,25771,854
12983,25878,450
12984,25988,36
12985,25872,472
12986,25820,666
12987,25500,1884
12988,24995,3834
12989,13763,61990
12990,25930,252
12991,13972,60520
12992,25942,208
12993,19930,25906
12994,25961,136
12995,24929,4090
12996,25425,2172
12997,25940,216
12998,25977,76
12999,25985,48
13000,15258,51940
13001,25921,286
13002,25973,92
13003,25997,0
13004,13634,62910
13005,25881,436
13006,25963,128
13007,25991,24
13008,24147,7196
13009,25856,532
13010,25802,734
13011,25371,2378
13012,23169,11228
13013,25959,144
13014,25968,112
13015,25984,52
13016,25991,24
13017,25997,0
13018,25978,72
13019,25930,252
13020,25951,176
13021,25090,3464
13022,16613,43648
13023,25983,56
13024,25924,276
13025,22022,16174
13026,24210,6942
13027,11502,79480
13028,19360,28732
13029,25949,180
13030,25761,890
13031,25969,108
13032,25893,392
13033,25067,3554
13034,24684,5052
13035,25798,752
13036,25924,277
13037,25239,2884
13038,22719,13140
13039,25985,48
13040,25650,1312
13041,25808,714
13042,25978,72
13043,25542,1722
13044,25778,828
13045,25832,624
13046,25991,24
13047,25965,120
13048,25772,848
13049,25936,232
13050,25964,124
13051,25043,3646
13052,25959,144
13053,25923,278
13054,25944,200
13055,25983,56
13056,25939,220
13057,25327,2548
13058,24889,4246
13059,25968,112
13060,25938,224
13061,25978,72
13062,25753,920
13063,25680,1196
13064,25939,220
13065,25802,734
13066,25201,3032
13067,25988,36
13068,25887,414
13069,25997,0
13070,25620,1426
13071,25660,1272
13072,25971,100
13073,25932,244
13074,25794,766
13075,25964,124
13076,23612,9380
13077,25669,1240
13078,25955,160
13079,25929,256
13080,25965,120
13081,25958,148
13082,24527,5674
13083,25997,0
13084,25868,488
13085,25968,112
13086,24317,6514
13087,21541,18326
13088,25997,0
13089,25949,180
13090,25584,1564
13091,25037,3670
13092,25445,2092
13093,25651,1308
13094,25938,224
13095,25175,3132
13096,21947,16506
13097,25973,92
13098,25782,810
13099,25833,620
13100,25970,104
13101,25928,260
13102,25953,168
13103,25984,52
13104,25041,3652
13105,25870,480
13106,25875,462
13107,24341,6416
13108,25926,268
13109,22686,13280
13110,25949,180
13111,25997,0
13112,25971,100
13113,25009,3778
13114,25990,28
13115,25738,976
13116,25965,120
13117,25103,3412
13118,25786,796
13119,25972,96
13120,25923,280
13121,24439,6024
13122,25627,1398
13123,25985,48
13124,24910,4164
13125,25975,84
13126,25979,68
13127,25226,2936
13128,25985,48
13129,25932,246
13130,25983,56
13131,25956,156
13132,25114,3368
13133,25985,48
13134,19986,25632
13135,25965,120
13136,25821,664
13137,25692,1152
13138,25990,28
13139,25961,136
13140,25934,240
13141,14301,58256
13142,25940,216
13143,25971,100
13144,25958,148
13145,25991,24
13146,25997,0
13147,25963,128
13148,25934,240
13149,25454,2060
13150,25978,72
13151,25997,0
13152,8356,110628
13153,25441,2110
13154,25961,136
13155,25951,176
13156,25954,164
13157,24765,4732
13158,25932,244
13159,25766,872
13160,25985,48
13161,25991,24
13162,24930,4086
13163,25888,412
13164,25985,48
13165,25991,24
13166,25959,144
13167,25589,1544
13168,25908,336
13169,7478,121450
13170,24806,4572
13171,25205,3018
13172,25990,28
13173,25965,120
13174,25890,404
13175,25997,0
13176,20526,23031
13177,22594,13676
13178,25192,3068
13179,25949,180
13180,25952,172
13181,25941,212
13182,25955,160
13183,24492,5816
13184,25971,100
13185,25985,48
13186,25395,2284
13187,23428,10144
13188,25991,24
13189,25976,80
13190,25977,76
13191,25957,152
13192,25985,48
13193,25657,1286
13194,25961,136
13195,25897,378
13196,25990,28
13197,25984,52
13198,25628,1396
13199,25431,2148
13200,25988,36
13201,21573,18182
13202,25374,2364
13203,25237,2892
13204,25984,52
13205,25955,160
13206,25954,164
13207,13175,66248
13208,25939,220
13209,24173,7090
13210,25981,60
13211,25911,324
13212,23816,8544
13213,25056,3594
13214,25969,108
13215,25935,236
13216,23076,11620
13217,25976,80
13218,25969,108
13219,25949,182
13220,25894,388
13221,25952,172
13222,25964,124
13223,25836,606
13224,25929,256
13225,25725,1026
13226,24318,6508
13227,25990,28
13228,25981,60
13229,25963,128
13230,18864,31260
13231,25981,60
13232,25937,228
13233,25275,2748
13234,25978,72
13235,25945,196
13236,25951,176
13237,23909,8164
13238,24740,4832
13239,25878,448
13240,25976,80
13241,25981,60
13242,25971,100
13243,25264,2790
13244,25955,158
13245,25958,148
13246,25270,2768
13247,25957,152
13248,25991,24
13249,25017,3746
13250,25968,110
13251,25957,152
13252,25905,348
13253,25973,92
13254,25984,52
13255,25962,132
13256,25970,104
13257,25512,1838
13258,25885,424
13259,25617,1438
13260,25947,188
13261,25951,176
13262,25926,268
13263,25981,60
13264,25958,148
13265,25971,98
13266,25417,2200
13267,25937,228
13268,25885,424
13269,19717,26952
13270,25296,2666
13271,25964,124
13272,24930,4088
13273,19775,26664
13274,25978,72
13275,25973,92
13276,25888,412
13277,25001,3808
13278,25960,140
13279,25934,240
13280,25991,24
13281,25938,224
13282,25819,670
13283,25958,148
13284,25719,1048
13285,25953,168
13286,25844,576
13287,25338,2506
13288,24606,5360
13289,25985,48
13290,25644,1334
13291,25991,24
13292,25991,24
13293,25931,248
13294,25048,3628
13295,25970,104
13296,25327,2546
13297,25980,64
13298,25912,320
13299,25997,0
13300,25930,252
13301,25991,24
13302,25983,56
13303,25985,48
13304,25458,2042
13305,25933,242
13306,25997,0
13307,25932,244
13308,25990,28
13309,24905,4184
13310,25363,2408
13311,22475,14190
13312,25985,48
13313,25997,0
13314,25921,288
13315,24636,5242
13316,25729,1012
13317,25198,3044
13318,20667,22364
13319,25859,522
13320,25972,96
13321,25968,112
13322,20029,25420
13323,25844,578
13324,25938,224
13325,25625,1408
13326,25948,184
13327,25997,0
13328,25932,244
13329,25882,432
13330,25938,224
13331,25325,2556
13332,25964,124
13333,22161,15562
13334,25940,216
13335,25955,160
13336,25984,52
13337,25976,80
13338,25973,92
13339,25972,96
13340,20511,23106
13341,25702,1114
13342,3262,202312
13343,25954,164
13344,25991,24
13345,25939,220
13346,22879,12454
13347,17256,39946
13348,25952,172
13349,24698,4998
13350,25944,202
13351,25756,908
13352,25303,2640
13353,25953,168
13354,25968,112
13355,25951,176
13356,25971,100
13357,23755,8792
13358,25513,1834
13359,25939,220
13360,25985,48
13361,25965,120
13362,11503,79472
13363,25984,52
13364,25965,120
13365,25971,100
13366,25991,24
13367,25215,2978
13368,23572,9548
13369,25146,3244
13370,25060,3580
13371,25997,0
13372,25984,52
13373,25689,1164
13374,25970,104
13375,25929,256
13376,25882,433
13377,25968,112
13378,25980,64
13379,25988,36
13380,25951,174
13381,25972,96
13382,25990,28
13383,25985,48
13384,25897,376
13385,25977,76
13386,25929,256
13387,25437,2124
13388,25981,60
13389,24414,6124
13390,25958,148
13391,25904,352
13392,25972,96
13393,25861,512
13394,25399,2270
13395,25714,1068
13396,25984,52
13397,25931,248
13398,25823,658
13399,25812,698
13400,15363,51270
13401,25961,136
13402,25868,488
13403,23943,8022
13404,25489,1926
13405,24696,5004
13406,25934,238
13407,25796,760
13408,25962,132
13409,24806,4572
13410,25878,448
13411,25964,124
13412,25956,154
13413,25947,188
13414,25939,218
13415,25360,2420
13416,25921,288
13417,25261,2800
13418,25941,212
13419,25946,192
13420,22973,12054
13421,25760,896
13422,25991,24
13423,25980,64
13424,25934,240
13425,25985,48
13426,25330,2534
13427,25879,444
13428,25849,558
13429,14597,56258
13430,25936,232
13431,25985,48
13432,25934,240
13433,25935,236
13434,24125,7284
13435,24259,6746
13436,25908,336
13437,25965,120
13438,25955,160
13439,25944,200
13440,25955,158
13441,25948,184
13442,25898,374
13443,22615,13586
13444,25242,2876
13445,25937,226
13446,25956,156
13447,24462,5932
13448,24184,7048
13449,25977,76
13450,25959,144
13451,25956,156
13452,25105,3404
13453,23862,8354
13454,25976,80
13455,25347,2470
13456,25945,196
13457,23297,10690
13458,25788,788
13459,25991,24
13460,25053,3608
13461,25977,76
13462,25947,188
13463,24340,6422
13464,15288,51752
13465,25071,3538
13466,25805,724
13467,12919,68158
13468,23882,8274
13469,25892,396
13470,25503,1872
13471,25984,52
13472,25450,2076
13473,25958,148
13474,25952,172
13475,25610,1464
13476,25711,1078
13477,25747,944
13478,25971,100
13479,22361,14688
13480,25846,568
13481,25043,3644
13482,25851,550
13483,25990,28
13484,25938,224
13485,25174,3136
13486,23620,9348
13487,25981,60
13488,25911,326
13489,25315,2592
13490,25129,3310
13491,25936,229
13492,22560,13822
13493,25972,96
13494,25988,36
13495,25907,340
13496,25964,124
13497,20390,23680
13498,25656,1290
13499,22578,13744
13500,25944,200
13501,25991,24
13502,25947,188
13503,25895,384
13504,23482,9920
13505,25964,124
13506,24220,6904
13507,25377,2356
13508,25916,304
13509,25938,224
13510,25635,1368
13511,25975,86
13512,25915,308
13513,25405,2246
13514,25984,52
13515,23461,10006
13516,17594,38058
13517,25965,120
13518,25563,1644
13519,25960,140
13520,25902,360
13521,25903,356
13522,25953,168
13523,25990,28
13524,25551,1688
13525,25917,302
13526,25740,970
13527,25981,60
13528,11117,82800
13529,25930,252
13530,25990,28
13531,25991,24
13532,25555,1674
13533,25955,158
13534,25965,120
13535,25939,220
13536,25963,128
13537,25977,76
13538,25852,548
13539,24366,6316
13540,23973,7900
13541,25729,1012
13542,25977,76
13543,24524,5686
13544,25470,1996
13545,25965,120
13546,25621,1422
13547,25984,52
13548,25920,290
13549,25948,184
13550,25964,124
13551,25957,152
13552,25543,1718
13553,25990,28
13554,24442,6014
13555,25534,1752
13556,25357,2432
13557,25798,752
13558,25894,388
13559,25954,164
13560,25893,392
13561,25902,360
13562,25865,496
13563,15192,52366
13564,25852,546
13565,25967,116
13566,25978,72
13567,25722,1040
13568,25911,324
13569,25976,80
13570,25940,216
13571,25963,128
13572,25920,292
13573,25809,710
13574,25960,140
13575,25975,84
13576,25897,376
13577,25955,160
13578,25985,48
13579,25959,144
13580,25940,216
13581,25983,56
13582,25897,376
13583,25251,2838
13584,25985,48
13585,25984,52
13586,25985,48
13587,25959,144
13588,25915,308
13589,25991,24
13590,1929,253492
13591,25908,336
13592,25956,156
13593,25965,120
13594,14406,57538
13595,25956,156
13596,25977,76
13597,25980,64
13598,24929,4092
13599,25978,72
13600,25959,144
13601,25990,28
13602,25242,2876
13603,25913,316
13604,25094,3448
13605,25574,1602
13606,19746,26808
13607,25924,276
13608,25947,188
13609,24209,6946
13610,25872,472
13611,23561,9592
13612,25868,488
13613,25964,124
13614,25893,394
13615,24145,7206
13616,25906,344
13617,21963,16436
13618,25747,944
13619,18714,32040
13620,24994,3836
13621,24820,4516
13622,25906,342
13623,25783,808
13624,25846,568
13625,25975,84
13626,12779,69220
13627,25984,52
13628,25919,296
13629,25976,80
13630,25970,104
13631,25960,142
13632,25937,228
13633,25926,268
13634,19848,26306
13635,25653,1300
13636,24127,7276
13637,25726,1022
13638,25976,80
13639,21662,17782
13640,24211,6938
13641,25970,104
13642,25991,24
13643,25031,3694
13644,25400,2266
13645,25894,388
13646,25829,632
13647,24888,4252
13648,25198,3046
13649,25951,176
13650,24476,5876
13651,25985,48
13652,25956,156
13653,25149,3234
13654,25973,92
13655,25972,96
13656,25891,400
13657,25991,24
13658,25902,360
13659,25942,208
13660,25867,492
13661,25918,300
13662,25984,52
13663,24576,5480
13664,25991,24
13665,25935,236
13666,25431,2148
13667,25961,136
13668,23069,11648
13669,25965,120
13670,25343,2484
13671,25944,200
13672,25591,1534
13673,25945,196
13674,25959,144
13675,25978,72
13676,25990,28
13677,25791,776
13678,25991,24
13679,25997,0
13680,25832,624
13681,25920,292
13682,22950,12154
13683,25143,3256
13684,25921,288
13685,25944,200
13686,25965,120
13687,21934,16564
13688,24521,5698
13689,25969,108
13690,25932,244
13691,25952,172
13692,24003,7780
13693,25926,270
13694,25717,1056
13695,25889,408
13696,25976,80
13697,25997,0
13698,25026,3710
13699,25910,328
13700,25962,134
13701,25943,204
13702,13160,66356
13703,25920,292
13704,25919,294
13705,23998,7800
13706,25923,280
13707,25897,376
13708,25971,100
13709,25909,334
13710,25942,208
13711,25859,520
13712,25959,144
13713,25336,2512
13714,25452,2068
13715,25953,168
13716,25897,376
13717,25938,224
13718,25978,72
13719,25991,24
13720,25975,84
13721,19319,28940
13722,22759,12966
13723,25991,24
13724,25985,48
13725,25930,252
13726,14787,54998
13727,23763,8760
13728,25970,104
13729,25940,216
13730,25372,2372
13731,14163,59202
13732,24539,5628
13733,25674,1220
13734,25919,296
13735,25972,96
13736,25976,80
13737,22367,14660
13738,25558,1660
13739,25924,276
13740,25806,720
13741,25918,300
13742,25822,660
13743,25953,168
13744,21902,16706
13745,25977,76
13746,25922,284
13747,25951,176
13748,25959,144
13749,25394,2288
13750,25905,348
13751,25894,388
13752,25934,240
13753,25902,358
13754,25938,224
13755,25858,524
13756,25960,142
13757,25965,120
13758,25976,80
13759,25964,124
13760,25972,96
13761,25527,1780
13762,24640,5226
13763,25462,2028
13764,25983,56
13765,25908,336
13766,25997,0
13767,25885,424
13768,20288,24170
13769,25925,272
13770,25975,84
13771,25981,60
13772,1083,309820
13773,25947,190
13774,20689,22262
13775,22251,15168
13776,25970,104
13777,25991,24
13778,24478,5868
13779,25956,156
13780,24138,7234
13781,25151,3228
13782,25958,148
13783,25947,188
13784,25342,2490
13785,25968,112
13786,25918,300
13787,25803,730
13788,25978,72
13789,25997,0
13790,25954,164
13791,19286,29108
13792,25216,2976
13793,24639,5232
13794,25973,92
13795,25971,100
13796,25985,48
13797,25965,120
13798,25960,140
13799,25957,152
13800,25958,148
13801,25990,28
13802,25946,192
13803,25997,0
13804,15162,52556
13805,25901,364
13806,25939,220
13807,25962,132
13808,25935,236
13809,25975,84
13810,25956,156
13811,22551,13860
13812,25719,1048
13813,25957,152
13814,25985,48
13815,25875,460
13816,25991,24
13817,25997,0
13818,25951,176
13819,25957,152
13820,25925,272
13821,25985,48
13822,25985,48
13823,25984,52
13824,25969,108
13825,25904,352
13826,23447,10066
13827,25967,114
13828,25975,84
13829,25952,172
13830,11483,79642
13831,25978,72
13832,25933,242
13833,25901,364
13834,20796,21758
13835,24529,5668
13836,25985,48
13837,25928,260
13838,25956,156
13839,25961,136
13840,25794,766
13841,25959,144
13842,25893,392
13843,25915,308
13844,25225,2940
13845,25990,28
13846,25863,504
13847,25108,3392
13848,25819,672
13849,25988,36
13850,25838,600
13851,25975,84
13852,25956,156
13853,25956,156
13854,25963,128
13855,25940,216
13856,21076,20456
13857,25961,138
13858,25955,158
13859,25068,3548
13860,25985,48
13861,25991,24
13862,25997,0
13863,25181,3110
13864,21422,18866
13865,25281,2724
13866,25930,252
13867,25980,64
13868,21903,16702
13869,25055,3600
13870,25951,176
13871,25959,144
13872,25174,3136
13873,25951,176
13874,25880,440
13875,25739,974
13876,19584,27610
13877,25970,104
13878,25281,2722
13879,24455,5960
13880,25268,2774
13881,25960,140
13882,25981,62
13883,25930,252
13884,25985,48
13885,25988,36
13886,25978,72
13887,25997,0
13888,15402,51028
13889,25268,2772
13890,25977,76
13891,25396,2280
13892,25980,64
13893,25978,72
13894,25667,1248
13895,25329,2538
13896,25976,80
13897,25670,1234
13898,25940,216
13899,25893,392
13900,25627,1400
13901,25960,140
13902,25863,504
13903,8632,107464
13904,25997,0
13905,25885,424
13906,25935,236
13907,25985,48
13908,25978,72
13909,25923,280
13910,25601,1499
13911,25490,1922
13912,21067,20496
13913,22309,14914
13914,25940,216
13915,25868,488
13916,25964,124
13917,25038,3664
13918,25985,48
13919,25997,0
13920,20440,23440
13921,23965,7936
13922,25688,1168
13923,25991,24
13924,25905,348
13925,25685,1180
13926,25983,56
13927,25442,2104
13928,2407,231936
13929,22577,13750
13930,25939,220
13931,25988,36
13932,25961,136
13933,25877,452
13934,25961,136
13935,25911,326
13936,25912,320
13937,15972,47482
13938,25964,126
13939,25878,450
13940,25962,132
13941,25946,194
13942,25970,104
13943,25991,24
13944,25930,252
13945,24678,5076
13946,25952,172
13947,25957,152
13948,25151,3228
13949,25975,84
13950,25765,876
13951,24569,5508
13952,25952,172
13953,25919,296
13954,25968,112
13955,25943,204
13956,25153,3220
13957,25948,184
13958,25977,76
13959,24884,4266
13960,25975,84
13961,25991,24
13962,25786,796
13963,25054,3602
13964,23662,9174
13965,24396,6196
13966,25771,852
13967,25990,28
13968,25930,252
13969,25957,153
13970,25984,52
13971,25912,320
13972,25983,56
13973,25991,24
13974,25914,312
13975,25965,120
13976,25840,592
13977,20677,22320
13978,25975,84
13979,25308,2618
13980,25056,3594
13981,25627,1398
13982,15152,52620
13983,25823,656
13984,11154,82474
13985,25971,98
13986,25890,404
13987,25970,104
13988,25991,24
13989,25945,196
13990,25871,476
13991,25515,1826
13992,25952,172
13993,25893,392
13994,25757,904
13995,25852,546
13996,25901,364
13997,25958,148
13998,23252,10880
13999,25863,504
14000,25954,164
14001,25975,84
14002,25991,24
14003,25840,592
14004,25100,3424
14005,25246,2858
14006,25953,168
14007,25964,124
14008,19546,27802
14009,25936,232
14010,25085,3482
14011,25953,168
14012,25918,298
14013,25959,144
14014,25376,2358
14015,25463,2024
14016,24649,5192
14017,25943,204
14018,25887,416
14019,25881,436
14020,25997,0
14021,25934,240
14022,21647,17850
14023,25960,140
14024,25969,108
14025,25981,60
14026,24521,5700
14027,25963,128
14028,25940,216
14029,25991,24
14030,25983,56
14031,25997,0
14032,25975,84
14033,24743,4820
14034,25815,688
14035,23318,10602
14036,25944,200
14037,22582,13728
14038,25139,3272
14039,25978,72
14040,25975,84
14041,25197,3048
14042,24595,5404
14043,25975,84
14044,25634,1372
14045,25659,1276
14046,25313,2600
14047,25485,1942
14048,25958,148
14049,25983,56
14050,25970,104
14051,25661,1268
14052,25427,2164
14053,4615,168488
14054,15372,51216
14055,25938,224
14056,24642,5218
14057,25942,208
14058,25882,434
14059,24679,5072
14060,25997,0
14061,19633,27368
14062,25090,3464
14063,25720,1044
14064,25702,1114
14065,25961,138
14066,25418,2196
14067,25961,136
14068,25991,24
14069,25997,0
14070,25862,508
14071,25990,28
14072,25845,572
14073,25951,176
14074,24560,5542
14075,25475,1980
14076,25985,48
14077,25819,672
14078,24912,4156
14079,25941,212
14080,25953,168
14081,25912,320
14082,24986,3868
14083,25997,0
14084,25919,296
14085,25976,80
14086,24207,6956
14087,20681,22300
14088,24880,4282
14089,23670,9140
14090,25952,170
14091,16182,46210
14092,25674,1222
14093,25503,1872
14094,25961,136
14095,25857,528
14096,22540,13908
14097,25737,982
14098,25392,2298
14099,14265,58498
14100,25380,2344
14101,25954,164
14102,24859,4366
14103,25984,52
14104,25635,1368
14105,25879,444
14106,25096,3438
14107,25716,1062
14108,25883,430
14109,25868,488
14110,25997,0
14111,25281,2722
14112,24232,6854
14113,21227,19760
14114,25983,56
14115,25997,0
14116,25991,24
14117,25991,24
14118,25716,1060
14119,25984,52
14120,25981,60
14121,25941,212
14122,25242,2876
14123,25401,2262
14124,25997,0
14125,25954,162
14126,25340,2498
14127,25249,2846
14128,25968,110
14129,25956,156
14130,25949,180
14131,25140,3270
14132,25980,64
14133,25988,36
14134,25970,104
14135,25113,3374
14136,25953,168
14137,25991,24
14138,25376,2360
14139,25997,0
14140,25903,356
14141,25963,128
14142,25946,192
14143,25963,128
14144,25372,2372
14145,19467,28196
14146,25981,62
14147,25183,3102
14148,25956,156
14149,25983,56
14150,25291,2684
14151,25997,0
14152,22442,14332
14153,25963,128
14154,25486,1936
14155,25566,1632
14156,22905,12342
14157,25918,300
14158,3232,203212
14159,19877,26164
14160,25284,2714
14161,25956,156
14162,25870,478
14163,25955,160
14164,25862,508
14165,25879,444
14166,25997,0
14167,25913,318
14168,25981,62
14169,25925,272
14170,20231,24444
14171,25977,76
14172,25997,0
14173,24147,7196
14174,25951,176
14175,25943,204
14176,25948,186
14177,25167,3166
14178,25797,756
14179,25878,448
14180,25977,76
14181,25931,248
14182,24946,4024
14183,25972,96
14184,25968,112
14185,25908,336
14186,25970,104
14187,21529,18382
14188,24990,3852
14189,23521,9758
14190,24595,5406
14191,25426,2166
14192,25874,464
14193,25988,36
14194,23636,9280
14195,25083,3490
14196,25963,128
14197,25534,1752
14198,25983,56
14199,24782,4666
14200,24969,3934
14201,25977,76
14202,19616,27454
14203,24299,6586
14204,25997,0
14205,25965,120
14206,25926,268
14207,25953,168
14208,25390,2306
14209,25845,572
14210,23803,8596
14211,24380,6260
14212,25924,276
14213,25976,80
14214,25965,120
14215,25972,96
14216,25201,3032
14217,25926,268
14218,25907,340
14219,25991,24
14220,25877,452
14221,25978,72
14222,14702,55560
14223,25962,132
14224,23432,10126
14225,25478,1968
14226,25922,284
14227,25954,164
14228,25880,440
14229,25934,240
14230,25829,634
14231,25765,876
14232,15206,52276
14233,25941,212
14234,25333,2522
14235,25581,1574
14236,24366,6316
14237,25851,552
14238,25971,100
14239,25985,48
14240,25927,266
14241,25886,420
14242,25696,1136
14243,25041,3652
14244,25991,24
14245,25399,2268
14246,25890,404
14247,25947,188
14248,25905,348
14249,25979,68
14250,25957,152
14251,25908,337
14252,25908,336
14253,25952,172
14254,23384,10328
14255,25962,132
14256,25926,268
14257,25932,244
14258,25970,104
14259,25586,1556
14260,25962,134
14261,25958,148
14262,25913,318
14263,12276,73132
14264,24836,4454
14265,25780,820
14266,25964,126
14267,25314,2596
14268,24978,3900
14269,25377,2354
14270,25978,72
14271,25928,260
14272,25485,1942
14273,23241,10924
14274,25815,688
14275,24875,4300
14276,25958,148
14277,25938,222
14278,25717,1058
14279,25100,3424
14280,25965,120
14281,25922,284
14282,25970,104
14283,25964,124
14284,25818,674
14285,25953,168
14286,25907,340
14287,25899,368
14288,25956,156
14289,25972,96
14290,25031,3692
14291,25871,476
14292,25106,3402
14293,25911,324
14294,25901,364
14295,19260,29238
14296,25971,100
14297,25997,0
14298,25922,284
14299,25969,108
14300,25976,80
14301,25977,76
14302,25971,100
14303,25826,646
14304,24045,7608
14305,25878,448
14306,25985,48
14307,25964,124
14308,25546,1708
14309,25220,2958
14310,25784,802
14311,24033,7658
14312,25799,748
14313,25822,660
14314,25929,256
14315,24761,4750
14316,25949,180
14317,24553,5572
14318,25196,3052
14319,25912,320
14320,25983,56
14321,24977,3904
14322,25991,24
14323,25985,48
14324,25960,140
14325,23021,11852
14326,25977,76
14327,25948,184
14328,25628,1396
14329,25971,100
14330,25852,546
14331,25956,156
14332,25856,532
14333,25943,206
14334,25867,492
14335,25961,138
14336,23497,9856
14337,24065,7530
14338,23846,8418
14339,25981,60
14340,25985,48
14341,25598,1510
14342,25911,324
14343,25914,312
14344,25974,88
14345,24976,3906
14346,25456,2052
14347,25947,188
14348,24649,5192
14349,25977,76
14350,25878,448
14351,25836,608
14352,25127,3318
14353,22764,12944
14354,22352,14726
14355,25913,316
14356,25944,202
14357,25709,1088
14358,25936,232
14359,25872,472
14360,25978,72
14361,25997,0
14362,25956,156
14363,25936,230
14364,25937,228
14365,1975,251204
14366,24224,6888
14367,24370,6302
14368,25991,24
14369,25937,228
14370,25977,76
14371,25891,400
14372,25814,692
14373,25962,132
14374,25963,128
14375,25981,60
14376,25724,1032
14377,23821,8521
14378,25853,544
14379,23865,8342
14380,25976,80
14381,24339,6424
14382,25972,96
14383,25410,2226
14384,23737,8868
14385,25964,124
14386,25980,64
14387,20017,25478
14388,24611,5340
14389,25394,2288
14390,25874,464
14391,25802,736
14392,25977,76
14393,19701,27032
14394,25952,170
14395,25954,164
14396,24146,7202
14397,25952,172
14398,25985,48
14399,25970,104
14400,25965,120
14401,25957,152
14402,25984,52
14403,25963,128
14404,25659,1276
14405,25977,76
14406,25289,2692
14407,25919,296
14408,25965,120
14409,25985,48
14410,25991,24
14411,2092,245616
14412,25983,56
14413,25968,110
14414,25927,264
14415,5449,152300
14416,23825,8504
14417,25965,120
14418,25256,2820
14419,25985,48
14420,23985,7854
14421,25971,100
14422,25964,124
14423,25951,176
14424,25972,96
14425,25932,244
14426,25827,642
14427,24523,5692
14428,25898,372
14429,25735,990
14430,25925,272
14431,25977,76
14432,25937,228
14433,25958,148
14434,25988,36
14435,25960,140
14436,25910,328
14437,25985,48
14438,25931,248
14439,25969,106
14440,25652,1304
14441,25367,2394
14442,25915,308
14443,25894,388
14444,25357,2432
14445,25911,324
14446,25970,104
14447,25351,2456
14448,25820,668
14449,25971,100
14450,25955,160
14451,25975,84
14452,25985,48
14453,25949,182
14454,9148,101806
14455,25956,156
14456,14811,54840
14457,16844,42304
14458,25971,100
14459,25953,168
14460,25985,48
14461,25906,344
14462,24479,5864
14463,25971,100
14464,25923,280
14465,25272,2757
14466,8064,114092
14467,25635,1368
14468,25967,116
14469,25061,3574
14470,25997,0
14471,24889,4246
14472,25940,216
14473,25965,120
14474,25952,172
14475,25978,72
14476,24888,4252
14477,25929,256
14478,25927,264
14479,25967,114
14480,22431,14382
14481,25931,248
14482,25985,48
14483,23813,8554
14484,25916,304
14485,25930,252
14486,25919,296
14487,24813,4546
14488,25977,76
14489,25082,3494
14490,25956,156
14491,23075,11622
14492,25934,238
14493,25930,252
14494,25991,24
14495,24316,6518
14496,22050,16052
14497,25952,172
14498,25288,2698
14499,25954,164
14500,25990,28
14501,25991,24
14502,25960,140
14503,25913,316
14504,25425,2170
14505,25997,0
14506,25949,180
14507,25990,28
14508,25984,52
14509,21584,18132
14510,25805,724
14511,25888,412
14512,24893,4230
14513,25918,300
14514,24362,6334
14515,25978,72
14516,25940,216
14517,25968,110
14518,24718,4920
14519,20293,24146
14520,25901,364
14521,15024,53448
14522,25988,36
14523,25948,184
14524,25997,0
14525,24564,5528
14526,25964,124
14527,25968,112
14528,25971,100
14529,25964,124
14530,25850,555
14531,25938,222
14532,25984,52
14533,24252,6772
14534,25988,36
14535,25941,210
14536,25985,48
14537,25990,28
14538,25977,76
14539,25614,1448
14540,25256,2822
14541,19238,29350
14542,25289,2692
14543,23658,9192
14544,8046,114308
14545,25997,0
14546,21500,18512
14547,25973,92
14548,25941,212
14549,25968,112
14550,25958,148
14551,25949,180
14552,25934,237
14553,25926,268
14554,25546,1706
14555,25965,120
14556,25974,88
14557,25183,3104
14558,24024,7694
14559,25961,136
14560,25977,76
14561,25984,52
14562,25962,132
14563,25997,0
14564,24959,3972
14565,22742,13038
14566,25954,164
14567,25972,96
14568,16806,42524
14569,25963,128
14570,25963,128
14571,25964,124
14572,25570,1614
14573,25313,2600
14574,25975,84
14575,24830,4478
14576,24921,4122
14577,25997,0
14578,24041,7626
14579,22885,12428
14580,25531,1764
14581,24114,7329
14582,25898,372
14583,25958,148
14584,25954,164
14585,22444,14326
14586,25946,192
14587,25919,296
14588,25953,168
14589,24625,5286
14590,25965,120
14591,25951,176
14592,25922,284
14593,25921,288
14594,25953,168
14595,22551,13864
14596,25964,124
14597,25927,264
14598,25997,0
14599,24817,4530
14600,25733,998
14601,25194,3060
14602,25857,528
14603,25997,0
14604,25896,380
14605,25656,1288
14606,25990,28
14607,25878,448
14608,25380,2344
14609,13731,62220
14610,23325,10572
14611,25936,232
14612,25955,160
14613,25997,0
14614,25974,88
14615,25239,2884
14616,25952,172
14617,25967,116
14618,25376,2358
14619,25849,560
14620,25946,192
14621,25968,110
14622,25948,184
14623,25997,0
14624,22170,15524
14625,25936,232
14626,25069,3544
14627,25936,230
14628,25983,56
14629,25952,172
14630,24332,6452
14631,25997,0
14632,25964,124
14633,25947,188
14634,25022,3728
14635,25678,1204
14636,25980,64
14637,25978,72
14638,25719,1048
14639,25905,348
14640,25966,118
14641,25914,312
14642,25865,496
14643,25937,228
14644,25959,144
14645,25972,96
14646,24894,4226
14647,25229,2926
14648,25997,0
14649,15155,52600
14650,25974,88
14651,11263,81534
14652,23336,10528
14653,25983,56
14654,25964,124
14655,25373,2368
14656,23932,8070
14657,25934,240
14658,25936,232
14659,25444,2098
14660,25673,1224
14661,25985,48
14662,22970,12066
14663,22558,13832
14664,25991,24
14665,25945,196
14666,25924,276
14667,25974,88
14668,25871,474
14669,25907,340
14670,24070,7508
14671,25969,108
14672,25920,292
14673,25874,464
14674,24144,7210
14675,25977,76
14676,25962,132
14677,25137,3280
14678,25963,128
14679,25916,304
14680,25204,3020
14681,25968,110
14682,25094,3446
14683,25941,212
14684,25443,2102
14685,25925,272
14686,15628,49604
14687,14088,59716
14688,25327,2548
14689,25897,376
14690,25983,56
14691,25975,86
14692,25997,0
14693,25963,128
14694,19269,29194
14695,25964,124
14696,25523,1794
14697,25990,28
14698,25926,268
14699,25884,426
14700,25946,192
14701,25857,528
14702,25903,356
14703,25499,1888
14704,25951,176
14705,25190,3076
14706,25984,52
14707,25916,304
14708,25843,580
14709,25936,232
14710,25867,490
14711,25997,0
14712,25984,52
14713,25972,96
14714,25812,696
14715,25633,1376
14716,25872,472
14717,25911,324
14718,25712,1076
14719,25970,104
14720,25904,352
14721,25791,778
14722,25558,1662
14723,25985,48
14724,25894,388
14725,25958,148
14726,25828,636
14727,25832,622
14728,25954,164
14729,25858,524
14730,23971,7908
14731,24387,6232
14732,25855,536
14733,25938,224
14734,24650,5186
14735,25963,128
14736,25997,0
14737,25964,124
14738,25963,128
14739,25971,100
14740,25901,364
14741,24958,3976
14742,25975,84
14743,25985,48
14744,25955,160
14745,25955,160
14746,25892,396
14747,25911,324
14748,24765,4732
14749,25963,128
14750,25878,448
14751,25799,748
14752,25827,642
14753,24068,7518
14754,25216,2976
14755,25924,276
14756,25568,1624
14757,25997,0
14758,25970,104
14759,25929,258
14760,23805,8588
14761,25885,422
14762,24946,4024
14763,25739,972
14764,25932,244
14765,25990,28
14766,25841,590
14767,23705,8996
14768,25946,194
14769,25963,128
14770,25956,156
14771,25261,2802
14772,25938,224
14773,25953,166
14774,25121,3344
14775,25960,140
14776,25978,72
14777,24741,4830
14778,25860,518
14779,25919,296
14780,25980,64
14781,19296,29056
14782,25517,1820
14783,23212,11048
14784,23815,8548
14785,25839,596
14786,25932,244
14787,25974,88
14788,23188,11146
14789,25916,304
14790,25975,84
14791,25847,564
14792,25235,2902
14793,25969,108
14794,25522,1798
14795,25946,192
14796,25985,48
14797,25075,3520
14798,24889,4248
14799,24897,4216
14800,25847,564
14801,25841,588
14802,25973,92
14803,25997,0
14804,25589,1544
14805,25467,2010
14806,25895,384
14807,23887,8252
14808,25956,156
14809,25938,224
14810,25893,392
14811,25272,2760
14812,25969,108
14813,25608,1472
14814,25514,1830
14815,25958,148
14816,25942,208
14817,25692,1152
14818,25990,28
14819,25836,608
14820,25428,2160
14821,25666,1250
14822,25937,228
14823,15431,50842
14824,25162,3182
14825,25988,36
14826,25925,272
14827,13055,67140
14828,24093,7414
14829,24829,4482
14830,25932,244
14831,25997,0
14832,25863,504
14833,25410,2226
14834,25971,100
14835,24991,3848
14836,25955,160
14837,25948,184
14838,25990,28
14839,25961,135
14840,24524,5688
14841,25970,104
14842,25874,464
14843,25628,1394
14844,25964,124
14845,11464,79804
14846,25978,72
14847,25984,52
14848,25943,204
14849,25484,1944
14850,25965,120
14851,25959,144
14852,25997,0
14853,25970,104
14854,25943,204
14855,20393,23668
14856,25931,248
14857,25965,120
14858,25551,1688
14859,22675,13326
14860,25934,240
14861,25976,80
14862,25977,76
14863,25969,108
14864,25985,48
14865,25480,1960
14866,25909,332
14867,25953,168
14868,25857,528
14869,7723,118302
14870,25939,220
14871,25869,482
14872,25953,168
14873,25930,254
14874,25956,156
14875,25969,108
14876,25985,48
14877,25872,472
14878,25591,1536
14879,25819,672
14880,22688,13272
14881,24687,5040
14882,25968,112
14883,25909,332
14884,25957,152
14885,25241,2880
14886,12532,71126
14887,25914,312
14888,25942,208
14889,25990,28
14890,13669,62658
14891,25894,388
14892,24834,4464
14893,25962,134
14894,25961,136
14895,24673,5096
14896,25985,48
14897,24422,6094
14898,24478,5870
14899,21991,16312
14900,25943,204
14901,25938,224
14902,25947,188
14903,23814,8552
14904,25961,136
14905,25929,256
14906,25939,220
14907,25592,1532
14908,22417,14444
14909,25733,996
14910,25985,48
14911,25944,202
14912,19510,27978
14913,25962,132
14914,25997,0
14915,25969,108
14916,25985,48
14917,25926,268
14918,25944,200
14919,25978,72
14920,24046,7604
14921,25329,2540
14922,25964,124
14923,25573,1604
14924,25977,76
14925,25972,96
14926,25965,120
14927,25469,2002
14928,23659,9186
14929,25984,52
14930,25991,24
14931,25878,448
14932,25853,544
14933,25971,100
14934,25997,0
14935,25972,96
14936,25882,432
14937,25973,92
14938,25984,52
14939,25978,72
14940,25638,1356
14941,24207,6956
14942,25410,2228
14943,25924,276
14944,25760,896
14945,25991,24
14946,23910,8158
14947,25985,48
14948,25835,610
14949,25938,224
14950,25942,208
14951,25997,0
14952,25932,244
14953,25308,2620
14954,25975,84
14955,25948,184
14956,25056,3596
14957,25970,104
14958,4,1000000
14959,25764,878
14960,25703,1112
14961,25574,1602
14962,25961,138
14963,25955,160
14964,25911,324
14965,25830,628
14966,42,626916
14967,25241,2878
14968,25983,56
14969,18760,31800
14970,25893,392
14971,25964,124
14972,25962,132
14973,25947,188
14974,25969,108
14975,21240,19698
14976,25959,144
14977,25656,1290
14978,15281,51792
14979,25991,24
14980,25958,148
14981,25985,48
14982,25972,96
14983,25876,456
14984,25888,410
14985,25955,160
14986,25958,148
14987,24689,5034
14988,25947,190
14989,25984,52
14990,25650,1312
14991,25918,300
14992,25984,52
14993,25913,316
14994,25278,2734
14995,25906,344
14996,25964,124
14997,24173,7092
14998,25978,72
14999,25943,204
15000,25716,1062
15001,24171,7102
15002,25975,84
15003,25925,272
15004,23607,9400
15005,20234,24430
15006,20693,22242
15007,25978,72
15008,24778,4684
15009,24631,5264
15010,25675,1218
15011,25872,470
15012,25929,256
15013,25840,592
15014,25930,252
15015,25925,272
15016,24569,5510
15017,24995,3834
15018,25807,716
15019,25944,200
15020,25984,52
15021,25991,24
15022,25991,24
15023,25984,52
15024,20116,25000
15025,25991,24
15026,22135,15676
15027,19072,30196
15028,25908,336
15029,24456,5956
15030,23259,10848
15031,25884,428
15032,25904,352
15033,25953,168
15034,25898,374
15035,25134,3292
15036,12920,68154
15037,25961,136
15038,20513,23096
15039,25991,24
15040,25923,280
15041,24635,5248
15042,14876,54412
15043,25905,348
15044,25834,614
15045,25962,132
15046,3345,199856
15047,14702,55560
15048,25924,276
15049,25129,3312
15050,24228,6870
15051,25026,3712
15052,25792,774
15053,25997,0
15054,25897,376
15055,22863,12524
15056,25855,536
15057,25941,212
15058,25943,204
15059,24908,4172
15060,25715,1066
15061,25977,76
15062,25978,72
15063,21762,17334
15064,25439,2116
15065,25699,1124
15066,25985,48
15067,25946,192
15068,25961,136
15069,25224,2942
15070,25931,248
15071,25959,144
15072,25977,76
15073,25977,76
15074,24153,7174
15075,17747,37214
15076,25031,3692
15077,25893,392
15078,25904,352
15079,25975,84
15080,25954,164
15081,25940,214
15082,25952,172
15083,25516,1822
15084,25955,158
15085,25688,1166
15086,25861,512
15087,25963,128
15088,25970,104
15089,25356,2436
15090,25991,24
15091,25944,200
15092,25569,1620
15093,12982,67684
15094,14250,58602
15095,25561,1652
15096,25739,972
15097,16281,45618
15098,25959,144
15099,25890,404
15100,25879,444
15101,25545,1710
15102,24988,3860
15103,25972,96
15104,25034,3682
15105,25620,1424
15106,25962,132
15107,25722,1040
15108,25972,96
15109,25902,358
15110,25706,1100
15111,25907,340
15112,25997,0
15113,24667,5122
15114,25438,2120
15115,25941,212
15116,25981,60
15117,25938,224
15118,24926,4102
15119,25713,1074
15120,25952,172
15121,25482,1952
15122,25983,56
15123,25991,24
15124,25887,416
15125,25898,372
15126,25968,110
15127,15509,50348
15128,25983,56
15129,17890,36430
15130,25359,2424
15131,24885,4264
15132,24174,7086
15133,25901,364
15134,25984,52
15135,25932,244
15136,25094,3448
15137,25983,56
15138,25923,280
15139,25896,380
15140,25744,956
15141,25955,160
15142,25973,92
15143,25758,900
15144,25918,299
15145,25346,2472
15146,25997,0
15147,25976,80
15148,25901,364
15149,24614,5330
15150,25587,1552
15151,25991,24
15152,25735,988
15153,25250,2844
15154,25417,2200
15155,25454,2058
15156,25923,280
15157,25771,854
15158,25988,36
15159,25904,352
15160,25591,1534
15161,25762,886
15162,25812,696
15163,25997,0
15164,25114,3370
15165,25081,3496
15166,25971,100
15167,25932,246
15168,25971,100
15169,25927,264
15170,25936,232
15171,25264,2790
15172,13148,66446
15173,25978,72
15174,25977,76
15175,25975,84
15176,25860,516
15177,25955,160
15178,25947,188
15179,25957,152
15180,25589,1542
15181,25465,2016
15182,25914,312
15183,25886,420
15184,25663,1262
15185,25298,2660
15186,23412,10208
15187,25953,168
15188,25915,310
15189,25919,296
15190,25210,2996
15191,25699,1124
15192,25991,24
15193,24895,4224
15194,25988,36
15195,25453,2064
15196,25985,48
15197,25851,552
15198,25944,200
15199,23677,9112
15200,25902,360
15201,16732,42952
15202,25558,1662
15203,25984,52
15204,25976,80
15205,25953,166
15206,25978,72
15207,25963,128
15208,25918,300
15209,25618,1434
15210,25991,24
15211,25952,172
15212,25713,1072
15213,25902,360
15214,21491,18556
15215,25970,104
15216,24402,6172
15217,25893,392
15218,17159,40498
15219,25920,292
15220,24111,7342
15221,25988,36
15222,25455,2056
15223,25927,264
15224,23587,9482
15225,25965,120
15226,24810,4556
15227,25927,264
15228,25074,3524
15229,25021,3730
15230,23339,10514
15231,25059,3582
15232,25936,232
15233,25885,424
15234,24519,5708
15235,25984,52
15236,25953,168
15237,25963,128
15238,25018,3744
15239,25879,444
15240,25737,980
15241,25947,188
15242,25906,344
15243,25648,1320
15244,25953,168
15245,25988,36
15246,22944,12176
15247,25747,944
15248,25990,28
15249,25972,96
15250,21856,16912
15251,25926,268
15252,25884,426
15253,25984,52
15254,25952,172
15255,25930,252
15256,25944,200
15257,22538,13920
15258,25951,176
15259,25771,854
15260,25976,80
15261,25474,1984
15262,25962,132
15263,25976,80
15264,25991,24
15265,25957,152
15266,24962,3960
15267,25978,72
15268,25878,448
15269,25830,628
15270,25923,278
15271,25888,412
15272,25056,3596
15273,25830,628
15274,23920,8118
15275,25777,830
15276,25960,140
15277,24938,4054
15278,25969,108
15279,24819,4520
15280,25942,208
15281,25984,52
15282,25972,96
15283,24874,4306
15284,25951,176
15285,25984,52
15286,24812,4548
15287,25937,228
15288,25953,166
15289,25978,72
15290,25808,712
15291,25990,28
15292,25943,204
15293,25990,28
15294,25941,212
15295,19328,28894
15296,22963,12096
15297,23859,8368
15298,25796,758
15299,25861,512
15300,25984,52
15301,25946,192
15302,25941,212
15303,25925,272
15304,25969,108
15305,25991,24
15306,22693,13248
15307,25747,942
15308,25965,120
15309,24681,5066
15310,25991,24
15311,25977,76
15312,25988,36
15313,25938,224
15314,25912,320
15315,25974,88
15316,25209,3000
15317,25942,208
15318,25902,360
15319,21594,18090
15320,25976,80
15321,25040,3658
15322,25985,48
15323,25422,2180
15324,25848,562
15325,25940,216
15326,25341,2492
15327,25929,258
15328,25862,508
15329,25985,48
15330,24851,4396
15331,25997,0
15332,25964,126
15333,24846,4416
15334,25434,2134
15335,25867,492
15336,25997,0
15337,25801,740
15338,20168,24748
15339,25969,108
15340,25981,62
15341,25922,284
15342,25945,196
15343,25918,300
15344,25906,344
15345,25980,64
15346,25985,48
15347,25410,2228
15348,25997,0
15349,25912,320
15350,25940,216
15351,25985,48
15352,25933,242
15353,25910,328
15354,25985,48
15355,25983,56
15356,25983,56
15357,25988,36
15358,25958,148
15359,25977,76
15360,25830,628
15361,25972,96
15362,25953,168
15363,24682,5060
15364,25965,120
15365,25798,752
15366,25863,504
15367,25131,3304
15368,25980,64
15369,25977,76
15370,24686,5046
15371,25963,128
15372,25932,244
15373,25086,3478
15374,25948,184
15375,25997,0
15376,21380,19060
15377,25903,356
15378,25972,96
15379,25975,84
15380,14469,57114
15381,25976,80
15382,25895,386
15383,25907,340
15384,25580,1578
15385,25728,1016
15386,24659,5152
15387,25976,80
15388,25372,2372
15389,25991,24
15390,25920,292
15391,25890,402
15392,25956,156
15393,25959,144
15394,25594,1524
15395,25926,268
15396,25828,636
15397,25858,524
15398,25944,200
15399,25899,368
15400,25969,108
15401,25972,96
15402,25135,3288
15403,25704,1106
15404,25086,3478
15405,24464,5924
15406,25898,374
15407,24736,4848
15408,25990,28
15409,19825,26420
15410,25964,124
15411,25736,986
15412,25949,180
15413,24313,6530
15414,25985,48
15415,25941,212
15416,24474,5884
15417,25391,2300
15418,25922,284
15419,25962,132
15420,25405,2246
15421,25962,132
15422,25331,2532
15423,25077,3514
15424,22578,13744
15425,25939,220
15426,17591,38070
15427,25871,476
15428,24961,3966
15429,24382,6254
15430,25606,1478
15431,25964,124
15432,25648,1318
15433,25548,1698
15434,25936,232
15435,18271,34376
15436,23776,8708
15437,25189,3078
15438,25985,48
15439,25127,3318
15440,25899,368
15441,15974,47472
15442,25981,60
15443,25965,120
15444,25548,1700
15445,25971,100
15446,25811,700
15447,25984,52
15448,25923,280
15449,24000,7794
15450,25837,604
15451,25893,394
15452,25997,0
15453,25835,610
15454,25115,3366
15455,25997,0
15456,25972,96
15457,25971,100
15458,25915,308
15459,25952,172
15460,25978,72
15461,25970,104
15462,24968,3938
15463,25757,904
15464,25962,132
15465,25841,588
15466,25611,1460
15467,25967,116
15468,6025,142514
15469,25978,72
15470,22982,12018
15471,25945,198
15472,20737,22036
15473,24003,7778
15474,25965,120
15475,25941,212
15476,25892,396
15477,25920,292
15478,21048,20586
15479,25582,1572
15480,25957,150
15481,25903,356
15482,25981,60
15483,25970,104
15484,25945,196
15485,25331,2532
15486,25990,28
15487,25851,550
15488,25978,72
15489,24439,6026
15490,24711,4948
15491,25825,648
15492,25858,524
15493,25980,64
15494,25976,80
15495,25962,132
15496,25983,56
15497,25991,24
15498,25977,76
15499,23305,10656
15500,23225,10992
15501,25476,1974
15502,25328,2542
15503,17655,37720
15504,25887,416
15505,25947,188
15506,25821,664
15507,22049,16058
15508,25664,1258
15509,25957,152
15510,25990,28
15511,25967,116
15512,24819,4520
15513,25956,157
15514,19513,27964
15515,23734,8878
15516,25130,3306
15517,25873,468
15518,24099,7390
15519,25943,204
15520,25897,376
15521,25945,196
15522,20938,21094
15523,25991,24
15524,25963,129
15525,25978,72
15526,25863,504
15527,25960,142
15528,25937,228
15529,25460,2036
15530,25930,252
15531,25985,48
15532,25930,252
15533,21693,17644
15534,24583,5454
15535,25997,0
15536,25991,24
15537,25818,674
15538,25876,456
15539,25093,3450
15540,25768,864
15541,25997,0
15542,25923,278
15543,25039,3660
15544,25963,128
15545,25948,184
15546,25946,192
15547,25507,1856
15548,25952,172
15549,25472,1992
15550,25559,1658
15551,25906,344
15552,25889,408
15553,25711,1080
15554,25488,1930
15555,25540,1730
15556,25962,132
15557,25997,0
15558,25632,1380
15559,25991,24
15560,22437,14358
15561,25940,216
15562,25988,36
15563,25327,2548
15564,25971,100
15565,25939,218
15566,25843,580
15567,25420,2188
15568,25235,2900
15569,25561,1652
15570,25272,2758
15571,25985,48
15572,25947,188
15573,25983,56
15574,25891,400
15575,25977,76
15576,25968,112
15577,24924,4110
15578,25881,436
15579,21889,16768
15580,25976,80
15581,25491,1916
15582,25879,444
15583,25932,244
15584,25964,124
15585,25977,76
15586,25483,1948
15587,25962,132
15588,23943,8022
15589,25978,72
15590,25908,336
15591,23725,8916
15592,25944,200
15593,25940,216
15594,25392,2296
15595,25819,670
15596,15168,52514
15597,25763,882
15598,25658,1280
15599,25960,140
15600,25178,3120
15601,25895,384
15602,25964,124
15603,21997,16288
15604,25970,104
15605,25984,52
15606,25924,276
15607,25432,2144
15608,25224,2944
15609,25971,100
15610,25957,152
15611,23107,11488
15612,25923,280
15613,25930,252
15614,24476,5878
15615,25997,0
15616,14539,56648
15617,25969,108
15618,24964,3952
15619,25991,24
15620,21896,16736
15621,25925,272
15622,25944,200
15623,25952,172
15624,25970,104
15625,25937,228
15626,22728,13100
15627,25934,238
15628,25892,398
15629,9550,97610
15630,25991,24
15631,25093,3452
15632,25545,1710
15633,25985,48
15634,25985,48
15635,18992,30604
15636,8158,112962
15637,25972,96
15638,25954,164
15639,25975,84
15640,25958,148
15641,25949,180
15642,20107,25044
15643,23110,11474
15644,25937,228
15645,25990,28
15646,25772,848
15647,25722,1040
15648,25997,0
15649,24797,4608
15650,25327,2546
15651,25990,28
15652,25973,92
15653,25973,92
15654,25379,2348
15655,25997,0
15656,25929,256
15657,25985,48
15658,25971,100
15659,25725,1028
15660,25829,632
15661,25937,228
15662,25953,168
15663,25997,0
15664,23717,8950
15665,25991,24
15666,25940,216
15667,25767,868
15668,25876,458
15669,25791,778
15670,24478,5868
15671,25953,168
15672,25984,52
15673,25972,96
15674,25952,172
15675,23888,8248
15676,25365,2400
15677,25977,76
15678,25080,3502
15679,25956,156
15680,24850,4398
15681,25980,64
15682,25957,152
15683,1659,268188
15684,25943,206
15685,25720,1044
15686,25980,64
15687,25238,2890
15688,25729,1012
15689,25926,268
15690,23100,11516
15691,25070,3542
15692,25978,72
15693,25977,76
15694,25930,252
15695,25976,80
15696,25943,204
15697,25972,96
15698,23812,8560
15699,25997,0
15700,25300,2652
15701,25981,60
15702,25553,1680
15703,25909,332
15704,25897,376
15705,25951,176
15706,25975,86
15707,24792,4628
15708,24873,4308
15709,25997,0
15710,25997,0
15711,25904,352
15712,25834,616
15713,25991,24
15714,20041,25364
15715,25985,48
15716,25169,3158
15717,23491,9882
15718,25924,276
15719,25674,1222
15720,25946,194
15721,25962,132
15722,25977,76
15723,25991,24
15724,25971,98
15725,25855,536
15726,25746,948
15727,25956,156
15728,25947,188
15729,15462,50644
15730,25163,3178
15731,22474,14196
15732,25908,336
15733,24355,6360
15734,25326,2552
15735,25946,192
15736,25842,586
15737,25958,148
15738,25936,232
15739,25925,272
15740,25299,2656
15741,18984,30644
15742,25806,720
15743,25271,2764
15744,25534,1752
15745,25951,176
15746,25952,172
15747,25160,3192
15748,25718,1052
15749,25952,172
15750,25948,184
15751,25929,256
15752,25985,48
15753,25988,36
15754,25972,96
15755,25508,1852
15756,25939,220
15757,25972,96
15758,23650,9224
15759,25393,2292
15760,25923,280
15761,25951,176
15762,25991,24
15763,25796,760
15764,25969,108
15765,25947,190
15766,25997,0
15767,25946,192
15768,8010,114748
15769,25401,2262
15770,25871,476
15771,25964,124
15772,25161,3188
15773,25977,76
15774,25110,3386
15775,25509,1850
15776,24830,4480
15777,25948,184
15778,25815,688
15779,25997,0
15780,9123,102064
15781,25955,158
15782,25911,324
15783,25924,276
15784,25445,2094
15785,25946,192
15786,25930,252
15787,25887,416
15788,25985,48
15789,25976,80
15790,25968,112
15791,25888,410
15792,25976,80
15793,25972,96
15794,25967,116
15795,23827,8498
15796,25958,148
15797,24668,5118
15798,25934,237
15799,25876,458
15800,25820,668
15801,25940,216
15802,25935,234
15803,24590,5426
15804,25843,580
15805,25399,2270
15806,23313,10624
15807,25654,1298
15808,25978,72
15809,25816,684
15810,25934,240
15811,25936,232
15812,25912,320
15813,25923,280
15814,25977,76
15815,25991,24
15816,25477,1972
15817,25935,236
15818,25940,216
15819,18384,33776
15820,25951,176
15821,25968,110
15822,25942,208
15823,25949,180
15824,24432,6052
15825,25963,128
15826,25818,674
15827,25988,36
15828,25690,1160
15829,25600,1502
15830,25197,3050
15831,17437,38932
15832,25976,80
15833,25648,1320
15834,25755,914
15835,25984,52
15836,25984,52
15837,25976,80
15838,25094,3448
15839,25971,100
15840,25167,3164
15841,25972,96
15842,25640,1348
15843,25977,76
15844,25046,3634
15845,25912,320
15846,25955,158
15847,25944,200
15848,25527,1780
15849,25926,268
15850,24575,5484
15851,25977,76
15852,22180,15480
15853,25794,764
15854,24523,5690
15855,25991,24
15856,25985,48
15857,24026,7686
15858,25955,160
15859,25389,2310
15860,25918,300
15861,25869,482
15862,25928,260
15863,25968,112
15864,19199,29548
15865,25425,2170
15866,24434,6046
15867,25828,636
15868,25051,3614
15869,15510,50344
15870,22963,12098
15871,25963,128
15872,25930,252
15873,24805,4576
15874,25946,192
15875,24035,7648
15876,25997,0
15877,25959,146
15878,25985,48
15879,25970,104
15880,25865,496
15881,25990,28
15882,25953,168
15883,25888,412
15884,25087,3474
15885,25914,312
15886,25760,896
15887,24661,5142
15888,153,500480
15889,25997,0
15890,24993,3842
15891,25483,1948
15892,25872,472
15893,25953,168
15894,25652,1304
15895,25971,100
15896,25975,84
15897,25863,504
15898,25779,824
15899,25997,0
15900,25924,276
15901,22401,14514
15902,25985,48
15903,25096,3440
15904,25159,3196
15905,25968,112
15906,25951,176
15907,25938,224
15908,25965,120
15909,25862,508
15910,25880,442
15911,25919,296
15912,25959,144
15913,25941,212
15914,25969,108
15915,24442,6012
15916,25970,104
15917,25550,1692
15918,25567,1626
15919,25423,2178
15920,25975,84
15921,25111,3380
15922,25937,228
15923,25978,72
15924,25341,2492
15925,25991,24
15926,25255,2824
15927,25964,124
15928,24225,6884
15929,25997,0
15930,25988,36
15931,25949,182
15932,25984,52
15933,25901,364
15934,24879,4288
15935,25916,304
15936,25934,240
15937,25946,192
15938,24801,4594
15939,24680,5068
15940,25997,0
15941,25997,0
15942,25978,72
15943,25961,136
15944,25946,192
15945,25897,376
15946,25123,3336
15947,25907,340
15948,25985,48
15949,25991,24
15950,25430,2152
15951,24954,3992
15952,25600,1502
15953,24422,6092
15954,25985,48
15955,25947,190
15956,25927,266
15957,25965,120
15958,25949,180
15959,23992,7824
15960,25964,124
15961,25924,276
15962,25959,144
15963,25938,224
15964,25133,3296
15965,25922,282
15966,20044,25350
15967,25913,317
15968,23676,9116
15969,25949,180
15970,25964,124
15971,25977,76
15972,25947,188
15973,25912,320
15974,25161,3186
15975,25997,0
15976,25733,998
15977,25985,48
15978,25978,72
15979,25971,100
15980,25961,136
15981,25961,136
15982,23578,9520
15983,25025,3714
15984,25368,2390
15985,25997,0
15986,25976,80
15987,25991,24
15988,25878,448
15989,25977,76
15990,25699,1124
15991,25929,256
15992,25337,2508
15993,25984,52
15994,25947,188
15995,25651,1306
15996,25985,48
15997,25972,96
15998,25669,1238
15999,25954,164
16000,25939,220
16001,25935,236
16002,25975,84
16003,25852,548
16004,25985,48
16005,25976,80
16006,25997,0
16007,25042,3648
16008,25723,1034
16009,25924,276
16010,25469,2002
16011,25975,86
16012,25577,1590
16013,15218,52194
16014,25980,64
16015,25946,192
16016,24407,6154
16017,25985,48
16018,25171,3148
16019,25903,356
16020,25972,96
16021,25939,220
16022,25949,180
16023,25971,100
16024,25854,538
16025,24774,4698
16026,25880,440
16027,25280,2728
16028,21831,17026
16029,25841,590
16030,25959,144
16031,25977,76
16032,8221,112214
16033,24771,4712
16034,25977,76
16035,25977,76
16036,25997,0
16037,25984,52
16038,25963,128
16039,25907,340
16040,20906,21244
16041,22454,14282
16042,25997,0
16043,24339,6426
16044,25958,148
16045,25978,72
16046,25059,3584
16047,25978,72
16048,25930,252
16049,25980,64
16050,25890,402
16051,20073,25206
16052,25915,308
16053,25777,830
16054,25946,192
16055,19105,30026
16056,22688,13270
16057,24757,4764
16058,25958,148
16059,25160,3190
16060,25909,332
16061,25926,268
16062,25980,64
16063,25976,80
16064,25909,332
16065,25939,220
16066,25876,456
16067,25997,0
16068,24480,5860
16069,25818,676
16070,25874,464
16071,25938,224
16072,25110,3386
16073,25959,144
16074,25868,488
16075,25567,1628
16076,25985,48
16077,19038,30366
16078,25969,108
16079,25959,144
16080,25944,200
16081,25377,2356
16082,25879,444
16083,25997,0
16084,25943,204
16085,25923,280
16086,23302,10670
16087,25742,964
16088,25889,408
16089,25949,180
16090,25629,1392
16091,25889,408
16092,15388,51116
16093,25990,28
16094,25502,1874
16095,24224,6888
16096,25997,0
16097,25973,92
16098,25975,84
16099,25487,1932
16100,25782,812
16101,25751,928
16102,25888,412
16103,25958,148
16104,25977,76
16105,25990,28
16106,25972,96
16107,25894,388
16108,25480,1958
16109,25985,48
16110,25990,28
16111,25934,240
16112,25948,184
16113,25914,312
16114,25959,144
16115,25799,746
16116,25163,3178
16117,24743,4820
16118,25919,296
16119,25938,224
16120,25955,160
16121,25991,24
16122,25811,702
16123,25963,128
16124,25983,56
16125,25976,80
16126,25926,268
16127,23962,7948
16128,25926,268
16129,25925,272
16130,25932,244
16131,25184,3098
16132,25753,922
16133,8245,111930
16134,25965,120
16135,25489,1924
16136,25952,172
16137,25958,148
16138,25965,120
16139,25976,80
16140,25985,48
16141,25960,140
16142,25939,220
16143,21159,20072
16144,25976,80
16145,25991,24
16146,25969,108
16147,23349,10472
16148,24789,4638
16149,25899,370
16150,25965,120
16151,25984,52
16152,25655,1292
16153,25959,144
16154,19151,29792
16155,25959,144
16156,25892,398
16157,25836,608
16158,25985,48
16159,25616,1440
16160,25893,392
16161,25969,108
16162,25869,484
16163,24315,6522
16164,24668,5116
16165,25985,48
16166,25060,3580
16167,25779,824
16168,25997,0
16169,25937,228
16170,23506,9818
16171,24452,5974
16172,25937,228
16173,25906,344
16174,25862,508
16175,25990,28
16176,25942,208
16177,25954,164
16178,25971,100
16179,25148,3238
16180,25963,128
16181,25634,1372
16182,25934,238
16183,24649,5193
16184,25925,272
16185,25997,0
16186,23200,11098
16187,25893,392
16188,24371,6298
16189,25958,148
16190,25951,176
16191,25991,24
16192,25238,2890
16193,25951,176
16194,20671,22348
16195,25997,0
16196,25899,368
16197,25937,228
16198,25990,28
16199,25812,696
16200,25949,180
16201,25013,3762
16202,25972,96
16203,25946,192
16204,21336,19262
16205,25954,164
16206,25949,180
16207,25314,2596
16208,25555,1674
16209,25949,180
16210,25181,3110
16211,25975,84
16212,25257,2816
16213,25784,802
16214,24772,4708
16215,25997,0
16216,25333,2524
16217,25990,28
16218,25965,120
16219,25885,424
16220,25065,3560
16221,25991,24
16222,25710,1084
16223,14908,54204
16224,25938,224
16225,25975,84
16226,25961,136
16227,25167,3164
16228,25988,36
16229,25953,168
16230,21561,18238
16231,19630,27382
16232,14735,55340
16233,24917,4138
16234,25944,200
16235,25665,1254
16236,25382,2336
16237,25333,2524
16238,25085,3484
16239,25863,506
16240,25964,124
16241,25945,196
16242,25275,2748
16243,25965,120
16244,25969,108
16245,25997,0
16246,25972,96
16247,25969,108
16248,25339,2500
16249,24930,4086
16250,25864,500
16251,25942,208
16252,25976,80
16253,23253,10874
16254,24629,5270
16255,25957,150
16256,22925,12260
16257,25542,1724
16258,25936,232
16259,25981,60
16260,23132,11382
16261,24303,6568
16262,25977,76
16263,25984,52
16264,25942,208
16265,24787,4648
16266,25971,100
16267,25884,426
16268,22531,13950
16269,25968,112
16270,25121,3342
16271,25969,108
16272,25900,366
16273,25907,340
16274,25952,172
16275,25940,216
16276,25984,52
16277,23900,8200
16278,25958,148
16279,25276,2744
16280,25932,244
16281,25952,172
16282,20131,24928
16283,25965,120
16284,25951,176
16285,4634,168084
16286,25938,224
16287,25926,268
16288,25977,76
16289,25974,88
16290,25940,216
16291,25910,330
16292,25985,48
16293,25961,136
16294,25089,3466
16295,25931,248
16296,25936,230
16297,25985,48
16298,25945,198
16299,25410,2226
16300,21979,16368
16301,25978,72
16302,25942,208
16303,24598,5392
16304,25991,24
16305,25990,28
16306,25591,1536
16307,25589,1544
16308,25997,0
16309,25978,72
16310,25312,2604
16311,25897,376
16312,25965,120
16313,25785,800
16314,22483,14156
16315,25797,756
16316,25899,368
16317,25991,24
16318,25852,548
16319,25997,0
16320,25927,264
16321,24698,4998
16322,25991,24
16323,21790,17206
16324,25953,168
16325,25936,232
16326,25144,3252
16327,25978,72
16328,25835,612
16329,25945,196
16330,25959,144
16331,19417,28448
16332,25194,3058
16333,25919,296
16334,25973,90
16335,25920,292
16336,24904,4190
16337,25985,48
16338,25851,550
16339,25961,136
16340,25741,966
16341,25985,48
16342,25868,488
16343,25547,1702
16344,25983,56
16345,25864,502
16346,25891,400
16347,25978,72
16348,25997,0
16349,25983,56
16350,25661,1268
16351,25984,52
16352,25975,84
16353,23629,9312
16354,24723,4898
16355,25916,304
16356,25943,204
16357,25985,48
16358,8457,109454
16359,16739,42912
16360,25969,108
16361,25914,312
16362,25506,1862
16363,25954,162
16364,25761,892
16365,25959,144
16366,25275,2748
16367,25991,24
16368,25801,740
16369,25997,0
16370,25928,260
16371,25546,1708
16372,25356,2436
16373,25920,290
16374,14931,54050
16375,25950,178
16376,25695,1140
16377,25978,72
16378,25897,376
16379,25952,172
16380,25990,28
16381,25824,652
16382,25844,576
16383,25957,152
16384,25474,1982
16385,25379,2348
16386,25978,72
16387,25512,1838
16388,25991,24
16389,25931,248
16390,25963,128
16391,22734,13074
16392,25298,2660
16393,25869,484
16394,25540,1730
16395,25959,144
16396,21025,20690
16397,25997,0
16398,25621,1422
16399,24554,5566
16400,25973,90
16401,23831,8482
16402,25976,80
16403,24949,4012
16404,24856,4378
16405,25974,88
16406,21357,19164
16407,25997,0
16408,25820,666
16409,25952,172
16410,25949,180
16411,22420,14430
16412,25261,2802
16413,25930,252
16414,25891,400
16415,25997,0
16416,25455,2054
16417,24056,7564
16418,25802,736
16419,22891,12402
16420,21684,17684
16421,14607,56192
16422,25666,1251
16423,25805,724
16424,25977,76
16425,25969,106
16426,25937,228
16427,25536,1744
16428,25991,24
16429,25944,200
16430,14943,53976
16431,25931,248
16432,24579,5468
16433,25949,180
16434,22318,14872
16435,25893,392
16436,25978,72
16437,18177,34876
16438,25894,388
16439,19686,27104
16440,25948,184
16441,25642,1342
16442,25586,1556
16443,25985,48
16444,25964,124
16445,25843,580
16446,25854,538
16447,25957,152
16448,25951,176
16449,25964,124
16450,25971,100
16451,25965,120
16452,25456,2052
16453,25958,148
16454,25984,52
16455,25959,144
16456,25720,1044
16457,25886,420
16458,25627,1400
16459,25963,128
16460,25959,144
16461,25916,304
16462,25984,52
16463,25865,496
16464,24699,4994
16465,25535,1748
16466,25971,100
16467,25990,28
16468,25944,200
16469,24921,4120
16470,25757,904
16471,25972,96
16472,25971,100
16473,25936,232
16474,25948,184
16475,25863,506
16476,25947,188
16477,25608,1472
16478,25997,0
16479,25932,244
16480,137,511412
16481,25997,0
16482,25956,156
16483,25589,1544
16484,25997,0
16485,24882,4276
16486,25919,296
16487,20668,22362
16488,25952,172
16489,23904,8182
16490,24631,5264
16491,17577,38152
16492,25919,296
16493,25603,1490
16494,25997,0
16495,25321,2568
16496,25991,24
16497,24657,5158
16498,24505,5764
16499,25844,578
16500,25965,120
16501,24833,4466
16502,16250,45800
16503,25403,2254
16504,22725,13112
16505,25945,196
16506,25944,200
16507,25912,320
16508,25941,212
16509,24817,4530
16510,25725,1028
16511,25951,176
16512,25956,156
16513,24826,4494
16514,22433,14374
16515,21354,19180
16516,25959,144
16517,25503,1872
16518,25379,2346
16519,25961,136
16520,19691,27080
16521,25920,292
16522,25958,148
16523,25908,336
16524,25985,48
16525,25970,104
16526,25997,0
16527,25962,132
16528,25631,1382
16529,25978,72
16530,25902,358
16531,24573,5492
16532,25812,696
16533,25136,3284
16534,25852,548
16535,25931,248
16536,25968,112
16537,25971,100
16538,25850,556
16539,25961,136
16540,25997,0
16541,24827,4490
16542,25963,130
16543,25947,188
16544,25984,52
16545,25978,72
16546,25959,144
16547,25991,24
16548,25699,1124
16549,25991,24
16550,25984,52
16551,25984,52
16552,25924,276
16553,25711,1080
16554,24726,4888
16555,18789,31650
16556,25468,2004
16557,25727,1020
16558,25924,276
16559,25926,268
16560,25892,396
16561,25970,104
16562,25866,494
16563,25648,1320
16564,25124,3332
16565,24245,6802
16566,25997,0
16567,25766,872
16568,25972,96
16569,25970,104
16570,25975,84
16571,25986,44
16572,25929,256
16573,25991,24
16574,25786,796
16575,25876,456
16576,25953,168
16577,25926,268
16578,25975,86
16579,25943,204
16580,25018,3742
16581,25934,240
16582,25976,80
16583,25468,2004
16584,25964,124
16585,25971,100
16586,25940,216
16587,25523,1796
16588,25985,48
16589,25895,384
16590,25958,148
16591,25983,56
16592,25954,164
16593,25962,132
16594,25939,220
16595,21749,17390
16596,25926,268
16597,25646,1326
16598,25997,0
16599,23766,8748
16600,25919,294
16601,24111,7344
16602,25985,48
16603,25476,1974
16604,25948,184
16605,25964,126
16606,25952,172
16607,25120,3346
16608,25464,2020
16609,25506,1860
16610,25957,152
16611,24809,4560
16612,25925,272
16613,24808,4564
16614,24687,5042
16615,25955,160
16616,21849,16946
16617,25977,76
16618,25974,88
16619,25136,3286
16620,10293,90312
16621,6880,129578
16622,25913,316
16623,24824,4502
16624,23941,8032
16625,24638,5236
16626,25454,2060
16627,25945,196
16628,24982,3882
16629,23544,9662
16630,25947,188
16631,25943,204
16632,1706,265504
16633,25867,492
16634,25965,120
16635,25941,212
16636,25873,468
16637,25985,48
16638,25882,432
16639,25964,124
16640,25927,264
16641,25988,36
16642,25963,128
16643,25978,72
16644,25967,116
16645,25929,256
16646,25971,100
16647,25990,28
16648,25991,24
16649,25985,48
16650,25445,2094
16651,25889,406
16652,25941,212
16653,25262,2798
16654,3294,201354
16655,8933,104124
16656,25752,924
16657,24398,6188
16658,25972,96
16659,25977,76
16660,25879,444
16661,25788,788
16662,24807,4568
16663,24628,5276
16664,24229,6866
16665,25834,616
16666,25755,912
16667,25984,52
16668,25920,292
16669,24461,5936
16670,25864,500
16671,24564,5528
16672,25911,324
16673,25511,1842
16674,25951,176
16675,19612,27470
16676,25954,164
16677,25985,48
16678,25997,0
16679,25969,108
16680,25910,328
16681,25963,128
16682,25906,344
16683,24721,4908
16684,25788,788
16685,25437,2124
16686,25928,260
16687,25991,24
16688,25780,820
16689,25928,260
16690,25991,24
16691,25938,224
16692,25997,0
16693,23751,8810
16694,21819,17078
16695,25940,216
16696,21778,17262
16697,25936,232
16698,25972,96
16699,25780,820
16700,25997,0
16701,25840,592
16702,25946,194
16703,25983,56
16704,20744,22004
16705,25343,2486
16706,25441,2110
16707,25200,3036
16708,25938,222
16709,24289,6624
16710,25899,368
16711,25990,28
16712,25957,152
16713,25859,520
16714,25217,2972
16715,25956,156
16716,24458,5950
16717,25661,1268
16718,25912,320
16719,25042,3648
16720,25903,354
16721,24821,4512
16722,25833,620
16723,25331,2532
16724,25830,628
16725,22944,12178
16726,25026,3712
16727,21727,17492
16728,25872,472
16729,21226,19764
16730,22189,15438
16731,25599,1504
16732,25887,414
16733,25932,246
16734,25957,152
16735,25972,96
16736,25931,248
16737,25985,48
16738,25915,310
16739,24436,6036
16740,22875,12470
16741,25970,104
16742,25991,24
16743,25826,646
16744,25713,1072
16745,25990,28
16746,25948,184
16747,22384,14586
16748,25497,1894
16749,25860,516
16750,24739,4836
16751,24606,5360
16752,25962,132
16753,24723,4898
16754,25974,88
16755,25975,84
16756,25926,268
16757,25956,156
16758,25964,124
16759,25774,842
16760,25579,1580
16761,25963,128
16762,25880,440
16763,25939,220
16764,23367,10396
16765,25991,24
16766,23475,9946
16767,25971,100
16768,25828,638
16769,25934,240
16770,17565,38214
16771,13832,61506
16772,25964,124
16773,25852,548
16774,25412,2220
16775,25983,56
16776,25912,322
16777,25972,96
16778,24942,4040
16779,25673,1224
16780,25640,1348
16781,25981,60
16782,25997,0
16783,25964,124
16784,25990,28
16785,8846,105070
16786,25969,108
16787,25939,220
16788,25957,152
16789,20646,22466
16790,22469,14216
16791,25601,1496
16792,25010,3774
16793,24711,4946
16794,25170,3152
16795,25249,2849
16796,25961,136
16797,25944,200
16798,25723,1034
16799,25961,136
16800,25557,1666
16801,25888,412
16802,25913,316
16803,25977,76
16804,25959,144
16805,25885,424
16806,25972,96
16807,25618,1434
16808,25858,524
16809,25975,84
16810,25991,24
16811,25997,0
16812,25968,112
16813,24939,4052
16814,25919,296
16815,25991,24
16816,25779,824
16817,25953,168
16818,25997,0
16819,25961,136
16820,25303,2638
16821,25959,144
16822,25881,438
16823,25768,864
16824,13997,60348
16825,20122,24970
16826,19017,30476
16827,25978,72
16828,25972,96
16829,25060,3580
16830,25825,648
16831,25902,358
16832,25914,312
16833,25988,36
16834,25936,232
16835,25926,268
16836,25997,0
16837,25976,80
16838,25961,136
16839,25066,3556
16840,25577,1588
16841,25929,256
16842,25863,504
16843,25965,120
16844,24729,4876
16845,25822,660
16846,25997,0
16847,25936,232
16848,25985,48
16849,25977,76
16850,25971,100
16851,25990,28
16852,25161,3186
16853,25903,354
16854,25241,2878
16855,25968,112
16856,25829,632
16857,25958,148
16858,25978,72
16859,25877,452
16860,25952,172
16861,25953,168
16862,25997,0
16863,25967,116
16864,24425,6082
16865,25650,1310
16866,25991,24
16867,25969,108
16868,25951,176
16869,25969,108
16870,25952,172
16871,16771,42724
16872,25969,108
16873,25984,52
16874,25949,180
16875,25945,196
16876,25981,60
16877,25855,536
16878,25991,24
16879,25997,0
16880,25990,28
16881,25952,172
16882,25919,296
16883,25562,1648
16884,25401,2264
16885,25973,92
16886,25990,28
16887,25906,345
16888,25991,24
16889,25977,76
16890,25418,2198
16891,25919,296
16892,25991,24
16893,25855,536
16894,25916,306
16895,25978,72
16896,25897,376
16897,25719,1050
16898,21582,18144
16899,25977,76
16900,25955,160
16901,25820,666
16902,25894,388
16903,25932,246
16904,25945,196
16905,25820,668
16906,21965,16428
16907,25997,0
16908,25457,2048
16909,19708,26994
16910,25691,1156
16911,24738,4840
16912,25570,1614
16913,25939,220
16914,25856,532
16915,23072,11636
16916,25962,132
16917,25997,0
16918,25851,552
16919,25946,192
16920,25949,180
16921,25988,36
16922,25924,276
16923,25897,376
16924,25692,1152
16925,25943,206
16926,25977,76
16927,19200,29540
16928,23618,9356
16929,25943,204
16930,25997,0
16931,25977,76
16932,25381,2339
16933,25918,300
16934,25978,72
16935,25980,64
16936,25921,286
16937,25972,96
16938,25949,180
16939,25661,1268
16940,25786,796
16941,24728,4878
16942,25844,576
16943,23698,9028
16944,15777,48680
16945,25904,352
16946,25964,124
16947,25984,52
16948,22165,15546
16949,25752,924
16950,25975,84
16951,25956,156
16952,25967,116
16953,25934,240
16954,25946,192
16955,25219,2962
16956,25919,296
16957,25971,100
16958,25977,76
16959,25040,3656
16960,23212,11048
16961,25997,0
16962,25159,3194
16963,25997,0
16964,17241,40032
16965,25621,1420
16966,25980,64
16967,23621,9342
16968,25360,2418
16969,25882,432
16970,14041,60044
16971,25961,136
16972,22615,13584
16973,25945,196
16974,25886,418
16975,22036,16112
16976,25943,206
16977,24932,4080
16978,25988,36
16979,25952,170
16980,25899,368
16981,25955,160
16982,25893,394
16983,25983,56
16984,25288,2696
16985,25884,428
16986,21692,17648
16987,25813,694
16988,25922,284
16989,25520,1806
16990,24509,5748
16991,25959,144
16992,24016,7726
16993,20403,23620
16994,25977,76
16995,25318,2583
16996,25923,280
16997,23506,9820
16998,25965,120
16999,25969,108
17000,25971,98
17001,25997,0
17002,24813,4546
17003,22035,16118
17004,25821,662
17005,25621,1422
17006,25100,3426
17007,25203,3026
17008,25960,140
17009,25928,260
17010,25858,524
17011,25782,812
17012,25941,212
17013,25925,272
17014,25959,144
17015,25997,0
17016,25977,76
17017,25944,200
17018,24346,6398
17019,24679,5072
17020,25945,196
17021,25899,370
17022,24085,7448
17023,21739,17436
17024,25938,224
17025,25990,28
17026,25945,196
17027,25931,248
17028,25685,1180
17029,24669,5112
17030,8871,104796
17031,25369,2384
17032,25962,132
17033,25929,256
17034,25957,152
17035,25515,1824
17036,25985,48
17037,25948,184
17038,25975,84
17039,25661,1270
17040,25978,72
17041,25991,24
17042,25871,474
17043,25897,376
17044,19946,25824
17045,25953,168
17046,22665,13372
17047,25997,0
17048,25972,96
17049,19391,28578
17050,25958,148
17051,25985,48
17052,25968,112
17053,25969,108
17054,25977,76
17055,25983,56
17056,25991,24
17057,25944,200
17058,18251,34484
17059,25970,104
17060,25978,72
17061,9996,93158
17062,25372,2372
17063,25991,24
17064,25997,0
17065,25926,268
17066,25599,1504
17067,25968,112
17068,25960,140
17069,25978,72
17070,25429,2156
17071,25904,352
17072,25927,264
17073,25967,116
17074,25962,132
17075,25954,164
17076,25435,2130
17077,25964,124
17078,25997,0
17079,24980,3890
17080,25972,96
17081,18657,32338
17082,25948,184
17083,25351,2456
17084,23399,10266
17085,25961,136
17086,15791,48592
17087,25984,52
17088,24851,4394
17089,25949,180
17090,25997,0
17091,25961,136
17092,25892,396
17093,25475,1978
17094,25194,3060
17095,25959,144
17096,25887,416
17097,24527,5674
17098,25984,52
17099,25997,0
17100,25960,140
17101,17784,37008
17102,25597,1514
17103,25606,1480
17104,25918,300
17105,25977,76
17106,25984,52
17107,25905,348
17108,15164,52540
17109,25397,2276
17110,25959,144
17111,25988,36
17112,25930,252
17113,25912,320
17114,25991,24
17115,25972,96
17116,25946,192
17117,25985,48
17118,21301,19420
17119,23320,10592
17120,25985,48
17121,25805,726
17122,25975,84
17123,25997,0
17124,24718,4917
17125,25964,124
17126,25176,3128
17127,25951,176
17128,25997,0
17129,25977,76
17130,25879,444
17131,25877,452
17132,25877,452
17133,25832,622
17134,25934,240
17135,25976,80
17136,25990,28
17137,25960,140
17138,25970,104
17139,25952,172
17140,25738,978
17141,25972,96
17142,25914,312
17143,22699,13226
17144,25938,224
17145,25984,52
17146,25969,108
17147,25959,144
17148,25854,540
17149,25974,88
17150,19903,26036
17151,25997,0
17152,24897,4216
17153,25763,884
17154,25885,424
17155,24315,6522
17156,25936,232
17157,25763,882
17158,25935,233
17159,25991,24
17160,25928,260
17161,25931,248
17162,25955,160
17163,22680,13304
17164,25971,100
17165,25599,1504
17166,25559,1658
17167,25952,172
17168,25953,168
17169,17040,41172
17170,25882,432
17171,25931,248
17172,25951,176
17173,25936,232
17174,25971,100
17175,25954,164
17176,25871,476
17177,22552,13856
17178,25371,2376
17179,25870,480
17180,25963,128
17181,25975,84
17182,25444,2096
17183,25934,240
17184,25954,164
17185,25582,1570
17186,25452,2068
17187,25969,108
17188,25970,104
17189,25804,728
17190,25828,636
17191,23070,11646
17192,25984,52
17193,25976,80
17194,25957,152
17195,25901,362
17196,25901,364
17197,25965,120
17198,25981,60
17199,25984,52
17200,25951,176
17201,25954,164
17202,25787,792
17203,25521,1804
17204,25605,1484
17205,25985,48
17206,25370,2382
17207,25969,108
17208,25834,616
17209,25967,114
17210,15762,48776
17211,25885,424
17212,25474,1982
17213,25977,76
17214,25887,416
17215,25964,124
17216,25885,424
17217,25990,28
17218,25957,152
17219,25935,236
17220,25051,3616
17221,25710,1084
17222,25997,0
17223,24675,5088
17224,25921,288
17225,25955,160
17226,25908,336
17227,25985,48
17228,25952,172
17229,22932,12228
17230,24863,4350
17231,25884,428
17232,25704,1105
17233,7568,120284
17234,24780,4676
17235,25983,56
17236,25965,120
17237,25931,248
17238,25912,320
17239,25985,48
17240,25925,272
17241,15823,48394
17242,25985,48
17243,25493,1908
17244,25978,72
17245,25990,28
17246,25892,396
17247,25779,824
17248,25944,200
17249,25985,48
17250,25945,196
17251,25977,76
17252,25940,216
17253,25975,84
17254,25959,144
17255,24247,6794
17256,24939,4052
17257,24757,4766
17258,19576,27650
17259,25927,264
17260,25510,1844
17261,25921,288
17262,19860,26248
17263,25971,100
17264,25937,228
17265,25867,492
17266,25340,2496
17267,15553,50072
17268,25661,1270
17269,24632,5260
17270,25834,616
17271,25984,52
17272,25934,240
17273,25971,100
17274,25947,188
17275,25932,244
17276,25543,1720
17277,25973,92
17278,25266,2782
17279,25852,548
17280,21024,20696
17281,25961,138
17282,25886,420
17283,25962,132
17284,25997,0
17285,25953,168
17286,25977,76
17287,25969,108
17288,25914,312
17289,25985,48
17290,25125,3328
17291,25997,0
17292,25495,1904
17293,25080,3502
17294,25972,96
17295,25943,204
17296,25962,132
17297,25896,380
17298,25955,160
17299,23792,8640
17300,23032,11804
17301,25945,196
17302,24985,3870
17303,22406,14492
17304,25839,596
17305,25707,1096
17306,25036,3672
17307,25984,52
17308,25853,544
17309,25938,224
17310,21194,19910
17311,25946,192
17312,25997,0
17313,25936,232
17314,25956,156
17315,25983,56
17316,25991,24
17317,25327,2548
17318,25949,182
17319,25767,868
17320,25985,48
17321,24953,3996
17322,25831,626
17323,25956,156
17324,25017,3746
17325,25958,148
17326,22309,14914
17327,25935,236
17328,23320,10592
17329,24134,7250
17330,24689,5034
17331,25960,140
17332,25949,180
17333,25985,48
17334,25997,0
17335,25984,52
17336,25997,0
17337,25757,904
17338,25864,502
17339,25696,1138
17340,25991,24
17341,25919,296
17342,25910,328
17343,25997,0
17344,25923,280
17345,25891,400
17346,25907,340
17347,25951,176
17348,25984,52
17349,25973,92
17350,25945,196
17351,25827,642
17352,25972,96
17353,25938,224
17354,18189,34812
17355,25985,48
17356,25978,72
17357,25425,2172
17358,24275,6680
17359,25937,228
17360,25985,48
17361,24437,6034
17362,25555,1674
17363,25668,1244
17364,15303,51654
17365,25920,292
17366,25921,288
17367,25293,2678
17368,25927,264
17369,25978,72
17370,25968,110
17371,25997,0
17372,25859,520
17373,25637,1362
17374,25951,176
17375,25921,288
17376,25968,112
17377,25810,706
17378,25977,76
17379,25701,1118
17380,25857,528
17381,24545,5604
17382,25956,156
17383,25972,96
17384,25985,48
17385,24295,6602
17386,24434,6044
17387,22963,12096
17388,25946,192
17389,25921,288
17390,25970,104
17391,25991,24
17392,19043,30340
17393,25952,172
17394,25997,0
17395,5147,157852
17396,25929,256
17397,25907,340
17398,24981,3886
17399,25948,184
17400,25812,698
17401,25958,148
17402,18465,33346
17403,25963,128
17404,25034,3680
17405,25965,120
17406,25968,112
17407,25976,80
17408,25970,104
17409,25980,64
17410,25252,2836
17411,19867,26212
17412,25963,128
17413,25975,84
17414,23695,9040
17415,24884,4268
17416,25971,100
17417,20538,22974
17418,24888,4252
17419,23353,10456
17420,25918,300
17421,25978,72
17422,25870,480
17423,25952,170
17424,23772,8724
17425,25963,128
17426,25348,2466
17427,25929,256
17428,25929,256
17429,25313,2602
17430,25924,276
17431,20056,25292
17432,25957,152
17433,25959,144
17434,25990,28
17435,25860,516
17436,25305,2632
17437,25776,832
17438,25934,240
17439,25991,24
17440,25975,84
17441,25964,124
17442,25973,92
17443,25965,120
17444,25949,180
17445,25990,28
17446,25160,3192
17447,25597,1512
17448,25945,196
17449,25931,248
17450,25985,48
17451,25926,268
17452,22531,13950
17453,25923,280
17454,25991,24
17455,25142,3262
17456,20376,23748
17457,24800,4596
17458,25175,3134
17459,25871,476
17460,25948,184
17461,25977,76
17462,25984,52
17463,25930,252
17464,24586,5440
17465,23205,11076
17466,25823,656
17467,3606,192544
17468,25535,1748
17469,25974,88
17470,25958,148
17471,25905,348
17472,25983,56
17473,25867,492
17474,25747,944
17475,25915,308
17476,19416,28452
17477,25991,24
17478,25962,132
17479,25068,3548
17480,25338,2506
17481,25879,444
17482,25821,662
17483,25985,48
17484,25958,148
17485,25280,2728
17486,25959,144
17487,25927,264
17488,25834,616
17489,25874,464
17490,25925,272
17491,24463,5930
17492,25920,292
17493,25972,96
17494,25867,492
17495,25972,96
17496,25991,24
17497,25968,110
17498,25961,138
17499,25985,48
17500,25899,370
17501,25949,182
17502,15185,52408
17503,25939,218
17504,25947,188
17505,25957,152
17506,25974,88
17507,25944,200
17508,25948,184
17509,25969,108
17510,25990,28
17511,25294,2674
17512,25955,160
17513,25540,1732
17514,25309,2614
17515,25887,416
17516,25597,1514
17517,25879,444
17518,25965,120
17519,25905,348
17520,25997,0
17521,25953,168
17522,25959,144
17523,25697,1132
17524,25968,110
17525,25882,432
17526,25944,202
17527,25978,72
17528,25878,448
17529,25978,72
17530,25942,208
17531,25886,420
17532,25990,28
17533,25983,56
17534,25988,36
17535,25991,24
17536,25937,228
17537,25458,2042
17538,25847,564
17539,25869,484
17540,25196,3052
17541,25401,2264
17542,25919,296
17543,25928,260
17544,25944,200
17545,25158,3198
17546,24193,7012
17547,25942,208
17548,25944,200
17549,25942,208
17550,25513,1834
17551,25981,60
17552,25985,48
17553,25972,96
17554,25958,148
17555,25932,244
17556,25972,96
17557,25971,100
17558,25975,86
17559,25974,88
17560,25997,0
17561,25158,3200
17562,25081,3498
17563,25915,310
17564,25710,1084
17565,25965,120
17566,25975,84
17567,25891,400
17568,25906,344
17569,25997,0
17570,13995,60360
17571,25955,160
17572,25985,48
17573,25997,0
17574,25971,100
17575,25359,2424
17576,25978,72
17577,25908,336
17578,25962,132
17579,25936,232
17580,25060,3580
17581,25991,24
17582,25961,136
17583,25951,176
17584,25270,2766
17585,25430,2150
17586,25975,84
17587,25191,3070
17588,24084,7452
17589,25964,124
17590,25946,192
17591,23859,8366
17592,25368,2388
17593,25361,2414
17594,22704,13202
17595,25997,0
17596,25919,296
17597,25753,920
17598,25991,24
17599,25928,260
17600,25935,236
17601,23084,11584
17602,25990,28
17603,25829,634
17604,25872,472
17605,25888,410
17606,25942,208
17607,25961,136
17608,25852,548
17609,25975,84
17610,22656,13408
17611,25922,284
17612,25958,148
17613,25963,128
17614,25823,656
17615,25934,240
17616,25986,44
17617,25978,72
17618,25955,160
17619,25991,24
17620,25907,338
17621,25953,168
17622,25880,440
17623,25953,168
17624,25971,100
17625,25916,304
17626,25927,264
17627,25309,2616
17628,25956,156
17629,25948,184
17630,25668,1242
17631,25243,2870
17632,25968,110
17633,25955,160
17634,25346,2474
17635,25905,348
17636,25954,164
17637,25983,56
17638,25875,460
17639,25997,0
17640,25962,132
17641,23875,8300
17642,25943,204
17643,25958,148
17644,25813,694
17645,25997,0
17646,25751,928
17647,25068,3548
17648,25346,2472
17649,20288,24168
17650,25955,160
17651,25876,456
17652,21575,18176
17653,24941,4042
17654,25423,2176
17655,25955,160
17656,23451,10048
17657,15243,52034
17658,25942,208
17659,25018,3744
17660,25975,84
17661,25771,851
17662,25991,24
17663,23820,8526
17664,25857,528
17665,25883,430
17666,24937,4058
17667,25964,124
17668,24857,4374
17669,25976,80
17670,13939,60756
17671,24628,5274
17672,25957,152
17673,24763,4742
17674,24964,3954
17675,25938,224
17676,25997,0
17677,19968,25720
17678,24575,5486
17679,23857,8376
17680,25895,384
17681,25368,2388
17682,25284,2714
17683,25377,2356
17684,25916,304
17685,25512,1836
17686,25251,2838
17687,25438,2122
17688,23062,11678
17689,23683,9088
17690,25816,682
17691,7775,117650
17692,4,1000000
17693,25959,144
17694,25965,120
17695,25955,158
17696,25990,28
17697,25550,1692
17698,25700,1120
17699,25478,1966
17700,25936,232
17701,25965,120
17702,25926,268
17703,25915,308
17704,25937,228
17705,25948,184
17706,14273,58446
17707,25633,1376
17708,25917,302
17709,25965,120
17710,25991,24
17711,25964,124
17712,25949,180
17713,25916,304
17714,25895,384
17715,25963,128
17716,25955,160
17717,25985,48
17718,25946,192
17719,25975,84
17720,25954,164
17721,25963,128
17722,25954,164
17723,25985,48
17724,25997,0
17725,25085,3484
17726,18650,32376
17727,25997,0
17728,11020,83652
17729,25948,184
17730,24116,7322
17731,23045,11748
17732,25978,74
17733,25961,136
17734,25894,390
17735,25432,2144
17736,25991,24
17737,25958,148
17738,25968,110
17739,25958,148
17740,25876,456
17741,25891,400
17742,25298,2660
17743,23407,10230
17744,25955,160
17745,20207,24558
17746,24347,6392
17747,25951,176
17748,25955,160
17749,22377,14616
17750,25552,1684
17751,24655,5168
17752,25997,0
17753,25971,100
17754,24131,7260
17755,24599,5390
17756,25985,48
17757,24458,5950
17758,23704,9002
17759,15294,51710
17760,25481,1956
17761,25919,296
17762,25428,2158
17763,25913,318
17764,15061,53208
17765,25901,364
17766,25991,24
17767,25990,28
17768,25977,76
17769,25505,1864
17770,25904,352
17771,25964,124
17772,7035,127404
17773,25931,248
17774,25845,572
17775,25997,0
17776,25851,552
17777,14096,59664
17778,23433,10124
17779,18788,31656
17780,24774,4700
17781,25679,1200
17782,25991,24
17783,23351,10462
17784,25647,1322
17785,25953,168
17786,11327,80982
17787,25085,3484
17788,25983,56
17789,25978,72
17790,22986,11998
17791,24919,4130
17792,25940,216
17793,25943,204
17794,23978,7880
17795,25350,2458
17796,25972,96
17797,25927,264
17798,25964,124
17799,25907,340
17800,25930,252
17801,25997,0
17802,25997,0
17803,23645,9246
17804,25968,110
17805,24985,3870
17806,25988,36
17807,25893,392
17808,25031,3694
17809,25961,136
17810,25171,3148
17811,25974,88
17812,25991,24
17813,25915,308
17814,25815,686
17815,25904,350
17816,25997,0
17817,25976,80
17818,25978,72
17819,25220,2960
17820,25991,24
17821,25958,148
17822,25359,2424
17823,25903,356
17824,25956,156
17825,25463,2024
17826,25962,132
17827,25616,1442
17828,25988,36
17829,25983,56
17830,25997,0
17831,25478,1968
17832,25997,0
17833,25919,296
17834,24482,5852
17835,25978,72
17836,25870,478
17837,25991,24
17838,25748,940
17839,23036,11786
17840,25990,28
17841,24804,4580
17842,24068,7516
17843,24958,3976
17844,25985,48
17845,25942,208
17846,25508,1854
17847,25879,446
17848,25949,182
17849,15442,50774
17850,25957,152
17851,25177,3126
17852,25959,144
17853,25975,84
17854,24131,7262
17855,25393,2294
17856,25773,844
17857,25930,252
17858,25988,36
17859,25852,546
17860,25353,2446
17861,25699,1124
17862,25978,72
17863,25948,184
17864,25980,64
17865,25830,630
17866,25954,164
17867,25951,176
17868,25686,1176
17869,25970,104
17870,25918,300
17871,23932,8068
17872,24681,5066
17873,23627,9318
17874,25958,148
17875,25860,516
17876,25755,912
17877,25947,188
17878,25418,2196
17879,25963,128
17880,25959,144
17881,25957,152
17882,25969,108
17883,20214,24524
17884,25881,436
17885,25075,3520
17886,18690,32166
17887,25990,28
17888,25904,352
17889,25962,132
17890,25959,144
17891,25938,224
17892,25962,132
17893,21897,16732
17894,20578,22784
17895,25921,288
17896,25934,240
17897,25145,3248
17898,25981,60
17899,25881,436
17900,25905,348
17901,25930,252
17902,23740,8852
17903,25997,0
17904,25904,352
17905,25339,2502
17906,25985,48
17907,25925,272
17908,22902,12356
17909,25970,104
17910,25971,100
17911,14029,60126
17912,25970,104
17913,24951,4006
17914,25926,268
17915,24385,6240
17916,22664,13374
17917,25985,48
17918,25991,24
17919,25477,1972
17920,25991,24
17921,25997,0
17922,25940,216
17923,25791,776
17924,24733,4860
17925,25815,688
17926,25961,138
17927,25969,108
17928,25542,1724
17929,25958,148
17930,24088,7436
17931,25535,1750
17932,25962,132
17933,21003,20792
17934,24748,4802
17935,25957,152
17936,25632,1378
17937,18708,32074
17938,25997,0
17939,25939,220
17940,25997,0
17941,25969,108
17942,24720,4912
17943,25968,112
17944,25978,72
17945,23584,9498
17946,25978,72
17947,25974,88
17948,24510,5742
17949,25939,220
17950,24656,5164
17951,25991,24
17952,25955,160
17953,25976,80
17954,25549,1696
17955,25297,2662
17956,24178,7070
17957,25806,720
17958,25733,998
17959,25957,152
17960,22524,13978
17961,25961,136
17962,25905,346
17963,25946,192
17964,24966,3944
17965,25931,248
17966,25971,100
17967,25971,98
17968,25975,86
17969,25141,3264
17970,25607,1476
17971,25925,272
17972,25961,138
17973,25916,304
17974,25988,36
17975,21633,17912
17976,25943,204
17977,23386,10320
17978,25872,472
17979,24854,4386
17980,25892,396
17981,25930,252
17982,25970,104
17983,25983,56
17984,25924,276
17985,25997,0
17986,25397,2278
17987,25922,282
17988,25985,48
17989,25945,196
17990,25906,344
17991,25997,0
17992,25975,84
17993,25845,574
17994,22893,12396
17995,25978,72
17996,25937,228
17997,25981,60
17998,25962,132
17999,25946,192
18000,25957,152
18001,25888,412
18002,25959,144
18003,25918,300
18004,25936,232
18005,25956,156
18006,25837,604
18007,15257,51944
18008,25798,752
18009,23986,7848
18010,25620,1424
18011,1069,311038
18012,25985,48
18013,25963,128
18014,25774,842
18015,25942,208
18016,25842,584
18017,25972,96
18018,25990,28
18019,25253,2832
18020,25951,176
18021,25938,224
18022,25947,188
18023,25907,340
18024,25938,224
18025,25990,28
18026,12627,70386
18027,23098,11524
18028,25933,242
18029,8267,111668
18030,25969,108
18031,25943,206
18032,25789,784
18033,25940,216
18034,25985,48
18035,25944,200
18036,22589,13696
18037,24531,5658
18038,25916,304
18039,25991,24
18040,22463,14242
18041,23926,8094
18042,25984,52
18043,25908,336
18044,25898,372
18045,25974,88
18046,25968,112
18047,2600,224428
18048,25951,176
18049,24835,4460
18050,24725,4890
18051,25981,60
18052,24830,4480
18053,25321,2570
18054,25381,2340
18055,25972,96
18056,25991,24
18057,25985,48
18058,25858,524
18059,25837,602
18060,21221,19786
18061,18069,35460
18062,25767,866
18063,25985,48
18064,25923,280
18065,25212,2992
18066,25927,264
18067,25932,244
18068,25955,158
18069,25977,76
18070,25983,56
18071,24317,6514
18072,25881,436
18073,25279,2730
18074,25990,28
18075,25991,24
18076,25965,120
18077,25975,84
18078,25970,104
18079,25960,142
18080,25722,1040
18081,25970,104
18082,25978,72
18083,22699,13224
18084,25985,48
18085,24542,5616
18086,25809,710
18087,25909,332
18088,25614,1448
18089,25972,96
18090,25944,200
18091,25920,290
18092,25962,132
18093,25947,188
18094,6665,132664
18095,25192,3066
18096,24156,7162
18097,25971,100
18098,25952,170
18099,25864,500
18100,25991,24
18101,18795,31622
18102,25882,432
18103,24079,7472
18104,18982,30656
18105,25780,820
18106,25895,384
18107,25619,1428
18108,24123,7294
18109,25542,1722
18110,25258,2814
18111,25123,3336
18112,20326,23986
18113,25991,24
18114,24854,4384
18115,25941,210
18116,25977,76
18117,25932,244
18118,24572,5496
18119,25915,308
18120,25825,648
18121,25920,292
18122,24480,5860
18123,25190,3074
18124,25975,84
18125,25746,948
18126,23153,11292
18127,25955,160
18128,25931,248
18129,25957,152
18130,25063,3568
18131,25963,128
18132,23469,9972
18133,25985,48
18134,25991,24
18135,25954,164
18136,25972,96
18137,25918,300
18138,25921,286
18139,25920,292
18140,25867,492
18141,25961,136
18142,25855,536
18143,25917,302
18144,15446,50748
18145,22368,14658
18146,25951,176
18147,25416,2206
18148,25816,684
18149,25949,180
18150,24830,4480
18151,25985,48
18152,24887,4256
18153,25872,472
18154,25593,1528
18155,25991,24
18156,25985,48
18157,24218,6912
18158,25946,194
18159,25911,324
18160,25991,24
18161,25681,1192
18162,25962,132
18163,20213,24532
18164,25858,524
18165,25985,48
18166,24698,4996
18167,24458,5948
18168,25952,172
18169,25965,120
18170,25943,204
18171,25815,686
18172,25927,264
18173,25985,48
18174,25839,594
18175,23253,10872
18176,24193,7012
18177,25937,226
18178,25916,304
18179,25674,1220
18180,25957,152
18181,25895,384
18182,25178,3120
18183,25895,384
18184,25056,3596
18185,25957,152
18186,25970,104
18187,25990,28
18188,6641,133014
18189,25713,1072
18190,25903,356
18191,25924,276
18192,25997,0
18193,25871,476
18194,25019,3740
18195,25975,84
18196,25123,3336
18197,25965,120
18198,25990,28
18199,21961,16444
18200,22858,12546
18201,24050,7588
18202,25929,256
18203,20806,21712
18204,25937,228
18205,25963,128
18206,25064,3564
18207,25766,872
18208,25931,248
18209,22939,12200
18210,25975,84
18211,25985,48
18212,25997,0
18213,24172,7097
18214,25817,680
18215,25938,222
18216,25983,56
18217,25907,340
18218,25978,72
18219,25901,364
18220,25687,1172
18221,25962,134
18222,24955,3988
18223,25990,28
18224,25956,154
18225,25928,262
18226,25924,276
18227,25873,468
18228,25899,368
18229,25967,116
18230,25957,152
18231,25675,1218
18232,21678,17710
18233,25918,298
18234,25919,296
18235,23340,10508
18236,25927,266
18237,25975,86
18238,25990,28
18239,25920,292
18240,25892,396
18241,23952,7988
18242,25938,224
18243,25872,472
18244,25964,124
18245,25965,120
18246,25951,176
18247,23144,11334
18248,25930,252
18249,25869,482
18250,25965,120
18251,25963,128
18252,25945,196
18253,25963,128
18254,25945,196
18255,24904,4188
18256,25874,465
18257,25958,148
18258,25990,28
18259,25308,2618
18260,25991,24
18261,20047,25336
18262,25985,48
18263,23840,8444
18264,25937,228
18265,25943,204
18266,23820,8526
18267,25997,0
18268,25959,144
18269,25980,64
18270,25588,1546
18271,25935,236
18272,25977,76
18273,25425,2170
18274,25868,486
18275,25642,1340
18276,25962,132
18277,25937,228
18278,25976,80
18279,25909,334
18280,25955,160
18281,25985,48
18282,25115,3364
18283,25824,652
18284,25985,48
18285,25945,196
18286,25957,152
18287,25934,238
18288,18443,33464
18289,25978,72
18290,25943,206
18291,25991,24
18292,14256,58558
18293,25917,302
18294,25940,216
18295,22356,14708
18296,25927,264
18297,25893,392
18298,25805,726
18299,25991,24
18300,25997,0
18301,16603,43708
18302,24964,3952
18303,25949,180
18304,25990,28
18305,25268,2772
18306,25969,108
18307,24883,4272
18308,25915,308
18309,25965,120
18310,25975,84
18311,25639,1352
18312,25954,162
18313,25977,76
18314,25891,400
18315,25985,48
18316,25333,2524
18317,24808,4564
18318,25938,224
18319,25984,52
18320,25997,0
18321,25984,52
18322,20591,22722
18323,25887,416
18324,25850,554
18325,25965,120
18326,16920,41864
18327,23606,9404
18328,25910,328
18329,25951,176
18330,25997,0
18331,23518,9770
18332,25997,0
18333,25975,84
18334,23799,8610
18335,25990,28
18336,25941,212
18337,25872,470
18338,25984,52
18339,25793,768
18340,25964,124
18341,25925,272
18342,23214,11036
18343,25972,96
18344,25938,224
18345,25983,56
18346,25435,2132
18347,25959,146
18348,25015,3754
18349,25985,48
18350,25896,380
18351,25972,96
18352,25938,224
18353,25965,120
18354,25978,72
18355,15041,53338
18356,25946,192
18357,25972,96
18358,21098,20354
18359,25953,168
18360,21357,19162
18361,25916,304
18362,25847,566
18363,24881,4278
18364,25941,212
18365,25664,1260
18366,25945,196
18367,25990,28
18368,25952,170
18369,25951,176
18370,25977,76
18371,25963,128
18372,25929,256
18373,25894,388
18374,25889,406
18375,25947,188
18376,24743,4822
18377,25898,372
18378,25837,604
18379,25226,2935
18380,25951,176
18381,25921,288
18382,24036,7646
18383,24965,3950
18384,25951,176
18385,20621,22584
18386,25961,136
18387,25718,1054
18388,25956,156
18389,25300,2650
18390,25028,3706
18391,25938,224
18392,25984,52
18393,25938,224
18394,25068,3548
18395,25964,124
18396,25809,710
18397,25977,76
18398,25976,80
18399,23928,8086
18400,25759,898
18401,25798,752
18402,25972,96
18403,25965,120
18404,25990,28
18405,25890,404
18406,25028,3704
18407,25961,136
18408,25984,52
18409,18268,34394
18410,25503,1870
18411,24703,4978
18412,25981,62
18413,25971,100
18414,25985,48
18415,25944,200
18416,25734,992
18417,25537,1742
18418,25955,160
18419,25952,172
18420,25094,3448
18421,25981,60
18422,22903,12352
18423,25650,1312
18424,25905,348
18425,25977,76
18426,25906,344
18427,24148,7192
18428,24106,7364
18429,25430,2150
18430,24905,4184
18431,25930,252
18432,25343,2486
18433,25949,182
18434,25955,160
18435,25984,52
18436,25913,316
18437,25957,152
18438,24896,4218
18439,25809,708
18440,25907,340
18441,25003,3800
18442,25907,340
18443,24144,7210
18444,24369,6306
18445,25978,72
18446,25101,3420
18447,24699,4992
18448,25829,632
18449,25158,3200
18450,25991,24
18451,25305,2632
18452,25844,576
18453,25963,128
18454,25825,650
18455,25997,0
18456,25968,112
18457,25991,24
18458,24669,5112
18459,25957,152
18460,25886,420
18461,11569,78916
18462,22907,12334
18463,25898,374
18464,25807,716
18465,25068,3548
18466,25961,136
18467,24454,5964
18468,25774,840
18469,25922,284
18470,25962,132
18471,25969,108
18472,25997,0
18473,24842,4430
18474,25897,379
18475,22830,12664
18476,25777,830
18477,25949,180
18478,25964,126
18479,23427,10146
18480,25931,248
18481,25709,1088
18482,25977,76
18483,25990,28
18484,25983,56
18485,25938,224
18486,23937,8048
18487,25997,0
18488,25947,188
18489,25912,320
18490,25850,556
18491,25984,52
18492,25958,148
18493,25943,206
18494,25990,28
18495,25984,52
18496,25997,0
18497,25397,2276
18498,25925,272
18499,25977,76
18500,17782,37018
18501,25975,84
18502,25946,192
18503,25886,420
18504,25955,160
18505,25945,196
18506,25976,80
18507,25895,384
18508,25961,136
18509,25238,2888
18510,23196,11114
18511,25944,200
18512,24283,6648
18513,25984,52
18514,25983,56
18515,22653,13420
18516,25595,1522
18517,24887,4256
18518,25970,104
18519,25954,162
18520,25972,96
18521,25231,2918
18522,21356,19168
18523,25709,1088
18524,9017,103204
18525,25964,124
18526,25971,100
18527,25975,84
18528,25971,100
18529,25959,144
18530,25965,120
18531,25977,76
18532,25569,1620
18533,25913,318
18534,25944,200
18535,25435,2130
18536,25919,296
18537,25555,1674
18538,25304,2636
18539,24540,5624
18540,21861,16890
18541,25959,144
18542,25622,1416
18543,25921,288
18544,25981,62
18545,25960,140
18546,25487,1934
18547,25985,48
18548,23629,9310
18549,25950,177
18550,23148,11314
18551,25978,72
18552,25977,76
18553,25855,536
18554,25929,256
18555,25974,88
18556,25895,384
18557,25984,52
18558,25936,232
18559,25991,24
18560,25927,264
18561,25978,72
18562,25908,336
18563,25733,996
18564,25972,96
18565,25901,364
18566,25942,208
18567,18503,33144
18568,25944,200
18569,25370,2382
18570,25811,700
18571,6668,132624
18572,25934,240
18573,4160,178612
18574,25365,2402
18575,25936,232
18576,23591,9466
18577,25984,52
18578,25968,112
18579,25326,2550
18580,22027,16152
18581,25985,48
18582,4480,171394
18583,25985,48
18584,24694,5012
18585,25944,200
18586,25990,28
18587,25614,1450
18588,25946,192
18589,25997,0
18590,25355,2438
18591,23962,7946
18592,25944,202
18593,25286,2704
18594,25904,352
18595,19316,28954
18596,25990,28
18597,25967,116
18598,25964,124
18599,25811,700
18600,25978,72
18601,25887,416
18602,25997,0
18603,25984,52
18604,24525,5684
18605,25984,52
18606,25952,172
18607,20523,23048
18608,25481,1954
18609,24921,4120
18610,25983,56
18611,25535,1748
18612,25937,228
18613,24965,3948
18614,25699,1124
18615,24958,3976
18616,8958,103852
18617,25919,296
18618,25964,124
18619,25884,428
18620,25971,100
18621,25959,144
18622,25971,100
18623,23615,9370
18624,25958,148
18625,25991,24
18626,25983,56
18627,24597,5396
18628,25970,104
18629,25121,3342
18630,15030,53410
18631,25908,336
18632,24693,5016
18633,25941,212
18634,25905,348
18635,25924,276
18636,25474,1982
18637,25969,108
18638,23528,9726
18639,25892,398
18640,25664,1258
18641,25964,124
18642,15547,50110
18643,24731,4868
18644,24865,4340
18645,19974,25690
18646,25946,192
18647,25689,1164
18648,25241,2880
18649,25976,80
18650,25914,312
18651,25077,3512
18652,25984,52
18653,25955,160
18654,24468,5911
18655,25955,160
18656,25970,104
18657,25486,1936
18658,25950,178
18659,25922,282
18660,25277,2738
18661,24970,3932
18662,24759,4758
18663,25904,352
18664,24351,6378
18665,25306,2628
18666,25997,0
18667,25953,165
18668,23592,9462
18669,25964,124
18670,25357,2430
18671,25894,390
18672,25972,96
18673,25983,56
18674,25984,52
18675,25745,952
18676,25046,3634
18677,25860,516
18678,25974,88
18679,23839,8448
18680,23375,10362
18681,25936,232
18682,25640,1350
18683,25975,84
18684,25512,1836
18685,25726,1024
18686,25959,144
18687,25790,782
18688,25975,86
18689,25934,240
18690,25755,914
18691,22964,12091
18692,25288,2698
18693,25356,2436
18694,25984,52
18695,25907,340
18696,25239,2884
18697,25975,84
18698,25923,280
18699,25958,148
18700,25936,232
18701,25953,168
18702,25939,220
18703,25695,1140
18704,25981,60
18705,23136,11364
18706,25937,228
18707,24059,7554
18708,24996,3830
18709,23979,7876
18710,25985,48
18711,25997,0
18712,5023,160226
18713,25570,1614
18714,25967,114
18715,25975,84
18716,25991,24
18717,25604,1486
18718,10579,87638
18719,25962,132
18720,25978,72
18721,25951,176
18722,25652,1304
18723,25997,0
18724,25615,1446
18725,25938,224
18726,23007,11910
18727,24878,4290
18728,25931,248
18729,25997,0
18730,24421,6096
18731,23894,8222
18732,21838,16994
18733,25083,3492
18734,25397,2276
18735,25976,80
18736,25991,24
18737,25974,88
18738,25956,156
18739,25935,236
18740,25945,196
18741,19235,29362
18742,25975,84
18743,25945,196
18744,25931,248
18745,25949,180
18746,25990,28
18747,25898,372
18748,25789,784
18749,25990,28
18750,25501,1880
18751,25847,564
18752,25863,504
18753,25923,280
18754,25958,148
18755,25514,1828
18756,15124,52798
18757,25985,48
18758,25971,100
18759,25946,192
18760,25976,80
18761,25957,152
18762,25880,440
18763,25977,76
18764,25991,24
18765,25135,3290
18766,25984,52
18767,25930,252
18768,25915,308
18769,25383,2332
18770,24442,6012
18771,25896,380
18772,25898,372
18773,25972,96
18774,25975,84
18775,25975,84
18776,25945,196
18777,25974,88
18778,25963,128
18779,21112,20290
18780,25985,48
18781,25899,368
18782,25964,124
18783,25947,188
18784,24187,7036
18785,25897,376
18786,25898,374
18787,25812,696
18788,25960,140
18789,25911,324
18790,25965,120
18791,24188,7030
18792,25964,124
18793,24810,4556
18794,25759,898
18795,13650,62794
18796,25997,0
18797,25952,172
18798,25404,2252
18799,25920,292
18800,25985,48
18801,25958,148
18802,25886,420
18803,25953,168
18804,25580,1576
18805,25968,112
18806,25971,100
18807,25930,252
18808,25510,1846
18809,25970,104
18810,25945,196
18811,25972,96
18812,25899,368
18813,25963,128
18814,17621,37908
18815,25956,156
18816,25997,0
18817,25936,232
18818,25785,800
18819,25956,156
18820,25918,300
18821,25974,88
18822,25447,2084
18823,24511,5738
18824,25968,112
18825,25976,80
18826,25997,0
18827,25958,148
18828,19379,28638
18829,25892,396
18830,23513,9792
18831,25991,24
18832,25959,146
18833,25941,212
18834,25335,2516
18835,25983,56
18836,25907,340
18837,25942,208
18838,25955,160
18839,25203,3024
18840,25852,548
18841,25605,1484
18842,25924,276
18843,25303,2638
18844,25708,1092
18845,25783,808
18846,24251,6780
18847,25477,1972
18848,25164,3174
18849,25990,28
18850,25971,100
18851,25509,1848
18852,23096,11536
18853,25977,76
18854,25875,460
18855,22444,14324
18856,25997,0
18857,25981,60
18858,25885,424
18859,25936,232
18860,25984,52
18861,25899,368
18862,19921,25950
18863,25983,56
18864,25923,280
18865,25967,116
18866,25976,80
18867,22957,12122
18868,25241,2880
18869,25620,1424
18870,25978,72
18871,23730,8894
18872,24656,5164
18873,25403,2256
18874,25964,124
18875,25882,434
18876,25944,200
18877,25983,56
18878,25907,340
18879,25844,576
18880,25790,780
18881,25909,332
18882,25956,156
18883,25984,52
18884,25903,356
18885,25991,24
18886,24730,4870
18887,24463,5930
18888,25971,100
18889,25991,24
18890,25937,228
18891,25956,156
18892,25551,1690
18893,24494,5806
18894,25912,320
18895,25556,1668
18896,25955,158
18897,23340,10510
18898,25869,484
18899,25921,288
18900,25946,192
18901,25379,2348
18902,25722,1038
18903,25997,0
18904,25988,36
18905,25669,1238
18906,25953,168
18907,25528,1776
18908,25943,204
18909,25953,168
18910,25332,2526
18911,18263,34420
18912,25432,2142
18913,25991,24
18914,23722,8926
18915,25959,144
18916,25990,28
18917,25990,28
18918,25579,1580
18919,25892,396
18920,25946,192
18921,25988,36
18922,25974,88
18923,25990,28
18924,25905,348
18925,25930,254
18926,25904,352
18927,22665,13370
18928,25965,120
18929,25275,2748
18930,25261,2800
18931,25978,72
18932,25952,172
18933,25969,108
18934,24073,7496
18935,25972,96
18936,25925,272
18937,25978,72
18938,25816,682
18939,25865,498
18940,22998,11948
18941,24389,6224
18942,8221,112220
18943,25945,196
18944,25327,2546
18945,25961,136
18946,25940,216
18947,25908,336
18948,25965,120
18949,25997,0
18950,25904,352
18951,25991,24
18952,25755,912
18953,23489,9888
18954,25984,52
18955,25186,3090
18956,25935,236
18957,25259,2808
18958,25912,320
18959,25911,324
18960,25972,96
18961,25968,112
18962,25985,48
18963,25923,278
18964,25640,1348
18965,25186,3092
18966,25866,494
18967,25978,72
18968,24381,6258
18969,25985,48
18970,24874,4304
18971,25907,340
18972,25984,52
18973,25945,196
18974,25522,1800
18975,25997,0
18976,24348,6388
18977,25972,96
18978,25985,48
18979,22325,14844
18980,25899,368
18981,25951,176
18982,22795,12814
18983,25741,968
18984,23412,10208
18985,25997,0
18986,25971,100
18987,25981,60
18988,23788,8656
18989,25938,224
18990,25955,160
18991,25973,92
18992,25942,208
18993,25868,488
18994,25988,36
18995,25317,2584
18996,19715,26962
18997,25782,810
18998,25984,52
18999,25961,136
19000,25981,60
19001,25991,24
19002,25733,998
19003,25944,200
19004,25984,52
19005,25825,650
19006,23492,9878
19007,12969,67784
19008,25973,92
19009,25920,292
19010,25847,566
19011,25978,72
19012,25968,110
19013,25134,3292
19014,25939,220
19015,13355,64924
19016,23639,9268
19017,24828,4486
19018,25946,192
19019,25990,28
19020,25965,120
19021,24699,4994
19022,25865,498
19023,25746,948
19024,25970,104
19025,25896,382
19026,25943,204
19027,25938,224
19028,25958,148
19029,25997,0
19030,25942,208
19031,25078,3510
19032,25930,252
19033,25959,144
19034,25969,108
19035,25981,60
19036,25962,132
19037,22378,14614
19038,25985,48
19039,25880,442
19040,25884,428
19041,25980,64
19042,25525,1786
19043,25961,136
19044,25962,132
19045,25940,216
19046,19651,27278
19047,25972,96
19048,25667,1246
19049,25965,120
19050,22367,14660
19051,25985,48
19052,25954,164
19053,25313,2602
19054,23574,9536
19055,25510,1844
19056,25978,72
19057,25945,196
19058,23947,8008
19059,25958,148
19060,25931,248
19061,25958,148
19062,25971,100
19063,25940,216
19064,25798,752
19065,25896,380
19066,25733,996
19067,25596,1516
19068,25932,244
19069,25978,72
19070,25291,2686
19071,25310,2612
19072,25959,144
19073,25991,24
19074,25423,2178
19075,25770,858
19076,25985,48
19077,25971,100
19078,25498,1892
19079,25947,188
19080,25972,96
19081,25548,1698
19082,25958,148
19083,25967,116
19084,24571,5500
19085,25997,0
19086,25897,376
19087,25904,352
19088,24724,4894
19089,23277,10772
19090,25962,132
19091,25981,62
19092,25997,0
19093,25978,72
19094,25930,252
19095,25607,1476
19096,25944,202
19097,15362,51276
19098,25938,224
19099,24488,5832
19100,25279,2732
19101,25941,212
19102,25886,418
19103,25447,2084
19104,25931,248
19105,25274,2752
19106,24629,5272
19107,25977,76
19108,25977,76
19109,25447,2086
19110,17091,40882
19111,25379,2346
19112,25947,188
19113,24196,6998
19114,25972,96
19115,25923,280
19116,25874,464
19117,25942,208
19118,25935,236
19119,24369,6304
19120,23602,9422
19121,21245,19676
19122,25984,52
19123,25454,2060
19124,25997,0
19125,23013,11884
19126,24680,5070
19127,25985,48
19128,22847,12592
19129,25938,224
19130,25985,48
19131,25963,128
19132,25938,224
19133,25991,24
19134,19057,30272
19135,24859,4366
19136,24619,5312
19137,25920,292
19138,24952,4002
19139,25952,172
19140,25953,168
19141,24231,6860
19142,24713,4937
19143,25978,72
19144,25961,136
19145,25972,96
19146,25969,108
19147,25143,3256
19148,25974,88
19149,25953,168
19150,25965,120
19151,25958,148
19152,25991,24
19153,25990,28
19154,7175,125480
19155,25861,512
19156,25971,100
19157,25975,84
19158,24609,5348
19159,25881,436
19160,25957,152
19161,25997,0
19162,24876,4296
19163,25965,120
19164,25978,72
19165,25916,304
19166,14638,55982
19167,8908,104398
19168,25984,52
19169,23716,8952
19170,25976,80
19171,25964,124
19172,24611,5342
19173,25599,1506
19174,25918,298
19175,25986,44
19176,25953,168
19177,25837,604
19178,25971,100
19179,24180,7064
19180,25808,712
19181,25959,144
19182,24450,5982
19183,23784,8674
19184,25958,148
19185,25893,392
19186,25863,506
19187,13729,62232
19188,24908,4174
19189,25945,196
19190,25975,84
19191,22127,15714
19192,25951,176
19193,24858,4370
19194,25969,108
19195,25120,3346
19196,25951,174
19197,25959,144
19198,25976,80
19199,25276,2742
19200,25969,108
19201,24754,4776
19202,25978,72
19203,25685,1178
19204,25889,408
19205,25934,240
19206,25965,120
19207,25469,2000
19208,24135,7244
19209,20747,21988
19210,25985,48
19211,25964,126
19212,25587,1552
19213,25968,112
19214,25916,304
19215,24409,6146
19216,25620,1424
19217,25976,80
19218,25959,144
19219,25461,2032
19220,25984,52
19221,25712,1076
19222,25978,72
19223,25949,180
19224,25956,156
19225,25959,144
19226,25950,178
19227,25231,2918
19228,25975,84
19229,25984,52
19230,25965,120
19231,25972,96
19232,25984,52
19233,25968,112
19234,25786,796
19235,25961,136
19236,25855,536
19237,25870,478
19238,25930,252
19239,25990,28
19240,24901,4200
19241,19971,25704
19242,25964,124
19243,23001,11936
19244,25794,764
19245,25939,220
19246,25947,188
19247,24890,4244
19248,25875,460
19249,25918,300
19250,25829,634
19251,17666,37660
19252,25878,448
19253,25860,516
19254,23682,9092
19255,25991,24
19256,25965,120
19257,25959,144
19258,25972,96
19259,25944,200
19260,25280,2728
19261,25958,148
19262,25824,652
19263,24627,5280
19264,25533,1756
19265,25714,1070
19266,25886,420
19267,24610,5346
19268,24567,5516
19269,25990,28
19270,25564,1638
19271,23452,10044
19272,25450,2076
19273,25378,2352
19274,25936,232
19275,25997,0
19276,25997,0
19277,25962,134
19278,25956,156
19279,25667,1246
19280,25828,636
19281,25959,144
19282,25545,1710
19283,25991,24
19284,25634,1372
19285,25951,176
19286,25725,1028
19287,25719,1048
19288,23864,8344
19289,8650,107260
19290,25976,80
19291,25991,24
19292,25991,24
19293,25757,904
19294,22839,12626
19295,25878,448
19296,25984,52
19297,25997,0
19298,23661,9178
19299,25241,2880
19300,23229,10976
19301,25978,72
19302,25528,1776
19303,25959,144
19304,25990,28
19305,25985,48
19306,25686,1174
19307,25901,364
19308,25926,268
19309,25852,548
19310,24333,6448
19311,25913,316
19312,25914,314
19313,24536,5640
19314,24583,5452
19315,25808,712
19316,25962,132
19317,25932,244
19318,25968,112
19319,24940,4046
19320,25921,288
19321,25997,0
19322,25975,84
19323,22911,12320
19324,25305,2632
19325,25985,48
19326,25941,210
19327,20737,22036
19328,25256,2820
19329,25959,144
19330,25932,244
19331,21520,18424
19332,25861,512
19333,25997,0
19334,24160,7144
19335,25952,172
19336,25928,260
19337,25952,172
19338,25975,84
19339,25482,1952
19340,25912,322
19341,23818,8532
19342,25928,260
19343,25374,2366
19344,25932,244
19345,25898,372
19346,24667,5122
19347,25955,160
19348,25981,60
19349,24545,5602
19350,25978,72
19351,25909,332
19352,25960,140
19353,25941,212
19354,24803,4584
19355,25312,2604
19356,25997,0
19357,25978,72
19358,25926,268
19359,25949,180
19360,25985,48
19361,25731,1004
19362,25878,448
19363,25991,24
19364,25964,124
19365,25971,100
19366,25977,76
19367,24403,6168
19368,25975,84
19369,25963,128
19370,25894,388
19371,22156,15584
19372,24886,4258
19373,18312,34156
19374,25957,152
19375,25977,76
19376,25962,132
19377,25774,840
19378,25774,840
19379,25927,264
19380,25952,172
19381,25988,36
19382,25959,144
19383,25927,264
19384,25535,1748
19385,25881,436
19386,25985,48
19387,25997,0
19388,25048,3626
19389,25104,3410
19390,25511,1842
19391,25340,2496
19392,25963,128
19393,25101,3422
19394,25921,288
19395,25977,76
19396,25961,136
19397,25217,2972
19398,25902,358
19399,25830,628
19400,25924,276
19401,25962,132
19402,25680,1198
19403,25912,320
19404,25970,104
19405,25462,2028
19406,25978,72
19407,25910,328
19408,25983,56
19409,21091,20384
19410,25997,0
19411,25953,168
19412,25916,305
19413,25848,562
19414,25917,302
19415,23069,11648
19416,25946,192
19417,25905,346
19418,24794,4620
19419,25976,80
19420,25997,0
19421,25956,156
19422,25910,328
19423,25337,2508
19424,25953,168
19425,25949,180
19426,25819,672
19427,25965,120
19428,25926,268
19429,24341,6416
19430,23693,9046
19431,24944,4030
19432,25941,212
19433,25968,112
19434,24618,5314
19435,25514,1828
19436,25433,2140
19437,25824,652
19438,25493,1910
19439,25965,120
19440,25990,28
19441,25878,448
19442,24042,7620
19443,25942,208
19444,23757,8786
19445,25090,3462
19446,25969,108
19447,25482,1950
19448,25977,76
19449,25977,76
19450,25896,380
19451,25991,24
19452,24890,4242
19453,25956,156
19454,25957,152
19455,25935,236
19456,25956,154
19457,25964,124
19458,25970,104
19459,25972,96
19460,25946,192
19461,23646,9242
19462,25961,136
19463,25991,24
19464,25287,2702
19465,25253,2832
19466,25461,2032
19467,25946,192
19468,25731,1004
19469,25938,224
19470,25958,148
19471,25959,144
19472,24596,5400
19473,25978,72
19474,25931,248
19475,25939,218
19476,25970,104
19477,25972,96
19478,18917,30988
19479,25910,328
19480,25985,48
19481,25947,188
19482,25948,184
19483,24871,4316
19484,25957,152
19485,25983,56
19486,25659,1276
19487,25924,276
19488,22130,15700
19489,25940,216
19490,25961,136
19491,25985,48
19492,25776,834
19493,24389,6224
19494,25949,180
19495,25192,3068
19496,25959,144
19497,25902,358
19498,25504,1868
19499,24528,5670
19500,25938,224
19501,25828,638
19502,25954,164
19503,25964,124
19504,25977,76
19505,25970,104
19506,22856,12552
19507,15000,53604
19508,25880,442
19509,25981,60
19510,25147,3242
19511,25799,746
19512,25977,76
19513,25879,444
19514,25945,198
19515,25984,52
19516,25956,156
19517,23674,9124
19518,25977,76
19519,25977,76
19520,24935,4066
19521,25977,76
19522,25984,52
19523,25882,432
19524,25106,3400
19525,25981,62
19526,25991,24
19527,25940,216
19528,25758,900
19529,25924,276
19530,25977,76
19531,25291,2686
19532,25692,1152
19533,22016,16204
19534,24733,4860
19535,25962,134
19536,25327,2548
19537,25417,2200
19538,25923,280
19539,25984,52
19540,25815,686
19541,25947,188
19542,25984,52
19543,25970,104
19544,25320,2574
19545,25675,1218
19546,25975,84
19547,25985,48
19548,24125,7286
19549,25897,378
19550,25955,158
19551,21874,16832
19552,25044,3642
19553,25903,356
19554,25918,300
19555,20009,25520
19556,25997,0
19557,25984,52
19558,25119,3352
19559,25365,2402
19560,25920,292
19561,25944,202
19562,25879,444
19563,25100,3424
19564,24274,6686
19565,24395,6200
19566,25985,48
19567,25825,648
19568,25886,418
19569,19598,27540
19570,13722,62284
19571,25978,72
19572,25974,88
19573,25948,184
19574,25975,84
19575,25860,518
19576,25650,1310
19577,25978,72
19578,25980,64
19579,25975,84
19580,25240,2882
19581,25977,76
19582,25976,80
19583,25016,3752
19584,25971,100
19585,25952,172
19586,25978,72
19587,25937,228
19588,19468,28188
19589,25943,204
19590,21403,18956
19591,25990,28
19592,25977,76
19593,25852,548
19594,24360,6340
19595,25908,336
19596,25949,180
19597,25908,336
19598,23419,10182
19599,20641,22488
19600,25868,486
19601,20860,21459
19602,25788,788
19603,25935,236
19604,25968,110
19605,25511,1840
19606,25968,112
19607,24090,7428
19608,25953,168
19609,25927,264
19610,25916,304
19611,24653,5174
19612,25895,386
19613,4792,164820
19614,25891,400
19615,25975,84
19616,25929,256
19617,25997,0
19618,25991,24
19619,25064,3564
19620,24856,4376
19621,25955,160
19622,15453,50702
19623,24923,4112
19624,8698,106714
19625,25972,96
19626,25353,2448
19627,25968,112
19628,23296,10692
19629,25612,1456
19630,25615,1446
19631,25357,2430
19632,25353,2448
19633,24599,5390
19634,25801,740
19635,24772,4708
19636,23532,9712
19637,25970,104
19638,25945,196
19639,25925,272
19640,25951,176
19641,25937,228
19642,24541,5618
19643,21772,17288
19644,20728,22080
19645,19993,25596
19646,25990,28
19647,25928,260
19648,24070,7510
19649,25898,372
19650,25919,296
19651,25410,2228
19652,25849,558
19653,25985,48
19654,25972,96
19655,25639,1354
19656,25939,220
19657,25931,248
19658,25888,412
19659,24670,5108
19660,24505,5764
19661,25924,276
19662,25782,810
19663,25978,72
19664,24751,4788
19665,25949,180
19666,25964,124
19667,25628,1394
19668,25968,112
19669,23927,8090
19670,25161,3188
19671,25960,140
19672,25918,298
19673,25948,184
19674,23888,8248
19675,25990,28
19676,25951,176
19677,25926,268
19678,25997,0
19679,25978,72
19680,25820,668
19681,25926,268
19682,25145,3248
19683,25991,24
19684,25951,176
19685,25980,64
19686,25476,1976
19687,25772,850
19688,25958,148
19689,23352,10460
19690,25978,72
19691,25912,320
19692,19686,27106
19693,25856,532
19694,25937,228
19695,25895,384
19696,19230,29390
19697,25532,1760
19698,17158,40502
19699,25990,28
19700,18789,31652
19701,25488,1928
19702,25752,926
19703,25657,1284
19704,25816,682
19705,25976,80
19706,24746,4808
19707,25945,196
19708,25943,204
19709,16143,46444
19710,25433,2140
19711,25243,2872
19712,25960,140
19713,25891,400
19714,25924,274
19715,25990,28
19716,25404,2252
19717,25997,0
19718,25952,172
19719,25641,1344
19720,25787,792
19721,19800,26542
19722,25681,1194
19723,25977,76
19724,25984,52
19725,25542,1724
19726,25949,180
19727,25970,104
19728,22471,14208
19729,21123,20236
19730,24817,4528
19731,25789,784
19732,25962,132
19733,23106,11494
19734,25936,232
19735,15971,47490
19736,25997,0
19737,25372,2372
19738,25968,112
19739,25926,268
19740,25975,84
19741,25958,148
19742,25945,196
19743,25938,224
19744,25964,124
19745,25660,1272
19746,15433,50828
19747,22062,16000
19748,25980,64
19749,25997,0
19750,25940,216
19751,25969,108
19752,25991,24
19753,25929,256
19754,25844,576
19755,25945,198
19756,25851,552
19757,14769,55116
19758,25811,700
19759,18274,34360
19760,25826,644
19761,25904,352
19762,19783,26628
19763,25925,272
19764,25985,48
19765,25972,96
19766,25575,1596
19767,25368,2388
19768,25930,252
19769,25985,48
19770,25968,112
19771,25963,128
19772,24248,6792
19773,25988,36
19774,25985,48
19775,25937,228
19776,25952,170
19777,23074,11628
19778,25892,396
19779,25984,52
19780,25912,320
19781,4905,162558
19782,25751,930
19783,25976,80
19784,25825,648
19785,25969,108
19786,25915,308
19787,15626,49620
19788,25956,156
19789,25319,2576
19790,25984,52
19791,10143,91736
19792,25886,420
19793,25562,1648
19794,25953,168
19795,24829,4482
19796,19108,30008
19797,25269,2770
19798,25852,546
19799,25334,2520
19800,25975,86
19801,24833,4466
19802,9055,102800
19803,24742,4826
19804,25984,52
19805,25964,124
19806,24090,7426
19807,25607,1476
19808,25763,884
19809,25958,148
19810,22617,13578
19811,25844,578
19812,25970,104
19813,25574,1600
19814,25959,144
19815,25997,0
19816,25790,781
19817,25952,172
19818,25961,138
19819,25972,96
19820,25963,128
19821,25960,140
19822,25693,1148
19823,24975,3912
19824,25985,48
19825,24550,5584
19826,25970,104
19827,22812,12742
19828,24192,7016
19829,25949,180
19830,25997,0
19831,25946,192
19832,25990,28
19833,25991,24
19834,24794,4620
19835,25985,48
19836,25983,56
19837,25881,436
19838,25703,1112
19839,25932,244
19840,25970,104
19841,25948,184
19842,25991,24
19843,25910,328
19844,25972,96
19845,25898,372
19846,24487,5836
19847,25928,260
19848,25961,136
19849,25951,176
19850,25978,72
19851,25990,28
19852,25925,272
19853,24983,3878
19854,25977,76
19855,25715,1066
19856,25971,100
19857,25727,1018
19858,24518,5710
19859,25977,76
19860,25972,96
19861,25997,0
19862,25977,76
19863,25991,24
19864,25981,60
19865,25718,1052
19866,25182,3108
19867,25981,60
19868,21179,19980
19869,25990,28
19870,25990,28
19871,8311,111154
19872,25973,92
19873,25974,88
19874,25563,1644
19875,19525,27904
19876,25259,2810
19877,25434,2134
19878,25957,152
19879,25353,2446
19880,25723,1036
19881,23528,9726
19882,25666,1250
19883,25539,1734
19884,25957,152
19885,23240,10928
19886,23486,9904
19887,25957,152
19888,24215,6924
19889,25408,2236
19890,25951,176
19891,25971,100
19892,25990,28
19893,25480,1958
19894,25985,48
19895,25716,1062
19896,23650,9222
19897,24863,4348
19898,25938,224
19899,25702,1114
19900,25981,60
19901,25930,252
19902,25972,96
19903,25635,1370
19904,111,531708
19905,25972,96
19906,22657,13406
19907,24690,5030
19908,25970,104
19909,23879,8284
19910,25970,104
19911,25334,2518
19912,18508,33120
19913,25991,24
19914,25801,740
19915,25674,1222
19916,24991,3848
19917,25877,454
19918,25833,620
19919,24653,5176
19920,24007,7764
19921,25942,208
19922,25084,3486
19923,25652,1304
19924,25928,260
19925,25467,2010
19926,25816,684
19927,25927,264
19928,25922,284
19929,25978,72
19930,25944,200
19931,25818,676
19932,24366,6316
19933,25985,48
19934,25194,3058
19935,25997,0
19936,25984,52
19937,25942,208
19938,25971,100
19939,25983,56
19940,25088,3470
19941,25939,220
19942,25938,224
19943,25827,642
19944,25140,3268
19945,25978,72
19946,25971,100
19947,25976,80
19948,25432,2142
19949,25856,530
19950,25892,396
19951,25981,60
19952,19559,27736
19953,25438,2122
19954,25937,228
19955,22783,12866
19956,25358,2426
19957,25251,2838
19958,25849,560
19959,25779,822
19960,25766,872
19961,25957,152
19962,25945,196
19963,25972,96
19964,23761,8768
19965,25960,140
19966,25964,124
19967,25997,0
19968,4,1000000
19969,22192,15426
19970,25957,152
19971,25675,1216
19972,25930,252
19973,25921,288
19974,22858,12542
19975,25890,404
19976,14988,53678
19977,25636,1366
19978,25825,648
19979,25991,24
19980,25101,3422
19981,25895,384
19982,25910,328
19983,25997,0
19984,25958,148
19985,25961,136
19986,24878,4290
19987,25463,2024
19988,531,379302
19989,25997,0
19990,25977,76
19991,24995,3832
19992,25885,424
19993,23414,10202
19994,25880,440
19995,25981,62
19996,25956,156
19997,25888,412
19998,25949,180
19999,12205,73702
20000,25909,332
20001,25978,72
20002,25972,96
20003,25901,364
20004,25971,100
20005,25997,0
20006,25668,1244
20007,25915,308
20008,25918,298
20009,25874,464
20010,25945,196
20011,24756,4768
20012,25912,320
20013,25988,36
20014,25991,24
20015,25747,944
20016,24818,4524
20017,25953,168
20018,25208,3006
20019,25937,228
20020,19024,30438
20021,25965,120
20022,25997,0
20023,25972,96
20024,25046,3634
20025,25730,1008
20026,22397,14530
20027,25965,120
20028,25981,60
20029,25766,870
20030,25945,196
20031,25977,76
20032,25949,180
20033,25885,424
20034,25964,124
20035,25068,3548
20036,25997,0
20037,25054,3604
20038,24812,4550
20039,23985,7854
20040,25991,24
20041,23454,10036
20042,25791,778
20043,25961,136
20044,25938,224
20045,25949,180
20046,25957,152
20047,25610,1462
20048,25970,104
20049,25997,0
20050,24488,5830
20051,25265,2786
20052,25947,188
20053,24182,7054
20054,25841,588
20055,25951,176
20056,25514,1828
20057,25927,264
20058,25991,24
20059,25909,332
20060,25970,104
20061,25590,1538
20062,23181,11176
20063,25626,1404
20064,25525,1786
20065,25943,204
20066,25077,3514
20067,25928,260
20068,25980,64
20069,25991,24
20070,25984,52
20071,25608,1470
20072,25366,2396
20073,25811,700
20074,25825,648
20075,25997,0
20076,24783,4662
20077,25958,148
20078,25524,1792
20079,25918,300
20080,25906,344
20081,18797,31608
20082,24802,4588
20083,25487,1932
20084,25961,136
20085,25824,652
20086,24302,6572
20087,25275,2748
20088,20466,23316
20089,25926,268
20090,25804,728
20091,25976,80
20092,21322,19324
20093,25274,2752
20094,15540,50156
20095,25304,2636
20096,25256,2822
20097,25906,342
20098,25940,216
20099,25835,612
20100,25683,1186
20101,25906,344
20102,25997,0
20103,25897,378
20104,25975,86
20105,25940,216
20106,25884,426
20107,24652,5180
20108,25937,228
20109,25991,24
20110,24196,7000
20111,25908,336
20112,25946,192
20113,25748,940
20114,25985,48
20115,25886,420
20116,25864,500
20117,25977,76
20118,25985,48
20119,25929,258
20120,25930,252
20121,21114,20278
20122,23475,9948
20123,25991,24
20124,25893,392
20125,22642,13468
20126,24963,3956
20127,25978,72
20128,25298,2658
20129,25955,158
20130,15647,49484
20131,25860,516
20132,25955,160
20133,25985,48
20134,25333,2522
20135,25937,228
20136,24914,4148
20137,19699,27042
20138,25884,428
20139,25971,100
20140,24962,3960
20141,25955,160
20142,21160,20068
20143,25779,822
20144,25915,308
20145,25921,288
20146,25916,304
20147,25936,232
20148,25455,2056
20149,25863,507
20150,25581,1574
20151,25733,996
20152,25934,240
20153,25972,96
20154,25960,140
20155,24803,4584
20156,23792,8642
20157,25939,220
20158,25583,1568
20159,25072,3534
20160,25376,2358
20161,25965,120
20162,25407,2240
20163,25958,148
20164,25937,228
20165,25978,72
20166,25997,0
20167,25827,642
20168,25242,2876
20169,25963,128
20170,25719,1048
20171,25857,528
20172,25967,114
20173,25958,148
20174,25860,516
20175,25179,3118
20176,25610,1464
20177,25886,420
20178,25533,1758
20179,15533,50200
20180,25951,176
20181,25875,460
20182,25240,2882
20183,25248,2852
20184,18969,30720
20185,25904,352
20186,25896,380
20187,24591,5420
20188,25959,144
20189,24734,4854
20190,25948,184
20191,24030,7672
20192,25922,284
20193,25945,196
20194,25922,284
20195,20429,23492
20196,25991,24
20197,25984,52
20198,25528,1778
20199,21042,20612
20200,25974,88
20201,25953,168
20202,25978,72
20203,25386,2320
20204,25985,48
20205,25946,192
20206,25965,120
20207,25974,88
20208,24550,5582
20209,25945,196
20210,25934,240
20211,25983,56
20212,25970,104
20213,25959,144
20214,24851,4396
20215,25668,1244
20216,25141,3264
20217,25957,152
20218,25735,990
20219,25956,156
20220,25534,1752
20221,25981,60
20222,25948,184
20223,25372,2372
20224,25440,2114
20225,25961,136
20226,25958,148
20227,25969,108
20228,25985,48
20229,25949,180
20230,25990,28
20231,25973,92
20232,19496,28048
20233,25942,208
20234,25731,1004
20235,25179,3116
20236,25912,320
20237,25885,424
20238,25978,72
20239,21953,16482
20240,25606,1478
20241,24341,6416
20242,25924,276
20243,25163,3178
20244,25969,108
20245,25884,428
20246,25971,100
20247,25964,124
20248,25266,2780
20249,25867,492
20250,25239,2886
20251,25124,3332
20252,25936,232
20253,25939,220
20254,25743,960
20255,25509,1848
20256,25673,1224
20257,25870,478
20258,25905,348
20259,25964,124
20260,25952,172
20261,14919,54128
20262,25952,172
20263,25080,3500
20264,25997,0
20265,25997,0
20266,25976,80
20267,25962,134
20268,25587,1550
20269,18336,34032
20270,24438,6030
20271,25934,240
20272,24312,6532
20273,25943,204
20274,25947,190
20275,25944,200
20276,25997,0
20277,25943,206
20278,25972,96
20279,20235,24424
20280,25964,124
20281,14494,56948
20282,25952,172
20283,25919,296
20284,25599,1504
20285,25914,312
20286,25971,100
20287,25990,28
20288,25959,144
20289,25923,280
20290,25872,472
20291,25971,100
20292,25949,180
20293,24941,4042
20294,25997,0
20295,25970,104
20296,25997,0
20297,24959,3974
20298,25862,510
20299,24835,4458
20300,25936,230
20301,129,517092
20302,25940,216
20303,25990,28
20304,25844,576
20305,19332,28872
20306,25975,84
20307,25964,124
20308,25895,384
20309,25958,148
20310,25907,340
20311,25949,182
20312,25669,1240
20313,25969,108
20314,25639,1354
20315,25606,1478
20316,25975,84
20317,25845,574
20318,25792,772
20319,18861,31280
20320,25130,3306
20321,23063,11672
20322,25975,84
20323,25985,48
20324,25951,176
20325,25849,560
20326,25925,272
20327,25940,216
20328,25946,192
20329,25968,112
20330,25985,48
20331,25940,216
20332,25984,52
20333,25611,1460
20334,21891,16756
20335,25997,0
20336,15167,52524
20337,25914,312
20338,25193,3064
20339,22791,12832
20340,25926,268
20341,25991,24
20342,23933,8064
20343,25515,1826
20344,25970,104
20345,25997,0
20346,25951,176
20347,25977,76
20348,25948,184
20349,25997,0
20350,25939,220
20351,25971,100
20352,25778,828
20353,25973,92
20354,25991,24
20355,25958,148
20356,25985,48
20357,25333,2522
20358,25936,230
20359,25805,724
20360,25926,268
20361,25713,1072
20362,25122,3338
20363,25963,128
20364,25880,440
20365,25942,208
20366,20292,24152
20367,17203,40248
20368,25864,500
20369,25744,954
20370,25869,482
20371,25602,1494
20372,24107,7360
20373,25771,852
20374,23671,9136
20375,25496,1900
20376,25957,152
20377,25951,176
20378,25908,336
20379,21780,17252
20380,24809,4560
20381,14780,55046
20382,25102,3416
20383,25997,0
20384,16403,44886
20385,24156,7162
20386,25978,72
20387,25958,148
20388,24457,5952
20389,25975,84
20390,25971,100
20391,25965,120
20392,22669,13352
20393,25911,324
20394,22732,13082
20395,1502,277878
20396,25918,300
20397,25907,340
20398,25925,272
20399,24359,6344
20400,25147,3240
20401,25971,100
20402,25872,472
20403,25984,52
20404,25925,272
20405,25978,72
20406,25971,100
20407,25972,96
20408,25952,172
20409,23043,11758
20410,23766,8746
20411,25037,3668
20412,25939,220
20413,25947,190
20414,25951,176
20415,25985,48
20416,25997,0
20417,25810,704
20418,25991,24
20419,25859,520
20420,25055,3600
20421,23853,8392
20422,25997,0
20423,14904,54228
20424,23909,8164
20425,12406,72106
20426,25467,2010
20427,25968,112
20428,25089,3468
20429,21674,17728
20430,25991,24
20431,25990,28
20432,25965,120
20433,25722,1038
20434,25971,100
20435,25943,204
20436,25963,128
20437,25975,84
20438,25923,280
20439,25876,456
20440,25991,24
20441,25943,206
20442,24692,5022
20443,25156,3206
20444,25972,96
20445,24897,4214
20446,25901,364
20447,25946,192
20448,25943,204
20449,25934,240
20450,25957,152
20451,25714,1068
20452,19305,29012
20453,25872,472
20454,15023,53454
20455,25946,192
20456,25948,184
20457,22684,13290
20458,25964,124
20459,24821,4512
20460,25949,180
20461,25977,76
20462,25960,140
20463,25985,48
20464,25679,1202
20465,25977,76
20466,25869,484
20467,25946,192
20468,25983,56
20469,25223,2946
20470,18863,31268
20471,25955,160
20472,25969,108
20473,25964,124
20474,25935,236
20475,25988,36
20476,25964,124
20477,25883,430
20478,25870,480
20479,25991,24
20480,25301,2646
20481,25910,328
20482,24613,5334
20483,25977,76
20484,25881,436
20485,24020,7710
20486,25964,124
20487,25946,192
20488,25997,0
20489,25963,128
20490,25903,356
20491,25902,360
20492,25985,48
20493,25833,620
20494,25997,0
20495,25959,144
20496,25990,28
20497,25919,296
20498,25931,248
20499,25332,2526
20500,25858,524
20501,25978,72
20502,25897,376
20503,25437,2126
20504,25075,3522
20505,25984,52
20506,25985,48
20507,25977,76
20508,25934,240
20509,25926,268
20510,17110,40772
20511,25978,72
20512,25757,906
20513,25972,96
20514,25911,324
20515,25985,48
20516,25977,76
20517,25975,84
20518,25851,552
20519,25991,24
20520,25918,300
20521,25921,288
20522,25936,232
20523,25689,1164
20524,23690,9060
20525,25990,28
20526,25659,1276
20527,19696,27056
20528,24102,7379
20529,25865,496
20530,24972,3922
20531,25977,76
20532,25991,24
20533,25939,220
20534,25990,28
20535,25834,616
20536,25140,3268
20537,19735,26862
20538,25904,352
20539,25898,374
20540,25991,24
20541,25093,3452
20542,25984,52
20543,25965,120
20544,25950,178
20545,25868,486
20546,25985,48
20547,25701,1118
20548,25991,24
20549,25909,332
20550,25986,44
20551,25961,136
20552,25981,60
20553,25949,180
20554,25956,156
20555,25918,298
20556,25929,256
20557,25834,616
20558,25896,382
20559,25927,264
20560,25931,248
20561,25965,120
20562,24436,6036
20563,25873,468
20564,24294,6604
20565,25985,48
20566,25469,2002
20567,25921,288
20568,25948,184
20569,25997,0
20570,25958,148
20571,25952,172
20572,24233,6852
20573,25458,2044
20574,25864,502
20575,25946,192
20576,25941,212
20577,21485,18580
20578,25944,200
20579,25170,3152
20580,25980,64
20581,25991,24
20582,25208,3006
20583,25965,120
20584,24520,5704
20585,25571,1612
20586,3268,202144
20587,25216,2976
20588,25545,1710
20589,25946,192
20590,25920,292
20591,25715,1064
20592,23839,8450
20593,21597,18074
20594,25826,644
20595,25377,2354
20596,25944,200
20597,24910,4164
20598,25978,72
20599,25938,224
20600,25903,356
20601,25964,124
20602,13158,66372
20603,25569,1620
20604,23949,7999
20605,25972,96
20606,25925,272
20607,25973,90
20608,25876,456
20609,25432,2142
20610,25300,2652
20611,25997,0
20612,25970,104
20613,25973,92
20614,25952,172
20615,25921,288
20616,25846,568
20617,25960,140
20618,23945,8016
20619,25855,534
20620,25942,208
20621,25902,360
20622,25965,120
20623,25946,192
20624,25991,24
20625,25825,648
20626,25975,84
20627,25493,1910
20628,25957,152
20629,22595,13670
20630,25955,160
20631,25089,3466
20632,25577,1590
20633,25684,1184
20634,25008,3782
20635,25851,552
20636,25605,1484
20637,23453,10038
20638,25383,2332
20639,25957,152
20640,22870,12494
20641,25926,268
20642,25686,1176
20643,25317,2584
20644,19943,25842
20645,25200,3036
20646,25936,232
20647,25997,0
20648,25985,48
20649,25974,88
20650,25385,2324
20651,25935,236
20652,25997,0
20653,25922,284
20654,25888,412
20655,25997,0
20656,25965,120
20657,25889,408
20658,25944,200
20659,25901,364
20660,25962,134
20661,25495,1904
20662,25959,144
20663,25340,2496
20664,25977,76
20665,25990,28
20666,25781,816
20667,19949,25812
20668,25948,184
20669,25988,36
20670,25964,124
20671,14688,55652
20672,21968,16416
20673,25974,88
20674,25924,276
20675,25964,124
20676,25897,376
20677,25825,648
20678,25582,1572
20679,25911,324
20680,25990,28
20681,25927,264
20682,25963,128
20683,25988,36
20684,25981,60
20685,25965,120
20686,25156,3206
20687,25977,76
20688,22528,13960
20689,25943,204
20690,25923,280
20691,25997,0
20692,25784,804
20693,23998,7802
20694,25991,24
20695,25892,396
20696,25836,608
20697,14381,57712
20698,25988,36
20699,25886,420
20700,24026,7686
20701,25945,196
20702,24984,3876
20703,25389,2310
20704,25750,932
20705,24447,5992
20706,25938,224
20707,19498,28038
20708,25893,392
20709,25980,64
20710,25927,264
20711,25750,931
20712,25997,0
20713,25957,152
20714,25951,174
20715,138,510276
20716,25875,460
20717,21905,16696
20718,25898,374
20719,25463,2024
20720,25967,116
20721,25955,160
20722,22419,14432
20723,25901,364
20724,25737,980
20725,25941,212
20726,25924,276
20727,25939,220
20728,25075,3522
20729,22575,13758
20730,25981,60
20731,25911,326
20732,25914,314
20733,24723,4900
20734,25924,276
20735,25638,1356
20736,25968,112
20737,25964,124
20738,23631,9304
20739,25922,284
20740,25690,1160
20741,25959,146
20742,25575,1596
20743,25799,748
20744,25970,104
20745,25997,0
20746,25969,108
20747,21229,19748
20748,25473,1988
20749,22012,16220
20750,25969,108
20751,24931,4081
20752,25959,144
20753,25978,72
20754,25918,300
20755,25991,24
20756,25939,220
20757,25971,100
20758,25402,2260
20759,25973,92
20760,25997,0
20761,25167,3164
20762,25805,724
20763,25406,2242
20764,25991,24
20765,25953,168
20766,25985,48
20767,21530,18376
20768,25908,336
20769,25991,24
20770,24393,6208
20771,25869,484
20772,25943,206
20773,25558,1660
20774,25954,164
20775,25971,100
20776,25625,1408
20777,25964,124
20778,23607,9400
20779,25977,76
20780,24021,7708
20781,25905,348
20782,25804,728
20783,22491,14122
20784,25991,24
20785,25972,96
20786,25935,236
20787,25893,392
20788,25359,2424
20789,25941,212
20790,25978,72
20791,25997,0
20792,25622,1416
20793,25540,1732
20794,25914,312
20795,25952,172
20796,24287,6634
20797,25978,72
20798,25977,76
20799,25294,2672
20800,25997,0
20801,25978,72
20802,25962,132
20803,25967,116
20804,25972,96
20805,25953,168
20806,25964,124
20807,25925,272
20808,25816,682
20809,24180,7062
20810,14137,59376
20811,25968,110
20812,25621,1422
20813,25978,72
20814,25978,72
20815,25951,176
20816,25928,262
20817,25991,24
20818,25978,72
20819,19449,28288
20820,25654,1298
20821,25891,400
20822,25959,144
20823,25969,108
20824,24198,6992
20825,25789,786
20826,25711,1078
20827,25913,316
20828,20062,25262
20829,24268,6708
20830,25934,238
20831,25959,144
20832,25977,76
20833,25991,24
20834,25260,2804
20835,25370,2382
20836,25744,956
20837,25906,344
20838,25955,158
20839,25908,336
20840,25948,184
20841,25862,508
20842,25919,296
20843,25940,216
20844,24441,6016
20845,25941,212
20846,18233,34576
20847,25160,3190
20848,21568,18204
20849,25976,80
20850,25956,156
20851,25735,990
20852,25943,204
20853,25940,214
20854,25976,80
20855,14086,59728
20856,25772,848
20857,25990,28
20858,25549,1696
20859,25202,3030
20860,25997,0
20861,25508,1852
20862,25445,2092
20863,19839,26352
20864,25940,216
20865,24608,5352
20866,25952,172
20867,7102,126478
20868,25971,100
20869,24992,3844
20870,25779,824
20871,25958,148
20872,25991,24
20873,25975,86
20874,25956,156
20875,25954,164
20876,25959,144
20877,25938,224
20878,25926,268
20879,24576,5482
20880,25997,0
20881,20914,21208
20882,25854,540
20883,25687,1172
20884,8564,108232
20885,6030,142428
20886,25991,24
20887,25985,48
20888,25991,24
20889,25985,48
20890,25970,104
20891,25525,1788
20892,25945,196
20893,25984,52
20894,25953,168
20895,25472,1992
20896,25997,0
20897,4,1000000
20898,24891,4238
20899,25884,426
20900,25847,564
20901,25614,1448
20902,23192,11128
20903,25965,120
20904,24958,3976
20905,25975,84
20906,24440,6020
20907,25956,156
20908,25970,104
20909,25991,24
20910,23528,9730
20911,25901,362
20912,24298,6588
20913,25846,570
20914,23791,8646
20915,25884,428
20916,25935,236
20917,25977,76
20918,25905,348
20919,24963,3958
20920,25988,36
20921,25719,1048
20922,25934,240
20923,25927,264
20924,25974,88
20925,25913,316
20926,25938,224
20927,20085,25150
20928,25620,1424
20929,25997,0
20930,25990,28
20931,25620,1424
20932,25752,924
20933,25887,416
20934,25977,76
20935,22377,14616
20936,25942,209
20937,25970,104
20938,25916,304
20939,25414,2212
20940,25964,124
20941,22028,16148
20942,20209,24548
20943,25905,348
20944,24854,4384
20945,23273,10790
20946,25396,2280
20947,25975,84
20948,25985,48
20949,25920,290
20950,25889,408
20951,25445,2094
20952,25971,100
20953,25997,0
20954,25433,2138
20955,25871,474
20956,25984,52
20957,23479,9930
20958,25918,300
20959,25906,344
20960,25934,240
20961,25948,184
20962,25384,2326
20963,25922,283
20964,25796,758
20965,25929,256
20966,25962,132
20967,24612,5338
20968,25444,2098
20969,22873,12480
20970,25374,2364
20971,25927,264
20972,25488,1928
20973,25978,72
20974,23422,10168
20975,25843,580
20976,25941,212
20977,25935,236
20978,25649,1316
20979,25879,444
20980,25959,144
20981,25920,292
20982,25921,288
20983,25772,848
20984,25964,126
20985,25977,76
20986,25887,416
20987,25939,220
20988,25426,2168
20989,25903,356
20990,21386,19030
20991,25953,168
20992,23027,11826
20993,25467,2010
20994,25418,2198
20995,25997,0
20996,25958,148
20997,24321,6498
20998,25984,52
20999,25216,2976
21000,25933,242
21001,25926,268
21002,25556,1670
21003,22535,13932
21004,25975,84
21005,25049,3622
21006,25951,176
21007,25562,1648
21008,25984,52
21009,25945,196
21010,25949,180
21011,25984,52
21012,25915,308
21013,14935,54024
21014,25921,288
21015,25943,204
21016,25187,3088
21017,25970,104
21018,25985,48
21019,25971,100
21020,25502,1876
21021,25379,2348
21022,25947,188
21023,24713,4940
21024,25969,108
21025,25997,0
21026,25860,516
21027,25946,192
21028,25931,248
21029,25960,140
21030,25949,180
21031,25953,168
21032,25945,196
21033,25997,0
21034,25930,252
21035,25967,116
21036,25984,52
21037,25916,304
21038,25988,36
21039,25988,36
21040,25964,124
21041,25840,592
21042,25976,80
21043,25977,76
21044,25951,176
21045,25952,172
21046,25985,48
21047,25985,48
21048,25991,24
21049,24752,4784
21050,25932,244
21051,25997,0
21052,25997,0
21053,25981,60
21054,25713,1072
21055,24312,6534
21056,25949,180
21057,25957,152
21058,25304,2634
21059,25313,2602
21060,23982,7866
21061,25945,196
21062,23316,10610
21063,25953,168
21064,12641,70282
21065,25920,292
21066,25949,180
21067,25668,1244
21068,25938,224
21069,25975,86
21070,25885,424
21071,25778,826
21072,25490,1922
21073,24838,4446
21074,25958,148
21075,25957,152
21076,25320,2572
21077,25978,72
21078,25977,76
21079,25124,3332
21080,22052,16044
21081,25930,252
21082,25997,0
21083,25978,72
21084,25997,0
21085,25909,332
21086,25997,0
21087,25851,552
21088,17598,38036
21089,25926,268
21090,25962,132
21091,23160,11264
21092,20247,24368
21093,25972,96
21094,25943,204
21095,25788,788
21096,25964,124
21097,25959,144
21098,14485,57006
21099,25997,0
21100,24999,3816
21101,25963,128
21102,25963,128
21103,25942,208
21104,25963,128
21105,25958,148
21106,25544,1716
21107,25535,1748
21108,25903,354
21109,25825,648
21110,25860,516
21111,25853,542
21112,25922,284
21113,25962,132
21114,25975,86
21115,25946,192
21116,25942,208
21117,25320,2572
21118,25472,1990
21119,25962,132
21120,25970,104
21121,20679,22308
21122,25951,176
21123,25980,64
21124,25903,356
21125,25363,2410
21126,25406,2244
21127,25964,124
21128,25980,64
21129,25141,3264
21130,25956,156
21131,25840,592
21132,14787,54998
21133,25951,176
21134,25977,76
21135,25990,28
21136,25985,48
21137,25953,168
21138,25652,1302
21139,24872,4314
21140,25952,172
21141,25946,192
21142,25914,312
21143,25944,200
21144,17042,41164
21145,23116,11448
21146,25690,1160
21147,25214,2984
21148,4,1000000
21149,22203,15376
21150,25936,232
21151,5926,144128
21152,25934,240
21153,25957,152
21154,25935,236
21155,24862,4352
21156,25985,48
21157,22684,13290
21158,25952,172
21159,25977,76
21160,25997,0
21161,25902,360
21162,25985,48
21163,18388,33756
21164,25970,104
21165,25962,132
21166,25297,2662
21167,25976,80
21168,25940,216
21169,25870,480
21170,25974,88
21171,25812,696
21172,25539,1736
21173,25975,84
21174,25821,662
21175,25934,240
21176,25957,152
21177,25271,2764
21178,25704,1106
21179,25935,236
21180,25968,110
21181,25914,312
21182,25967,116
21183,25905,348
21184,25985,48
21185,25812,696
21186,25591,1536
21187,25971,100
21188,25832,622
21189,25878,448
21190,25991,24
21191,25506,1860
21192,25935,234
21193,21694,17640
21194,23587,9484
21195,25911,324
21196,25202,3028
21197,25912,320
21198,20605,22660
21199,24648,5194
21200,25942,208
21201,25462,2028
21202,25837,604
21203,25189,3078
21204,25915,308
21205,25935,236
21206,25699,1126
21207,25678,1204
21208,25328,2544
21209,24749,4796
21210,25905,346
21211,25977,76
21212,24920,4124
21213,25967,116
21214,25985,48
21215,25875,460
21216,25959,144
21217,25287,2702
21218,25991,24
21219,25971,100
21220,25248,2852
21221,25570,1614
21222,25562,1648
21223,25969,108
21224,24474,5884
21225,25857,528
21226,25962,132
21227,25981,60
21228,23893,8228
21229,25990,28
21230,25555,1672
21231,25991,24
21232,25452,2068
21233,25953,168
21234,25973,90
21235,25805,724
21236,25942,208
21237,21764,17326
21238,25437,2124
21239,25964,124
21240,25978,72
21241,24873,4310
21242,25815,688
21243,19633,27366
21244,25911,324
21245,19032,30396
21246,25867,492
21247,25879,444
21248,25509,1850
21249,25981,60
21250,14380,57716
21251,25171,3150
21252,24166,7120
21253,25972,96
21254,25949,180
21255,25997,0
21256,11480,79666
21257,25940,216
21258,24698,4996
21259,25396,2282
21260,19723,26922
21261,24974,3916
21262,25973,92
21263,25952,172
21264,19820,26442
21265,18290,34276
21266,23163,11254
21267,25988,36
21268,21164,20048
21269,25498,1890
21270,25535,1748
21271,25921,288
21272,1,803180
21273,25721,1042
21274,25997,0
21275,25560,1654
21276,25935,236
21277,25290,2688
21278,25934,240
21279,25905,348
21280,25336,2512
21281,25965,120
21282,19421,28424
21283,25881,438
21284,25272,2758
21285,25939,220
21286,25322,2564
21287,25937,228
21288,25561,1652
21289,25972,96
21290,25947,188
21291,25879,446
21292,20035,25392
21293,25985,48
21294,25451,2070
21295,25930,252
21296,25969,108
21297,25985,48
21298,25855,536
21299,25894,388
21300,25964,124
21301,25951,176
21302,25193,3064
21303,25907,340
21304,25955,158
21305,25943,204
21306,24822,4508
21307,25952,172
21308,25930,252
21309,25978,72
21310,25911,324
21311,25196,3052
21312,24787,4648
21313,25926,268
21314,25940,216
21315,23992,7824
21316,25892,396
21317,25835,612
21318,23002,11930
21319,25833,620
21320,25948,184
21321,25973,92
21322,25887,414
21323,25930,252
21324,25972,96
21325,24415,6120
21326,25255,2824
21327,25870,478
21328,25892,398
21329,25997,0
21330,24922,4116
21331,23302,10670
21332,25957,152
21333,25939,220
21334,25991,24
21335,25906,344
21336,22228,15268
21337,25981,60
21338,25951,176
21339,25681,1194
21340,25972,96
21341,22198,15398
21342,25927,264
21343,25972,96
21344,25984,52
21345,23358,10436
21346,25968,112
21347,24371,6298
21348,24377,6272
21349,25942,208
21350,25838,600
21351,25974,88
21352,25971,100
21353,25991,24
21354,25957,150
21355,25916,304
21356,25958,148
21357,25301,2646
21358,25991,24
21359,23079,11608
21360,25875,460
21361,25977,76
21362,25863,504
21363,25976,80
21364,24227,6876
21365,25983,56
21366,24212,6934
21367,25975,84
21368,25138,3278
21369,25566,1630
21370,24981,3888
21371,25914,314
21372,25938,224
21373,25964,124
21374,25380,2344
21375,25965,120
21376,25879,444
21377,25959,144
21378,25933,242
21379,25965,120
21380,25004,3796
21381,25942,208
21382,25810,704
21383,25925,272
21384,25970,104
21385,25854,540
21386,25879,446
21387,25399,2270
21388,25948,186
21389,25905,348
21390,25456,2052
21391,22815,12726
21392,25984,52
21393,25985,48
21394,25911,324
21395,25943,204
21396,25972,96
21397,25895,386
21398,25923,280
21399,25975,86
21400,25380,2342
21401,25977,76
21402,25971,100
21403,25952,172
21404,25261,2800
21405,25985,48
21406,25918,300
21407,25985,48
21408,25949,182
21409,25770,856
21410,25218,2968
21411,25968,110
21412,25991,24
21413,25939,218
21414,25972,96
21415,11705,77776
21416,25474,1984
21417,24829,4484
21418,25238,2888
21419,25115,3366
21420,25983,56
21421,20964,20976
21422,25333,2524
21423,16918,41874
21424,25722,1040
21425,25864,500
21426,25880,440
21427,25311,2608
21428,25904,352
21429,23462,10000
21430,25972,96
21431,25520,1806
21432,25947,188
21433,25925,272
21434,25092,3454
21435,25975,86
21436,25955,160
21437,25949,180
21438,25997,0
21439,25921,288
21440,25919,296
21441,25927,264
21442,25189,3080
21443,25983,56
21444,25981,62
21445,24793,4624
21446,25957,152
21447,25965,122
21448,24929,4092
21449,25948,184
21450,7344,123216
21451,25972,96
21452,25997,0
21453,22104,15814
21454,25258,2814
21455,23418,10184
21456,25916,304
21457,25380,2344
21458,25888,412
21459,25978,72
21460,23036,11788
21461,25906,344
21462,24895,4222
21463,25990,28
21464,25374,2366
21465,25369,2384
21466,25930,254
21467,25950,178
21468,25152,3222
21469,24688,5036
21470,25925,272
21471,25672,1226
21472,25935,236
21473,25704,1108
21474,25968,112
21475,25939,220
21476,25975,84
21477,25985,48
21478,25940,216
21479,25969,108
21480,25991,24
21481,25983,56
21482,24606,5360
21483,25972,96
21484,24793,4624
21485,25932,244
21486,1969,251528
21487,25916,306
21488,25977,76
21489,25943,206
21490,25937,228
21491,24839,4442
21492,20090,25124
21493,25929,257
21494,23996,7810
21495,25985,48
21496,25997,0
21497,24064,7532
21498,25519,1810
21499,25930,252
21500,18104,35268
21501,21634,17908
21502,25904,352
21503,25885,424
21504,7289,123948
21505,24734,4856
21506,25928,260
21507,25699,1126
21508,24895,4224
21509,25853,544
21510,25997,0
21511,25917,301
21512,8146,113110
21513,25532,1760
21514,24718,4920
21515,25930,254
21516,25515,1824
21517,25711,1080
21518,25968,112
21519,25410,2228
21520,25956,156
21521,25932,244
21522,25924,276
21523,25953,168
21524,25937,228
21525,25985,48
21526,25965,120
21527,25286,2704
21528,25926,268
21529,22536,13928
21530,25971,100
21531,25946,192
21532,25911,324
21533,25902,360
21534,24860,4360
21535,25937,228
21536,25955,160
21537,25938,224
21538,25985,48
21539,25927,264
21540,25819,672
21541,25970,104
21542,25997,0
21543,25599,1504
21544,24836,4456
21545,25948,184
21546,25978,72
21547,25997,0
21548,24547,5596
21549,25997,0
21550,21067,20496
21551,25558,1662
21552,25985,48
21553,24639,5230
21554,25956,156
21555,25981,60
21556,25969,108
21557,22391,14554
21558,25971,100
21559,22335,14800
21560,25338,2506
21561,25991,24
21562,25971,100
21563,25956,156
21564,25303,2640
21565,25582,1572
21566,25096,3440
21567,25928,260
21568,25941,212
21569,23622,9338
21570,24266,6716
21571,25550,1692
21572,25964,124
21573,25976,80
21574,25984,52
21575,8334,110890
21576,25965,120
21577,25977,76
21578,25997,0
21579,25985,48
21580,25183,3104
21581,25962,134
21582,22038,16106
21583,24955,3990
21584,25977,76
21585,25919,296
21586,25969,108
21587,25803,732
21588,25997,0
21589,25739,972
21590,25452,2068
21591,25984,52
21592,25081,3496
21593,24136,7242
21594,25851,552
21595,24991,3848
21596,25965,120
21597,25972,96
21598,25570,1614
21599,21631,17920
21600,25923,280
21601,13454,64208
21602,25973,92
21603,25736,984
21604,25875,462
21605,22666,13366
21606,25991,24
21607,25244,2868
21608,25963,128
21609,25654,1296
21610,25562,1648
21611,25964,124
21612,25985,48
21613,25944,200
21614,21991,16312
21615,25991,24
21616,25962,134
21617,25946,192
21618,25972,96
21619,21787,17220
21620,25935,236
21621,25906,342
21622,25699,1124
21623,24722,4904
21624,25467,2008
21625,25978,72
21626,20980,20898
21627,24069,7514
21628,25977,76
21629,25376,2360
21630,25937,228
21631,25977,76
21632,25462,2028
21633,24551,5578
21634,25945,196
21635,17333,39510
21636,24289,6624
21637,25967,116
21638,25075,3522
21639,25136,3286
21640,25821,664
21641,25783,806
21642,25991,24
21643,25849,560
21644,25836,606
21645,25924,274
21646,25964,124
21647,25991,24
21648,25953,168
21649,23222,11004
21650,23655,9204
21651,25944,200
21652,25947,188
21653,24058,7556
21654,25946,192
21655,25715,1066
21656,25962,132
21657,25939,220
21658,25897,376
21659,23222,11002
21660,25964,124
21661,25778,828
21662,25943,204
21663,25184,3100
21664,25871,476
21665,25952,172
21666,20864,21442
21667,25872,472
21668,25934,240
21669,25860,516
21670,25412,2220
21671,25955,160
21672,25975,84
21673,25963,128
21674,25945,196
21675,25161,3188
21676,25951,176
21677,23137,11360
21678,25997,0
21679,25543,1718
21680,25920,292
21681,24533,5652
21682,25746,946
21683,25985,48
21684,25949,182
21685,25959,144
21686,25922,282
21687,25959,144
21688,25565,1636
21689,25997,0
21690,22132,15688
21691,25429,2154
21692,17196,40286
21693,25707,1096
21694,25969,108
21695,25746,948
21696,25964,124
21697,25896,380
21698,25153,3220
21699,24975,3912
21700,24794,4620
21701,25958,148
21702,22566,13796
21703,25983,56
21704,25971,100
21705,25949,180
21706,24470,5900
21707,25719,1048
21708,25985,48
21709,24504,5766
21710,24760,4752
21711,25388,2314
21712,25940,214
21713,25997,0
21714,25964,124
21715,15373,51210
21716,25926,270
21717,25972,96
21718,15462,50644
21719,24577,5478
21720,25984,52
21721,25955,160
21722,25991,24
21723,25957,152
21724,25656,1288
21725,22697,13232
21726,25562,1648
21727,9181,101448
21728,25929,256
21729,25991,24
21730,24781,4670
21731,25990,28
21732,25985,48
21733,25473,1988
21734,25582,1570
21735,25962,132
21736,25615,1446
21737,25955,160
21738,25956,156
21739,25978,72
21740,25973,92
21741,25164,3176
21742,25960,140
21743,22052,16044
21744,24929,4092
21745,25960,140
21746,25807,716
21747,25964,124
21748,25972,96
21749,24204,6968
21750,25588,1548
21751,25830,628
21752,25954,164
21753,25938,222
21754,25890,404
21755,25835,612
21756,24912,4156
21757,25956,156
21758,24472,5894
21759,22893,12394
21760,23900,8200
21761,25981,60
21762,25913,316
21763,25990,28
21764,25991,24
21765,25997,0
21766,25981,60
21767,24895,4222
21768,25867,492
21769,24211,6940
21770,25961,136
21771,25903,356
21772,25930,252
21773,22060,16008
21774,25161,3188
21775,24917,4138
21776,25300,2650
21777,19929,25908
21778,25561,1652
21779,25957,152
21780,25874,464
21781,20539,22970
21782,25817,680
21783,25576,1594
21784,25976,80
21785,25997,0
21786,25971,100
21787,25317,2586
21788,25956,156
21789,24069,7514
21790,25934,238
21791,25905,348
21792,25969,108
21793,25113,3374
21794,25997,0
21795,25918,298
21796,25784,804
21797,25403,2256
21798,25991,24
21799,23669,9144
21800,25901,364
21801,25828,638
21802,25942,208
21803,25997,0
21804,25956,156
21805,25937,228
21806,25918,300
21807,25159,3194
21808,25876,456
21809,25964,124
21810,16873,42133
21811,25144,3252
21812,25981,60
21813,24011,7748
21814,25985,48
21815,25921,288
21816,25527,1780
21817,25937,228
21818,23454,10036
21819,25935,236
21820,18618,32540
21821,25701,1116
21822,25055,3600
21823,25257,2818
21824,25915,308
21825,25990,28
21826,25906,344
21827,25726,1024
21828,25958,148
21829,25924,276
21830,25991,24
21831,25940,216
21832,25985,48
21833,25953,168
21834,25985,48
21835,25945,198
21836,25974,88
21837,25941,212
21838,6591,133758
21839,25963,128
21840,25974,88
21841,25944,200
21842,25972,96
21843,24867,4332
21844,25984,52
21845,25965,120
21846,23935,8056
21847,24324,6486
21848,25945,196
21849,25990,28
21850,25808,712
21851,25926,268
21852,25962,132
21853,25438,2120
21854,25962,132
21855,25353,2448
21856,25718,1054
21857,25948,184
21858,25622,1418
21859,25908,336
21860,25738,976
21861,25938,224
21862,25953,168
21863,25899,368
21864,25814,692
21865,25378,2352
21866,25943,204
21867,25956,156
21868,25937,228
21869,25924,276
21870,25972,96
21871,25959,144
21872,25789,784
21873,25968,112
21874,25794,766
21875,25784,802
21876,25997,0
21877,25954,164
21878,25949,180
21879,25954,164
21880,25976,82
21881,25950,178
21882,25428,2158
21883,25990,28
21884,25361,2416
21885,25951,176
21886,25959,144
21887,25985,48
21888,25984,52
21889,25969,108
21890,25934,240
21891,25865,496
21892,25924,276
21893,25929,256
21894,23410,10220
21895,25990,28
21896,5346,154160
21897,25977,76
21898,25914,312
21899,25951,176
21900,25988,36
21901,24224,6886
21902,25954,164
21903,23778,8699
21904,25959,144
21905,25991,24
21906,25951,176
21907,25971,100
21908,19040,30356
21909,23651,9218
21910,25972,96
21911,25391,2302
21912,25942,208
21913,25949,180
21914,25726,1024
21915,25262,2796
21916,25961,136
21917,25346,2472
21918,24278,6670
21919,25991,24
21920,25870,480
21921,25947,188
21922,25885,422
21923,21256,19624
21924,25886,420
21925,25699,1124
21926,25265,2784
21927,25971,100
21928,25937,228
21929,25659,1276
21930,25964,124
21931,16319,45390
21932,25965,120
21933,25558,1662
21934,25675,1218
21935,25844,578
21936,24169,7108
21937,25963,128
21938,25395,2284
21939,25926,268
21940,25978,72
21941,25985,48
21942,25997,0
21943,25944,200
21944,25901,364
21945,25826,644
21946,25932,244
21947,25985,48
21948,25913,316
21949,25983,56
21950,25978,72
21951,25929,256
21952,25958,148
21953,25812,698
21954,25974,88
21955,25952,172
21956,24507,5756
21957,25997,0
21958,24802,4590
21959,25930,252
21960,24557,5556
21961,25965,120
21962,25951,176
21963,25971,100
21964,25959,144
21965,25985,48
21966,25360,2418
21967,25908,336
21968,25946,192
21969,25841,588
21970,25961,136
21971,25980,64
21972,25985,48
21973,25811,702
21974,25997,0
21975,25942,208
21976,24677,5080
21977,25978,72
21978,24636,5242
21979,25872,472
21980,25972,96
21981,25985,48
21982,25919,296
21983,25930,252
21984,25015,3756
21985,8983,103572
21986,25495,1902
21987,25977,76
21988,25991,24
21989,25374,2364
21990,25997,0
21991,25978,72
21992,25752,926
21993,25782,812
21994,24851,4394
21995,25960,140
21996,23546,9652
21997,25899,370
21998,25919,296
21999,17170,40434
22000,24449,5984
22001,20331,23964
22002,25978,72
22003,25971,100
22004,25914,312
22005,25428,2160
22006,25236,2896
22007,25469,2002
22008,25895,384
22009,25618,1432
22010,25975,84
22011,25997,0
22012,25714,1068
22013,25965,120
22014,25944,200
22015,25383,2330
22016,25394,2290
22017,25116,3362
22018,18168,34928
22019,25991,24
22020,25985,48
22021,24084,7450
22022,25990,28
22023,24512,5736
22024,25453,2064
22025,23647,9238
22026,25888,410
22027,25990,28
22028,25969,108
22029,25962,132
22030,20213,24528
22031,24872,4314
22032,25969,108
22033,25978,72
22034,25991,24
22035,1,816026
22036,20528,23024
22037,25658,1282
22038,25469,2002
22039,25903,356
22040,25972,96
22041,25261,2800
22042,25957,150
22043,25941,212
22044,22256,15144
22045,25951,176
22046,25855,536
22047,25961,136
22048,25899,368
22049,25985,48
22050,24765,4734
22051,25938,224
22052,25978,72
22053,25997,0
22054,25974,88
22055,25631,1384
22056,25937,228
22057,25988,36
22058,25936,232
22059,25983,56
22060,20799,21744
22061,25085,3484
22062,25002,3804
22063,25943,204
22064,16729,42972
22065,25945,196
22066,25726,1024
22067,25151,3228
22068,25960,140
22069,25903,356
22070,24611,5340
22071,24901,4198
22072,25988,36
22073,25951,176
22074,25742,962
22075,25975,84
22076,25473,1986
22077,25205,3018
22078,25968,112
22079,25924,276
22080,24905,4184
22081,25943,204
22082,24864,4344
22083,25997,0
22084,25957,152
22085,25977,76
22086,25230,2920
22087,25938,224
22088,25984,52
22089,25862,508
22090,24774,4700
22091,25912,322
22092,25919,296
22093,24896,4220
22094,25927,264
22095,25342,2488
22096,24457,5954
22097,24297,6594
22098,25945,196
22099,22692,13256
22100,24816,4532
22101,25399,2268
22102,23981,7870
22103,25988,36
22104,25990,28
22105,25957,152
22106,25970,104
22107,24869,4324
22108,25882,432
22109,25984,52
22110,25945,196
22111,25963,128
22112,25958,148
22113,25628,1394
22114,25985,48
22115,21729,17480
22116,25958,148
22117,23206,11072
22118,23964,7938
22119,25914,312
22120,23597,9442
22121,19652,27276
22122,25991,24
22123,25972,96
22124,25985,48
22125,24695,5008
22126,25956,156
22127,24945,4028
22128,25985,48
22129,8764,105982
22130,25974,88
22131,25953,168
22132,25528,1778
22133,25706,1100
22134,25985,48
22135,25892,396
22136,25766,872
22137,25927,266
22138,25939,220
22139,25956,156
22140,25619,1430
22141,22832,12656
22142,25958,148
22143,22991,11978
22144,25978,72
22145,25588,1546
22146,24951,4004
22147,25492,1914
22148,25988,36
22149,7616,119668
22150,25898,372
22151,25438,2122
22152,25958,148
22153,25888,412
22154,25926,268
22155,25945,198
22156,25301,2648
22157,25984,52
22158,25955,160
22159,20986,20872
22160,25963,128
22161,25912,321
22162,20586,22746
22163,24449,5986
22164,25624,1410
22165,24235,6842
22166,19300,29036
22167,25814,692
22168,25899,368
22169,25889,409
22170,25991,24
22171,25575,1598
22172,25846,568
22173,21065,20506
22174,24898,4212
22175,25953,166
22176,25954,164
22177,25443,2100
22178,25958,148
22179,25875,460
22180,4053,181160
22181,25945,196
22182,22313,14898
22183,25946,192
22184,2848,215552
22185,25459,2038
22186,25959,144
22187,22431,14382
22188,25382,2336
22189,25803,732
22190,25931,248
22191,25956,156
22192,25956,156
22193,21498,18524
22194,25965,120
22195,25949,180
22196,22478,14180
22197,25997,0
22198,25962,132
22199,25778,828
22200,24603,5372
22201,25997,0
22202,25935,236
22203,25984,52
22204,25800,742
22205,25345,2476
22206,24804,4580
22207,25961,136
22208,25972,96
22209,25923,280
22210,25901,364
22211,19375,28659
22212,25991,24
22213,25854,540
22214,25985,48
22215,25975,84
22216,24413,6128
22217,25940,216
22218,23670,9140
22219,25911,324
22220,25985,48
22221,23578,9522
22222,25394,2288
22223,25997,0
22224,25925,272
22225,25885,422
22226,25760,896
22227,25725,1026
22228,25956,156
22229,20866,21430
22230,25991,24
22231,25964,124
22232,25949,180
22233,25099,3428
22234,21105,20322
22235,25957,152
22236,23040,11770
22237,8940,104044
22238,25969,108
22239,25925,272
22240,23082,11594
22241,25973,92
22242,25951,176
22243,25822,660
22244,25954,164
22245,25109,3388
22246,25792,772
22247,25985,48
22248,25715,1064
22249,25969,108
22250,25811,702
22251,25949,180
22252,25621,1420
22253,25978,72
22254,23629,9312
22255,25030,3698
22256,25981,60
22257,25983,56
22258,25940,216
22259,25985,48
22260,25985,48
22261,25430,2152
22262,25990,28
22263,25635,1368
22264,17327,39544
22265,25969,108
22266,25971,100
22267,25961,136
22268,25952,172
22269,25945,196
22270,25976,80
22271,25406,2244
22272,25955,160
22273,25885,424
22274,24103,7376
22275,25927,264
22276,25905,348
22277,25869,482
22278,25614,1448
22279,25967,116
22280,8606,107758
22281,25942,208
22282,25997,0
22283,25903,354
22284,25925,272
22285,25990,28
22286,21023,20700
22287,25970,104
22288,25051,3614
22289,25985,48
22290,25980,64
22291,25841,588
22292,25976,80
22293,25955,158
22294,25968,112
22295,25953,168
22296,25965,120
22297,25969,108
22298,25341,2492
22299,25341,2492
22300,699,352470
22301,25907,340
22302,25952,172
22303,25985,48
22304,25991,24
22305,25990,28
22306,12941,67996
22307,25974,88
22308,25452,2066
22309,25931,248
22310,25978,72
22311,19988,25620
22312,25552,1684
22313,25997,0
22314,19876,26168
22315,25164,3176
22316,25970,104
22317,25959,146
22318,23501,9840
22319,25933,242
22320,25916,304
22321,25205,3016
22322,24258,6748
22323,19870,26200
22324,25267,2776
22325,25977,76
22326,25914,312
22327,25970,104
22328,25977,76
22329,24644,5212
22330,25932,244
22331,25997,0
22332,25956,156
22333,25897,376
22334,25911,324
22335,24486,5840
22336,17825,36784
22337,25927,266
22338,22601,13648
22339,14365,57818
22340,25940,216
22341,25958,148
22342,25437,2124
22343,25952,172
22344,25544,1714
22345,15396,51064
22346,12000,75354
22347,25962,132
22348,25724,1032
22349,25213,2988
22350,25591,1536
22351,25927,266
22352,25953,166
22353,25420,2190
22354,25903,354
22355,16049,47016
22356,25968,112
22357,24020,7710
22358,25662,1266
22359,19620,27432
22360,25977,76
22361,25824,652
22362,25881,436
22363,24008,7760
22364,25061,3576
22365,25482,1953
22366,25361,2416
22367,25823,656
22368,23565,9574
22369,23047,11742
22370,25991,24
22371,25935,236
22372,25938,224
22373,25923,280
22374,25679,1200
22375,24944,4030
22376,25972,96
22377,25899,368
22378,25825,648
22379,25673,1224
22380,25925,272
22381,25997,0
22382,25971,100
22383,25945,196
22384,24264,6724
22385,25962,132
22386,25898,372
22387,25200,3038
22388,25922,284
22389,25960,140
22390,25978,72
22391,25659,1278
22392,25964,124
22393,23514,9784
22394,25962,132
22395,25916,304
22396,25984,52
22397,25830,628
22398,18419,33588
22399,25862,510
22400,25940,216
22401,25938,224
22402,25939,220
22403,25962,132
22404,25984,52
22405,25859,520
22406,25816,684
22407,25925,272
22408,25997,0
22409,24681,5064
22410,17849,36654
22411,25839,596
22412,25957,152
22413,23567,9566
22414,25997,0
22415,20980,20900
22416,25946,192
22417,25985,48
22418,25969,108
22419,24063,7536
22420,24994,3836
22421,25097,3436
22422,25928,260
22423,25976,80
22424,25925,272
22425,25977,76
22426,25959,144
22427,25945,196
22428,25875,462
22429,25977,76
22430,24689,5032
22431,25903,354
22432,25091,3460
22433,25296,2666
22434,23782,8680
22435,25969,106
22436,25983,56
22437,23026,11832
22438,25997,0
22439,19949,25812
22440,25799,748
22441,25944,200
22442,25985,48
22443,25862,510
22444,25201,3032
22445,25985,48
22446,25955,160
22447,23292,10712
22448,25937,228
22449,24176,7078
22450,25968,112
22451,25959,144
22452,25985,48
22453,25284,2712
22454,25960,142
22455,25978,72
22456,25956,156
22457,25210,2998
22458,25867,492
22459,25936,232
22460,25945,196
22461,25972,96
22462,25040,3656
22463,25964,124
22464,23076,11620
22465,25959,144
22466,25942,208
22467,25978,72
22468,25541,1728
22469,21984,16344
22470,25931,248
22471,25945,196
22472,25917,302
22473,25910,328
22474,24974,3916
22475,25951,176
22476,25934,240
22477,25957,152
22478,19252,29280
22479,25666,1252
22480,24540,5622
22481,25997,0
22482,25997,0
22483,25861,512
22484,25852,546
22485,25845,572
22486,25988,36
22487,25956,156
22488,25921,288
22489,25723,1036
22490,24865,4340
22491,25402,2260
22492,25673,1224
22493,25309,2616
22494,25335,2516
22495,25965,120
22496,25988,36
22497,25971,100
22498,23219,11016
22499,25970,104
22500,23872,8314
22501,25971,100
22502,14491,56968
22503,8304,111238
22504,25859,522
22505,25948,186
22506,25951,174
22507,25945,196
22508,25944,200
22509,23753,8802
22510,13128,66598
22511,25061,3574
22512,25947,190
22513,25804,728
22514,25984,52
22515,25975,84
22516,25997,0
22517,25702,1114
22518,25945,196
22519,25978,72
22520,23166,11240
22521,25898,374
22522,25872,470
22523,25910,328
22524,24668,5116
22525,25932,244
22526,25965,120
22527,25780,818
22528,25985,48
22529,25672,1226
22530,22495,14106
22531,25536,1746
22532,25679,1200
22533,25964,124
22534,25869,484
22535,25945,196
22536,25415,2208
22537,25929,256
22538,25956,156
22539,17129,40666
22540,25937,228
22541,24467,5912
22542,24013,7740
22543,25370,2380
22544,25997,0
22545,23770,8730
22546,25997,0
22547,25956,156
22548,25932,244
22549,25963,128
22550,16688,43210
22551,25223,2948
22552,25949,180
22553,25294,2672
22554,25457,2048
22555,20463,23332
22556,25761,890
22557,25977,76
22558,25524,1790
22559,25669,1240
22560,8898,104504
22561,25997,0
22562,25163,3178
22563,25978,72
22564,25974,88
22565,25628,1396
22566,428,400352
22567,22995,11960
22568,25941,212
22569,25907,340
22570,25985,48
22571,24429,6066
22572,25844,576
22573,25985,48
22574,25963,128
22575,22895,12386
22576,25997,0
22577,25467,2008
22578,23954,7978
22579,25885,424
22580,24293,6610
22581,25524,1790
22582,25767,868
22583,25954,162
22584,25959,144
22585,24591,5420
22586,24152,7176
22587,14826,54738
22588,25622,1418
22589,25978,72
22590,25990,28
22591,19235,29364
22592,25904,352
22593,25930,252
22594,25762,888
22595,25095,3444
22596,25997,0
22597,25529,1772
22598,25960,140
22599,25942,208
22600,25975,84
22601,24817,4530
22602,23459,10014
22603,22621,13560
22604,25975,84
22605,25742,964
22606,25528,1776
22607,25991,24
22608,25951,176
22609,25956,156
22610,25968,112
22611,25926,270
22612,25506,1862
22613,25997,0
22614,25978,72
22615,18709,32064
22616,25985,48
22617,25959,144
22618,25899,368
22619,25969,108
22620,25935,236
22621,25923,280
22622,25398,2272
22623,25972,96
22624,25783,808
22625,23688,9068
22626,25844,576
22627,25151,3226
22628,25952,172
22629,25962,132
22630,25915,308
22631,25846,570
22632,25859,522
22633,25964,124
22634,25872,470
22635,25968,112
22636,25991,24
22637,25949,180
22638,23816,8542
22639,25990,28
22640,25923,280
22641,25974,88
22642,25962,132
22643,25947,188
22644,25975,84
22645,25946,192
22646,25963,128
22647,25879,444
22648,25997,0
22649,22766,12936
22650,25957,152
22651,25260,2806
22652,25972,96
22653,25587,1552
22654,17936,36178
22655,25971,100
22656,25985,48
22657,25862,510
22658,25336,2512
22659,25867,492
22660,25867,492
22661,24958,3976
22662,25949,180
22663,25908,336
22664,25972,96
22665,25699,1124
22666,25661,1270
22667,25962,132
22668,25961,136
22669,25922,284
22670,25234,2904
22671,25366,2396
22672,25217,2972
22673,25309,2616
22674,25965,120
22675,25949,180
22676,25518,1814
22677,24963,3956
22678,25029,3700
22679,25886,420
22680,25983,56
22681,25712,1076
22682,25984,52
22683,25991,24
22684,25983,56
22685,25945,196
22686,25931,248
22687,25227,2932
22688,21179,19980
22689,24357,6354
22690,25970,104
22691,25905,348
22692,25519,1810
22693,25610,1464
22694,25934,240
22695,24945,4028
22696,25938,224
22697,25940,216
22698,23573,9540
22699,25991,24
22700,25959,144
22701,25968,110
22702,6467,135604
22703,25958,148
22704,25931,248
22705,25699,1124
22706,1887,255678
22707,25958,148
22708,20663,22384
22709,1863,256928
22710,25572,1608
22711,24966,3946
22712,25299,2654
22713,25932,244
22714,20668,22362
22715,25985,48
22716,25937,228
22717,25974,88
22718,25921,288
22719,24659,5152
22720,25997,0
22721,25974,88
22722,25862,508
22723,25945,196
22724,25985,48
22725,25968,112
22726,25797,754
22727,25972,96
22728,25908,336
22729,25775,836
22730,25233,2908
22731,25202,3028
22732,23555,9618
22733,25291,2684
22734,25199,3042
22735,25915,308
22736,25613,1454
22737,25906,344
22738,25937,228
22739,24741,4830
22740,25997,0
22741,25944,200
22742,25306,2628
22743,14077,59790
22744,25977,76
22745,25972,96
22746,25679,1202
22747,25382,2334
22748,25948,184
22749,25206,3014
22750,20162,24774
22751,25983,56
22752,25719,1050
22753,25991,24
22754,18970,30718
22755,25707,1096
22756,25937,228
22757,25334,2520
22758,25967,116
22759,25872,472
22760,25984,52
22761,25799,748
22762,25952,172
22763,25962,132
22764,25991,24
22765,25888,412
22766,22721,13130
22767,25937,228
22768,25391,2302
22769,25946,192
22770,25641,1346
22771,25634,1374
22772,25990,28
22773,25855,536
22774,25948,186
22775,25970,104
22776,25844,576
22777,25326,2550
22778,25934,240
22779,25959,144
22780,24680,5068
22781,25836,606
22782,25859,522
22783,25965,120
22784,25925,272
22785,25871,474
22786,25324,2560
22787,24552,5576
22788,25922,284
22789,25866,494
22790,25288,2696
22791,25983,56
22792,23456,10028
22793,25951,176
22794,25210,2996
22795,25970,104
22796,24566,5520
22797,25938,224
22798,24210,6942
22799,25985,48
22800,25914,314
22801,24672,5100
22802,25976,80
22803,25142,3260
22804,24928,4096
22805,21526,18394
22806,25451,2070
22807,25967,116
22808,25957,152
22809,25916,304
22810,25888,412
22811,23784,8672
22812,25970,104
22813,24956,3986
22814,24608,5354
22815,25970,104
22816,25969,108
22817,25647,1322
22818,25948,184
22819,25576,1592
22820,25565,1634
22821,25100,3424
22822,21984,16342
22823,25970,104
22824,25388,2312
22825,25962,132
22826,21246,19672
22827,25997,0
22828,25864,500
22829,25307,2624
22830,25956,156
22831,25892,398
22832,25947,188
22833,25983,56
22834,25619,1428
22835,23403,10248
22836,25978,72
22837,25964,124
22838,25897,376
22839,25872,472
22840,25962,132
22841,25242,2876
22842,25935,236
22843,25958,148
22844,25899,368
22845,24958,3976
22846,25991,24
22847,25918,298
22848,25980,64
22849,25904,352
22850,25932,244
22851,25972,96
22852,25990,28
22853,25977,76
22854,25973,92
22855,25947,188
22856,25948,184
22857,25985,48
22858,23716,8952
22859,25489,1924
22860,23223,10998
22861,23232,10962
22862,25279,2730
22863,25990,28
22864,25965,120
22865,24203,6972
22866,25967,116
22867,25944,200
22868,25948,184
22869,24808,4564
22870,25523,1796
22871,25990,28
22872,23424,10160
22873,25951,176
22874,25942,208
22875,25756,908
22876,25969,106
22877,25964,124
22878,24806,4572
22879,25940,216
22880,25949,180
22881,25958,148
22882,25923,280
22883,8235,112048
22884,25340,2496
22885,25990,28
22886,25984,52
22887,25934,240
22888,24803,4584
22889,25832,622
22890,25752,924
22891,19269,29194
22892,25330,2534
22893,23016,11874
22894,25948,184
22895,25101,3422
22896,25184,3098
22897,25953,168
22898,20525,23038
22899,25303,2638
22900,25283,2716
22901,25960,140
22902,25977,76
22903,25931,248
22904,25937,228
22905,25990,28
22906,25698,1128
22907,25969,108
22908,25879,444
22909,25955,160
22910,25391,2300
22911,25095,3444
22912,25964,124
22913,25915,308
22914,25971,100
22915,25969,108
22916,24806,4572
22917,25919,296
22918,23621,9344
22919,25940,216
22920,25991,24
22921,25958,148
22922,25957,152
22923,25976,80
22924,25948,186
22925,25139,3274
22926,24164,7128
22927,25001,3808
22928,25961,136
22929,25984,52
22930,25747,944
22931,24092,7420
22932,24945,4028
22933,25932,244
22934,25793,768
22935,25888,412
22936,25983,56
22937,17659,37698
22938,25842,584
22939,25939,220
22940,25478,1968
22941,22746,13024
22942,25934,240
22943,25472,1990
22944,24170,7104
22945,25978,72
22946,25997,0
22947,25936,232
22948,19960,25760
22949,25921,288
22950,25906,344
22951,25991,24
22952,25790,780
22953,25997,0
22954,25965,120
22955,25961,138
22956,25353,2448
22957,25598,1508
22958,25983,56
22959,25259,2808
22960,12594,70646
22961,25930,252
22962,25912,320
22963,24746,4810
22964,25956,156
22965,25958,148
22966,25914,312
22967,18749,31858
22968,25846,568
22969,24883,4272
22970,25109,3388
22971,25981,60
22972,25925,272
22973,25981,62
22974,25945,196
22975,25984,52
22976,25916,304
22977,25975,84
22978,25975,84
22979,25978,72
22980,25958,148
22981,19496,28052
22982,19703,27020
22983,25932,244
22984,18165,34944
22985,25997,0
22986,25020,3734
22987,25739,972
22988,25798,752
22989,14578,56386
22990,23542,9672
22991,25383,2332
22992,24679,5074
22993,16973,41556
22994,25696,1136
22995,25970,104
22996,25856,532
22997,21503,18498
22998,25787,794
22999,25766,872
23000,25726,1024
23001,14408,57528
23002,23917,8128
23003,25991,24
23004,18220,34648
23005,19177,29656
23006,25196,3052
23007,25944,200
23008,25784,802
23009,25907,340
23010,25955,160
23011,25732,1002
23012,24841,4436
23013,24469,5904
23014,14615,56138
23015,25945,196
23016,25915,308
23017,25969,108
23018,25926,268
23019,25960,140
23020,25953,168
23021,25956,156
23022,24109,7350
23023,25939,220
23024,25331,2530
23025,25915,308
23026,25409,2232
23027,25990,28
23028,25928,262
23029,25990,28
23030,25951,176
23031,24932,4078
23032,25951,176
23033,25990,28
23034,25952,172
23035,25913,316
23036,25945,196
23037,25959,144
23038,25969,108
23039,25957,152
23040,25964,124
23041,25890,404
23042,25918,300
23043,25921,286
23044,25824,654
23045,25705,1104
23046,25964,124
23047,25969,108
23048,24591,5420
23049,25888,412
23050,25843,580
23051,25939,220
23052,21994,16300
23053,25972,96
23054,21731,17470
23055,25991,24
23056,25980,64
23057,22906,12338
23058,25985,48
23059,25287,2700
23060,24266,6716
23061,25915,308
23062,25240,2882
23063,25785,800
23064,25969,108
23065,24888,4250
23066,25951,176
23067,25858,524
23068,25978,72
23069,25961,138
23070,24099,7392
23071,25975,84
23072,17190,40320
23073,25954,164
23074,25885,424
23075,25957,152
23076,25949,180
23077,25924,274
23078,25863,504
23079,22900,12366
23080,25941,212
23081,25929,256
23082,25906,344
23083,23278,10768
23084,25997,0
23085,25985,48
23086,22639,13482
23087,25005,3792
23088,24710,4950
23089,25997,0
23090,24511,5738
23091,25387,2316
23092,25509,1848
23093,25934,240
23094,25941,212
23095,25974,88
23096,25997,0
23097,25932,244
23098,25957,152
23099,25934,240
23100,25493,1908
23101,25997,0
23102,25990,28
23103,25991,24
23104,23706,8992
23105,25401,2264
23106,25977,76
23107,25903,356
23108,25126,3322
23109,25977,76
23110,25861,514
23111,25958,148
23112,25956,156
23113,10778,85824
23114,25846,570
23115,24056,7564
23116,25188,3084
23117,25934,240
23118,25901,364
23119,25568,1624
23120,25522,1798
23121,20673,22338
23122,25937,228
23123,25991,24
23124,25914,312
23125,25727,1018
23126,24695,5008
23127,25984,52
23128,25975,84
23129,25990,28
23130,23049,11734
23131,25632,1380
23132,25927,264
23133,25984,52
23134,25990,28
23135,20660,22400
23136,25952,172
23137,25102,3416
23138,12262,73250
23139,25467,2008
23140,25984,52
23141,25873,468
23142,23728,8902
23143,25793,768
23144,25997,0
23145,22296,14970
23146,25964,124
23147,22042,16088
23148,25991,24
23149,25530,1768
23150,25974,88
23151,25625,1406
23152,25230,2920
23153,25983,56
23154,25988,36
23155,25850,554
23156,25083,3492
23157,25991,24
23158,25975,84
23159,4,1000000
23160,25961,138
23161,25971,100
23162,25978,74
23163,25931,248
23164,17042,41164
23165,25991,24
23166,25963,128
23167,23552,9630
23168,25976,80
23169,15397,51056
23170,25946,192
23171,25947,188
23172,25837,604
23173,25978,72
23174,25970,104
23175,25875,460
23176,25957,152
23177,22909,12328
23178,25985,48
23179,25971,100
23180,25952,172
23181,25877,454
23182,25922,284
23183,25957,152
23184,25931,248
23185,25964,124
23186,25964,124
23187,25503,1872
23188,25950,178
23189,23346,10484
23190,25171,3148
23191,25991,24
23192,25923,280
23193,24287,6634
23194,25964,124
23195,25970,104
23196,16774,42710
23197,25958,148
23198,25567,1626
23199,25931,248
23200,25978,72
23201,25919,296
23202,25997,0
23203,23997,7804
23204,25997,0
23205,24561,5540
23206,25969,108
23207,25991,24
23208,25758,900
23209,24941,4044
23210,25959,144
23211,25937,228
23212,24162,7136
23213,25928,260
23214,23754,8796
23215,25958,148
23216,25873,468
23217,25940,216
23218,25991,24
23219,25959,144
23220,25985,48
23221,25960,140
23222,25265,2786
23223,25985,48
23224,25942,208
23225,25088,3472
23226,25496,1898
23227,25149,3234
23228,25967,116
23229,25957,152
23230,25781,816
23231,25925,272
23232,25678,1206
23233,24558,5552
23234,25940,216
23235,25952,172
23236,25938,224
23237,24616,5322
23238,24365,6322
23239,25561,1652
23240,25290,2688
23241,25961,136
23242,25624,1412
23243,25567,1628
23244,25991,24
23245,25981,60
23246,25985,48
23247,25811,702
23248,25956,156
23249,25972,96
23250,25738,978
23251,25903,354
23252,25897,376
23253,25964,124
23254,25209,3000
23255,25962,132
23256,24379,6266
23257,25652,1304
23258,24718,4918
23259,25927,264
23260,25955,158
23261,25956,156
23262,25938,224
23263,25975,84
23264,25630,1386
23265,25990,28
23266,25971,100
23267,25978,72
23268,25945,196
23269,25181,3112
23270,25957,152
23271,25298,2660
23272,25945,196
23273,25955,160
23274,25953,168
23275,25148,3236
23276,24043,7616
23277,25885,424
23278,19025,30432
23279,25985,48
23280,25947,188
23281,5486,151648
23282,25180,3114
23283,25946,192
23284,25924,274
23285,25924,276
23286,25684,1184
23287,25933,242
23288,25250,2844
23289,23018,11866
23290,25945,196
23291,25873,466
23292,24839,4444
23293,25075,3520
23294,25884,428
23295,25997,0
23296,25972,96
23297,24295,6602
23298,25990,28
23299,25832,622
23300,25660,1272
23301,25975,84
23302,25530,1768
23303,25967,116
23304,25955,160
23305,25951,176
23306,25932,244
23307,25963,128
23308,25939,220
23309,16252,45788
23310,25249,2848
23311,25290,2690
23312,25968,112
23313,25990,28
23314,23799,8612
23315,25975,84
23316,22741,13042
23317,25930,252
23318,25404,2250
23319,25985,48
23320,25939,220
23321,25997,0
23322,24432,6054
23323,25844,576
23324,25949,180
23325,25997,0
23326,25997,0
23327,25810,704
23328,19551,27776
23329,25972,96
23330,25938,224
23331,25978,72
23332,25984,52
23333,25397,2278
23334,17958,36060
23335,25984,52
23336,25934,240
23337,25905,348
23338,25974,88
23339,25932,244
23340,25957,152
23341,25976,80
23342,25984,52
23343,25367,2392
23344,25944,200
23345,25959,144
23346,25924,276
23347,25940,216
23348,25947,188
23349,25997,0
23350,25122,3338
23351,25434,2136
23352,25007,3784
23353,25870,478
23354,25723,1036
23355,25977,76
23356,25915,308
23357,25659,1276
23358,25978,72
23359,25972,96
23360,25913,316
23361,25886,420
23362,25938,224
23363,24904,4190
23364,24241,6818
23365,19433,28368
23366,25838,598
23367,25829,632
23368,18222,34638
23369,25905,348
23370,25842,584
23371,25628,1396
23372,25930,254
23373,16853,42252
23374,25906,344
23375,25962,134
23376,25888,412
23377,25949,180
23378,25835,612
23379,25990,28
23380,25824,652
23381,25962,132
23382,25985,48
23383,25985,48
23384,25244,2868
23385,25944,200
23386,25971,100
23387,25209,3000
23388,24736,4848
23389,18281,34320
23390,25991,24
23391,24639,5230
23392,25962,132
23393,25071,3536
23394,25836,608
23395,25627,1398
23396,25737,982
23397,25970,104
23398,25815,686
23399,25991,24
23400,25876,456
23401,25959,144
23402,25991,24
23403,25983,56
23404,25811,700
23405,25854,538
23406,25953,168
23407,25252,2836
23408,25283,2716
23409,25765,874
23410,25949,180
23411,24756,4770
23412,25969,108
23413,25352,2452
23414,25970,104
23415,25988,36
23416,25962,132
23417,25997,0
23418,21492,18552
23419,25880,440
23420,25968,112
23421,14865,54486
23422,2937,212526
23423,25969,108
23424,25931,248
23425,25766,870
23426,25356,2436
23427,25297,2664
23428,25954,164
23429,25732,1000
23430,25115,3366
23431,25701,1116
23432,25932,244
23433,25376,2360
23434,25962,132
23435,25991,24
23436,25909,332
23437,25906,344
23438,25984,52
23439,25768,864
23440,25327,2548
23441,25697,1134
23442,25588,1548
23443,25909,332
23444,25174,3136
23445,24385,6240
23446,25972,96
23447,25921,288
23448,25991,24
23449,25988,36
23450,24655,5166
23451,25924,276
23452,25935,236
23453,25955,160
23454,25971,100
23455,25953,168
23456,25997,0
23457,25977,76
23458,25674,1220
23459,25964,124
23460,25970,104
23461,25991,24
23462,25969,108
23463,25968,112
23464,25912,320
23465,25985,48
23466,25267,2778
23467,25920,290
23468,25083,3492
23469,22430,14388
23470,25990,28
23471,25249,2848
23472,24578,5474
23473,22958,12120
23474,25385,2325
23475,25957,152
23476,25965,120
23477,25953,168
23478,25921,288
23479,23601,9428
23480,25968,112
23481,25898,372
23482,25969,108
23483,25964,124
23484,25945,196
23485,25907,340
23486,25972,96
23487,25961,136
23488,25463,2024
23489,25091,3460
23490,25978,72
23491,25909,332
23492,25971,100
23493,25648,1320
23494,25019,3740
23495,25991,24
23496,25542,1724
23497,25763,884
23498,25417,2202
23499,25264,2788
23500,23551,9634
23501,25463,2024
23502,23707,8988
23503,25959,146
23504,25977,76
23505,14621,56098
23506,25952,172
23507,25972,96
23508,25957,152
23509,25654,1298
23510,24147,7196
23511,25960,140
23512,25957,150
23513,25941,212
23514,24964,3954
23515,25192,3066
23516,17473,38726
23517,25991,24
23518,25892,396
23519,25997,0
23520,24395,6200
23521,25925,272
23522,25988,36
23523,25631,1382
23524,25925,272
23525,25997,0
23526,25945,196
23527,24643,5216
23528,19392,28570
23529,25978,72
23530,25978,72
23531,25783,808
23532,24030,7672
23533,25919,296
23534,25975,84
23535,25971,100
23536,25958,148
23537,25983,56
23538,25960,140
23539,25978,72
23540,24846,4416
23541,15246,52014
23542,25779,822
23543,23539,9682
23544,15478,50544
23545,23980,7872
23546,25949,180
23547,25924,276
23548,25977,76
23549,25983,56
23550,25959,144
23551,24760,4752
23552,25787,792
23553,25503,1870
23554,25991,24
23555,21715,17544
23556,25977,76
23557,24932,4078
23558,25951,176
23559,25945,196
23560,25991,24
23561,25296,2666
23562,25529,1774
23563,12079,74712
23564,25913,318
23565,25985,48
23566,25799,746
23567,25956,156
23568,24321,6498
23569,25964,124
23570,24904,4188
23571,25031,3694
23572,25951,176
23573,23332,10544
23574,25990,28
23575,25997,0
23576,25953,168
23577,25896,380
23578,25931,248
23579,25990,28
23580,25964,126
23581,25984,52
23582,25939,220
23583,25997,0
23584,25960,140
23585,25965,120
23586,25972,96
23587,25977,76
23588,25962,132
23589,25933,242
23590,25984,52
23591,25959,144
23592,25852,546
23593,21813,17104
23594,25722,1040
23595,25117,3360
23596,25710,1082
23597,24070,7510
23598,25288,2696
23599,25649,1314
23600,25955,160
23601,25724,1032
23602,25921,288
23603,25985,48
23604,23947,8006
23605,14895,54286
23606,25938,224
23607,25930,252
23608,25955,158
23609,25959,144
23610,25444,2098
23611,25963,128
23612,25230,2920
23613,25935,236
23614,25949,180
23615,6102,141266
23616,25957,152
23617,25841,588
23618,25949,180
23619,16943,41732
23620,24813,4546
23621,25410,2226
23622,25977,76
23623,25146,3246
23624,25677,1210
23625,25647,1324
23626,24884,4268
23627,25398,2272
23628,25918,300
23629,25985,48
23630,25945,196
23631,25876,456
23632,25865,496
23633,25287,2700
23634,23281,10756
23635,25739,972
23636,25965,120
23637,24697,5000
23638,22133,15686
23639,25962,132
23640,24496,5798
23641,25956,156
23642,24927,4098
23643,24193,7012
23644,25377,2356
23645,25500,1884
23646,25897,376
23647,24721,4908
23648,25949,180
23649,25903,356
23650,25498,1890
23651,25613,1454
23652,25914,312
23653,25990,28
23654,25991,24
23655,25990,28
23656,25969,108
23657,25984,52
23658,25971,100
23659,25701,1118
23660,25862,508
23661,25945,196
23662,19878,26160
23663,25860,516
23664,25934,240
23665,25241,2880
23666,25985,48
23667,25926,268
23668,25965,120
23669,25928,260
23670,25825,647
23671,7017,127646
23672,25949,180
23673,25965,120
23674,25520,1808
23675,20091,25118
23676,25990,28
23677,25914,312
23678,25984,52
23679,25025,3716
23680,25991,24
23681,21709,17570
23682,25997,0
23683,25946,192
23684,25337,2510
23685,25424,2174
23686,25963,128
23687,25971,100
23688,25652,1304
23689,25990,28
23690,5101,158734
23691,25981,60
23692,25990,28
23693,25649,1316
23694,25074,3524
23695,25943,204
23696,25990,28
23697,25242,2876
23698,16935,41776
23699,25951,176
23700,18114,35218
23701,23433,10124
23702,25959,144
23703,25957,152
23704,25964,124
23705,25940,216
23706,25983,56
23707,25103,3411
23708,25949,180
23709,25990,28
23710,25766,872
23711,25515,1824
23712,24960,3968
23713,25985,48
23714,25970,104
23715,25307,2624
23716,25913,316
23717,25785,798
23718,25956,156
23719,25948,184
23720,25929,256
23721,25965,120
23722,25965,120
23723,25958,148
23724,25945,196
23725,25981,62
23726,25949,180
23727,24129,7268
23728,25378,2352
23729,25910,328
23730,24920,4126
23731,25972,96
23732,24830,4478
23733,25952,172
23734,25032,3688
23735,25984,52
23736,25705,1102
23737,19592,27574
23738,25150,3230
23739,25565,1636
23740,25985,48
23741,24919,4128
23742,25981,60
23743,17129,40664
23744,25390,2304
23745,25990,28
23746,25968,112
23747,25977,76
23748,25977,76
23749,25934,240
23750,25444,2096
23751,25086,3478
23752,25983,56
23753,25867,492
23754,25968,110
23755,25892,396
23756,22498,14092
23757,25944,200
23758,23210,11056
23759,25145,3248
23760,23939,8042
23761,20007,25528
23762,25911,324
23763,25144,3252
23764,25945,196
23765,25947,188
23766,24682,5062
23767,25997,0
23768,25425,2172
23769,6410,136476
23770,20711,22156
23771,25908,336
23772,25965,120
23773,25753,922
23774,25581,1574
23775,25985,48
23776,25902,360
23777,25914,312
23778,23993,7820
23779,22257,15142
23780,25957,153
23781,24749,4796
23782,25121,3342
23783,25162,3184
23784,25967,116
23785,25908,336
23786,25959,144
23787,25377,2354
23788,25944,200
23789,25919,296
23790,25893,392
23791,25991,24
23792,25941,212
23793,25984,52
23794,25929,256
23795,25985,48
23796,25088,3470
23797,25962,132
23798,25009,3778
23799,25947,188
23800,25956,156
23801,25921,288
23802,25279,2732
23803,25971,100
23804,25868,488
23805,25699,1124
23806,24634,5252
23807,25899,368
23808,25942,208
23809,25571,1612
23810,25573,1606
23811,25644,1334
23812,25952,172
23813,25988,36
23814,25968,112
23815,25910,328
23816,25997,0
23817,25797,754
23818,25914,312
23819,24717,4924
23820,25968,112
23821,25912,320
23822,25984,52
23823,25958,148
23824,25970,104
23825,25961,136
23826,25422,2180
23827,23620,9348
23828,25963,128
23829,25933,242
23830,25525,1786
23831,24816,4532
23832,23436,10110
23833,25997,0
23834,25957,152
23835,25952,172
23836,25972,96
23837,24641,5222
23838,25959,144
23839,25948,186
23840,25859,520
23841,15540,50156
23842,25997,0
23843,25964,124
23844,25828,638
23845,25243,2870
23846,20597,22696
23847,25984,52
23848,25892,396
23849,25991,24
23850,24062,7542
23851,25881,436
23852,25964,124
23853,25888,412
23854,25172,3144
23855,25898,372
23856,24798,4604
23857,13205,66024
23858,12845,68720
23859,25997,0
23860,25969,108
23861,14100,59632
23862,25356,2434
23863,25148,3239
23864,25991,24
23865,25875,460
23866,25971,100
23867,25941,212
23868,25904,352
23869,25371,2376
23870,25948,184
23871,25917,302
23872,25753,920
23873,25953,168
23874,24139,7228
23875,25730,1006
23876,24149,7188
23877,25930,252
23878,20134,24914
23879,25860,516
23880,25969,108
23881,25074,3526
23882,25934,240
23883,24383,6250
23884,23653,9212
23885,25915,308
23886,25942,208
23887,25773,844
23888,23088,11568
23889,25814,692
23890,24888,4250
23891,25978,72
23892,25951,176
23893,25956,156
23894,25980,64
23895,23854,8388
23896,25972,96
23897,25896,380
23898,25716,1062
23899,25809,710
23900,25450,2076
23901,24222,6896
23902,19954,25788
23903,21773,17286
23904,25945,196
23905,25942,208
23906,25972,96
23907,25896,382
23908,25445,2092
23909,25820,668
23910,25858,526
23911,25764,878
23912,25906,344
23913,25893,392
23914,25977,76
23915,25981,60
23916,25881,436
23917,25652,1302
23918,25945,196
23919,25970,104
23920,25191,3072
23921,25884,428
23922,24837,4450
23923,25346,2472
23924,25945,196
23925,25975,84
23926,25965,120
23927,25977,76
23928,25948,184
23929,25929,256
23930,22486,14142
23931,25672,1228
23932,25934,240
23933,25991,24
23934,25965,120
23935,25990,28
23936,25988,36
23937,21242,19690
23938,25968,112
23939,25916,304
23940,25921,288
23941,25841,588
23942,24683,5058
23943,25947,188
23944,25906,344
23945,24868,4328
23946,25246,2860
23947,25932,244
23948,25948,184
23949,25932,244
23950,25921,288
23951,25975,86
23952,25997,0
23953,25959,144
23954,25977,76
23955,25977,76
23956,25984,52
23957,25920,292
23958,25969,108
23959,25294,2672
23960,25985,48
23961,25805,724
23962,25672,1228
23963,25984,52
23964,25932,244
23965,25983,56
23966,25880,442
23967,25984,52
23968,25984,52
23969,24589,5428
23970,25657,1284
23971,25991,24
23972,25977,76
23973,25390,2304
23974,22454,14284
23975,25974,88
23976,25997,0
23977,15140,52696
23978,25978,72
23979,20442,23432
23980,15520,50282
23981,25884,426
23982,24867,4332
23983,25199,3042
23984,25962,132
23985,25978,72
23986,25913,316
23987,25918,300
23988,25990,28
23989,25984,52
23990,25916,304
23991,25970,104
23992,25980,64
23993,25842,584
23994,25975,86
23995,25919,296
23996,25898,372
23997,25941,210
23998,25977,76
23999,25958,148
24000,24755,4772
24001,25985,48
24002,24722,4902
24003,25985,48
24004,25978,72
24005,25962,132
24006,25984,52
24007,25952,172
24008,23301,10672
24009,25909,334
24010,25931,248
24011,25953,168
24012,25978,72
24013,25984,52
24014,24427,6072
24015,25609,1468
24016,25931,248
24017,25925,272
24018,25852,548
24019,25965,120
24020,24259,6746
24021,25729,1010
24022,25954,164
24023,25230,2920
24024,25997,0
24025,25978,72
24026,25331,2532
24027,25353,2448
24028,25984,52
24029,25977,76
24030,25991,24
24031,24777,4688
24032,25110,3386
24033,25925,272
24034,25952,172
24035,25934,240
24036,25627,1398
24037,22692,13256
24038,25765,876
24039,25804,728
24040,25858,524
24041,25948,184
24042,25913,318
24043,25901,364
24044,25881,436
24045,20931,21128
24046,25905,348
24047,25508,1852
24048,25958,148
24049,25943,204
24050,25706,1100
24051,24952,4002
24052,19363,28720
24053,25985,48
24054,262,448224
24055,22680,13306
24056,25955,160
24057,25841,590
24058,25888,410
24059,15969,47500
24060,25953,168
24061,25438,2122
24062,25188,3084
24063,25777,830
24064,25639,1352
24065,23974,7896
24066,25980,64
24067,25172,3144
24068,25913,316
24069,25877,452
24070,25907,340
24071,15212,52236
24072,25867,492
24073,25918,297
24074,25934,240
24075,25892,396
24076,25997,0
24077,25978,72
24078,21263,19596
24079,25991,24
24080,23502,9836
24081,25033,3686
24082,25956,156
24083,25641,1344
24084,25849,560
24085,25978,72
24086,25991,24
24087,25985,48
24088,25943,205
24089,25965,120
24090,25990,28
24091,25477,1972
24092,25969,108
24093,25770,858
24094,25592,1532
24095,21175,19998
24096,24455,5962
24097,25906,344
24098,25643,1338
24099,25944,200
24100,25930,252
24101,25018,3742
24102,25377,2354
24103,25726,1024
24104,25882,432
24105,22620,13564
24106,25778,828
24107,25975,84
24108,25652,1302
24109,25938,222
24110,25985,48
24111,25971,100
24112,25892,396
24113,25814,692
24114,22653,13424
24115,25964,124
24116,7205,125072
24117,19163,29732
24118,24982,3884
24119,25991,24
24120,25459,2040
24121,25588,1548
24122,25720,1046
24123,25972,96
24124,1978,251068
24125,25990,28
24126,25076,3518
24127,25961,136
24128,25946,192
24129,25997,0
24130,25975,84
24131,25359,2422
24132,25839,596
24133,25865,498
24134,25193,3064
24135,25205,3018
24136,25524,1792
24137,24238,6832
24138,25941,210
24139,25343,2484
24140,25972,96
24141,25991,24
24142,25976,80
24143,25965,120
24144,25957,152
24145,23293,10706
24146,25963,128
24147,25717,1058
24148,24883,4272
24149,25936,232
24150,24075,7486
24151,25824,652
24152,25634,1372
24153,19322,28924
24154,25972,96
24155,25991,24
24156,25968,110
24157,25734,992
24158,25970,104
24159,25983,56
24160,25392,2298
24161,23946,8012
24162,20545,22942
24163,25946,192
24164,16717,43042
24165,25958,148
24166,25722,1040
24167,25942,208
24168,24298,6588
24169,25964,124
24170,25985,48
24171,24845,4420
24172,22472,14204
24173,25885,424
24174,25978,72
24175,25962,132
24176,25965,120
24177,25997,0
24178,25975,84
24179,25907,338
24180,25972,96
24181,25906,344
24182,25934,240
24183,22300,14954
24184,25905,348
24185,23789,8652
24186,25928,260
24187,22550,13866
24188,25972,96
24189,22205,15370
24190,25990,28
24191,25956,156
24192,25962,134
24193,25332,2528
24194,24079,7472
24195,25178,3120
24196,25461,2032
24197,25991,24
24198,25977,78
24199,25743,960
24200,23332,10542
24201,25876,456
24202,25814,692
24203,25980,64
24204,24948,4016
24205,25769,860
24206,25997,0
24207,23699,9024
24208,25435,2132
24209,24898,4212
24210,25984,52
24211,25948,184
24212,25957,152
24213,25817,680
24214,25960,140
24215,24511,5738
24216,25953,166
24217,25972,96
24218,25971,98
24219,25163,3178
24220,25971,100
24221,25932,244
24222,25142,3262
24223,11297,81234
24224,25820,668
24225,25990,28
24226,25007,3786
24227,24345,6400
24228,25453,2064
24229,25963,128
24230,25861,512
24231,25965,120
24232,25882,434
24233,25991,24
24234,25942,208
24235,22710,13178
24236,24475,5882
24237,25922,284
24238,25045,3636
24239,25892,398
24240,25955,160
24241,25972,96
24242,23836,8460
24243,25395,2284
24244,25942,208
24245,25518,1816
24246,25983,56
24247,24536,5640
24248,25981,60
24249,24652,5178
24250,25911,324
24251,25332,2528
24252,25907,340
24253,25957,152
24254,25891,400
24255,25984,52
24256,25934,240
24257,25997,0
24258,25915,308
24259,25990,28
24260,25988,36
24261,25490,1920
24262,25881,436
24263,25333,2524
24264,25265,2784
24265,25827,640
24266,25959,144
24267,25968,110
24268,21960,16452
24269,25985,48
24270,24275,6680
24271,25088,3470
24272,25948,184
24273,25430,2152
24274,18492,33204
24275,25957,152
24276,23530,9720
24277,13026,67354
24278,25957,152
24279,25991,24
24280,25042,3648
24281,24222,6894
24282,22829,12668
24283,25977,76
24284,25973,92
24285,24794,4620
24286,25969,108
24287,24943,4034
24288,24038,7636
24289,25962,134
24290,25981,60
24291,25769,862
24292,25173,3140
24293,25952,172
24294,25953,168
24295,25983,56
24296,25969,108
24297,25930,254
24298,25595,1520
24299,20849,21512
24300,25906,344
24301,25964,124
24302,25883,430
24303,25465,2016
24304,25991,24
24305,25302,2644
24306,24064,7532
24307,25977,76
24308,24533,5652
24309,25951,176
24310,25187,3086
24311,24431,6056
24312,25944,200
24313,25716,1060
24314,25997,0
24315,19109,30006
24316,16360,45142
24317,25060,3580
24318,25080,3500
24319,25929,256
24320,15526,50244
24321,25956,156
24322,25948,184
24323,25904,352
24324,25974,88
24325,24277,6672
24326,25929,256
24327,24383,6250
24328,25990,28
24329,25969,108
24330,25844,576
24331,25953,168
24332,25923,280
24333,25984,52
24334,25291,2684
24335,25964,124
24336,25984,52
24337,18159,34976
24338,25985,48
24339,25985,48
24340,25970,104
24341,24201,6978
24342,25985,48
24343,23748,8820
24344,25984,52
24345,25955,160
24346,25879,444
24347,25972,96
24348,8829,105264
24349,25654,1296
24350,25282,2718
24351,25891,400
24352,25991,24
24353,25891,400
24354,25972,96
24355,25893,392
24356,25054,3604
24357,25927,264
24358,25837,604
24359,24178,7072
24360,25984,52
24361,23139,11354
24362,25968,112
24363,25991,24
24364,25826,646
24365,25975,84
24366,25862,508
24367,25646,1328
24368,25965,120
24369,25861,512
24370,25983,56
24371,25894,390
24372,19604,27510
24373,25985,48
24374,25932,244
24375,25253,2832
24376,25964,124
24377,25961,136
24378,25909,332
24379,25412,2220
24380,25895,385
24381,25946,192
24382,25937,228
24383,25964,124
24384,25984,52
24385,24518,5712
24386,25947,188
24387,25851,552
24388,25939,220
24389,25964,124
24390,20317,24032
24391,25443,2100
24392,25445,2094
24393,25249,2846
24394,25451,2072
24395,25851,550
24396,25788,788
24397,25590,1538
24398,25936,232
24399,25963,128
24400,25920,292
24401,25997,0
24402,25991,24
24403,19483,28116
24404,25815,688
24405,25942,208
24406,22764,12944
24407,20777,21848
24408,25991,24
24409,24971,3926
24410,25942,208
24411,25727,1018
24412,25120,3346
24413,25958,148
24414,25991,24
24415,18166,34936
24416,25824,652
24417,25287,2700
24418,25977,76
24419,24691,5024
24420,25958,148
24421,21971,16400
24422,25132,3300
24423,24882,4274
24424,24355,6362
24425,25997,0
24426,25976,80
24427,25964,124
24428,25882,432
24429,24229,6868
24430,25962,132
24431,25954,164
24432,25950,178
24433,25827,642
24434,25985,48
24435,25932,244
24436,25951,176
24437,25964,124
24438,15354,51332
24439,21800,17164
24440,24487,5834
24441,25804,728
24442,24605,5366
24443,25957,152
24444,24295,6602
24445,25997,0
24446,8695,106756
24447,25978,72
24448,25971,100
24449,25288,2696
24450,23716,8952
24451,25753,922
24452,25970,104
24453,25984,52
24454,25884,428
24455,25855,536
24456,25980,64
24457,25990,28
24458,25679,1200
24459,25692,1152
24460,24669,5112
24461,25964,124
24462,25816,684
24463,25958,148
24464,24282,6652
24465,25971,98
24466,20942,21076
24467,24847,4412
24468,25937,228
24469,25981,60
24470,25944,200
24471,25345,2476
24472,25924,276
24473,25991,24
24474,25578,1586
24475,25961,136
24476,25980,64
24477,25139,3272
24478,25023,3724
24479,25980,64
24480,25985,48
24481,25965,120
24482,25899,368
24483,25107,3396
24484,25817,680
24485,25374,2364
24486,25176,3128
24487,25976,80
24488,25939,220
24489,25442,2106
24490,24247,6796
24491,25960,140
24492,25813,694
24493,25951,176
24494,25962,132
24495,25977,76
24496,25869,484
24497,25897,376
24498,153,500472
24499,25939,220
24500,25940,216
24501,25838,600
24502,25964,124
24503,25976,80
24504,25978,72
24505,25343,2484
24506,25974,88
24507,25990,28
24508,25701,1118
24509,15280,51798
24510,25936,232
24511,24350,6380
24512,25977,76
24513,25401,2262
24514,15593,49822
24515,25984,52
24516,25967,116
24517,25469,2000
24518,25991,24
24519,25991,24
24520,25098,3430
24521,25968,110
24522,25985,48
24523,25981,60
24524,25945,196
24525,25047,3632
24526,25964,124
24527,24140,7224
24528,20323,24002
24529,25977,76
24530,24916,4140
24531,25468,2006
24532,25935,236
24533,25773,844
24534,25959,144
24535,25903,354
24536,25233,2910
24537,25942,208
24538,25943,204
24539,25913,316
24540,25964,124
24541,24085,7446
24542,24551,5580
24543,25919,296
24544,25861,512
24545,25963,128
24546,25878,448
24547,25274,2752
24548,25963,128
24549,22764,12946
24550,25969,108
24551,25927,264
24552,19920,25952
24553,25937,228
24554,25988,36
24555,25910,328
24556,25097,3436
24557,25726,1024
24558,25132,3300
24559,25378,2350
24560,25972,96
24561,25981,62
24562,18245,34514
24563,25988,36
24564,25983,56
24565,25785,800
24566,25247,2856
24567,21222,19780
24568,25973,92
24569,25318,2582
24570,25867,492
24571,25763,884
24572,25990,28
24573,25973,92
24574,25981,60
24575,25981,60
24576,25970,104
24577,25967,116
24578,25977,76
24579,25997,0
24580,25343,2484
24581,25978,72
24582,25980,64
24583,13449,64242
24584,25944,200
24585,6984,128114
24586,25940,216
24587,25667,1248
24588,25972,96
24589,24616,5322
24590,25977,76
24591,25593,1528
24592,25888,410
24593,25990,28
24594,25944,200
24595,25951,176
24596,24755,4774
24597,25577,1590
24598,25201,3032
24599,25948,184
24600,25366,2396
24601,25395,2286
24602,25927,264
24603,25939,220
24604,25817,680
24605,25972,96
24606,25991,24
24607,25920,292
24608,25856,532
24609,25891,400
24610,25561,1652
24611,23141,11344
24612,25991,24
24613,25936,232
24614,25954,162
24615,25873,468
24616,25952,172
24617,25991,24
24618,25939,220
24619,25958,148
24620,25931,248
24621,25984,52
24622,25985,48
24623,24868,4330
24624,25617,1436
24625,23817,8540
24626,25977,76
24627,25288,2696
24628,25345,2478
24629,25916,304
24630,25973,90
24631,22228,15266
24632,25853,542
24633,25936,232
24634,25938,224
24635,25361,2414
24636,25014,3758
24637,25705,1102
24638,14411,57510
24639,24765,4734
24640,25997,0
24641,25338,2504
24642,25997,0
24643,25957,152
24644,24131,7262
24645,25005,3794
24646,25597,1512
24647,25934,240
24648,25479,1964
24649,25901,362
24650,25985,48
24651,25887,416
24652,25927,264
24653,25952,172
24654,25969,108
24655,25963,128
24656,25997,0
24657,25962,132
24658,25963,128
24659,25980,64
24660,25419,2192
24661,25963,128
24662,25935,236
24663,25915,308
24664,25997,0
24665,25896,380
24666,20009,25520
24667,25690,1160
24668,25876,456
24669,25975,84
24670,25972,96
24671,25977,76
24672,23511,9798
24673,25838,600
24674,25185,3096
24675,25997,0
24676,24991,3848
24677,25004,3798
24678,25679,1200
24679,25985,48
24680,25921,288
24681,25958,148
24682,25935,236
24683,15451,50714
24684,23140,11350
24685,25931,248
24686,4448,172082
24687,25962,132
24688,25984,52
24689,25941,210
24690,11961,75672
24691,25990,28
24692,25940,216
24693,25990,28
24694,25575,1598
24695,25794,764
24696,25949,180
24697,25455,2056
24698,23364,10410
24699,25962,132
24700,25858,526
24701,25953,168
24702,25861,514
24703,24651,5184
24704,25281,2722
24705,25370,2382
24706,25599,1504
24707,25811,700
24708,25991,24
24709,25921,288
24710,25970,104
24711,25370,2382
24712,18106,35262
24713,25984,52
24714,25018,3744
24715,25892,396
24716,25974,88
24717,25953,166
24718,25968,110
24719,25951,176
24720,25804,728
24721,25990,28
24722,25959,144
24723,6887,129472
24724,25997,0
24725,25990,28
24726,25952,172
24727,25940,216
24728,25948,184
24729,25978,72
24730,25272,2760
24731,25949,182
24732,25963,128
24733,25977,76
24734,25973,90
24735,25067,3552
24736,13132,66568
24737,25573,1606
24738,24614,5328
24739,19662,27224
24740,24434,6044
24741,25963,128
24742,25934,240
24743,25974,88
24744,25944,200
24745,25841,590
24746,25806,720
24747,25905,348
24748,25964,124
24749,25975,86
24750,21662,17782
24751,20565,22848
24752,25899,368
24753,25932,244
24754,24965,3948
24755,25959,144
24756,25969,108
24757,25835,612
24758,25928,260
24759,25961,136
24760,25913,318
24761,25885,424
24762,25985,48
24763,25977,76
24764,25901,364
24765,25099,3428
24766,25911,326
24767,15169,52510
24768,25990,28
24769,24989,3856
24770,25964,124
24771,25611,1460
24772,21129,20212
24773,25574,1600
24774,25970,104
24775,25997,0
24776,25916,306
24777,25930,252
24778,25984,52
24779,25931,248
24780,23877,8292
24781,25843,582
24782,25965,120
24783,25431,2148
24784,25534,1752
24785,25955,160
24786,23850,8402
24787,25783,808
24788,25490,1920
24789,25921,288
24790,23279,10766
24791,23627,9318
24792,25972,96
24793,23763,8758
24794,25914,312
24795,24090,7426
24796,25827,642
24797,25925,272
24798,25949,180
24799,25899,368
24800,25919,296
24801,19999,25568
24802,25522,1800
24803,25565,1636
24804,25963,130
24805,18979,30668
24806,25990,28
24807,25990,28
24808,25991,24
24809,25803,732
24810,25905,348
24811,25960,140
24812,25915,308
24813,25977,76
24814,19085,30128
24815,25893,392
24816,22055,16028
24817,25937,228
24818,25358,2428
24819,25921,288
24820,25416,2204
24821,25997,0
24822,25371,2378
24823,14919,54128
24824,25583,1568
24825,25823,656
24826,25975,84
24827,25936,232
24828,25713,1072
24829,25962,132
24830,25963,128
24831,25983,56
24832,25964,124
24833,25941,212
24834,25906,344
24835,25876,456
24836,25817,678
24837,25991,24
24838,25991,24
24839,25878,448
24840,25972,94
24841,25909,332
24842,25502,1874
24843,25924,276
24844,11554,79044
24845,25923,280
24846,25958,148
24847,25952,172
24848,25972,96
24849,25958,148
24850,25964,124
24851,24858,4370
24852,25881,438
24853,25965,120
24854,25614,1448
24855,25852,546
24856,25990,28
24857,25977,76
24858,25807,716
24859,23383,10330
24860,25392,2296
24861,24715,4930
24862,25928,260
24863,24244,6806
24864,25984,52
24865,25953,166
24866,25939,220
24867,25971,100
24868,25928,260
24869,25936,232
24870,25907,340
24871,25963,128
24872,15435,50816
24873,24517,5716
24874,25973,92
24875,25854,540
24876,25938,224
24877,25934,240
24878,25978,72
24879,25907,338
24880,25657,1284
24881,22874,12476
24882,23166,11238
24883,25435,2132
24884,25964,124
24885,25921,288
24886,25285,2708
24887,25949,180
24888,25988,36
24889,24943,4036
24890,25990,28
24891,25512,1836
24892,25951,174
24893,25975,84
24894,25983,56
24895,25972,96
24896,25051,3614
24897,25955,160
24898,25775,836
24899,25925,272
24900,25991,24
24901,25696,1136
24902,25754,916
24903,25954,162
24904,25037,3668
24905,25718,1052
24906,25937,228
24907,25985,48
24908,25949,180
24909,25877,452
24910,19837,26360
24911,25127,3320
24912,25973,92
24913,21411,18916
24914,25225,2940
24915,25997,0
24916,25770,858
24917,25462,2028
24918,25923,280
24919,25382,2334
24920,25985,48
24921,23748,8822
24922,25889,408
24923,23230,10970
24924,25949,180
24925,25978,72
24926,25951,176
24927,25926,268
24928,25991,24
24929,25985,48
24930,25972,96
24931,25886,418
24932,25879,444
24933,25978,72
24934,25990,28
24935,25325,2556
24936,24974,3916
24937,19472,28170
24938,25975,84
24939,25976,80
24940,25865,496
24941,25923,280
24942,25990,28
24943,25884,428
24944,25250,2844
24945,25295,2670
24946,24674,5094
24947,25972,96
24948,25745,952
24949,25957,152
24950,25541,1726
24951,25954,164
24952,25934,240
24953,25944,200
24954,25958,148
24955,25941,212
24956,24923,4114
24957,25944,200
24958,25941,212
24959,25318,2580
24960,25892,396
24961,25949,180
24962,25086,3480
24963,24552,5576
24964,25699,1124
24965,25889,407
24966,25955,160
24967,25971,100
24968,25976,80
24969,25868,488
24970,25453,2064
24971,25164,3176
24972,25955,158
24973,25972,96
24974,25953,168
24975,25956,156
24976,25970,104
24977,25938,224
24978,136,511682
24979,23494,9870
24980,25978,72
24981,25484,1944
24982,25977,76
24983,25736,984
24984,25540,1730
24985,25805,724
24986,22744,13030
24987,25904,352
24988,25965,120
24989,25606,1480
24990,25974,88
24991,25984,52
24992,25161,3188
24993,25907,338
24994,25962,134
24995,25694,1144
24996,25951,176
24997,25930,252
24998,25943,204
24999,25929,256
25000,24577,5476
25001,25740,970
25002,25120,3348
25003,25896,382
25004,25945,196
25005,25263,2794
25006,15113,52870
25007,25382,2334
25008,25971,100
25009,25970,104
25010,25908,336
25011,25962,132
25012,24940,4046
25013,25964,124
25014,25903,354
25015,25957,152
25016,25923,280
25017,25918,300
25018,25969,108
25019,24990,3852
25020,20875,21390
25021,25924,276
25022,25997,0
25023,24291,6616
25024,25257,2816
25025,25682,1188
25026,25916,305
25027,25584,1564
25028,23603,9418
25029,25916,306
25030,25893,392
25031,25942,208
25032,25975,84
25033,16733,42948
25034,25948,184
25035,25927,266
25036,24699,4992
25037,25972,96
25038,25997,0
25039,25442,2106
25040,25300,2650
25041,24052,7580
25042,25887,416
25043,25667,1246
25044,25991,24
25045,25930,252
25046,25957,152
25047,25430,2150
25048,25944,200
25049,25672,1228
25050,25976,80
25051,25313,2600
25052,25356,2436
25053,23792,8640
25054,24349,6386
25055,25430,2152
25056,25975,84
25057,25700,1122
25058,25741,966
25059,25975,84
25060,25315,2592
25061,25841,588
25062,25975,84
25063,25940,216
25064,25907,340
25065,25969,108
25066,25975,84
25067,25901,364
25068,17137,40620
25069,25972,96
25070,25997,0
25071,25152,3222
25072,25949,180
25073,25936,230
25074,23494,9870
25075,25303,2640
25076,25939,220
25077,25953,168
25078,25959,144
25079,25939,220
25080,24858,4368
25081,25991,24
25082,25952,172
25083,25948,184
25084,25630,1388
25085,24216,6918
25086,25722,1038
25087,25094,3446
25088,25372,2374
25089,24821,4512
25090,25943,204
25091,20005,25540
25092,25978,72
25093,15252,51978
25094,25668,1244
25095,25667,1248
25096,25308,2618
25097,25855,536
25098,25379,2348
25099,25962,132
25100,25978,72
25101,25975,84
25102,22541,13904
25103,25961,136
25104,25985,48
25105,25962,132
25106,25959,144
25107,25850,556
25108,25965,120
25109,25930,254
25110,25079,3504
25111,16230,45920
25112,25984,52
25113,24040,7628
25114,25285,2708
25115,25980,64
25116,25215,2980
25117,21377,19074
25118,25983,56
25119,25988,36
25120,23387,10314
25121,25991,24
25122,25627,1400
25123,25959,144
25124,25457,2048
25125,25374,2364
25126,23126,11408
25127,24927,4100
25128,25461,2034
25129,25978,72
25130,25916,306
25131,25965,120
25132,25898,372
25133,25553,1680
25134,24945,4028
25135,25997,0
25136,25660,1272
25137,25984,52
25138,25937,228
25139,21722,17514
25140,25882,432
25141,25916,304
25142,25977,76
25143,25314,2596
25144,25144,3254
25145,25456,2052
25146,25988,36
25147,25911,324
25148,25975,84
25149,25493,1908
25150,25675,1216
25151,25959,144
25152,24524,5688
25153,23882,8274
25154,25828,636
25155,25572,1608
25156,25715,1064
25157,25905,346
25158,25873,468
25159,22981,12022
25160,24364,6326
25161,25902,360
25162,25977,76
25163,13885,61130
25164,25962,132
25165,25997,0
25166,6310,138004
25167,25959,144
25168,25906,344
25169,25947,188
25170,25965,120
25171,25484,1946
25172,25997,0
25173,25988,36
25174,25908,336
25175,25878,448
25176,25997,0
25177,25954,164
25178,25964,124
25179,25985,48
25180,25981,60
25181,23629,9312
25182,25985,48
25183,25969,108
25184,20095,25100
25185,25955,160
25186,25978,72
25187,25959,144
25188,25988,36
25189,25947,188
25190,25949,180
25191,25941,212
25192,25287,2700
25193,25972,96
25194,25946,192
25195,25924,274
25196,25519,1812
25197,24002,7782
25198,25988,36
25199,25307,2624
25200,25952,172
25201,25972,96
25202,25945,196
25203,25940,214
25204,25948,184
25205,25959,144
25206,25953,168
25207,25907,340
25208,25179,3118
25209,25942,208
25210,24548,5590
25211,24653,5174
25212,25632,1378
25213,25955,160
25214,25946,192
25215,25591,1534
25216,25985,48
25217,25936,232
25218,25937,228
25219,25971,100
25220,25939,220
25221,25867,490
25222,25949,182
25223,25945,196
25224,25981,60
25225,24127,7276
25226,25694,1146
25227,25972,96
25228,25948,184
25229,25895,384
25230,25870,478
25231,25976,80
25232,25947,188
25233,24097,7398
25234,25972,96
25235,25997,0
25236,25975,84
25237,25839,596
25238,24703,4978
25239,25853,544
25240,24861,4356
25241,25914,312
25242,23313,10624
25243,25938,224
25244,25957,152
25245,19861,26244
25246,25872,472
25247,25919,296
25248,25844,576
25249,25246,2860
25250,25850,554
25251,25498,1890
25252,25964,124
25253,25576,1592
25254,25971,100
25255,24573,5494
25256,25337,2508
25257,25911,326
25258,25956,156
25259,25957,152
25260,22831,12660
25261,25028,3706
25262,25971,100
25263,25959,144
25264,25951,176
25265,25955,160
25266,25958,148
25267,25984,52
25268,25818,676
25269,25997,0
25270,25080,3502
25271,25977,76
25272,25940,216
25273,25947,190
25274,25968,112
25275,25871,476
25276,25962,132
25277,25503,1872
25278,25978,72
25279,22092,15866
25280,25967,116
25281,25990,28
25282,25724,1032
25283,25695,1140
25284,25756,908
25285,25947,188
25286,15366,51254
25287,25922,282
25288,25837,604
25289,25990,28
25290,25546,1708
25291,25395,2286
25292,25978,72
25293,20710,22164
25294,25997,0
25295,25942,208
25296,25929,256
25297,8325,110988
25298,15156,52592
25299,25936,232
25300,25991,24
25301,22614,13588
25302,25614,1448
25303,19504,28012
25304,25411,2224
25305,25975,84
25306,25758,900
25307,25913,316
25308,25972,96
25309,25304,2636
25310,25997,0
25311,25984,52
25312,24162,7136
25313,25997,0
25314,13,652486
25315,25791,778
25316,25947,188
25317,25970,104
25318,25985,48
25319,25396,2280
25320,25253,2830
25321,25997,0
25322,25913,316
25323,24601,5382
25324,25687,1170
25325,25965,120
25326,25929,256
25327,24476,5876
25328,23321,10590
25329,24026,7686
25330,24530,5662
25331,25985,48
25332,25971,100
25333,8880,104696
25334,25620,1426
25335,25954,162
25336,24385,6242
25337,25747,942
25338,17111,40766
25339,25971,100
25340,19689,27088
25341,25919,296
25342,25965,122
25343,25960,142
25344,25069,3544
25345,25983,56
25346,25088,3470
25347,25852,548
25348,25997,0
25349,25980,64
25350,25981,60
25351,25991,24
25352,25056,3596
25353,25974,88
25354,25925,272
25355,25964,124
25356,23122,11426
25357,25985,48
25358,18661,32316
25359,25877,452
25360,25024,3720
25361,21073,20470
25362,25919,296
25363,25952,172
25364,25097,3436
25365,25942,208
25366,25981,62
25367,25978,72
25368,25984,52
25369,25990,28
25370,25972,96
25371,25940,216
25372,25991,24
25373,25205,3018
25374,24810,4558
25375,25972,96
25376,24492,5814
25377,25978,72
25378,25945,196
25379,25744,956
25380,25205,3016
25381,25905,348
25382,25956,156
25383,25952,172
25384,24781,4670
25385,25911,324
25386,25755,912
25387,25991,24
25388,25988,36
25389,25949,182
25390,24908,4172
25391,25968,112
25392,25970,104
25393,25940,216
25394,25157,3202
25395,25939,220
25396,25997,0
25397,25985,48
25398,24522,5696
25399,25930,252
25400,25890,404
25401,25961,136
25402,25000,3812
25403,25929,256
25404,25984,52
25405,25975,84
25406,25701,1118
25407,25984,52
25408,25997,0
25409,25904,352
25410,25345,2477
25411,25975,84
25412,25397,2276
25413,25932,244
25414,25918,300
25415,25605,1482
25416,24972,3924
25417,25929,256
25418,25991,24
25419,25972,96
25420,25953,168
25421,25963,128
25422,25964,124
25423,25956,156
25424,23115,11454
25425,25879,446
25426,25921,288
25427,25980,64
25428,16269,45688
25429,25355,2440
25430,25930,252
25431,25973,92
25432,25959,144
25433,22223,15292
25434,23711,8974
25435,25965,120
25436,25923,278
25437,25924,276
25438,24234,6848
25439,25908,336
25440,24411,6138
25441,25984,52
25442,25980,64
25443,20080,25174
25444,25301,2646
25445,25279,2732
25446,25949,180
25447,19708,26994
25448,25277,2740
25449,25977,76
25450,25809,710
25451,24041,7624
25452,23400,10260
25453,25884,428
25454,25766,870
25455,25970,104
25456,25985,48
25457,25468,2006
25458,25219,2964
25459,25625,1408
25460,25991,24
25461,25948,184
25462,19000,30564
25463,25956,156
25464,25810,704
25465,25941,212
25466,25970,104
25467,24727,4882
25468,25948,186
25469,25983,56
25470,24986,3868
25471,25051,3616
25472,25925,272
25473,25348,2466
25474,25499,1888
25475,15028,53424
25476,24300,6580
25477,25970,104
25478,25268,2772
25479,25095,3444
25480,25219,2962
25481,24611,5342
25482,25958,148
25483,25958,148
25484,25972,96
25485,24871,4317
25486,24611,5340
25487,24378,6268
25488,24787,4646
25489,25973,90
25490,25983,56
25491,17327,39548
25492,25364,2406
25493,23797,8618
25494,25984,52
25495,25977,76
25496,25990,28
25497,25977,76
25498,25977,76
25499,25980,64
25500,25707,1094
25501,25997,0
25502,25981,60
25503,25691,1156
25504,22445,14320
25505,25901,364
25506,25929,256
25507,25947,188
25508,25914,312
25509,25983,56
25510,25943,204
25511,22885,12428
25512,24601,5380
25513,25997,0
25514,25295,2670
25515,25954,164
25516,25981,60
25517,25153,3218
25518,25997,0
25519,22618,13574
25520,25952,172
25521,25957,152
25522,25854,540
25523,23507,9816
25524,25711,1080
25525,25951,176
25526,25920,292
25527,25977,76
25528,25249,2846
25529,25963,128
25530,25832,622
25531,25853,544
25532,25909,332
25533,25971,100
25534,25844,576
25535,25806,722
25536,25874,464
25537,25997,0
25538,25983,56
25539,25991,24
25540,25916,304
25541,25969,108
25542,25858,524
25543,25688,1166
25544,25850,556
25545,25846,568
25546,25951,176
25547,25895,384
25548,25911,324
25549,24478,5870
25550,25736,984
25551,25884,425
25552,24277,6672
25553,25978,72
25554,25824,652
25555,25956,156
25556,25942,208
25557,25969,108
25558,18810,31544
25559,25916,304
25560,25505,1864
25561,25985,48
25562,25942,208
25563,19464,28212
25564,25985,48
25565,25961,136
25566,25922,284
25567,23540,9678
25568,25936,232
25569,25972,96
25570,25928,260
25571,25976,80
25572,25977,76
25573,18774,31728
25574,25959,144
25575,25956,156
25576,25332,2528
25577,25976,80
25578,24224,6886
25579,15762,48774
25580,25952,172
25581,25258,2812
25582,25913,316
25583,25961,138
25584,23198,11106
25585,25916,304
25586,25877,452
25587,25952,172
25588,25728,1014
25589,25553,1680
25590,25984,52
25591,21047,20588
25592,25943,204
25593,25983,56
25594,25949,180
25595,25985,48
25596,25844,576
25597,23872,8312
25598,24403,6168
25599,25720,1044
25600,25859,522
25601,25949,180
25602,25852,548
25603,25885,422
25604,25426,2168
25605,25948,184
25606,25985,48
25607,25926,268
25608,25760,896
25609,18534,32980
25610,25905,348
25611,20996,20828
25612,25984,52
25613,25826,646
25614,25981,60
25615,25891,400
25616,25964,126
25617,25442,2104
25618,25262,2796
25619,25932,244
25620,25450,2074
25621,25991,24
25622,25939,218
25623,25963,128
25624,24165,7124
25625,25889,408
25626,25902,360
25627,25956,156
25628,23632,9300
25629,25991,24
25630,25915,308
25631,23611,9386
25632,25876,456
25633,25634,1374
25634,25868,488
25635,25876,458
25636,25985,48
25637,25160,3192
25638,25940,216
25639,19830,26396
25640,25134,3292
25641,25593,1528
25642,25977,76
25643,25946,192
25644,24157,7156
25645,25991,24
25646,24951,4006
25647,25961,136
25648,25897,376
25649,24939,4052
25650,25925,272
25651,25968,112
25652,25967,116
25653,25932,244
25654,25689,1162
25655,25984,52
25656,25988,36
25657,20577,22792
25658,25946,192
25659,25921,286
25660,22113,15772
25661,25971,100
25662,22677,13320
25663,25947,188
25664,25985,48
25665,25997,0
25666,25927,264
25667,25901,364
25668,25107,3398
25669,25964,124
25670,25932,244
25671,1736,263802
25672,25960,140
25673,14545,56608
25674,25959,144
25675,25975,84
25676,25958,148
25677,25968,112
25678,25812,696
25679,25977,76
25680,25991,24
25681,25975,84
25682,25890,402
25683,25725,1028
25684,25628,1396
25685,25302,2644
25686,25935,236
25687,25716,1060
25688,24743,4822
25689,25237,2892
25690,25507,1856
25691,25187,3088
25692,25676,1214
25693,25771,852
25694,17522,38458
25695,24744,4816
25696,16843,42310
25697,25974,88
25698,25976,80
25699,25991,24
25700,25909,332
25701,25985,48
25702,25984,52
25703,25970,104
25704,25977,76
25705,25962,132
25706,25006,3790
25707,24095,7408
25708,25470,1996
25709,25907,340
25710,25965,120
25711,25985,48
25712,25911,326
25713,25946,194
25714,24932,4080
25715,25940,216
25716,25392,2298
25717,25991,24
25718,25567,1626
25719,25997,0
25720,24670,5108
25721,25970,104
25722,25957,152
25723,25927,264
25724,25706,1098
25725,25931,248
25726,25407,2240
25727,25985,48
25728,25005,3794
25729,25839,596
25730,25961,136
25731,25327,2546
25732,25850,556
25733,25938,224
25734,25938,224
25735,21027,20680
25736,25991,24
25737,25872,472
25738,25914,312
25739,6340,137546
25740,25975,84
25741,25972,96
25742,25906,344
25743,25318,2580
25744,24475,5880
25745,25964,124
25746,25867,492
25747,25855,536
25748,25795,762
25749,25971,100
25750,25981,62
25751,25962,132
25752,25997,0
25753,25978,72
25754,24880,4284
25755,25988,36
25756,25946,192
25757,24192,7014
25758,25765,876
25759,25981,60
25760,25991,24
25761,25172,3146
25762,25902,360
25763,25864,502
25764,24695,5008
25765,25988,36
25766,25990,28
25767,25939,220
25768,23938,8046
25769,25985,48
25770,25942,208
25771,25971,100
25772,23182,11174
25773,25970,104
25774,25662,1264
25775,24470,5902
25776,25997,0
25777,25985,48
25778,25534,1752
25779,25799,748
25780,25977,76
25781,25985,48
25782,25975,84
25783,25955,160
25784,25970,104
25785,25830,628
25786,20365,23800
25787,25004,3796
25788,25894,388
25789,24948,4016
25790,22798,12802
25791,25927,264
25792,25891,400
25793,25971,98
25794,25967,116
25795,25997,0
25796,25943,204
25797,25736,984
25798,25964,124
25799,25770,856
25800,25985,48
25801,25947,188
25802,25940,216
25803,25972,96
25804,25905,348
25805,25942,208
25806,9105,102264
25807,24312,6532
25808,25891,400
25809,25951,176
25810,25420,2190
25811,25991,24
25812,19719,26942
25813,25840,592
25814,25997,0
25815,24438,6030
25816,25991,24
25817,25916,304
25818,25752,924
25819,25972,96
25820,25971,100
25821,25647,1322
25822,15339,51424
25823,25974,88
25824,25991,24
25825,24594,5410
25826,25916,304
25827,25954,164
25828,25988,36
25829,25487,1934
25830,25985,48
25831,25956,156
25832,25954,164
25833,25945,196
25834,25843,580
25835,25861,512
25836,25972,96
25837,25976,80
25838,25243,2872
25839,25925,272
25840,15086,53044
25841,25991,24
25842,25976,80
25843,25978,72
25844,23908,8168
25845,25758,902
25846,9074,102590
25847,25443,2102
25848,25927,264
25849,25965,120
25850,23927,8088
25851,25976,80
25852,24242,6816
25853,23158,11272
25854,25451,2072
25855,25667,1248
25856,25965,120
25857,25974,88
25858,25952,172
25859,25947,188
25860,25923,278
25861,19868,26210
25862,25968,112
25863,25969,106
25864,25515,1824
25865,25965,120
25866,25946,192
25867,25991,24
25868,25978,72
25869,20835,21576
25870,24628,5276
25871,25955,160
25872,25845,574
25873,25956,156
25874,25742,962
25875,25946,192
25876,25962,132
25877,25952,172
25878,25964,124
25879,25964,124
25880,25876,458
25881,25965,120
25882,23948,8004
25883,25941,210
25884,25975,84
25885,24636,5244
25886,25175,3132
25887,14888,54330
25888,25889,406
25889,25946,192
25890,25927,266
25891,25934,240
25892,25954,164
25893,24688,5036
25894,23163,11250
25895,25317,2584
25896,25127,3320
25897,25957,152
25898,24451,5976
25899,9930,93806
25900,24958,3976
25901,25997,0
25902,25928,261
25903,25314,2596
25904,25952,172
25905,23002,11930
25906,23438,10100
25907,23935,8058
25908,25702,1114
25909,25899,368
25910,25893,392
25911,25501,1878
25912,25988,36
25913,25648,1320
25914,25440,2112
25915,25964,124
25916,25875,462
25917,25940,216
25918,25979,68
25919,25964,124
25920,25971,100
25921,25956,156
25922,22041,16092
25923,25991,24
25924,25984,52
25925,21550,18286
25926,25983,56
25927,25918,300
25928,25593,1528
25929,25358,2428
25930,25969,108
25931,25485,1942
25932,25451,2072
25933,19656,27252
25934,25687,1172
25935,25939,220
25936,25991,24
25937,25931,248
25938,25991,24
25939,25321,2568
25940,25949,180
25941,25914,312
25942,25844,576
25943,25782,812
25944,23221,11008
25945,25498,1892
25946,24614,5330
25947,24275,6680
25948,25964,124
25949,25991,24
25950,25975,84
25951,25918,300
25952,25177,3124
25953,25920,292
25954,25961,136
25955,25717,1056
25956,25997,0
25957,25851,550
25958,25956,156
25959,25932,244
25960,24857,4374
25961,25350,2460
25962,25936,230
25963,25959,144
25964,23912,8152
25965,24361,6336
25966,25928,260
25967,25824,652
25968,23244,10912
25969,25976,80
25970,25971,100
25971,25885,424
25972,25002,3804
25973,25908,336
25974,25978,72
25975,25657,1286
25976,25657,1286
25977,25977,76
25978,25930,252
25979,25911,326
25980,25178,3122
25981,25850,554
25982,25026,3712
25983,25970,104
25984,25580,1578
25985,25884,428
25986,25971,100
25987,25975,84
25988,25975,84
25989,24835,4460
25990,24543,5612
25991,25148,3236
25992,24610,5344
25993,25924,274
25994,23159,11268
25995,24510,5744
25996,25884,428
25997,25962,132
25998,25927,266
25999,25963,128
26000,18795,31620
26001,23594,9454
26002,17770,37088
26003,24365,6322
26004,25872,472
26005,25558,1662
26006,24937,4058
26007,25972,96
26008,25743,960
26009,25965,120
26010,25985,48
26011,22804,12774
26012,25991,24
26013,25964,124
26014,25379,2348
26015,25953,168
26016,25871,476
26017,19693,27070
26018,25692,1152
26019,25946,192
26020,25961,136
26021,25978,72
26022,25939,220
26023,25965,120
26024,25770,856
26025,24515,5724
26026,25940,216
26027,25861,514
26028,25054,3604
26029,20763,21914
26030,25961,136
26031,24755,4774
26032,25897,376
26033,14785,55012
26034,25957,152
26035,25396,2280
26036,25004,3798
26037,25970,104
26038,25911,324
26039,22659,13398
26040,25977,76
26041,23132,11384
26042,25975,84
26043,25938,224
26044,25884,428
26045,25971,100
26046,25955,160
26047,25947,188
26048,18412,33624
26049,25904,352
26050,25935,236
26051,25522,1798
26052,25884,428
26053,25940,216
26054,25922,284
26055,22297,14964
26056,24606,5360
26057,25944,200
26058,25985,48
26059,25988,36
26060,25991,24
26061,23421,10174
26062,25957,152
26063,25927,264
26064,25935,236
26065,25988,36
26066,24990,3852
26067,25956,156
26068,25977,76
26069,25962,132
26070,25991,24
26071,25984,52
26072,25762,886
26073,25977,76
26074,25997,0
26075,25984,52
26076,25946,192
26077,25991,24
26078,18570,32796
26079,25095,3442
26080,25946,192
26081,25944,202
26082,25899,368
26083,25947,190
26084,24883,4272
26085,23772,8724
26086,25926,268
26087,25597,1512
26088,25985,48
26089,25396,2282
26090,25911,326
26091,25920,292
26092,25477,1972
26093,25694,1144
26094,25461,2032
26095,25773,844
26096,25682,1190
26097,25958,148
26098,7019,127622
26099,25619,1428
26100,25904,352
26101,25916,304
26102,25353,2448
26103,23803,8596
26104,24913,4154
26105,25972,96
26106,25983,56
26107,24321,6496
26108,23419,10180
26109,25978,72
26110,25871,474
26111,25956,156
26112,24844,4424
26113,25954,164
26114,25259,2810
26115,25977,76
26116,25944,200
26117,25897,376
26118,25884,428
26119,25942,208
26120,25951,176
26121,24419,6104
26122,25904,352
26123,25935,234
26124,25570,1616
26125,25985,48
26126,25907,338
26127,25974,88
26128,25919,294
26129,24529,5668
26130,25940,216
26131,25411,2222
26132,25781,814
26133,22557,13838
26134,25827,640
26135,25649,1316
26136,25980,64
26137,25903,356
26138,25812,696
26139,25871,476
26140,25158,3198
26141,25985,48
26142,25912,322
26143,25957,152
26144,25973,92
26145,25850,556
26146,25957,152
26147,25972,96
26148,25924,276
26149,25959,144
26150,25931,248
26151,25347,2468
26152,25959,144
26153,25952,172
26154,23525,9740
26155,25978,72
26156,25100,3424
26157,25937,228
26158,25958,148
26159,25366,2398
26160,6905,129218
26161,25843,580
26162,25902,357
26163,25985,48
26164,23888,8250
26165,25975,84
26166,25975,84
26167,25256,2820
26168,418,402580
26169,25751,928
26170,24568,5512
26171,25977,76
26172,25963,128
26173,25935,236
26174,25951,174
26175,25899,368
26176,25997,0
26177,25844,578
26178,24301,6576
26179,25908,336
26180,25997,0
26181,25404,2252
26182,25905,348
26183,25841,590
26184,25825,648
26185,25819,672
26186,25958,148
26187,25905,348
26188,25915,308
26189,25958,148
26190,25453,2064
26191,25940,216
26192,25902,360
26193,25021,3730
26194,25639,1352
26195,25991,24
26196,25984,52
26197,25500,1884
26198,25871,476
26199,25922,284
26200,24114,7329
26201,25997,0
26202,17700,37468
26203,25351,2454
26204,25746,948
26205,25920,292
26206,25906,344
26207,20555,22894
26208,19003,30546
26209,25845,572
26210,25969,108
26211,20513,23092
26212,25969,108
26213,25977,76
26214,25855,536
26215,25838,600
26216,25985,48
26217,25440,2112
26218,21528,18388
26219,19451,28274
26220,24221,6898
26221,24760,4754
26222,19805,26518
26223,20346,23892
26224,25972,96
26225,25991,24
26226,24055,7570
26227,25925,272
26228,25970,104
26229,25748,940
26230,25970,104
26231,25948,184
26232,19842,26334
26233,25898,372
26234,25952,172
26235,25140,3270
26236,16872,42138
26237,25967,116
26238,18228,34604
26239,25959,144
26240,25990,28
26241,25932,244
26242,25934,240
26243,25926,268
26244,25957,152
26245,25091,3458
26246,25965,120
26247,25991,24
26248,25869,482
26249,21041,20616
26250,25655,1294
26251,25984,52
26252,23769,8736
26253,24896,4220
26254,20098,25084
26255,24521,5698
26256,25959,144
26257,23117,11444
26258,25990,28
26259,25941,212
26260,25876,456
26261,25798,752
26262,25991,24
26263,25981,62
26264,25078,3510
26265,25930,252
26266,25938,224
26267,25975,84
26268,25708,1090
26269,25990,28
26270,25828,636
26271,25830,628
26272,25985,48
26273,25926,268
26274,25578,1584
26275,25985,48
26276,24691,5024
26277,25938,224
26278,25961,136
26279,25978,72
26280,24860,4359
26281,25947,188
26282,18978,30674
26283,25716,1060
26284,24861,4356
26285,25960,140
26286,18941,30866
26287,22581,13734
26288,25205,3016
26289,25990,28
26290,25977,76
26291,25977,76
26292,24612,5338
26293,25888,410
26294,25457,2048
26295,25515,1824
26296,25894,388
26297,19749,26794
26298,24382,6252
26299,25955,160
26300,22889,12410
26301,25924,276
26302,25984,52
26303,7786,117514
26304,25997,0
26305,25942,208
26306,25848,562
26307,25948,184
26308,25977,76
26309,19933,25892
26310,25605,1484
26311,25890,404
26312,25940,216
26313,25990,28
26314,25666,1252
26315,25927,264
26316,25972,96
26317,25949,180
26318,25779,824
26319,25969,108
26320,25869,484
26321,19575,27658
26322,24961,3964
26323,24907,4176
26324,25832,624
26325,25970,104
26326,25983,56
26327,25931,248
26328,25954,164
26329,9654,96558
26330,25434,2134
26331,25437,2126
26332,25985,48
26333,25067,3552
26334,25828,638
26335,25947,188
26336,25756,910
26337,25867,492
26338,25571,1612
26339,25591,1536
26340,25976,80
26341,25997,0
26342,17402,39124
26343,25972,96
26344,25997,0
26345,25957,152
26346,25961,136
26347,25981,60
26348,24255,6762
26349,18963,30754
26350,25988,36
26351,25932,244
26352,25935,236
26353,25963,128
26354,25934,240
26355,14917,54142
26356,25968,112
26357,25991,24
26358,25969,108
26359,25934,240
26360,23060,11686
26361,25897,378
26362,24765,4734
26363,25002,3806
26364,25340,2496
26365,25926,268
26366,25963,128
26367,25983,56
26368,22224,15286
26369,25539,1736
26370,25376,2360
26371,25372,2372
26372,25894,388
26373,25988,36
26374,25934,240
26375,25233,2910
26376,25851,552
26377,24788,4644
26378,25910,328
26379,25997,0
26380,25971,100
26381,25380,2344
26382,25978,72
26383,25186,3092
26384,25944,200
26385,25885,422
26386,25903,356
26387,25956,156
26388,25963,128
26389,25959,144
26390,24381,6258
26391,15454,50694
26392,25964,124
26393,19343,28816
26394,25991,24
26395,25390,2304
26396,25953,168
26397,8978,103632
26398,25991,24
26399,25879,444
26400,25883,431
26401,25978,72
26402,25523,1796
26403,25972,96
26404,23269,10808
26405,25889,408
26406,25870,480
26407,25753,922
26408,25864,500
26409,25941,212
26410,25944,200
26411,25912,320
26412,25820,668
26413,20877,21378
26414,25991,24
26415,25648,1320
26416,25980,64
26417,25944,200
26418,24549,5586
26419,25975,84
26420,22665,13372
26421,25963,128
26422,25943,204
26423,24138,7234
26424,25366,2396
26425,25458,2044
26426,22828,12672
26427,20293,24146
26428,25963,128
26429,25940,216
26430,24191,7018
26431,25965,120
26432,21159,20072
26433,25978,74
26434,25924,276
26435,25463,2026
26436,24875,4302
26437,25271,2764
26438,25953,168
26439,24713,4938
26440,25332,2528
26441,25953,168
26442,25679,1202
26443,25668,1244
26444,25835,612
26445,82,561222
26446,25942,208
26447,25977,76
26448,25959,144
26449,24962,3962
26450,25937,228
26451,19547,27794
26452,25357,2430
26453,25910,328
26454,25872,472
26455,25372,2374
26456,25264,2790
26457,25075,3520
26458,25985,48
26459,25977,76
26460,25397,2276
26461,25688,1168
26462,25972,96
26463,25576,1592
26464,25966,118
26465,25910,328
26466,14028,60134
26467,25855,536
26468,25004,3796
26469,25888,410
26470,25926,268
26471,25948,184
26472,25931,250
26473,25894,388
26474,25967,116
26475,19896,26072
26476,25577,1590
26477,25937,228
26478,25961,136
26479,25975,86
26480,25303,2640
26481,25940,216
26482,25963,128
26483,25978,72
26484,25959,144
26485,25830,628
26486,25023,3724
26487,25969,108
26488,25980,64
26489,25985,48
26490,25864,500
26491,20534,22994
26492,22217,15316
26493,25199,3040
26494,25990,28
26495,25965,120
26496,25946,192
26497,25958,148
26498,25968,112
26499,25951,176
26500,25942,208
26501,18574,32770
26502,25800,744
26503,25946,192
26504,25845,572
26505,24935,4068
26506,25991,24
26507,25518,1816
26508,25911,326
26509,25920,292
26510,25980,64
26511,25055,3598
26512,25970,104
26513,25957,152
26514,25985,48
26515,17087,40908
26516,25431,2146
26517,25839,596
26518,25880,440
26519,25985,48
26520,25943,204
26521,23657,9196
26522,25956,156
26523,25929,256
26524,25985,48
26525,25902,360
26526,25299,2656
26527,25943,204
26528,25439,2115
26529,24458,5948
26530,25985,48
26531,25977,76
26532,25958,148
26533,25887,414
26534,25929,256
26535,25985,48
26536,25199,3040
26537,25924,274
26538,25957,152
26539,25970,104
26540,25983,56
26541,24952,4002
26542,22183,15464
26543,25179,3118
26544,25972,96
26545,19683,27122
26546,25932,244
26547,25601,1498
26548,25507,1858
26549,25934,240
26550,25965,120
26551,25958,148
26552,25971,100
26553,25936,232
26554,25971,100
26555,25903,356
26556,25997,0
26557,13951,60666
26558,25912,320
26559,25338,2506
26560,4437,172330
26561,22735,13068
26562,25893,392
26563,25468,2004
26564,25970,104
26565,20877,21382
26566,24734,4854
26567,25983,56
26568,25958,148
26569,25915,310
26570,25943,204
26571,25770,856
26572,23910,8160
26573,25922,284
26574,25899,368
26575,25595,1520
26576,25946,194
26577,25870,480
26578,25370,2380
26579,25980,64
26580,24864,4346
26581,25872,472
26582,25957,152
26583,25972,96
26584,25943,204
26585,25983,56
26586,25959,144
26587,25934,240
26588,25249,2846
26589,25909,332
26590,25557,1664
26591,25920,292
26592,25858,524
26593,25969,108
26594,25926,268
26595,23301,10674
26596,25997,0
26597,25972,96
26598,25920,290
26599,25963,128
26600,25385,2324
26601,25890,404
26602,25855,536
26603,25929,256
26604,25739,972
26605,25862,508
26606,25284,2712
26607,25901,364
26608,25764,880
26609,25990,28
26610,22818,12716
26611,25985,48
26612,15782,48648
26613,25841,590
26614,25946,192
26615,25997,0
26616,25922,284
26617,25106,3400
26618,23906,8176
26619,21423,18862
26620,25997,0
26621,24149,7190
26622,25958,148
26623,25958,148
26624,24947,4022
26625,25983,56
26626,25984,52
26627,22923,12268
26628,25097,3434
26629,25985,48
26630,25990,28
26631,25913,318
26632,24731,4868
26633,25985,48
26634,25961,136
26635,25001,3808
26636,25690,1160
26637,25487,1932
26638,25548,1698
26639,13155,66396
26640,25927,264
26641,25983,56
26642,25022,3726
26643,25950,178
26644,25948,184
26645,25971,100
26646,25991,24
26647,25815,686
26648,25970,104
26649,25962,134
26650,25452,2068
26651,25427,2162
26652,25991,24
26653,25851,552
26654,18394,33720
26655,25920,292
26656,25885,424
26657,24944,4032
26658,25975,84
26659,24021,7708
26660,25991,24
26661,25975,84
26662,25852,548
26663,25942,208
26664,25941,212
26665,25997,0
26666,25974,88
26667,25909,332
26668,25382,2334
26669,24516,5718
26670,25985,48
26671,25949,180
26672,25985,48
26673,25945,196
26674,25913,316
26675,25964,124
26676,24198,6992
26677,24671,5104
26678,25827,642
26679,25067,3552
26680,25956,156
26681,25588,1548
26682,25940,216
26683,25763,882
26684,25978,72
26685,25985,48
26686,25976,80
26687,25338,2506
26688,25927,264
26689,25983,56
26690,25924,276
26691,25799,748
26692,24793,4622
26693,25610,1462
26694,25939,220
26695,22078,15928
26696,25990,28
26697,25960,140
26698,25573,1604
26699,25951,176
26700,25916,304
26701,25868,488
26702,25570,1614
26703,25939,220
26704,25925,272
26705,25971,100
26706,25985,48
26707,22262,15120
26708,25951,176
26709,25973,90
26710,25922,284
26711,19506,28000
26712,1941,252906
26713,25985,48
26714,25958,148
26715,25290,2690
26716,25953,168
26717,25967,116
26718,20857,21472
26719,25942,208
26720,25980,64
26721,25909,332
26722,25921,288
26723,25991,24
26724,25872,472
26725,25958,148
26726,10143,91736
26727,25894,388
26728,21462,18684
26729,25808,714
26730,25965,120
26731,25919,296
26732,25857,528
26733,25951,176
26734,25964,124
26735,2243,238828
26736,25940,216
26737,25972,96
26738,24980,3892
26739,25753,920
26740,25906,344
26741,25850,554
26742,25792,772
26743,1587,272538
26744,25971,100
26745,25975,84
26746,25948,184
26747,25932,244
26748,25594,1524
26749,22272,15074
26750,25937,225
26751,25229,2924
26752,25985,48
26753,21029,20672
26754,24959,3972
26755,25970,104
26756,12365,72428
26757,25985,48
26758,25793,768
26759,1678,267100
26760,25928,260
26761,25951,176
26762,25972,96
26763,25975,84
26764,25967,116
26765,25975,84
26766,25984,52
26767,23265,10824
26768,25951,176
26769,25997,0
26770,23414,10200
26771,25997,0
26772,25314,2596
26773,25465,2018
26774,23898,8206
26775,25859,521
26776,25791,776
26777,25990,28
26778,25971,100
26779,15159,52576
26780,25160,3192
26781,25981,60
26782,25294,2674
26783,25930,254
26784,25443,2100
26785,25945,196
26786,25997,0
26787,18733,31940
26788,25940,216
26789,25931,248
26790,25991,24
26791,25981,62
26792,25959,146
26793,25277,2740
26794,13450,64236
26795,23504,9826
26796,25907,340
26797,25958,148
26798,9626,96836
26799,23555,9616
26800,25926,270
26801,25804,728
26802,25964,124
26803,25948,184
26804,21384,19040
26805,25983,56
26806,25948,184
26807,25755,914
26808,25977,76
26809,25971,100
26810,25951,176
26811,23080,11600
26812,25902,360
26813,25511,1840
26814,25978,72
26815,24519,5706
26816,25971,100
26817,19543,27816
26818,25990,28
26819,25940,216
26820,25717,1056
26821,11465,79796
26822,25956,156
26823,22211,15344
26824,25509,1848
26825,25970,104
26826,25415,2208
26827,25984,52
26828,25938,222
26829,25991,24
26830,25965,120
26831,25974,88
26832,25555,1672
26833,25507,1856
26834,25983,56
26835,25939,220
26836,25497,1894
26837,25972,96
26838,25164,3176
26839,25977,76
26840,25964,124
26841,25786,796
26842,25958,148
26843,25890,402
26844,25984,52
26845,17100,40834
26846,25940,216
26847,25835,610
26848,25942,208
26849,1950,252468
26850,25972,96
26851,25977,76
26852,25311,2608
26853,24922,4118
26854,25941,212
26855,25736,984
26856,25745,952
26857,25971,100
26858,25954,162
26859,25968,112
26860,25956,156
26861,25997,0
26862,19916,25972
26863,25906,344
26864,25978,72
26865,25806,720
26866,25972,96
26867,23978,7880
26868,25637,1362
26869,25991,24
26870,25961,136
26871,25685,1178
26872,25873,466
26873,25930,254
26874,24366,6318
26875,25877,452
26876,25578,1584
26877,25978,72
26878,25991,24
26879,25968,110
26880,25975,84
26881,25984,52
26882,25975,84
26883,25959,144
26884,23233,10956
26885,21223,19778
26886,25957,152
26887,6709,132024
26888,25957,152
26889,25985,48
26890,25991,24
26891,25965,120
26892,23833,8474
26893,25965,120
26894,25958,148
26895,25316,2590
26896,25937,228
26897,13520,63728
26898,25920,292
26899,25990,28
26900,25943,206
26901,25133,3296
26902,25581,1574
26903,24345,6402
26904,25921,288
26905,25584,1564
26906,25280,2728
26907,23587,9484
26908,25984,52
26909,23579,9516
26910,16263,45726
26911,25975,84
26912,25988,36
26913,25166,3168
26914,25896,380
26915,25496,1898
26916,25953,168
26917,25271,2762
26918,24982,3884
26919,25922,284
26920,25608,1470
26921,25562,1646
26922,25962,132
26923,25907,338
26924,25970,104
26925,19425,28406
26926,25943,204
26927,25988,36
26928,25945,196
26929,25990,28
26930,25988,36
26931,25958,148
26932,25991,24
26933,25249,2848
26934,25011,3771
26935,25956,154
26936,24208,6950
26937,24117,7320
26938,25944,200
26939,25978,72
26940,21326,19306
26941,25823,656
26942,25968,112
26943,20429,23492
26944,25936,232
26945,25901,362
26946,25927,264
26947,25941,212
26948,25546,1708
26949,23954,7978
26950,25636,1364
26951,25967,116
26952,25716,1060
26953,25964,124
26954,25946,192
26955,25991,24
26956,25953,168
26957,25940,216
26958,25972,96
26959,24038,7638
26960,24763,4740
26961,24599,5388
26962,25981,60
26963,25953,168
26964,25978,72
26965,25160,3192
26966,24744,4816
26967,24775,4696
26968,25981,60
26969,17084,40920
26970,25928,260
26971,25903,354
26972,25868,488
26973,25765,874
26974,25613,1454
26975,25709,1088
26976,25433,2140
26977,25817,680
26978,24483,5848
26979,25949,180
26980,25885,424
26981,23248,10896
26982,25291,2684
26983,25105,3404
26984,24712,4944
26985,25857,528
26986,25902,360
26987,25970,104
26988,25891,400
26989,25583,1568
26990,25976,80
26991,25946,192
26992,25889,408
26993,25384,2326
26994,25977,76
26995,25452,2068
26996,24387,6234
26997,25997,0
26998,25897,376
26999,25970,104
27000,25965,120
27001,25977,76
27002,25977,76
27003,15381,51160
27004,25326,2552
27005,25962,134
27006,25976,80
27007,25969,108
27008,25060,3580
27009,25963,128
27010,25990,28
27011,25599,1506
27012,25985,48
27013,25984,52
27014,25952,172
27015,25975,84
27016,25913,316
27017,23076,11618
27018,25968,110
27019,25711,1078
27020,25972,96
27021,24938,4056
27022,25821,664
27023,25990,28
27024,24452,5972
27025,25352,2452
27026,25985,48
27027,25802,736
27028,25968,112
27029,25936,232
27030,25931,248
27031,22432,14378
27032,25184,3100
27033,25567,1626
27034,25921,288
27035,25927,264
27036,25912,322
27037,22103,15816
27038,25294,2674
27039,15166,52528
27040,25921,288
27041,25568,1622
27042,25946,192
27043,25919,296
27044,25513,1834
27045,25948,184
27046,20370,23776
27047,25849,560
27048,25964,124
27049,24636,5244
27050,24403,6170
27051,25305,2630
27052,25958,148
27053,25833,620
27054,25931,248
27055,22911,12320
27056,25681,1192
27057,23420,10176
27058,25990,28
27059,24833,4468
27060,24074,7490
27061,25010,3774
27062,25904,352
27063,25379,2348
27064,25353,2446
27065,25959,144
27066,25944,200
27067,25962,132
27068,25990,28
27069,25942,208
27070,25954,164
27071,25572,1608
27072,25985,48
27073,25916,304
27074,25985,48
27075,25981,60
27076,14839,54656
27077,25895,384
27078,25918,300
27079,25867,492
27080,24314,6526
27081,25967,114
27082,25958,148
27083,24954,3992
27084,25238,2890
27085,25901,364
27086,25320,2572
27087,25290,2690
27088,25940,216
27089,25939,220
27090,25962,132
27091,25990,28
27092,25948,184
27093,25145,3248
27094,25935,236
27095,25984,52
27096,25734,992
27097,25359,2424
27098,25967,114
27099,25889,406
27100,25949,180
27101,25907,340
27102,25874,464
27103,24889,4246
27104,25879,444
27105,25826,644
27106,25631,1384
27107,19414,28460
27108,25403,2256
27109,25965,120
27110,25857,528
27111,24982,3884
27112,25984,52
27113,25386,2320
27114,25975,84
27115,25922,284
27116,25840,592
27117,23998,7800
27118,23435,10112
27119,21623,17956
27120,25871,474
27121,25898,372
27122,25964,124
27123,25184,3098
27124,25953,168
27125,25969,108
27126,25111,3380
27127,23105,11496
27128,24855,4382
27129,23140,11348
27130,25984,52
27131,25969,108
27132,18114,35218
27133,25574,1600
27134,17577,38148
27135,25984,52
27136,25984,52
27137,24776,4690
27138,23913,8144
27139,25704,1108
27140,25735,988
27141,21782,17242
27142,25979,68
27143,25920,292
27144,13656,62750
27145,24846,4414
27146,25321,2568
27147,22886,12426
27148,25964,124
27149,21955,16474
27150,25988,36
27151,25990,28
27152,25963,128
27153,25930,252
27154,25931,248
27155,23612,9380
27156,25997,0
27157,25673,1224
27158,14853,54560
27159,24632,5260
27160,25981,60
27161,25964,124
27162,23461,10006
27163,25920,292
27164,23327,10564
27165,25831,626
27166,25974,88
27167,25976,80
27168,25959,144
27169,25981,60
27170,25746,946
27171,23644,9248
27172,25958,148
27173,25557,1666
27174,25990,28
27175,25991,24
27176,25960,140
27177,25968,112
27178,25184,3100
27179,25727,1020
27180,25985,48
27181,25818,676
27182,25450,2074
27183,25959,144
27184,25985,48
27185,25910,328
27186,25877,452
27187,24845,4420
27188,19746,26808
27189,25914,312
27190,25722,1040
27191,23421,10172
27192,25952,172
27193,24856,4378
27194,25912,320
27195,25924,276
27196,25458,2042
27197,25750,932
27198,25937,228
27199,21804,17146
27200,25359,2424
27201,25963,128
27202,25522,1798
27203,24297,6592
27204,15088,53032
27205,25972,96
27206,25935,236
27207,25976,80
27208,25802,734
27209,24710,4950
27210,25834,614
27211,25660,1272
27212,25801,740
27213,25988,36
27214,25985,48
27215,25659,1276
27216,25961,136
27217,25923,280
27218,25952,172
27219,23785,8668
27220,25819,672
27221,25925,272
27222,25451,2070
27223,11629,78414
27224,21141,20154
27225,25466,2012
27226,25925,272
27227,25932,244
27228,25997,0
27229,25515,1824
27230,25985,48
27231,25888,412
27232,25932,244
27233,25977,76
27234,25929,256
27235,25965,120
27236,25862,510
27237,23563,9584
27238,25997,0
27239,23168,11230
27240,25960,140
27241,25472,1992
27242,25921,286
27243,25726,1024
27244,25988,36
27245,25977,76
27246,25977,76
27247,25981,62
27248,25969,108
27249,25023,3724
27250,24777,4686
27251,25953,168
27252,25949,180
27253,25456,2050
27254,25159,3196
27255,18405,33662
27256,25869,484
27257,23314,10618
27258,25328,2544
27259,25949,180
27260,25997,0
27261,4519,170552
27262,25914,314
27263,25973,92
27264,25951,176
27265,25580,1578
27266,12516,71250
27267,24773,4702
27268,25898,372
27269,24748,4800
27270,25769,860
27271,25888,412
27272,25958,148
27273,25865,496
27274,24548,5590
27275,25925,272
27276,25782,812
27277,24725,4892
27278,25990,28
27279,25954,164
27280,25967,114
27281,25965,120
27282,25963,128
27283,25952,172
27284,25977,76
27285,25991,24
27286,25997,0
27287,25927,264
27288,24845,4420
27289,25959,144
27290,25997,0
27291,23956,7972
27292,24480,5862
27293,24933,4076
27294,24060,7548
27295,24455,5962
27296,25619,1430
27297,25991,24
27298,25977,76
27299,25867,492
27300,25975,84
27301,25976,80
27302,25376,2358
27303,24581,5460
27304,25951,176
27305,25947,188
27306,25983,56
27307,25927,266
27308,25617,1435
27309,25476,1976
27310,25629,1392
27311,25968,110
27312,25963,128
27313,25957,150
27314,25919,296
27315,25929,256
27316,25064,3564
27317,25851,550
27318,25491,1918
27319,25844,578
27320,13500,63872
27321,25981,60
27322,25997,0
27323,25713,1072
27324,25984,52
27325,25940,216
27326,25984,52
27327,25041,3654
27328,25975,84
27329,25956,156
27330,25912,320
27331,25821,664
27332,25876,456
27333,24488,5832
27334,25929,258
27335,24915,4146
27336,25977,76
27337,23084,11584
27338,25920,289
27339,25970,104
27340,25991,24
27341,25964,124
27342,25977,76
27343,25740,970
27344,25889,408
27345,25930,252
27346,25959,144
27347,25991,24
27348,25575,1596
27349,25984,52
27350,25916,304
27351,25889,408
27352,25981,60
27353,25554,1676
27354,25260,2804
27355,25984,52
27356,23864,8344
27357,25949,180
27358,25991,24
27359,21454,18724
27360,25927,264
27361,25132,3300
27362,23868,8328
27363,25413,2218
27364,25894,388
27365,23694,9044
27366,25406,2244
27367,25955,160
27368,25628,1396
27369,25978,72
27370,25976,80
27371,25938,224
27372,25949,180
27373,25842,586
27374,25931,248
27375,25975,84
27376,25959,144
27377,25977,76
27378,1149,304020
27379,23960,7954
27380,25911,326
27381,25583,1566
27382,25978,72
27383,25458,2044
27384,25919,296
27385,23582,9506
27386,25978,72
27387,25981,60
27388,24255,6762
27389,25954,164
27390,25990,28
27391,24607,5358
27392,25965,120
27393,25949,180
27394,25114,3368
27395,25969,108
27396,25964,124
27397,25975,84
27398,25942,208
27399,25985,48
27400,25224,2944
27401,25959,144
27402,24629,5272
27403,25991,24
27404,25991,24
27405,25850,556
27406,25918,298
27407,25951,176
27408,25443,2100
27409,25977,76
27410,24682,5060
27411,24320,6500
27412,25902,360
27413,25965,120
27414,25951,176
27415,25909,332
27416,24906,4180
27417,25901,362
27418,25890,404
27419,25880,440
27420,24969,3936
27421,25934,238
27422,25889,408
27423,25164,3174
27424,25972,96
27425,25549,1696
27426,25970,104
27427,25970,104
27428,23654,9208
27429,25988,36
27430,25575,1596
27431,24786,4650
27432,25961,136
27433,25997,0
27434,25902,360
27435,25560,1654
27436,24620,5308
27437,22901,12360
27438,25984,52
27439,25889,408
27440,25274,2752
27441,25248,2850
27442,25941,212
27443,25912,320
27444,25985,48
27445,25661,1268
27446,25991,24
27447,25983,56
27448,18820,31488
27449,25964,124
27450,25977,76
27451,25248,2852
27452,25990,28
27453,25949,180
27454,25959,144
27455,25991,24
27456,16413,44828
27457,25184,3098
27458,25970,104
27459,23635,9284
27460,25238,2888
27461,20877,21382
27462,25969,108
27463,25997,0
27464,25944,200
27465,25974,88
27466,25326,2552
27467,25983,56
27468,25997,0
27469,25870,480
27470,25951,176
27471,25997,0
27472,25260,2804
27473,25939,220
27474,25868,488
27475,15754,48820
27476,25039,3662
27477,25463,2024
27478,25975,84
27479,24835,4458
27480,25953,168
27481,25956,156
27482,25637,1360
27483,25972,96
27484,25930,252
27485,25985,48
27486,25985,48
27487,25991,24
27488,25938,224
27489,25969,108
27490,25094,3446
27491,25887,414
27492,25858,524
27493,25552,1684
27494,25930,252
27495,25674,1220
27496,25953,168
27497,25964,124
27498,25997,0
27499,25737,982
27500,25985,48
27501,25897,378
27502,24526,5680
27503,25948,184
27504,25965,120
27505,25591,1534
27506,25959,144
27507,25997,0
27508,25920,292
27509,25965,120
27510,15167,52522
27511,19757,26756
27512,25902,360
27513,25920,292
27514,25964,124
27515,22959,12114
27516,22943,12184
27517,23576,9530
27518,25961,136
27519,25978,72
27520,25099,3428
27521,25953,168
27522,25101,3420
27523,25990,28
27524,25404,2250
27525,25444,2096
27526,19755,26766
27527,24947,4020
27528,25981,60
27529,25990,28
27530,25981,60
27531,15444,50762
27532,25921,288
27533,638,361404
27534,25951,176
27535,25620,1426
27536,24470,5900
27537,25062,3570
27538,25944,200
27539,24954,3994
27540,25958,148
27541,25940,216
27542,25997,0
27543,25949,180
27544,25495,1902
27545,25904,352
27546,25121,3342
27547,25441,2108
27548,25918,300
27549,20239,24406
27550,25997,0
27551,25948,184
27552,25536,1744
27553,24985,3870
27554,25748,940
27555,24404,6166
27556,25984,52
27557,25918,300
27558,25970,104
27559,25970,104
27560,25666,1252
27561,25938,224
27562,25446,2090
27563,24182,7054
27564,25927,264
27565,25990,28
27566,25959,144
27567,25912,320
27568,25937,228
27569,25892,396
27570,16411,44840
27571,25970,104
27572,24804,4582
27573,25849,560
27574,16768,42744
27575,25963,128
27576,25971,100
27577,24156,7160
27578,22381,14600
27579,25631,1384
27580,25915,308
27581,25476,1974
27582,25642,1342
27583,25858,524
27584,24758,4762
27585,24182,7056
27586,25914,312
27587,25942,208
27588,25990,28
27589,22255,15148
27590,25922,284
27591,25978,72
27592,24994,3838
27593,25955,160
27594,25974,88
27595,25969,108
27596,25997,0
27597,25319,2578
27598,25965,120
27599,25942,208
27600,23666,9156
27601,25903,356
27602,25960,140
27603,25929,258
27604,25951,176
27605,25971,100
27606,25286,2704
27607,25402,2258
27608,25991,24
27609,23645,9246
27610,23491,9880
27611,25956,156
27612,25333,2524
27613,25965,120
27614,21322,19324
27615,25991,24
27616,25323,2562
27617,25937,228
27618,25925,272
27619,25738,976
27620,25961,136
27621,25941,212
27622,25971,100
27623,25985,48
27624,25936,232
27625,25803,732
27626,25971,100
27627,25898,374
27628,25157,3202
27629,22020,16184
27630,25451,2072
27631,25955,160
27632,25690,1160
27633,25972,96
27634,25962,132
27635,25171,3150
27636,25924,276
27637,25972,96
27638,25991,24
27639,25052,3612
27640,25862,508
27641,25970,104
27642,25752,924
27643,25955,160
27644,25918,300
27645,25956,156
27646,25912,320
27647,25991,24
27648,25853,544
27649,23125,11410
27650,25985,48
27651,25984,52
27652,19890,26102
27653,25965,120
27654,25927,264
27655,25940,216
27656,25938,224
27657,24783,4664
27658,25812,698
27659,25978,72
27660,25949,180
27661,21517,18436
27662,25991,24
27663,24759,4756
27664,25435,2132
27665,14989,53672
27666,19225,29416
27667,25975,84
27668,23634,9288
27669,23222,11004
27670,25972,96
27671,25937,228
27672,25977,76
27673,25997,0
27674,25965,120
27675,13681,62576
27676,25980,64
27677,25977,76
27678,23539,9684
27679,25669,1238
27680,25357,2430
27681,25953,168
27682,25977,76
27683,23413,10204
27684,25997,0
27685,25988,36
27686,19850,26296
27687,19595,27556
27688,25925,272
27689,25988,36
27690,25972,96
27691,24680,5068
27692,25951,176
27693,25990,28
27694,25727,1018
27695,25970,104
27696,25953,168
27697,25976,80
27698,25973,92
27699,25934,240
27700,25985,48
27701,25985,48
27702,24640,5226
27703,25937,228
27704,25968,110
27705,24428,6070
27706,25818,676
27707,25991,24
27708,25955,160
27709,25946,192
27710,12867,68556
27711,15093,53000
27712,25772,848
27713,25945,196
27714,25284,2712
27715,24435,6040
27716,25883,430
27717,22769,12924
27718,25945,196
27719,19581,27624
27720,25880,440
27721,25985,48
27722,16697,43154
27723,25991,24
27724,25959,144
27725,25944,202
27726,22953,12138
27727,25983,56
27728,25204,3022
27729,25970,104
27730,25934,240
27731,25952,170
27732,25954,162
27733,25624,1412
27734,25325,2556
27735,25918,300
27736,25990,28
27737,25991,24
27738,25286,2704
27739,23793,8638
27740,25902,360
27741,24048,7598
27742,25985,48
27743,25690,1160
27744,25984,52
27745,25709,1088
27746,25918,300
27747,25943,204
27748,23927,8088
27749,25899,368
27750,25588,1546
27751,25971,100
27752,25976,80
27753,24520,5702
27754,25970,104
27755,25968,110
27756,25957,152
27757,21024,20694
27758,25118,3354
27759,25940,216
27760,25345,2476
27761,16801,42552
27762,25925,272
27763,25242,2876
27764,25836,606
27765,25978,72
27766,21567,18210
27767,25944,200
27768,25969,108
27769,25713,1074
27770,25962,132
27771,25911,324
27772,25946,192
27773,25799,748
27774,25977,76
27775,24652,5180
27776,21814,17100
27777,25997,0
27778,25939,220
27779,25978,72
27780,25917,301
27781,25922,284
27782,25324,2558
27783,25991,24
27784,25978,72
27785,25965,120
27786,25926,268
27787,25915,308
27788,25978,72
27789,24596,5400
27790,15528,50228
27791,25978,72
27792,25957,152
27793,25984,52
27794,25739,972
27795,25695,1142
27796,25911,324
27797,25959,144
27798,23665,9164
27799,25892,396
27800,25692,1152
27801,25904,352
27802,25913,316
27803,25956,156
27804,25965,120
27805,25808,712
27806,25981,60
27807,25899,370
27808,24767,4726
27809,25920,292
27810,25935,236
27811,25022,3728
27812,23153,11292
27813,25688,1168
27814,24752,4786
27815,23698,9026
27816,25934,240
27817,25538,1738
27818,25500,1884
27819,12500,71372
27820,25957,152
27821,25990,28
27822,25997,0
27823,25500,1882
27824,25990,28
27825,25955,160
27826,25997,0
27827,25985,48
27828,25983,56
27829,25904,352
27830,25380,2344
27831,21634,17910
27832,24820,4516
27833,25944,200
27834,23199,11100
27835,25984,52
27836,25974,88
27837,25902,360
27838,25968,110
27839,25907,338
27840,25937,228
27841,18839,31390
27842,25957,152
27843,25971,100
27844,25946,192
27845,25910,328
27846,24973,3918
27847,25799,748
27848,17500,38580
27849,25215,2980
27850,23238,10938
27851,25849,560
27852,25200,3038
27853,25943,204
27854,25956,156
27855,25963,128
27856,19967,25726
27857,25563,1642
27858,25126,3322
27859,25873,468
27860,25726,1022
27861,24870,4320
27862,25947,188
27863,25977,76
27864,25205,3016
27865,22423,14418
27866,22940,12196
27867,25951,176
27868,25949,180
27869,11893,76224
27870,23908,8168
27871,25914,312
27872,25943,204
27873,25971,100
27874,25928,260
27875,25970,104
27876,25991,24
27877,25890,404
27878,25984,52
27879,25899,368
27880,25938,224
27881,25281,2722
27882,25557,1664
27883,25519,1812
27884,25874,464
27885,25941,212
27886,25936,232
27887,25977,76
27888,25547,1704
27889,25198,3046
27890,25929,256
27891,25990,28
27892,25577,1588
27893,25997,0
27894,24684,5052
27895,23915,8136
27896,25952,170
27897,25990,28
27898,25890,404
27899,25870,478
27900,25331,2530
27901,25660,1272
27902,25937,228
27903,25914,312
27904,25707,1096
27905,24365,6320
27906,23584,9498
27907,24502,5774
27908,25941,212
27909,19643,27318
27910,25371,2378
27911,25804,729
27912,25881,438
27913,25991,24
27914,25516,1822
27915,25978,72
27916,25965,120
27917,23290,10718
27918,23404,10242
27919,25906,344
27920,25875,462
27921,24978,3898
27922,15311,51600
27923,25935,236
27924,25991,24
27925,25962,132
27926,25960,140
27927,25491,1916
27928,25894,388
27929,25985,48
27930,24314,6524
27931,25997,0
27932,18411,33632
27933,25985,48
27934,25988,36
27935,25964,124
27936,25985,48
27937,25922,284
27938,24860,4360
27939,22810,12750
27940,25838,598
27941,25760,896
27942,25941,212
27943,25963,128
27944,25985,48
27945,25793,770
27946,25948,184
27947,25981,60
27948,24422,6092
27949,24937,4060
27950,25935,236
27951,25985,48
27952,25947,188
27953,25969,108
27954,25945,196
27955,25796,758
27956,13354,64930
27957,25975,84
27958,25842,584
27959,25997,0
27960,25872,472
27961,25302,2642
27962,18754,31830
27963,25991,24
27964,25523,1796
27965,14467,57132
27966,25898,374
27967,23428,10144
27968,25885,422
27969,25969,108
27970,25958,148
27971,25468,2006
27972,17148,40560
27973,25892,396
27974,25899,370
27975,25978,72
27976,25817,680
27977,25956,156
27978,25961,136
27979,25540,1732
27980,25940,216
27981,24242,6816
27982,25976,80
27983,25390,2306
27984,25905,348
27985,25573,1604
27986,25833,618
27987,25878,450
27988,25939,220
27989,25839,594
27990,25919,296
27991,25991,24
27992,25997,0
27993,24814,4540
27994,25964,124
27995,25953,166
27996,25990,28
27997,25508,1854
27998,25105,3404
27999,811,337932
28000,25984,52
28001,9787,95226
28002,25076,3518
28003,25948,184
28004,25922,284
28005,25997,0
28006,25973,90
28007,25972,96
28008,25923,278
28009,25978,72
28010,25978,72
28011,23590,9472
28012,24658,5156
28013,24748,4800
28014,25903,356
28015,25975,84
28016,23487,9898
28017,25975,84
28018,25991,24
28019,25871,476
28020,25203,3026
28021,25976,80
28022,25990,28
28023,25825,648
28024,25565,1634
28025,25961,136
28026,25997,0
28027,25921,288
28028,25946,192
28029,25774,840
28030,25856,530
28031,25640,1348
28032,25969,108
28033,25961,136
28034,25411,2222
28035,25619,1428
28036,25935,234
28037,25914,314
28038,25457,2048
28039,24449,5984
28040,25898,372
28041,25652,1302
28042,25925,272
28043,25990,28
28044,25855,536
28045,24770,4716
28046,25943,204
28047,25886,420
28048,25839,594
28049,25952,172
28050,25905,348
28051,25942,208
28052,24886,4258
28053,25946,192
28054,25943,204
28055,25985,48
28056,25976,80
28057,25840,592
28058,25946,194
28059,23187,11150
28060,25919,296
28061,25980,64
28062,25901,364
28063,24880,4282
28064,25941,212
28065,25975,84
28066,8248,111902
28067,25921,288
28068,24958,3976
28069,25969,108
28070,25006,3788
28071,25957,152
28072,25626,1402
28073,25947,188
28074,25985,48
28075,25991,24
28076,25898,372
28077,25925,272
28078,18669,32274
28079,25650,1312
28080,25953,168
28081,25991,24
28082,25997,0
28083,25677,1208
28084,25125,3328
28085,25991,24
28086,25249,2848
28087,25946,192
28088,25968,112
28089,24583,5454
28090,24930,4088
28091,25991,24
28092,25930,252
28093,25912,320
28094,25605,1482
28095,20083,25158
28096,22943,12184
28097,25930,252
28098,25967,116
28099,25978,72
28100,25939,220
28101,25072,3532
28102,25988,36
28103,24716,4928
28104,25940,216
28105,19175,29668
28106,25391,2300
28107,25937,228
28108,25985,48
28109,25991,24
28110,25955,160
28111,25064,3564
28112,25932,244
28113,25912,320
28114,25931,248
28115,23951,7990
28116,25755,914
28117,25932,244
28118,25980,64
28119,25549,1696
28120,25805,724
28121,25658,1280
28122,25977,76
28123,24218,6910
28124,25997,0
28125,25985,48
28126,25891,400
28127,23437,10105
28128,25978,72
28129,24953,3998
28130,25886,420
28131,24811,4552
28132,24252,6774
28133,25963,128
28134,20548,22926
28135,16341,45258
28136,25990,28
28137,25945,196
28138,24811,4552
28139,25997,0
28140,25106,3400
28141,25053,3606
28142,25714,1068
28143,25407,2240
28144,25858,524
28145,25977,76
28146,25977,76
28147,21524,18406
28148,25468,2004
28149,25582,1570
28150,25936,232
28151,25569,1620
28152,23503,9832
28153,25975,84
28154,25991,24
28155,25944,200
28156,25985,48
28157,25893,392
28158,25277,2738
28159,25926,268
28160,24809,4560
28161,25975,84
28162,25128,3314
28163,21832,17018
28164,25970,104
28165,25867,492
28166,25937,228
28167,25990,28
28168,25685,1180
28169,14971,53790
28170,25940,216
28171,25831,626
28172,24730,4872
28173,25792,772
28174,1727,264292
28175,25911,324
28176,25910,328
28177,25947,188
28178,25977,76
28179,12037,75056
28180,25972,96
28181,25977,76
28182,25977,76
28183,22939,12200
28184,25360,2418
28185,25565,1634
28186,25732,1000
28187,25364,2404
28188,25842,584
28189,25985,48
28190,25974,88
28191,25930,252
28192,24509,5748
28193,25971,100
28194,24026,7686
28195,24640,5226
28196,25570,1616
28197,25905,348
28198,25991,24
28199,25063,3566
28200,25890,404
28201,24241,6820
28202,25967,116
28203,25905,348
28204,24469,5906
28205,25976,80
28206,25976,80
28207,15481,50524
28208,25990,28
28209,25963,128
28210,25422,2182
28211,25981,62
28212,25991,24
28213,25936,232
28214,25955,160
28215,25952,172
28216,25806,720
28217,25939,220
28218,25561,1652
28219,25972,96
28220,25782,812
28221,25974,88
28222,25960,140
28223,25956,156
28224,25936,230
28225,25932,246
28226,25997,0
28227,24718,4918
28228,25977,76
28229,25799,746
28230,25689,1162
28231,25947,188
28232,25411,2222
28233,25954,164
28234,24882,4276
28235,25985,48
28236,25963,128
28237,24527,5674
28238,25985,48
28239,25679,1200
28240,25430,2150
28241,25910,328
28242,25976,80
28243,25924,274
28244,14903,54234
28245,25819,672
28246,23242,10920
28247,25843,582
28248,25456,2050
28249,25975,84
28250,25972,96
28251,25977,76
28252,25912,320
28253,25953,168
28254,25957,152
28255,25953,168
28256,25997,0
28257,19302,29024
28258,20865,21436
28259,25290,2688
28260,24865,4340
28261,25960,140
28262,25983,56
28263,25890,402
28264,25916,306
28265,25534,1752
28266,24821,4512
28267,24797,4606
28268,25949,180
28269,25886,420
28270,25991,24
28271,25978,72
28272,25946,192
28273,24729,4874
28274,25963,128
28275,25971,100
28276,25972,96
28277,24996,3828
28278,25358,2428
28279,25939,218
28280,25976,80
28281,25051,3616
28282,25938,224
28283,25936,232
28284,25961,136
28285,25535,1748
28286,24715,4932
28287,25937,228
28288,25978,72
28289,25976,80
28290,25826,644
28291,25921,288
28292,25642,1340
28293,23171,11220
28294,25935,236
28295,25940,216
28296,25904,352
28297,25925,272
28298,25971,100
28299,24863,4348
28300,25438,2122
28301,25985,48
28302,25973,92
28303,25969,108
28304,25962,132
28305,25964,124
28306,25970,104
28307,25954,164
28308,25545,1710
28309,25991,24
28310,25990,28
28311,25980,64
28312,25948,184
28313,25913,316
28314,25985,48
28315,25376,2358
28316,24667,5120
28317,25316,2588
28318,25033,3686
28319,25975,84
28320,25985,48
28321,25239,2886
28322,24598,5394
28323,25918,300
28324,25990,28
28325,25456,2052
28326,25259,2808
28327,25722,1038
28328,25949,182
28329,25964,124
28330,25991,24
28331,25977,76
28332,20511,23104
28333,25936,232
28334,25871,476
28335,25963,128
28336,25945,196
28337,4,1000000
28338,25963,128
28339,25943,204
28340,25909,332
28341,25978,72
28342,25366,2396
28343,25853,544
28344,25918,300
28345,25864,500
28346,25990,28
28347,25853,544
28348,25925,272
28349,24772,4708
28350,25682,1190
28351,25972,96
28352,24989,3856
28353,25961,136
28354,25955,158
28355,25978,72
28356,23705,8998
28357,25907,340
28358,25923,280
28359,25969,108
28360,15492,50459
28361,25535,1748
28362,25997,0
28363,25971,100
28364,25694,1146
28365,25893,394
28366,25894,388
28367,25955,160
28368,25961,136
28369,15198,52326
28370,25972,96
28371,25951,176
28372,25990,28
28373,25969,108
28374,25977,76
28375,24091,7422
28376,24260,6742
28377,25954,164
28378,25750,932
28379,25939,220
28380,21241,19696
28381,25832,624
28382,25687,1172
28383,25991,24
28384,25759,898
28385,21032,20658
28386,23369,10390
28387,25971,100
28388,25997,0
28389,23919,8122
28390,25343,2486
28391,25955,160
28392,25568,1624
28393,25997,0
28394,25947,188
28395,25952,172
28396,22802,12782
28397,25985,48
28398,25984,52
28399,25307,2624
28400,25962,132
28401,25949,180
28402,25983,56
28403,25946,192
28404,19389,28586
28405,25534,1754
28406,25893,392
28407,25897,376
28408,24608,5352
28409,25879,444
28410,25983,56
28411,25970,104
28412,25504,1868
28413,25959,144
28414,25932,244
28415,24443,6008
28416,25919,296
28417,24907,4178
28418,24426,6078
28419,25977,76
28420,25964,124
28421,25986,44
28422,25779,824
28423,25948,184
28424,22046,16068
28425,25956,156
28426,25991,24
28427,25909,332
28428,24018,7720
28429,25978,72
28430,24448,5988
28431,24872,4314
28432,25991,24
28433,25966,118
28434,25959,146
28435,25733,996
28436,25699,1126
28437,23917,8130
28438,25973,92
28439,24310,6540
28440,20342,23910
28441,25975,84
28442,25867,492
28443,25529,1774
28444,25848,562
28445,25101,3420
28446,25939,220
28447,24686,5044
28448,25941,212
28449,25972,96
28450,25939,220
28451,25969,108
28452,25949,180
28453,25919,296
28454,25716,1062
28455,25985,48
28456,25891,400
28457,25887,416
28458,25953,168
28459,25972,96
28460,25981,60
28461,25990,28
28462,25955,160
28463,24700,4990
28464,25973,92
28465,25761,890
28466,25622,1416
28467,25924,276
28468,25980,64
28469,25936,232
28470,25991,24
28471,25410,2226
28472,25925,272
28473,18776,31720
28474,25314,2598
28475,25574,1600
28476,25793,768
28477,25763,884
28478,24824,4500
28479,23371,10382
28480,25997,0
28481,25536,1744
28482,23603,9416
28483,25964,124
28484,25972,96
28485,24377,6272
28486,24443,6010
28487,25801,740
28488,19132,29888
28489,25800,744
28490,25945,196
28491,25259,2808
28492,25555,1672
28493,25988,36
28494,25445,2094
28495,25368,2389
28496,25959,144
28497,25968,112
28498,25984,52
28499,25977,76
28500,25646,1327
28501,25988,36
28502,25972,96
28503,25513,1834
28504,24351,6378
28505,25974,88
28506,25546,1706
28507,25972,96
28508,23299,10680
28509,24866,4338
28510,25981,60
28511,23374,10370
28512,25726,1024
28513,25958,148
28514,25951,176
28515,25981,60
28516,25985,48
28517,25481,1956
28518,25630,1386
28519,25990,28
28520,25916,304
28521,25952,172
28522,8886,104636
28523,25931,248
28524,25977,76
28525,25106,3400
28526,25978,72
28527,25977,76
28528,25936,232
28529,25980,64
28530,25855,536
28531,25958,148
28532,25920,292
28533,25965,120
28534,25991,24
28535,25961,138
28536,24195,7004
28537,25943,204
28538,25964,124
28539,25970,104
28540,5342,154234
28541,24917,4136
28542,25826,644
28543,25997,0
28544,25962,132
28545,25333,2522
28546,25784,802
28547,25397,2276
28548,25718,1052
28549,25630,1388
28550,25938,224
28551,25952,172
28552,25929,256
28553,25437,2126
28554,14236,58698
28555,25266,2780
28556,25863,504
28557,25135,3289
28558,25971,100
28559,24448,5988
28560,25997,0
28561,25976,80
28562,25840,592
28563,25504,1866
28564,25997,0
28565,25918,300
28566,25975,84
28567,25948,184
28568,25803,732
28569,24682,5060
28570,25851,552
28571,25927,264
28572,25962,132
28573,25877,452
28574,25971,100
28575,25915,308
28576,25932,244
28577,25847,564
28578,25106,3400
28579,24820,4518
28580,21874,16834
28581,25547,1702
28582,25925,272
28583,23252,10880
28584,25772,850
28585,25487,1932
28586,25985,48
28587,25990,28
28588,25956,156
28589,25975,84
28590,25126,3324
28591,25985,48
28592,25931,248
28593,25970,104
28594,25977,76
28595,25991,24
28596,25953,168
28597,25910,328
28598,25915,308
28599,25545,1710
28600,24336,6438
28601,25723,1036
28602,25842,586
28603,25972,96
28604,25984,52
28605,25971,100
28606,25975,86
28607,25924,276
28608,25616,1442
28609,25891,400
28610,25635,1370
28611,25991,24
28612,23021,11850
28613,25984,52
28614,25544,1714
28615,23317,10608
28616,25985,48
28617,25961,136
28618,25954,164
28619,25985,48
28620,25954,164
28621,25654,1296
28622,13875,61198
28623,25981,62
28624,20318,24024
28625,25940,216
28626,25940,216
28627,25941,212
28628,24998,3822
28629,25912,320
28630,243,455526
28631,25171,3150
28632,25985,48
28633,25965,120
28634,25932,244
28635,25990,28
28636,25931,248
28637,25991,24
28638,25907,340
28639,25984,52
28640,25260,2806
28641,25978,72
28642,25951,176
28643,25677,1210
28644,25899,368
28645,25958,148
28646,25906,344
28647,25953,168
28648,25893,392
28649,25952,172
28650,25965,120
28651,25976,80
28652,25985,48
28653,25954,164
28654,25956,156
28655,25945,196
28656,25934,240
28657,25364,2404
28658,25927,264
28659,25751,928
28660,25228,2928
28661,25263,2792
28662,25881,436
28663,24951,4004
28664,25694,1146
28665,25778,826
28666,25972,96
28667,25853,542
28668,25968,110
28669,25990,28
28670,25844,576
28671,25053,3608
28672,23183,11166
28673,24626,5284
28674,23558,9604
28675,25962,132
28676,23367,10398
28677,12542,71048
28678,25971,100
28679,1962,251856
28680,25985,48
28681,25655,1291
28682,25470,1996
28683,25985,48
28684,25997,0
28685,25384,2328
28686,16167,46300
28687,25088,3470
28688,25984,52
28689,25938,224
28690,25110,3384
28691,25977,76
28692,25958,148
28693,25971,100
28694,24794,4620
28695,24716,4926
28696,25873,466
28697,25997,0
28698,24025,7690
28699,22781,12874
28700,25938,224
28701,25951,176
28702,25964,124
28703,24260,6740
28704,25927,264
28705,25968,112
28706,23165,11242
28707,25468,2004
28708,25610,1462
28709,25940,216
28710,25948,184
28711,25960,140
28712,23705,8996
28713,25964,124
28714,25984,52
28715,25961,136
28716,25991,24
28717,23529,9724
28718,25608,1472
28719,25942,208
28720,25960,140
28721,22563,13810
28722,24820,4518
28723,25965,120
28724,25867,492
28725,25923,280
28726,25935,236
28727,25148,3236
28728,25978,72
28729,25962,134
28730,13563,63418
28731,25997,0
28732,25908,336
28733,25921,288
28734,25978,72
28735,25931,248
28736,25888,412
28737,25984,52
28738,25968,112
28739,1640,269312
28740,25926,268
28741,25916,306
28742,23981,7868
28743,24450,5982
28744,25956,156
28745,25949,180
28746,25951,174
28747,25983,56
28748,25927,264
28749,25978,72
28750,23513,9792
28751,25271,2762
28752,25444,2098
28753,25446,2090
28754,24175,7084
28755,25935,236
28756,25918,300
28757,20231,24444
28758,17581,38130
28759,25106,3400
28760,25985,48
28761,15509,50348
28762,25991,24
28763,25997,0
28764,25971,100
28765,25971,100
28766,25734,994
28767,25798,752
28768,25918,300
28769,24869,4324
28770,23577,9524
28771,25697,1132
28772,25963,128
28773,25972,96
28774,24786,4650
28775,25887,414
28776,25964,124
28777,25997,0
28778,25937,228
28779,25293,2678
28780,25771,854
28781,25853,544
28782,25923,280
28783,25933,242
28784,25769,862
28785,20202,24584
28786,25997,0
28787,25972,96
28788,25156,3206
28789,25928,260
28790,25935,236
28791,25963,128
28792,25985,48
28793,25971,100
28794,25952,172
28795,25991,24
28796,25997,0
28797,25899,370
28798,24514,5728
28799,6939,128740
28800,23543,9664
28801,25779,824
28802,25971,100
28803,25990,28
28804,25940,216
28805,25909,332
28806,25970,104
28807,25139,3272
28808,24831,4476
28809,25955,160
28810,19830,26396
28811,25976,80
28812,25965,120
28813,23542,9668
28814,25991,24
28815,25953,166
28816,25938,224
28817,25845,572
28818,25976,80
28819,25959,144
28820,25930,252
28821,25646,1328
28822,25944,200
28823,25944,200
28824,25951,176
28825,25914,312
28826,25264,2790
28827,25991,24
28828,22882,12442
28829,25985,48
28830,25935,236
28831,25488,1928
28832,5115,158460
28833,25971,100
28834,25139,3272
28835,8215,112288
28836,25842,586
28837,14984,53708
28838,25943,204
28839,25991,24
28840,21322,19326
28841,25952,172
28842,24445,6000
28843,24682,5060
28844,25965,120
28845,25953,166
28846,25502,1874
28847,25935,236
28848,25885,422
28849,25751,928
28850,22844,12604
28851,25970,104
28852,25977,76
28853,25971,100
28854,25990,28
28855,25981,60
28856,25965,120
28857,25975,84
28858,22879,12456
28859,25714,1068
28860,25971,98
28861,25550,1694
28862,15481,50528
28863,25782,812
28864,21363,19136
28865,25954,164
28866,24836,4456
28867,25975,84
28868,24726,4886
28869,25856,532
28870,25984,52
28871,15853,48212
28872,25863,506
28873,25669,1240
28874,25817,678
28875,25963,128
28876,25935,234
28877,25878,448
28878,25972,96
28879,25253,2832
28880,25743,960
28881,25927,264
28882,25892,396
28883,25541,1726
28884,25914,312
28885,25997,0
28886,25387,2316
28887,25880,440
28888,24874,4304
28889,24094,7410
28890,25975,84
28891,25956,156
28892,21327,19302
28893,25108,3392
28894,25896,380
28895,25923,280
28896,25017,3746
28897,25937,228
28898,25275,2748
28899,25594,1524
28900,25964,124
28901,23902,8190
28902,23092,11552
28903,25963,128
28904,25967,116
28905,25939,220
28906,25978,72
28907,25963,128
28908,25965,120
28909,23175,11202
28910,25964,126
28911,25978,72
28912,25945,196
28913,21001,20802
28914,25818,674
28915,20426,23508
28916,25964,124
28917,25311,2608
28918,25593,1528
28919,25971,98
28920,25967,116
28921,25919,296
28922,25640,1348
28923,25949,180
28924,25983,56
28925,24972,3924
28926,1,846222
28927,24671,5104
28928,25983,56
28929,25328,2544
28930,25829,634
28931,23853,8392
28932,25972,96
28933,23024,11840
28934,25960,142
28935,25672,1228
28936,24991,3850
28937,24659,5152
28938,24987,3864
28939,25903,354
28940,25630,1386
28941,23853,8392
28942,25489,1924
28943,25997,0
28944,25985,48
28945,14808,54856
28946,25927,264
28947,25991,24
28948,25978,72
28949,25924,274
28950,25983,56
28951,25965,120
28952,25934,240
28953,24731,4868
28954,25991,24
28955,25849,558
28956,25991,24
28957,25839,594
28958,25908,336
28959,25958,148
28960,25692,1153
28961,25884,428
28962,25970,104
28963,25990,28
28964,25975,86
28965,24717,4922
28966,25956,156
28967,25779,822
28968,25645,1332
28969,25975,84
28970,25955,160
28971,25938,222
28972,24563,5532
28973,25584,1562
28974,25971,100
28975,25891,400
28976,25704,1108
28977,25945,196
28978,25962,132
28979,25963,128
28980,25991,24
28981,25927,264
28982,24863,4348
28983,25951,176
28984,25942,208
28985,25978,72
28986,24850,4400
28987,25978,72
28988,24891,4240
28989,25962,132
28990,25871,476
28991,25949,180
28992,25009,3778
28993,25965,120
28994,25898,372
28995,25997,0
28996,24389,6224
28997,25972,96
28998,25913,318
28999,25970,104
29000,25304,2634
29001,25972,96
29002,25198,3044
29003,25228,2928
29004,25970,104
29005,25771,852
29006,25884,428
29007,25970,104
29008,25679,1202
29009,25587,1550
29010,25947,188
29011,25352,2450
29012,19229,29394
29013,25928,260
29014,25962,132
29015,25860,518
29016,25946,192
29017,25919,296
29018,25921,288
29019,25977,76
29020,25971,100
29021,25025,3716
29022,25962,132
29023,22892,12400
29024,25977,76
29025,22308,14916
29026,25880,440
29027,25985,48
29028,25970,104
29029,25925,272
29030,25468,2004
29031,25951,176
29032,25911,326
29033,25643,1338
29034,24207,6956
29035,25958,148
29036,25854,540
29037,24958,3976
29038,25958,148
29039,24582,5458
29040,25708,1092
29041,25810,706
29042,25858,524
29043,25941,212
29044,25972,96
29045,25972,96
29046,19785,26616
29047,25936,232
29048,25963,128
29049,25978,72
29050,25978,72
29051,16237,45880
29052,25918,300
29053,25997,0
29054,25997,0
29055,9952,93596
29056,25925,272
29057,24888,4252
29058,25186,3092
29059,21984,16344
29060,25930,252
29061,24687,5040
29062,25738,978
29063,25967,116
29064,25946,192
29065,25970,104
29066,25930,252
29067,23023,11844
29068,25962,134
29069,25985,48
29070,23475,9948
29071,25958,148
29072,25828,636
29073,23799,8612
29074,25956,156
29075,25976,80
29076,24975,3912
29077,25872,470
29078,25970,104
29079,25942,208
29080,25231,2918
29081,25956,154
29082,25039,3660
29083,25611,1460
29084,10793,85686
29085,25990,28
29086,25963,128
29087,25968,112
29088,25997,0
29089,25917,302
29090,24484,5846
29091,20033,25400
29092,25984,52
29093,25715,1066
29094,25997,0
29095,25574,1600
29096,25958,148
29097,23474,9952
29098,25949,180
29099,25961,138
29100,23718,8944
29101,25904,352
29102,25117,3358
29103,25963,128
29104,25793,768
29105,25959,144
29106,25466,2012
29107,25963,128
29108,25310,2612
29109,25526,1784
29110,25973,92
29111,25960,140
29112,25971,100
29113,25218,2968
29114,25874,464
29115,25983,56
29116,25965,120
29117,23307,10648
29118,25791,776
29119,25997,0
29120,16490,44374
29121,25835,612
29122,25973,90
29123,25978,72
29124,25983,56
29125,25386,2320
29126,25990,28
29127,15425,50880
29128,25349,2462
29129,25958,148
29130,25927,264
29131,25969,108
29132,25970,104
29133,25091,3460
29134,16420,44788
29135,25997,0
29136,25981,60
29137,25744,956
29138,22839,12626
29139,25877,452
29140,25970,104
29141,25957,152
29142,14904,54228
29143,25981,60
29144,25416,2204
29145,25941,212
29146,25981,60
29147,25952,172
29148,25997,0
29149,25978,72
29150,25915,308
29151,23258,10854
29152,22573,13768
29153,25900,366
29154,25209,3000
29155,22905,12342
29156,25969,108
29157,25114,3370
29158,25963,128
29159,25902,360
29160,25779,824
29161,25937,228
29162,25948,184
29163,24585,5446
29164,25896,380
29165,25954,164
29166,25897,376
29167,25931,248
29168,22438,14352
29169,25807,716
29170,25991,24
29171,25956,154
29172,25965,120
29173,25924,276
29174,25985,48
29175,25631,1382
29176,25132,3298
29177,23225,10990
29178,25652,1304
29179,25915,310
29180,25897,376
29181,25873,466
29182,25934,240
29183,25913,316
29184,25971,98
29185,7122,126208
29186,25480,1958
29187,25975,84
29188,25846,568
29189,25968,112
29190,25963,128
29191,25868,488
29192,24995,3834
29193,25985,48
29194,25924,276
29195,25904,352
29196,25991,24
29197,25991,24
29198,25922,284
29199,25985,48
29200,15242,52042
29201,15101,52946
29202,25948,184
29203,25975,84
29204,25981,60
29205,25802,736
29206,25943,204
29207,22092,15868
29208,25984,52
29209,24984,3874
29210,25895,384
29211,25985,48
29212,25958,148
29213,25930,252
29214,25951,176
29215,25929,256
29216,25576,1592
29217,25958,148
29218,25959,144
29219,25131,3304
29220,25463,2026
29221,25960,140
29222,25963,128
29223,25812,698
29224,25269,2770
29225,24747,4806
29226,22446,14316
29227,25922,284
29228,23542,9672
29229,25977,76
29230,25851,552
29231,25985,48
29232,25958,148
29233,25997,0
29234,25953,168
29235,25952,172
29236,25926,268
29237,25977,76
29238,23411,10216
29239,25964,124
29240,25965,120
29241,18322,34102
29242,25829,632
29243,25957,152
29244,24985,3870
29245,24397,6194
29246,25925,272
29247,25984,52
29248,25918,300
29249,11835,76700
29250,25953,168
29251,25930,252
29252,25651,1306
29253,25940,216
29254,25582,1570
29255,25933,243
29256,25764,878
29257,25963,128
29258,25362,2412
29259,23361,10424
29260,22503,14068
29261,25741,968
29262,25942,208
29263,25536,1744
29264,25964,124
29265,25930,252
29266,25988,36
29267,25912,320
29268,25372,2372
29269,25525,1788
29270,25971,100
29271,25963,128
29272,25936,232
29273,24011,7748
29274,24223,6892
29275,25971,100
29276,23468,9976
29277,21510,18468
29278,25881,436
29279,25915,308
29280,21688,17666
29281,25895,384
29282,25937,228
29283,25951,174
29284,25943,204
29285,25940,216
29286,22961,12106
29287,25985,48
29288,25997,0
29289,25444,2096
29290,25942,208
29291,25881,436
29292,25972,96
29293,25818,676
29294,25968,112
29295,25430,2152
29296,15480,50534
29297,25898,372
29298,25937,228
29299,25776,832
29300,25985,48
29301,22962,12100
29302,25791,776
29303,21116,20272
29304,25946,192
29305,25963,128
29306,25958,148
29307,25967,116
29308,19176,29666
29309,25997,0
29310,24498,5792
29311,25368,2388
29312,25508,1852
29313,20353,23856
29314,25948,184
29315,25242,2874
29316,25985,48
29317,25374,2366
29318,25978,72
29319,25971,100
29320,25991,24
29321,25980,64
29322,25968,110
29323,25794,766
29324,25934,238
29325,25853,544
29326,25589,1544
29327,25899,368
29328,25472,1992
29329,25645,1332
29330,25964,124
29331,25897,376
29332,25886,420
29333,25053,3608
29334,20184,24670
29335,25978,72
29336,25693,1148
29337,25991,24
29338,16759,42794
29339,25959,144
29340,25942,208
29341,25817,680
29342,25938,224
29343,25878,448
29344,25048,3626
29345,25940,216
29346,25582,1572
29347,25463,2024
29348,25984,52
29349,25756,908
29350,25963,128
29351,25977,76
29352,25984,52
29353,25926,268
29354,25905,348
29355,25962,132
29356,25890,404
29357,24838,4446
29358,24673,5096
29359,5244,156044
29360,25964,124
29361,25938,224
29362,25462,2030
29363,25959,144
29364,24842,4430
29365,25985,48
29366,25929,256
29367,25601,1496
29368,25997,0
29369,11282,81368
29370,14172,59136
29371,22907,12336
29372,25963,128
29373,25997,0
29374,25985,48
29375,25039,3660
29376,24588,5434
29377,25086,3478
29378,25515,1824
29379,25951,176
29380,25226,2936
29381,25958,148
29382,24807,4568
29383,25108,3394
29384,25727,1020
29385,24136,7242
29386,25957,152
29387,25932,244
29388,25957,152
29389,25977,76
29390,25074,3524
29391,25970,104
29392,25961,136
29393,25976,80
29394,24635,5248
29395,25932,244
29396,25874,464
29397,15536,50180
29398,25934,240
29399,25991,24
29400,25991,24
29401,25985,48
29402,25937,226
29403,22858,12544
29404,25997,0
29405,24872,4312
29406,25977,76
29407,25868,488
29408,25946,194
29409,25942,208
29410,19920,25954
29411,25927,264
29412,25977,76
29413,24548,5590
29414,25977,76
29415,25997,0
29416,25466,2012
29417,25588,1546
29418,25931,248
29419,25948,184
29420,25782,812
29421,25949,182
29422,25564,1640
29423,23534,9702
29424,25978,72
29425,25997,0
29426,25926,268
29427,25917,302
29428,25997,0
29429,25948,184
29430,25985,48
29431,25990,28
29432,19592,27570
29433,25920,292
29434,25963,128
29435,25445,2092
29436,25926,268
29437,25241,2880
29438,25107,3398
29439,25911,324
29440,25441,2110
29441,25875,460
29442,25870,480
29443,25578,1584
29444,25930,252
29445,25957,152
29446,25976,80
29447,25893,392
29448,24376,6276
29449,25977,76
29450,25907,340
29451,25944,200
29452,25911,324
29453,25068,3548
29454,25949,180
29455,25985,48
29456,25969,108
29457,25775,836
29458,25699,1126
29459,25364,2406
29460,25980,64
29461,25912,320
29462,24521,5698
29463,22561,13818
29464,25931,248
29465,24081,7462
29466,25699,1126
29467,25786,796
29468,25354,2442
29469,25957,152
29470,25484,1944
29471,24982,3884
29472,25749,936
29473,25984,52
29474,25940,216
29475,25851,552
29476,25984,52
29477,25781,816
29478,25991,24
29479,19282,29124
29480,25975,84
29481,17716,37380
29482,25892,396
29483,25960,140
29484,25932,244
29485,25972,96
29486,25991,24
29487,22400,14516
29488,23909,8164
29489,25978,72
29490,25936,232
29491,25991,24
29492,22623,13552
29493,25985,48
29494,25968,112
29495,25937,228
29496,25946,192
29497,25914,312
29498,25853,544
29499,25964,124
29500,25866,494
29501,25952,172
29502,24955,3990
29503,25922,284
29504,25997,0
29505,25432,2144
29506,24849,4404
29507,25928,260
29508,25981,60
29509,25960,140
29510,25964,124
29511,25888,410
29512,25695,1142
29513,25816,684
29514,25377,2354
29515,25969,108
29516,25991,24
29517,25978,72
29518,25302,2644
29519,25978,72
29520,25927,264
29521,25991,24
29522,25971,100
29523,25969,108
29524,25971,100
29525,25938,224
29526,25931,248
29527,25964,124
29528,25991,24
29529,25970,104
29530,352,419290
29531,25997,0
29532,21133,20190
29533,25537,1740
29534,25921,288
29535,24278,6668
29536,25983,56
29537,25894,388
29538,24814,4542
29539,14265,58500
29540,25875,460
29541,25922,284
29542,25932,244
29543,25952,172
29544,25875,460
29545,25658,1280
29546,25856,531
29547,25299,2654
29548,25946,192
29549,25991,24
29550,25991,24
29551,25956,156
29552,25880,440
29553,25972,96
29554,25972,96
29555,19983,25646
29556,25869,484
29557,25953,168
29558,25985,48
29559,20039,25372
29560,25937,226
29561,24320,6502
29562,25991,24
29563,25876,456
29564,25954,164
29565,24659,5152
29566,21346,19216
29567,25944,200
29568,25931,248
29569,25954,164
29570,25963,128
29571,25959,144
29572,25862,510
29573,24654,5172
29574,25920,292
29575,25461,2032
29576,25101,3422
29577,25935,236
29578,25971,100
29579,25964,124
29580,25967,116
29581,25949,180
29582,25977,76
29583,25869,484
29584,25960,140
29585,25991,24
29586,23378,10352
29587,25960,140
29588,25183,3104
29589,25991,24
29590,25948,184
29591,25932,246
29592,25931,248
29593,25955,160
29594,25826,646
29595,25935,236
29596,25924,276
29597,23458,10018
29598,25991,24
29599,25961,138
29600,25991,24
29601,25957,152
29602,25971,100
29603,25981,60
29604,25938,224
29605,25955,160
29606,25948,184
29607,25997,0
29608,25051,3616
29609,25882,432
29610,25981,60
29611,25930,252
29612,25936,232
29613,25859,522
29614,25924,276
29615,25831,626
29616,24915,4144
29617,25922,282
29618,25978,72
29619,25472,1992
29620,25869,484
29621,25939,220
29622,25218,2968
29623,25887,414
29624,24967,3940
29625,25985,48
29626,25990,28
29627,25970,104
29628,22041,16092
29629,25542,1722
29630,25091,3458
29631,14394,57622
29632,25919,296
29633,24426,6078
29634,25946,192
29635,15461,50652
29636,22488,14134
29637,25345,2476
29638,25966,118
29639,25863,504
29640,25517,1820
29641,25934,240
29642,25969,108
29643,25997,0
29644,25852,546
29645,25976,80
29646,25810,706
29647,25974,88
29648,25918,300
29649,24767,4724
29650,25913,316
29651,23582,9504
29652,25740,970
29653,25484,1944
29654,25948,184
29655,25920,292
29656,25021,3732
29657,25969,108
29658,12433,71896
29659,25985,48
29660,25908,336
29661,25853,544
29662,10472,88624
29663,25937,228
29664,25949,180
29665,25960,140
29666,25410,2228
29667,21067,20496
29668,25924,276
29669,25959,144
29670,25975,84
29671,25968,112
29672,15968,47506
29673,25997,0
29674,25742,964
29675,25976,80
29676,23709,8980
29677,24703,4980
29678,25930,252
29679,25975,84
29680,25997,0
29681,25755,914
29682,25235,2900
29683,24704,4976
29684,25845,574
29685,25951,176
29686,24323,6488
29687,25191,3072
29688,25972,96
29689,23729,8899
29690,25978,72
29691,25851,552
29692,25974,88
29693,25893,392
29694,25607,1476
29695,25972,96
29696,25145,3248
29697,4292,175574
29698,25997,0
29699,25483,1948
29700,25949,182
29701,25911,326
29702,25783,806
29703,25970,104
29704,25779,824
29705,25912,322
29706,25859,522
29707,24786,4652
29708,25972,96
29709,25644,1334
29710,25997,0
29711,25976,80
29712,25955,160
29713,25811,702
29714,25237,2892
29715,25865,496
29716,25779,824
29717,25972,96
29718,25124,3332
29719,17915,36291
29720,25978,72
29721,25963,128
29722,25929,256
29723,22722,13124
29724,25709,1086
29725,25894,388
29726,24614,5328
29727,25969,108
29728,20986,20870
29729,25985,48
29730,22347,14748
29731,22279,15044
29732,25963,128
29733,25949,180
29734,24644,5210
29735,25969,108
29736,24933,4076
29737,25997,0
29738,25879,444
29739,25965,120
29740,12377,72334
29741,25916,304
29742,25931,248
29743,25984,52
29744,25880,440
29745,25573,1606
29746,25941,212
29747,24654,5172
29748,23993,7822
29749,25446,2090
29750,25963,130
29751,25898,374
29752,25088,3472
29753,25984,52
29754,25849,558
29755,25887,416
29756,25997,0
29757,25965,120
29758,24326,6478
29759,25903,356
29760,25978,72
29761,25317,2584
29762,15287,51758
29763,25948,184
29764,25969,108
29765,25922,284
29766,25991,24
29767,25513,1834
29768,25912,320
29769,24888,4250
29770,25457,2049
29771,25634,1372
29772,24604,5368
29773,25924,277
29774,25991,24
29775,25977,76
29776,25961,136
29777,25938,224
29778,25975,84
29779,25978,72
29780,25990,28
29781,25946,192
29782,25663,1262
29783,25562,1646
29784,24048,7596
29785,25303,2638
29786,24516,5720
29787,24645,5206
29788,21750,17386
29789,25903,356
29790,25570,1616
29791,25502,1876
29792,25656,1288
29793,24690,5028
29794,25895,384
29795,25981,60
29796,25990,28
29797,25945,196
29798,25926,268
29799,25997,0
29800,25913,316
29801,25988,36
29802,21506,18488
29803,25887,416
29804,25915,308
29805,25597,1514
29806,25290,2688
29807,24301,6576
29808,24820,4518
29809,25929,256
29810,25955,158
29811,25929,256
29812,25435,2132
29813,25925,272
29814,25918,298
29815,25965,120
29816,19025,30436
29817,24393,6208
29818,25953,168
29819,25952,172
29820,25954,162
29821,25991,24
29822,25914,314
29823,25847,564
29824,25980,64
29825,25944,200
29826,25962,132
29827,25990,28
29828,25165,3172
29829,25997,0
29830,25934,240
29831,25997,0
29832,25905,348
29833,25978,72
29834,25961,136
29835,25964,124
29836,25929,256
29837,25537,1742
29838,25997,0
29839,25958,148
29840,25924,276
29841,25075,3520
29842,24273,6688
29843,25151,3226
29844,25941,212
29845,25953,168
29846,25965,120
29847,25860,518
29848,25977,76
29849,25949,180
29850,25959,144
29851,25985,48
29852,25848,562
29853,25600,1500
29854,25990,28
29855,15316,51572
29856,25645,1332
29857,25360,2420
29858,24549,5586
29859,25958,148
29860,25962,132
29861,19512,27968
29862,23487,9900
29863,25960,140
29864,24641,5222
29865,25939,220
29866,25133,3296
29867,25884,428
29868,21620,17970
29869,25949,180
29870,25983,56
29871,25500,1882
29872,24425,6080
29873,25729,1012
29874,25923,278
29875,25978,72
29876,25991,24
29877,25094,3446
29878,25198,3044
29879,25750,934
29880,25952,172
29881,24780,4676
29882,25990,28
29883,25948,184
29884,25946,192
29885,25413,2216
29886,25939,220
29887,25882,432
29888,25931,248
29889,25939,220
29890,23272,10796
29891,25976,80
29892,24930,4088
29893,24987,3864
29894,25567,1628
29895,25784,804
29896,25578,1584
29897,25938,224
29898,25705,1102
29899,22150,15612
29900,25963,128
29901,25938,224
29902,25948,184
29903,25977,76
29904,18586,32708
29905,25459,2040
29906,25976,80
29907,25746,948
29908,25903,356
29909,20135,24906
29910,25842,584
29911,24863,4350
29912,25978,72
29913,25977,76
29914,25778,828
29915,25965,120
29916,18643,32413
29917,25969,108
29918,25408,2236
29919,25962,132
29920,19797,26556
29921,25985,48
29922,25969,108
29923,25939,220
29924,25991,24
29925,19443,28316
29926,25834,616
29927,24977,3904
29928,25973,92
29929,25901,364
29930,25971,100
29931,25940,216
29932,25958,148
29933,25956,154
29934,25978,72
29935,25425,2172
29936,25939,220
29937,25997,0
29938,21798,17172
29939,25981,60
29940,25806,720
29941,23143,11336
29942,20814,21674
29943,25859,520
29944,25951,176
29945,25428,2160
29946,25988,36
29947,25899,368
29948,25952,172
29949,25953,168
29950,19677,27152
29951,24695,5010
29952,25661,1268
29953,25971,100
29954,25991,24
29955,25766,872
29956,25748,940
29957,25971,100
29958,25395,2284
29959,4,1000000
29960,24419,6104
29961,25360,2420
29962,25983,56
29963,25967,116
29964,7696,118652
29965,13061,67094
29966,25965,120
29967,25984,52
29968,25939,220
29969,20016,25484
29970,25880,442
29971,25975,84
29972,25932,244
29973,25978,72
29974,25983,56
29975,25972,96
29976,17186,40340
29977,25958,148
29978,25962,132
29979,25997,0
29980,24776,4692
29981,19489,28084
29982,15070,53148
29983,25943,204
29984,24151,7180
29985,23809,8572
29986,25984,52
29987,25764,880
29988,25978,72
29989,25968,112
29990,25964,124
29991,25792,772
29992,25563,1644
29993,25971,100
29994,25960,140
29995,25936,232
29996,25896,380
29997,25767,868
29998,25957,152
29999,25975,84
30000,128,517586
30001,25975,84
30002,25922,282
30003,25963,128
30004,25125,3328
30005,24259,6744
30006,25970,104
30007,24174,7086
30008,25970,104
30009,25997,0
30010,25965,120
30011,25678,1206
30012,25949,180
30013,25504,1868
30014,25958,148
30015,25951,176
30016,25949,182
30017,25285,2710
30018,25913,316
30019,25790,780
30020,25983,56
30021,25959,144
30022,25991,24
30023,25988,36
30024,25904,350
30025,25137,3280
30026,21868,16858
30027,25978,72
30028,25629,1392
30029,25726,1022
30030,25538,1738
30031,16847,42282
30032,25618,1432
30033,25431,2146
30034,25849,560
30035,25608,1472
30036,23597,9444
30037,25962,132
30038,25954,164
30039,25984,52
30040,25963,128
30041,25964,124
30042,25990,28
30043,25948,184
30044,21359,19156
30045,25261,2802
30046,25495,1902
30047,25923,280
30048,25988,36
30049,25310,2612
30050,25188,3082
30051,25395,2284
30052,25932,244
30053,25978,72
30054,25470,1998
30055,25946,192
30056,25978,72
30057,25918,300
30058,23829,8488
30059,23925,8096
30060,25914,314
30061,25984,52
30062,25939,220
30063,25509,1850
30064,25940,216
30065,25984,52
30066,22626,13538
30067,24717,4924
30068,25972,96
30069,25978,72
30070,25854,540
30071,25922,284
30072,25799,748
30073,25656,1288
30074,16925,41836
30075,25906,344
30076,24838,4448
30077,25956,156
30078,25936,232
30079,25990,28
30080,25961,136
30081,25859,520
30082,25923,280
30083,25626,1404
30084,25712,1076
30085,25978,72
30086,25921,288
30087,25990,28
30088,20693,22242
30089,25972,96
30090,25961,136
30091,25990,28
30092,25977,76
30093,25847,564
30094,25931,248
30095,25881,436
30096,25965,120
30097,25962,132
30098,25922,284
30099,25997,0
30100,24118,7316
30101,25988,36
30102,25977,76
30103,25965,120
30104,25897,376
30105,25338,2504
30106,22692,13256
30107,25885,422
30108,25997,0
30109,25981,62
30110,25985,48
30111,25942,208
30112,25901,364
30113,25983,56
30114,25162,3184
30115,24745,4812
30116,25001,3810
30117,25902,360
30118,21017,20728
30119,25849,560
30120,25322,2566
30121,25823,656
30122,25926,268
30123,25997,0
30124,15329,51490
30125,25972,96
30126,25920,292
30127,25964,124
30128,25952,172
30129,25614,1448
30130,25955,160
30131,22731,13088
30132,25932,244
30133,24778,4684
30134,25984,52
30135,25238,2890
30136,25497,1896
30137,25898,372
30138,25985,48
30139,25969,108
30140,25968,112
30141,25949,180
30142,24721,4908
30143,18225,34620
30144,25984,52
30145,25952,172
30146,25699,1124
30147,25956,156
30148,25968,112
30149,25205,3016
30150,25939,218
30151,25559,1656
30152,24262,6732
30153,25949,180
30154,25965,120
30155,25672,1229
30156,25965,120
30157,25228,2930
30158,25997,0
30159,25960,140
30160,4068,180790
30161,25761,892
30162,25970,104
30163,25587,1552
30164,23520,9762
30165,25806,720
30166,25977,76
30167,25997,0
30168,24498,5792
30169,23716,8952
30170,25990,28
30171,25920,292
30172,25821,662
30173,25946,192
30174,25946,192
30175,25792,774
30176,25038,3664
30177,25975,84
30178,23264,10828
30179,24559,5548
30180,25963,128
30181,25697,1132
30182,25978,72
30183,25525,1788
30184,25990,28
30185,25960,140
30186,25988,36
30187,25972,96
30188,25943,204
30189,25949,180
30190,25390,2304
30191,25991,24
30192,25925,272
30193,25984,52
30194,25985,48
30195,25923,280
30196,25947,188
30197,25991,24
30198,25990,28
30199,25838,598
30200,25985,48
30201,25947,188
30202,25991,24
30203,25723,1036
30204,25972,96
30205,24779,4678
30206,25931,248
30207,24288,6630
30208,25990,28
30209,25582,1572
30210,25191,3072
30211,24958,3978
30212,25962,132
30213,25932,244
30214,25946,192
30215,25969,108
30216,25222,2950
30217,25170,3152
30218,23987,7846
30219,25962,132
30220,25970,104
30221,25970,104
30222,25971,100
30223,24389,6226
30224,25701,1116
30225,25957,152
30226,23853,8392
30227,25044,3642
30228,25549,1696
30229,25906,344
30230,25479,1964
30231,25705,1102
30232,25941,212
30233,23149,11310
30234,25970,104
30235,25564,1640
30236,25967,116
30237,25920,292
30238,25870,480
30239,25913,318
30240,25991,24
30241,25943,204
30242,16549,44024
30243,25745,950
30244,25926,268
30245,24290,6622
30246,24650,5188
30247,25415,2208
30248,25788,788
30249,25845,572
30250,25981,60
30251,25975,84
30252,24449,5986
30253,25878,448
30254,25915,308
30255,25988,36
30256,23942,8026
30257,25974,88
30258,25963,128
30259,25974,88
30260,25976,80
30261,24720,4912
30262,25844,576
30263,25922,284
30264,25965,120
30265,23169,11228
30266,25936,232
30267,25877,452
30268,25251,2840
30269,25965,120
30270,25144,3252
30271,23419,10182
30272,25178,3120
30273,25929,256
30274,25931,248
30275,25985,48
30276,25799,748
30277,25971,98
30278,25892,396
30279,25990,28
30280,25984,52
30281,25949,180
30282,25735,988
30283,25931,248
30284,25901,364
30285,25935,236
30286,19613,27468
30287,24550,5582
30288,25916,304
30289,1000,317514
30290,25975,84
30291,25949,180
30292,25946,192
30293,25528,1776
30294,25069,3544
30295,25939,220
30296,24775,4696
30297,25976,80
30298,25514,1830
30299,25980,64
30300,25977,76
30301,25667,1248
30302,25964,124
30303,20093,25112
30304,25956,156
30305,25443,2100
30306,25272,2760
30307,25204,3020
30308,25972,96
30309,25666,1252
30310,25985,48
30311,25842,586
30312,25928,260
30313,25726,1024
30314,25970,104
30315,25853,544
30316,25857,528
30317,25991,24
30318,25799,748
30319,16412,44832
30320,25985,48
30321,25975,84
30322,25678,1206
30323,25972,96
30324,20700,22208
30325,25911,324
30326,25910,328
30327,25957,152
30328,24568,5512
30329,25022,3728
30330,25953,168
30331,24148,7194
30332,25914,312
30333,25971,100
30334,25948,184
30335,25991,24
30336,24406,6158
30337,25905,348
30338,19825,26418
30339,25940,216
30340,25944,200
30341,25935,236
30342,21455,18720
30343,25607,1476
30344,25974,88
30345,21370,19104
30346,24036,7646
30347,25272,2760
30348,25960,140
30349,25963,128
30350,20409,23588
30351,25957,152
30352,24046,7604
30353,25124,3332
30354,25978,72
30355,25955,160
30356,25261,2802
30357,25937,228
30358,25955,160
30359,25935,236
30360,25969,108
30361,25985,48
30362,25972,96
30363,25920,292
30364,25974,88
30365,25436,2128
30366,19920,25952
30367,25972,96
30368,25771,852
30369,24926,4104
30370,25975,84
30371,25977,76
30372,25978,72
30373,25951,176
30374,25227,2932
30375,25978,72
30376,24995,3832
30377,25942,209
30378,25898,372
30379,25977,76
30380,25990,28
30381,25198,3043
30382,25975,84
30383,25965,120
30384,25964,124
30385,25988,36
30386,25421,2184
30387,21277,19530
30388,25969,108
30389,25983,56
30390,25981,60
30391,25983,56
30392,25956,156
30393,25952,172
30394,25614,1448
30395,25852,548
30396,25071,3536
30397,25919,296
30398,25964,124
30399,25977,76
30400,25098,3430
30401,25975,84
30402,25034,3680
30403,25957,150
30404,25964,124
30405,25920,292
30406,24057,7562
30407,25949,180
30408,25990,28
30409,25792,774
30410,25962,132
30411,20663,22382
30412,23093,11546
30413,25898,374
30414,25955,160
30415,25971,100
30416,24260,6740
30417,25978,72
30418,25910,328
30419,25976,80
30420,24353,6368
30421,25959,144
30422,25932,244
30423,25902,360
30424,25959,144
30425,25954,162
30426,25765,874
30427,25991,24
30428,25990,28
30429,25967,114
30430,25926,268
30431,25985,48
30432,24485,5844
30433,25885,424
30434,24928,4096
30435,25769,862
30436,25981,60
30437,25951,176
30438,25506,1862
30439,25990,28
30440,25985,48
30441,25931,248
30442,25942,208
30443,25973,92
30444,25888,410
30445,25298,2660
30446,25139,3272
30447,25819,672
30448,25921,288
30449,24410,6140
30450,25953,168
30451,25959,144
30452,25921,288
30453,25959,146
30454,25984,52
30455,23039,11774
30456,25914,314
30457,25968,112
30458,23307,10648
30459,25997,0
30460,25891,400
30461,25939,220
30462,25935,236
30463,23275,10780
30464,25991,24
30465,25351,2454
30466,19092,30090
30467,25892,396
30468,25654,1296
30469,25958,148
30470,25797,756
30471,25346,2474
30472,25967,116
30473,25965,120
30474,25959,144
30475,25977,76
30476,25997,0
30477,25922,284
30478,25983,56
30479,25963,128
30480,25953,168
30481,25985,48
30482,25007,3786
30483,25948,186
30484,25991,24
30485,25940,216
30486,23011,11892
30487,25957,152
30488,25166,3168
30489,25984,52
30490,25961,136
30491,25978,72
30492,25300,2652
30493,21177,19988
30494,25960,140
30495,25239,2884
30496,25991,24
30497,25955,160
30498,25961,136
30499,25805,726
30500,25972,96
30501,25951,176
30502,25909,332
30503,25997,0
30504,25978,72
30505,25985,48
30506,25878,450
30507,25923,280
30508,24128,7272
30509,25985,48
30510,13835,61482
30511,25990,28
30512,25991,24
30513,24272,6694
30514,25946,192
30515,25978,72
30516,25927,264
30517,25958,148
30518,25938,224
30519,25902,358
30520,25997,0
30521,25997,0
30522,25912,320
30523,25969,108
30524,25902,358
30525,25013,3762
30526,25931,248
30527,24900,4202
30528,25988,36
30529,24658,5154
30530,25919,296
30531,16701,43134
30532,25940,216
30533,25949,180
30534,25990,28
30535,25760,894
30536,25859,520
30537,23203,11082
30538,25990,28
30539,25909,332
30540,25975,84
30541,24215,6924
30542,25208,3004
30543,25961,136
30544,24073,7496
30545,25980,64
30546,25962,132
30547,25866,494
30548,25895,384
30549,25799,748
30550,25962,132
30551,24966,3946
30552,25903,356
30553,25632,1380
30554,25431,2146
30555,25905,348
30556,25943,204
30557,10121,91948
30558,24876,4298
30559,25847,566
30560,25514,1830
30561,25969,108
30562,25962,132
30563,25997,0
30564,25960,140
30565,25980,64
30566,25913,316
30567,25953,168
30568,25890,404
30569,24806,4572
30570,25935,236
30571,25971,100
30572,25517,1820
30573,25957,152
30574,25568,1624
30575,25984,52
30576,24577,5476
30577,25026,3710
30578,25828,636
30579,25970,104
30580,25947,188
30581,25984,52
30582,25165,3172
30583,25905,348
30584,25912,322
30585,25975,84
30586,25957,152
30587,25846,568
30588,25631,1384
30589,25960,140
30590,25990,28
30591,25997,0
30592,25851,552
30593,19388,28594
30594,24863,4350
30595,25138,3278
30596,25739,974
30597,24953,3998
30598,25976,80
30599,23294,10704
30600,25908,336
30601,25948,184
30602,25930,252
30603,25976,80
30604,25766,870
30605,25965,120
30606,24216,6918
30607,25983,56
30608,25944,200
30609,25908,336
30610,25850,556
30611,25959,144
30612,25963,128
30613,25223,2948
30614,25490,1920
30615,25946,192
30616,25675,1216
30617,19338,28844
30618,25991,24
30619,25991,24
30620,25963,128
30621,25566,1632
30622,25942,208
30623,25391,2302
30624,25997,0
30625,24672,5102
30626,25959,144
30627,25703,1110
30628,25489,1924
30629,25991,24
30630,25868,488
30631,25863,504
30632,25972,96
30633,25915,308
30634,23917,8130
30635,25991,24
30636,25962,132
30637,25896,380
30638,17179,40380
30639,25991,24
30640,25837,604
30641,25958,148
30642,25948,184
30643,25974,88
30644,24852,4392
30645,24729,4874
30646,25942,208
30647,25984,52
30648,25791,776
30649,24429,6066
30650,25948,184
30651,25978,72
30652,25980,64
30653,25977,76
30654,25961,136
30655,25970,104
30656,25991,24
30657,25954,164
30658,25551,1688
30659,25893,392
30660,25886,418
30661,25959,144
30662,25669,1238
30663,25977,76
30664,25889,406
30665,25143,3256
30666,25978,72
30667,25956,156
30668,25845,574
30669,25990,28
30670,25919,296
30671,22167,15538
30672,25856,532
30673,22826,12680
30674,25654,1296
30675,25120,3346
30676,25372,2374
30677,25955,160
30678,25963,128
30679,25981,60
30680,24169,7108
30681,24895,4222
30682,25938,224
30683,14359,57862
30684,21075,20460
30685,20134,24912
30686,24935,4068
30687,17059,41068
30688,25937,228
30689,25656,1288
30690,25948,184
30691,25769,862
30692,24688,5036
30693,19681,27128
30694,25843,580
30695,25415,2208
30696,25549,1696
30697,25990,28
30698,25827,642
30699,25686,1174
30700,2563,225818
30701,25946,192
30702,25845,572
30703,21707,17582
30704,25984,52
30705,25216,2974
30706,25937,228
30707,25794,766
30708,25972,96
30709,25876,456
30710,25009,3780
30711,12080,74704
30712,25739,972
30713,25967,114
30714,25969,108
30715,21380,19058
30716,25985,48
30717,25922,284
30718,25991,24
30719,25001,3810
30720,20746,21992
30721,25984,52
30722,25978,72
30723,25532,1760
30724,25958,148
30725,25936,232
30726,25936,232
30727,25896,380
30728,25925,272
30729,25965,120
30730,25899,368
30731,25927,264
30732,25603,1492
30733,25962,132
30734,25964,124
30735,25981,60
30736,25951,176
30737,25997,0
30738,25114,3370
30739,25512,1836
30740,25083,3492
30741,25929,256
30742,25985,48
30743,25972,96
30744,25969,108
30745,25889,408
30746,25125,3328
30747,24979,3896
30748,24851,4396
30749,25958,148
30750,24889,4248
30751,25048,3628
30752,24804,4582
30753,25981,60
30754,11194,82126
30755,11688,77920
30756,14747,55262
30757,25970,104
30758,25934,240
30759,24932,4080
30760,25942,208
30761,24452,5972
30762,25957,152
30763,20486,23222
30764,25261,2802
30765,21198,19892
30766,25576,1594
30767,25935,236
30768,25985,48
30769,25944,200
30770,25274,2752
30771,25997,0
30772,25976,80
30773,25968,112
30774,23036,11786
30775,25869,484
30776,21379,19062
30777,25949,182
30778,25997,0
30779,25981,62
30780,22356,14710
30781,25975,86
30782,25934,240
30783,25737,982
30784,25991,24
30785,25968,112
30786,25235,2902
30787,25120,3346
30788,25872,472
30789,25780,818
30790,25902,360
30791,25253,2832
30792,25948,184
30793,25888,412
30794,25990,28
30795,25935,236
30796,25956,156
30797,25969,108
30798,25713,1072
30799,25855,534
30800,25938,224
30801,25912,320
30802,25997,0
30803,25972,96
30804,19702,27026
30805,25941,212
30806,25946,192
30807,25952,172
30808,25997,0
30809,25984,52
30810,25800,744
30811,24385,6242
30812,24358,6348
30813,25997,0
30814,25833,620
30815,25972,96
30816,25991,24
30817,25991,24
30818,25925,273
30819,25978,72
30820,25983,56
30821,25934,240
30822,25985,48
30823,25132,3298
30824,25903,354
30825,25853,544
30826,25700,1120
30827,25935,236
30828,25997,0
30829,25899,368
30830,24804,4580
30831,25908,336
30832,23309,10638
30833,25951,176
30834,25901,364
30835,25976,80
30836,25016,3752
30837,25892,396
30838,25921,286
30839,25985,48
30840,25364,2404
30841,25932,244
30842,25937,228
30843,25976,82
30844,24327,6474
30845,25943,204
30846,25962,132
30847,25953,168
30848,25988,36
30849,25720,1046
30850,25827,640
30851,25957,152
30852,25868,488
30853,25194,3060
30854,18585,32714
30855,25331,2532
30856,25932,244
30857,25980,64
30858,24048,7596
30859,25327,2548
30860,25943,204
30861,25924,276
30862,20951,21034
30863,22146,15630
30864,23859,8368
30865,25949,180
30866,25990,28
30867,25896,380
30868,25984,52
30869,25967,116
30870,25676,1214
30871,24287,6632
30872,13196,66092
30873,25803,732
30874,25956,156
30875,25955,160
30876,25964,124
30877,25946,192
30878,25937,228
30879,25997,0
30880,25650,1312
30881,25971,100
30882,23260,10846
30883,25934,240
30884,24327,6472
30885,25963,128
30886,25592,1532
30887,25746,948
30888,23945,8014
30889,25961,136
30890,25959,144
30891,25975,84
30892,25977,76
30893,25920,292
30894,24616,5322
30895,25978,72
30896,25991,24
30897,25932,244
30898,21426,18850
30899,25941,212
30900,25756,910
30901,25973,92
30902,25948,184
30903,25907,340
30904,25952,172
30905,25985,48
30906,24972,3924
30907,25928,260
30908,25977,76
30909,25978,72
30910,25952,172
30911,25990,28
30912,25959,144
30913,25970,104
30914,25985,48
30915,25997,0
30916,25944,200
30917,25965,120
30918,25991,24
30919,25945,196
30920,25909,334
30921,25835,612
30922,25824,652
30923,25971,100
30924,25904,352
30925,25941,212
30926,25961,136
30927,25976,80
30928,23355,10448
30929,25963,128
30930,25880,440
30931,25990,28
30932,25965,120
30933,25014,3760
30934,25971,100
30935,23662,9174
30936,25951,174
30937,25830,628
30938,25981,60
30939,25997,0
30940,24915,4146
30941,25677,1208
30942,25464,2020
30943,1511,277302
30944,25922,284
30945,25820,668
30946,8877,104736
30947,25886,420
30948,25975,84
30949,25789,786
30950,25955,158
30951,25893,392
30952,25889,408
30953,25932,244
30954,25790,780
30955,25997,0
30956,25073,3528
30957,25910,328
30958,24678,5076
30959,25935,236
30960,25341,2492
30961,23955,7974
30962,25919,296
30963,23251,10884
30964,25904,352
30965,25932,244
30966,25965,120
30967,25329,2540
30968,25576,1592
30969,25854,540
30970,25964,124
30971,25845,572
30972,24822,4508
30973,25978,72
30974,24486,5838
30975,25997,0
30976,25970,104
30977,25131,3302
30978,25495,1902
30979,25392,2296
30980,25917,302
30981,25884,428
30982,25932,244
30983,25842,584
30984,25978,72
30985,25957,152
30986,25963,128
30987,25005,3792
30988,24278,6670
30989,25787,792
30990,25977,76
30991,25397,2276
30992,25041,3652
30993,25951,176
30994,25940,216
30995,25915,308
30996,25119,3352
30997,25978,72
30998,25977,76
30999,25976,80
31000,23038,11780
31001,25475,1980
31002,25656,1288
31003,25969,108
31004,24459,5944
31005,25863,506
31006,25985,48
31007,25929,256
31008,22551,13864
31009,25944,200
31010,25800,742
31011,25964,124
31012,23774,8714
31013,25991,24
31014,25915,308
31015,25415,2208
31016,24967,3940
31017,21195,19906
31018,25984,52
31019,25924,276
31020,25990,28
31021,25977,76
31022,25259,2808
31023,25824,652
31024,25985,48
31025,25997,0
31026,25941,212
31027,25027,3708
31028,24114,7332
31029,22843,12608
31030,25937,228
31031,25760,896
31032,25946,192
31033,25961,136
31034,24720,4912
31035,25242,2874
31036,25939,220
31037,25036,3674
31038,25865,496
31039,25673,1224
31040,25231,2918
31041,25426,2168
31042,25223,2946
31043,25955,160
31044,25891,400
31045,25978,72
31046,25981,60
31047,14693,55620
31048,25978,72
31049,24122,7296
31050,25838,600
31051,25963,128
31052,16876,42116
31053,25990,28
31054,25960,140
31055,25954,164
31056,25969,108
31057,25906,342
31058,2807,216970
31059,25916,304
31060,25954,164
31061,25978,72
31062,22563,13812
31063,25880,440
31064,25945,196
31065,24424,6086
31066,25948,184
31067,25800,742
31068,25965,120
31069,25770,856
31070,19527,27898
31071,25997,0
31072,1,845448
31073,25985,48
31074,25984,52
31075,25675,1218
31076,25961,136
31077,25929,256
31078,25942,208
31079,22618,13574
31080,25963,128
31081,25447,2084
31082,25997,0
31083,25940,216
31084,24688,5038
31085,25964,124
31086,25965,120
31087,25977,76
31088,25970,104
31089,25958,148
31090,25973,92
31091,25968,112
31092,25498,1892
31093,24385,6240
31094,25991,24
31095,25727,1020
31096,25850,554
31097,25957,152
31098,25909,334
31099,25997,0
31100,25965,120
31101,25361,2416
31102,25984,52
31103,23956,7972
31104,25991,24
31105,25391,2300
31106,25142,3260
31107,25997,0
31108,25819,672
31109,25074,3526
31110,25971,100
31111,25043,3644
31112,24854,4384
31113,25997,0
31114,24788,4644
31115,25997,0
31116,25978,72
31117,25959,144
31118,25708,1092
31119,25457,2048
31120,25953,168
31121,25895,386
31122,25985,48
31123,25872,472
31124,24975,3912
31125,25951,176
31126,25991,24
31127,25946,192
31128,25947,188
31129,25983,56
31130,25907,340
31131,23262,10836
31132,24617,5316
31133,23942,8028
31134,25753,922
31135,24815,4538
31136,25978,72
31137,25876,458
31138,24952,4000
31139,22563,13808
31140,25817,680
31141,25978,72
31142,25923,280
31143,25970,104
31144,25878,448
31145,25224,2944
31146,15276,51824
31147,25362,2412
31148,20792,21778
31149,25927,264
31150,25953,168
31151,20326,23986
31152,25953,168
31153,25947,190
31154,25981,60
31155,25980,64
31156,25479,1962
31157,13546,63542
31158,25961,136
31159,25937,228
31160,20122,24970
31161,25997,0
31162,25978,72
31163,25882,434
31164,25965,120
31165,25876,456
31166,25942,208
31167,25983,56
31168,24844,4422
31169,25919,296
31170,25956,156
31171,25852,548
31172,25919,296
31173,25587,1552
31174,15375,51194
31175,25960,140
31176,23239,10932
31177,25808,712
31178,25587,1552
31179,25817,680
31180,25939,220
31181,25949,180
31182,25985,48
31183,25784,804
31184,25871,476
31185,25523,1794
31186,25971,98
31187,25997,0
31188,25569,1618
31189,25836,608
31190,25973,92
31191,25920,292
31192,25947,188
31193,25934,240
31194,25981,60
31195,25533,1756
31196,25954,164
31197,24922,4116
31198,25997,0
31199,25738,976
31200,24933,4076
31201,25972,96
31202,25596,1516
31203,25843,580
31204,24474,5886
31205,25256,2820
31206,25965,120
31207,25869,484
31208,25949,180
31209,24923,4112
31210,25975,84
31211,25939,220
31212,23394,10286
31213,25983,56
31214,25915,308
31215,23302,10670
31216,25919,296
31217,25788,788
31218,25489,1926
31219,25990,28
31220,19323,28920
31221,25990,28
31222,25963,128
31223,25877,452
31224,25924,276
31225,25128,3316
31226,25899,370
31227,25938,224
31228,25773,844
31229,25962,132
31230,25981,62
31231,25941,212
31232,25276,2742
31233,23795,8630
31234,25117,3360
31235,25283,2716
31236,22874,12474
31237,24038,7638
31238,25957,152
31239,25935,236
31240,24837,4450
31241,25110,3384
31242,25984,52
31243,25978,72
31244,25973,92
31245,23102,11510
31246,25972,96
31247,23143,11338
31248,25945,196
31249,25659,1276
31250,25785,800
31251,19710,26984
31252,25693,1148
31253,24660,5148
31254,25305,2632
31255,25984,52
31256,25193,3064
31257,15426,50876
31258,25909,333
31259,25937,228
31260,25942,208
31261,25087,3476
31262,25302,2644
31263,24734,4856
31264,25954,164
31265,25962,132
31266,22514,14020
31267,19581,27624
31268,25990,28
31269,25925,272
31270,25923,278
31271,25923,280
31272,25958,148
31273,25969,108
31274,25977,76
31275,20202,24585
31276,25975,84
31277,25554,1676
31278,25592,1532
31279,25293,2678
31280,25968,112
31281,25997,0
31282,25985,48
31283,25977,76
31284,25851,552
31285,25335,2516
31286,25768,864
31287,25959,144
31288,25954,164
31289,25961,136
31290,24664,5132
31291,25972,96
31292,25969,108
31293,25976,80
31294,25965,120
31295,24902,4196
31296,23285,10740
31297,25969,108
31298,25985,48
31299,25997,0
31300,25478,1966
31301,25958,148
31302,25957,152
31303,25902,360
31304,25608,1472
31305,25889,408
31306,25561,1650
31307,25796,760
31308,25946,194
31309,25913,318
31310,24493,5812
31311,25990,28
31312,19396,28550
31313,25909,334
31314,23245,10906
31315,25983,56
31316,19509,27984
31317,25935,236
31318,25429,2156
31319,25934,240
31320,2209,240284
31321,24409,6144
31322,24498,5790
31323,25975,84
31324,25990,28
31325,25772,848
31326,24082,7460
31327,25435,2132
31328,25988,36
31329,25885,422
31330,25885,424
31331,25991,24
31332,25963,128
31333,25959,144
31334,25946,192
31335,25959,144
31336,25949,180
31337,25690,1160
31338,25948,184
31339,25627,1400
31340,16913,41904
31341,25385,2322
31342,25365,2402
31343,24637,5240
31344,19515,27956
31345,25997,0
31346,25889,408
31347,25013,3762
31348,25872,472
31349,25904,352
31350,25981,60
31351,25990,28
31352,25902,358
31353,25997,0
31354,25660,1272
31355,25958,148
31356,25978,72
31357,25870,480
31358,25976,80
31359,25969,105
31360,25964,124
31361,23816,8544
31362,25510,1844
31363,25440,2114
31364,25151,3228
31365,25949,182
31366,25984,52
31367,23412,10210
31368,25138,3276
31369,25766,870
31370,25970,104
31371,25951,176
31372,24875,4300
31373,22674,13332
31374,25952,172
31375,25907,340
31376,25972,96
31377,25988,36
31378,23560,9596
31379,25957,152
31380,25978,72
31381,15319,51552
31382,25949,180
31383,25969,108
31384,25603,1492
31385,25967,116
31386,24981,3886
31387,25484,1946
31388,25904,352
31389,25961,136
31390,25963,128
31391,25934,240
31392,25965,120
31393,24132,7256
31394,23021,11850
31395,24990,3854
31396,25988,36
31397,24428,6068
31398,25972,96
31399,21640,17880
31400,24887,4254
31401,25958,148
31402,25985,48
31403,25938,224
31404,25997,0
31405,25620,1426
31406,25953,168
31407,25990,28
31408,13612,63064
31409,25945,196
31410,25976,80
31411,25978,72
31412,25959,144
31413,24781,4670
31414,25985,48
31415,25928,262
31416,25997,0
31417,23425,10156
31418,25978,72
31419,25936,232
31420,25834,616
31421,25991,24
31422,25971,100
31423,24670,5110
31424,25260,2806
31425,25940,216
31426,25542,1724
31427,25964,124
31428,25997,0
31429,25895,384
31430,24315,6520
31431,25977,76
31432,25923,280
31433,24615,5326
31434,25974,88
31435,25977,76
31436,25148,3238
31437,25970,104
31438,25913,316
31439,25742,964
31440,24603,5374
31441,25943,204
31442,25972,96
31443,25985,48
31444,23144,11332
31445,25984,52
31446,25945,196
31447,25515,1824
31448,25944,200
31449,25862,508
31450,25957,152
31451,22490,14126
31452,25879,444
31453,25944,200
31454,25955,158
31455,25945,196
31456,25418,2196
31457,25710,1084
31458,25878,448
31459,25988,36
31460,25442,2104
31461,25192,3066
31462,20184,24670
31463,25976,80
31464,25932,246
31465,25923,278
31466,25334,2520
31467,25114,3368
31468,25927,266
31469,25857,528
31470,25945,196
31471,23142,11342
31472,25972,96
31473,24679,5074
31474,25930,252
31475,25699,1124
31476,25952,172
31477,25972,96
31478,25948,184
31479,25984,52
31480,25997,0
31481,25991,24
31482,25990,28
31483,24899,4206
31484,25729,1012
31485,25821,664
31486,6687,132350
31487,25991,24
31488,25951,176
31489,25184,3098
31490,25563,1644
31491,25958,148
31492,23403,10248
31493,25983,56
31494,25967,116
31495,19002,30550
31496,25969,108
31497,25975,84
31498,25877,454
31499,19931,25898
31500,25963,128
31501,25320,2572
31502,25990,28
31503,25988,36
31504,13724,62270
31505,25951,176
31506,25984,52
31507,25973,92
31508,25949,180
31509,25988,36
31510,19961,25752
31511,25919,296
31512,22172,15516
31513,25916,304
31514,25513,1834
31515,25984,52
31516,25985,48
31517,25915,308
31518,25959,144
31519,23097,11532
31520,25968,112
31521,25948,184
31522,19378,28640
31523,25990,28
31524,25991,24
31525,25978,72
31526,25990,28
31527,25330,2536
31528,25964,124
31529,25976,80
31530,19822,26436
31531,25906,344
31532,19562,27720
31533,25985,48
31534,25956,156
31535,25963,128
31536,21033,20656
31537,25978,72
31538,25847,566
31539,25985,48
31540,25918,300
31541,25997,0
31542,25959,144
31543,25769,860
31544,22666,13368
31545,25562,1648
31546,24876,4296
31547,25780,820
31548,25977,76
31549,25991,24
31550,25985,48
31551,25914,312
31552,25944,200
31553,24998,3822
31554,25685,1178
31555,18189,34812
31556,25836,608
31557,25983,56
31558,25532,1760
31559,25915,308
31560,25879,444
31561,25579,1580
31562,24843,4428
31563,25981,60
31564,23066,11662
31565,25839,597
31566,25957,152
31567,25997,0
31568,25965,120
31569,24655,5166
31570,25763,882
31571,25991,24
31572,15225,52152
31573,25908,336
31574,25963,128
31575,21236,19718
31576,25806,722
31577,25939,218
31578,25134,3292
31579,25976,80
31580,23284,10746
31581,25968,112
31582,25320,2572
31583,24980,3890
31584,25957,152
31585,15353,51334
31586,25361,2414
31587,25961,136
31588,25799,746
31589,25953,168
31590,25917,302
31591,24085,7448
31592,25976,80
31593,24286,6636
31594,25962,132
31595,25176,3128
31596,25879,446
31597,25466,2014
31598,25780,818
31599,24303,6568
31600,25971,100
31601,25925,272
31602,25956,156
31603,25991,24
31604,25976,80
31605,25863,504
31606,25997,0
31607,25948,184
31608,25963,128
31609,25981,60
31610,25990,28
31611,25736,984
31612,25970,104
31613,25944,202
31614,25997,0
31615,25955,160
31616,25983,56
31617,25969,108
31618,25941,212
31619,25955,160
31620,25942,208
31621,25907,340
31622,25990,28
31623,25962,132
31624,23791,8646
31625,25943,204
31626,25922,284
31627,25970,104
31628,25552,1684
31629,25821,664
31630,24492,5816
31631,25985,48
31632,23400,10258
31633,25951,176
31634,25093,3452
31635,25957,152
31636,25900,366
31637,25971,100
31638,25936,232
31639,25972,96
31640,22569,13786
31641,25945,196
31642,25793,770
31643,25961,136
31644,21470,18652
31645,25739,972
31646,25954,164
31647,25899,370
31648,25905,348
31649,25355,2440
31650,22808,12758
31651,25928,260
31652,24762,4744
31653,25049,3622
31654,23593,9458
31655,25939,220
31656,25990,28
31657,25946,192
31658,24839,4442
31659,25331,2532
31660,25197,3050
31661,8536,108548
31662,25965,120
31663,23632,9300
31664,25576,1592
31665,25913,318
31666,19221,29436
31667,25943,204
31668,24987,3864
31669,25669,1240
31670,25305,2632
31671,25945,196
31672,25997,0
31673,25965,120
31674,25984,52
31675,25985,48
31676,23397,10272
31677,25246,2858
31678,25735,988
31679,23227,10984
31680,22556,13840
31681,25946,192
31682,25485,1940
31683,25928,260
31684,25932,244
31685,25963,128
31686,25985,48
31687,25978,72
31688,25955,158
31689,25905,348
31690,25965,120
31691,23672,9134
31692,25664,1260
31693,25984,52
31694,25984,52
31695,25745,952
31696,25981,60
31697,25928,260
31698,24951,4004
31699,25953,168
31700,25695,1142
31701,24713,4938
31702,25939,220
31703,25764,880
31704,25832,624
31705,25896,380
31706,25068,3550
31707,25835,612
31708,13937,60768
31709,25972,96
31710,25908,336
31711,25997,0
31712,25977,76
31713,25985,48
31714,24261,6736
31715,25958,148
31716,25945,196
31717,25946,192
31718,25997,0
31719,25977,76
31720,25962,132
31721,25997,0
31722,25905,348
31723,25469,2000
31724,25970,104
31725,25342,2488
31726,25849,560
31727,25907,340
31728,25785,800
31729,25833,618
31730,25872,472
31731,25442,2106
31732,25926,268
31733,24978,3898
31734,25422,2180
31735,23852,8396
31736,25864,500
31737,25241,2880
31738,23439,10098
31739,25803,730
31740,25956,156
31741,25668,1242
31742,24780,4674
31743,25972,96
31744,24828,4486
31745,25975,84
31746,25990,28
31747,25894,388
31748,25732,1000
31749,20063,25258
31750,25350,2458
31751,25932,244
31752,25891,400
31753,25761,892
31754,25946,192
31755,25943,204
31756,25861,512
31757,25997,0
31758,25809,708
31759,25909,332
31760,25985,48
31761,25764,880
31762,24972,3922
31763,25997,0
31764,25978,72
31765,19934,25884
31766,25985,48
31767,25897,378
31768,25592,1532
31769,25961,136
31770,19773,26674
31771,25653,1300
31772,24496,5798
31773,25946,192
31774,25997,0
31775,25913,316
31776,24482,5854
31777,25818,676
31778,25997,0
31779,25972,96
31780,25946,192
31781,25239,2886
31782,24809,4560
31783,25975,84
31784,25927,264
31785,8993,103472
31786,25964,124
31787,24645,5206
31788,25940,216
31789,25959,144
31790,24213,6930
31791,24422,6094
31792,25268,2772
31793,25008,3782
31794,25943,204
31795,25985,48
31796,25985,48
31797,25562,1648
31798,24244,6806
31799,25451,2070
31800,25940,216
31801,25984,52
31802,25974,88
31803,25956,156
31804,24601,5380
31805,25984,52
31806,25968,112
31807,25388,2312
31808,25975,84
31809,25771,852
31810,25965,120
31811,25892,396
31812,24846,4414
31813,25854,538
31814,25946,192
31815,25969,108
31816,25997,0
31817,25804,728
31818,25985,48
31819,25981,62
31820,25967,116
31821,23785,8668
31822,25954,164
31823,25946,194
31824,25985,48
31825,25943,204
31826,25991,24
31827,25916,304
31828,25931,248
31829,25990,28
31830,25910,328
31831,25985,48
31832,25295,2668
31833,25921,288
31834,25975,86
31835,12412,72060
31836,25878,448
31837,25929,256
31838,25463,2024
31839,25878,448
31840,25519,1812
31841,24993,3842
31842,25959,144
31843,25939,220
31844,25136,3286
31845,25943,204
31846,25949,180
31847,25959,144
31848,25931,248
31849,25790,780
31850,25603,1492
31851,25956,156
31852,25988,36
31853,21994,16300
31854,25395,2286
31855,25991,24
31856,8546,108442
31857,24851,4396
31858,25990,28
31859,25373,2370
31860,25965,120
31861,25990,28
31862,25213,2986
31863,25689,1164
31864,25991,24
31865,25939,220
31866,24813,4544
31867,25450,2076
31868,24564,5528
31869,19590,27580
31870,25671,1232
31871,25265,2784
31872,25997,0
31873,25926,268
31874,25968,112
31875,25977,76
31876,25910,330
31877,25945,196
31878,25942,208
31879,25976,80
31880,25905,348
31881,24822,4508
31882,25940,214
31883,25990,28
31884,25889,406
31885,25948,184
31886,25981,60
31887,25985,48
31888,20328,23976
31889,25471,1994
31890,15143,52676
31891,25455,2054
31892,25753,920
31893,25510,1844
31894,18552,32886
31895,25863,504
31896,25952,170
31897,25921,288
31898,25990,28
31899,3112,206912
31900,25953,168
31901,25961,136
31902,24074,7492
31903,25122,3340
31904,25972,96
31905,25879,446
31906,25916,304
31907,25984,52
31908,25193,3062
31909,25984,52
31910,25904,352
31911,25972,96
31912,24871,4316
31913,25753,920
31914,25363,2410
31915,24985,3872
31916,25907,340
31917,25907,338
31918,25975,84
31919,25660,1272
31920,25409,2232
31921,25977,76
31922,25943,204
31923,25938,224
31924,22174,15504
31925,25971,100
31926,25858,524
31927,25955,160
31928,25914,312
31929,25120,3348
31930,25960,140
31931,25972,96
31932,25965,120
31933,25375,2362
31934,25968,112
31935,25991,24
31936,25997,0
31937,25200,3036
31938,25975,84
31939,25984,52
31940,25985,48
31941,25770,856
31942,25938,224
31943,25990,28
31944,25867,492
31945,25981,60
31946,21240,19700
31947,25916,304
31948,23448,10060
31949,25972,96
31950,25997,0
31951,25957,153
31952,25906,344
31953,25886,420
31954,25997,0
31955,24418,6110
31956,25785,800
31957,25991,24
31958,25676,1214
31959,25991,24
31960,25952,172
31961,25968,112
31962,25959,144
31963,5850,145372
31964,25793,768
31965,25991,24
31966,25941,210
31967,25254,2828
31968,25844,576
31969,23892,8232
31970,25328,2542
31971,25963,128
31972,25454,2058
31973,25953,168
31974,25967,116
31975,24535,5644
31976,25482,1952
31977,25267,2778
31978,25544,1716
31979,9043,102930
31980,18886,31150
31981,25973,90
31982,25985,48
31983,25597,1512
31984,25973,92
31985,25997,0
31986,25889,408
31987,25870,480
31988,23538,9686
31989,25825,650
31990,25539,1736
31991,25975,86
31992,24807,4568
31993,25946,192
31994,25990,28
31995,25984,52
31996,25912,320
31997,25385,2324
31998,25915,308
31999,25909,332
32000,25946,192
32001,25006,3791
32002,24864,4344
32003,25946,192
32004,22901,12360
32005,24791,4632
32006,25930,252
32007,25945,196
32008,25880,440
32009,25899,368
32010,25962,132
32011,25947,188
32012,25968,112
32013,25936,232
32014,25906,342
32015,25928,259
32016,25908,336
32017,25901,364
32018,25997,0
32019,25947,188
32020,24352,6374
32021,25972,96
32022,19209,29496
32023,25990,28
32024,25567,1628
32025,25964,126
32026,25953,168
32027,25850,556
32028,25962,134
32029,25895,384
32030,20150,24836
32031,25928,260
32032,25927,264
32033,25641,1346
32034,25975,84
32035,24580,5466
32036,25314,2596
32037,18417,33602
32038,25943,204
32039,25353,2446
32040,25858,524
32041,25981,60
32042,22424,14414
32043,25951,176
32044,22192,15426
32045,25980,64
32046,25938,224
32047,25947,188
32048,20984,20882
32049,25956,156
32050,24755,4772
32051,7055,127128
32052,25525,1788
32053,25644,1336
32054,25923,280
32055,25975,84
32056,25990,28
32057,25174,3136
32058,25962,132
32059,25953,168
32060,25902,360
32061,25990,28
32062,25988,36
32063,8169,112836
32064,24787,4648
32065,25879,444
32066,25962,132
32067,25877,452
32068,25578,1586
32069,25984,52
32070,25942,208
32071,25997,0
32072,25059,3582
32073,25567,1626
32074,25930,252
32075,25945,196
32076,25977,76
32077,25981,60
32078,25975,86
32079,25715,1064
32080,23912,8152
32081,23282,10754
32082,25991,24
32083,25487,1934
32084,21581,18148
32085,25726,1022
32086,25924,276
32087,25914,312
32088,24730,4870
32089,25978,72
32090,25955,160
32091,25857,528
32092,25901,364
32093,25965,120
32094,25949,180
32095,25963,128
32096,25930,252
32097,25540,1730
32098,25978,72
32099,25991,24
32100,25453,2062
32101,24139,7230
32102,21931,16578
32103,25559,1658
32104,25956,156
32105,25935,236
32106,25810,706
32107,25687,1172
32108,25853,544
32109,24519,5708
32110,25991,24
32111,25997,0
32112,25978,72
32113,25564,1640
32114,25978,72
32115,17066,41024
32116,17307,39656
32117,25991,24
32118,25956,156
32119,19928,25914
32120,25985,48
32121,22493,14112
32122,25946,192
32123,19055,30280
32124,24471,5896
32125,25691,1154
32126,25977,76
32127,25970,104
32128,25971,100
32129,25984,52
32130,25988,36
32131,25868,486
32132,25984,52
32133,24267,6712
32134,25146,3244
32135,16313,45422
32136,25301,2648
32137,25901,364
32138,25965,120
32139,25197,3048
32140,25939,220
32141,25941,212
32142,25462,2030
32143,25944,200
32144,25095,3442
32145,25919,296
32146,25948,184
32147,24352,6372
32148,25997,0
32149,25960,142
32150,25577,1588
32151,24415,6120
32152,25970,104
32153,25879,446
32154,25997,0
32155,25911,326
32156,25959,144
32157,25963,128
32158,25918,300
32159,25437,2124
32160,25991,24
32161,25962,132
32162,25946,192
32163,25314,2596
32164,25326,2552
32165,25016,3750
32166,25919,296
32167,24360,6342
32168,14141,59352
32169,15356,51318
32170,25991,24
32171,25751,928
32172,25937,228
32173,25981,60
32174,22380,14604
32175,25976,80
32176,25978,72
32177,8254,111828
32178,25976,80
32179,25947,188
32180,25945,196
32181,25285,2708
32182,24619,5312
32183,19536,27850
32184,25572,1608
32185,25829,634
32186,25894,388
32187,25953,168
32188,25943,204
32189,25990,28
32190,25443,2102
32191,25414,2214
32192,25997,0
32193,25963,128
32194,25997,0
32195,25938,224
32196,1905,254750
32197,25922,284
32198,25985,48
32199,25887,414
32200,23985,7852
32201,25949,180
32202,25944,200
32203,25967,116
32204,25975,84
32205,15449,50728
32206,25937,228
32207,23242,10920
32208,25981,60
32209,25975,84
32210,25812,698
32211,25802,736
32212,24670,5110
32213,25962,132
32214,17222,40140
32215,25450,2074
32216,25711,1078
32217,25958,148
32218,25959,144
32219,25997,0
32220,25946,192
32221,25953,168
32222,25952,172
32223,25613,1452
32224,25766,870
32225,25977,76
32226,25985,48
32227,25243,2872
32228,25969,108
32229,25442,2106
32230,25575,1598
32231,25233,2908
32232,25306,2628
32233,25104,3408
32234,25965,120
32235,25936,230
32236,25978,72
32237,25956,156
32238,25985,48
32239,25806,720
32240,25972,96
32241,25954,164
32242,25946,192
32243,25905,346
32244,25985,48
32245,23395,10280
32246,25847,564
32247,25922,284
32248,23180,11182
32249,25977,76
32250,25661,1268
32251,25956,156
32252,25984,52
32253,24870,4322
32254,25888,410
32255,25855,536
32256,25936,232
32257,25411,2224
32258,25970,104
32259,24729,4876
32260,25969,108
32261,25969,108
32262,25944,202
32263,25972,96
32264,25658,1280
32265,25973,92
32266,25594,1526
32267,25978,72
32268,25875,460
32269,25660,1272
32270,25739,972
32271,25931,248
32272,25433,2140
32273,25371,2376
32274,25997,0
32275,25676,1214
32276,22807,12760
32277,25920,292
32278,25968,112
32279,25976,80
32280,25935,236
32281,25918,300
32282,22424,14412
32283,25983,56
32284,23882,8272
32285,25945,196
32286,25579,1580
32287,13537,63602
32288,25991,24
32289,25953,166
32290,25977,76
32291,25978,72
32292,25941,212
32293,25940,216
32294,25926,268
32295,24928,4096
32296,25377,2354
32297,25723,1036
32298,19875,26172
32299,25938,222
32300,24920,4126
32301,25935,236
32302,25166,3170
32303,25977,76
32304,25936,230
32305,25948,184
32306,24699,4992
32307,25934,240
32308,25874,464
32309,24219,6906
32310,25514,1830
32311,25907,340
32312,25480,1958
32313,25406,2244
32314,25981,60
32315,25997,0
32316,25934,240
32317,24826,4492
32318,25964,124
32319,25678,1206
32320,25990,28
32321,25991,24
32322,25926,267
32323,25915,308
32324,25938,224
32325,25960,140
32326,25940,216
32327,23569,9560
32328,25984,52
32329,25531,1766
32330,25965,120
32331,25914,312
32332,25472,1992
32333,24507,5756
32334,25970,104
32335,25910,328
32336,23919,8120
32337,25674,1220
32338,25939,220
32339,25977,76
32340,25936,232
32341,25517,1820
32342,25953,168
32343,25958,148
32344,19756,26760
32345,22762,12954
32346,3157,205502
32347,25293,2676
32348,25984,52
32349,25823,656
32350,25904,352
32351,25955,158
32352,24797,4608
32353,25957,152
32354,24948,4016
32355,25059,3582
32356,24652,5180
32357,25440,2114
32358,24620,5308
32359,25984,52
32360,25946,192
32361,25991,24
32362,25997,0
32363,23306,10650
32364,19360,28732
32365,25972,96
32366,23900,8198
32367,25984,52
32368,25991,24
32369,21688,17666
32370,25956,156
32371,25097,3436
32372,24439,6024
32373,25919,296
32374,25371,2376
32375,25959,144
32376,25319,2578
32377,25971,100
32378,25963,128
32379,25773,844
32380,25991,24
32381,25184,3100
32382,25097,3436
32383,25288,2698
32384,25928,260
32385,25959,144
32386,24688,5038
32387,25997,0
32388,25660,1272
32389,25650,1312
32390,25702,1114
32391,25962,132
32392,25921,288
32393,25969,108
32394,25924,274
32395,25976,80
32396,25065,3562
32397,20931,21130
32398,25953,168
32399,25886,420
32400,25798,752
32401,25889,408
32402,16340,45260
32403,24043,7618
32404,25962,134
32405,25977,76
32406,25997,0
32407,24896,4218
32408,25967,116
32409,25977,76
32410,25948,184
32411,25964,124
32412,25990,28
32413,25969,108
32414,25985,48
32415,25935,236
32416,25891,400
32417,25977,76
32418,25408,2236
32419,25334,2520
32420,25751,928
32421,25977,76
32422,25984,52
32423,25978,72
32424,25853,544
32425,25590,1540
32426,25938,222
32427,20028,25424
32428,25703,1110
32429,25978,72
32430,25889,408
32431,25060,3580
32432,25984,52
32433,25975,86
32434,25984,52
32435,25972,96
32436,25890,404
32437,25062,3572
32438,25956,156
32439,25981,60
32440,25988,36
32441,25885,424
32442,25901,362
32443,25957,152
32444,25972,96
32445,25932,244
32446,25965,120
32447,25492,1914
32448,25858,524
32449,25938,224
32450,25909,332
32451,6808,130600
32452,24031,7666
32453,25957,152
32454,25912,320
32455,25958,148
32456,20949,21042
32457,11825,76780
32458,25704,1108
32459,25972,96
32460,25026,3710
32461,25971,100
32462,25985,48
32463,10827,85380
32464,25942,208
32465,25946,192
32466,25209,3002
32467,25837,604
32468,25967,114
32469,25005,3794
32470,25915,308
32471,25978,72
32472,25991,24
32473,25960,140
32474,24664,5132
32475,20586,22748
32476,25930,252
32477,25959,144
32478,25991,24
32479,25893,392
32480,25990,28
32481,25913,316
32482,25504,1866
32483,25985,48
32484,25972,96
32485,25955,160
32486,20280,24208
32487,25961,136
32488,25907,340
32489,20712,22152
32490,25952,172
32491,25093,3450
32492,25990,28
32493,25891,400
32494,25985,48
32495,25586,1556
32496,25985,48
32497,25952,172
32498,25886,420
32499,25970,104
32500,25404,2250
32501,25920,292
32502,23484,9910
32503,25882,432
32504,25997,0
32505,25956,156
32506,25855,534
32507,25322,2564
32508,23072,11636
32509,25949,180
32510,25972,96
32511,24522,5696
32512,25308,2620
32513,25972,96
32514,15098,52970
32515,25930,252
32516,25909,332
32517,25690,1160
32518,25968,112
32519,25964,124
32520,24941,4044
32521,25946,194
32522,25954,164
32523,25957,152
32524,25705,1104
32525,25972,96
32526,24755,4774
32527,25894,388
32528,25948,184
32529,24050,7588
32530,25948,184
32531,24804,4580
32532,25926,268
32533,25929,256
32534,25939,220
32535,25991,24
32536,25960,140
32537,25459,2040
32538,24294,6604
32539,25997,0
32540,23716,8952
32541,25962,132
32542,25656,1290
32543,25931,248
32544,25984,52
32545,25969,108
32546,23191,11136
32547,25916,304
32548,25882,432
32549,25959,144
32550,25965,120
32551,25954,164
32552,25879,444
32553,23146,11324
32554,25305,2630
32555,19449,28286
32556,25830,628
32557,25322,2566
32558,25957,152
32559,25949,180
32560,25908,336
32561,25967,114
32562,25984,52
32563,25990,28
32564,25991,24
32565,25584,1564
32566,25919,294
32567,25476,1974
32568,25969,108
32569,25930,252
32570,25939,220
32571,25923,280
32572,25774,840
32573,25916,304
32574,20350,23872
32575,25975,84
32576,25954,164
32577,25985,48
32578,25943,204
32579,25997,0
32580,25719,1048
32581,25644,1336
32582,25940,216
32583,25530,1770
32584,25939,220
32585,24329,6466
32586,24482,5852
32587,25951,176
32588,25971,100
32589,14907,54210
32590,25970,102
32591,25949,180
32592,25957,152
32593,25657,1284
32594,4043,181380
32595,25921,288
32596,19984,25640
32597,25955,160
32598,25794,766
32599,25972,96
32600,25913,316
32601,25889,408
32602,25887,416
32603,24435,6040
32604,25948,184
32605,15105,52920
32606,15068,53160
32607,25978,72
32608,25985,48
32609,25953,168
32610,25970,104
32611,25961,136
32612,25871,474
32613,25948,184
32614,25969,108
32615,25947,188
32616,25267,2779
32617,25981,60
32618,23612,9382
32619,25962,132
32620,25906,344
32621,25920,292
32622,25619,1428
32623,25792,774
32624,21924,16610
32625,25946,192
32626,25974,88
32627,25956,156
32628,24553,5572
32629,25803,730
32630,15198,52324
32631,25887,416
32632,25931,248
32633,25127,3320
32634,24277,6672
32635,25178,3122
32636,25108,3392
32637,25953,168
32638,24713,4938
32639,25985,48
32640,25985,48
32641,14979,53738
32642,6518,134834
32643,25990,28
32644,25912,320
32645,25954,164
32646,25275,2748
32647,25991,24
32648,21772,17288
32649,25946,192
32650,25945,198
32651,25034,3680
32652,25965,120
32653,25925,272
32654,25971,100
32655,25943,204
32656,25109,3390
32657,25965,120
32658,25969,108
32659,25991,24
32660,25983,56
32661,25927,264
32662,25954,164
32663,25492,1914
32664,25937,228
32665,25936,232
32666,25952,172
32667,25981,60
32668,25938,224
32669,25963,128
32670,25984,52
32671,24914,4148
32672,25097,3434
32673,25961,136
32674,25985,48
32675,25997,0
32676,19500,28028
32677,25845,572
32678,25958,148
32679,25810,704
32680,25960,140
32681,25819,672
32682,25901,364
32683,25938,224
32684,25977,76
32685,25936,230
32686,25925,272
32687,25284,2714
32688,25675,1216
32689,25962,132
32690,22938,12202
32691,25953,168
32692,25915,308
32693,25274,2752
32694,25977,76
32695,25975,84
32696,24595,5404
32697,25601,1498
32698,25997,0
32699,25964,124
32700,25924,274
32701,22787,12846
32702,25070,3542
32703,25902,360
32704,25023,3724
32705,25985,48
32706,19128,29908
32707,25941,212
32708,23386,10320
32709,25939,220
32710,24085,7448
32711,25836,608
32712,25978,72
32713,25943,204
32714,25936,230
32715,25968,112
32716,25975,86
32717,25936,232
32718,25991,24
32719,25762,885
32720,25694,1144
32721,25971,100
32722,25918,298
32723,15377,51186
32724,25890,404
32725,25988,36
32726,12516,71252
32727,25970,104
32728,25229,2924
32729,25973,92
32730,25983,56
32731,25693,1148
32732,25418,2196
32733,25971,100
32734,25609,1468
32735,25981,62
32736,25961,136
32737,25944,200
32738,25906,344
32739,25977,76
32740,25924,276
32741,25961,136
32742,24570,5504
32743,25991,24
32744,25919,296
32745,25977,76
32746,25984,52
32747,25927,264
32748,25918,300
32749,20646,22466
32750,25897,376
32751,25461,2032
32752,23798,8614
32753,25930,252
32754,25927,264
32755,25962,132
32756,25710,1082
32757,25632,1378
32758,25978,72
32759,24216,6920
32760,25912,320
32761,25587,1550
32762,25976,80
32763,25948,184
32764,23980,7872
32765,25985,48
32766,25230,2922
32767,25963,128
32768,24547,5594
32769,25844,576
32770,25838,598
32771,25928,260
32772,19947,25820
32773,25908,336
32774,25949,182
32775,25997,0
32776,25977,76
32777,24930,4088
32778,19655,27258
32779,25997,0
32780,25562,1648
32781,25943,204
32782,25977,76
32783,25991,24
32784,25988,36
32785,24548,5592
32786,25509,1850
32787,25854,540
32788,22192,15428
32789,25925,272
32790,25964,124
32791,25941,212
32792,23919,8122
32793,25997,0
32794,25925,272
32795,25959,144
32796,24490,5822
32797,25907,338
32798,25306,2626
32799,25846,568
32800,15212,52236
32801,25978,72
32802,24475,5880
32803,25975,84
32804,24368,6308
32805,25802,736
32806,22757,12976
32807,19018,30468
32808,25245,2864
32809,25724,1032
32810,25972,96
32811,16595,43754
32812,25861,512
32813,25985,48
32814,25919,296
32815,17994,35866
32816,25959,144
32817,25907,340
32818,25929,256
32819,25931,248
32820,25129,3312
32821,25981,62
32822,25991,24
32823,25953,166
32824,25853,544
32825,25991,24
32826,25878,448
32827,25923,280
32828,25152,3224
32829,25949,180
32830,25928,260
32831,25953,168
32832,25613,1452
32833,25305,2630
32834,25965,120
32835,25404,2250
32836,25984,52
32837,25976,80
32838,24274,6686
32839,25822,660
32840,25956,156
32841,25938,224
32842,21134,20188
32843,25558,1660
32844,25864,500
32845,25978,72
32846,25876,456
32847,25990,28
32848,25990,28
32849,25832,624
32850,25692,1152
32851,25898,372
32852,25956,156
32853,25172,3144
32854,25988,36
32855,25976,80
32856,25936,232
32857,25930,254
32858,25958,148
32859,25464,2022
32860,25856,530
32861,25876,456
32862,22055,16028
32863,25868,488
32864,25969,108
32865,25896,380
32866,21162,20056
32867,25991,24
32868,25380,2344
32869,25940,216
32870,25359,2424
32871,25956,156
32872,24593,5412
32873,25935,236
32874,25978,72
32875,25911,324
32876,25963,128
32877,25882,432
32878,24868,4328
32879,25980,64
32880,25294,2672
32881,25977,76
32882,25977,76
32883,24404,6166
32884,14932,54044
32885,25985,48
32886,25956,156
32887,22995,11962
32888,25991,24
32889,25985,48
32890,25932,244
32891,25983,56
32892,23335,10530
32893,25963,128
32894,25944,200
32895,25278,2736
32896,25047,3632
32897,25258,2812
32898,25840,592
32899,25958,148
32900,25957,150
32901,25985,48
32902,25893,392
32903,25948,184
32904,25962,134
32905,25916,304
32906,24267,6712
32907,25971,100
32908,25934,240
32909,25133,3296
32910,23870,8320
32911,25997,0
32912,25936,232
32913,25962,132
32914,14195,58976
32915,25584,1564
32916,24708,4958
32917,25955,160
32918,25845,574
32919,25963,128
32920,25984,52
32921,25675,1216
32922,25904,350
32923,23999,7796
32924,25771,852
32925,25196,3052
32926,25916,304
32927,25959,144
32928,25991,24
32929,22390,14560
32930,25962,132
32931,25964,124
32932,25997,0
32933,25843,580
32934,25988,36
32935,24815,4538
32936,25875,460
32937,25896,380
32938,22560,13822
32939,11006,83776
32940,25676,1214
32941,25898,372
32942,25955,160
32943,14459,57184
32944,25941,212
32945,25876,456
32946,25960,140
32947,25972,96
32948,25788,790
32949,25990,28
32950,25906,344
32951,25112,3376
32952,25774,842
32953,25562,1648
32954,25690,1160
32955,25964,124
32956,25771,854
32957,25957,152
32958,25968,112
32959,25977,76
32960,25981,62
32961,24993,3842
32962,1907,254630
32963,24453,5968
32964,25931,248
32965,25752,924
32966,25991,24
32967,17590,38080
32968,25933,242
32969,25963,128
32970,25997,0
32971,25923,280
32972,25593,1528
32973,14196,58972
32974,25991,24
32975,25984,52
32976,25956,156
32977,25870,478
32978,25972,96
32979,25981,60
32980,25935,236
32981,25877,454
32982,25850,556
32983,25921,288
32984,25928,260
32985,25943,204
32986,25868,488
32987,25991,24
32988,25997,0
32989,25963,128
32990,25877,454
32991,25209,3000
32992,25346,2472
32993,25919,296
32994,25851,552
32995,22296,14970
32996,25625,1406
32997,25977,76
32998,25944,200
32999,25946,192
33000,25952,172
33001,25719,1048
33002,25825,650
33003,25346,2472
33004,25930,252
33005,25303,2638
33006,25967,116
33007,23447,10064
33008,20134,24914
33009,25959,144
33010,25949,180
33011,25977,76
33012,25984,52
33013,25985,48
33014,25988,36
33015,19326,28904
33016,25957,152
33017,25955,160
33018,25819,670
33019,25942,208
33020,24644,5210
33021,20340,23922
33022,25985,48
33023,25421,2184
33024,25256,2820
33025,25665,1256
33026,25981,60
33027,25984,52
33028,25942,208
33029,25972,96
33030,25969,108
33031,23730,8896
33032,24334,6446
33033,25983,56
33034,24203,6972
33035,25059,3582
33036,23366,10402
33037,25971,100
33038,25903,356
33039,25954,164
33040,24800,4596
33041,24894,4228
33042,20762,21920
33043,25723,1034
33044,25304,2636
33045,25980,64
33046,22947,12166
33047,25795,762
33048,25944,200
33049,25956,156
33050,25951,176
33051,19616,27454
33052,25948,184
33053,25589,1544
33054,25990,28
33055,25217,2970
33056,25953,168
33057,25832,624
33058,25947,188
33059,25988,36
33060,25920,292
33061,24299,6584
33062,25853,544
33063,25960,142
33064,25949,180
33065,25512,1836
33066,25823,656
33067,25969,108
33068,24362,6332
33069,24600,5384
33070,25985,48
33071,25820,668
33072,25975,84
33073,25949,180
33074,25961,136
33075,25967,114
33076,25779,822
33077,25911,326
33078,25075,3522
33079,25978,72
33080,25960,140
33081,25978,72
33082,25969,108
33083,25788,788
33084,25970,104
33085,25290,2688
33086,25937,228
33087,19555,27756
33088,25669,1240
33089,25939,220
33090,25944,202
33091,25991,24
33092,25945,196
33093,25825,648
33094,25492,1912
33095,25976,80
33096,25359,2422
33097,25944,200
33098,25916,304
33099,25907,340
33100,25963,128
33101,25925,272
33102,25970,104
33103,25985,48
33104,25938,224
33105,25991,24
33106,25891,400
33107,25920,292
33108,25991,24
33109,14915,54156
33110,24902,4196
33111,22956,12126
33112,20739,22024
33113,25991,24
33114,25978,72
33115,25953,168
33116,25960,140
33117,25997,0
33118,23808,8576
33119,25718,1052
33120,25806,720
33121,25328,2542
33122,25926,268
33123,25794,766
33124,22921,12276
33125,23656,9200
33126,25923,280
33127,23887,8254
33128,25916,304
33129,25891,400
33130,24625,5288
33131,25965,120
33132,25949,180
33133,25951,176
33134,25991,24
33135,25741,966
33136,25943,204
33137,24758,4760
33138,25978,72
33139,18376,33816
33140,25997,0
33141,25977,76
33142,25879,444
33143,25964,124
33144,25906,344
33145,25977,76
33146,25991,24
33147,25969,108
33148,25997,0
33149,25328,2542
33150,25961,136
33151,25972,96
33152,24242,6816
33153,25846,568
33154,25318,2580
33155,25965,120
33156,25370,2382
33157,25798,751
33158,25930,252
33159,25623,1415
33160,25648,1318
33161,25954,164
33162,25920,290
33163,25679,1200
33164,25984,52
33165,25927,264
33166,24691,5024
33167,25991,24
33168,25980,64
33169,25613,1452
33170,25923,280
33171,25231,2918
33172,25980,64
33173,25865,496
33174,25960,140
33175,23258,10854
33176,25918,298
33177,25984,52
33178,24437,6032
33179,25945,196
33180,25975,84
33181,25972,96
33182,24671,5104
33183,25958,148
33184,25948,184
33185,23717,8948
33186,25818,674
33187,25976,80
33188,25107,3398
33189,23324,10578
33190,25306,2626
33191,25977,76
33192,24607,5358
33193,25928,262
33194,25408,2236
33195,25953,168
33196,25834,614
33197,24909,4170
33198,24489,5828
33199,24999,3818
33200,25991,24
33201,25990,28
33202,25953,168
33203,25968,112
33204,25918,298
33205,25934,240
33206,25942,208
33207,19674,27164
33208,24977,3904
33209,25457,2048
33210,25977,76
33211,25823,656
33212,24491,5818
33213,25906,344
33214,25955,160
33215,25588,1548
33216,25953,168
33217,24109,7352
33218,25902,360
33219,24345,6402
33220,25948,184
33221,24099,7392
33222,25976,80
33223,25957,152
33224,19637,27348
33225,25673,1224
33226,25837,604
33227,25970,104
33228,25946,192
33229,25951,176
33230,25958,148
33231,25947,188
33232,25978,72
33233,25742,964
33234,25829,632
33235,24908,4174
33236,25954,164
33237,25746,948
33238,25401,2264
33239,25956,156
33240,25333,2524
33241,25227,2932
33242,23885,8260
33243,25964,124
33244,25968,112
33245,25976,80
33246,25965,120
33247,25890,404
33248,25943,204
33249,24653,5174
33250,24649,5190
33251,25963,128
33252,25991,24
33253,25829,632
33254,23078,11610
33255,25990,28
33256,25957,152
33257,25931,250
33258,25909,332
33259,25945,196
33260,25277,2740
33261,25203,3026
33262,25622,1418
33263,25784,804
33264,25682,1188
33265,25767,866
33266,25991,24
33267,25971,100
33268,25978,72
33269,17277,39830
33270,25736,984
33271,25538,1738
33272,25573,1604
33273,25868,488
33274,23951,7990
33275,25804,728
33276,25981,60
33277,25893,392
33278,15304,51646
33279,25962,132
33280,25991,24
33281,25253,2832
33282,25977,76
33283,25978,72
33284,25725,1028
33285,25911,326
33286,25919,296
33287,25922,284
33288,25948,184
33289,25932,244
33290,25944,200
33291,25997,0
33292,25868,488
33293,25953,168
33294,25997,0
33295,25997,0
33296,25480,1958
33297,25919,296
33298,25972,96
33299,25889,408
33300,25423,2176
33301,21914,16656
33302,25687,1170
33303,22979,12030
33304,25991,24
33305,25978,72
33306,25997,0
33307,25815,688
33308,8428,109792
33309,25336,2512
33310,25812,698
33311,25997,0
33312,25461,2034
33313,2964,211660
33314,23333,10540
33315,25100,3424
33316,25983,56
33317,25940,216
33318,25962,132
33319,25991,24
33320,25928,262
33321,25969,108
33322,25941,212
33323,25863,504
33324,25944,200
33325,24791,4632
33326,25997,0
33327,24250,6782
33328,25997,0
33329,24992,3844
33330,25985,48
33331,25885,424
33332,25544,1716
33333,25991,24
33334,25870,480
33335,25997,0
33336,25944,200
33337,25305,2632
33338,25834,616
33339,25991,24
33340,15059,53220
33341,24253,6770
33342,25991,24
33343,1669,267624
33344,25965,120
33345,25774,842
33346,25857,528
33347,25147,3240
33348,25898,372
33349,25936,232
33350,25490,1922
33351,15291,51728
33352,25972,96
33353,25936,232
33354,25965,120
33355,25977,76
33356,25968,112
33357,23777,8700
33358,22687,13274
33359,16685,43226
33360,25949,182
33361,25873,468
33362,25977,76
33363,25939,220
33364,25898,372
33365,25990,28
33366,25487,1932
33367,25937,228
33368,24092,7420
33369,24199,6986
33370,25880,440
33371,25951,176
33372,25972,96
33373,24250,6784
33374,25961,136
33375,23914,8140
33376,25905,348
33377,24805,4576
33378,25977,76
33379,25978,72
33380,25990,28
33381,25215,2980
33382,25474,1984
33383,24442,6012
33384,25959,144
33385,25997,0
33386,24815,4536
33387,25964,124
33388,25957,152
33389,25892,396
33390,25944,200
33391,25129,3312
33392,25968,112
33393,25970,104
33394,25676,1214
33395,25991,24
33396,25811,700
33397,25968,112
33398,24849,4402
33399,25924,276
33400,25997,0
33401,25915,308
33402,2024,248816
33403,25766,870
33404,24441,6018
33405,25715,1066
33406,25984,52
33407,25780,818
33408,25940,216
33409,25964,124
33410,25574,1600
33411,25125,3328
33412,25940,216
33413,25934,240
33414,25985,48
33415,25502,1876
33416,25984,52
33417,25997,0
33418,24625,5288
33419,24982,3882
33420,25325,2556
33421,23625,9328
33422,25990,28
33423,25899,368
33424,25539,1736
33425,25952,172
33426,25028,3704
33427,25978,72
33428,22712,13168
33429,25200,3036
33430,25997,0
33431,25822,660
33432,25955,160
33433,25980,64
33434,25975,84
33435,25404,2250
33436,25975,84
33437,25134,3292
33438,25895,384
33439,20857,21474
33440,25879,446
33441,25799,746
33442,25971,100
33443,25912,320
33444,25939,220
33445,25930,252
33446,25976,80
33447,25956,156
33448,25892,396
33449,25954,164
33450,25766,872
33451,25977,76
33452,22440,14342
33453,25734,992
33454,25905,348
33455,25990,28
33456,25972,96
33457,25947,188
33458,25246,2858
33459,25983,56
33460,25138,3276
33461,25899,368
33462,25302,2641
33463,24966,3946
33464,24558,5552
33465,25991,24
33466,4370,173806
33467,20514,23090
33468,25881,436
33469,25936,232
33470,25033,3684
33471,25919,296
33472,25086,3480
33473,25935,236
33474,25925,272
33475,25434,2136
33476,17399,39140
33477,25991,24
33478,23075,11622
33479,25895,384
33480,25939,218
33481,25918,300
33482,25827,642
33483,20064,25250
33484,24786,4652
33485,25965,120
33486,25921,286
33487,24542,5616
33488,25970,104
33489,25920,292
33490,25069,3546
33491,25939,220
33492,24904,4188
33493,25930,252
33494,25914,312
33495,24584,5448
33496,25939,220
33497,25197,3048
33498,25497,1894
33499,25882,434
33500,25961,136
33501,25687,1172
33502,25160,3192
33503,25943,204
33504,25951,176
33505,22814,12732
33506,11219,81908
33507,25991,24
33508,25935,234
33509,25570,1616
33510,25927,264
33511,25935,236
33512,25966,118
33513,25955,158
33514,25958,148
33515,25990,28
33516,25872,472
33517,25971,100
33518,23958,7962
33519,25964,124
33520,25990,28
33521,25611,1458
33522,25991,24
33523,25145,3248
33524,25984,52
33525,25021,3732
33526,25896,380
33527,25977,76
33528,25975,84
33529,24793,4622
33530,25965,120
33531,25392,2298
33532,24270,6702
33533,25959,144
33534,25907,338
33535,25944,200
33536,20604,22664
33537,25991,24
33538,18305,34192
33539,23993,7822
33540,23380,10342
33541,25817,680
33542,25905,348
33543,23135,11368
33544,25925,272
33545,25955,160
33546,25980,64
33547,25812,696
33548,25991,24
33549,25954,164
33550,24980,3892
33551,25770,856
33552,25955,160
33553,25880,442
33554,25977,76
33555,25976,80
33556,25997,0
33557,25969,108
33558,25964,124
33559,25945,196
33560,25587,1550
33561,25931,248
33562,25957,152
33563,25594,1524
33564,21649,17842
33565,24333,6450
33566,25970,104
33567,24610,5344
33568,23994,7816
33569,23579,9516
33570,25814,692
33571,25978,72
33572,9233,100900
33573,25997,0
33574,25940,216
33575,25761,892
33576,25955,160
33577,25964,124
33578,23113,11464
33579,25942,208
33580,20346,23892
33581,11618,78504
33582,25923,280
33583,25912,320
33584,25977,76
33585,25639,1352
33586,25647,1324
33587,25789,784
33588,25879,444
33589,22238,15224
33590,25978,72
33591,25512,1836
33592,25944,200
33593,25940,214
33594,23387,10314
33595,22290,14996
33596,25949,180
33597,25958,148
33598,24764,4738
33599,25805,724
33600,25960,140
33601,25812,696
33602,23831,8480
33603,18836,31406
33604,23243,10914
33605,25874,464
33606,25925,272
33607,25991,24
33608,25453,2064
33609,25953,168
33610,25980,64
33611,25626,1402
33612,25975,84
33613,25962,132
33614,22091,15872
33615,25892,396
33616,24096,7402
33617,25975,84
33618,25635,1370
33619,19268,29196
33620,25991,24
33621,25947,188
33622,20048,25330
33623,25881,436
33624,25919,296
33625,25991,24
33626,25932,244
33627,18804,31572
33628,25991,24
33629,25967,116
33630,25486,1936
33631,25971,100
33632,24999,3816
33633,25952,170
33634,25929,256
33635,25912,320
33636,25367,2394
33637,25991,24
33638,25933,242
33639,25935,236
33640,25940,216
33641,25978,72
33642,23490,9884
33643,25997,0
33644,25265,2786
33645,25573,1606
33646,22854,12560
33647,25962,132
33648,25930,252
33649,25960,140
33650,25960,140
33651,18117,35200
33652,24424,6084
33653,25905,348
33654,24839,4442
33655,25984,52
33656,25600,1500
33657,25964,124
33658,25968,112
33659,25969,108
33660,25880,442
33661,25849,558
33662,25957,152
33663,25985,48
33664,25940,216
33665,25824,652
33666,20279,24212
33667,25890,404
33668,25975,84
33669,24702,4982
33670,25949,180
33671,16823,42426
33672,25741,966
33673,25971,100
33674,24050,7590
33675,25957,152
33676,25958,148
33677,25405,2248
33678,25971,100
33679,23878,8290
33680,18559,32852
33681,25457,2048
33682,25540,1732
33683,25914,312
33684,24362,6332
33685,25427,2162
33686,25501,1880
33687,25888,412
33688,19486,28102
33689,25902,360
33690,25931,248
33691,25222,2952
33692,25858,526
33693,25779,824
33694,25958,148
33695,25960,140
33696,6705,132080
33697,25898,372
33698,25182,3108
33699,25073,3530
33700,25959,144
33701,25965,120
33702,25239,2884
33703,25978,72
33704,24933,4074
33705,25980,64
33706,25978,72
33707,25970,104
33708,25537,1740
33709,25984,52
33710,20297,24126
33711,25945,198
33712,25997,0
33713,25962,132
33714,25763,882
33715,25930,252
33716,25800,742
33717,25656,1288
33718,25997,0
33719,25969,108
33720,25154,3214
33721,25975,84
33722,25334,2520
33723,23551,9632
33724,25985,48
33725,24889,4248
33726,25969,108
33727,17902,36362
33728,16863,42192
33729,24730,4870
33730,25980,64
33731,25964,124
33732,21229,19752
33733,25962,132
33734,25953,168
33735,25952,172
33736,25720,1044
33737,19274,29166
33738,25330,2534
33739,25020,3734
33740,25880,442
33741,25785,798
33742,25444,2096
33743,24909,4168
33744,18451,33420
33745,25457,2048
33746,25968,112
33747,25954,164
33748,25570,1616
33749,25076,3518
33750,25955,158
33751,25884,428
33752,25321,2570
33753,20698,22220
33754,24545,5604
33755,25955,160
33756,25907,340
33757,25984,52
33758,25171,3148
33759,25097,3436
33760,25936,232
33761,25984,52
33762,25962,132
33763,20697,22226
33764,25931,248
33765,25894,388
33766,25944,200
33767,25192,3068
33768,25985,48
33769,25985,48
33770,25634,1372
33771,23487,9896
33772,24133,7252
33773,25252,2836
33774,25926,268
33775,25968,112
33776,25948,184
33777,25220,2958
33778,25668,1244
33779,25614,1448
33780,24821,4512
33781,25709,1088
33782,25968,112
33783,24228,6872
33784,25958,148
33785,25876,456
33786,25875,460
33787,25983,56
33788,25637,1362
33789,25963,128
33790,19942,25848
33791,25965,120
33792,25938,224
33793,25956,156
33794,25882,434
33795,25954,164
33796,23448,10062
33797,25984,52
33798,25949,180
33799,24903,4192
33800,23280,10762
33801,25947,190
33802,24302,6574
33803,25934,240
33804,24648,5196
33805,25089,3468
33806,25957,152
33807,25776,832
33808,25931,248
33809,24901,4200
33810,25946,192
33811,25985,48
33812,25964,126
33813,25620,1424
33814,25973,92
33815,25981,60
33816,25962,132
33817,25927,264
33818,25976,80
33819,24325,6482
33820,25200,3036
33821,25972,96
33822,25845,574
33823,16166,46306
33824,24097,7400
33825,25976,80
33826,25959,144
33827,24999,3816
33828,25936,232
33829,25802,736
33830,20291,24154
33831,24530,5662
33832,21990,16316
33833,25869,484
33834,25937,228
33835,25941,212
33836,25580,1576
33837,25959,146
33838,25921,288
33839,25970,104
33840,25972,96
33841,25991,24
33842,25974,88
33843,25985,48
33844,14191,59008
33845,25236,2896
33846,25932,244
33847,23722,8928
33848,24014,7736
33849,24473,5890
33850,14702,55560
33851,25875,460
33852,25624,1410
33853,25096,3440
33854,22422,14422
33855,25963,128
33856,25540,1730
33857,25927,264
33858,18738,31916
33859,25978,72
33860,25997,0
33861,25602,1494
33862,24364,6324
33863,25848,562
33864,25055,3598
33865,25236,2896
33866,24769,4718
33867,25959,144
33868,25991,24
33869,19996,25580
33870,25972,96
33871,25922,284
33872,25990,28
33873,25955,160
33874,25990,28
33875,25963,128
33876,25913,316
33877,25831,626
33878,25967,114
33879,25977,76
33880,25978,72
33881,25964,124
33882,24051,7584
33883,25959,144
33884,25944,200
33885,25945,196
33886,25968,112
33887,25991,24
33888,25901,362
33889,25965,120
33890,24073,7498
33891,24421,6098
33892,25526,1784
33893,25142,3260
33894,25985,48
33895,25985,48
33896,25913,316
33897,25984,52
33898,24791,4630
33899,25972,96
33900,25930,252
33901,23621,9344
33902,23273,10792
33903,25946,192
33904,25888,412
33905,8623,107564
33906,24972,3924
33907,25942,208
33908,25953,168
33909,25991,24
33910,24107,7360
33911,25936,232
33912,25658,1280
33913,25954,164
33914,17701,37464
33915,25955,160
33916,25955,160
33917,25977,76
33918,25916,306
33919,25974,88
33920,25955,160
33921,25990,28
33922,25965,120
33923,22996,11958
33924,25858,524
33925,19527,27894
33926,25898,372
33927,23180,11182
33928,25278,2736
33929,25946,192
33930,22080,15920
33931,24679,5072
33932,25932,244
33933,17027,41250
33934,25893,392
33935,25976,80
33936,25997,0
33937,25797,756
33938,24952,4000
33939,25964,124
33940,25942,208
33941,25951,176
33942,25997,0
33943,25179,3116
33944,25983,56
33945,25962,132
33946,25756,908
33947,25978,72
33948,25937,225
33949,24540,5624
33950,25094,3446
33951,25713,1072
33952,25266,2780
33953,14922,54108
33954,149,503272
33955,25506,1860
33956,25909,334
33957,25117,3360
33958,25937,228
33959,25985,48
33960,22274,15068
33961,25932,244
33962,25937,228
33963,25628,1396
33964,25856,532
33965,25953,168
33966,25901,362
33967,23906,8176
33968,25985,48
33969,25873,468
33970,25981,60
33971,25997,0
33972,25990,28
33973,25781,816
33974,25957,152
33975,8476,109244
33976,22906,12340
33977,25924,276
33978,25961,136
33979,23150,11308
33980,25910,328
33981,25930,254
33982,25997,0
33983,25964,124
33984,25947,188
33985,24793,4622
33986,25922,284
33987,25860,518
33988,25997,0
33989,24546,5598
33990,25846,570
33991,5340,154278
33992,25977,76
33993,25063,3568
33994,25878,448
33995,25385,2324
33996,25337,2510
33997,25981,60
33998,25975,84
33999,25256,2820
34000,25981,62
34001,25949,180
34002,25935,236
34003,25983,56
34004,25944,200
34005,25922,284
34006,25732,1002
34007,25980,64
34008,25964,124
34009,25985,48
34010,23745,8834
34011,25988,36
34012,25393,2292
34013,25934,240
34014,25919,296
34015,25912,320
34016,25991,24
34017,25959,144
34018,25977,76
34019,25977,76
34020,22968,12078
34021,25964,124
34022,22340,14780
34023,25983,56
34024,25954,164
34025,25940,216
34026,25971,100
34027,22142,15648
34028,25856,532
34029,25971,100
34030,25918,300
34031,25975,84
34032,25961,136
34033,25953,166
34034,25978,72
34035,25991,24
34036,25981,60
34037,25824,652
34038,25639,1352
34039,25980,64
34040,25942,208
34041,25997,0
34042,25978,72
34043,25964,124
34044,25918,298
34045,25980,64
34046,25902,360
34047,24352,6372
34048,25199,3040
34049,23432,10126
34050,24291,6618
34051,25931,248
34052,19795,26568
34053,25827,640
34054,25997,0
34055,24080,7466
34056,24826,4492
34057,25934,240
34058,15532,50208
34059,25909,334
34060,23351,10464
34061,25937,228
34062,25965,120
34063,25668,1244
34064,25704,1106
34065,25991,24
34066,25953,168
34067,25673,1224
34068,25352,2452
34069,25896,380
34070,25990,28
34071,25632,1378
34072,22165,15544
34073,25832,624
34074,25936,232
34075,25734,994
34076,18822,31482
34077,25884,428
34078,25810,706
34079,25120,3348
34080,25984,52
34081,25319,2578
34082,25914,312
34083,25937,228
34084,25771,852
34085,24081,7464
34086,25991,24
34087,23410,10218
34088,25971,100
34089,25241,2878
34090,25921,288
34091,25651,1308
34092,25672,1228
34093,25825,648
34094,23333,10540
34095,25522,1798
34096,25589,1544
34097,25957,152
34098,25094,3448
34099,17501,38570
34100,25991,24
34101,25985,48
34102,25974,88
34103,25931,248
34104,25977,76
34105,24065,7528
34106,25834,616
34107,25984,52
34108,25968,112
34109,25978,72
34110,25980,64
34111,25930,252
34112,25761,892
34113,25814,690
34114,25969,108
34115,25959,144
34116,25499,1886
34117,25969,108
34118,25878,448
34119,25311,2608
34120,25932,244
34121,25952,172
34122,25466,2014
34123,25944,200
34124,25997,0
34125,25968,110
34126,25781,816
34127,25978,72
34128,25971,100
34129,25877,452
34130,25990,28
34131,25944,200
34132,25563,1644
34133,25261,2800
34134,25972,96
34135,25722,1040
34136,25759,899
34137,25980,64
34138,25964,124
34139,25943,204
34140,25978,72
34141,1381,286074
34142,25962,132
34143,25990,28
34144,25965,120
34145,25968,112
34146,25980,64
34147,25320,2572
34148,25969,108
34149,25945,196
34150,25379,2348
34151,25548,1700
34152,25963,128
34153,23937,8050
34154,25765,876
34155,16987,41478
34156,25674,1222
34157,25897,376
34158,25936,232
34159,25949,180
34160,22409,14478
34161,25912,320
34162,25216,2974
34163,25868,486
34164,24731,4868
34165,25997,0
34166,25990,28
34167,25940,216
34168,23534,9704
34169,14624,56080
34170,25926,268
34171,25899,370
34172,25962,132
34173,25920,292
34174,25882,432
34175,25985,48
34176,25939,218
34177,25984,52
34178,25984,52
34179,25859,520
34180,15244,52028
34181,4701,166702
34182,25304,2636
34183,25990,28
34184,25948,184
34185,24856,4376
34186,25963,128
34187,25941,210
34188,25975,84
34189,25488,1930
34190,25958,148
34191,25672,1228
34192,25910,328
34193,25974,88
34194,25969,108
34195,25946,192
34196,25997,0
34197,25386,2318
34198,25800,744
34199,25943,204
34200,25976,80
34201,25958,148
34202,25905,348
34203,25706,1100
34204,25779,824
34205,25981,60
34206,24720,4912
34207,25710,1084
34208,25910,328
34209,25926,268
34210,24522,5696
34211,22328,14830
34212,25523,1796
34213,25893,394
34214,22980,12026
34215,25287,2702
34216,21840,16986
34217,24890,4244
34218,25985,48
34219,24625,5288
34220,23011,11892
34221,25964,124
34222,25975,84
34223,25984,52
34224,25923,278
34225,25985,48
34226,10687,86644
34227,25911,324
34228,25360,2420
34229,24932,4080
34230,24816,4532
34231,25968,110
34232,25911,324
34233,24215,6924
34234,19795,26568
34235,25906,344
34236,22645,13458
34237,24025,7692
34238,25949,180
34239,25965,120
34240,403,406156
34241,25984,52
34242,25810,704
34243,25418,2196
34244,25915,311
34245,25922,284
34246,25948,184
34247,23285,10738
34248,25985,48
34249,25918,298
34250,25971,100
34251,25858,524
34252,20229,24452
34253,25974,88
34254,25991,24
34255,25991,24
34256,25976,80
34257,25426,2166
34258,25333,2522
34259,25976,80
34260,25392,2298
34261,24955,3988
34262,13814,61630
34263,25594,1524
34264,24215,6922
34265,25041,3652
34266,25959,144
34267,25984,52
34268,14563,56482
34269,25997,0
34270,25929,258
34271,24279,6664
34272,25588,1546
34273,25991,24
34274,25359,2424
34275,25997,0
34276,25956,156
34277,25985,48
34278,25972,96
34279,25847,564
34280,25544,1716
34281,25748,938
34282,25997,0
34283,25963,128
34284,25951,176
34285,25593,1528
34286,25923,280
34287,1,775610
34288,25931,250
34289,25367,2394
34290,25418,2198
34291,19993,25596
34292,25991,24
34293,25652,1304
34294,25951,176
34295,25944,200
34296,25956,156
34297,25964,124
34298,24168,7112
34299,25984,52
34300,25952,172
34301,25975,84
34302,25958,148
34303,25988,36
34304,25969,108
34305,24734,4854
34306,3,1000000
34307,25971,100
34308,25898,372
34309,25559,1656
34310,25369,2386
34311,23296,10692
34312,25955,160
34313,25939,220
34314,25910,328
34315,25881,436
34316,25991,24
34317,25978,72
34318,25954,164
34319,25970,104
34320,25931,248
34321,25594,1524
34322,25956,157
34323,25963,128
34324,25959,144
34325,25938,224
34326,25985,48
34327,24438,6030
34328,25216,2976
34329,25799,748
34330,24140,7224
34331,25670,1236
34332,14667,55790
34333,25687,1172
34334,25943,204
34335,25903,356
34336,25954,164
34337,22426,14404
34338,25820,668
34339,25948,184
34340,25951,176
34341,25578,1584
34342,25359,2424
34343,25997,0
34344,24305,6562
34345,25445,2094
34346,24542,5616
34347,25977,76
34348,25984,52
34349,25977,76
34350,25997,0
34351,25990,28
34352,25984,52
34353,25977,76
34354,25984,52
34355,25959,144
34356,18503,33146
34357,25990,28
34358,25924,276
34359,25990,28
34360,25968,110
34361,25210,2996
34362,25969,108
34363,25937,228
34364,25981,62
34365,25540,1730
34366,24856,4376
34367,25874,464
34368,25591,1536
34369,24655,5168
34370,24878,4290
34371,25975,84
34372,25896,382
34373,25949,180
34374,25094,3448
34375,25942,208
34376,25897,378
34377,25984,52
34378,25978,72
34379,25867,490
34380,25964,124
34381,25105,3406
34382,25470,1996
34383,25651,1308
34384,25978,72
34385,25997,0
34386,25895,384
34387,24732,4864
34388,25936,232
34389,25379,2348
34390,24888,4252
34391,24793,4624
34392,25910,330
34393,25780,820
34394,14883,54368
34395,25991,24
34396,24941,4042
34397,25952,172
34398,25894,390
34399,25913,316
34400,25980,64
34401,25957,152
34402,22663,13380
34403,25940,216
34404,24729,4876
34405,20188,24652
34406,25638,1356
34407,25971,98
34408,25969,108
34409,25976,80
34410,25969,108
34411,25924,276
34412,18197,34770
34413,25884,428
34414,25894,388
34415,25928,260
34416,25947,188
34417,25912,320
34418,25963,128
34419,15052,53264
34420,25878,448
34421,25991,24
34422,25948,184
34423,22586,13712
34424,25562,1648
34425,25965,120
34426,25541,1726
34427,25902,360
34428,25779,822
34429,25984,52
34430,25945,198
34431,25197,3048
34432,25968,112
34433,25981,60
34434,25020,3736
34435,25946,192
34436,25531,1764
34437,14742,55292
34438,25985,48
34439,25997,0
34440,25977,76
34441,25661,1270
34442,25978,72
34443,25991,24
34444,25805,724
34445,25638,1356
34446,25988,36
34447,25939,220
34448,25841,590
34449,25924,276
34450,25919,296
34451,25931,250
34452,25114,3370
34453,25955,160
34454,25940,214
34455,25914,312
34456,25975,84
34457,25944,202
34458,25909,332
34459,25981,62
34460,25932,244
34461,25972,96
34462,25964,124
34463,25972,96
34464,25988,36
34465,25978,72
34466,25909,334
34467,22758,12970
34468,24467,5914
34469,25911,324
34470,25997,0
34471,25977,76
34472,25975,84
34473,15088,53034
34474,25957,152
34475,25032,3688
34476,24906,4180
34477,25948,184
34478,25960,140
34479,25869,484
34480,25827,640
34481,25957,152
34482,24945,4028
34483,25972,96
34484,25977,76
34485,25961,138
34486,25281,2722
34487,25771,852
34488,25963,128
34489,25939,220
34490,25906,344
34491,25828,636
34492,25984,52
34493,25975,84
34494,25905,348
34495,25136,3284
34496,25726,1022
34497,25242,2874
34498,25942,208
34499,25832,624
34500,25825,648
34501,25923,280
34502,25997,0
34503,25903,356
34504,25645,1332
34505,25985,48
34506,25556,1668
34507,17543,38336
34508,25985,48
34509,25977,76
34510,25954,164
34511,25940,216
34512,23825,8504
34513,25955,160
34514,25997,0
34515,25970,104
34516,25964,124
34517,25173,3142
34518,25991,24
34519,22345,14756
34520,25956,156
34521,25275,2746
34522,25997,0
34523,25938,224
34524,25733,996
34525,24818,4524
34526,25953,168
34527,25940,216
34528,25925,272
34529,23962,7948
34530,25416,2204
34531,25862,508
34532,25272,2760
34533,25944,200
34534,24883,4272
34535,23930,8077
34536,25957,152
34537,25775,836
34538,25947,188
34539,25918,300
34540,24675,5088
34541,25878,448
34542,25924,274
34543,25913,318
34544,25121,3342
34545,25710,1082
34546,25941,212
34547,25940,216
34548,21634,17908
34549,25601,1498
34550,25940,216
34551,25671,1230
34552,25984,52
34553,25953,168
34554,25930,252
34555,25990,28
34556,23959,7960
34557,25961,136
34558,25590,1540
34559,24793,4622
34560,25932,244
34561,25936,232
34562,25166,3168
34563,25970,104
34564,25951,176
34565,25953,168
34566,25513,1832
34567,25127,3319
34568,25997,0
34569,25960,140
34570,25949,180
34571,25913,316
34572,25387,2316
34573,25961,136
34574,25963,128
34575,25988,36
34576,25956,156
34577,25433,2140
34578,25971,100
34579,25927,264
34580,25991,24
34581,23605,9408
34582,25583,1568
34583,25963,128
34584,23818,8536
34585,25930,252
34586,1316,290816
34587,25958,148
34588,25923,280
34589,22558,13832
34590,25943,204
34591,25962,132
34592,25088,3472
34593,25990,28
34594,25699,1124
34595,25946,194
34596,25977,76
34597,25984,52
34598,25962,132
34599,25991,24
34600,25955,160
34601,25988,36
34602,25938,224
34603,25977,76
34604,25938,224
34605,25997,0
34606,25043,3644
34607,25956,156
34608,22029,16144
34609,25929,256
34610,25990,28
34611,25927,264
34612,25990,28
34613,25948,184
34614,25718,1052
34615,25918,300
34616,25997,0
34617,24806,4572
34618,25991,24
34619,25984,52
34620,25975,84
34621,24815,4538
34622,25947,188
34623,24410,6140
34624,25779,824
34625,25728,1016
34626,24808,4564
34627,25962,132
34628,24896,4220
34629,25575,1598
34630,25945,196
34631,25925,272
34632,25954,163
34633,22926,12256
34634,25037,3670
34635,25955,160
34636,25971,100
34637,25976,80
34638,25943,204
34639,23193,11124
34640,25991,24
34641,25536,1744
34642,25080,3500
34643,25962,132
34644,25930,254
34645,25969,108
34646,25958,148
34647,25967,114
34648,23297,10688
34649,25962,134
34650,24648,5196
34651,25939,218
34652,25978,72
34653,25935,236
34654,25953,168
34655,25963,128
34656,25926,268
34657,25957,152
34658,25944,202
34659,25962,134
34660,20592,22718
34661,25984,52
34662,25990,28
34663,25984,52
34664,25851,552
34665,20591,22722
34666,24455,5960
34667,25141,3264
34668,25975,84
34669,25984,52
34670,24858,4368
34671,25953,166
34672,25809,708
34673,25975,84
34674,25159,3196
34675,20048,25330
34676,25981,60
34677,24385,6240
34678,25457,2046
34679,25908,336
34680,25668,1244
34681,25932,244
34682,21496,18534
34683,25964,124
34684,24930,4088
34685,25481,1954
34686,25840,592
34687,25945,196
34688,25997,0
34689,25904,352
34690,25985,48
34691,25952,170
34692,24920,4126
34693,25963,128
34694,25963,128
34695,25984,52
34696,25911,324
34697,25939,218
34698,25428,2160
34699,25953,168
34700,25928,260
34701,25965,120
34702,25931,248
34703,25468,2004
34704,25985,48
34705,25918,300
34706,25950,178
34707,25175,3134
34708,25985,48
34709,24197,6996
34710,24493,5812
34711,25934,240
34712,25779,824
34713,24874,4304
34714,25974,88
34715,25095,3442
34716,1,969882
34717,25952,172
34718,25905,348
34719,25811,700
34720,14667,55792
34721,25590,1538
34722,25927,264
34723,24748,4800
34724,25943,206
34725,22522,13988
34726,25888,412
34727,25978,72
34728,25317,2584
34729,25975,84
34730,25988,36
34731,25978,72
34732,25629,1392
34733,25619,1430
34734,25720,1044
34735,25972,96
34736,25991,24
34737,25969,108
34738,25959,144
34739,25977,76
34740,25991,24
34741,25955,160
34742,25251,2840
34743,25708,1092
34744,25978,72
34745,25242,2876
34746,25299,2654
34747,25968,110
34748,25932,244
34749,25474,1984
34750,25945,196
34751,25962,132
34752,25963,128
34753,25910,328
34754,25882,432
34755,25935,236
34756,22842,12612
34757,25653,1300
34758,25940,216
34759,25952,172
34760,25991,24
34761,25952,172
34762,25968,112
34763,25991,24
34764,25964,124
34765,25705,1104
34766,25951,176
34767,25479,1962
34768,25566,1632
34769,25964,124
34770,25972,96
34771,25188,3084
34772,25104,3410
34773,23638,9272
34774,25964,126
34775,25944,200
34776,25572,1608
34777,24000,7794
34778,25937,228
34779,25936,232
34780,25997,0
34781,25972,96
34782,25836,608
34783,25636,1364
34784,25991,24
34785,25985,48
34786,25635,1368
34787,25696,1136
34788,25985,48
34789,25949,180
34790,25971,100
34791,25555,1672
34792,25978,72
34793,25964,124
34794,25964,124
34795,25888,413
34796,25990,28
34797,25991,24
34798,25936,232
34799,25936,232
34800,25759,898
34801,25968,112
34802,25769,860
34803,25859,520
34804,23580,9514
34805,24628,5276
34806,25715,1066
34807,25943,204
34808,25941,212
34809,25985,48
34810,25861,512
34811,24276,6676
34812,24114,7330
34813,25920,292
34814,25960,140
34815,25983,56
34816,24031,7666
34817,25965,120
34818,25954,162
34819,24175,7084
34820,24160,7144
34821,25977,76
34822,25991,24
34823,24126,7280
34824,25985,48
34825,25773,844
34826,25959,144
34827,25863,504
34828,25105,3406
34829,25980,64
34830,25955,160
34831,25786,796
34832,25951,176
34833,25983,56
34834,25943,204
34835,25944,201
34836,22985,12002
34837,25991,24
34838,25978,72
34839,25910,328
34840,25969,108
34841,24645,5206
34842,24033,7660
34843,25678,1204
34844,25964,126
34845,25985,48
34846,25981,60
34847,25955,160
34848,25944,200
34849,25974,88
34850,25969,108
34851,25919,296
34852,25907,340
34853,25961,138
34854,25971,100
34855,25936,232
34856,25997,0
34857,25965,120
34858,23208,11062
34859,21656,17810
34860,25904,352
34861,25949,180
34862,24331,6456
34863,22419,14436
34864,25873,468
34865,25988,36
34866,25938,224
34867,25965,120
34868,25867,490
34869,24217,6916
34870,25927,264
34871,25949,180
34872,25887,416
34873,25997,0
34874,25985,48
34875,19365,28708
34876,25972,96
34877,25983,56
34878,25972,96
34879,25977,76
34880,25191,3072
34881,24998,3820
34882,24963,3958
34883,25991,24
34884,24814,4540
34885,22660,13390
34886,25708,1092
34887,25911,326
34888,25930,252
34889,25920,292
34890,22133,15684
34891,25969,108
34892,24335,6440
34893,25641,1344
34894,25965,120
34895,25886,420
34896,25927,264
34897,25173,3142
34898,20061,25268
34899,25808,712
34900,24481,5858
34901,25928,260
34902,25779,822
34903,25949,180
34904,25961,136
34905,25948,184
34906,25291,2684
34907,25812,696
34908,25137,3280
34909,25953,168
34910,25810,704
34911,25997,0
34912,25796,760
34913,25356,2434
34914,25997,0
34915,25792,774
34916,25805,724
34917,20081,25168
34918,24892,4236
34919,25978,72
34920,24320,6502
34921,24554,5566
34922,25503,1872
34923,25919,296
34924,25952,170
34925,25540,1732
34926,25951,176
34927,25681,1194
34928,25867,490
34929,25991,24
34930,25940,216
34931,25197,3048
34932,25636,1364
34933,25956,156
34934,25969,108
34935,25131,3304
34936,24307,6554
34937,25901,364
34938,25872,470
34939,25942,208
34940,25912,320
34941,25939,218
34942,25940,216
34943,25990,28
34944,24669,5114
34945,25813,694
34946,25984,52
34947,25905,348
34948,25916,304
34949,25257,2818
34950,25952,172
34951,25970,104
34952,24975,3910
34953,24961,3964
34954,25299,2656
34955,25957,152
34956,25962,132
34957,25947,190
34958,19584,27612
34959,25991,24
34960,25084,3486
34961,24771,4712
34962,25926,268
34963,25935,236
34964,25151,3226
34965,25991,24
34966,25906,344
34967,14968,53812
34968,23904,8184
34969,25951,176
34970,25864,500
34971,25037,3668
34972,24402,6172
34973,25285,2710
34974,22098,15840
34975,25959,144
34976,25014,3760
34977,25915,308
34978,25855,536
34979,25964,124
34980,25977,76
34981,20542,22958
34982,24907,4176
34983,25958,148
34984,25953,166
34985,24519,5708
34986,25974,88
34987,25827,640
34988,25941,212
34989,25358,2428
34990,25842,586
34991,25971,100
34992,25928,260
34993,23773,8718
34994,23056,11704
34995,25968,112
34996,25738,978
34997,25981,62
34998,25968,112
34999,25458,2044
35000,25869,484
35001,25957,152
35002,25997,0
35003,25907,340
35004,25997,0
35005,25990,28
35006,25954,164
35007,18547,32914
35008,25959,144
35009,25449,2078
35010,25895,386
35011,25968,110
35012,25957,152
35013,22250,15170
35014,25953,168
35015,25957,152
35016,25768,864
35017,25955,160
35018,25997,0
35019,25817,678
35020,24834,4464
35021,25830,628
35022,25665,1256
35023,25991,24
35024,24118,7316
35025,25991,24
35026,25984,52
35027,25887,416
35028,25997,0
35029,25923,280
35030,25975,86
35031,25642,1340
35032,25991,24
35033,25936,232
35034,25645,1332
35035,25306,2628
35036,24577,5476
35037,25958,148
35038,25926,268
35039,25965,120
35040,25960,140
35041,25942,208
35042,25984,52
35043,25969,108
35044,25627,1398
35045,25453,2062
35046,25964,124
35047,25962,132
35048,25965,120
35049,25821,664
35050,21262,19598
35051,23739,8856
35052,25978,72
35053,25932,244
35054,25118,3354
35055,25932,244
35056,25841,588
35057,25198,3046
35058,25834,616
35059,25985,48
35060,25288,2698
35061,25977,76
35062,25965,122
35063,25354,2442
35064,25928,260
35065,25640,1348
35066,25988,36
35067,25970,104
35068,25984,52
35069,25946,192
35070,13194,66110
35071,25904,352
35072,22895,12388
35073,25946,192
35074,25997,0
35075,25952,172
35076,25923,280
35077,25854,540
35078,25953,168
35079,25822,660
35080,24860,4360
35081,25997,0
35082,25978,74
35083,25944,200
35084,25906,344
35085,25997,0
35086,25985,48
35087,25997,0
35088,25822,660
35089,25743,958
35090,25851,550
35091,25552,1684
35092,25969,108
35093,25957,152
35094,25857,528
35095,25959,144
35096,25988,36
35097,25868,487
35098,25984,52
35099,21883,16792
35100,25590,1540
35101,25385,2324
35102,23783,8678
35103,25957,152
35104,25984,52
35105,25978,72
35106,25970,104
35107,25928,260
35108,25939,220
35109,25972,96
35110,25922,284
35111,24885,4264
35112,25978,72
35113,25991,24
35114,25990,28
35115,21051,20572
35116,25984,52
35117,25997,0
35118,25850,556
35119,25904,352
35120,25976,80
35121,25885,424
35122,25985,48
35123,25985,48
35124,25958,148
35125,25990,28
35126,25958,148
35127,25971,100
35128,25882,432
35129,25991,24
35130,25914,312
35131,25988,36
35132,25978,72
35133,20716,22136
35134,25617,1436
35135,25974,88
35136,25964,124
35137,25985,48
35138,25734,992
35139,25896,382
35140,25947,188
35141,25964,124
35142,23761,8768
35143,25954,164
35144,25970,104
35145,22231,15256
35146,25508,1852
35147,8710,106590
35148,25028,3704
35149,25941,212
35150,22966,12084
35151,25189,3080
35152,25968,112
35153,25951,176
35154,25878,450
35155,25947,188
35156,21218,19800
35157,25927,264
35158,25496,1898
35159,25530,1770
35160,25977,76
35161,25939,218
35162,23715,8958
35163,25962,134
35164,25968,112
35165,25502,1874
35166,25970,104
35167,25931,248
35168,25959,144
35169,25985,48
35170,25951,176
35171,25125,3328
35172,25968,112
35173,25971,100
35174,25988,36
35175,25991,24
35176,24995,3832
35177,25962,132
35178,25961,136
35179,25905,348
35180,25914,312
35181,25964,124
35182,22704,13202
35183,2514,227688
35184,25985,48
35185,25468,2004
35186,19927,25920
35187,25355,2440
35188,25062,3570
35189,25923,280
35190,25868,488
35191,15207,52266
35192,25227,2932
35193,24296,6596
35194,25981,62
35195,25856,532
35196,25934,240
35197,25975,84
35198,25910,328
35199,24249,6788
35200,25981,60
35201,25981,60
35202,23489,9890
35203,25971,100
35204,25705,1102
35205,25190,3074
35206,25325,2554
35207,25647,1322
35208,17450,38856
35209,25997,0
35210,23578,9522
35211,25810,706
35212,25963,128
35213,24267,6712
35214,25969,108
35215,23979,7876
35216,25881,436
35217,23993,7822
35218,25314,2598
35219,25150,3230
35220,19273,29174
35221,15305,51642
35222,25810,706
35223,25957,152
35224,25805,724
35225,24732,4864
35226,25096,3440
35227,25988,36
35228,25799,748
35229,25978,72
35230,24250,6784
35231,23501,9840
35232,17968,36004
35233,25997,0
35234,24644,5212
35235,21633,17914
35236,23769,8736
35237,25577,1588
35238,25984,52
35239,25939,220
35240,25969,108
35241,25984,52
35242,25977,76
35243,17011,41340
35244,25981,60
35245,24898,4212
35246,23711,8974
35247,25916,306
35248,25938,224
35249,22437,14358
35250,25659,1276
35251,25945,196
35252,14541,56632
35253,1947,252594
35254,13847,61400
35255,25977,76
35256,25923,280
35257,25946,192
35258,25972,96
35259,25258,2812
35260,25956,156
35261,25985,48
35262,25971,100
35263,25991,24
35264,23830,8484
35265,25399,2268
35266,25972,96
35267,22941,12192
35268,25367,2394
35269,13533,63632
35270,25970,104
35271,25964,124
35272,25954,164
35273,25926,268
35274,25990,28
35275,25951,174
35276,25662,1264
35277,25896,380
35278,25862,508
35279,25964,124
35280,25984,52
35281,25824,652
35282,25961,136
35283,25776,832
35284,25942,208
35285,25949,180
35286,25959,144
35287,25975,84
35288,25679,1200
35289,25355,2438
35290,24031,7668
35291,25920,292
35292,25968,112
35293,25079,3504
35294,25616,1442
35295,25934,240
35296,25961,136
35297,24432,6052
35298,25693,1150
35299,25888,410
35300,24846,4414
35301,25613,1452
35302,25955,160
35303,25997,0
35304,25508,1852
35305,25941,212
35306,25980,64
35307,25951,176
35308,25978,72
35309,25975,84
35310,25365,2400
35311,25973,92
35312,25588,1546
35313,25984,52
35314,25946,192
35315,25970,104
35316,25317,2586
35317,25963,128
35318,25980,64
35319,25895,386
35320,25896,380
35321,25991,24
35322,25936,232
35323,25991,24
35324,22599,13656
35325,25635,1368
35326,25904,352
35327,21270,19564
35328,25981,60
35329,25939,220
35330,25952,172
35331,25969,108
35332,25956,156
35333,25975,84
35334,25963,128
35335,21359,19154
35336,25711,1078
35337,25918,300
35338,25880,440
35339,25936,232
35340,25938,224
35341,25991,24
35342,25910,328
35343,25694,1144
35344,25796,760
35345,25649,1316
35346,25997,0
35347,24848,4406
35348,25817,680
35349,25978,72
35350,25991,24
35351,25452,2068
35352,25050,3618
35353,25975,84
35354,25997,0
35355,25226,2936
35356,25985,48
35357,25736,986
35358,15241,52048
35359,25957,152
35360,25944,202
35361,25956,156
35362,25911,326
35363,25020,3736
35364,25978,72
35365,25912,322
35366,25203,3024
35367,25983,56
35368,25047,3632
35369,25976,80
35370,25963,128
35371,25924,274
35372,25657,1284
35373,25959,144
35374,25978,72
35375,25940,216
35376,25930,252
35377,25784,804
35378,25805,724
35379,25977,76
35380,24701,4986
35381,25977,76
35382,25976,80
35383,25997,0
35384,25742,962
35385,25959,144
35386,25849,560
35387,1708,265362
35388,25975,84
35389,25963,128
35390,25968,112
35391,25944,200
35392,22578,13746
35393,25868,488
35394,25983,56
35395,24158,7154
35396,25824,654
35397,25948,184
35398,25959,144
35399,25525,1786
35400,25947,188
35401,25985,48
35402,25945,196
35403,25434,2136
35404,25927,264
35405,25686,1176
35406,25932,244
35407,25953,168
35408,25949,180
35409,9991,93213
35410,25946,192
35411,25384,2326
35412,25922,284
35413,25963,128
35414,25976,80
35415,25970,104
35416,25955,160
35417,25926,268
35418,25961,138
35419,25968,112
35420,25990,28
35421,25043,3646
35422,25977,76
35423,25870,480
35424,4645,167864
35425,25151,3228
35426,25743,960
35427,24909,4168
35428,25959,144
35429,25997,0
35430,25224,2944
35431,25892,398
35432,25689,1164
35433,25915,308
35434,25952,172
35435,25975,84
35436,25455,2054
35437,25930,252
35438,25957,152
35439,25972,96
35440,25146,3244
35441,24853,4388
35442,25908,336
35443,25949,180
35444,25977,76
35445,24360,6342
35446,13041,67244
35447,25648,1320
35448,25937,228
35449,25953,168
35450,25330,2534
35451,25951,176
35452,25937,228
35453,25931,248
35454,25984,52
35455,25974,88
35456,25945,196
35457,25955,160
35458,25977,76
35459,24033,7660
35460,23262,10838
35461,23835,8466
35462,25962,132
35463,25990,28
35464,25997,0
35465,24189,7028
35466,25961,136
35467,25735,988
35468,25916,304
35469,25949,180
35470,25362,2412
35471,21551,18282
35472,24686,5044
35473,1507,277564
35474,25782,812
35475,25951,176
35476,25964,126
35477,25997,0
35478,25974,88
35479,25456,2052
35480,25945,196
35481,25954,164
35482,25954,164
35483,21440,18784
35484,25975,84
35485,25965,120
35486,25971,100
35487,25975,84
35488,25432,2142
35489,25931,248
35490,12451,71754
35491,25964,124
35492,22633,13506
35493,25890,402
35494,25896,380
35495,25954,162
35496,25973,92
35497,25949,180
35498,24463,5928
35499,25809,708
35500,25870,478
35501,25937,228
35502,25954,164
35503,25927,264
35504,25969,108
35505,25928,260
35506,25500,1884
35507,25906,344
35508,25896,380
35509,25984,52
35510,25934,240
35511,25990,28
35512,25938,224
35513,25962,134
35514,25948,184
35515,25878,448
35516,25964,124
35517,25857,528
35518,25990,28
35519,25959,146
35520,25975,84
35521,25161,3188
35522,25985,48
35523,14833,54694
35524,24506,5760
35525,25949,180
35526,23557,9606
35527,25927,264
35528,18678,32230
35529,25962,134
35530,25964,124
35531,25733,996
35532,25921,288
35533,25936,229
35534,23316,10612
35535,25426,2168
35536,25556,1670
35537,25946,192
35538,23789,8654
35539,25912,320
35540,23237,10940
35541,25941,212
35542,25985,48
35543,25972,96
35544,25891,400
35545,25739,972
35546,25985,48
35547,25840,592
35548,25944,200
35549,25936,232
35550,25741,968
35551,25604,1486
35552,24800,4596
35553,25946,192
35554,22514,14024
35555,25964,124
35556,25091,3458
35557,25937,228
35558,24576,5482
35559,25938,224
35560,25968,112
35561,25937,228
35562,23184,11162
35563,23662,9176
35564,25818,676
35565,25919,296
35566,25972,96
35567,25897,376
35568,25953,168
35569,25990,28
35570,23922,8110
35571,22867,12504
35572,25952,172
35573,15644,49504
35574,25969,108
35575,25985,48
35576,25949,180
35577,25944,200
35578,25670,1234
35579,25839,596
35580,25957,152
35581,24956,3984
35582,25132,3298
35583,25949,180
35584,25952,172
35585,14618,56116
35586,24896,4218
35587,25929,256
35588,25961,136
35589,25932,244
35590,25990,28
35591,25881,436
35592,22297,14966
35593,25951,176
35594,25533,1758
35595,25976,80
35596,24567,5518
35597,25965,120
35598,23936,8052
35599,25932,244
35600,25124,3332
35601,25887,416
35602,25941,210
35603,24003,7780
35604,25955,160
35605,25970,104
35606,24477,5872
35607,20545,22944
35608,25946,192
35609,25337,2510
35610,25984,52
35611,25973,92
35612,25561,1650
35613,25980,64
35614,25974,88
35615,18424,33562
35616,24043,7618
35617,25975,84
35618,24146,7202
35619,25957,152
35620,25988,36
35621,25984,52
35622,11862,76478
35623,22563,13812
35624,22379,14606
35625,25953,168
35626,25997,0
35627,23243,10918
35628,22820,12704
35629,25960,140
35630,25655,1292
35631,25988,36
35632,24328,6470
35633,25843,582
35634,25150,3232
35635,24836,4456
35636,25340,2498
35637,24758,4762
35638,25940,216
35639,25988,36
35640,25924,276
35641,25943,204
35642,25152,3224
35643,25869,484
35644,14908,54202
35645,22113,15774
35646,25687,1172
35647,25804,728
35648,25607,1476
35649,14332,58044
35650,25947,188
35651,25871,474
35652,8985,103550
35653,25991,24
35654,25976,80
35655,24842,4432
35656,25651,1308
35657,25997,0
35658,25957,152
35659,24824,4502
35660,25786,796
35661,25264,2788
35662,25326,2552
35663,24658,5156
35664,23809,8570
35665,25976,80
35666,25922,284
35667,25947,188
35668,25795,762
35669,25990,28
35670,25902,360
35671,25997,0
35672,18974,30696
35673,23791,8644
35674,25991,24
35675,25909,332
35676,25991,24
35677,23184,11164
35678,25976,80
35679,24907,4176
35680,25997,0
35681,25965,120
35682,25990,28
35683,25324,2558
35684,25961,136
35685,25941,212
35686,24785,4654
35687,21768,17308
35688,25888,412
35689,25901,364
35690,16515,44226
35691,25810,704
35692,25923,278
35693,25958,148
35694,25957,152
35695,25633,1376
35696,25932,244
35697,23327,10564
35698,25968,110
35699,24999,3816
35700,25909,333
35701,25916,306
35702,21163,20052
35703,25971,100
35704,25935,234
35705,25953,168
35706,25941,212
35707,3196,204302
35708,25945,196
35709,25990,28
35710,25981,60
35711,25965,122
35712,25968,112
35713,25953,168
35714,25964,124
35715,25971,98
35716,25965,120
35717,25383,2330
35718,25420,2188
35719,25938,224
35720,25963,128
35721,25997,0
35722,25930,252
35723,25951,176
35724,25955,160
35725,25949,180
35726,25774,840
35727,25956,156
35728,25922,284
35729,25971,100
35730,25563,1644
35731,25991,24
35732,25884,428
35733,23267,10814
35734,25960,140
35735,25975,84
35736,25614,1450
35737,25923,280
35738,25331,2532
35739,25044,3642
35740,25902,360
35741,25968,112
35742,25832,622
35743,25903,356
35744,25977,76
35745,25997,0
35746,24788,4644
35747,25972,96
35748,25944,200
35749,25667,1248
35750,25896,380
35751,23185,11158
35752,25939,220
35753,25330,2536
35754,25236,2898
35755,25984,52
35756,25984,52
35757,24194,7006
35758,24846,4416
35759,25852,548
35760,25561,1652
35761,15599,49784
35762,19992,25600
35763,25898,372
35764,24925,4108
35765,25969,108
35766,25940,216
35767,25990,28
35768,25969,108
35769,24019,7714
35770,25335,2514
35771,24715,4930
35772,25962,132
35773,25969,108
35774,24742,4826
35775,25928,260
35776,25964,124
35777,25962,132
35778,23794,8632
35779,25694,1144
35780,24508,5752
35781,25897,376
35782,25970,104
35783,25951,176
35784,24356,6358
35785,25997,0
35786,25972,96
35787,24823,4504
35788,25966,118
35789,25951,176
35790,25997,0
35791,25844,576
35792,25964,126
35793,25985,48
35794,25957,152
35795,25960,142
35796,25889,408
35797,25322,2566
35798,25407,2240
35799,25818,676
35800,25973,90
35801,25560,1654
35802,25959,144
35803,25517,1818
35804,25212,2990
35805,25319,2578
35806,25016,3752
35807,25871,476
35808,25369,2384
35809,24954,3992
35810,25977,76
35811,25874,464
35812,25098,3430
35813,25352,2452
35814,25972,96
35815,3770,188196
35816,25991,24
35817,25322,2564
35818,25962,132
35819,25964,124
35820,25964,124
35821,20404,23614
35822,25853,544
35823,25991,24
35824,25282,2720
35825,25594,1524
35826,25984,52
35827,25976,80
35828,25929,256
35829,25967,116
35830,25968,112
35831,25997,0
35832,25997,0
35833,23344,10494
35834,25397,2276
35835,25943,204
35836,25997,0
35837,25852,548
35838,24692,5020
35839,25959,144
35840,25962,134
35841,25901,364
35842,25936,232
35843,25307,2622
35844,25916,304
35845,25952,172
35846,25852,548
35847,18163,34952
35848,25972,96
35849,22569,13784
35850,25521,1804
35851,25984,52
35852,25863,504
35853,25944,200
35854,21246,19672
35855,25159,3194
35856,19628,27392
35857,25080,3502
35858,25965,120
35859,25911,324
35860,25932,245
35861,25854,540
35862,23811,8564
35863,25972,96
35864,25948,186
35865,25984,52
35866,19518,27938
35867,25991,24
35868,25955,160
35869,24958,3976
35870,25374,2366
35871,25242,2874
35872,25902,360
35873,25991,24
35874,25971,100
35875,25679,1202
35876,24654,5170
35877,25897,376
35878,9335,99826
35879,25961,136
35880,25223,2948
35881,23547,9648
35882,25841,590
35883,25957,152
35884,25985,48
35885,21958,16460
35886,25257,2816
35887,25981,60
35888,25235,2902
35889,25929,256
35890,25858,524
35891,25985,48
35892,25985,48
35893,25977,76
35894,25431,2148
35895,25988,36
35896,3,1000000
35897,24318,6510
35898,25965,120
35899,25726,1024
35900,25842,586
35901,25107,3396
35902,25235,2900
35903,25912,322
35904,25976,80
35905,24274,6686
35906,24975,3910
35907,25258,2814
35908,25972,96
35909,25975,86
35910,25521,1802
35911,25943,204
35912,25946,192
35913,25980,64
35914,25795,762
35915,25970,104
35916,25975,84
35917,25844,576
35918,25369,2386
35919,25555,1672
35920,25924,276
35921,25967,116
35922,25927,264
35923,25997,0
35924,25984,52
35925,25955,160
35926,25963,128
35927,25988,36
35928,25680,1196
35929,25963,128
35930,25838,598
35931,18660,32320
35932,25983,56
35933,25997,0
35934,25972,96
35935,25347,2470
35936,25533,1756
35937,25985,48
35938,5219,156498
35939,25083,3492
35940,25356,2436
35941,25978,72
35942,23265,10824
35943,19066,30224
35944,25981,60
35945,25965,120
35946,25814,692
35947,25997,0
35948,24706,4968
35949,25984,52
35950,25958,148
35951,25536,1746
35952,25887,416
35953,24620,5306
35954,19706,27006
35955,25968,112
35956,25944,200
35957,25958,148
35958,25016,3752
35959,24750,4794
35960,25764,878
35961,25951,176
35962,25969,108
35963,25988,36
35964,25981,60
35965,24661,5144
35966,25976,80
35967,25978,72
35968,22532,13946
35969,25985,48
35970,19994,25594
35971,22977,12036
35972,20934,21114
35973,25969,108
35974,25479,1964
35975,25886,420
35976,25693,1148
35977,25981,60
35978,25172,3146
35979,25788,788
35980,25935,234
35981,25906,344
35982,25975,84
35983,25990,28
35984,25997,0
35985,25927,264
35986,25837,602
35987,25934,240
35988,25936,232
35989,25856,532
35990,25978,72
35991,25997,0
35992,25351,2456
35993,25968,112
35994,25971,100
35995,25932,244
35996,25961,138
35997,25872,470
35998,25952,170
35999,25547,1704
36000,25964,124
36001,25923,280
36002,25862,508
36003,25781,816
36004,24885,4264
36005,25931,248
36006,25997,0
36007,25911,326
36008,25985,48
36009,25888,412
36010,25971,100
36011,25971,100
36012,25977,76
36013,25612,1456
36014,25958,148
36015,25964,124
36016,25991,24
36017,25947,188
36018,25951,174
36019,25239,2884
36020,25951,174
36021,25530,1770
36022,24152,7178
36023,25952,172
36024,25885,424
36025,25959,144
36026,25949,180
36027,25801,740
36028,24863,4348
36029,25887,416
36030,25991,24
36031,23786,8666
36032,25970,104
36033,25963,128
36034,23607,9400
36035,25926,268
36036,25821,664
36037,24923,4112
36038,25879,444
36039,20520,23062
36040,25962,132
36041,19766,26708
36042,25990,28
36043,25991,24
36044,11016,83688
36045,25280,2728
36046,19114,29978
36047,25146,3244
36048,25205,3019
36049,25947,188
36050,25687,1170
36051,25936,232
36052,25971,100
36053,25301,2648
36054,25359,2422
36055,25978,72
36056,25991,24
36057,23458,10018
36058,25984,52
36059,18764,31780
36060,25904,352
36061,15342,51404
36062,20575,22800
36063,25997,0
36064,21830,17028
36065,25980,64
36066,25915,308
36067,25901,364
36068,25370,2380
36069,25959,144
36070,25997,0
36071,25991,24
36072,24456,5956
36073,25960,140
36074,24443,6008
36075,25855,536
36076,25955,160
36077,25991,24
36078,24862,4352
36079,25951,176
36080,25965,120
36081,25177,3126
36082,23782,8682
36083,25958,148
36084,25957,152
36085,25944,200
36086,25623,1414
36087,24047,7602
36088,25845,572
36089,25963,128
36090,25571,1612
36091,25936,230
36092,25676,1214
36093,25948,184
36094,25981,62
36095,25921,288
36096,25941,210
36097,24661,5142
36098,14914,54160
36099,25961,138
36100,25878,448
36101,25934,240
36102,24751,4788
36103,25959,144
36104,24584,5448
36105,24128,7274
36106,25697,1132
36107,25927,264
36108,25968,112
36109,23074,11626
36110,20547,22932
36111,25925,272
36112,24813,4546
36113,25919,296
36114,25951,176
36115,25962,134
36116,25917,302
36117,24168,7112
36118,25860,516
36119,25893,392
36120,25805,724
36121,25838,600
36122,25973,92
36123,25964,124
36124,25853,542
36125,25951,174
36126,23788,8656
36127,25199,3040
36128,25645,1332
36129,17291,39748
36130,25961,136
36131,24311,6538
36132,25928,261
36133,25946,192
36134,25389,2308
36135,25954,164
36136,25269,2770
36137,25781,816
36138,25997,0
36139,25957,152
36140,25673,1224
36141,25915,310
36142,25961,136
36143,25955,160
36144,15284,51774
36145,25997,0
36146,25954,164
36147,24965,3950
36148,25952,172
36149,25956,156
36150,22419,14434
36151,25991,24
36152,25853,544
36153,25927,264
36154,23891,8236
36155,25963,128
36156,24130,7266
36157,25918,298
36158,22411,14470
36159,25939,220
36160,25983,56
36161,24091,7424
36162,19276,29154
36163,23960,7954
36164,25926,270
36165,11910,76088
36166,25386,2318
36167,25985,48
36168,25972,96
36169,25951,176
36170,25204,3020
36171,24274,6686
36172,25943,204
36173,25969,108
36174,25491,1918
36175,25393,2292
36176,12988,67644
36177,25959,144
36178,25949,180
36179,25251,2840
36180,25972,96
36181,25920,292
36182,25680,1198
36183,25817,680
36184,25988,36
36185,25972,96
36186,25923,280
36187,25997,0
36188,25991,24
36189,25838,600
36190,25708,1092
36191,25985,48
36192,25942,208
36193,25984,52
36194,25928,260
36195,25895,384
36196,25976,80
36197,25962,132
36198,25863,504
36199,25975,84
36200,24167,7118
36201,25115,3364
36202,25682,1190
36203,24773,4704
36204,10761,85970
36205,23153,11292
36206,25723,1036
36207,25952,172
36208,25884,428
36209,25490,1922
36210,25985,48
36211,11476,79700
36212,25880,442
36213,25750,934
36214,25228,2930
36215,25977,76
36216,25932,244
36217,25958,148
36218,25851,550
36219,25977,76
36220,25920,292
36221,19022,30450
36222,25926,268
36223,25720,1044
36224,24596,5400
36225,21984,16342
36226,25978,72
36227,25303,2638
36228,25955,160
36229,25925,272
36230,25521,1804
36231,25952,172
36232,24534,5648
36233,25991,24
36234,25955,160
36235,25956,156
36236,25915,308
36237,25984,52
36238,25975,84
36239,25766,870
36240,25974,88
36241,25969,108
36242,25958,148
36243,23377,10356
36244,22005,16250
36245,25961,136
36246,14184,59052
36247,25991,24
36248,25922,284
36249,25997,0
36250,25934,238
36251,25649,1314
36252,25089,3466
36253,22619,13570
36254,25997,0
36255,22823,12692
36256,25846,568
36257,25054,3602
36258,25911,324
36259,25850,556
36260,25965,120
36261,23936,8052
36262,25952,172
36263,25405,2246
36264,25975,84
36265,25871,476
36266,25960,140
36267,25875,462
36268,25976,80
36269,25674,1222
36270,25452,2068
36271,24443,6008
36272,25955,160
36273,25997,0
36274,25354,2442
36275,23700,9018
36276,25985,48
36277,23782,8680
36278,25991,24
36279,25934,240
36280,22853,12564
36281,25882,432
36282,25920,292
36283,25952,172
36284,25947,188
36285,25836,606
36286,25972,96
36287,24428,6070
36288,25837,604
36289,25914,312
36290,25636,1364
36291,25975,86
36292,25984,52
36293,15421,50902
36294,25625,1406
36295,25964,124
36296,25977,76
36297,25962,134
36298,25943,204
36299,25972,96
36300,25991,24
36301,23868,8328
36302,25868,488
36303,25985,48
36304,25345,2476
36305,24691,5024
36306,25634,1372
36307,25963,128
36308,25962,132
36309,25039,3662
36310,25409,2230
36311,22953,12138
36312,19584,27610
36313,25923,280
36314,25960,140
36315,25984,52
36316,25991,24
36317,25283,2716
36318,25916,304
36319,25985,48
36320,25932,244
36321,25985,48
36322,25953,168
36323,25983,56
36324,21934,16566
36325,25934,240
36326,25946,192
36327,25991,24
36328,25085,3484
36329,25823,656
36330,25822,660
36331,25980,64
36332,25962,132
36333,23744,8838
36334,25969,108
36335,25956,156
36336,18300,34220
36337,25444,2098
36338,25410,2228
36339,25878,448
36340,25922,284
36341,25956,156
36342,25991,24
36343,25275,2748
36344,25402,2260
36345,25644,1334
36346,25398,2274
36347,23324,10576
36348,25948,184
36349,25690,1158
36350,24775,4696
36351,25965,120
36352,25884,428
36353,24892,4236
36354,25508,1854
36355,25985,48
36356,25984,52
36357,25795,762
36358,25968,112
36359,25968,112
36360,24779,4678
36361,25965,120
36362,25741,966
36363,24660,5148
36364,22932,12230
36365,25913,316
36366,25925,272
36367,25944,200
36368,25905,348
36369,25958,148
36370,25990,28
36371,25852,546
36372,25886,420
36373,25785,800
36374,25955,160
36375,25997,0
36376,25985,48
36377,24206,6960
36378,24876,4298
36379,25991,24
36380,25981,60
36381,25997,0
36382,25771,852
36383,13420,64454
36384,25925,272
36385,25946,192
36386,25997,0
36387,25783,808
36388,25774,840
36389,25984,52
36390,25765,876
36391,25120,3346
36392,25965,120
36393,11645,78278
36394,25957,152
36395,25984,52
36396,25970,104
36397,22889,12412
36398,23983,7860
36399,23352,10460
36400,24939,4052
36401,25111,3380
36402,25985,48
36403,25940,216
36404,25968,112
36405,25919,296
36406,25938,224
36407,25890,404
36408,25973,92
36409,25636,1364
36410,25520,1808
36411,25991,24
36412,25681,1192
36413,23706,8992
36414,25464,2020
36415,25748,940
36416,25952,172
36417,25927,264
36418,16179,46226
36419,25934,240
36420,25283,2716
36421,25510,1844
36422,25101,3420
36423,25931,248
36424,20355,23848
36425,25972,96
36426,24561,5540
36427,23909,8164
36428,25978,72
36429,25943,204
36430,25953,168
36431,13989,60406
36432,25977,76
36433,21672,17739
36434,25958,148
36435,25988,36
36436,25948,184
36437,23089,11564
36438,25958,148
36439,25519,1810
36440,25320,2572
36441,25959,144
36442,25676,1214
36443,25944,200
36444,25978,72
36445,25867,492
36446,24295,6602
36447,25990,28
36448,25785,798
36449,25991,24
36450,25981,60
36451,25858,524
36452,25991,24
36453,25976,80
36454,25570,1616
36455,24426,6076
36456,25997,0
36457,25984,52
36458,24814,4542
36459,25906,344
36460,23572,9548
36461,25983,56
36462,25957,152
36463,25965,120
36464,25972,96
36465,25931,250
36466,25944,200
36467,25453,2062
36468,25532,1762
36469,24265,6720
36470,23180,11182
36471,25965,120
36472,25916,304
36473,25908,336
36474,25881,436
36475,25938,224
36476,25948,184
36477,25935,236
36478,25913,316
36479,25944,200
36480,25884,428
36481,16636,43512
36482,25936,232
36483,25267,2778
36484,25938,224
36485,25968,112
36486,24886,4260
36487,25981,60
36488,25959,144
36489,25161,3188
36490,22601,13648
36491,25446,2088
36492,25985,48
36493,25912,320
36494,25968,112
36495,25741,968
36496,25970,104
36497,25926,268
36498,25985,48
36499,25858,524
36500,25956,156
36501,25898,372
36502,25972,96
36503,25661,1270
36504,19736,26856
36505,25927,264
36506,25395,2284
36507,25787,794
36508,15174,52476
36509,25912,320
36510,25977,76
36511,25553,1682
36512,20583,22760
36513,25882,432
36514,25997,0
36515,25325,2556
36516,25890,404
36517,23559,9598
36518,25794,764
36519,25977,76
36520,25294,2672
36521,25713,1072
36522,25910,328
36523,25964,124
36524,25890,404
36525,25697,1134
36526,25980,64
36527,25990,28
36528,25892,396
36529,25984,52
36530,25314,2596
36531,25945,196
36532,23465,9990
36533,25983,56
36534,23618,9356
36535,25264,2790
36536,25961,136
36537,25963,128
36538,25991,24
36539,25768,864
36540,23925,8096
36541,25958,148
36542,25991,24
36543,25944,200
36544,25956,156
36545,25980,64
36546,25840,592
36547,15768,48736
36548,25860,518
36549,25972,96
36550,25898,372
36551,24922,4118
36552,25313,2600
36553,23966,7932
36554,25255,2824
36555,25764,880
36556,25948,184
36557,25985,48
36558,25528,1776
36559,25930,252
36560,25713,1074
36561,25990,28
36562,25985,48
36563,24777,4688
36564,25997,0
36565,25925,272
36566,25991,24
36567,16519,44200
36568,25991,24
36569,25975,84
36570,22480,14170
36571,25922,284
36572,25991,24
36573,25892,396
36574,25941,210
36575,24426,6076
36576,25977,76
36577,25562,1648
36578,25984,52
36579,25461,2032
36580,25956,156
36581,25977,76
36582,24479,5864
36583,24933,4076
36584,25990,28
36585,25955,160
36586,25977,76
36587,25961,136
36588,23096,11536
36589,24814,4540
36590,25630,1388
36591,25266,2780
36592,25172,3146
36593,25402,2260
36594,25749,936
36595,25964,124
36596,25943,204
36597,24209,6948
36598,25931,248
36599,25573,1604
36600,25948,184
36601,25965,120
36602,25997,0
36603,25978,72
36604,13218,65928
36605,25106,3400
36606,25990,28
36607,25945,196
36608,25964,124
36609,25860,518
36610,25964,126
36611,25741,968
36612,25618,1432
36613,25879,444
36614,25632,1380
36615,25903,356
36616,25741,968
36617,25898,372
36618,25669,1240
36619,25948,184
36620,25379,2348
36621,25884,428
36622,25956,156
36623,25892,396
36624,25957,152
36625,25983,56
36626,25934,240
36627,25990,28
36628,25876,456
36629,21918,16638
36630,25533,1756
36631,25735,990
36632,25395,2284
36633,15400,51036
36634,25970,104
36635,25991,24
36636,24326,6478
36637,25160,3192
36638,24376,6278
36639,25990,28
36640,25906,344
36641,25945,196
36642,25975,84
36643,25168,3162
36644,25905,348
36645,25976,80
36646,25978,72
36647,22600,13652
36648,25920,292
36649,25952,172
36650,25940,216
36651,24867,4332
36652,25990,28
36653,24491,5820
36654,25961,138
36655,24961,3964
36656,25958,148
36657,25997,0
36658,25895,384
36659,25559,1656
36660,25980,64
36661,25684,1184
36662,25778,828
36663,25977,76
36664,25395,2286
36665,25990,28
36666,25985,48
36667,25739,972
36668,19647,27296
36669,25985,48
36670,25984,52
36671,25348,2466
36672,25934,240
36673,25865,498
36674,25997,0
36675,25981,60
36676,19740,26836
36677,20211,24542
36678,25895,384
36679,25972,96
36680,25911,324
36681,25964,124
36682,25997,0
36683,25029,3702
36684,12047,74972
36685,25893,392
36686,25949,182
36687,25997,0
36688,25985,48
36689,25867,492
36690,24189,7026
36691,25973,92
36692,25890,404
36693,25955,160
36694,25985,48
36695,25938,222
36696,25985,48
36697,25991,24
36698,25711,1078
36699,25384,2328
36700,13978,60480
36701,18293,34256
36702,22317,14880
36703,25733,996
36704,25967,116
36705,25949,180
36706,25958,148
36707,25346,2472
36708,25991,24
36709,25965,120
36710,25984,52
36711,25978,72
36712,25892,396
36713,25339,2500
36714,25943,204
36715,25230,2920
36716,16861,42206
36717,25965,120
36718,25952,172
36719,25985,48
36720,25972,96
36721,25294,2674
36722,25983,56
36723,25894,388
36724,25935,236
36725,25965,120
36726,25975,84
36727,25961,136
36728,25138,3276
36729,25894,388
36730,25991,24
36731,25962,132
36732,25752,924
36733,25956,156
36734,23750,8814
36735,25790,780
36736,25921,288
36737,25792,774
36738,25991,24
36739,25978,72
36740,25976,80
36741,19721,26934
36742,25977,76
36743,25978,72
36744,25890,404
36745,25962,132
36746,25956,156
36747,25281,2724
36748,25887,416
36749,14828,54726
36750,25985,48
36751,25841,588
36752,25947,188
36753,25932,246
36754,25977,76
36755,120,524432
36756,25947,188
36757,25955,160
36758,25997,0
36759,25278,2734
36760,25728,1016
36761,24061,7544
36762,25301,2648
36763,21115,20276
36764,25997,0
36765,25997,0
36766,25952,172
36767,25965,120
36768,25969,108
36769,25888,412
36770,25667,1248
36771,25962,132
36772,25978,72
36773,21531,18372
36774,25878,448
36775,19424,28412
36776,25974,88
36777,25976,80
36778,25517,1820
36779,24887,4254
36780,25247,2856
36781,15271,51856
36782,25988,36
36783,25953,168
36784,11303,81182
36785,25823,658
36786,25990,28
36787,22244,15200
36788,25326,2550
36789,25985,48
36790,23513,9790
36791,24530,5664
36792,25949,180
36793,25985,48
36794,25167,3166
36795,24812,4548
36796,25941,212
36797,8272,111608
36798,25968,112
36799,25971,100
36800,25741,968
36801,25895,385
36802,4116,179650
36803,25419,2192
36804,25956,156
36805,25934,240
36806,25997,0
36807,25793,768
36808,25662,1266
36809,25971,100
36810,8292,111378
36811,23435,10116
36812,25051,3616
36813,25838,598
36814,25678,1204
36815,25957,152
36816,25529,1772
36817,25978,72
36818,25874,464
36819,25328,2544
36820,25205,3018
36821,25439,2116
36822,25959,144
36823,25430,2150
36824,25922,284
36825,25946,192
36826,25997,0
36827,25976,80
36828,25972,96
36829,25127,3320
36830,25732,1000
36831,23629,9310
36832,25845,572
36833,25641,1344
36834,24199,6988
36835,25963,128
36836,25912,320
36837,25964,126
36838,24794,4618
36839,25548,1700
36840,25923,280
36841,25943,204
36842,25851,552
36843,25867,492
36844,25964,124
36845,25897,376
36846,25910,328
36847,25574,1599
36848,25904,352
36849,25985,48
36850,25965,120
36851,25970,104
36852,25705,1102
36853,21648,17844
36854,25959,144
36855,25970,104
36856,25093,3452
36857,25981,60
36858,25674,1222
36859,25701,1118
36860,25463,2024
36861,25726,1024
36862,25855,536
36863,25972,96
36864,24213,6932
36865,25668,1242
36866,25627,1398
36867,25936,232
36868,25945,196
36869,25991,24
36870,25636,1364
36871,25991,24
36872,25875,462
36873,25991,24
36874,25865,496
36875,25910,330
36876,25473,1988
36877,24554,5568
36878,25926,268
36879,22881,12444
36880,25977,76
36881,25907,340
36882,25464,2022
36883,25176,3130
36884,25951,176
36885,25970,102
36886,25190,3076
36887,25893,392
36888,24746,4808
36889,25943,206
36890,25509,1850
36891,25965,120
36892,25456,2052
36893,25965,120
36894,25988,36
36895,25948,184
36896,25985,48
36897,25968,110
36898,23845,8424
36899,473,390452
36900,19066,30222
36901,25679,1202
36902,25890,402
36903,24909,4170
36904,25991,24
36905,24185,7044
36906,20055,25296
36907,25969,108
36908,25025,3716
36909,25618,1432
36910,25887,414
36911,25935,236
36912,25907,340
36913,25916,304
36914,22521,13990
36915,25960,140
36916,25997,0
36917,25968,110
36918,25733,998
36919,25904,352
36920,25968,112
36921,25997,0
36922,25942,208
36923,6750,131428
36924,25965,120
36925,25887,416
36926,25963,128
36927,25425,2172
36928,25647,1324
36929,25431,2146
36930,25985,48
36931,25960,140
36932,25965,120
36933,24689,5034
36934,25369,2386
36935,22772,12912
36936,25931,248
36937,25953,168
36938,25925,272
36939,25970,104
36940,22016,16200
36941,25829,632
36942,18756,31824
36943,25940,216
36944,25393,2292
36945,23094,11542
36946,25985,48
36947,25779,824
36948,25849,560
36949,25997,0
36950,25991,24
36951,25997,0
36952,25957,152
36953,25977,76
36954,25911,324
36955,25931,248
36956,25939,220
36957,25940,216
36958,25977,76
36959,25945,196
36960,25837,604
36961,24494,5806
36962,25976,80
36963,25445,2092
36964,25972,96
36965,25026,3712
36966,25972,96
36967,25544,1716
36968,21678,17712
36969,25839,594
36970,24311,6536
36971,25997,0
36972,25990,28
36973,25886,420
36974,14442,57300
36975,25927,264
36976,23342,10500
36977,25972,96
36978,25959,144
36979,24943,4036
36980,25871,476
36981,25145,3250
36982,25984,52
36983,25963,128
36984,25482,1952
36985,25756,910
36986,25977,76
36987,22968,12074
36988,23481,9924
36989,25385,2324
36990,25867,492
36991,25912,320
36992,24678,5076
36993,25138,3276
36994,25821,664
36995,25880,440
36996,25997,0
36997,25957,152
36998,25976,80
36999,24758,4762
37000,25870,480
37001,25972,96
37002,25991,24
37003,25953,168
37004,22814,12733
37005,25923,280
37006,25977,76
37007,23876,8296
37008,25985,48
37009,25940,216
37010,25978,72
37011,25991,24
37012,25971,100
37013,25991,24
37014,25970,104
37015,25983,56
37016,25910,330
37017,25990,28
37018,25904,352
37019,25971,100
37020,25963,128
37021,24888,4250
37022,24121,7300
37023,25922,282
37024,21657,17806
37025,25879,444
37026,25962,134
37027,25962,132
37028,25798,752
37029,25936,232
37030,25965,120
37031,25990,28
37032,25985,48
37033,25272,2760
37034,22555,13844
37035,25983,56
37036,25019,3740
37037,25075,3520
37038,24546,5598
37039,25878,448
37040,25972,96
37041,25182,3108
37042,25319,2576
37043,25962,132
37044,25776,832
37045,23494,9870
37046,25507,1856
37047,25812,696
37048,25722,1038
37049,25205,3016
37050,25838,600
37051,25985,48
37052,23282,10754
37053,25991,24
37054,25207,3008
37055,25148,3237
37056,25981,60
37057,25962,132
37058,25765,876
37059,25919,296
37060,20183,24674
37061,25861,512
37062,25359,2424
37063,24447,5992
37064,25960,142
37065,25256,2822
37066,25824,654
37067,25924,276
37068,25988,36
37069,13472,64074
37070,25115,3364
37071,25475,1978
37072,24792,4628
37073,25943,204
37074,25784,804
37075,25939,218
37076,20029,25420
37077,25918,300
37078,24150,7186
37079,20923,21164
37080,25991,24
37081,19963,25742
37082,25935,236
37083,25972,96
37084,25485,1940
37085,19490,28080
37086,22828,12674
37087,25997,0
37088,25920,292
37089,25972,96
37090,25845,572
37091,25949,180
37092,25953,168
37093,25954,164
37094,25371,2376
37095,25957,152
37096,25957,153
37097,25414,2212
37098,25991,24
37099,25923,280
37100,25916,304
37101,25537,1740
37102,25870,478
37103,25920,292
37104,25930,252
37105,25959,144
37106,25667,1248
37107,25184,3100
37108,21575,18176
37109,25936,232
37110,24807,4568
37111,25931,248
37112,3184,204682
37113,25951,176
37114,25530,1770
37115,24500,5782
37116,25943,204
37117,25970,104
37118,25819,672
37119,25932,244
37120,25970,104
37121,25145,3248
37122,24737,4844
37123,25985,48
37124,25991,24
37125,25706,1100
37126,25924,276
37127,25935,236
37128,23776,8708
37129,25959,144
37130,25858,526
37131,25416,2204
37132,25284,2712
37133,25959,144
37134,24802,4588
37135,24015,7730
37136,25931,248
37137,25984,52
37138,25997,0
37139,25958,148
37140,25838,600
37141,25972,96
37142,25474,1982
37143,22835,12640
37144,25971,100
37145,25718,1052
37146,25684,1182
37147,25745,950
37148,9252,100700
37149,25928,260
37150,25904,352
37151,25568,1622
37152,21591,18104
37153,25947,188
37154,25977,76
37155,25983,56
37156,25934,240
37157,25985,48
37158,25917,302
37159,25870,478
37160,25938,224
37161,24868,4330
37162,24911,4160
37163,25970,104
37164,25458,2044
37165,25924,276
37166,25332,2528
37167,25941,212
37168,25869,484
37169,25345,2476
37170,25956,156
37171,25755,912
37172,25985,48
37173,25955,160
37174,25254,2828
37175,25955,160
37176,25907,340
37177,25945,196
37178,25963,128
37179,25694,1146
37180,25954,164
37181,23715,8956
37182,25997,0
37183,24975,3912
37184,25935,236
37185,19952,25798
37186,25104,3408
37187,25985,48
37188,22381,14600
37189,24721,4908
37190,25955,160
37191,25997,0
37192,25991,24
37193,25397,2276
37194,25881,438
37195,24357,6354
37196,25970,104
37197,25680,1198
37198,25972,96
37199,24856,4376
37200,25931,248
37201,25559,1656
37202,25919,294
37203,25997,0
37204,25437,2124
37205,22878,12460
37206,25184,3098
37207,25965,120
37208,25908,336
37209,24139,7230
37210,25919,296
37211,25997,0
37212,25975,84
37213,18876,31200
37214,25779,824
37215,25938,224
37216,25927,264
37217,22072,15956
37218,25847,566
37219,25978,72
37220,25877,454
37221,25951,176
37222,25997,0
37223,25990,28
37224,25905,348
37225,25952,172
37226,25439,2118
37227,25972,96
37228,23152,11300
37229,25913,316
37230,25984,52
37231,25991,24
37232,25859,520
37233,25981,60
37234,25938,224
37235,8388,110254
37236,24344,6403
37237,24999,3818
37238,25684,1182
37239,25588,1548
37240,17957,36067
37241,25963,128
37242,25967,114
37243,23965,7936
37244,23513,9792
37245,25997,0
37246,1264,294704
37247,14736,55334
37248,25681,1194
37249,25595,1520
37250,15542,50140
37251,25990,28
37252,25974,88
37253,19461,28226
37254,24004,7774
37255,25492,1914
37256,25947,188
37257,25953,168
37258,25568,1624
37259,25964,124
37260,25962,132
37261,25919,296
37262,25977,76
37263,25946,192
37264,20515,23086
37265,25978,72
37266,24801,4592
37267,25886,418
37268,25997,0
37269,25978,72
37270,23197,11110
37271,25997,0
37272,25997,0
37273,25903,356
37274,25960,140
37275,25978,72
37276,25772,848
37277,25625,1406
37278,25997,0
37279,25990,28
37280,25977,76
37281,23532,9712
37282,19029,30416
37283,25562,1648
37284,21845,16962
37285,25114,3370
37286,24822,4511
37287,25525,1788
37288,25565,1634
37289,25991,24
37290,25888,412
37291,25956,156
37292,25988,36
37293,25997,0
37294,25978,72
37295,25846,568
37296,25929,256
37297,25931,248
37298,25937,228
37299,25943,204
37300,13999,60336
37301,25912,320
37302,25351,2456
37303,25990,28
37304,25826,646
37305,25445,2092
37306,25924,274
37307,25081,3498
37308,24613,5334
37309,25985,48
37310,25906,342
37311,25965,122
37312,24990,3854
37313,25707,1096
37314,25096,3440
37315,24686,5046
37316,23426,10150
37317,25894,388
37318,25567,1628
37319,25988,36
37320,25956,156
37321,25587,1552
37322,25937,228
37323,25958,148
37324,25470,1998
37325,25931,248
37326,25187,3086
37327,24962,3960
37328,25969,108
37329,24863,4350
37330,25938,224
37331,25981,62
37332,25522,1800
37333,25897,376
37334,25972,96
37335,25473,1988
37336,25917,302
37337,25959,144
37338,25835,612
37339,25964,124
37340,25978,72
37341,25554,1676
37342,25564,1638
37343,25949,180
37344,25983,56
37345,21451,18736
37346,25752,924
37347,24989,3858
37348,25971,100
37349,25971,100
37350,22020,16186
37351,25760,896
37352,24262,6732
37353,25947,188
37354,25904,352
37355,25997,0
37356,25487,1932
37357,25991,24
37358,25939,220
37359,22975,12048
37360,25952,172
37361,25350,2460
37362,25268,2774
37363,22998,11948
37364,25956,156
37365,13433,64356
37366,25972,96
37367,25964,124
37368,25955,160
37369,25970,104
37370,23934,8062
37371,17220,40150
37372,25928,262
37373,25951,176
37374,25941,212
37375,25977,76
37376,23546,9652
37377,25167,3164
37378,25905,348
37379,25991,24
37380,22761,12958
37381,25913,316
37382,25943,204
37383,25964,124
37384,25871,476
37385,2858,215198
37386,25934,240
37387,25416,2206
37388,25850,556
37389,23792,8640
37390,25897,376
37391,22127,15710
37392,25936,232
37393,25908,336
37394,25997,0
37395,25969,108
37396,25258,2812
37397,25948,184
37398,25978,72
37399,1206,299324
37400,25789,784
37401,25945,196
37402,25540,1732
37403,24037,7642
37404,25914,312
37405,25855,536
37406,25978,72
37407,25949,182
37408,25952,172
37409,25971,100
37410,25984,52
37411,25976,80
37412,25418,2198
37413,25965,120
37414,25980,64
37415,25962,134
37416,25049,3622
37417,25956,156
37418,25339,2502
37419,22638,13488
37420,25878,448
37421,25968,112
37422,24798,4604
37423,25957,152
37424,25946,192
37425,25978,72
37426,25225,2938
37427,25978,72
37428,25991,24
37429,25769,860
37430,25977,76
37431,23213,11040
37432,25047,3632
37433,25906,344
37434,25991,24
37435,24098,7394
37436,25626,1404
37437,25865,496
37438,23362,10420
37439,25124,3330
37440,25301,2648
37441,25972,96
37442,25978,72
37443,24861,4356
37444,25734,992
37445,25972,96
37446,25925,272
37447,25928,262
37448,24928,4096
37449,24034,7654
37450,24612,5338
37451,25875,460
37452,25908,336
37453,25957,152
37454,25922,284
37455,25983,56
37456,25486,1938
37457,25703,1110
37458,25974,88
37459,25991,24
37460,25964,124
37461,25997,0
37462,25569,1620
37463,21514,18452
37464,25915,308
37465,25985,48
37466,25969,108
37467,25928,260
37468,25968,112
37469,25997,0
37470,16251,45796
37471,25395,2284
37472,25309,2614
37473,23166,11240
37474,25991,24
37475,25935,236
37476,21720,17522
37477,25919,296
37478,25925,272
37479,25559,1656
37480,25985,48
37481,25938,224
37482,25466,2012
37483,25978,72
37484,25956,156
37485,25548,1698
37486,13314,65222
37487,25959,144
37488,25034,3680
37489,25705,1102
37490,25946,194
37491,23676,9118
37492,24849,4404
37493,25988,36
37494,25598,1508
37495,25983,56
37496,24514,5728
37497,25912,320
37498,25977,76
37499,25943,204
37500,25927,264
37501,25964,124
37502,24167,7118
37503,15143,52678
37504,25975,84
37505,25997,0
37506,25977,76
37507,25956,156
37508,25997,0
37509,25957,152
37510,19802,26532
37511,25348,2466
37512,25984,52
37513,25579,1580
37514,25483,1948
37515,25918,298
37516,25093,3452
37517,25944,200
37518,25058,3586
37519,25052,3612
37520,25902,360
37521,25925,272
37522,25934,240
37523,25909,334
37524,25964,124
37525,22770,12920
37526,25947,188
37527,23862,8354
37528,25953,168
37529,23278,10768
37530,25932,244
37531,25946,192
37532,25952,172
37533,25188,3084
37534,25799,746
37535,25327,2548
37536,24695,5008
37537,25681,1192
37538,25971,100
37539,24854,4386
37540,25811,700
37541,25977,76
37542,25701,1116
37543,25991,24
37544,25313,2600
37545,25944,200
37546,25964,124
37547,25972,96
37548,25952,172
37549,25968,112
37550,25939,220
37551,25139,3274
37552,25835,612
37553,25964,124
37554,25981,60
37555,25968,112
37556,24202,6976
37557,25970,104
37558,25990,28
37559,25964,124
37560,25978,72
37561,25468,2006
37562,25937,228
37563,25881,436
37564,25796,760
37565,25948,184
37566,25798,752
37567,25940,216
37568,25424,2174
37569,25931,248
37570,25991,24
37571,25816,684
37572,25744,954
37573,25582,1571
37574,25958,148
37575,25978,72
37576,19530,27880
37577,25952,172
37578,25696,1138
37579,23473,9958
37580,25964,124
37581,25359,2424
37582,25971,100
37583,23989,7836
37584,25845,574
37585,25907,340
37586,25958,148
37587,25635,1370
37588,24763,4740
37589,25309,2614
37590,25957,152
37591,25906,342
37592,25990,28
37593,25976,80
37594,24583,5454
37595,25955,160
37596,25997,0
37597,25990,28
37598,25951,176
37599,25975,84
37600,25971,100
37601,24349,6384
37602,23144,11334
37603,25984,52
37604,25962,132
37605,25912,320
37606,25821,664
37607,25749,936
37608,25932,244
37609,25281,2722
37610,24931,4084
37611,25978,72
37612,24927,4100
37613,25916,306
37614,25984,52
37615,25990,28
37616,25977,76
37617,25405,2248
37618,25985,48
37619,25953,168
37620,24874,4306
37621,19508,27992
37622,25955,160
37623,25954,164
37624,25062,3572
37625,24632,5258
37626,7878,116364
37627,25955,160
37628,25978,72
37629,25424,2174
37630,25961,138
37631,25945,196
37632,25891,400
37633,25495,1902
37634,25635,1368
37635,25991,24
37636,25506,1860
37637,25967,116
37638,25991,24
37639,25803,732
37640,24519,5708
37641,24927,4100
37642,22152,15604
37643,25930,252
37644,25953,168
37645,25918,300
37646,25942,208
37647,25763,884
37648,23687,9072
37649,8256,111802
37650,25914,312
37651,25343,2486
37652,25965,120
37653,25937,228
37654,25997,0
37655,25373,2368
37656,25983,56
37657,25990,28
37658,25413,2218
37659,25928,260
37660,15026,53436
37661,24853,4388
37662,25464,2022
37663,25839,594
37664,25953,168
37665,25772,848
37666,25234,2906
37667,25965,120
37668,25955,158
37669,25804,728
37670,25964,124
37671,25985,48
37672,22031,16134
37673,25972,96
37674,25709,1086
37675,25977,76
37676,24806,4572
37677,25997,0
37678,25971,100
37679,25898,372
37680,25939,220
37681,25964,124
37682,25476,1973
37683,25897,376
37684,25975,84
37685,25697,1134
37686,25001,3808
37687,23735,8876
37688,25398,2272
37689,25591,1536
37690,25890,402
37691,24906,4180
37692,25964,124
37693,25997,0
37694,25977,76
37695,25965,120
37696,25956,156
37697,25878,448
37698,24822,4508
37699,25555,1674
37700,25968,112
37701,24305,6560
37702,25926,268
37703,25938,224
37704,25956,156
37705,25836,608
37706,25280,2728
37707,25957,152
37708,25984,52
37709,25922,284
37710,25978,72
37711,18358,33910
37712,25957,152
37713,25997,0
37714,25927,264
37715,25936,232
37716,25907,340
37717,25965,120
37718,25981,62
37719,24826,4492
37720,25965,120
37721,25924,276
37722,25752,924
37723,25850,556
37724,25882,432
37725,25923,280
37726,25929,258
37727,25938,224
37728,25939,220
37729,25990,28
37730,25932,244
37731,25964,124
37732,25968,112
37733,25951,176
37734,24569,5510
37735,25953,168
37736,25805,724
37737,25926,268
37738,25565,1636
37739,25830,628
37740,23132,11384
37741,24240,6824
37742,25997,0
37743,25984,52
37744,25959,146
37745,24946,4024
37746,25889,408
37747,25978,72
37748,25493,1910
37749,25704,1106
37750,25997,0
37751,25958,148
37752,25957,152
37753,25972,96
37754,25944,200
37755,25059,3582
37756,1957,252102
37757,25908,336
37758,14726,55402
37759,25426,2168
37760,25430,2152
37761,25951,176
37762,25956,156
37763,25569,1620
37764,25997,0
37765,25952,172
37766,25988,36
37767,22960,12108
37768,25980,64
37769,25924,276
37770,24742,4824
37771,25938,224
37772,25991,24
37773,24601,5380
37774,25855,536
37775,25997,0
37776,25932,244
37777,25857,528
37778,25917,302
37779,24860,4360
37780,25939,220
37781,25177,3126
37782,25875,460
37783,25924,274
37784,25949,180
37785,25997,0
37786,25948,184
37787,24092,7420
37788,25945,196
37789,25949,180
37790,25978,72
37791,25896,380
37792,24712,4944
37793,25091,3460
37794,25763,882
37795,25953,168
37796,25960,140
37797,25268,2774
37798,25964,124
37799,25985,48
37800,25356,2434
37801,15520,50278
37802,25791,778
37803,25529,1772
37804,24315,6520
37805,25923,280
37806,25955,160
37807,16706,43106
37808,15313,51588
37809,25938,224
37810,25178,3122
37811,25957,152
37812,25467,2008
37813,25952,172
37814,25445,2094
37815,22890,12408
37816,25941,212
37817,25925,272
37818,25774,840
37819,24791,4632
37820,25945,196
37821,25990,28
37822,15410,50976
37823,25975,86
37824,21495,18538
37825,25949,180
37826,25512,1838
37827,25947,188
37828,24852,4390
37829,25922,284
37830,25997,0
37831,25937,228
37832,25991,24
37833,24751,4788
37834,25958,148
37835,25181,3112
37836,23062,11678
37837,25466,2014
37838,25639,1352
37839,25983,56
37840,25977,76
37841,25892,396
37842,25931,248
37843,24596,5400
37844,25484,1944
37845,25956,156
37846,25981,62
37847,23988,7840
37848,25874,464
37849,25997,0
37850,21393,19000
37851,25986,44
37852,25667,1246
37853,23486,9902
37854,25934,240
37855,25969,108
37856,25947,188
37857,25984,52
37858,25920,292
37859,25066,3558
37860,25939,220
37861,24759,4758
37862,24548,5592
37863,25985,48
37864,25808,712
37865,25961,136
37866,25997,0
37867,23785,8670
37868,25941,212
37869,23557,9606
37870,25874,464
37871,25605,1484
37872,25981,60
37873,25949,180
37874,22755,12986
37875,24778,4682
37876,25066,3558
37877,18068,35462
37878,25836,608
37879,25959,144
37880,25977,76
37881,25965,120
37882,25988,36
37883,3332,200242
37884,25949,180
37885,25914,312
37886,25010,3776
37887,25964,124
37888,25903,356
37889,25977,76
37890,25997,0
37891,25320,2572
37892,24294,6604
37893,25978,72
37894,25954,164
37895,24082,7460
37896,25604,1488
37897,25971,100
37898,25899,368
37899,15380,51162
37900,25984,52
37901,25972,96
37902,25971,100
37903,25100,3424
37904,25961,136
37905,25483,1948
37906,24959,3974
37907,25542,1724
37908,24687,5042
37909,22523,13984
37910,25991,24
37911,25990,28
37912,25865,496
37913,25928,262
37914,25959,146
37915,25988,36
37916,23117,11446
37917,14917,54144
37918,23785,8668
37919,16384,45000
37920,25983,56
37921,25925,272
37922,25328,2544
37923,25928,262
37924,24117,7318
37925,25985,48
37926,25723,1034
37927,25926,270
37928,25983,56
37929,25820,668
37930,25898,372
37931,25957,152
37932,25938,224
37933,25981,60
37934,24766,4730
37935,25978,72
37936,25564,1638
37937,25845,572
37938,25997,0
37939,25590,1540
37940,25953,168
37941,22936,12214
37942,25935,234
37943,25667,1246
37944,25949,180
37945,25701,1116
37946,25464,2022
37947,25826,644
37948,25905,348
37949,7684,118800
37950,24735,4852
37951,25985,48
37952,23157,11276
37953,25997,0
37954,25627,1400
37955,25881,436
37956,25777,830
37957,25895,384
37958,25958,148
37959,25450,2076
37960,23217,11026
37961,25912,320
37962,25882,432
37963,25959,144
37964,25985,48
37965,25924,276
37966,25956,156
37967,25945,198
37968,25915,309
37969,25607,1476
37970,19761,26736
37971,25202,3027
37972,25851,550
37973,24004,7774
37974,25799,748
37975,25676,1212
37976,25965,120
37977,25961,136
37978,25983,56
37979,25934,240
37980,19600,27534
37981,25976,80
37982,25990,28
37983,25904,352
37984,25934,238
37985,25608,1470
37986,24144,7208
37987,25803,732
37988,25928,260
37989,25912,320
37990,25878,448
37991,25827,640
37992,25844,576
37993,25975,84
37994,25961,136
37995,25230,2920
37996,20274,24236
37997,25991,24
37998,25983,56
37999,25921,288
38000,25946,192
38001,24094,7412
38002,25921,288
38003,24720,4910
38004,25913,316
38005,25976,80
38006,25961,136
38007,25981,60
38008,25283,2716
38009,24086,7444
38010,25945,196
38011,24092,7420
38012,25335,2516
38013,25940,216
38014,25075,3520
38015,25712,1076
38016,25642,1342
38017,25997,0
38018,25975,84
38019,25368,2390
38020,16724,42996
38021,25466,2014
38022,25945,196
38023,25990,28
38024,24893,4232
38025,25290,2688
38026,25964,124
38027,24499,5788
38028,25984,52
38029,23633,9292
38030,25951,176
38031,24354,6364
38032,20819,21652
38033,25970,104
38034,21383,19044
38035,25655,1294
38036,25391,2300
38037,25951,174
38038,24630,5266
38039,25977,76
38040,19857,26262
38041,25965,120
38042,25959,144
38043,25898,372
38044,25255,2824
38045,25274,2750
38046,25910,328
38047,25925,272
38048,25991,24
38049,19237,29352
38050,25972,96
38051,25959,144
38052,25426,2166
38053,25126,3322
38054,25103,3414
38055,25975,84
38056,25899,370
38057,19585,27604
38058,21284,19496
38059,25568,1622
38060,25865,496
38061,25812,696
38062,24814,4542
38063,25232,2914
38064,25977,76
38065,25957,152
38066,25958,148
38067,25997,0
38068,25997,0
38069,25136,3286
38070,25981,60
38071,25968,112
38072,18382,33784
38073,25941,210
38074,25991,24
38075,25523,1796
38076,25937,228
38077,25660,1272
38078,25958,148
38079,25984,52
38080,25603,1492
38081,25921,288
38082,15522,50268
38083,25945,198
38084,25962,132
38085,21883,16792
38086,25660,1274
38087,25046,3634
38088,25472,1990
38089,25972,96
38090,25978,72
38091,24768,4720
38092,25978,72
38093,25974,88
38094,23628,9316
38095,20302,24104
38096,25962,132
38097,25978,72
38098,25977,76
38099,25972,96
38100,25908,336
38101,25855,536
38102,25726,1022
38103,25971,100
38104,25965,120
38105,25895,384
38106,25916,304
38107,25524,1792
38108,25984,52
38109,25923,280
38110,25961,138
38111,25913,316
38112,25972,96
38113,25968,112
38114,21601,18058
38115,25981,60
38116,25947,188
38117,25468,2004
38118,22066,15982
38119,25949,182
38120,25339,2500
38121,20935,21110
38122,25985,48
38123,25745,952
38124,24278,6670
38125,25997,0
38126,25981,60
38127,25985,48
38128,25977,76
38129,21731,17472
38130,25961,136
38131,25969,108
38132,25963,128
38133,25965,120
38134,24921,4122
38135,25736,984
38136,25968,112
38137,25801,740
38138,25973,92
38139,24582,5456
38140,25977,76
38141,20952,21028
38142,25930,254
38143,25282,2720
38144,24650,5188
38145,25969,108
38146,25891,400
38147,17415,39052
38148,25959,144
38149,25959,146
38150,25462,2030
38151,25875,460
38152,25747,942
38153,25541,1726
38154,24477,5872
38155,25042,3648
38156,25943,204
38157,23628,9316
38158,25015,3756
38159,25922,284
38160,25974,88
38161,25760,896
38162,23919,8122
38163,25229,2926
38164,25959,144
38165,24242,6814
38166,25732,1000
38167,25991,24
38168,24590,5426
38169,25903,356
38170,25964,124
38171,25985,48
38172,25871,474
38173,25246,2858
38174,25911,326
38175,25403,2256
38176,25963,128
38177,22886,12426
38178,24855,4380
38179,15084,53058
38180,25946,192
38181,25771,854
38182,25964,124
38183,25863,504
38184,25187,3086
38185,25928,260
38186,25975,84
38187,14890,54320
38188,17652,37736
38189,25967,116
38190,25607,1474
38191,18468,33330
38192,25921,288
38193,24469,5906
38194,25617,1436
38195,25931,248
38196,25965,120
38197,25877,452
38198,22166,15542
38199,25873,466
38200,24678,5078
38201,25960,140
38202,25342,2490
38203,23212,11048
38204,25898,372
38205,25918,300
38206,25944,200
38207,25997,0
38208,20504,23138
38209,25126,3324
38210,23689,9062
38211,25953,168
38212,24785,4654
38213,25975,84
38214,25991,24
38215,25452,2068
38216,25519,1812
38217,25929,256
38218,25961,136
38219,25926,268
38220,25891,400
38221,25991,24
38222,25985,48
38223,25997,0
38224,25940,216
38225,25959,144
38226,24554,5568
38227,25684,1182
38228,24751,4788
38229,25978,72
38230,25976,80
38231,25962,132
38232,25628,1396
38233,25963,128
38234,25433,2138
38235,25882,432
38236,25971,100
38237,25588,1548
38238,24861,4356
38239,25911,324
38240,25967,116
38241,25522,1800
38242,24944,4032
38243,25956,156
38244,25985,48
38245,25981,60
38246,22546,13884
38247,25977,76
38248,12899,68314
38249,25980,64
38250,25945,196
38251,25952,172
38252,25961,138
38253,25840,592
38254,25155,3210
38255,25962,132
38256,25976,80
38257,25962,132
38258,25944,200
38259,8664,107102
38260,23490,9886
38261,25945,196
38262,25975,84
38263,25179,3118
38264,25958,148
38265,25770,858
38266,25920,290
38267,24294,6604
38268,23192,11128
38269,25997,0
38270,25990,28
38271,25948,184
38272,24874,4304
38273,25991,24
38274,25914,312
38275,25810,704
38276,25978,72
38277,25997,0
38278,25878,448
38279,25968,112
38280,25841,588
38281,25862,508
38282,24799,4600
38283,25640,1348
38284,15215,52216
38285,25969,108
38286,25938,224
38287,25879,444
38288,25955,160
38289,25984,52
38290,25997,0
38291,25916,304
38292,25923,280
38293,23552,9630
38294,25975,84
38295,25991,24
38296,25594,1526
38297,25990,28
38298,25937,228
38299,25970,104
38300,25951,176
38301,24958,3978
38302,24207,6954
38303,23374,10368
38304,25324,2558
38305,25796,760
38306,25837,604
38307,25985,48
38308,25968,110
38309,25977,76
38310,7616,119672
38311,24437,6032
38312,25985,48
38313,25997,0
38314,25834,616
38315,25818,676
38316,25960,140
38317,25949,182
38318,23127,11402
38319,25899,370
38320,25997,0
38321,25975,84
38322,25951,176
38323,25961,136
38324,25918,300
38325,24782,4666
38326,25915,308
38327,25491,1916
38328,25962,132
38329,25963,128
38330,25997,0
38331,25747,942
38332,25720,1046
38333,25977,76
38334,25939,220
38335,25800,742
38336,25978,72
38337,25968,112
38338,25763,882
38339,25861,514
38340,25919,296
38341,25980,64
38342,25941,212
38343,25990,28
38344,25971,100
38345,25028,3704
38346,25868,488
38347,25712,1076
38348,25971,100
38349,23883,8270
38350,25926,268
38351,25935,236
38352,25920,292
38353,23462,10002
38354,25215,2978
38355,25977,76
38356,25796,760
38357,25991,24
38358,25885,422
38359,25985,48
38360,25958,148
38361,25967,116
38362,25918,297
38363,25971,100
38364,25739,972
38365,25176,3130
38366,25985,48
38367,25667,1248
38368,25266,2782
38369,25978,72
38370,25890,404
38371,25649,1316
38372,23806,8582
38373,25942,208
38374,25303,2640
38375,25967,116
38376,25977,76
38377,25957,152
38378,22496,14098
38379,25913,316
38380,25930,254
38381,25930,252
38382,24921,4120
38383,25858,524
38384,24905,4184
38385,25974,88
38386,24452,5972
38387,25359,2422
38388,25944,200
38389,25823,658
38390,25962,132
38391,25926,268
38392,25984,52
38393,25929,258
38394,25934,240
38395,25922,284
38396,25954,164
38397,25971,100
38398,25977,76
38399,25626,1402
38400,25997,0
38401,24829,4484
38402,24580,5464
38403,25956,156
38404,25997,0
38405,25961,136
38406,24987,3864
38407,19318,28944
38408,25946,192
38409,25906,344
38410,25268,2774
38411,25965,120
38412,25388,2312
38413,25967,116
38414,25946,192
38415,25504,1868
38416,25834,616
38417,25936,232
38418,25960,142
38419,25164,3174
38420,25738,976
38421,25941,212
38422,25893,392
38423,25635,1370
38424,25957,152
38425,25881,436
38426,25872,472
38427,25958,148
38428,25902,358
38429,25100,3426
38430,24517,5716
38431,25991,24
38432,21797,17178
38433,25925,272
38434,25925,272
38435,23803,8594
38436,25971,100
38437,25978,72
38438,22004,16254
38439,25997,0
38440,25828,636
38441,24453,5968
38442,25964,124
38443,22479,14172
38444,25988,36
38445,25944,200
38446,19943,25840
38447,24812,4548
38448,25439,2118
38449,25108,3392
38450,25788,788
38451,25997,0
38452,25238,2890
38453,24258,6750
38454,25971,100
38455,25990,28
38456,25941,212
38457,25972,96
38458,25399,2268
38459,25956,156
38460,23221,11008
38461,25575,1596
38462,25976,80
38463,25842,584
38464,25940,216
38465,25691,1154
38466,24907,4178
38467,25978,72
38468,25924,276
38469,25136,3284
38470,25732,1000
38471,25496,1900
38472,25411,2224
38473,25427,2164
38474,25534,1752
38475,25984,52
38476,25557,1664
38477,24944,4032
38478,25824,652
38479,15268,51876
38480,25956,156
38481,25909,332
38482,25254,2828
38483,25423,2178
38484,25971,100
38485,25976,80
38486,24431,6056
38487,25967,116
38488,25828,636
38489,24935,4066
38490,25948,186
38491,25977,76
38492,25920,292
38493,18725,31984
38494,25966,118
38495,25026,3712
38496,24126,7282
38497,25922,284
38498,25972,96
38499,25878,448
38500,25978,72
38501,20208,24552
38502,25991,24
38503,25925,272
38504,25901,362
38505,25981,60
38506,25983,56
38507,25997,0
38508,25914,312
38509,24759,4758
38510,25967,116
38511,25914,312
38512,25970,104
38513,25947,188
38514,25882,432
38515,25182,3108
38516,25918,300
38517,25945,196
38518,25956,156
38519,25583,1568
38520,25947,188
38521,25902,360
38522,25984,52
38523,25759,898
38524,24989,3856
38525,25666,1252
38526,25911,324
38527,25965,120
38528,23557,9608
38529,24961,3964
38530,25906,344
38531,25758,902
38532,25971,100
38533,16263,45722
38534,24905,4184
38535,25939,220
38536,25941,212
38537,25974,88
38538,25886,420
38539,25891,400
38540,25968,112
38541,25960,140
38542,25977,76
38543,25934,240
38544,25814,692
38545,24299,6584
38546,24833,4466
38547,25952,172
38548,25926,268
38549,25414,2212
38550,24635,5248
38551,25959,144
38552,24513,5732
38553,25019,3740
38554,25531,1766
38555,25964,124
38556,25934,240
38557,25967,116
38558,25806,720
38559,23823,8512
38560,25959,144
38561,24243,6810
38562,22584,13720
38563,25985,48
38564,25937,228
38565,25295,2670
38566,25977,76
38567,14018,60202
38568,6501,135090
38569,24302,6572
38570,25942,209
38571,25981,62
38572,25944,200
38573,23288,10728
38574,25680,1198
38575,25988,36
38576,25942,208
38577,25956,156
38578,25093,3450
38579,25990,28
38580,25962,132
38581,25926,268
38582,25904,352
38583,23309,10638
38584,23492,9876
38585,3198,204240
38586,25383,2332
38587,22235,15236
38588,25968,112
38589,25990,28
38590,25884,428
38591,25972,96
38592,25965,120
38593,25920,292
38594,24153,7172
38595,25556,1668
38596,25942,208
38597,25958,148
38598,25991,24
38599,25961,136
38600,24214,6928
38601,25984,52
38602,25981,62
38603,25907,338
38604,25923,280
38605,25939,220
38606,22739,13052
38607,25958,148
38608,25330,2536
38609,25985,48
38610,25951,176
38611,25941,212
38612,25895,384
38613,25761,892
38614,25931,248
38615,24199,6986
38616,23076,11618
38617,25952,170
38618,25946,192
38619,4645,167860
38620,25863,504
38621,25960,140
38622,24722,4904
38623,25991,24
38624,24655,5168
38625,25972,96
38626,23918,8124
38627,25940,216
38628,25976,80
38629,25065,3562
38630,25939,220
38631,25971,100
38632,25961,136
38633,25929,256
38634,25403,2254
38635,25971,100
38636,25908,336
38637,25243,2870
38638,24357,6352
38639,25972,96
38640,25953,168
38641,25990,28
38642,24812,4548
38643,25991,24
38644,25984,52
38645,25964,124
38646,25925,272
38647,25592,1532
38648,16246,45826
38649,20140,24881
38650,25960,141
38651,25997,0
38652,25852,548
38653,25948,184
38654,25931,248
38655,4969,161282
38656,25715,1064
38657,25988,36
38658,25169,3156
38659,25983,56
38660,25843,580
38661,25946,192
38662,25948,184
38663,25939,220
38664,24843,4426
38665,25500,1884
38666,24996,3830
38667,25919,296
38668,25165,3172
38669,22075,15942
38670,25985,48
38671,25960,142
38672,25924,276
38673,10035,92784
38674,25944,200
38675,25977,76
38676,25939,218
38677,25862,510
38678,25852,548
38679,25789,784
38680,25922,284
38681,24887,4256
38682,25978,72
38683,25947,188
38684,25978,72
38685,3,1000000
38686,25805,724
38687,25988,36
38688,25976,80
38689,25621,1422
38690,25162,3184
38691,25890,404
38692,25970,104
38693,25963,128
38694,25901,364
38695,25991,24
38696,15678,49296
38697,25978,72
38698,25945,196
38699,24985,3872
38700,25924,276
38701,23391,10298
38702,25959,144
38703,25984,52
38704,25953,168
38705,24720,4910
38706,19423,28418
38707,25935,236
38708,25971,100
38709,25957,152
38710,24952,4002
38711,23701,9016
38712,25878,448
38713,25916,304
38714,25902,360
38715,25884,428
38716,25325,2556
38717,23511,9800
38718,25923,280
38719,25907,338
38720,25129,3310
38721,25941,212
38722,25871,474
38723,25805,724
38724,25208,3004
38725,25972,96
38726,25847,564
38727,25973,92
38728,25880,440
38729,23354,10452
38730,25977,76
38731,25936,232
38732,25969,105
38733,23189,11142
38734,25276,2742
38735,25909,332
38736,25391,2300
38737,23809,8572
38738,25971,100
38739,25977,76
38740,24584,5448
38741,25985,48
38742,23467,9980
38743,25937,228
38744,25589,1544
38745,25856,532
38746,25289,2692
38747,25562,1648
38748,25971,100
38749,25958,148
38750,25244,2868
38751,25948,184
38752,25172,3144
38753,25997,0
38754,25931,248
38755,25991,24
38756,24759,4756
38757,25860,516
38758,25942,208
38759,25970,104
38760,25922,284
38761,25906,342
38762,25964,124
38763,25936,232
38764,25971,100
38765,25962,132
38766,25923,280
38767,25965,120
38768,25962,134
38769,25783,808
38770,25768,864
38771,25972,96
38772,25838,598
38773,25955,160
38774,25860,516
38775,25896,380
38776,25762,886
38777,25969,108
38778,25931,248
38779,25903,356
38780,25957,152
38781,25327,2548
38782,19102,30038
38783,24923,4114
38784,25667,1248
38785,25903,356
38786,25985,48
38787,25984,52
38788,20626,22557
38789,25997,0
38790,25929,256
38791,25859,520
38792,20699,22214
38793,25953,168
38794,25955,160
38795,25957,150
38796,25975,84
38797,25117,3358
38798,24308,6548
38799,25955,158
38800,25928,260
38801,25921,288
38802,25921,288
38803,25948,184
38804,25961,136
38805,18530,33004
38806,25905,348
38807,25942,208
38808,25984,52
38809,25973,92
38810,25921,286
38811,25475,1980
38812,25944,200
38813,25939,220
38814,25943,204
38815,25942,208
38816,25977,76
38817,25838,600
38818,25962,132
38819,25921,288
38820,25405,2246
38821,25977,76
38822,23485,9908
38823,25725,1028
38824,25574,1600
38825,24954,3992
38826,22624,13546
38827,25842,584
38828,25844,576
38829,24636,5244
38830,25984,52
38831,24678,5076
38832,24901,4200
38833,25910,328
38834,6642,133004
38835,25667,1248
38836,25947,188
38837,25942,208
38838,25884,428
38839,25988,36
38840,25239,2886
38841,24948,4018
38842,25969,108
38843,24107,7358
38844,25119,3350
38845,25971,100
38846,25974,88
38847,20385,23704
38848,25880,440
38849,25985,48
38850,25997,0
38851,25390,2304
38852,25956,156
38853,25943,204
38854,25984,52
38855,25970,104
38856,25880,440
38857,25807,716
38858,25839,596
38859,25629,1390
38860,25978,72
38861,14909,54194
38862,25985,48
38863,25904,352
38864,25990,28
38865,25376,2358
38866,25965,120
38867,14597,56256
38868,25983,56
38869,22169,15528
38870,25985,48
38871,25655,1292
38872,25968,110
38873,25991,24
38874,25997,0
38875,21999,16278
38876,25959,144
38877,25932,244
38878,25869,484
38879,25963,128
38880,25948,184
38881,25963,128
38882,25761,890
38883,25959,144
38884,25968,112
38885,25985,48
38886,25938,224
38887,25997,0
38888,25958,148
38889,22815,12726
38890,25978,72
38891,25944,202
38892,25549,1696
38893,25935,236
38894,25350,2458
38895,25364,2404
38896,25985,48
38897,24714,4936
38898,25937,228
38899,21974,16390
38900,25626,1404
38901,25914,312
38902,25907,338
38903,19978,25670
38904,25940,216
38905,25983,56
38906,23651,9220
38907,25913,318
38908,25427,2164
38909,25879,444
38910,25871,475
38911,25974,88
38912,25983,56
38913,25090,3464
38914,25997,0
38915,25984,52
38916,24838,4448
38917,25945,196
38918,25956,156
38919,25955,160
38920,22415,14452
38921,25975,84
38922,25927,264
38923,25988,36
38924,25972,96
38925,25734,992
38926,25879,444
38927,25949,180
38928,25300,2652
38929,25965,120
38930,25928,262
38931,25618,1432
38932,25028,3704
38933,25997,0
38934,25939,220
38935,25061,3576
38936,25977,76
38937,25952,172
38938,25977,76
38939,22158,15576
38940,25819,672
38941,24247,6796
38942,25887,416
38943,25898,372
38944,25864,500
38945,25550,1692
38946,25515,1826
38947,25870,480
38948,25912,320
38949,25940,216
38950,25852,548
38951,25901,361
38952,25728,1014
38953,21239,19704
38954,25851,550
38955,25911,324
38956,25935,236
38957,25983,56
38958,25884,428
38959,22285,15020
38960,25939,220
38961,25985,48
38962,25954,164
38963,25697,1132
38964,25962,132
38965,25913,316
38966,25951,176
38967,25109,3390
38968,25945,196
38969,25315,2592
38970,25388,2312
38971,25981,60
38972,25946,192
38973,14882,54372
38974,21936,16556
38975,25972,96
38976,25890,404
38977,25845,572
38978,25282,2720
38979,25952,172
38980,25965,120
38981,25959,144
38982,24155,7164
38983,25970,104
38984,11348,80798
38985,25997,0
38986,24998,3822
38987,25747,944
38988,19391,28578
38989,25960,142
38990,25959,144
38991,24873,4308
38992,22962,12100
38993,25990,28
38994,25206,3012
38995,25943,204
38996,25286,2704
38997,25928,260
38998,25822,660
38999,25984,52
39000,25164,3174
39001,25934,240
39002,25936,232
39003,25655,1294
39004,25977,76
39005,25020,3736
39006,25978,72
39007,25985,48
39008,25943,204
39009,25980,64
39010,25568,1622
39011,25181,3110
39012,25972,96
39013,25938,224
39014,14935,54026
39015,25961,136
39016,25961,138
39017,25943,204
39018,24270,6702
39019,25889,406
39020,25988,36
39021,25948,184
39022,25820,668
39023,25601,1498
39024,25871,474
39025,25970,104
39026,25047,3632
39027,25991,24
39028,25760,896
39029,25991,24
39030,25984,52
39031,25971,100
39032,24665,5130
39033,24951,4006
39034,25943,204
39035,25991,24
39036,25976,80
39037,25903,356
39038,25887,416
39039,25957,152
39040,25923,280
39041,16900,41976
39042,25961,138
39043,25964,124
39044,25965,120
39045,25978,72
39046,25978,72
39047,21305,19400
39048,25896,380
39049,25990,28
39050,25636,1366
39051,25968,112
39052,25893,392
39053,25304,2634
39054,25953,168
39055,25997,0
39056,25944,200
39057,25966,118
39058,25991,24
39059,25934,240
39060,25938,224
39061,25850,556
39062,24985,3870
39063,25519,1812
39064,25959,144
39065,25965,120
39066,25920,292
39067,25985,48
39068,25647,1322
39069,25641,1346
39070,25991,24
39071,24571,5500
39072,24001,7788
39073,25983,56
39074,25997,0
39075,21436,18806
39076,25926,268
39077,25971,100
39078,25845,572
39079,25978,72
39080,12609,70524
39081,24904,4190
39082,25889,406
39083,25457,2048
39084,25971,100
39085,20947,21052
39086,25991,24
39087,23475,9946
39088,20618,22596
39089,25895,384
39090,24018,7720
39091,25060,3578
39092,25984,52
39093,25019,3740
39094,23188,11146
39095,23450,10052
39096,1879,256092
39097,25500,1884
39098,25794,764
39099,25917,302
39100,25903,356
39101,25977,76
39102,25906,344
39103,25886,420
39104,25990,28
39105,25563,1641
39106,25955,160
39107,25203,3024
39108,25047,3632
39109,25990,28
39110,25924,276
39111,25984,52
39112,25947,188
39113,25914,312
39114,25955,160
39115,15315,51576
39116,25947,188
39117,25988,36
39118,25978,72
39119,25656,1288
39120,25929,256
39121,25945,196
39122,25984,52
39123,24811,4552
39124,25475,1978
39125,25940,216
39126,25957,152
39127,25983,56
39128,25876,458
39129,25388,2314
39130,25946,192
39131,25985,48
39132,22910,12322
39133,25971,100
39134,25759,898
39135,25093,3452
39136,25913,316
39137,25965,120
39138,25985,48
39139,25985,48
39140,25914,312
39141,25953,168
39142,25725,1028
39143,25938,224
39144,25107,3396
39145,25492,1914
39146,25990,28
39147,25713,1072
39148,25952,172
39149,25832,624
39150,25905,348
39151,25963,128
39152,25972,96
39153,25886,418
39154,25962,134
39155,25451,2072
39156,25962,134
39157,25622,1416
39158,24567,5516
39159,25576,1594
39160,25106,3400
39161,25939,220
39162,1811,259684
39163,25931,248
39164,25971,98
39165,25401,2264
39166,23742,8844
39167,25873,466
39168,19626,27404
39169,25926,268
39170,25997,0
39171,20651,22440
39172,25661,1268
39173,25763,882
39174,25039,3662
39175,14332,58046
39176,25519,1810
39177,25288,2696
39178,25962,132
39179,25876,456
39180,25971,98
39181,25946,192
39182,24926,4102
39183,25949,180
39184,25893,392
39185,25985,48
39186,25991,24
39187,25952,172
39188,25772,848
39189,25970,104
39190,25963,128
39191,25932,246
39192,25918,300
39193,13920,60888
39194,25977,76
39195,24965,3948
39196,25963,128
39197,25952,170
39198,25983,56
39199,25978,72
39200,25997,0
39201,25972,96
39202,25984,52
39203,25991,24
39204,25991,24
39205,24707,4962
39206,25991,24
39207,15541,50152
39208,25985,48
39209,25884,428
39210,25395,2287
39211,25582,1572
39212,25907,340
39213,25687,1172
39214,25847,566
39215,24989,3858
39216,25975,84
39217,25916,304
39218,25576,1594
39219,25919,296
39220,25991,24
39221,25280,2728
39222,25923,280
39223,25964,124
39224,25864,500
39225,25898,374
39226,25949,180
39227,25956,156
39228,25769,860
39229,25883,429
39230,25953,168
39231,25800,744
39232,24647,5198
39233,25918,300
39234,25868,488
39235,21963,16438
39236,25951,176
39237,24046,7604
39238,25012,3768
39239,25879,446
39240,25967,116
39241,25985,48
39242,15124,52802
39243,25943,204
39244,25692,1152
39245,25978,72
39246,25247,2854
39247,22090,15874
39248,25991,24
39249,16729,42968
39250,22409,14476
39251,25943,204
39252,25340,2496
39253,24866,4338
39254,25924,276
39255,19292,29076
39256,25976,80
39257,24946,4024
39258,25640,1348
39259,25955,160
39260,20097,25090
39261,25135,3288
39262,17733,37290
39263,25948,184
39264,25939,220
39265,25978,72
39266,24685,5050
39267,25610,1464
39268,25959,144
39269,25092,3454
39270,24829,4482
39271,25964,124
39272,25957,152
39273,25945,196
39274,25984,52
39275,25991,24
39276,24594,5408
39277,25888,412
39278,23071,11638
39279,25988,36
39280,25423,2178
39281,25273,2754
39282,25967,116
39283,25931,250
39284,25914,312
39285,25632,1380
39286,25985,48
39287,19732,26880
39288,25746,946
39289,25990,28
39290,25897,376
39291,24243,6810
39292,25997,0
39293,22898,12374
39294,25935,236
39295,25947,188
39296,24805,4576
39297,25935,236
39298,25887,416
39299,25941,212
39300,25775,836
39301,25173,3140
39302,25972,96
39303,25943,204
39304,24796,4610
39305,25549,1696
39306,25959,144
39307,25816,682
39308,25984,52
39309,25985,48
39310,25969,108
39311,25975,84
39312,25923,280
39313,25368,2388
39314,25198,3046
39315,25912,320
39316,25914,312
39317,25944,200
39318,14850,54580
39319,25991,24
39320,25816,684
39321,25823,658
39322,25918,300
39323,25943,204
39324,25904,352
39325,25965,120
39326,25949,180
39327,25960,140
39328,25043,3644
39329,25922,284
39330,25955,160
39331,25997,0
39332,25930,252
39333,25955,160
39334,24880,4284
39335,20173,24722
39336,25932,244
39337,14856,54540
39338,23427,10146
39339,25976,80
39340,25985,48
39341,25888,412
39342,13537,63608
39343,25762,886
39344,25981,60
39345,7948,115510
39346,25955,160
39347,22792,12826
39348,25865,496
39349,22454,14282
39350,25971,100
39351,25985,48
39352,25964,124
39353,25778,826
39354,25952,172
39355,25243,2870
39356,25530,1768
39357,25997,0
39358,2525,227286
39359,24134,7248
39360,25985,48
39361,25962,132
39362,25507,1856
39363,25953,168
39364,17742,37240
39365,25978,72
39366,20897,21286
39367,25896,382
39368,25997,0
39369,25953,168
39370,25320,2572
39371,25907,340
39372,25878,448
39373,25984,52
39374,25991,24
39375,17918,36276
39376,25397,2278
39377,25809,708
39378,25914,312
39379,25951,176
39380,25965,120
39381,25859,520
39382,25703,1112
39383,25997,0
39384,25953,168
39385,25939,220
39386,22883,12438
39387,25945,196
39388,25929,258
39389,25972,96
39390,25931,248
39391,25929,256
39392,25823,656
39393,25980,64
39394,25850,554
39395,25991,24
39396,25734,993
39397,25953,168
39398,25922,282
39399,25977,76
39400,25893,392
39401,25947,188
39402,25984,52
39403,25397,2276
39404,17547,38314
39405,23709,8980
39406,25800,744
39407,25972,96
39408,25991,24
39409,24736,4846
39410,25997,0
39411,25938,224
39412,25934,240
39413,25901,364
39414,25612,1456
39415,25924,276
39416,25929,256
39417,25829,632
39418,25978,72
39419,25101,3422
39420,25978,72
39421,25978,72
39422,24272,6694
39423,22828,12672
39424,25917,302
39425,25895,384
39426,24304,6566
39427,25980,64
39428,14254,58574
39429,25971,98
39430,25337,2508
39431,25946,192
39432,25985,48
39433,25926,268
39434,25997,0
39435,25829,634
39436,25967,116
39437,25956,156
39438,25285,2708
39439,24062,7542
39440,25811,700
39441,25983,56
39442,25873,468
39443,24410,6140
39444,25785,798
39445,25997,0
39446,25964,124
39447,25369,2384
39448,25275,2746
39449,22122,15732
39450,25927,264
39451,25997,0
39452,24872,4314
39453,25731,1004
39454,25952,172
39455,25094,3446
39456,24742,4824
39457,25959,144
39458,25991,24
39459,25704,1106
39460,23971,7910
39461,25966,118
39462,24474,5886
39463,25464,2022
39464,25919,296
39465,25895,384
39466,25970,104
39467,25929,256
39468,25988,36
39469,25985,48
39470,25931,248
39471,19952,25796
39472,25997,0
39473,25472,1990
39474,24851,4394
39475,24386,6236
39476,25921,288
39477,25817,680
39478,25697,1132
39479,20184,24672
39480,25971,100
39481,25975,84
39482,25990,28
39483,24377,6272
39484,25997,0
39485,25972,96
39486,25557,1664
39487,25307,2624
39488,25976,80
39489,25850,554
39490,25997,0
39491,25962,132
39492,23237,10942
39493,25930,252
39494,25818,676
39495,25924,276
39496,25963,128
39497,25984,52
39498,25930,252
39499,25970,104
39500,24543,5610
39501,25913,316
39502,25946,192
39503,19380,28630
39504,25997,0
39505,25956,156
39506,25945,196
39507,24545,5602
39508,25799,748
39509,25882,434
39510,25921,286
39511,25888,412
39512,25947,188
39513,25972,96
39514,25965,120
39515,25548,1700
39516,25911,324
39517,21024,20696
39518,25884,428
39519,25807,716
39520,25958,148
39521,25984,52
39522,22378,14614
39523,25991,24
39524,25984,52
39525,25914,312
39526,25983,56
39527,22734,13076
39528,25955,160
39529,25959,144
39530,25985,48
39531,24200,6984
39532,25935,236
39533,25705,1102
39534,25331,2532
39535,25955,160
39536,25894,390
39537,25973,92
39538,25915,308
39539,25258,2814
39540,25985,48
39541,25484,1944
39542,25607,1476
39543,25988,36
39544,25940,216
39545,25997,0
39546,25810,706
39547,21912,16664
39548,25977,76
39549,25462,2030
39550,25981,60
39551,25970,104
39552,25917,302
39553,25990,28
39554,25921,288
39555,25953,168
39556,25138,3276
39557,25902,360
39558,25935,234
39559,25965,120
39560,25284,2712
39561,14960,53860
39562,21926,16600
39563,22827,12678
39564,22416,14446
39565,25905,348
39566,24118,7312
39567,25969,108
39568,25976,80
39569,25991,24
39570,25902,360
39571,25959,146
39572,25991,24
39573,23388,10310
39574,25334,2520
39575,25971,100
39576,25965,120
39577,25909,332
39578,25920,292
39579,24890,4242
39580,25332,2528
39581,25975,84
39582,24228,6872
39583,25511,1842
39584,24223,6892
39585,25927,264
39586,25940,216
39587,25390,2304
39588,25971,100
39589,25964,124
39590,25984,52
39591,25984,52
39592,24889,4248
39593,25921,288
39594,24868,4330
39595,25915,308
39596,25970,104
39597,25990,28
39598,25928,260
39599,25997,0
39600,25877,452
39601,15800,48540
39602,25990,28
39603,25955,160
39604,25945,196
39605,22588,13702
39606,25836,608
39607,25991,24
39608,9259,100628
39609,25977,76
39610,25890,404
39611,19908,26014
39612,25863,507
39613,25914,312
39614,25018,3742
39615,25958,148
39616,25458,2042
39617,25016,3752
39618,25039,3660
39619,14771,55100
39620,25955,160
39621,25953,168
39622,25365,2400
39623,25975,86
39624,25978,72
39625,25332,2528
39626,25950,178
39627,24620,5308
39628,25945,196
39629,25959,144
39630,25943,204
39631,25984,52
39632,5887,144764
39633,25988,36
39634,25515,1826
39635,25929,256
39636,25958,148
39637,25920,292
39638,24809,4560
39639,25903,356
39640,25833,620
39641,25967,116
39642,25938,224
39643,25991,24
39644,25809,708
39645,25910,328
39646,25958,148
39647,25975,86
39648,25970,104
39649,25991,24
39650,25861,512
39651,25843,582
39652,25333,2524
39653,25929,256
39654,25981,62
39655,25964,124
39656,25991,24
39657,25149,3234
39658,25828,638
39659,17230,40094
39660,25897,376
39661,25699,1126
39662,20906,21244
39663,22744,13030
39664,25985,48
39665,25193,3064
39666,25840,592
39667,25949,180
39668,25981,60
39669,25099,3428
39670,25745,952
39671,25976,80
39672,24809,4562
39673,24941,4042
39674,25983,56
39675,15015,53502
39676,24455,5962
39677,25920,292
39678,25948,184
39679,25921,288
39680,25247,2854
39681,25928,260
39682,25914,314
39683,25926,268
39684,24630,5268
39685,23522,9754
39686,25924,276
39687,25324,2560
39688,6420,136318
39689,25985,48
39690,25793,770
39691,25402,2260
39692,25943,206
39693,25925,272
39694,25455,2056
39695,23382,10336
39696,25990,28
39697,25946,192
39698,25880,440
39699,24307,6554
39700,25272,2758
39701,25978,72
39702,25940,216
39703,23487,9898
39704,25863,504
39705,23274,10784
39706,25542,1722
39707,24813,4544
39708,25965,120
39709,25243,2870
39710,8142,113162
39711,25507,1858
39712,24696,5004
39713,25680,1196
39714,25309,2616
39715,25484,1944
39716,25959,144
39717,25977,76
39718,25924,276
39719,25959,144
39720,25920,292
39721,13398,64610
39722,25997,0
39723,25919,296
39724,25975,84
39725,25971,98
39726,25928,260
39727,25898,372
39728,24760,4754
39729,25713,1074
39730,25830,628
39731,25912,322
39732,23718,8944
39733,25665,1254
39734,25990,28
39735,25978,72
39736,25879,444
39737,25991,24
39738,25559,1656
39739,25941,212
39740,25965,120
39741,25668,1244
39742,23932,8068
39743,25952,172
39744,25098,3432
39745,25918,300
39746,25963,128
39747,25872,473
39748,25984,52
39749,25924,276
39750,25964,124
39751,25911,324
39752,25961,136
39753,25945,196
39754,25932,246
39755,23522,9752
39756,14858,54530
39757,25977,76
39758,25945,196
39759,25964,124
39760,25655,1294
39761,25179,3116
39762,25953,168
39763,25896,382
39764,25985,48
39765,25942,208
39766,24436,6038
39767,25990,28
39768,22809,12754
39769,25952,172
39770,25963,128
39771,25781,816
39772,25927,264
39773,25914,312
39774,25777,830
39775,25972,96
39776,25939,220
39777,13071,67020
39778,25997,0
39779,25997,0
39780,21666,17762
39781,25974,88
39782,25963,128
39783,24638,5236
39784,23987,7844
39785,25977,76
39786,25970,104
39787,25397,2278
39788,25337,2510
39789,25972,96
39790,25985,48
39791,24863,4348
39792,25997,0
39793,25935,236
39794,25774,842
39795,24732,4864
39796,25774,842
39797,25785,798
39798,25980,64
39799,25960,140
39800,25551,1690
39801,25894,388
39802,25991,24
39803,25959,144
39804,25935,236
39805,25964,124
39806,25975,84
39807,25946,192
39808,25029,3702
39809,25959,144
39810,25712,1076
39811,25997,0
39812,25977,76
39813,24789,4640
39814,25975,86
39815,22468,14222
39816,25991,24
39817,25976,80
39818,25867,492
39819,25312,2604
39820,25870,480
39821,25991,24
39822,25977,76
39823,25985,48
39824,25912,320
39825,23417,10188
39826,25988,36
39827,25940,216
39828,25928,260
39829,24418,6108
39830,25984,52
39831,25288,2696
39832,25936,232
39833,24125,7284
39834,25896,380
39835,25990,28
39836,25408,2234
39837,25387,2316
39838,25946,192
39839,2180,241594
39840,25951,176
39841,25931,248
39842,25905,346
39843,25975,86
39844,25970,104
39845,25223,2948
39846,25890,402
39847,25940,216
39848,25905,348
39849,25953,168
39850,25914,314
39851,25352,2450
39852,25976,80
39853,25969,108
39854,24440,6020
39855,25964,124
39856,25935,236
39857,25854,540
39858,24386,6236
39859,25990,28
39860,21954,16476
39861,25943,204
39862,25961,136
39863,25973,92
39864,17679,37584
39865,25990,28
39866,25980,64
39867,25934,240
39868,14160,59218
39869,25910,328
39870,25473,1988
39871,24355,6360
39872,24467,5914
39873,24455,5960
39874,25912,320
39875,25943,204
39876,25858,526
39877,25952,172
39878,25938,224
39879,25706,1100
39880,25991,24
39881,25405,2248
39882,25971,98
39883,15468,50606
39884,20744,22002
39885,22056,16026
39886,25935,236
39887,25971,100
39888,1731,264064
39889,25997,0
39890,25505,1864
39891,25863,504
39892,25976,80
39893,25997,0
39894,25947,190
39895,25906,342
39896,25965,120
39897,25926,268
39898,25964,124
39899,25990,28
39900,25975,84
39901,24852,4392
39902,25681,1192
39903,25928,260
39904,18910,31026
39905,22245,15194
39906,24510,5744
39907,25460,2036
39908,25997,0
39909,25980,64
39910,25955,160
39911,25913,316
39912,25927,264
39913,25659,1276
39914,25971,100
39915,25943,204
39916,25954,164
39917,25990,28
39918,25934,240
39919,23075,11624
39920,25927,264
39921,25990,28
39922,25991,24
39923,25550,1692
39924,25479,1962
39925,25834,616
39926,24645,5208
39927,19736,26860
39928,25959,144
39929,25976,80
39930,24896,4220
39931,25944,200
39932,25923,280
39933,25988,36
39934,19922,25944
39935,15310,51608
39936,25874,464
39937,25700,1120
39938,25946,192
39939,24304,6566
39940,25945,196
39941,25937,228
39942,25945,196
39943,25965,120
39944,25984,52
39945,25971,100
39946,25878,448
39947,25772,848
39948,25581,1574
39949,25971,100
39950,22776,12894
39951,25359,2424
39952,25843,580
39953,25939,220
39954,25997,0
39955,25885,424
39956,25898,374
39957,25990,28
39958,25424,2173
39959,25908,336
39960,25940,216
39961,25959,144
39962,25229,2926
39963,25701,1116
39964,20952,21032
39965,24578,5472
39966,25745,950
39967,22562,13814
39968,19926,25924
39969,25419,2192
39970,25955,160
39971,25826,644
39972,25541,1726
39973,25754,916
39974,25942,208
39975,25978,72
39976,25969,108
39977,25977,76
39978,25984,52
39979,25958,148
39980,24595,5406
39981,25984,52
39982,25937,228
39983,25945,196
39984,25929,256
39985,25957,152
39986,23228,10978
39987,25946,192
39988,25631,1382
39989,25853,544
39990,22377,14616
39991,25957,152
39992,25963,128
39993,25971,100
39994,18429,33534
39995,24276,6678
39996,25584,1562
39997,25402,2260
39998,25418,2196
39999,25523,1796
40000,25923,280
