1,25739,0
2,25046,536
3,25189,424
4,25739,0
5,25739,0
6,25681,44
7,25739,0
8,25739,0
9,24818,716
10,25634,80
11,25739,0
12,25739,0
13,25739,0
14,25572,128
15,22711,2460
16,25739,0
17,25739,0
18,25739,0
19,25739,0
20,25739,0
21,25739,0
22,25707,24
23,25739,0
24,25739,0
25,25739,0
26,24308,1124
27,25739,0
28,25739,0
29,25739,0
30,25739,0
31,24682,824
32,25577,124
33,25739,0
34,21852,3218
35,25739,0
36,25676,48
37,25707,24
38,25739,0
39,25676,48
40,25442,228
41,25739,0
42,25739,0
43,25739,0
44,25739,0
45,25739,0
46,25739,0
47,25739,0
48,23669,1648
49,25702,28
50,25739,0
51,25707,24
52,25739,0
53,25739,0
54,15635,9798
55,25739,0
56,25739,0
57,25702,28
58,25739,0
59,25739,0
60,25125,474
61,25739,0
62,25739,0
63,25184,428
64,25739,0
65,25739,0
66,23220,2024
67,25739,0
68,25739,0
69,25367,286
70,25739,0
71,25739,0
72,25739,0
73,25739,0
74,25739,0
75,25739,0
76,25739,0
77,25739,0
78,23291,1964
79,25739,0
80,25739,0
81,25702,28
82,25739,0
83,25739,0
84,25739,0
85,25739,0
86,25739,0
87,22518,2628
88,25739,0
89,25739,0
90,16396,8864
91,25739,0
92,25739,0
93,25739,0
94,25707,24
95,25692,36
96,25739,0
97,25313,328
98,25739,0
99,25739,0
100,25739,0
101,25739,0
102,25707,24
103,22145,2956
104,25739,0
105,25739,0
106,25739,0
107,25739,0
108,25739,0
109,25739,0
110,15936,9424
111,25739,0
112,22813,2372
113,25739,0
114,25739,0
115,25739,0
116,25676,48
117,25707,24
118,25739,0
119,23777,1558
120,25739,0
121,23098,2128
122,25658,62
123,25739,0
124,13436,12778
125,25739,0
126,25739,0
127,21545,3496
128,25431,236
129,25739,0
130,25189,424
131,25739,0
132,25739,0
133,25739,0
134,25739,0
135,25739,0
136,25637,78
137,25739,0
138,25739,0
139,25739,0
140,21907,3168
141,25739,0
142,25739,0
143,25739,0
144,25739,0
145,25613,96
146,25739,0
147,25707,24
148,25658,62
149,25447,224
150,25551,144
151,25739,0
152,25739,0
153,25739,0
154,23950,1416
155,25739,0
156,25739,0
157,25707,24
158,25739,0
159,25739,0
160,25739,0
161,25739,0
162,20974,4024
163,25739,0
164,25739,0
165,25739,0
166,25739,0
167,25739,0
168,25702,28
169,23216,2028
170,25681,44
171,24909,644
172,23206,2036
173,25739,0
174,25739,0
175,25739,0
176,25613,96
177,25739,0
178,25739,0
179,25739,0
180,25707,24
181,25739,0
182,21930,3148
183,25739,0
184,23114,2114
185,25739,0
186,25739,0
187,25535,156
188,24256,1166
189,25676,48
190,25739,0
191,25442,228
192,25739,0
193,24783,744
194,25702,28
195,25707,24
196,25739,0
197,25739,0
198,23695,1626
199,25000,572
200,25739,0
201,25739,0
202,24727,788
203,25739,0
204,25702,28
205,24604,886
206,24153,1250
207,23940,1424
208,25739,0
209,25739,0
210,25739,0
211,24659,842
212,25739,0
213,25739,0
214,25739,0
215,25739,0
216,25739,0
217,25739,0
218,25447,224
219,25739,0
220,25739,0
221,25739,0
222,25739,0
223,25739,0
224,22433,2702
225,25292,344
226,25739,0
227,24440,1018
228,25739,0
229,25739,0
230,24677,828
231,25739,0
232,25739,0
233,24808,724
234,25692,36
235,25739,0
236,25739,0
237,24894,656
238,25739,0
239,20528,4446
240,24502,968
241,25739,0
242,25739,0
243,25739,0
244,24582,904
245,25739,0
246,25739,0
247,25739,0
248,25739,0
249,25739,0
250,25702,28
251,25739,0
252,3326,40224
253,25739,0
254,25739,0
255,25739,0
256,25187,426
257,25739,0
258,25739,0
259,25707,24
260,25739,0
261,25739,0
262,25739,0
263,25739,0
264,25608,100
265,25739,0
266,25739,0
267,25013,562
268,25739,0
269,25676,48
270,25707,24
271,25739,0
272,25739,0
273,25739,0
274,25739,0
275,25739,0
276,25707,24
277,25707,24
278,25739,0
279,25739,0
280,25739,0
281,25739,0
282,25095,498
283,19554,5402
284,25739,0
285,25739,0
286,24494,974
287,25739,0
288,25739,0
289,25739,0
290,17388,7710
291,25739,0
292,25739,0
293,25739,0
294,25739,0
295,24552,928
296,25739,0
297,25739,0
298,25739,0
299,24934,624
300,25431,236
301,22098,2998
302,25021,556
303,25665,56
304,25739,0
305,25739,0
306,25739,0
307,25739,0
308,25702,28
309,21245,3772
310,21104,3902
311,25159,448
312,23187,2052
313,24343,1096
314,25739,0
315,25739,0
316,25739,0
317,25692,36
318,25739,0
319,25739,0
320,25390,268
321,25739,0
322,25739,0
323,25739,0
324,25739,0
325,25739,0
326,23372,1896
327,25739,0
328,25739,0
329,25739,0
330,25739,0
331,25739,0
332,25739,0
333,25739,0
334,24432,1024
335,25739,0
336,25739,0
337,25739,0
338,25637,78
339,25739,0
340,25739,0
341,25739,0
342,25739,0
343,25739,0
344,25655,64
345,23107,2120
346,25739,0
347,25739,0
348,25739,0
349,25739,0
350,25739,0
351,24185,1224
352,25707,24
353,25739,0
354,25739,0
355,24667,836
356,24281,1146
357,25739,0
358,25739,0
359,25739,0
360,24602,888
361,25159,448
362,24767,756
363,25739,0
364,25739,0
365,25739,0
366,25739,0
367,25739,0
368,25739,0
369,22748,2428
370,25739,0
371,25739,0
372,25707,24
373,25739,0
374,25681,44
375,25739,0
376,25739,0
377,25739,0
378,25739,0
379,22637,2524
380,25676,48
381,25658,62
382,25739,0
383,25739,0
384,25739,0
385,25006,568
386,25739,0
387,25739,0
388,25739,0
389,25326,318
390,25616,94
391,25707,24
392,25739,0
393,25739,0
394,25739,0
395,25739,0
396,25739,0
397,25739,0
398,25739,0
399,25739,0
400,25707,24
401,23719,1606
402,25739,0
403,25739,0
404,25739,0
405,25739,0
406,25739,0
407,25739,0
408,25739,0
409,25739,0
410,24904,648
411,25739,0
412,25739,0
413,25739,0
414,25739,0
415,24644,854
416,25739,0
417,25739,0
418,25739,0
419,25739,0
420,25739,0
421,25739,0
422,25739,0
423,22985,2224
424,24957,606
425,25739,0
426,25739,0
427,25739,0
428,25739,0
429,25739,0
430,25739,0
431,25739,0
432,25739,0
433,25739,0
434,25302,336
435,25702,28
436,25739,0
437,25739,0
438,25739,0
439,25062,524
440,25739,0
441,25739,0
442,25739,0
443,25739,0
444,25707,24
445,25644,72
446,25739,0
447,25739,0
448,25182,430
449,25639,76
450,25739,0
451,25739,0
452,25739,0
453,25739,0
454,24783,744
455,16441,8810
456,25739,0
457,25739,0
458,25739,0
459,25739,0
460,25739,0
461,22299,2820
462,25739,0
463,25739,0
464,22985,2224
465,25739,0
466,25739,0
467,25739,0
468,25739,0
469,25611,98
470,25739,0
471,25739,0
472,25739,0
473,25739,0
474,23308,1950
475,17322,7784
476,25739,0
477,25062,524
478,25739,0
479,25739,0
480,25739,0
481,25739,0
482,25739,0
483,25739,0
484,16537,8696
485,25739,0
486,25739,0
487,25739,0
488,25577,124
489,24871,674
490,25707,24
491,25739,0
492,25739,0
493,25277,356
494,25739,0
495,25676,48
496,25351,298
497,25739,0
498,25739,0
499,25739,0
500,25739,0
501,25739,0
502,25551,144
503,25739,0
504,25739,0
505,25739,0
506,25739,0
507,25739,0
508,25739,0
509,25739,0
510,24843,696
511,25739,0
512,25739,0
513,25739,0
514,25739,0
515,25739,0
516,25739,0
517,25739,0
518,24783,744
519,25739,0
520,25739,0
521,25739,0
522,25739,0
523,25739,0
524,25739,0
525,25613,96
526,25739,0
527,25739,0
528,25739,0
529,25739,0
530,25739,0
531,25739,0
532,25739,0
533,25639,76
534,25739,0
535,22046,3044
536,25447,224
537,25739,0
538,21598,3448
539,25739,0
540,25616,94
541,25739,0
542,25739,0
543,25681,44
544,24906,646
545,25676,48
546,25739,0
547,25739,0
548,25739,0
549,24715,798
550,25739,0
551,23453,1828
552,25739,0
553,25287,348
554,18753,6224
555,25739,0
556,25739,0
557,25660,60
558,25739,0
559,10564,17506
560,25739,0
561,25739,0
562,25739,0
563,25739,0
564,25739,0
565,25592,112
566,25739,0
567,25739,0
568,25739,0
569,25739,0
570,25739,0
571,25739,0
572,25739,0
573,25739,0
574,25739,0
575,25739,0
576,24363,1080
577,23491,1796
578,24427,1028
579,25739,0
580,25739,0
581,1820,52072
582,25739,0
583,23775,1560
584,25739,0
585,25739,0
586,25739,0
587,25739,0
588,25739,0
589,25739,0
590,23070,2152
591,25739,0
592,25707,24
593,25739,0
594,9634,19316
595,25739,0
596,25338,308
597,25739,0
598,25739,0
599,22948,2256
600,25739,0
601,25739,0
602,22981,2228
603,24654,846
604,25739,0
605,25739,0
606,25406,256
607,25739,0
608,25739,0
609,25739,0
610,25739,0
611,25739,0
612,25739,0
613,25739,0
614,25739,0
615,25739,0
616,25739,0
617,25739,0
618,25739,0
619,25739,0
620,25707,24
621,25637,78
622,25739,0
623,25739,0
624,25739,0
625,25739,0
626,25739,0
627,24894,656
628,25739,0
629,25739,0
630,25739,0
631,25739,0
632,25512,174
633,25707,24
634,25739,0
635,25739,0
636,25739,0
637,25133,468
638,25739,0
639,25739,0
640,25739,0
641,25739,0
642,25739,0
643,25739,0
644,25739,0
645,25739,0
646,25739,0
647,24552,928
648,25739,0
649,25739,0
650,25739,0
651,23458,1824
652,25739,0
653,25739,0
654,25447,224
655,25189,424
656,22504,2640
657,25739,0
658,25676,48
659,25739,0
660,25739,0
661,25739,0
662,25739,0
663,25739,0
664,24340,1098
665,25739,0
666,25551,144
667,24303,1128
668,25739,0
669,25702,28
670,25702,28
671,25739,0
672,25739,0
673,25739,0
674,25739,0
675,7051,25452
676,25739,0
677,24871,674
678,25739,0
679,25739,0
680,25739,0
681,25739,0
682,25739,0
683,25739,0
684,25739,0
685,25739,0
686,19658,5298
687,23154,2080
688,25739,0
689,25739,0
690,25592,112
691,25739,0
692,25739,0
693,6894,25896
694,25739,0
695,25739,0
696,25739,0
697,25739,0
698,25739,0
699,1979,50424
700,25739,0
701,25739,0
702,25739,0
703,25739,0
704,25621,90
705,25739,0
706,23443,1836
707,25707,24
708,25739,0
709,20451,4520
710,25739,0
711,25739,0
712,25739,0
713,25707,24
714,25702,28
715,17917,7120
716,25739,0
717,25739,0
718,23161,2074
719,25159,448
720,25707,24
721,25739,0
722,25212,406
723,25561,136
724,25470,206
725,25739,0
726,25676,48
727,22971,2236
728,25707,24
729,25739,0
730,25442,228
731,25739,0
732,25655,64
733,25739,0
734,25739,0
735,17553,7524
736,25450,222
737,25739,0
738,25629,84
739,25739,0
740,25671,52
741,25739,0
742,25031,548
743,25739,0
744,25739,0
745,25179,432
746,25739,0
747,24380,1066
748,25739,0
749,23925,1436
750,25739,0
751,25739,0
752,25739,0
753,25707,24
754,25739,0
755,25739,0
756,25739,0
757,22518,2628
758,24006,1370
759,25739,0
760,25739,0
761,25739,0
762,25739,0
763,23324,1936
764,25739,0
765,1921,51016
766,25739,0
767,25739,0
768,5571,30084
769,25739,0
770,25062,524
771,25739,0
772,25739,0
773,25739,0
774,25739,0
775,25739,0
776,24879,668
777,25739,0
778,25739,0
779,1939,50832
780,14801,10876
781,25739,0
782,25739,0
783,25739,0
784,25739,0
785,25739,0
786,6867,25972
787,25739,0
788,22702,2468
789,25613,96
790,25739,0
791,25251,376
792,25739,0
793,25739,0
794,25739,0
795,25739,0
796,25739,0
797,25739,0
798,24311,1122
799,24967,598
800,25739,0
801,25739,0
802,25501,182
803,25739,0
804,25514,172
805,25739,0
806,25739,0
807,25416,248
808,25739,0
809,25739,0
810,25739,0
811,25739,0
812,25739,0
813,25739,0
814,25739,0
815,25739,0
816,25739,0
817,25000,572
818,25639,76
819,25739,0
820,25702,28
821,25739,0
822,25739,0
823,25739,0
824,24552,928
825,25739,0
826,25702,28
827,25739,0
828,25642,74
829,25739,0
830,25739,0
831,25535,156
832,25463,212
833,25739,0
834,25739,0
835,14544,11220
836,25739,0
837,25739,0
838,25702,28
839,25739,0
840,25739,0
841,25739,0
842,25739,0
843,25739,0
844,25739,0
845,25739,0
846,25739,0
847,24778,748
848,25707,24
849,25739,0
850,25739,0
851,25739,0
852,25739,0
853,25739,0
854,25739,0
855,25739,0
856,25123,476
857,25739,0
858,25739,0
859,6946,25748
860,25739,0
861,25739,0
862,25739,0
863,25739,0
864,25739,0
865,25739,0
866,25739,0
867,25739,0
868,25739,0
869,25739,0
870,23756,1576
871,24934,624
872,25739,0
873,25739,0
874,25707,24
875,25739,0
876,25739,0
877,25739,0
878,25739,0
879,25739,0
880,25739,0
881,25692,36
882,25021,556
883,25585,118
884,25739,0
885,25739,0
886,25739,0
887,25739,0
888,25036,544
889,25739,0
890,25739,0
891,25739,0
892,25739,0
893,25739,0
894,25739,0
895,24482,984
896,25739,0
897,25739,0
898,25739,0
899,25739,0
900,25739,0
901,25739,0
902,25739,0
903,25739,0
904,22632,2528
905,25739,0
906,6732,26362
907,25676,48
908,25739,0
909,25739,0
910,25707,24
911,25739,0
912,1717,53220
913,25739,0
914,25739,0
915,25739,0
916,25739,0
917,25739,0
918,25739,0
919,25739,0
920,25739,0
921,25739,0
922,22614,2544
923,25739,0
924,25702,28
925,24219,1196
926,25739,0
927,25739,0
928,25739,0
929,25739,0
930,25085,506
931,25354,296
932,25739,0
933,25739,0
934,19732,5224
935,23098,2128
936,25174,436
937,25739,0
938,25739,0
939,25739,0
940,22582,2572
941,22069,3024
942,25707,24
943,25739,0
944,24993,578
945,25496,186
946,25739,0
947,25739,0
948,11985,15024
949,25739,0
950,25702,28
951,25739,0
952,25739,0
953,25739,0
954,25739,0
955,25739,0
956,25739,0
957,25739,0
958,21383,3644
959,25739,0
960,22748,2428
961,25739,0
962,25739,0
963,25739,0
964,25739,0
965,17628,7440
966,25739,0
967,24993,578
968,25739,0
969,25457,216
970,25739,0
971,25739,0
972,25739,0
973,25739,0
974,24062,1324
975,24919,636
976,25702,28
977,25739,0
978,25739,0
979,25739,0
980,25739,0
981,25676,48
982,25739,0
983,25739,0
984,25739,0
985,25739,0
986,25739,0
987,25067,520
988,25739,0
989,25739,0
990,25739,0
991,25739,0
992,25739,0
993,25031,548
994,25665,56
995,25739,0
996,25739,0
997,21379,3648
998,16682,8524
999,25739,0
1000,25739,0
1001,25739,0
1002,25739,0
1003,25660,60
1004,25442,228
1005,25174,436
1006,25390,268
1007,25739,0
1008,15550,9906
1009,25739,0
1010,25739,0
1011,25739,0
1012,19260,5700
1013,22472,2668
1014,25739,0
1015,25382,274
1016,23216,2028
1017,25739,0
1018,25739,0
1019,24494,974
1020,25739,0
1021,25739,0
1022,25561,136
1023,24118,1278
1024,25739,0
1025,25739,0
1026,25739,0
1027,25739,0
1028,25739,0
1029,24682,824
1030,15275,10256
1031,21405,3624
1032,25739,0
1033,25739,0
1034,25644,72
1035,25739,0
1036,24269,1156
1037,25739,0
1038,25739,0
1039,25189,424
1040,25739,0
1041,25739,0
1042,25739,0
1043,25739,0
1044,25739,0
1045,25739,0
1046,25692,36
1047,19999,4960
1048,22472,2668
1049,25739,0
1050,25702,28
1051,25639,76
1052,20314,4652
1053,25739,0
1054,25739,0
1055,25739,0
1056,25702,28
1057,25442,228
1058,25739,0
1059,25739,0
1060,25739,0
1061,25739,0
1062,25739,0
1063,8985,20688
1064,25739,0
1065,25739,0
1066,25642,74
1067,25739,0
1068,25739,0
1069,25707,24
1070,25739,0
1071,25642,74
1072,25739,0
1073,25739,0
1074,25739,0
1075,24929,628
1076,25739,0
1077,24808,724
1078,25739,0
1079,25739,0
1080,25739,0
1081,25739,0
1082,25739,0
1083,25739,0
1084,24846,694
1085,25739,0
1086,25739,0
1087,25520,168
1088,23343,1920
1089,25692,36
1090,21759,3302
1091,25491,190
1092,25739,0
1093,25613,96
1094,25739,0
1095,25739,0
1096,25564,134
1097,25739,0
1098,25739,0
1099,22515,2630
1100,19726,5230
1101,25739,0
1102,25739,0
1103,25676,48
1104,25739,0
1105,25739,0
1106,25739,0
1107,25739,0
1108,25739,0
1109,25031,548
1110,25739,0
1111,24114,1282
1112,13961,12024
1113,25739,0
1114,25739,0
1115,25739,0
1116,25739,0
1117,25739,0
1118,25739,0
1119,25739,0
1120,25676,48
1121,25676,48
1122,25739,0
1123,25189,424
1124,19201,5760
1125,25739,0
1126,25739,0
1127,25739,0
1128,25739,0
1129,25676,48
1130,25739,0
1131,25676,48
1132,25739,0
1133,23821,1522
1134,25739,0
1135,25739,0
1136,25739,0
1137,25577,124
1138,25739,0
1139,25739,0
1140,20842,4148
1141,25739,0
1142,24484,982
1143,25739,0
1144,25739,0
1145,25702,28
1146,19560,5396
1147,25189,424
1148,25739,0
1149,25739,0
1150,25739,0
1151,25223,398
1152,25739,0
1153,25739,0
1154,25739,0
1155,25739,0
1156,25739,0
1157,25739,0
1158,25739,0
1159,25739,0
1160,25739,0
1161,25739,0
1162,25739,0
1163,25504,180
1164,25174,436
1165,25739,0
1166,25062,524
1167,25739,0
1168,25739,0
1169,25739,0
1170,25739,0
1171,24868,676
1172,25739,0
1173,25739,0
1174,25739,0
1175,25739,0
1176,25739,0
1177,25138,464
1178,25739,0
1179,25739,0
1180,22655,2508
1181,25739,0
1182,25739,0
1183,25148,456
1184,25739,0
1185,25739,0
1186,25707,24
1187,25739,0
1188,25739,0
1189,25739,0
1190,25739,0
1191,25739,0
1192,25739,0
1193,25739,0
1194,25254,374
1195,24507,964
1196,25739,0
1197,25739,0
1198,25739,0
1199,25739,0
1200,24932,626
1201,25739,0
1202,25739,0
1203,25739,0
1204,25739,0
1205,25739,0
1206,25739,0
1207,25739,0
1208,25739,0
1209,6930,25792
1210,25739,0
1211,25739,0
1212,24118,1278
1213,25739,0
1214,22580,2574
1215,25739,0
1216,25739,0
1217,25739,0
1218,25739,0
1219,25702,28
1220,25739,0
1221,25613,96
1222,25739,0
1223,25739,0
1224,25676,48
1225,25739,0
1226,25739,0
1227,25739,0
1228,25739,0
1229,25380,276
1230,22467,2672
1231,25739,0
1232,25421,244
1233,25739,0
1234,20968,4030
1235,25739,0
1236,15457,10024
1237,7772,23538
1238,25739,0
1239,25739,0
1240,25739,0
1241,25739,0
1242,25681,44
1243,25702,28
1244,25313,328
1245,25613,96
1246,25739,0
1247,24527,948
1248,25616,94
1249,25739,0
1250,25707,24
1251,25739,0
1252,25702,28
1253,22632,2528
1254,25739,0
1255,25739,0
1256,25739,0
1257,25739,0
1258,23339,1924
1259,24395,1054
1260,25739,0
1261,25739,0
1262,25739,0
1263,25739,0
1264,25739,0
1265,25739,0
1266,25739,0
1267,25095,498
1268,25739,0
1269,25634,80
1270,25739,0
1271,25739,0
1272,25739,0
1273,25739,0
1274,7009,25570
1275,25707,24
1276,25739,0
1277,25739,0
1278,25739,0
1279,25739,0
1280,25739,0
1281,21827,3240
1282,25671,52
1283,25189,424
1284,25739,0
1285,25739,0
1286,25739,0
1287,25639,76
1288,25692,36
1289,25739,0
1290,25739,0
1291,22371,2756
1292,25739,0
1293,25739,0
1294,25692,36
1295,25739,0
1296,25739,0
1297,25110,486
1298,25739,0
1299,25739,0
1300,25739,0
1301,25707,24
1302,25739,0
1303,25739,0
1304,25739,0
1305,25692,36
1306,25739,0
1307,21266,3752
1308,25551,144
1309,25354,296
1310,25739,0
1311,25200,416
1312,25739,0
1313,25739,0
1314,25739,0
1315,25692,36
1316,25739,0
1317,25577,124
1318,6049,28466
1319,25739,0
1320,25739,0
1321,25739,0
1322,25739,0
1323,25739,0
1324,25133,468
1325,24392,1056
1326,25739,0
1327,25739,0
1328,25739,0
1329,23213,2030
1330,25287,348
1331,25739,0
1332,25739,0
1333,25739,0
1334,25739,0
1335,24757,764
1336,25739,0
1337,25739,0
1338,25739,0
1339,25535,156
1340,25739,0
1341,25739,0
1342,25739,0
1343,25739,0
1344,22899,2298
1345,25739,0
1346,25739,0
1347,25739,0
1348,25739,0
1349,25739,0
1350,25739,0
1351,25739,0
1352,25739,0
1353,25739,0
1354,25739,0
1355,25739,0
1356,25739,0
1357,21708,3348
1358,25681,44
1359,25739,0
1360,25739,0
1361,25739,0
1362,21495,3542
1363,25739,0
1364,25739,0
1365,25639,76
1366,25739,0
1367,25739,0
1368,14341,11496
1369,25739,0
1370,25739,0
1371,20842,4148
1372,25739,0
1373,25739,0
1374,25739,0
1375,25739,0
1376,25739,0
1377,25739,0
1378,25739,0
1379,25739,0
1380,25739,0
1381,23879,1474
1382,22609,2548
1383,25739,0
1384,25739,0
1385,25739,0
1386,22290,2828
1387,25739,0
1388,25739,0
1389,25739,0
1390,25739,0
1391,25739,0
1392,25447,224
1393,25739,0
1394,25739,0
1395,25739,0
1396,25739,0
1397,25739,0
1398,25739,0
1399,23814,1528
1400,6458,27180
1401,23573,1728
1402,6979,25654
1403,25739,0
1404,25739,0
1405,25739,0
1406,25739,0
1407,25062,524
1408,25739,0
1409,25739,0
1410,25739,0
1411,25739,0
1412,25739,0
1413,25739,0
1414,19934,5024
1415,25739,0
1416,25739,0
1417,25739,0
1418,25739,0
1419,25676,48
1420,25486,194
1421,25739,0
1422,25739,0
1423,25739,0
1424,25739,0
1425,25739,0
1426,25739,0
1427,25739,0
1428,25739,0
1429,25739,0
1430,25739,0
1431,25739,0
1432,25739,0
1433,23758,1574
1434,25739,0
1435,25739,0
1436,25739,0
1437,25660,60
1438,25535,156
1439,20604,4374
1440,25739,0
1441,25739,0
1442,25707,24
1443,25676,48
1444,25739,0
1445,24557,924
1446,25739,0
1447,25739,0
1448,25739,0
1449,25707,24
1450,25739,0
1451,25212,406
1452,25739,0
1453,24607,884
1454,25739,0
1455,25739,0
1456,16958,8202
1457,25739,0
1458,25739,0
1459,25739,0
1460,25739,0
1461,25739,0
1462,25739,0
1463,25739,0
1464,25676,48
1465,25739,0
1466,25238,386
1467,25739,0
1468,25707,24
1469,25739,0
1470,25608,100
1471,25739,0
1472,25739,0
1473,25739,0
1474,25739,0
1475,25739,0
1476,25739,0
1477,25739,0
1478,19588,5368
1479,25739,0
1480,25739,0
1481,25739,0
1482,25739,0
1483,17070,8072
1484,25739,0
1485,25739,0
1486,25644,72
1487,23220,2024
1488,25739,0
1489,25739,0
1490,25739,0
1491,25739,0
1492,25739,0
1493,25739,0
1494,25739,0
1495,24627,868
1496,25739,0
1497,25739,0
1498,25739,0
1499,25056,528
1500,23173,2064
1501,25739,0
1502,25739,0
1503,25739,0
1504,25739,0
1505,25739,0
1506,25707,24
1507,25739,0
1508,25739,0
1509,25739,0
1510,25739,0
1511,25739,0
1512,25637,78
1513,25739,0
1514,25739,0
1515,25739,0
1516,22010,3076
1517,19330,5628
1518,25739,0
1519,25739,0
1520,25739,0
1521,25739,0
1522,25739,0
1523,25189,424
1524,25238,386
1525,25739,0
1526,25739,0
1527,23159,2076
1528,25707,24
1529,25512,174
1530,25739,0
1531,25739,0
1532,25739,0
1533,25739,0
1534,25739,0
1535,25739,0
1536,25702,28
1537,25739,0
1538,25056,528
1539,25739,0
1540,25642,74
1541,25739,0
1542,25739,0
1543,24841,698
1544,25739,0
1545,25739,0
1546,25739,0
1547,25702,28
1548,25707,24
1549,1982,50398
1550,25739,0
1551,25062,524
1552,25739,0
1553,25739,0
1554,25739,0
1555,25739,0
1556,25739,0
1557,25739,0
1558,25739,0
1559,25739,0
1560,25739,0
1561,25739,0
1562,24517,956
1563,25739,0
1564,25739,0
1565,25739,0
1566,25739,0
1567,25739,0
1568,25739,0
1569,25357,294
1570,25739,0
1571,25739,0
1572,25707,24
1573,25739,0
1574,25707,24
1575,25600,106
1576,25739,0
1577,25739,0
1578,25739,0
1579,159,100024
1580,21081,3924
1581,25676,48
1582,25739,0
1583,25739,0
1584,25739,0
1585,24407,1044
1586,25739,0
1587,25739,0
1588,25665,56
1589,25546,148
1590,25739,0
1591,25739,0
1592,25739,0
1593,23818,1524
1594,25739,0
1595,25616,94
1596,25739,0
1597,25739,0
1598,25739,0
1599,25739,0
1600,25739,0
1601,25739,0
1602,25739,0
1603,25739,0
1604,25739,0
1605,24185,1224
1606,23991,1382
1607,25739,0
1608,25739,0
1609,22566,2586
1610,24929,628
1611,23911,1448
1612,25676,48
1613,25739,0
1614,25159,448
1615,25739,0
1616,25739,0
1617,25739,0
1618,25702,28
1619,25739,0
1620,25739,0
1621,25739,0
1622,25739,0
1623,25739,0
1624,23609,1698
1625,10336,17934
1626,24998,574
1627,25739,0
1628,25739,0
1629,25739,0
1630,25739,0
1631,25634,80
1632,23573,1728
1633,25739,0
1634,25120,478
1635,25739,0
1636,25739,0
1637,24803,728
1638,24720,794
1639,25676,48
1640,25739,0
1641,23814,1528
1642,25739,0
1643,25739,0
1644,25739,0
1645,25739,0
1646,3888,37152
1647,25739,0
1648,25739,0
1649,22163,2940
1650,25739,0
1651,25739,0
1652,25739,0
1653,25739,0
1654,25702,28
1655,25692,36
1656,25318,324
1657,6179,28048
1658,25739,0
1659,24512,960
1660,25739,0
1661,25600,106
1662,25739,0
1663,25676,48
1664,25739,0
1665,25739,0
1666,25739,0
1667,1955,50672
1668,25739,0
1669,25739,0
1670,25739,0
1671,25739,0
1672,25676,48
1673,25739,0
1674,25739,0
1675,14672,11048
1676,25739,0
1677,25739,0
1678,25707,24
1679,25739,0
1680,25739,0
1681,25739,0
1682,25613,96
1683,25739,0
1684,25739,0
1685,25739,0
1686,25739,0
1687,24715,798
1688,25739,0
1689,25739,0
1690,25739,0
1691,25739,0
1692,25739,0
1693,25739,0
1694,25739,0
1695,25739,0
1696,25739,0
1697,25739,0
1698,25739,0
1699,25739,0
1700,25739,0
1701,25739,0
1702,25739,0
1703,25739,0
1704,25739,0
1705,25739,0
1706,23348,1916
1707,25702,28
1708,25739,0
1709,25739,0
1710,25739,0
1711,25739,0
1712,25739,0
1713,25739,0
1714,25739,0
1715,25739,0
1716,25739,0
1717,25739,0
1718,25739,0
1719,25739,0
1720,25739,0
1721,25739,0
1722,25739,0
1723,25739,0
1724,25739,0
1725,14254,11616
1726,25644,72
1727,25561,136
1728,25739,0
1729,24430,1026
1730,25046,536
1731,25739,0
1732,7093,25336
1733,25739,0
1734,25739,0
1735,25739,0
1736,25739,0
1737,25739,0
1738,22936,2266
1739,23220,2024
1740,25739,0
1741,25739,0
1742,25739,0
1743,25739,0
1744,25739,0
1745,25739,0
1746,25739,0
1747,25739,0
1748,25707,24
1749,18005,7024
1750,25739,0
1751,25739,0
1752,25739,0
1753,25739,0
1754,25692,36
1755,25551,144
1756,25287,348
1757,25739,0
1758,25739,0
1759,25739,0
1760,25707,24
1761,25739,0
1762,25739,0
1763,25739,0
1764,25660,60
1765,25739,0
1766,25739,0
1767,25739,0
1768,25739,0
1769,24896,654
1770,25739,0
1771,25739,0
1772,25702,28
1773,25739,0
1774,23911,1448
1775,15224,10322
1776,25739,0
1777,19668,5288
1778,22753,2424
1779,25739,0
1780,25739,0
1781,25707,24
1782,25739,0
1783,25613,96
1784,25546,148
1785,25739,0
1786,25702,28
1787,25739,0
1788,25238,386
1789,25739,0
1790,25739,0
1791,25261,368
1792,25739,0
1793,25676,48
1794,25739,0
1795,24934,624
1796,25739,0
1797,25739,0
1798,23453,1828
1799,25702,28
1800,25739,0
1801,25739,0
1802,25665,56
1803,25739,0
1804,25739,0
1805,25739,0
1806,20570,4406
1807,25739,0
1808,25739,0
1809,25739,0
1810,25665,56
1811,23693,1628
1812,25739,0
1813,25639,76
1814,25739,0
1815,25739,0
1816,25739,0
1817,25707,24
1818,25702,28
1819,25739,0
1820,25739,0
1821,25739,0
1822,25707,24
1823,25164,444
1824,25739,0
1825,24682,824
1826,25739,0
1827,25739,0
1828,14896,10750
1829,25739,0
1830,25739,0
1831,25739,0
1832,23431,1846
1833,25739,0
1834,25739,0
1835,25344,304
1836,25613,96
1837,25739,0
1838,25739,0
1839,25739,0
1840,24629,866
1841,25739,0
1842,25739,0
1843,25707,24
1844,25739,0
1845,25658,62
1846,25739,0
1847,25739,0
1848,25739,0
1849,25739,0
1850,25739,0
1851,24185,1224
1852,21383,3644
1853,25739,0
1854,25739,0
1855,25739,0
1856,25739,0
1857,25739,0
1858,25739,0
1859,25739,0
1860,22890,2306
1861,25676,48
1862,25739,0
1863,18503,6488
1864,25739,0
1865,25739,0
1866,25707,24
1867,25739,0
1868,25739,0
1869,25739,0
1870,25739,0
1871,25739,0
1872,25739,0
1873,25739,0
1874,25665,56
1875,25702,28
1876,25739,0
1877,25739,0
1878,19317,5642
1879,25739,0
1880,13961,12024
1881,25739,0
1882,25739,0
1883,25739,0
1884,25739,0
1885,25447,224
1886,25739,0
1887,25739,0
1888,25739,0
1889,25739,0
1890,25739,0
1891,25739,0
1892,25739,0
1893,25739,0
1894,25739,0
1895,25739,0
1896,25561,136
1897,25739,0
1898,25739,0
1899,25613,96
1900,25739,0
1901,25739,0
1902,24652,848
1903,25739,0
1904,25739,0
1905,25739,0
1906,25739,0
1907,24185,1224
1908,25739,0
1909,25739,0
1910,25739,0
1911,24682,824
1912,25739,0
1913,24682,824
1914,25739,0
1915,25739,0
1916,25739,0
1917,25739,0
1918,25739,0
1919,25739,0
1920,25551,144
1921,25739,0
1922,25739,0
1923,25739,0
1924,25739,0
1925,25739,0
1926,19496,5460
1927,25739,0
1928,25739,0
1929,25189,424
1930,25739,0
1931,25739,0
1932,23994,1380
1933,25739,0
1934,25739,0
1935,25739,0
1936,22199,2908
1937,25739,0
1938,25739,0
1939,25637,78
1940,25739,0
1941,25739,0
1942,24308,1124
1943,25739,0
1944,25739,0
1945,25739,0
1946,25739,0
1947,25739,0
1948,25739,0
1949,25739,0
1950,25739,0
1951,25739,0
1952,25739,0
1953,25707,24
1954,25739,0
1955,25739,0
1956,25739,0
1957,25739,0
1958,25739,0
1959,25739,0
1960,25437,232
1961,25739,0
1962,25739,0
1963,25739,0
1964,23698,1624
1965,25739,0
1966,25676,48
1967,25739,0
1968,25739,0
1969,25739,0
1970,25665,56
1971,25739,0
1972,2002,50196
1973,25739,0
1974,25739,0
1975,25739,0
1976,25739,0
1977,25642,74
1978,22681,2486
1979,12506,14188
1980,22403,2728
1981,25739,0
1982,25624,88
1983,25739,0
1984,25665,56
1985,25739,0
1986,22502,2642
1987,25739,0
1988,25739,0
1989,25739,0
1990,25739,0
1991,25739,0
1992,25676,48
1993,25739,0
1994,25739,0
1995,25739,0
1996,25739,0
1997,25739,0
1998,25739,0
1999,25739,0
2000,25739,0
2001,23831,1514
2002,25739,0
2003,25739,0
2004,25739,0
2005,25351,298
2006,23315,1944
2007,25739,0
2008,23850,1498
2009,18666,6316
2010,25739,0
2011,25707,24
2012,25739,0
2013,25739,0
2014,25739,0
2015,25739,0
2016,25739,0
2017,25739,0
2018,25642,74
2019,25739,0
2020,25442,228
2021,24278,1148
2022,24278,1148
2023,25739,0
2024,25707,24
2025,25739,0
2026,25739,0
2027,25739,0
2028,25739,0
2029,25739,0
2030,25202,414
2031,25692,36
2032,25702,28
2033,25739,0
2034,2861,43180
2035,25611,98
2036,25739,0
2037,25739,0
2038,25739,0
2039,25739,0
2040,25739,0
2041,22632,2528
2042,25739,0
2043,25739,0
2044,25739,0
2045,25739,0
2046,25739,0
2047,25739,0
2048,25739,0
2049,25739,0
2050,25739,0
2051,25613,96
2052,25707,24
2053,25739,0
2054,25739,0
2055,25613,96
2056,25702,28
2057,23396,1876
2058,25702,28
2059,25739,0
2060,25739,0
2061,25739,0
2062,25739,0
2063,25739,0
2064,25739,0
2065,25739,0
2066,25739,0
2067,25702,28
2068,25739,0
2069,25256,372
2070,25572,128
2071,25739,0
2072,25739,0
2073,24687,820
2074,25739,0
2075,25174,436
2076,25739,0
2077,25189,424
2078,25739,0
2079,25739,0
2080,25739,0
2081,25739,0
2082,25223,398
2083,25739,0
2084,25739,0
2085,25739,0
2086,25739,0
2087,25739,0
2088,25739,0
2089,24219,1196
2090,24425,1030
2091,25739,0
2092,25739,0
2093,25739,0
2094,25739,0
2095,25431,236
2096,25692,36
2097,25739,0
2098,25739,0
2099,25739,0
2100,25739,0
2101,24522,952
2102,25671,52
2103,25514,172
2104,25739,0
2105,23164,2072
2106,25739,0
2107,25739,0
2108,25739,0
2109,25739,0
2110,25739,0
2111,25481,198
2112,23789,1548
2113,25189,424
2114,25613,96
2115,25739,0
2116,25739,0
2117,25739,0
2118,25739,0
2119,25739,0
2120,25739,0
2121,25739,0
2122,25287,348
2123,25739,0
2124,25447,224
2125,25739,0
2126,25739,0
2127,25739,0
2128,25395,264
2129,25739,0
2130,25739,0
2131,25739,0
2132,25739,0
2133,25739,0
2134,25254,374
2135,18375,6624
2136,25739,0
2137,25739,0
2138,25739,0
2139,25739,0
2140,25739,0
2141,25739,0
2142,25739,0
2143,23645,1668
2144,25739,0
2145,25739,0
2146,25739,0
2147,25739,0
2148,25739,0
2149,25739,0
2150,25739,0
2151,25739,0
2152,25739,0
2153,25739,0
2154,23098,2128
2155,25739,0
2156,25739,0
2157,25739,0
2158,25739,0
2159,23558,1740
2160,25739,0
2161,24402,1048
2162,25739,0
2163,25739,0
2164,25739,0
2165,25739,0
2166,25739,0
2167,25739,0
2168,25739,0
2169,25739,0
2170,25739,0
2171,25739,0
2172,25739,0
2173,25739,0
2174,25739,0
2175,25739,0
2176,25107,488
2177,25739,0
2178,25739,0
2179,25739,0
2180,25739,0
2181,25739,0
2182,24657,844
2183,25739,0
2184,25739,0
2185,25287,348
2186,25739,0
2187,25739,0
2188,25739,0
2189,25739,0
2190,25739,0
2191,25739,0
2192,25739,0
2193,25739,0
2194,25692,36
2195,25676,48
2196,25739,0
2197,25318,324
2198,25739,0
2199,25739,0
2200,25739,0
2201,25739,0
2202,25739,0
2203,25739,0
2204,25189,424
2205,25739,0
2206,25702,28
2207,25739,0
2208,25739,0
2209,25739,0
2210,25739,0
2211,25739,0
2212,25739,0
2213,23877,1476
2214,25739,0
2215,25692,36
2216,24472,992
2217,25739,0
2218,23577,1724
2219,25739,0
2220,25676,48
2221,25125,474
2222,9104,20428
2223,23401,1872
2224,23020,2194
2225,25702,28
2226,24557,924
2227,25739,0
2228,22177,2928
2229,25739,0
2230,25739,0
2231,25739,0
2232,25739,0
2233,25739,0
2234,25702,28
2235,25739,0
2236,25739,0
2237,16706,8496
2238,24111,1284
2239,22499,2644
2240,13227,13086
2241,25739,0
2242,19203,5758
2243,23671,1646
2244,25739,0
2245,24153,1250
2246,25739,0
2247,25739,0
2248,25676,48
2249,25707,24
2250,19728,5228
2251,25739,0
2252,25739,0
2253,25739,0
2254,25671,52
2255,25739,0
2256,25739,0
2257,25739,0
2258,25707,24
2259,25739,0
2260,25739,0
2261,25739,0
2262,25739,0
2263,25739,0
2264,25739,0
2265,25739,0
2266,25739,0
2267,25739,0
2268,25739,0
2269,25739,0
2270,25739,0
2271,25739,0
2272,25739,0
2273,25739,0
2274,25739,0
2275,25692,36
2276,25739,0
2277,25739,0
2278,25739,0
2279,25739,0
2280,25739,0
2281,22632,2528
2282,7097,25324
2283,25739,0
2284,25739,0
2285,25739,0
2286,24652,848
2287,25739,0
2288,21466,3568
2289,24212,1202
2290,25739,0
2291,25739,0
2292,25739,0
2293,25739,0
2294,25223,398
2295,25739,0
2296,25739,0
2297,25739,0
2298,25739,0
2299,23102,2124
2300,25739,0
2301,25739,0
2302,24657,844
2303,25739,0
2304,25739,0
2305,25318,324
2306,25739,0
2307,22952,2252
2308,25739,0
2309,25739,0
2310,828,67562
2311,25739,0
2312,25613,96
2313,25739,0
2314,25707,24
2315,25707,24
2316,25702,28
2317,25739,0
2318,25739,0
2319,25739,0
2320,24803,728
2321,25429,238
2322,25739,0
2323,25692,36
2324,25739,0
2325,25739,0
2326,25739,0
2327,25739,0
2328,25739,0
2329,19942,5016
2330,25739,0
2331,25739,0
2332,25739,0
2333,25739,0
2334,25739,0
2335,25739,0
2336,25676,48
2337,25739,0
2338,25739,0
2339,24432,1024
2340,25739,0
2341,25739,0
2342,25739,0
2343,25739,0
2344,25739,0
2345,25174,436
2346,25062,524
2347,25739,0
2348,25739,0
2349,25739,0
2350,25739,0
2351,25739,0
2352,25739,0
2353,25739,0
2354,25671,52
2355,25739,0
2356,25739,0
2357,25739,0
2358,25739,0
2359,25739,0
2360,25739,0
2361,25739,0
2362,25739,0
2363,25707,24
2364,21781,3282
2365,25739,0
2366,25739,0
2367,25707,24
2368,25739,0
2369,25739,0
2370,23630,1680
2371,25318,324
2372,25739,0
2373,25739,0
2374,25739,0
2375,25739,0
2376,25702,28
2377,24402,1048
2378,25658,62
2379,25739,0
2380,24452,1008
2381,24237,1182
2382,25739,0
2383,25739,0
2384,25739,0
2385,23443,1836
2386,25739,0
2387,25739,0
2388,25739,0
2389,20597,4380
2390,24417,1036
2391,25739,0
2392,25739,0
2393,25739,0
2394,25739,0
2395,25739,0
2396,11331,16128
2397,25739,0
2398,25658,62
2399,25739,0
2400,25739,0
2401,25739,0
2402,25739,0
2403,25739,0
2404,25739,0
2405,25739,0
2406,22181,2924
2407,25739,0
2408,25739,0
2409,25739,0
2410,25739,0
2411,25692,36
2412,25504,180
2413,25739,0
2414,25739,0
2415,25739,0
2416,25739,0
2417,4165,35800
2418,25739,0
2419,25739,0
2420,25739,0
2421,25739,0
2422,25595,110
2423,25739,0
2424,25739,0
2425,25739,0
2426,25739,0
2427,25707,24
2428,25739,0
2429,25739,0
2430,22748,2428
2431,25739,0
2432,25739,0
2433,25692,36
2434,25739,0
2435,25739,0
2436,25739,0
2437,23002,2210
2438,25739,0
2439,25739,0
2440,25739,0
2441,25739,0
2442,25739,0
2443,24682,824
2444,25739,0
2445,25739,0
2446,25739,0
2447,25739,0
2448,25702,28
2449,25739,0
2450,25739,0
2451,25702,28
2452,25431,236
2453,25266,364
2454,25739,0
2455,11710,15480
2456,25739,0
2457,25739,0
2458,25739,0
2459,25739,0
2460,25707,24
2461,25739,0
2462,25639,76
2463,25739,0
2464,25676,48
2465,25707,24
2466,25739,0
2467,25739,0
2468,25739,0
2469,25739,0
2470,22122,2976
2471,25739,0
2472,25739,0
2473,24338,1100
2474,24846,694
2475,25739,0
2476,24057,1328
2477,25739,0
2478,24778,748
2479,25739,0
2480,25739,0
2481,25739,0
2482,25739,0
2483,25739,0
2484,25416,248
2485,24760,762
2486,25739,0
2487,23814,1528
2488,25739,0
2489,25681,44
2490,25739,0
2491,25739,0
2492,25739,0
2493,25739,0
2494,25739,0
2495,25739,0
2496,23527,1766
2497,24778,748
2498,25739,0
2499,25739,0
2500,25739,0
2501,25739,0
2502,25692,36
2503,25739,0
2504,22614,2544
2505,25739,0
2506,25739,0
2507,15216,10332
2508,24929,628
2509,25739,0
2510,25739,0
2511,25739,0
2512,25739,0
2513,25739,0
2514,25739,0
2515,24417,1036
2516,25739,0
2517,25739,0
2518,25739,0
2519,25739,0
2520,25707,24
2521,25739,0
2522,25739,0
2523,25739,0
2524,24557,924
2525,24377,1068
2526,25212,406
2527,23539,1756
2528,25739,0
2529,18522,6468
2530,25739,0
2531,25739,0
2532,25739,0
2533,21403,3626
2534,25739,0
2535,25739,0
2536,25739,0
2537,25739,0
2538,24278,1148
2539,25739,0
2540,25739,0
2541,24803,728
2542,25739,0
2543,25739,0
2544,25739,0
2545,25739,0
2546,25739,0
2547,25739,0
2548,25739,0
2549,25739,0
2550,25739,0
2551,25739,0
2552,23206,2036
2553,25739,0
2554,25739,0
2555,25739,0
2556,25739,0
2557,25739,0
2558,25739,0
2559,25739,0
2560,25739,0
2561,25739,0
2562,25739,0
2563,25739,0
2564,25739,0
2565,25739,0
2566,25739,0
2567,25739,0
2568,25739,0
2569,25739,0
2570,25739,0
2571,25739,0
2572,25739,0
2573,24387,1060
2574,25739,0
2575,23187,2052
2576,25739,0
2577,25739,0
2578,25692,36
2579,25665,56
2580,23517,1774
2581,25739,0
2582,25739,0
2583,25739,0
2584,25739,0
2585,25655,64
2586,25739,0
2587,25739,0
2588,25692,36
2589,25739,0
2590,25739,0
2591,25189,424
2592,25739,0
2593,25739,0
2594,25739,0
2595,25665,56
2596,25739,0
2597,25739,0
2598,25739,0
2599,25739,0
2600,25707,24
2601,25739,0
2602,25739,0
2603,20401,4568
2604,25739,0
2605,25739,0
2606,24884,664
2607,25739,0
2608,25739,0
2609,25739,0
2610,25739,0
2611,25174,436
2612,25707,24
2613,25739,0
2614,25739,0
2615,25739,0
2616,25739,0
2617,25739,0
2618,25739,0
2619,25739,0
2620,25707,24
2621,25261,368
2622,24557,924
2623,25739,0
2624,25739,0
2625,23501,1788
2626,25739,0
2627,25739,0
2628,25676,48
2629,25739,0
2630,25739,0
2631,25551,144
2632,25739,0
2633,25739,0
2634,25739,0
2635,25739,0
2636,25739,0
2637,25133,468
2638,25739,0
2639,25739,0
2640,25739,0
2641,25739,0
2642,25739,0
2643,25164,444
2644,24975,592
2645,25739,0
2646,25739,0
2647,25238,386
2648,25739,0
2649,24995,576
2650,25739,0
2651,25739,0
2652,25739,0
2653,25739,0
2654,25739,0
2655,6290,27696
2656,25739,0
2657,25739,0
2658,25739,0
2659,25739,0
2660,25739,0
2661,25739,0
2662,25739,0
2663,25702,28
2664,25692,36
2665,22073,3020
2666,25739,0
2667,25739,0
2668,25739,0
2669,25692,36
2670,25739,0
2671,25739,0
2672,25739,0
2673,25739,0
2674,25707,24
2675,25739,0
2676,25739,0
2677,25739,0
2678,25739,0
2679,25318,324
2680,25739,0
2681,25577,124
2682,24803,728
2683,25739,0
2684,25739,0
2685,25692,36
2686,24904,648
2687,22929,2272
2688,17752,7302
2689,25123,476
2690,25351,298
2691,25739,0
2692,25739,0
2693,25739,0
2694,25579,122
2695,25739,0
2696,25739,0
2697,25739,0
2698,23996,1378
2699,25739,0
2700,25739,0
2701,25739,0
2702,25739,0
2703,24557,924
2704,25739,0
2705,25739,0
2706,25739,0
2707,25739,0
2708,25739,0
2709,23940,1424
2710,24382,1064
2711,25318,324
2712,25739,0
2713,25739,0
2714,25739,0
2715,25739,0
2716,25739,0
2717,25739,0
2718,25739,0
2719,24929,628
2720,25739,0
2721,24929,628
2722,25739,0
2723,25739,0
2724,25481,198
2725,25739,0
2726,25739,0
2727,25739,0
2728,25739,0
2729,25739,0
2730,25525,164
2731,25702,28
2732,20232,4732
2733,25739,0
2734,25676,48
2735,25676,48
2736,25665,56
2737,25739,0
2738,25739,0
2739,25739,0
2740,24316,1118
2741,25634,80
2742,25739,0
2743,25739,0
2744,25739,0
2745,25739,0
2746,25739,0
2747,25739,0
2748,25665,56
2749,23886,1468
2750,25739,0
2751,23994,1380
2752,25739,0
2753,25739,0
2754,25739,0
2755,25739,0
2756,22957,2248
2757,25676,48
2758,25739,0
2759,25739,0
2760,25739,0
2761,25739,0
2762,25739,0
2763,25739,0
2764,25739,0
2765,25739,0
2766,25739,0
2767,24532,944
2768,22810,2374
2769,25739,0
2770,25739,0
2771,23587,1716
2772,25739,0
2773,24096,1296
2774,25739,0
2775,25739,0
2776,25739,0
2777,25739,0
2778,25692,36
2779,25739,0
2780,24967,598
2781,25739,0
2782,20993,4006
2783,25739,0
2784,25313,328
2785,25739,0
2786,25702,28
2787,25739,0
2788,24627,868
2789,25318,324
2790,25707,24
2791,25639,76
2792,25739,0
2793,25739,0
2794,25739,0
2795,25739,0
2796,25739,0
2797,25739,0
2798,25739,0
2799,25739,0
2800,25707,24
2801,25639,76
2802,25189,424
2803,25739,0
2804,25739,0
2805,25739,0
2806,25739,0
2807,25676,48
2808,25739,0
2809,25739,0
2810,25739,0
2811,25739,0
2812,20679,4302
2813,25739,0
2814,25739,0
2815,19800,5156
2816,22201,2906
2817,25702,28
2818,25739,0
2819,25184,428
2820,25739,0
2821,18005,7024
2822,25739,0
2823,25739,0
2824,25739,0
2825,24246,1174
2826,22957,2248
2827,25739,0
2828,25739,0
2829,20757,4228
2830,25739,0
2831,25739,0
2832,25739,0
2833,25739,0
2834,25739,0
2835,25739,0
2836,25739,0
2837,25739,0
2838,24370,1074
2839,25527,162
2840,25739,0
2841,25739,0
2842,25739,0
2843,25739,0
2844,25739,0
2845,25739,0
2846,25739,0
2847,25639,76
2848,25739,0
2849,25739,0
2850,25739,0
2851,25739,0
2852,25739,0
2853,7043,25474
2854,25639,76
2855,14537,11230
2856,25739,0
2857,25739,0
2858,25739,0
2859,25739,0
2860,25624,88
2861,25739,0
2862,25739,0
2863,25739,0
2864,25739,0
2865,25739,0
2866,25739,0
2867,25739,0
2868,25707,24
2869,25739,0
2870,25739,0
2871,21109,3898
2872,25739,0
2873,25739,0
2874,25739,0
2875,25062,524
2876,25739,0
2877,25739,0
2878,25739,0
2879,25739,0
2880,24160,1244
2881,25739,0
2882,25739,0
2883,25739,0
2884,25613,96
2885,25739,0
2886,25739,0
2887,25739,0
2888,22281,2836
2889,24353,1088
2890,25739,0
2891,25739,0
2892,10710,17236
2893,25739,0
2894,25739,0
2895,25739,0
2896,24123,1274
2897,25707,24
2898,25676,48
2899,25739,0
2900,25650,68
2901,25739,0
2902,25676,48
2903,25739,0
2904,25739,0
2905,25739,0
2906,25739,0
2907,25739,0
2908,25739,0
2909,25739,0
2910,25739,0
2911,21089,3916
2912,25739,0
2913,25739,0
2914,22962,2244
2915,25707,24
2916,25739,0
2917,25739,0
2918,25639,76
2919,25739,0
2920,25739,0
2921,25642,74
2922,25739,0
2923,25739,0
2924,14337,11502
2925,25739,0
2926,25707,24
2927,25739,0
2928,25739,0
2929,25739,0
2930,25739,0
2931,1557,55146
2932,25665,56
2933,25287,348
2934,25739,0
2935,25739,0
2936,25739,0
2937,25739,0
2938,25739,0
2939,25739,0
2940,25739,0
2941,25739,0
2942,25739,0
2943,25739,0
2944,25739,0
2945,25739,0
2946,25739,0
2947,25739,0
2948,25739,0
2949,24589,898
2950,25655,64
2951,25613,96
2952,25739,0
2953,25739,0
2954,20865,4126
2955,21431,3600
2956,25676,48
2957,25739,0
2958,25739,0
2959,25739,0
2960,25739,0
2961,25739,0
2962,25739,0
2963,25739,0
2964,25739,0
2965,25739,0
2966,22575,2578
2967,25739,0
2968,25739,0
2969,25739,0
2970,25739,0
2971,25739,0
2972,25739,0
2973,25739,0
2974,25559,138
2975,25739,0
2976,25739,0
2977,25658,62
2978,23996,1378
2979,25739,0
2980,25739,0
2981,22181,2924
2982,25739,0
2983,25238,386
2984,25739,0
2985,25739,0
2986,25739,0
2987,23852,1496
2988,25739,0
2989,25739,0
2990,25592,112
2991,25739,0
2992,25739,0
2993,24079,1310
2994,23362,1904
2995,25341,306
2996,25739,0
2997,25739,0
2998,25739,0
2999,25739,0
3000,25739,0
3001,24023,1356
3002,25739,0
3003,25739,0
3004,25739,0
3005,25739,0
3006,25739,0
3007,25739,0
3008,25707,24
3009,25739,0
3010,24652,848
3011,24681,825
3012,25739,0
3013,25739,0
3014,19264,5696
3015,25739,0
3016,25739,0
3017,25739,0
3018,25577,124
3019,25739,0
3020,25739,0
3021,17001,8152
3022,22908,2290
3023,8449,21896
3024,25739,0
3025,25634,80
3026,25739,0
3027,22145,2956
3028,543,75860
3029,25739,0
3030,25739,0
3031,25739,0
3032,25739,0
3033,25739,0
3034,25739,0
3035,25739,0
3036,24397,1052
3037,25702,28
3038,25702,28
3039,25739,0
3040,22637,2524
3041,25739,0
3042,25739,0
3043,25739,0
3044,25189,424
3045,6988,25628
3046,25739,0
3047,25739,0
3048,25692,36
3049,24170,1236
3050,25739,0
3051,11356,16084
3052,25739,0
3053,25739,0
3054,20255,4710
3055,25739,0
3056,25739,0
3057,25739,0
3058,25702,28
3059,25739,0
3060,25739,0
3061,24527,948
3062,25739,0
3063,25062,524
3064,23251,1998
3065,25739,0
3066,25739,0
3067,25603,104
3068,25739,0
3069,25739,0
3070,25739,0
3071,23384,1886
3072,25416,248
3073,24780,746
3074,25535,156
3075,25739,0
3076,25739,0
3077,23935,1428
3078,25739,0
3079,25739,0
3080,25031,548
3081,25739,0
3082,25603,104
3083,25739,0
3084,25702,28
3085,14388,11432
3086,25739,0
3087,25739,0
3088,25739,0
3089,25707,24
3090,25739,0
3091,25739,0
3092,25739,0
3093,19594,5362
3094,25739,0
3095,25739,0
3096,25739,0
3097,25634,80
3098,24727,788
3099,24442,1016
3100,25739,0
3101,23041,2176
3102,23758,1574
3103,25739,0
3104,25739,0
3105,25739,0
3106,25739,0
3107,25739,0
3108,25739,0
3109,25739,0
3110,25739,0
3111,25739,0
3112,25739,0
3113,25739,0
3114,25739,0
3115,24385,1062
3116,23220,2024
3117,25739,0
3118,24333,1104
3119,25739,0
3120,25739,0
3121,25739,0
3122,25739,0
3123,25739,0
3124,25739,0
3125,25707,24
3126,25739,0
3127,25739,0
3128,23401,1872
3129,25739,0
3130,25062,524
3131,25739,0
3132,25707,24
3133,25739,0
3134,25739,0
3135,25739,0
3136,23549,1748
3137,24773,752
3138,25739,0
3139,25739,0
3140,25739,0
3141,25739,0
3142,25739,0
3143,24904,648
3144,25739,0
3145,24432,1024
3146,25739,0
3147,25676,48
3148,25739,0
3149,157,100274
3150,25739,0
3151,25739,0
3152,25739,0
3153,24975,592
3154,25739,0
3155,22290,2828
3156,25739,0
3157,25739,0
3158,24180,1228
3159,25739,0
3160,25739,0
3161,25739,0
3162,25676,48
3163,25739,0
3164,25739,0
3165,25739,0
3166,25739,0
3167,25739,0
3168,25739,0
3169,25739,0
3170,25739,0
3171,25739,0
3172,25739,0
3173,24519,954
3174,18526,6464
3175,2020,50028
3176,25739,0
3177,25739,0
3178,25739,0
3179,25739,0
3180,25031,548
3181,25629,84
3182,17668,7396
3183,25739,0
3184,25739,0
3185,25739,0
3186,25739,0
3187,25189,424
3188,25739,0
3189,24972,594
3190,25739,0
3191,25739,0
3192,25603,104
3193,25739,0
3194,25739,0
3195,25739,0
3196,25739,0
3197,25159,448
3198,19512,5444
3199,24111,1284
3200,25739,0
3201,25707,24
3202,25739,0
3203,25739,0
3204,20499,4474
3205,22957,2248
3206,25739,0
3207,24778,748
3208,25739,0
3209,25739,0
3210,25739,0
3211,24432,1024
3212,25739,0
3213,25739,0
3214,25739,0
3215,25739,0
3216,25739,0
3217,25739,0
3218,25739,0
3219,23166,2070
3220,25739,0
3221,20721,4262
3222,23027,2188
3223,18991,5976
3224,25739,0
3225,25702,28
3226,25739,0
3227,25739,0
3228,25739,0
3229,20762,4224
3230,25021,556
3231,25639,76
3232,25739,0
3233,25739,0
3234,25739,0
3235,25739,0
3236,25739,0
3237,24682,824
3238,25739,0
3239,25739,0
3240,25739,0
3241,24589,898
3242,21379,3648
3243,22504,2640
3244,25739,0
3245,25629,84
3246,25159,448
3247,25739,0
3248,25739,0
3249,25739,0
3250,25739,0
3251,25431,236
3252,25739,0
3253,25287,348
3254,25739,0
3255,25739,0
3256,25739,0
3257,21305,3716
3258,25739,0
3259,17532,7548
3260,25739,0
3261,25566,132
3262,25739,0
3263,25739,0
3264,22408,2724
3265,25739,0
3266,25739,0
3267,25739,0
3268,25739,0
3269,25739,0
3270,25189,424
3271,25739,0
3272,25676,48
3273,25739,0
3274,25739,0
3275,25739,0
3276,25739,0
3277,25739,0
3278,25629,84
3279,25739,0
3280,25739,0
3281,25676,48
3282,25739,0
3283,25095,498
3284,25739,0
3285,25739,0
3286,25707,24
3287,25739,0
3288,24642,856
3289,25739,0
3290,25739,0
3291,24303,1128
3292,25739,0
3293,25739,0
3294,25739,0
3295,25707,24
3296,25739,0
3297,25739,0
3298,25739,0
3299,25739,0
3300,25739,0
3301,23758,1574
3302,21997,3088
3303,25739,0
3304,25739,0
3305,25739,0
3306,25739,0
3307,25702,28
3308,20800,4188
3309,25739,0
3310,25739,0
3311,25739,0
3312,24524,950
3313,25739,0
3314,25739,0
3315,25739,0
3316,25739,0
3317,25739,0
3318,22383,2746
3319,25739,0
3320,25739,0
3321,25739,0
3322,25739,0
3323,25739,0
3324,19606,5350
3325,25592,112
3326,25739,0
3327,25739,0
3328,25739,0
3329,25739,0
3330,25739,0
3331,25739,0
3332,25739,0
3333,25739,0
3334,25739,0
3335,25676,48
3336,25739,0
3337,25739,0
3338,25739,0
3339,25739,0
3340,1982,50398
3341,25739,0
3342,25702,28
3343,25254,374
3344,25739,0
3345,25739,0
3346,25665,56
3347,25739,0
3348,25739,0
3349,25739,0
3350,25739,0
3351,25739,0
3352,25739,0
3353,25739,0
3354,25739,0
3355,25739,0
3356,25739,0
3357,22605,2552
3358,25739,0
3359,25739,0
3360,25676,48
3361,25739,0
3362,25739,0
3363,25739,0
3364,25739,0
3365,25739,0
3366,18409,6588
3367,7873,23284
3368,25739,0
3369,25739,0
3370,25739,0
3371,25739,0
3372,25739,0
3373,25739,0
3374,25739,0
3375,22658,2506
3376,25739,0
3377,25739,0
3378,25739,0
3379,25739,0
3380,25318,324
3381,23818,1524
3382,25739,0
3383,25707,24
3384,25739,0
3385,25739,0
3386,25739,0
3387,25577,124
3388,24587,900
3389,25739,0
3390,25739,0
3391,25739,0
3392,25739,0
3393,25739,0
3394,25739,0
3395,24507,964
3396,25702,28
3397,25739,0
3398,25702,28
3399,23979,1392
3400,25315,326
3401,25739,0
3402,25739,0
3403,25739,0
3404,25739,0
3405,25671,52
3406,25739,0
3407,25676,48
3408,24934,624
3409,25739,0
3410,25739,0
3411,25187,426
3412,25655,64
3413,24432,1024
3414,25062,524
3415,25676,48
3416,25739,0
3417,25739,0
3418,23758,1574
3419,25739,0
3420,25739,0
3421,25739,0
3422,25739,0
3423,25739,0
3424,25739,0
3425,25739,0
3426,24308,1124
3427,25739,0
3428,25707,24
3429,25702,28
3430,25739,0
3431,25739,0
3432,15029,10576
3433,25739,0
3434,23563,1736
3435,25739,0
3436,25739,0
3437,25739,0
3438,25739,0
3439,25739,0
3440,25739,0
3441,25739,0
3442,25739,0
3443,25739,0
3444,24803,728
3445,25739,0
3446,25739,0
3447,25069,518
3448,25739,0
3449,25739,0
3450,25739,0
3451,25739,0
3452,25739,0
3453,25739,0
3454,25739,0
3455,25739,0
3456,7453,24362
3457,25739,0
3458,25739,0
3459,24552,928
3460,25739,0
3461,25739,0
3462,25739,0
3463,25739,0
3464,25739,0
3465,25676,48
3466,25739,0
3467,25739,0
3468,25739,0
3469,25739,0
3470,25739,0
3471,25739,0
3472,22586,2568
3473,25739,0
3474,25739,0
3475,25739,0
3476,25739,0
3477,25707,24
3478,25739,0
3479,25739,0
3480,25739,0
3481,25739,0
3482,25639,76
3483,25739,0
3484,25739,0
3485,25587,116
3486,25739,0
3487,25739,0
3488,15155,10412
3489,25707,24
3490,25739,0
3491,25739,0
3492,21453,3580
3493,23589,1714
3494,25707,24
3495,23935,1428
3496,25739,0
3497,25739,0
3498,25739,0
3499,25166,442
3500,22315,2806
3501,25739,0
3502,25592,112
3503,25739,0
3504,25739,0
3505,25739,0
3506,25739,0
3507,25739,0
3508,25739,0
3509,25739,0
3510,25739,0
3511,14963,10662
3512,25739,0
3513,25739,0
3514,25739,0
3515,21992,3092
3516,25739,0
3517,25318,324
3518,24499,970
3519,25739,0
3520,25739,0
3521,25739,0
3522,25442,228
3523,25739,0
3524,25739,0
3525,25351,298
3526,25671,52
3527,25739,0
3528,25739,0
3529,25739,0
3530,25739,0
3531,25739,0
3532,25739,0
3533,21697,3358
3534,22499,2644
3535,25702,28
3536,25739,0
3537,24517,956
3538,25739,0
3539,25676,48
3540,25739,0
3541,25739,0
3542,25739,0
3543,25739,0
3544,25739,0
3545,25739,0
3546,25739,0
3547,24778,748
3548,25739,0
3549,25707,24
3550,25739,0
3551,25739,0
3552,25739,0
3553,24622,872
3554,23592,1712
3555,25739,0
3556,25739,0
3557,25702,28
3558,25739,0
3559,25739,0
3560,25739,0
3561,25174,436
3562,24752,768
3563,25739,0
3564,25739,0
3565,25739,0
3566,25739,0
3567,25739,0
3568,25739,0
3569,24657,844
3570,25692,36
3571,25739,0
3572,25739,0
3573,25676,48
3574,24904,648
3575,25739,0
3576,25739,0
3577,25739,0
3578,25159,448
3579,25739,0
3580,25739,0
3581,25192,422
3582,25739,0
3583,25739,0
3584,25707,24
3585,17985,7046
3586,25739,0
3587,25739,0
3588,25739,0
3589,25702,28
3590,25739,0
3591,20416,4554
3592,23225,2020
3593,25739,0
3594,25739,0
3595,25739,0
3596,25739,0
3597,25707,24
3598,25739,0
3599,25021,556
3600,25739,0
3601,25739,0
3602,25739,0
3603,25739,0
3604,25739,0
3605,25739,0
3606,25707,24
3607,25739,0
3608,23994,1380
3609,25739,0
3610,25431,236
3611,25739,0
3612,25739,0
3613,25739,0
3614,25739,0
3615,25739,0
3616,25739,0
3617,25739,0
3618,22415,2718
3619,25739,0
3620,25692,36
3621,25739,0
3622,24624,870
3623,25739,0
3624,25739,0
3625,25739,0
3626,25739,0
3627,24358,1084
3628,25739,0
3629,25739,0
3630,25739,0
3631,25739,0
3632,25739,0
3633,25707,24
3634,25189,424
3635,25739,0
3636,25739,0
3637,25739,0
3638,25739,0
3639,25739,0
3640,25739,0
3641,25702,28
3642,25739,0
3643,17305,7804
3644,25739,0
3645,25739,0
3646,25739,0
3647,25739,0
3648,25287,348
3649,25739,0
3650,25739,0
3651,25739,0
3652,24677,828
3653,25739,0
3654,25739,0
3655,25739,0
3656,25739,0
3657,25739,0
3658,25739,0
3659,25739,0
3660,25739,0
3661,25739,0
3662,25739,0
3663,25739,0
3664,25739,0
3665,25739,0
3666,25739,0
3667,25739,0
3668,25739,0
3669,25739,0
3670,24659,842
3671,25739,0
3672,24642,856
3673,25739,0
3674,24589,898
3675,25739,0
3676,25739,0
3677,25739,0
3678,24808,724
3679,25739,0
3680,25739,0
3681,25707,24
3682,23339,1924
3683,25739,0
3684,25739,0
3685,25655,64
3686,22495,2648
3687,25676,48
3688,25739,0
3689,25739,0
3690,25739,0
3691,24752,768
3692,25739,0
3693,23698,1624
3694,25739,0
3695,25739,0
3696,25739,0
3697,25739,0
3698,25739,0
3699,25739,0
3700,25577,124
3701,25702,28
3702,25164,444
3703,25739,0
3704,21930,3148
3705,25702,28
3706,25739,0
3707,25739,0
3708,24308,1124
3709,25551,144
3710,25739,0
3711,25739,0
3712,25739,0
3713,25739,0
3714,25739,0
3715,25739,0
3716,25739,0
3717,25739,0
3718,25739,0
3719,25739,0
3720,25739,0
3721,24803,728
3722,25739,0
3723,25739,0
3724,25739,0
3725,25739,0
3726,25739,0
3727,25739,0
3728,24552,928
3729,25739,0
3730,25739,0
3731,25739,0
3732,25739,0
3733,25739,0
3734,25739,0
3735,3839,37404
3736,24975,592
3737,25739,0
3738,8977,20704
3739,25739,0
3740,25499,184
3741,25739,0
3742,25739,0
3743,19784,5172
3744,25739,0
3745,23930,1432
3746,25739,0
3747,25739,0
3748,25739,0
3749,25739,0
3750,25739,0
3751,25739,0
3752,25553,142
3753,25739,0
3754,25739,0
3755,24707,804
3756,6898,25882
3757,23458,1824
3758,25739,0
3759,25739,0
3760,25739,0
3761,25707,24
3762,25739,0
3763,25739,0
3764,25739,0
3765,25739,0
3766,21549,3492
3767,25739,0
3768,25159,448
3769,25739,0
3770,25739,0
3771,25739,0
3772,25707,24
3773,25739,0
3774,25739,0
3775,25739,0
3776,25739,0
3777,25739,0
3778,25739,0
3779,25739,0
3780,25739,0
3781,25676,48
3782,25739,0
3783,25739,0
3784,25665,56
3785,25739,0
3786,25739,0
3787,25739,0
3788,25318,324
3789,25739,0
3790,25702,28
3791,25739,0
3792,20936,4060
3793,25739,0
3794,25671,52
3795,25739,0
3796,25739,0
3797,25739,0
3798,25739,0
3799,25739,0
3800,25739,0
3801,20644,4336
3802,25739,0
3803,25739,0
3804,15282,10248
3805,25739,0
3806,25739,0
3807,25739,0
3808,25739,0
3809,25702,28
3810,25739,0
3811,25739,0
3812,25739,0
3813,24370,1074
3814,25739,0
3815,25739,0
3816,25739,0
3817,25707,24
3818,25739,0
3819,25692,36
3820,25739,0
3821,19323,5636
3822,25739,0
3823,25739,0
3824,25739,0
3825,22642,2520
3826,24767,756
3827,25739,0
3828,25676,48
3829,25739,0
3830,25739,0
3831,25739,0
3832,25739,0
3833,25739,0
3834,25739,0
3835,25739,0
3836,25739,0
3837,25739,0
3838,25739,0
3839,25739,0
3840,25739,0
3841,25676,48
3842,25739,0
3843,25739,0
3844,25739,0
3845,25739,0
3846,25739,0
3847,21449,3584
3848,25739,0
3849,25739,0
3850,25739,0
3851,25739,0
3852,25739,0
3853,25739,0
3854,25739,0
3855,25739,0
3856,25739,0
3857,25707,24
3858,23051,2168
3859,25739,0
3860,25739,0
3861,25739,0
3862,25739,0
3863,25739,0
3864,24937,622
3865,25739,0
3866,25739,0
3867,25739,0
3868,25739,0
3869,25739,0
3870,24793,736
3871,25739,0
3872,25739,0
3873,25739,0
3874,25739,0
3875,25739,0
3876,25739,0
3877,25739,0
3878,25739,0
3879,19051,5914
3880,25707,24
3881,25739,0
3882,25739,0
3883,25184,428
3884,25189,424
3885,25739,0
3886,25739,0
3887,25739,0
3888,25739,0
3889,25739,0
3890,25739,0
3891,25739,0
3892,24909,644
3893,25707,24
3894,18926,6044
3895,25413,250
3896,18160,6856
3897,25739,0
3898,25739,0
3899,24062,1324
3900,25702,28
3901,25739,0
3902,25739,0
3903,25739,0
3904,25739,0
3905,25707,24
3906,25739,0
3907,25739,0
3908,25739,0
3909,25351,298
3910,25739,0
3911,25739,0
3912,25739,0
3913,25739,0
3914,25739,0
3915,25739,0
3916,25707,24
3917,22727,2446
3918,23422,1854
3919,25739,0
3920,25739,0
3921,25739,0
3922,25739,0
3923,25739,0
3924,25739,0
3925,25739,0
3926,25739,0
3927,25473,204
3928,25739,0
3929,25739,0
3930,25546,148
3931,25739,0
3932,25739,0
3933,25618,92
3934,7024,25528
3935,25739,0
3936,25739,0
3937,25739,0
3938,25739,0
3939,25739,0
3940,25739,0
3941,25739,0
3942,25644,72
3943,24170,1236
3944,24929,628
3945,25692,36
3946,23339,1924
3947,25739,0
3948,25739,0
3949,25739,0
3950,25062,524
3951,25739,0
3952,25739,0
3953,24793,736
3954,25408,254
3955,25739,0
3956,25739,0
3957,25739,0
3958,25739,0
3959,25739,0
3960,22249,2864
3961,25739,0
3962,25739,0
3963,25692,36
3964,25739,0
3965,25739,0
3966,25739,0
3967,25692,36
3968,24778,748
3969,25739,0
3970,25739,0
3971,25739,0
3972,25739,0
3973,25739,0
3974,25739,0
3975,25739,0
3976,25739,0
3977,25665,56
3978,22181,2924
3979,25739,0
3980,25739,0
3981,25707,24
3982,25739,0
3983,25739,0
3984,25739,0
3985,25739,0
3986,25739,0
3987,25739,0
3988,25739,0
3989,14845,10818
3990,25739,0
3991,25618,92
3992,25739,0
3993,25739,0
3994,25739,0
3995,24552,928
3996,25739,0
3997,25739,0
3998,25739,0
3999,25238,386
4000,25739,0
4001,25739,0
4002,13998,11972
4003,25739,0
4004,24823,712
4005,25739,0
4006,25707,24
4007,25739,0
4008,25739,0
4009,25739,0
4010,25739,0
4011,25739,0
4012,25739,0
4013,25739,0
4014,25739,0
4015,25739,0
4016,24803,728
4017,25739,0
4018,25739,0
4019,17375,7724
4020,25739,0
4021,25739,0
4022,25739,0
4023,25739,0
4024,25546,148
4025,25739,0
4026,25707,24
4027,25739,0
4028,25739,0
4029,24261,1162
4030,25739,0
4031,25739,0
4032,25406,256
4033,25739,0
4034,25739,0
4035,25046,536
4036,25644,72
4037,24552,928
4038,25739,0
4039,25739,0
4040,25739,0
4041,25739,0
4042,25739,0
4043,25739,0
4044,25739,0
4045,25739,0
4046,7206,25024
4047,24965,600
4048,25739,0
4049,25739,0
4050,23940,1424
4051,25739,0
4052,25739,0
4053,25739,0
4054,25382,274
4055,25739,0
4056,25739,0
4057,25739,0
4058,25739,0
4059,25447,224
4060,24803,728
4061,25739,0
4062,25739,0
4063,25739,0
4064,25739,0
4065,25676,48
4066,25600,106
4067,25739,0
4068,25739,0
4069,25739,0
4070,25739,0
4071,25739,0
4072,25739,0
4073,23192,2048
4074,25133,468
4075,25739,0
4076,23372,1896
4077,25739,0
4078,25739,0
4079,25739,0
4080,25739,0
4081,25739,0
4082,24464,998
4083,25739,0
4084,25739,0
4085,25739,0
4086,25739,0
4087,25739,0
4088,6060,28428
4089,25184,428
4090,25739,0
4091,25739,0
4092,25739,0
4093,25676,48
4094,25739,0
4095,23814,1528
4096,25739,0
4097,25739,0
4098,25707,24
4099,22637,2524
4100,25739,0
4101,25739,0
4102,25739,0
4103,25739,0
4104,21965,3116
4105,25739,0
4106,25739,0
4107,25739,0
4108,25739,0
4109,11884,15190
4110,25739,0
4111,25739,0
4112,25739,0
4113,25739,0
4114,25739,0
4115,22697,2472
4116,25702,28
4117,25739,0
4118,25739,0
4119,25739,0
4120,25739,0
4121,25739,0
4122,25739,0
4123,25031,548
4124,25739,0
4125,19441,5516
4126,25739,0
4127,25739,0
4128,25739,0
4129,21858,3212
4130,25739,0
4131,24131,1268
4132,22892,2304
4133,25739,0
4134,25739,0
4135,22672,2494
4136,25739,0
4137,25739,0
4138,25056,528
4139,25692,36
4140,25739,0
4141,25739,0
4142,23972,1398
4143,25739,0
4144,25739,0
4145,25739,0
4146,23637,1674
4147,25739,0
4148,25739,0
4149,25739,0
4150,25739,0
4151,15417,10074
4152,25739,0
4153,24752,768
4154,25739,0
4155,25739,0
4156,25739,0
4157,25739,0
4158,25739,0
4159,25739,0
4160,25739,0
4161,25739,0
4162,25739,0
4163,25739,0
4164,25707,24
4165,25739,0
4166,25739,0
4167,15331,10184
4168,25739,0
4169,25739,0
4170,25739,0
4171,25739,0
4172,25739,0
4173,25739,0
4174,25739,0
4175,25739,0
4176,25739,0
4177,25739,0
4178,25739,0
4179,25739,0
4180,25739,0
4181,25739,0
4182,25739,0
4183,25739,0
4184,25739,0
4185,25739,0
4186,25739,0
4187,25739,0
4188,25739,0
4189,25739,0
4190,25739,0
4191,25707,24
4192,25739,0
4193,25739,0
4194,25739,0
4195,25739,0
4196,25739,0
4197,25739,0
4198,25739,0
4199,25739,0
4200,25739,0
4201,25739,0
4202,25707,24
4203,25507,178
4204,25739,0
4205,25739,0
4206,25739,0
4207,25739,0
4208,25318,324
4209,25739,0
4210,25739,0
4211,25184,428
4212,25707,24
4213,25739,0
4214,25739,0
4215,25739,0
4216,25739,0
4217,25739,0
4218,25739,0
4219,25707,24
4220,23039,2178
4221,25447,224
4222,24866,678
4223,25739,0
4224,25739,0
4225,22990,2220
4226,25739,0
4227,25739,0
4228,25692,36
4229,25739,0
4230,1532,55456
4231,23935,1428
4232,25739,0
4233,25739,0
4234,25739,0
4235,25739,0
4236,25739,0
4237,23256,1994
4238,25739,0
4239,25739,0
4240,24094,1298
4241,25739,0
4242,25739,0
4243,25739,0
4244,25739,0
4245,25739,0
4246,25739,0
4247,25739,0
4248,23405,1868
4249,21567,3476
4250,25447,224
4251,20734,4250
4252,24904,648
4253,25613,96
4254,25739,0
4255,18400,6598
4256,25739,0
4257,25739,0
4258,25739,0
4259,25739,0
4260,25739,0
4261,25707,24
4262,25739,0
4263,25739,0
4264,25739,0
4265,23661,1654
4266,25592,112
4267,25164,444
4268,25739,0
4269,25642,74
4270,25676,48
4271,25739,0
4272,25739,0
4273,25739,0
4274,25739,0
4275,25739,0
4276,25739,0
4277,24185,1224
4278,25739,0
4279,25702,28
4280,6855,26006
4281,24504,966
4282,25658,62
4283,25739,0
4284,25658,62
4285,25021,556
4286,25739,0
4287,25739,0
4288,25318,324
4289,25739,0
4290,25739,0
4291,25739,0
4292,25739,0
4293,25739,0
4294,23633,1678
4295,25739,0
4296,20749,4236
4297,25739,0
4298,25416,248
4299,25499,184
4300,24692,816
4301,25739,0
4302,25739,0
4303,25739,0
4304,25164,444
4305,25739,0
4306,25739,0
4307,25739,0
4308,25600,106
4309,25739,0
4310,24642,856
4311,25739,0
4312,25739,0
4313,25739,0
4314,25739,0
4315,25707,24
4316,25739,0
4317,21545,3496
4318,25739,0
4319,25739,0
4320,25739,0
4321,25707,24
4322,25577,124
4323,6277,27738
4324,25739,0
4325,25739,0
4326,25739,0
4327,25642,74
4328,25707,24
4329,25739,0
4330,25707,24
4331,25739,0
4332,25739,0
4333,25671,52
4334,25739,0
4335,25702,28
4336,25189,424
4337,25739,0
4338,1,111916
4339,25739,0
4340,25739,0
4341,25739,0
4342,25739,0
4343,24303,1128
4344,25739,0
4345,25739,0
4346,25692,36
4347,25739,0
4348,25739,0
4349,6831,26076
4350,25739,0
4351,25707,24
4352,25613,96
4353,25189,424
4354,25512,174
4355,25739,0
4356,25739,0
4357,1278,59024
4358,25739,0
4359,25739,0
4360,25095,498
4361,25739,0
4362,25739,0
4363,25739,0
4364,25739,0
4365,25739,0
4366,24256,1166
4367,25739,0
4368,25739,0
4369,25739,0
4370,25739,0
4371,25739,0
4372,25739,0
4373,25739,0
4374,25238,386
4375,25739,0
4376,16458,8790
4377,25739,0
4378,25739,0
4379,25488,192
4380,25739,0
4381,25739,0
4382,25739,0
4383,24562,920
4384,25056,528
4385,25739,0
4386,25739,0
4387,25739,0
4388,25739,0
4389,25739,0
4390,25739,0
4391,24239,1180
4392,25739,0
4393,25739,0
4394,25739,0
4395,25739,0
4396,25739,0
4397,25739,0
4398,25702,28
4399,25739,0
4400,25739,0
4401,25739,0
4402,25739,0
4403,25739,0
4404,25739,0
4405,25380,276
4406,25739,0
4407,25739,0
4408,25739,0
4409,25739,0
4410,25676,48
4411,19295,5664
4412,22226,2884
4413,25739,0
4414,25692,36
4415,25613,96
4416,25739,0
4417,25707,24
4418,25702,28
4419,25739,0
4420,25739,0
4421,24472,992
4422,25739,0
4423,25739,0
4424,25739,0
4425,25739,0
4426,24674,830
4427,25739,0
4428,23453,1828
4429,25739,0
4430,25739,0
4431,25739,0
4432,25189,424
4433,25739,0
4434,25739,0
4435,25739,0
4436,24057,1328
4437,25739,0
4438,25739,0
4439,21188,3824
4440,25739,0
4441,25739,0
4442,25739,0
4443,25739,0
4444,25739,0
4445,22015,3072
4446,25739,0
4447,25739,0
4448,25739,0
4449,24667,836
4450,22852,2338
4451,25739,0
4452,25739,0
4453,25739,0
4454,25739,0
4455,25739,0
4456,25739,0
4457,1,610082
4458,24998,574
4459,25739,0
4460,25739,0
4461,25739,0
4462,25739,0
4463,25739,0
4464,18901,6070
4465,25739,0
4466,25739,0
4467,25739,0
4468,25739,0
4469,22785,2396
4470,25377,278
4471,25739,0
4472,25739,0
4473,25739,0
4474,25739,0
4475,25739,0
4476,25739,0
4477,25739,0
4478,25739,0
4479,25739,0
4480,25739,0
4481,24622,872
4482,25739,0
4483,25739,0
4484,25739,0
4485,25739,0
4486,25739,0
4487,22015,3072
4488,25739,0
4489,25739,0
4490,25739,0
4491,24970,596
4492,25707,24
4493,19115,5848
4494,25739,0
4495,24246,1174
4496,25739,0
4497,25739,0
4498,23659,1656
4499,25739,0
4500,25739,0
4501,25739,0
4502,25739,0
4503,25739,0
4504,24025,1354
4505,22080,3014
4506,25739,0
4507,25702,28
4508,25739,0
4509,25739,0
4510,25739,0
4511,25739,0
4512,25739,0
4513,25739,0
4514,25087,504
4515,25739,0
4516,19804,5152
4517,25739,0
4518,25692,36
4519,25739,0
4520,25739,0
4521,25739,0
4522,25739,0
4523,24874,672
4524,24856,686
4525,25739,0
4526,25739,0
4527,25739,0
4528,25739,0
4529,9687,19208
4530,25577,124
4531,25159,448
4532,25739,0
4533,25739,0
4534,23758,1574
4535,25739,0
4536,25707,24
4537,25739,0
4538,25739,0
4539,24967,598
4540,25739,0
4541,1437,56724
4542,25702,28
4543,25739,0
4544,25447,224
4545,23889,1466
4546,25739,0
4547,25644,72
4548,25739,0
4549,25739,0
4550,25739,0
4551,25739,0
4552,25739,0
4553,25707,24
4554,25739,0
4555,25739,0
4556,25739,0
4557,25739,0
4558,25739,0
4559,25739,0
4560,16519,8718
4561,25739,0
4562,25739,0
4563,25739,0
4564,21514,3524
4565,25739,0
4566,25739,0
4567,25739,0
4568,25739,0
4569,25535,156
4570,25739,0
4571,25447,224
4572,25739,0
4573,24358,1084
4574,18914,6056
4575,25739,0
4576,22522,2624
4577,25739,0
4578,25739,0
4579,25739,0
4580,25095,498
4581,23268,1984
4582,23789,1548
4583,25739,0
4584,25739,0
4585,25739,0
4586,25739,0
4587,25739,0
4588,19532,5424
4589,25248,378
4590,25739,0
4591,25739,0
4592,25739,0
4593,25739,0
4594,24123,1274
4595,25046,536
4596,25739,0
4597,25739,0
4598,25739,0
4599,25189,424
4600,25671,52
4601,25739,0
4602,23789,1548
4603,24033,1348
4604,25611,98
4605,25739,0
4606,25739,0
4607,24652,848
4608,25739,0
4609,25676,48
4610,15151,10416
4611,22785,2396
4612,25739,0
4613,23903,1454
4614,25739,0
4615,25739,0
4616,25702,28
4617,20092,4868
4618,25707,24
4619,22075,3018
4620,19197,5764
4621,24001,1374
4622,25739,0
4623,25254,374
4624,25739,0
4625,25739,0
4626,25540,152
4627,25739,0
4628,24934,624
4629,25739,0
4630,25739,0
4631,25739,0
4632,25739,0
4633,25056,528
4634,25739,0
4635,25739,0
4636,25739,0
4637,24057,1328
4638,25739,0
4639,25739,0
4640,25739,0
4641,25739,0
4642,25056,528
4643,25739,0
4644,24934,624
4645,25739,0
4646,25739,0
4647,25676,48
4648,25739,0
4649,25739,0
4650,25739,0
4651,25739,0
4652,25739,0
4653,25739,0
4654,25739,0
4655,24934,624
4656,25739,0
4657,19158,5804
4658,25739,0
4659,25739,0
4660,25739,0
4661,25739,0
4662,25739,0
4663,25739,0
4664,25739,0
4665,25739,0
4666,25739,0
4667,24432,1024
4668,24427,1028
4669,25739,0
4670,25739,0
4671,23460,1822
4672,24934,624
4673,25739,0
4674,25739,0
4675,25739,0
4676,14933,10702
4677,25739,0
4678,25739,0
4679,25739,0
4680,25739,0
4681,25739,0
4682,25739,0
4683,25739,0
4684,25133,468
4685,25739,0
4686,25707,24
4687,25739,0
4688,25739,0
4689,25739,0
4690,25739,0
4691,25739,0
4692,25739,0
4693,25739,0
4694,25739,0
4695,25739,0
4696,25702,28
4697,25739,0
4698,25707,24
4699,25739,0
4700,25739,0
4701,24308,1124
4702,25739,0
4703,25739,0
4704,25739,0
4705,25739,0
4706,25739,0
4707,25442,228
4708,25739,0
4709,25739,0
4710,25739,0
4711,25739,0
4712,24710,802
4713,25739,0
4714,25739,0
4715,25442,228
4716,25739,0
4717,25739,0
4718,25243,382
4719,25739,0
4720,25739,0
4721,25739,0
4722,25739,0
4723,24695,814
4724,24627,868
4725,25739,0
4726,25739,0
4727,25739,0
4728,25739,0
4729,25739,0
4730,25739,0
4731,25739,0
4732,25739,0
4733,25702,28
4734,25739,0
4735,25739,0
4736,25174,436
4737,25739,0
4738,25739,0
4739,25739,0
4740,25739,0
4741,25739,0
4742,25507,178
4743,25739,0
4744,25739,0
4745,25739,0
4746,25739,0
4747,25739,0
4748,25739,0
4749,25739,0
4750,25739,0
4751,25739,0
4752,25739,0
4753,25739,0
4754,25707,24
4755,25739,0
4756,25692,36
4757,25739,0
4758,25739,0
4759,25739,0
4760,25739,0
4761,25739,0
4762,25382,274
4763,25739,0
4764,25592,112
4765,25739,0
4766,25498,185
4767,25739,0
4768,25739,0
4769,25739,0
4770,25739,0
4771,25739,0
4772,24096,1296
4773,25056,528
4774,25739,0
4775,25739,0
4776,25739,0
4777,25739,0
4778,25739,0
4779,25739,0
4780,25739,0
4781,25739,0
4782,25739,0
4783,25739,0
4784,25125,474
4785,25739,0
4786,4872,32718
4787,25739,0
4788,25739,0
4789,25739,0
4790,25159,448
4791,25739,0
4792,25707,24
4793,25739,0
4794,25739,0
4795,25739,0
4796,25739,0
4797,25739,0
4798,25739,0
4799,25739,0
4800,25739,0
4801,25739,0
4802,25739,0
4803,25739,0
4804,25739,0
4805,25739,0
4806,25739,0
4807,25739,0
4808,25739,0
4809,25739,0
4810,24846,694
4811,23093,2132
4812,24998,574
4813,25739,0
4814,25739,0
4815,25739,0
4816,25739,0
4817,25739,0
4818,25642,74
4819,25739,0
4820,25739,0
4821,25739,0
4822,25739,0
4823,25577,124
4824,25639,76
4825,25707,24
4826,25739,0
4827,25739,0
4828,24261,1162
4829,25739,0
4830,25739,0
4831,25739,0
4832,20408,4562
4833,25739,0
4834,25739,0
4835,8562,21636
4836,25739,0
4837,24217,1198
4838,25665,56
4839,16767,8424
4840,25739,0
4841,25739,0
4842,25739,0
4843,25189,424
4844,25739,0
4845,25650,68
4846,25739,0
4847,25582,120
4848,25739,0
4849,25739,0
4850,22545,2604
4851,25739,0
4852,25739,0
4853,25739,0
4854,25739,0
4855,25194,420
4856,25739,0
4857,25707,24
4858,25739,0
4859,25739,0
4860,25739,0
4861,25739,0
4862,24823,712
4863,25739,0
4864,25739,0
4865,25739,0
4866,25739,0
4867,25739,0
4868,25739,0
4869,25739,0
4870,25739,0
4871,25739,0
4872,24793,736
4873,25739,0
4874,1,145124
4875,21288,3732
4876,25739,0
4877,25739,0
4878,25739,0
4879,25739,0
4880,25739,0
4881,25739,0
4882,24682,824
4883,25739,0
4884,25707,24
4885,25551,144
4886,25739,0
4887,25739,0
4888,23635,1676
4889,25739,0
4890,25707,24
4891,25739,0
4892,16686,8520
4893,25739,0
4894,8729,21256
4895,25739,0
4896,25739,0
4897,25739,0
4898,25739,0
4899,25739,0
4900,25739,0
4901,25692,36
4902,25739,0
4903,25739,0
4904,25739,0
4905,25702,28
4906,25739,0
4907,25739,0
4908,25739,0
4909,25739,0
4910,25739,0
4911,25739,0
4912,25739,0
4913,25739,0
4914,25739,0
4915,23549,1748
4916,25739,0
4917,25739,0
4918,25739,0
4919,25739,0
4920,25739,0
4921,21785,3278
4922,25470,206
4923,25707,24
4924,25702,28
4925,25707,24
4926,25702,28
4927,24632,864
4928,25739,0
4929,25739,0
4930,24627,868
4931,25665,56
4932,25739,0
4933,25148,456
4934,25739,0
4935,25739,0
4936,25739,0
4937,15056,10540
4938,19224,5736
4939,25739,0
4940,23911,1448
4941,25739,0
4942,25739,0
4943,25739,0
4944,23339,1924
4945,25639,76
4946,23736,1592
4947,25739,0
4948,24745,774
4949,25739,0
4950,25650,68
4951,25739,0
4952,24185,1224
4953,25159,448
4954,25739,0
4955,19158,5804
4956,25739,0
4957,25739,0
4958,25707,24
4959,24972,594
4960,22841,2348
4961,25739,0
4962,24190,1220
4963,25739,0
4964,25739,0
4965,25739,0
4966,25739,0
4967,25739,0
4968,24715,798
4969,25739,0
4970,25739,0
4971,24091,1300
4972,25739,0
4973,24239,1180
4974,21723,3334
4975,25671,52
4976,4929,32488
4977,25739,0
4978,25395,264
4979,25739,0
4980,25739,0
4981,25739,0
4982,25739,0
4983,25739,0
4984,25739,0
4985,25739,0
4986,25739,0
4987,25739,0
4988,25739,0
4989,25739,0
4990,15050,10548
4991,25739,0
4992,25739,0
4993,24856,686
4994,24950,612
4995,22632,2528
4996,25739,0
4997,25637,78
4998,25739,0
4999,25739,0
5000,25702,28
5001,25739,0
5002,25739,0
5003,25739,0
5004,25739,0
5005,25702,28
5006,25739,0
5007,25739,0
5008,25739,0
5009,25739,0
5010,25739,0
5011,25739,0
5012,24815,718
5013,25739,0
5014,25739,0
5015,24077,1312
5016,25739,0
5017,25739,0
5018,25161,446
5019,25739,0
5020,25739,0
5021,25739,0
5022,25739,0
5023,25739,0
5024,25739,0
5025,25739,0
5026,25739,0
5027,25739,0
5028,25739,0
5029,25739,0
5030,25739,0
5031,25739,0
5032,25739,0
5033,25739,0
5034,25739,0
5035,21598,3448
5036,25739,0
5037,15223,10324
5038,22055,3036
5039,25572,128
5040,25739,0
5041,25739,0
5042,25707,24
5043,25739,0
5044,24407,1044
5045,25739,0
5046,25739,0
5047,23811,1530
5048,25739,0
5049,25739,0
5050,25676,48
5051,25739,0
5052,25739,0
5053,25739,0
5054,25739,0
5055,25739,0
5056,25739,0
5057,25739,0
5058,25739,0
5059,25739,0
5060,25739,0
5061,25707,24
5062,25739,0
5063,25739,0
5064,25739,0
5065,25739,0
5066,25739,0
5067,25739,0
5068,25676,48
5069,25739,0
5070,25739,0
5071,25739,0
5072,22922,2278
5073,25739,0
5074,21379,3648
5075,24808,724
5076,25561,136
5077,22299,2820
5078,25739,0
5079,25702,28
5080,25739,0
5081,25739,0
5082,25707,24
5083,25739,0
5084,18780,6196
5085,25739,0
5086,25739,0
5087,25739,0
5088,20526,4448
5089,25676,48
5090,25390,268
5091,25739,0
5092,25739,0
5093,25739,0
5094,17632,7436
5095,25739,0
5096,25739,0
5097,25739,0
5098,25739,0
5099,25739,0
5100,25739,0
5101,25739,0
5102,25676,48
5103,25739,0
5104,25739,0
5105,25739,0
5106,25739,0
5107,25707,24
5108,25739,0
5109,25739,0
5110,25739,0
5111,25739,0
5112,25702,28
5113,25739,0
5114,25739,0
5115,25739,0
5116,25739,0
5117,25739,0
5118,25739,0
5119,25707,24
5120,25739,0
5121,25214,405
5122,25739,0
5123,23758,1574
5124,25739,0
5125,25739,0
5126,25064,522
5127,25692,36
5128,25739,0
5129,25739,0
5130,25739,0
5131,25739,0
5132,25739,0
5133,25639,76
5134,25488,192
5135,25665,56
5136,25739,0
5137,25739,0
5138,21615,3432
5139,25739,0
5140,25739,0
5141,25739,0
5142,25739,0
5143,25739,0
5144,24745,774
5145,25739,0
5146,23098,2128
5147,25739,0
5148,25739,0
5149,25739,0
5150,25739,0
5151,25707,24
5152,24562,920
5153,25739,0
5154,25739,0
5155,25739,0
5156,25739,0
5157,25739,0
5158,25739,0
5159,25739,0
5160,25551,144
5161,25739,0
5162,25739,0
5163,24121,1276
5164,25739,0
5165,23804,1536
5166,25739,0
5167,25739,0
5168,25739,0
5169,25739,0
5170,25739,0
5171,25739,0
5172,25707,24
5173,25739,0
5174,25189,424
5175,25739,0
5176,25739,0
5177,25739,0
5178,25707,24
5179,25739,0
5180,25739,0
5181,25739,0
5182,25739,0
5183,25739,0
5184,21514,3524
5185,25739,0
5186,25739,0
5187,25739,0
5188,25021,556
5189,25739,0
5190,24657,844
5191,25739,0
5192,25739,0
5193,25739,0
5194,25062,524
5195,25739,0
5196,25702,28
5197,25739,0
5198,25592,112
5199,25739,0
5200,25739,0
5201,24934,624
5202,25739,0
5203,25739,0
5204,25739,0
5205,25739,0
5206,25739,0
5207,25739,0
5208,25739,0
5209,25692,36
5210,25739,0
5211,25739,0
5212,25707,24
5213,25739,0
5214,25739,0
5215,25613,96
5216,25707,24
5217,25739,0
5218,25739,0
5219,23848,1500
5220,25739,0
5221,25062,524
5222,25739,0
5223,23637,1674
5224,24069,1318
5225,24808,724
5226,25739,0
5227,25739,0
5228,25739,0
5229,25739,0
5230,25739,0
5231,8353,22122
5232,25707,24
5233,25739,0
5234,25707,24
5235,25739,0
5236,25702,28
5237,25739,0
5238,25739,0
5239,25739,0
5240,25702,28
5241,25739,0
5242,25739,0
5243,15349,10162
5244,25739,0
5245,23594,1710
5246,25189,424
5247,23804,1536
5248,140,102562
5249,25739,0
5250,25184,428
5251,25739,0
5252,25739,0
5253,23606,1700
5254,25739,0
5255,25739,0
5256,25739,0
5257,25739,0
5258,22734,2440
5259,24783,744
5260,25739,0
5261,25637,78
5262,25739,0
5263,25739,0
5264,25739,0
5265,24652,848
5266,24672,832
5267,25739,0
5268,25739,0
5269,25739,0
5270,25739,0
5271,25739,0
5272,25739,0
5273,25739,0
5274,25739,0
5275,25739,0
5276,25739,0
5277,25739,0
5278,23159,2076
5279,25739,0
5280,25665,56
5281,25739,0
5282,25739,0
5283,25739,0
5284,25184,428
5285,24303,1128
5286,25613,96
5287,25739,0
5288,25634,80
5289,25739,0
5290,25739,0
5291,25739,0
5292,25739,0
5293,25739,0
5294,25707,24
5295,25739,0
5296,23458,1824
5297,25739,0
5298,25739,0
5299,25739,0
5300,25739,0
5301,25739,0
5302,25739,0
5303,25739,0
5304,23408,1866
5305,25665,56
5306,25739,0
5307,25739,0
5308,25739,0
5309,25486,194
5310,25739,0
5311,25739,0
5312,25577,124
5313,1764,52684
5314,25739,0
5315,25739,0
5316,25739,0
5317,25739,0
5318,19295,5664
5319,25739,0
5320,25739,0
5321,25739,0
5322,25739,0
5323,25739,0
5324,25739,0
5325,25739,0
5326,25739,0
5327,25739,0
5328,25739,0
5329,25739,0
5330,25739,0
5331,25572,128
5332,25318,324
5333,25739,0
5334,25739,0
5335,25739,0
5336,25739,0
5337,25739,0
5338,25739,0
5339,25739,0
5340,25739,0
5341,25739,0
5342,25739,0
5343,25676,48
5344,25739,0
5345,25141,462
5346,24619,874
5347,25739,0
5348,23794,1544
5349,25739,0
5350,25184,428
5351,25739,0
5352,25488,192
5353,25739,0
5354,25739,0
5355,25739,0
5356,25739,0
5357,25739,0
5358,25739,0
5359,24760,762
5360,25535,156
5361,25739,0
5362,25739,0
5363,25739,0
5364,25739,0
5365,25665,56
5366,25739,0
5367,25739,0
5368,25739,0
5369,25739,0
5370,25739,0
5371,25702,28
5372,25463,212
5373,25739,0
5374,25739,0
5375,25592,112
5376,25739,0
5377,25739,0
5378,25739,0
5379,22843,2346
5380,25739,0
5381,24820,714
5382,25739,0
5383,25739,0
5384,25676,48
5385,25739,0
5386,15065,10528
5387,23105,2122
5388,25739,0
5389,25739,0
5390,25739,0
5391,25676,48
5392,25739,0
5393,25739,0
5394,25739,0
5395,25692,36
5396,25611,98
5397,25739,0
5398,25707,24
5399,25739,0
5400,25739,0
5401,25739,0
5402,25442,228
5403,24767,756
5404,25739,0
5405,25692,36
5406,25739,0
5407,25739,0
5408,25739,0
5409,25287,348
5410,24192,1218
5411,25739,0
5412,25739,0
5413,25739,0
5414,25225,396
5415,25739,0
5416,25739,0
5417,25613,96
5418,25739,0
5419,25739,0
5420,25707,24
5421,25739,0
5422,25739,0
5423,25189,424
5424,25739,0
5425,25739,0
5426,25739,0
5427,23758,1574
5428,25739,0
5429,23088,2136
5430,25512,174
5431,23451,1830
5432,25739,0
5433,25739,0
5434,25739,0
5435,25739,0
5436,25626,86
5437,25739,0
5438,25739,0
5439,25739,0
5440,25739,0
5441,24841,698
5442,25739,0
5443,25739,0
5444,25739,0
5445,24778,748
5446,25739,0
5447,25739,0
5448,24677,828
5449,9457,19682
5450,25739,0
5451,25739,0
5452,25739,0
5453,24934,624
5454,25739,0
5455,25406,256
5456,24747,772
5457,25739,0
5458,25739,0
5459,24557,924
5460,25739,0
5461,25739,0
5462,25739,0
5463,25676,48
5464,25739,0
5465,25512,174
5466,21425,3606
5467,25739,0
5468,22658,2506
5469,25036,544
5470,25739,0
5471,25739,0
5472,25739,0
5473,25739,0
5474,25739,0
5475,25739,0
5476,25707,24
5477,25739,0
5478,25739,0
5479,25739,0
5480,25739,0
5481,25739,0
5482,25739,0
5483,23334,1928
5484,23434,1844
5485,25739,0
5486,25739,0
5487,25739,0
5488,25739,0
5489,25707,24
5490,25739,0
5491,25739,0
5492,24957,606
5493,25739,0
5494,25189,424
5495,25739,0
5496,25375,280
5497,25739,0
5498,25739,0
5499,25164,444
5500,1108,61822
5501,25739,0
5502,25739,0
5503,25665,56
5504,25739,0
5505,25739,0
5506,25676,48
5507,25707,24
5508,25739,0
5509,25739,0
5510,20940,4056
5511,25739,0
5512,25739,0
5513,25739,0
5514,25692,36
5515,24909,644
5516,25739,0
5517,23334,1928
5518,25739,0
5519,25739,0
5520,24579,906
5521,19808,5148
5522,20152,4810
5523,25739,0
5524,22586,2568
5525,11741,15428
5526,25483,196
5527,25739,0
5528,25739,0
5529,25739,0
5530,25739,0
5531,24934,624
5532,25739,0
5533,22272,2844
5534,25540,152
5535,25707,24
5536,25739,0
5537,25739,0
5538,25540,152
5539,25739,0
5540,24477,988
5541,25739,0
5542,25739,0
5543,22997,2214
5544,25739,0
5545,25739,0
5546,25739,0
5547,25739,0
5548,20656,4324
5549,21818,3248
5550,25739,0
5551,24808,724
5552,25739,0
5553,25739,0
5554,25739,0
5555,25603,104
5556,25739,0
5557,25739,0
5558,25739,0
5559,19287,5672
5560,25702,28
5561,25739,0
5562,25739,0
5563,14393,11426
5564,25739,0
5565,25665,56
5566,21124,3884
5567,25739,0
5568,25302,336
5569,25739,0
5570,25739,0
5571,25739,0
5572,25739,0
5573,25739,0
5574,24348,1092
5575,25739,0
5576,25739,0
5577,25676,48
5578,25739,0
5579,25739,0
5580,25739,0
5581,25739,0
5582,25739,0
5583,25739,0
5584,25739,0
5585,25739,0
5586,25658,62
5587,25739,0
5588,25592,112
5589,25056,528
5590,25739,0
5591,25228,394
5592,19930,5028
5593,25702,28
5594,25739,0
5595,25739,0
5596,25739,0
5597,23220,2024
5598,25739,0
5599,25739,0
5600,25577,124
5601,25739,0
5602,25634,80
5603,25739,0
5604,22531,2616
5605,25739,0
5606,25739,0
5607,25665,56
5608,25159,448
5609,23102,2124
5610,25182,430
5611,25739,0
5612,25739,0
5613,25739,0
5614,25739,0
5615,25739,0
5616,25707,24
5617,24599,890
5618,25739,0
5619,25739,0
5620,25739,0
5621,25739,0
5622,25739,0
5623,25739,0
5624,25739,0
5625,25739,0
5626,25707,24
5627,24457,1004
5628,25739,0
5629,25739,0
5630,25655,64
5631,25739,0
5632,25739,0
5633,24527,948
5634,25739,0
5635,25739,0
5636,25546,148
5637,25739,0
5638,25739,0
5639,24980,588
5640,25739,0
5641,25739,0
5642,25739,0
5643,25739,0
5644,25739,0
5645,25739,0
5646,25739,0
5647,25739,0
5648,25642,74
5649,25739,0
5650,25739,0
5651,25676,48
5652,25739,0
5653,25739,0
5654,25739,0
5655,24934,624
5656,25000,572
5657,25739,0
5658,25739,0
5659,25739,0
5660,25671,52
5661,25707,24
5662,25739,0
5663,25739,0
5664,25739,0
5665,25739,0
5666,25739,0
5667,25739,0
5668,25442,228
5669,22869,2324
5670,25707,24
5671,25416,248
5672,25739,0
5673,25739,0
5674,25739,0
5675,25739,0
5676,25739,0
5677,25739,0
5678,25739,0
5679,25739,0
5680,22609,2548
5681,24542,936
5682,25739,0
5683,22181,2924
5684,25739,0
5685,25707,24
5686,24592,896
5687,24985,584
5688,25739,0
5689,24343,1096
5690,25739,0
5691,25739,0
5692,25739,0
5693,24990,580
5694,25665,56
5695,25194,420
5696,25540,152
5697,25676,48
5698,25739,0
5699,25097,496
5700,25739,0
5701,25739,0
5702,25739,0
5703,22639,2522
5704,25739,0
5705,25739,0
5706,25739,0
5707,25676,48
5708,25739,0
5709,23315,1944
5710,25707,24
5711,25739,0
5712,25739,0
5713,25739,0
5714,17936,7100
5715,25702,28
5716,25382,274
5717,25739,0
5718,25739,0
5719,25707,24
5720,24278,1148
5721,22934,2268
5722,25739,0
5723,25739,0
5724,25739,0
5725,23301,1956
5726,23674,1644
5727,25739,0
5728,25611,98
5729,24627,868
5730,25739,0
5731,25739,0
5732,25739,0
5733,25692,36
5734,25390,268
5735,25739,0
5736,25676,48
5737,25739,0
5738,23551,1746
5739,25739,0
5740,22479,2662
5741,25739,0
5742,25739,0
5743,25739,0
5744,25739,0
5745,25739,0
5746,25739,0
5747,23872,1480
5748,25739,0
5749,25739,0
5750,25739,0
5751,25739,0
5752,25287,348
5753,25739,0
5754,25739,0
5755,25447,224
5756,25739,0
5757,25739,0
5758,25739,0
5759,24614,878
5760,25739,0
5761,25739,0
5762,25739,0
5763,25739,0
5764,25739,0
5765,25739,0
5766,25707,24
5767,25062,524
5768,21055,3948
5769,25613,96
5770,25739,0
5771,25739,0
5772,25739,0
5773,25611,98
5774,25739,0
5775,25739,0
5776,25739,0
5777,25739,0
5778,25739,0
5779,25739,0
5780,25739,0
5781,1,157124
5782,11318,16150
5783,25739,0
5784,25739,0
5785,24745,774
5786,19934,5024
5787,25739,0
5788,25739,0
5789,23635,1676
5790,25739,0
5791,25739,0
5792,23916,1444
5793,25739,0
5794,25692,36
5795,25707,24
5796,25739,0
5797,23220,2024
5798,25739,0
5799,25739,0
5800,15640,9792
5801,25439,230
5802,25739,0
5803,25739,0
5804,25739,0
5805,16370,8896
5806,22408,2724
5807,25634,80
5808,25739,0
5809,25739,0
5810,25739,0
5811,25739,0
5812,25739,0
5813,25739,0
5814,25739,0
5815,25739,0
5816,25739,0
5817,23789,1548
5818,25692,36
5819,25739,0
5820,25739,0
5821,24025,1354
5822,25739,0
5823,25739,0
5824,25421,244
5825,25739,0
5826,25739,0
5827,25739,0
5828,25739,0
5829,25739,0
5830,15300,10224
5831,25739,0
5832,25739,0
5833,25292,344
5834,25739,0
5835,25739,0
5836,25189,424
5837,25739,0
5838,25739,0
5839,24697,812
5840,20389,4580
5841,25702,28
5842,25707,24
5843,25739,0
5844,25739,0
5845,25739,0
5846,25739,0
5847,25702,28
5848,25739,0
5849,25707,24
5850,25739,0
5851,25739,0
5852,25702,28
5853,25739,0
5854,25707,24
5855,25739,0
5856,25739,0
5857,22637,2524
5858,13402,12828
5859,17839,7206
5860,25739,0
5861,25707,24
5862,25739,0
5863,25739,0
5864,25739,0
5865,25739,0
5866,25739,0
5867,25174,436
5868,25739,0
5869,25739,0
5870,15852,9528
5871,25739,0
5872,25739,0
5873,25739,0
5874,24123,1274
5875,25496,186
5876,25739,0
5877,25707,24
5878,25702,28
5879,25739,0
5880,25739,0
5881,13550,12612
5882,23935,1428
5883,25739,0
5884,25739,0
5885,5828,29196
5886,25739,0
5887,25739,0
5888,25739,0
5889,24702,808
5890,25739,0
5891,25665,56
5892,25739,0
5893,25739,0
5894,25644,72
5895,25603,104
5896,25739,0
5897,25739,0
5898,25739,0
5899,25739,0
5900,25739,0
5901,25739,0
5902,25739,0
5903,25739,0
5904,25739,0
5905,25707,24
5906,25739,0
5907,25739,0
5908,25739,0
5909,25739,0
5910,25739,0
5911,25739,0
5912,25739,0
5913,25739,0
5914,25251,376
5915,24308,1124
5916,25739,0
5917,25739,0
5918,25739,0
5919,25739,0
5920,25739,0
5921,25707,24
5922,25739,0
5923,25739,0
5924,25739,0
5925,25739,0
5926,21399,3630
5927,25613,96
5928,25739,0
5929,25739,0
5930,24185,1224
5931,24745,774
5932,25707,24
5933,6771,26248
5934,25611,98
5935,21899,3176
5936,24617,876
5937,25739,0
5938,25739,0
5939,25739,0
5940,25739,0
5941,25739,0
5942,25739,0
5943,25644,72
5944,25739,0
5945,25739,0
5946,25739,0
5947,25739,0
5948,25739,0
5949,21986,3098
5950,25302,336
5951,25739,0
5952,25739,0
5953,25739,0
5954,25470,206
5955,25535,156
5956,25739,0
5957,25739,0
5958,24323,1112
5959,21790,3274
5960,22497,2646
5961,25739,0
5962,25613,96
5963,25739,0
5964,25739,0
5965,25739,0
5966,19482,5474
5967,22995,2216
5968,24798,732
5969,25707,24
5970,17812,7236
5971,25287,348
5972,25707,24
5973,25739,0
5974,25739,0
5975,25739,0
5976,25692,36
5977,25739,0
5978,25739,0
5979,25739,0
5980,25739,0
5981,25739,0
5982,25739,0
5983,25739,0
5984,25382,274
5985,25739,0
5986,24808,724
5987,25739,0
5988,25739,0
5989,25739,0
5990,25739,0
5991,25739,0
5992,25707,24
5993,25739,0
5994,25739,0
5995,7060,25428
5996,25739,0
5997,25125,474
5998,25739,0
5999,25739,0
6000,25739,0
6001,25739,0
6002,25739,0
6003,25739,0
6004,25739,0
6005,25739,0
6006,25739,0
6007,25676,48
6008,25739,0
6009,25739,0
6010,18488,6504
6011,25739,0
6012,25739,0
6013,25739,0
6014,20974,4024
6015,22783,2398
6016,25592,112
6017,25739,0
6018,25739,0
6019,25739,0
6020,25739,0
6021,25639,76
6022,20948,4048
6023,25739,0
6024,25739,0
6025,25676,48
6026,25739,0
6027,25739,0
6028,25644,72
6029,25739,0
6030,21519,3520
6031,25189,424
6032,25702,28
6033,25739,0
6034,25739,0
6035,25739,0
6036,25739,0
6037,25739,0
6038,25739,0
6039,25739,0
6040,25739,0
6041,25739,0
6042,25739,0
6043,24180,1228
6044,25739,0
6045,25739,0
6046,23758,1574
6047,25739,0
6048,25739,0
6049,22623,2536
6050,25739,0
6051,25739,0
6052,25676,48
6053,25739,0
6054,25739,0
6055,25036,544
6056,25739,0
6057,25739,0
6058,25739,0
6059,25707,24
6060,25739,0
6061,25739,0
6062,25739,0
6063,25739,0
6064,25739,0
6065,25189,424
6066,25739,0
6067,25739,0
6068,25739,0
6069,25739,0
6070,25739,0
6071,25707,24
6072,25739,0
6073,25739,0
6074,25739,0
6075,23220,2024
6076,25739,0
6077,25739,0
6078,25739,0
6079,22100,2996
6080,25707,24
6081,25739,0
6082,25739,0
6083,25739,0
6084,24617,876
6085,23705,1618
6086,25739,0
6087,25174,436
6088,25739,0
6089,25702,28
6090,25739,0
6091,25318,324
6092,25739,0
6093,25739,0
6094,25739,0
6095,23102,2124
6096,25739,0
6097,25739,0
6098,25739,0
6099,25739,0
6100,25739,0
6101,25739,0
6102,25739,0
6103,24929,628
6104,25739,0
6105,25739,0
6106,24993,578
6107,25739,0
6108,25739,0
6109,25739,0
6110,25739,0
6111,24682,824
6112,25739,0
6113,25739,0
6114,21957,3124
6115,25681,44
6116,25739,0
6117,25739,0
6118,23690,1630
6119,25739,0
6120,25739,0
6121,25739,0
6122,22750,2426
6123,25739,0
6124,23216,2028
6125,25739,0
6126,24652,848
6127,25739,0
6128,25739,0
6129,25739,0
6130,25739,0
6131,25739,0
6132,25739,0
6133,25120,478
6134,25739,0
6135,25739,0
6136,25739,0
6137,25739,0
6138,23852,1496
6139,25707,24
6140,25739,0
6141,18700,6280
6142,24185,1224
6143,19612,5344
6144,25739,0
6145,25739,0
6146,25739,0
6147,24934,624
6148,25739,0
6149,25739,0
6150,25739,0
6151,25603,104
6152,23671,1646
6153,25739,0
6154,25739,0
6155,25739,0
6156,24246,1174
6157,25739,0
6158,25702,28
6159,25739,0
6160,23192,2048
6161,25739,0
6162,25739,0
6163,21872,3200
6164,25707,24
6165,25739,0
6166,19362,5596
6167,25739,0
6168,25739,0
6169,25739,0
6170,25739,0
6171,25739,0
6172,25739,0
6173,25739,0
6174,25739,0
6175,25739,0
6176,25739,0
6177,25739,0
6178,25739,0
6179,1710,53296
6180,25739,0
6181,21085,3920
6182,25739,0
6183,25655,64
6184,25739,0
6185,19632,5324
6186,25739,0
6187,130,103914
6188,25739,0
6189,25665,56
6190,25739,0
6191,25739,0
6192,25739,0
6193,25639,76
6194,25739,0
6195,25739,0
6196,25603,104
6197,25739,0
6198,25739,0
6199,25739,0
6200,25707,24
6201,25739,0
6202,25174,436
6203,25739,0
6204,25707,24
6205,21479,3556
6206,25739,0
6207,25739,0
6208,25739,0
6209,25739,0
6210,25739,0
6211,25739,0
6212,25613,96
6213,25739,0
6214,25739,0
6215,25739,0
6216,25739,0
6217,25739,0
6218,25095,498
6219,25739,0
6220,25739,0
6221,25739,0
6222,25739,0
6223,25739,0
6224,7014,25556
6225,25287,348
6226,25739,0
6227,25313,328
6228,25739,0
6229,25739,0
6230,25739,0
6231,25739,0
6232,24432,1024
6233,25739,0
6234,25739,0
6235,25739,0
6236,24123,1274
6237,25739,0
6238,25739,0
6239,25739,0
6240,25739,0
6241,25197,418
6242,25739,0
6243,25665,56
6244,25739,0
6245,25254,374
6246,25120,478
6247,25148,456
6248,25665,56
6249,25707,24
6250,25739,0
6251,22959,2246
6252,24622,872
6253,25739,0
6254,25739,0
6255,25739,0
6256,25739,0
6257,25739,0
6258,25739,0
6259,25739,0
6260,25739,0
6261,25739,0
6262,25739,0
6263,25739,0
6264,25739,0
6265,23601,1704
6266,21845,3224
6267,25665,56
6268,25629,84
6269,21653,3398
6270,25739,0
6271,25739,0
6272,22019,3068
6273,25739,0
6274,25739,0
6275,25739,0
6276,25739,0
6277,22753,2424
6278,25642,74
6279,25739,0
6280,25739,0
6281,25367,286
6282,25739,0
6283,25739,0
6284,24527,948
6285,25739,0
6286,25739,0
6287,25739,0
6288,24241,1178
6289,25739,0
6290,25739,0
6291,25739,0
6292,25254,374
6293,25540,152
6294,23429,1848
6295,25739,0
6296,23372,1896
6297,25739,0
6298,25406,256
6299,21479,3556
6300,25739,0
6301,25739,0
6302,25739,0
6303,25613,96
6304,17653,7412
6305,25739,0
6306,25739,0
6307,25739,0
6308,25739,0
6309,23149,2084
6310,25739,0
6311,25739,0
6312,25406,256
6313,25739,0
6314,25739,0
6315,25739,0
6316,25739,0
6317,25739,0
6318,25739,0
6319,25739,0
6320,25707,24
6321,25739,0
6322,25062,524
6323,25739,0
6324,25739,0
6325,25739,0
6326,25665,56
6327,25707,24
6328,25739,0
6329,25739,0
6330,25739,0
6331,25739,0
6332,25739,0
6333,24494,974
6334,25292,344
6335,25031,548
6336,25739,0
6337,25739,0
6338,25739,0
6339,25739,0
6340,25739,0
6341,25739,0
6342,25739,0
6343,25739,0
6344,25739,0
6345,25739,0
6346,25707,24
6347,17876,7166
6348,25739,0
6349,25587,116
6350,25739,0
6351,21672,3380
6352,25739,0
6353,25739,0
6354,25739,0
6355,25739,0
6356,25739,0
6357,25739,0
6358,25739,0
6359,25739,0
6360,25739,0
6361,25739,0
6362,25318,324
6363,25739,0
6364,23434,1844
6365,25739,0
6366,25739,0
6367,25739,0
6368,25739,0
6369,25739,0
6370,25739,0
6371,23168,2068
6372,25739,0
6373,21223,3792
6374,24185,1224
6375,24677,828
6376,25739,0
6377,25739,0
6378,25739,0
6379,25739,0
6380,25739,0
6381,25551,144
6382,25739,0
6383,25707,24
6384,25739,0
6385,25739,0
6386,22685,2482
6387,25739,0
6388,25739,0
6389,25739,0
6390,24682,824
6391,25739,0
6392,25739,0
6393,1,202624
6394,25739,0
6395,25739,0
6396,25739,0
6397,25062,524
6398,25739,0
6399,25739,0
6400,25739,0
6401,25739,0
6402,25739,0
6403,25692,36
6404,24689,818
6405,25739,0
6406,25739,0
6407,25739,0
6408,25739,0
6409,22037,3052
6410,25739,0
6411,25739,0
6412,14687,11028
6413,25739,0
6414,25639,76
6415,25739,0
6416,25739,0
6417,25551,144
6418,25739,0
6419,22476,2664
6420,25739,0
6421,25739,0
6422,25739,0
6423,25739,0
6424,25739,0
6425,25739,0
6426,25739,0
6427,25739,0
6428,25739,0
6429,25739,0
6430,25739,0
6431,25739,0
6432,25739,0
6433,25739,0
6434,25613,96
6435,25739,0
6436,25421,244
6437,25739,0
6438,25639,76
6439,25739,0
6440,25739,0
6441,25739,0
6442,24229,1188
6443,25148,456
6444,25739,0
6445,25644,72
6446,25739,0
6447,25739,0
6448,25520,168
6449,25739,0
6450,25739,0
6451,25739,0
6452,25739,0
6453,25739,0
6454,25739,0
6455,25739,0
6456,19909,5048
6457,25148,456
6458,25739,0
6459,25702,28
6460,25739,0
6461,25739,0
6462,25382,274
6463,25739,0
6464,25739,0
6465,25739,0
6466,20762,4224
6467,23573,1728
6468,25739,0
6469,25739,0
6470,25739,0
6471,25739,0
6472,25739,0
6473,25739,0
6474,25739,0
6475,25739,0
6476,25739,0
6477,25739,0
6478,25739,0
6479,25707,24
6480,25671,52
6481,23758,1574
6482,25739,0
6483,25739,0
6484,25739,0
6485,25739,0
6486,25739,0
6487,25739,0
6488,25739,0
6489,25739,0
6490,25739,0
6491,25739,0
6492,25739,0
6493,22518,2628
6494,25739,0
6495,25739,0
6496,24382,1064
6497,25739,0
6498,25739,0
6499,25707,24
6500,25739,0
6501,25739,0
6502,25739,0
6503,25739,0
6504,25739,0
6505,25421,244
6506,25739,0
6507,25292,344
6508,21954,3126
6509,25739,0
6510,25739,0
6511,25707,24
6512,25603,104
6513,25739,0
6514,25739,0
6515,25739,0
6516,25739,0
6517,25739,0
6518,25739,0
6519,20808,4180
6520,25739,0
6521,23173,2064
6522,25739,0
6523,25739,0
6524,25739,0
6525,23818,1524
6526,25739,0
6527,25739,0
6528,25739,0
6529,25739,0
6530,25739,0
6531,25739,0
6532,25739,0
6533,25739,0
6534,25739,0
6535,25739,0
6536,25739,0
6537,25447,224
6538,25739,0
6539,24793,736
6540,25739,0
6541,25739,0
6542,23216,2028
6543,25739,0
6544,25739,0
6545,25739,0
6546,25676,48
6547,25739,0
6548,11176,16398
6549,25739,0
6550,25739,0
6551,25739,0
6552,25671,52
6553,25739,0
6554,25739,0
6555,25739,0
6556,25739,0
6557,25382,274
6558,25707,24
6559,25634,80
6560,24803,728
6561,25739,0
6562,23102,2124
6563,23434,1844
6564,25707,24
6565,25702,28
6566,25062,524
6567,25739,0
6568,25739,0
6569,25473,204
6570,25739,0
6571,22725,2448
6572,25739,0
6573,25739,0
6574,25665,56
6575,25739,0
6576,25739,0
6577,25739,0
6578,25676,48
6579,25447,224
6580,25739,0
6581,25739,0
6582,25676,48
6583,25692,36
6584,25739,0
6585,25707,24
6586,25739,0
6587,25739,0
6588,25739,0
6589,25739,0
6590,21787,3276
6591,25707,24
6592,25739,0
6593,25739,0
6594,25739,0
6595,25739,0
6596,25739,0
6597,25739,0
6598,25739,0
6599,25739,0
6600,24904,648
6601,25739,0
6602,25739,0
6603,25692,36
6604,25739,0
6605,25739,0
6606,25739,0
6607,17342,7762
6608,25707,24
6609,25739,0
6610,25739,0
6611,25572,128
6612,25739,0
6613,25292,344
6614,24464,998
6615,25577,124
6616,25739,0
6617,25739,0
6618,25739,0
6619,25739,0
6620,24919,636
6621,21325,3698
6622,25707,24
6623,25739,0
6624,25707,24
6625,25739,0
6626,25739,0
6627,24062,1324
6628,25739,0
6629,25739,0
6630,24808,724
6631,21357,3668
6632,25739,0
6633,25739,0
6634,25676,48
6635,25739,0
6636,25739,0
6637,25739,0
6638,25739,0
6639,24303,1128
6640,24689,818
6641,25739,0
6642,25739,0
6643,25739,0
6644,25739,0
6645,25739,0
6646,25739,0
6647,25739,0
6648,25739,0
6649,20499,4474
6650,23164,2072
6651,23794,1544
6652,25739,0
6653,25739,0
6654,25739,0
6655,25739,0
6656,17621,7448
6657,25739,0
6658,25739,0
6659,25739,0
6660,25739,0
6661,25739,0
6662,24008,1368
6663,25739,0
6664,25707,24
6665,25739,0
6666,24619,874
6667,25739,0
6668,25739,0
6669,25739,0
6670,25739,0
6671,25739,0
6672,25739,0
6673,25739,0
6674,24866,678
6675,25739,0
6676,25739,0
6677,25739,0
6678,25739,0
6679,25739,0
6680,25739,0
6681,25739,0
6682,25739,0
6683,25739,0
6684,25313,328
6685,23977,1394
6686,25739,0
6687,25739,0
6688,25739,0
6689,25739,0
6690,25739,0
6691,23816,1526
6692,25739,0
6693,25739,0
6694,25739,0
6695,25707,24
6696,24667,836
6697,25739,0
6698,25739,0
6699,25739,0
6700,25739,0
6701,25739,0
6702,25739,0
6703,25739,0
6704,24185,1224
6705,24557,924
6706,25739,0
6707,25739,0
6708,25642,74
6709,25739,0
6710,25739,0
6711,25739,0
6712,22971,2236
6713,25739,0
6714,22838,2350
6715,25739,0
6716,25236,388
6717,25739,0
6718,25739,0
6719,25739,0
6720,22981,2228
6721,25292,344
6722,25739,0
6723,25644,72
6724,24657,844
6725,25248,378
6726,25739,0
6727,25739,0
6728,23911,1448
6729,25739,0
6730,25739,0
6731,25739,0
6732,25739,0
6733,25739,0
6734,20164,4798
6735,25739,0
6736,25739,0
6737,24432,1024
6738,25739,0
6739,24185,1224
6740,25707,24
6741,25739,0
6742,25739,0
6743,19532,5424
6744,25739,0
6745,24370,1074
6746,25739,0
6747,15956,9399
6748,25739,0
6749,25739,0
6750,19934,5024
6751,23649,1664
6752,25739,0
6753,25642,74
6754,25460,214
6755,25739,0
6756,25739,0
6757,25739,0
6758,25739,0
6759,25739,0
6760,25739,0
6761,25739,0
6762,25739,0
6763,25739,0
6764,25702,28
6765,25739,0
6766,25739,0
6767,25739,0
6768,25739,0
6769,24432,1024
6770,25739,0
6771,25739,0
6772,25739,0
6773,25739,0
6774,25739,0
6775,22294,2824
6776,24853,688
6777,25739,0
6778,25739,0
6779,24904,648
6780,25739,0
6781,24303,1128
6782,25447,224
6783,25739,0
6784,25739,0
6785,25739,0
6786,25739,0
6787,25658,62
6788,25676,48
6789,25739,0
6790,25707,24
6791,25739,0
6792,25739,0
6793,25036,544
6794,25739,0
6795,25739,0
6796,25739,0
6797,25739,0
6798,25739,0
6799,25707,24
6800,23940,1424
6801,25707,24
6802,25739,0
6803,25739,0
6804,25739,0
6805,25739,0
6806,25739,0
6807,25739,0
6808,21303,3718
6809,25739,0
6810,25739,0
6811,25739,0
6812,25739,0
6813,24998,574
6814,25739,0
6815,25739,0
6816,25739,0
6817,24298,1132
6818,25739,0
6819,25739,0
6820,25739,0
6821,25739,0
6822,21765,3296
6823,25739,0
6824,25739,0
6825,25707,24
6826,25739,0
6827,25739,0
6828,25650,68
6829,25739,0
6830,25739,0
6831,25739,0
6832,25739,0
6833,14840,10824
6834,21642,3408
6835,25739,0
6836,25447,224
6837,25739,0
6838,25739,0
6839,25174,436
6840,25739,0
6841,25739,0
6842,25739,0
6843,22408,2724
6844,25707,24
6845,25739,0
6846,25739,0
6847,25739,0
6848,25739,0
6849,25707,24
6850,128,104242
6851,25739,0
6852,25739,0
6853,25031,548
6854,25739,0
6855,25739,0
6856,25739,0
6857,25739,0
6858,25514,172
6859,25739,0
6860,25739,0
6861,21429,3602
6862,25739,0
6863,25739,0
6864,25739,0
6865,25739,0
6866,25739,0
6867,24677,828
6868,23563,1736
6869,17112,8024
6870,25739,0
6871,25739,0
6872,25702,28
6873,25739,0
6874,25739,0
6875,25512,174
6876,25739,0
6877,25739,0
6878,25702,28
6879,24567,916
6880,25739,0
6881,25739,0
6882,24387,1060
6883,25739,0
6884,25739,0
6885,25739,0
6886,25739,0
6887,19011,5956
6888,25739,0
6889,25739,0
6890,25739,0
6891,25739,0
6892,17992,7038
6893,20443,4528
6894,25707,24
6895,25739,0
6896,25159,448
6897,25739,0
6898,25707,24
6899,25739,0
6900,25739,0
6901,25739,0
6902,25739,0
6903,25739,0
6904,25707,24
6905,25315,326
6906,25739,0
6907,25692,36
6908,25164,444
6909,25739,0
6910,25739,0
6911,25739,0
6912,25031,548
6913,25739,0
6914,21135,3874
6915,25739,0
6916,25739,0
6917,25739,0
6918,25739,0
6919,25739,0
6920,23669,1648
6921,25739,0
6922,25739,0
6923,25739,0
6924,25702,28
6925,25702,28
6926,25692,36
6927,25739,0
6928,25739,0
6929,25608,100
6930,25739,0
6931,25739,0
6932,25739,0
6933,25577,124
6934,25739,0
6935,23334,1928
6936,25739,0
6937,23220,2024
6938,25739,0
6939,25739,0
6940,25739,0
6941,25739,0
6942,24338,1100
6943,24392,1056
6944,25097,496
6945,25739,0
6946,25739,0
6947,25739,0
6948,25739,0
6949,25382,274
6950,25707,24
6951,25739,0
6952,25739,0
6953,25739,0
6954,2005,50172
6955,25561,136
6956,25739,0
6957,24482,984
6958,23794,1544
6959,25739,0
6960,25036,544
6961,25085,506
6962,25739,0
6963,24121,1276
6964,25739,0
6965,23102,2124
6966,25739,0
6967,25739,0
6968,25287,348
6969,25739,0
6970,25739,0
6971,24589,898
6972,25739,0
6973,25739,0
6974,25739,0
6975,25739,0
6976,25739,0
6977,25665,56
6978,25739,0
6979,25739,0
6980,23814,1528
6981,23879,1474
6982,25739,0
6983,25739,0
6984,25629,84
6985,25739,0
6986,25739,0
6987,25739,0
6988,25739,0
6989,25739,0
6990,25739,0
6991,25739,0
6992,25062,524
6993,25707,24
6994,718,70344
6995,25739,0
6996,22753,2424
6997,25739,0
6998,25739,0
6999,25739,0
7000,25739,0
7001,25739,0
7002,25739,0
7003,25739,0
7004,25676,48
7005,25577,124
7006,25739,0
7007,24841,698
7008,25739,0
7009,25702,28
7010,25739,0
7011,25739,0
7012,25616,94
7013,25739,0
7014,25739,0
7015,16778,8412
7016,15252,10286
7017,25739,0
7018,25739,0
7019,25313,328
7020,25739,0
7021,25739,0
7022,25739,0
7023,25739,0
7024,25739,0
7025,25739,0
7026,25739,0
7027,25739,0
7028,25739,0
7029,25739,0
7030,25739,0
7031,25707,24
7032,25739,0
7033,25739,0
7034,25739,0
7035,25739,0
7036,25739,0
7037,24866,678
7038,25739,0
7039,25676,48
7040,25739,0
7041,24793,736
7042,22845,2344
7043,25739,0
7044,21850,3220
7045,25292,344
7046,25629,84
7047,25739,0
7048,25739,0
7049,25739,0
7050,25739,0
7051,25125,474
7052,25739,0
7053,24405,1046
7054,25739,0
7055,23102,2124
7056,25739,0
7057,25739,0
7058,25655,64
7059,25739,0
7060,25739,0
7061,23551,1746
7062,25739,0
7063,25739,0
7064,23597,1708
7065,25739,0
7066,25739,0
7067,25739,0
7068,25739,0
7069,25739,0
7070,25739,0
7071,25426,240
7072,25739,0
7073,25739,0
7074,25739,0
7075,18029,6998
7076,24975,592
7077,25702,28
7078,25707,24
7079,25254,374
7080,25739,0
7081,24096,1296
7082,25739,0
7083,25634,80
7084,25739,0
7085,24682,824
7086,25739,0
7087,25739,0
7088,25739,0
7089,25739,0
7090,25739,0
7091,23434,1844
7092,25739,0
7093,25739,0
7094,20158,4804
7095,25739,0
7096,24778,748
7097,25739,0
7098,25739,0
7099,25739,0
7100,25739,0
7101,25739,0
7102,25739,0
7103,25739,0
7104,25739,0
7105,25739,0
7106,25739,0
7107,25739,0
7108,25739,0
7109,24858,684
7110,25739,0
7111,25639,76
7112,25739,0
7113,25739,0
7114,25739,0
7115,25739,0
7116,25702,28
7117,25739,0
7118,25739,0
7119,25739,0
7120,25739,0
7121,25739,0
7122,25739,0
7123,25739,0
7124,23802,1538
7125,25739,0
7126,25739,0
7127,25634,80
7128,25739,0
7129,25739,0
7130,23282,1972
7131,25702,28
7132,25739,0
7133,22841,2348
7134,25707,24
7135,25707,24
7136,25739,0
7137,25637,78
7138,24432,1024
7139,1820,52074
7140,25739,0
7141,25739,0
7142,25739,0
7143,6624,26680
7144,25739,0
7145,25739,0
7146,25739,0
7147,25739,0
7148,25739,0
7149,25739,0
7150,14607,11136
7151,25739,0
7152,25739,0
7153,25739,0
7154,6868,25968
7155,25739,0
7156,25655,64
7157,25739,0
7158,25739,0
7159,25062,524
7160,25676,48
7161,25739,0
7162,25739,0
7163,25577,124
7164,25739,0
7165,25739,0
7166,25739,0
7167,25739,0
7168,25707,24
7169,20686,4296
7170,25739,0
7171,25739,0
7172,25739,0
7173,25739,0
7174,25739,0
7175,25739,0
7176,25739,0
7177,25739,0
7178,25739,0
7179,25676,48
7180,25739,0
7181,25739,0
7182,25739,0
7183,24752,768
7184,25739,0
7185,25739,0
7186,25739,0
7187,25739,0
7188,25739,0
7189,25739,0
7190,25739,0
7191,25739,0
7192,25739,0
7193,25739,0
7194,25739,0
7195,22981,2228
7196,25739,0
7197,25739,0
7198,25739,0
7199,25739,0
7200,25739,0
7201,25046,536
7202,25739,0
7203,25702,28
7204,1,255068
7205,25739,0
7206,25739,0
7207,24557,924
7208,25739,0
7209,25739,0
7210,25739,0
7211,25739,0
7212,25739,0
7213,25739,0
7214,25739,0
7215,25739,0
7216,25676,48
7217,25739,0
7218,25739,0
7219,25739,0
7220,25613,96
7221,25739,0
7222,25739,0
7223,25739,0
7224,25739,0
7225,18945,6024
7226,25739,0
7227,25639,76
7228,25739,0
7229,25739,0
7230,17870,7172
7231,25739,0
7232,25739,0
7233,25739,0
7234,25739,0
7235,25739,0
7236,25739,0
7237,25739,0
7238,25739,0
7239,25739,0
7240,25739,0
7241,25642,74
7242,25707,24
7243,25702,28
7244,25421,244
7245,25702,28
7246,25333,312
7247,22794,2388
7248,25739,0
7249,25739,0
7250,22033,3056
7251,23669,1648
7252,25333,312
7253,24793,736
7254,25739,0
7255,25739,0
7256,24677,828
7257,23237,2010
7258,25739,0
7259,25164,444
7260,25739,0
7261,25739,0
7262,25739,0
7263,25551,144
7264,25707,24
7265,25707,24
7266,25676,48
7267,25739,0
7268,22981,2228
7269,25431,236
7270,25739,0
7271,25739,0
7272,25739,0
7273,25692,36
7274,22603,2554
7275,25702,28
7276,21163,3848
7277,22924,2276
7278,25739,0
7279,25739,0
7280,25739,0
7281,25739,0
7282,25739,0
7283,25739,0
7284,25739,0
7285,25739,0
7286,25739,0
7287,25739,0
7288,25739,0
7289,8912,20848
7290,25739,0
7291,23131,2100
7292,25739,0
7293,25739,0
7294,24467,996
7295,25739,0
7296,25739,0
7297,25739,0
7298,25739,0
7299,25739,0
7300,25470,206
7301,25739,0
7302,25739,0
7303,25739,0
7304,25692,36
7305,25739,0
7306,25676,48
7307,25739,0
7308,25739,0
7309,25739,0
7310,25739,0
7311,25739,0
7312,25739,0
7313,25739,0
7314,25739,0
7315,25739,0
7316,24554,926
7317,25739,0
7318,23789,1548
7319,25739,0
7320,17722,7336
7321,25739,0
7322,25739,0
7323,25707,24
7324,25739,0
7325,25739,0
7326,25739,0
7327,19921,5036
7328,25577,124
7329,25069,518
7330,25676,48
7331,25739,0
7332,25707,24
7333,25739,0
7334,25739,0
7335,25739,0
7336,25642,74
7337,25739,0
7338,24826,710
7339,2962,42500
7340,25707,24
7341,25739,0
7342,25739,0
7343,25739,0
7344,25739,0
7345,25739,0
7346,25739,0
7347,25739,0
7348,25739,0
7349,25739,0
7350,21433,3598
7351,25739,0
7352,18469,6524
7353,25739,0
7354,24929,628
7355,25739,0
7356,25707,24
7357,25739,0
7358,23381,1888
7359,23102,2124
7360,25671,52
7361,25739,0
7362,25739,0
7363,23389,1882
7364,16808,8376
7365,24644,854
7366,25739,0
7367,25739,0
7368,25739,0
7369,22725,2448
7370,25739,0
7371,25739,0
7372,25739,0
7373,25707,24
7374,25739,0
7375,25739,0
7376,25577,124
7377,25739,0
7378,25739,0
7379,25739,0
7380,25739,0
7381,25739,0
7382,23192,2048
7383,25739,0
7384,25739,0
7385,24232,1186
7386,19901,5056
7387,25739,0
7388,25739,0
7389,25739,0
7390,25739,0
7391,25739,0
7392,24929,628
7393,25148,456
7394,25739,0
7395,25739,0
7396,24922,634
7397,25739,0
7398,25739,0
7399,25739,0
7400,25739,0
7401,25739,0
7402,13507,12674
7403,25676,48
7404,24604,886
7405,11727,15452
7406,25739,0
7407,25739,0
7408,24934,624
7409,25739,0
7410,25739,0
7411,25577,124
7412,25739,0
7413,25739,0
7414,25739,0
7415,25110,486
7416,25739,0
7417,25138,464
7418,25248,378
7419,25739,0
7420,25739,0
7421,25739,0
7422,25739,0
7423,25739,0
7424,25739,0
7425,25739,0
7426,25739,0
7427,25154,452
7428,25739,0
7429,25739,0
7430,25707,24
7431,25739,0
7432,25644,72
7433,25739,0
7434,25739,0
7435,25702,28
7436,25739,0
7437,25739,0
7438,25739,0
7439,25739,0
7440,25702,28
7441,25739,0
7442,25739,0
7443,25572,128
7444,25739,0
7445,25739,0
7446,25739,0
7447,23251,1998
7448,25692,36
7449,22454,2684
7450,25739,0
7451,25739,0
7452,22804,2380
7453,25702,28
7454,24934,624
7455,25739,0
7456,25739,0
7457,25739,0
7458,24879,668
7459,25739,0
7460,25702,28
7461,25739,0
7462,23818,1524
7463,25739,0
7464,25739,0
7465,25739,0
7466,25739,0
7467,25739,0
7468,24557,924
7469,25739,0
7470,25739,0
7471,25739,0
7472,25707,24
7473,25739,0
7474,25702,28
7475,25739,0
7476,25739,0
7477,25739,0
7478,25739,0
7479,23780,1556
7480,25739,0
7481,25739,0
7482,13063,13332
7483,25739,0
7484,24557,924
7485,25739,0
7486,25739,0
7487,25739,0
7488,23532,1762
7489,25739,0
7490,25739,0
7491,25739,0
7492,19708,5248
7493,25702,28
7494,25739,0
7495,25739,0
7496,25676,48
7497,25739,0
7498,25739,0
7499,25739,0
7500,25642,74
7501,25739,0
7502,25739,0
7503,25739,0
7504,25739,0
7505,25739,0
7506,25739,0
7507,25739,0
7508,25739,0
7509,25481,198
7510,25739,0
7511,25739,0
7512,25739,0
7513,25739,0
7514,25692,36
7515,18428,6568
7516,25739,0
7517,25739,0
7518,24993,578
7519,25739,0
7520,25739,0
7521,25739,0
7522,25739,0
7523,25739,0
7524,25739,0
7525,25739,0
7526,25739,0
7527,25739,0
7528,23940,1424
7529,25739,0
7530,25120,478
7531,25739,0
7532,25739,0
7533,25739,0
7534,25739,0
7535,23693,1628
7536,22616,2542
7537,25739,0
7538,25739,0
7539,22609,2548
7540,25739,0
7541,25031,548
7542,25702,28
7543,25739,0
7544,23020,2194
7545,25739,0
7546,25447,224
7547,25739,0
7548,25739,0
7549,25739,0
7550,25739,0
7551,25739,0
7552,25739,0
7553,23039,2178
7554,16441,8810
7555,25739,0
7556,25739,0
7557,25739,0
7558,25739,0
7559,25739,0
7560,22637,2524
7561,25739,0
7562,20551,4424
7563,25739,0
7564,25739,0
7565,25739,0
7566,25739,0
7567,25739,0
7568,25739,0
7569,24657,844
7570,25660,60
7571,25739,0
7572,25739,0
7573,23489,1798
7574,25739,0
7575,24170,1236
7576,25739,0
7577,25159,448
7578,25739,0
7579,25739,0
7580,25739,0
7581,25577,124
7582,25739,0
7583,25739,0
7584,25739,0
7585,25739,0
7586,25739,0
7587,25739,0
7588,25739,0
7589,25739,0
7590,25707,24
7591,25739,0
7592,25739,0
7593,25739,0
7594,25739,0
7595,25739,0
7596,25739,0
7597,25739,0
7598,22623,2536
7599,20635,4344
7600,25739,0
7601,25739,0
7602,25739,0
7603,25739,0
7604,25739,0
7605,25739,0
7606,25739,0
7607,23809,1532
7608,25739,0
7609,25739,0
7610,25676,48
7611,25739,0
7612,25739,0
7613,25739,0
7614,24392,1056
7615,25739,0
7616,23157,2078
7617,25739,0
7618,25707,24
7619,25739,0
7620,25739,0
7621,25189,424
7622,25739,0
7623,25665,56
7624,25739,0
7625,25739,0
7626,25739,0
7627,25658,62
7628,25739,0
7629,23192,2048
7630,25739,0
7631,24155,1248
7632,25739,0
7633,25739,0
7634,25739,0
7635,25739,0
7636,25046,536
7637,25739,0
7638,14936,10698
7639,25739,0
7640,11876,15204
7641,25739,0
7642,24667,836
7643,25739,0
7644,25739,0
7645,25739,0
7646,25739,0
7647,25707,24
7648,12547,14124
7649,25739,0
7650,25739,0
7651,25499,184
7652,23102,2124
7653,25739,0
7654,25739,0
7655,25739,0
7656,25739,0
7657,25739,0
7658,23164,2072
7659,25739,0
7660,25739,0
7661,1871,51528
7662,25739,0
7663,25739,0
7664,25444,226
7665,25739,0
7666,25739,0
7667,25739,0
7668,22672,2494
7669,25739,0
7670,25739,0
7671,25739,0
7672,25739,0
7673,25739,0
7674,21519,3520
7675,25739,0
7676,25739,0
7677,25174,436
7678,25739,0
7679,25739,0
7680,25739,0
7681,23541,1754
7682,25739,0
7683,25739,0
7684,25739,0
7685,25739,0
7686,25707,24
7687,25739,0
7688,25739,0
7689,25739,0
7690,25739,0
7691,25739,0
7692,25739,0
7693,24170,1236
7694,25739,0
7695,25739,0
7696,25739,0
7697,25561,136
7698,25739,0
7699,25739,0
7700,25739,0
7701,25707,24
7702,25739,0
7703,25658,62
7704,25739,0
7705,25189,424
7706,25739,0
7707,25739,0
7708,25739,0
7709,25739,0
7710,24340,1098
7711,25739,0
7712,25692,36
7713,25739,0
7714,25739,0
7715,25739,0
7716,25739,0
7717,25739,0
7718,17277,7836
7719,25707,24
7720,25133,468
7721,25577,124
7722,25702,28
7723,25739,0
7724,25739,0
7725,25739,0
7726,25739,0
7727,25739,0
7728,25739,0
7729,25739,0
7730,25739,0
7731,24303,1128
7732,24929,628
7733,25313,328
7734,20610,4368
7735,24705,806
7736,25739,0
7737,25739,0
7738,25739,0
7739,25702,28
7740,25739,0
7741,25739,0
7742,25739,0
7743,25739,0
7744,25739,0
7745,25739,0
7746,25739,0
7747,25739,0
7748,15145,10424
7749,25739,0
7750,22292,2826
7751,25739,0
7752,25739,0
7753,12796,13738
7754,24323,1112
7755,20472,4500
7756,25739,0
7757,25739,0
7758,25577,124
7759,25739,0
7760,25739,0
7761,25707,24
7762,21611,3436
7763,25739,0
7764,25739,0
7765,25739,0
7766,25287,348
7767,25665,56
7768,25739,0
7769,25707,24
7770,25739,0
7771,24370,1074
7772,23577,1724
7773,25739,0
7774,6501,27048
7775,25739,0
7776,24843,696
7777,25739,0
7778,25739,0
7779,25702,28
7780,25739,0
7781,25739,0
7782,25582,120
7783,25739,0
7784,25739,0
7785,25739,0
7786,25739,0
7787,25739,0
7788,25739,0
7789,25739,0
7790,25739,0
7791,25739,0
7792,25739,0
7793,25739,0
7794,25739,0
7795,25739,0
7796,17866,7176
7797,25739,0
7798,24904,648
7799,25739,0
7800,25739,0
7801,25739,0
7802,25739,0
7803,25739,0
7804,17398,7698
7805,25739,0
7806,25520,168
7807,25739,0
7808,25739,0
7809,25447,224
7810,23220,2024
7811,25598,108
7812,25739,0
7813,25608,100
7814,25739,0
7815,25739,0
7816,25739,0
7817,25739,0
7818,24682,824
7819,25739,0
7820,25739,0
7821,25707,24
7822,25676,48
7823,25603,104
7824,22069,3024
7825,25650,68
7826,25739,0
7827,25739,0
7828,25739,0
7829,25739,0
7830,25739,0
7831,25739,0
7832,25739,0
7833,25739,0
7834,25692,36
7835,25739,0
7836,24552,928
7837,25739,0
7838,25739,0
7839,25739,0
7840,25739,0
7841,25739,0
7842,25702,28
7843,25739,0
7844,25702,28
7845,25739,0
7846,25739,0
7847,25739,0
7848,17856,7188
7849,25739,0
7850,25613,96
7851,18941,6028
7852,25707,24
7853,25707,24
7854,25739,0
7855,25739,0
7856,25739,0
7857,25739,0
7858,25739,0
7859,25739,0
7860,25739,0
7861,25707,24
7862,25739,0
7863,25739,0
7864,25739,0
7865,25702,28
7866,25739,0
7867,25739,0
7868,25739,0
7869,25739,0
7870,24380,1066
7871,25238,386
7872,25739,0
7873,25739,0
7874,25739,0
7875,25739,0
7876,25739,0
7877,25739,0
7878,25739,0
7879,23112,2116
7880,25421,244
7881,25739,0
7882,25676,48
7883,25739,0
7884,25739,0
7885,25739,0
7886,25739,0
7887,25739,0
7888,25739,0
7889,24934,624
7890,25739,0
7891,24325,1110
7892,25739,0
7893,25739,0
7894,24904,648
7895,25739,0
7896,25739,0
7897,25739,0
7898,25739,0
7899,22580,2574
7900,23886,1468
7901,20978,4020
7902,23763,1570
7903,25739,0
7904,25739,0
7905,25739,0
7906,25739,0
7907,25739,0
7908,25739,0
7909,22637,2524
7910,25702,28
7911,25739,0
7912,25739,0
7913,25739,0
7914,25739,0
7915,1928,50940
7916,25739,0
7917,25739,0
7918,25739,0
7919,25739,0
7920,25739,0
7921,25739,0
7922,25739,0
7923,25739,0
7924,25739,0
7925,25739,0
7926,25739,0
7927,25739,0
7928,25707,24
7929,25739,0
7930,25739,0
7931,25739,0
7932,25739,0
7933,25707,24
7934,25739,0
7935,22695,2474
7936,25739,0
7937,25739,0
7938,25739,0
7939,25739,0
7940,25739,0
7941,25739,0
7942,25739,0
7943,25494,188
7944,25739,0
7945,25739,0
7946,25739,0
7947,25707,24
7948,25739,0
7949,25739,0
7950,25739,0
7951,24023,1356
7952,25739,0
7953,25739,0
7954,25739,0
7955,25739,0
7956,25702,28
7957,25739,0
7958,24589,898
7959,25739,0
7960,25739,0
7961,25739,0
7962,25739,0
7963,25739,0
7964,25707,24
7965,25739,0
7966,25676,48
7967,25739,0
7968,25739,0
7969,25739,0
7970,25739,0
7971,25577,124
7972,25577,124
7973,24682,824
7974,25681,44
7975,21462,3572
7976,21593,3452
7977,25692,36
7978,25739,0
7979,25739,0
7980,24033,1348
7981,25739,0
7982,25739,0
7983,8155,22592
7984,25739,0
7985,17553,7524
7986,17812,7236
7987,23339,1924
7988,24677,828
7989,25123,476
7990,24067,1320
7991,25739,0
7992,23310,1948
7993,22229,2882
7994,1783,52480
7995,25739,0
7996,25739,0
7997,25739,0
7998,25739,0
7999,25739,0
8000,25739,0
8001,25739,0
8002,25174,436
8003,25739,0
8004,25671,52
8005,25062,524
8006,25739,0
8007,25707,24
8008,25739,0
8009,25739,0
8010,24950,612
8011,24993,578
8012,25739,0
8013,25739,0
8014,25739,0
8015,25739,0
8016,25707,24
8017,25739,0
8018,25739,0
8019,25739,0
8020,25031,548
8021,25739,0
8022,25739,0
8023,25739,0
8024,25739,0
8025,25739,0
8026,25676,48
8027,25739,0
8028,25739,0
8029,24970,596
8030,25739,0
8031,25702,28
8032,25707,24
8033,25739,0
8034,25739,0
8035,24710,802
8036,25739,0
8037,21309,3712
8038,25739,0
8039,9694,19194
8040,25739,0
8041,25739,0
8042,25707,24
8043,20953,4044
8044,25382,274
8045,25739,0
8046,25739,0
8047,25739,0
8048,25739,0
8049,25739,0
8050,25739,0
8051,25254,374
8052,25739,0
8053,23789,1548
8054,24894,656
8055,24432,1024
8056,25739,0
8057,25739,0
8058,25739,0
8059,25382,274
8060,25739,0
8061,25739,0
8062,25739,0
8063,25739,0
8064,25411,252
8065,25739,0
8066,25739,0
8067,25600,106
8068,25739,0
8069,25702,28
8070,25739,0
8071,25707,24
8072,25739,0
8073,21644,3406
8074,25692,36
8075,25739,0
8076,25739,0
8077,24778,748
8078,23940,1424
8079,16035,9302
8080,25739,0
8081,25739,0
8082,25739,0
8083,25739,0
8084,25739,0
8085,25702,28
8086,25739,0
8087,25739,0
8088,25739,0
8089,24752,768
8090,25739,0
8091,25692,36
8092,25739,0
8093,25739,0
8094,25739,0
8095,25739,0
8096,24432,1024
8097,19877,5080
8098,25739,0
8099,25739,0
8100,24904,648
8101,25739,0
8102,25739,0
8103,25739,0
8104,25739,0
8105,25739,0
8106,23220,2024
8107,25707,24
8108,25739,0
8109,25739,0
8110,25739,0
8111,25739,0
8112,25739,0
8113,25739,0
8114,24919,636
8115,24823,712
8116,25739,0
8117,25189,424
8118,25739,0
8119,24677,828
8120,25739,0
8121,25739,0
8122,24745,774
8123,25739,0
8124,25739,0
8125,25739,0
8126,25739,0
8127,25739,0
8128,25739,0
8129,25739,0
8130,25739,0
8131,25739,0
8132,25739,0
8133,25184,428
8134,25739,0
8135,25603,104
8136,25739,0
8137,25739,0
8138,25739,0
8139,24340,1098
8140,25739,0
8141,11503,15832
8142,24160,1244
8143,25739,0
8144,25739,0
8145,25739,0
8146,25739,0
8147,24904,648
8148,25676,48
8149,25739,0
8150,23994,1380
8151,25739,0
8152,25613,96
8153,25702,28
8154,25739,0
8155,21952,3128
8156,25702,28
8157,25739,0
8158,25739,0
8159,25707,24
8160,25676,48
8161,25739,0
8162,25520,168
8163,24123,1274
8164,25739,0
8165,25494,188
8166,25739,0
8167,25644,72
8168,25739,0
8169,25739,0
8170,25739,0
8171,25739,0
8172,25739,0
8173,25739,0
8174,25739,0
8175,25739,0
8176,19451,5506
8177,25739,0
8178,22397,2734
8179,25739,0
8180,25739,0
8181,25739,0
8182,25739,0
8183,25739,0
8184,23128,2102
8185,25642,74
8186,25739,0
8187,25364,288
8188,25739,0
8189,25739,0
8190,25739,0
8191,25287,348
8192,25551,144
8193,25702,28
8194,25739,0
8195,25739,0
8196,25707,24
8197,25739,0
8198,25739,0
8199,23563,1736
8200,25739,0
8201,25739,0
8202,25739,0
8203,23220,2024
8204,15608,9832
8205,25739,0
8206,22403,2728
8207,25739,0
8208,25658,62
8209,25739,0
8210,25739,0
8211,25739,0
8212,25739,0
8213,25739,0
8214,25739,0
8215,25739,0
8216,25639,76
8217,23277,1976
8218,25739,0
8219,25739,0
8220,25702,28
8221,25739,0
8222,25512,174
8223,25608,100
8224,23037,2180
8225,23760,1572
8226,24111,1284
8227,25739,0
8228,11985,15024
8229,25739,0
8230,24778,748
8231,25739,0
8232,24793,736
8233,24778,748
8234,25739,0
8235,25739,0
8236,23573,1728
8237,25739,0
8238,21327,3696
8239,25702,28
8240,25739,0
8241,25095,498
8242,25739,0
8243,25739,0
8244,25739,0
8245,25739,0
8246,25739,0
8247,25739,0
8248,25739,0
8249,23756,1576
8250,25739,0
8251,25577,124
8252,25318,324
8253,19409,5548
8254,23628,1682
8255,20430,4540
8256,25739,0
8257,25739,0
8258,25739,0
8259,25739,0
8260,25739,0
8261,25624,88
8262,25739,0
8263,25739,0
8264,25739,0
8265,25739,0
8266,25739,0
8267,25551,144
8268,25739,0
8269,25739,0
8270,25739,0
8271,25692,36
8272,25739,0
8273,25739,0
8274,25739,0
8275,25739,0
8276,23517,1774
8277,25292,344
8278,25313,328
8279,25739,0
8280,25739,0
8281,25512,174
8282,25642,74
8283,25739,0
8284,25189,424
8285,25739,0
8286,25739,0
8287,25739,0
8288,25377,278
8289,25739,0
8290,25739,0
8291,25739,0
8292,25739,0
8293,25739,0
8294,25739,0
8295,18469,6524
8296,25707,24
8297,23287,1968
8298,25739,0
8299,25739,0
8300,25406,256
8301,25739,0
8302,25739,0
8303,25739,0
8304,25739,0
8305,25739,0
8306,25707,24
8307,24072,1316
8308,25702,28
8309,25739,0
8310,25702,28
8311,25739,0
8312,22317,2804
8313,25062,524
8314,25031,548
8315,25739,0
8316,25702,28
8317,25739,0
8318,25739,0
8319,23458,1824
8320,25739,0
8321,25739,0
8322,23802,1538
8323,25739,0
8324,25739,0
8325,25739,0
8326,21624,3424
8327,25739,0
8328,25739,0
8329,23220,2024
8330,25313,328
8331,25739,0
8332,25739,0
8333,25739,0
8334,25739,0
8335,25739,0
8336,25739,0
8337,24033,1348
8338,25739,0
8339,25739,0
8340,25739,0
8341,25739,0
8342,25739,0
8343,25739,0
8344,25739,0
8345,25739,0
8346,25707,24
8347,25739,0
8348,25739,0
8349,25739,0
8350,25062,524
8351,25739,0
8352,22394,2736
8353,25739,0
8354,25739,0
8355,25739,0
8356,25707,24
8357,25739,0
8358,24380,1066
8359,20825,4164
8360,25739,0
8361,25739,0
8362,25739,0
8363,25702,28
8364,25739,0
8365,25261,368
8366,25739,0
8367,25739,0
8368,25739,0
8369,25739,0
8370,20616,4362
8371,25739,0
8372,25739,0
8373,23220,2024
8374,24259,1164
8375,25739,0
8376,25739,0
8377,25739,0
8378,25739,0
8379,25739,0
8380,23173,2064
8381,23372,1896
8382,25739,0
8383,25739,0
8384,25707,24
8385,20648,4332
8386,25739,0
8387,25739,0
8388,25739,0
8389,25739,0
8390,24126,1272
8391,25739,0
8392,25739,0
8393,25739,0
8394,25290,346
8395,25739,0
8396,25739,0
8397,25739,0
8398,25739,0
8399,25739,0
8400,25739,0
8401,24101,1292
8402,25739,0
8403,25739,0
8404,20505,4468
8405,25702,28
8406,25739,0
8407,25739,0
8408,25739,0
8409,25739,0
8410,25739,0
8411,25739,0
8412,25184,428
8413,24427,1028
8414,25739,0
8415,22787,2394
8416,25739,0
8417,25739,0
8418,25739,0
8419,25739,0
8420,25739,0
8421,25707,24
8422,25739,0
8423,25189,424
8424,25739,0
8425,22753,2424
8426,25739,0
8427,25739,0
8428,25036,544
8429,25702,28
8430,25739,0
8431,25739,0
8432,25385,272
8433,25739,0
8434,25739,0
8435,25739,0
8436,23294,1962
8437,25739,0
8438,25739,0
8439,24934,624
8440,1451,56524
8441,25739,0
8442,25739,0
8443,25739,0
8444,25062,524
8445,25739,0
8446,25676,48
8447,25739,0
8448,25739,0
8449,25512,174
8450,25739,0
8451,25739,0
8452,25739,0
8453,25739,0
8454,25739,0
8455,25739,0
8456,25739,0
8457,23683,1636
8458,23911,1448
8459,25739,0
8460,25739,0
8461,22586,2568
8462,25618,92
8463,25739,0
8464,25739,0
8465,25739,0
8466,25739,0
8467,25739,0
8468,24033,1348
8469,22154,2948
8470,25739,0
8471,25739,0
8472,25739,0
8473,25702,28
8474,25707,24
8475,25676,48
8476,25739,0
8477,25739,0
8478,25739,0
8479,25739,0
8480,25739,0
8481,25739,0
8482,25739,0
8483,25702,28
8484,25739,0
8485,25692,36
8486,25269,362
8487,25351,298
8488,25739,0
8489,25164,444
8490,25739,0
8491,25095,498
8492,25328,316
8493,25739,0
8494,25739,0
8495,25702,28
8496,25739,0
8497,25739,0
8498,25739,0
8499,25739,0
8500,25739,0
8501,25739,0
8502,25739,0
8503,25739,0
8504,25739,0
8505,25739,0
8506,25421,244
8507,25739,0
8508,16588,8636
8509,25739,0
8510,25739,0
8511,23332,1930
8512,24929,628
8513,25676,48
8514,25739,0
8515,25702,28
8516,23220,2024
8517,25739,0
8518,25520,168
8519,25739,0
8520,25739,0
8521,25739,0
8522,25739,0
8523,25739,0
8524,25739,0
8525,25739,0
8526,25739,0
8527,25739,0
8528,25739,0
8529,25739,0
8530,25739,0
8531,25739,0
8532,25739,0
8533,24998,574
8534,25739,0
8535,25739,0
8536,25739,0
8537,24677,828
8538,25634,80
8539,25739,0
8540,25739,0
8541,25377,278
8542,25739,0
8543,25739,0
8544,23102,2124
8545,25739,0
8546,25739,0
8547,25739,0
8548,25644,72
8549,25739,0
8550,25739,0
8551,25702,28
8552,24180,1228
8553,25739,0
8554,25739,0
8555,25739,0
8556,25739,0
8557,25739,0
8558,25676,48
8559,21436,3596
8560,6165,28092
8561,25739,0
8562,25739,0
8563,21957,3124
8564,25739,0
8565,25739,0
8566,25739,0
8567,24395,1054
8568,25739,0
8569,24432,1024
8570,25739,0
8571,24778,748
8572,25739,0
8573,25739,0
8574,25739,0
8575,22244,2868
8576,23192,2048
8577,25739,0
8578,25739,0
8579,25739,0
8580,25739,0
8581,25739,0
8582,25739,0
8583,25398,262
8584,25739,0
8585,25739,0
8586,24737,780
8587,24145,1256
8588,25739,0
8589,25739,0
8590,23712,1612
8591,25739,0
8592,25739,0
8593,22845,2344
8594,23251,1998
8595,25739,0
8596,25702,28
8597,9184,20256
8598,25739,0
8599,25302,336
8600,25739,0
8601,25261,368
8602,25739,0
8603,25739,0
8604,25739,0
8605,25639,76
8606,25739,0
8607,25739,0
8608,25739,0
8609,25658,62
8610,25241,384
8611,25739,0
8612,25739,0
8613,3492,39264
8614,25739,0
8615,25739,0
8616,25739,0
8617,17848,7196
8618,25739,0
8619,25739,0
8620,25739,0
8621,25357,294
8622,24934,624
8623,25739,0
8624,25739,0
8625,25739,0
8626,25739,0
8627,25707,24
8628,25676,48
8629,25739,0
8630,25739,0
8631,21686,3368
8632,25739,0
8633,25739,0
8634,25642,74
8635,25739,0
8636,25120,478
8637,25739,0
8638,25739,0
8639,23216,2028
8640,25739,0
8641,25739,0
8642,25739,0
8643,25739,0
8644,25739,0
8645,25739,0
8646,25421,244
8647,25308,332
8648,25739,0
8649,25739,0
8650,25739,0
8651,25739,0
8652,25442,228
8653,25739,0
8654,113,106758
8655,25739,0
8656,25341,306
8657,25739,0
8658,25634,80
8659,25739,0
8660,25739,0
8661,25739,0
8662,17950,7084
8663,24033,1348
8664,25739,0
8665,25739,0
8666,25739,0
8667,25739,0
8668,24557,924
8669,25739,0
8670,24018,1360
8671,23275,1978
8672,7430,24422
8673,25739,0
8674,25739,0
8675,25739,0
8676,25707,24
8677,25739,0
8678,25739,0
8679,25739,0
8680,25357,294
8681,25739,0
8682,25739,0
8683,25739,0
8684,25739,0
8685,25739,0
8686,25665,56
8687,24871,674
8688,25739,0
8689,25739,0
8690,25739,0
8691,25692,36
8692,25739,0
8693,25739,0
8694,25739,0
8695,25739,0
8696,25739,0
8697,25501,182
8698,25739,0
8699,25707,24
8700,23700,1622
8701,25739,0
8702,25739,0
8703,25739,0
8704,23339,1924
8705,25125,474
8706,25739,0
8707,25739,0
8708,25739,0
8709,25739,0
8710,25707,24
8711,25739,0
8712,18456,6538
8713,25739,0
8714,25739,0
8715,25739,0
8716,25739,0
8717,25164,444
8718,25634,80
8719,25326,318
8720,25739,0
8721,25739,0
8722,25707,24
8723,18922,6048
8724,25739,0
8725,25739,0
8726,25739,0
8727,25739,0
8728,25707,24
8729,25739,0
8730,25739,0
8731,24818,716
8732,25739,0
8733,25739,0
8734,25739,0
8735,25739,0
8736,25739,0
8737,25739,0
8738,25739,0
8739,25739,0
8740,25434,234
8741,25739,0
8742,25056,528
8743,25739,0
8744,25739,0
8745,25739,0
8746,25739,0
8747,25739,0
8748,25707,24
8749,25739,0
8750,25739,0
8751,25739,0
8752,25739,0
8753,24062,1324
8754,25739,0
8755,25739,0
8756,25739,0
8757,25692,36
8758,25613,96
8759,25739,0
8760,25739,0
8761,25739,0
8762,25739,0
8763,25421,244
8764,25739,0
8765,25739,0
8766,25739,0
8767,25739,0
8768,25739,0
8769,25739,0
8770,25739,0
8771,25739,0
8772,23539,1756
8773,25739,0
8774,25739,0
8775,25739,0
8776,9802,18976
8777,25739,0
8778,25676,48
8779,25707,24
8780,25739,0
8781,25739,0
8782,25739,0
8783,25739,0
8784,25739,0
8785,25707,24
8786,25739,0
8787,25739,0
8788,25739,0
8789,25739,0
8790,25739,0
8791,25739,0
8792,25739,0
8793,17698,7362
8794,25739,0
8795,25189,424
8796,21728,3330
8797,25739,0
8798,25318,324
8799,25739,0
8800,25739,0
8801,25739,0
8802,25036,544
8803,25447,224
8804,25739,0
8805,25739,0
8806,25681,44
8807,25739,0
8808,25739,0
8809,25739,0
8810,25702,28
8811,23152,2082
8812,25739,0
8813,25739,0
8814,25739,0
8815,25739,0
8816,23794,1544
8817,25739,0
8818,25739,0
8819,24432,1024
8820,25739,0
8821,25739,0
8822,25665,56
8823,25739,0
8824,25739,0
8825,25739,0
8826,25739,0
8827,25739,0
8828,25739,0
8829,25739,0
8830,25739,0
8831,25546,148
8832,25644,72
8833,25739,0
8834,25739,0
8835,25254,374
8836,25739,0
8837,25739,0
8838,25739,0
8839,25739,0
8840,15417,10074
8841,25739,0
8842,25739,0
8843,21273,3746
8844,25377,278
8845,25739,0
8846,25739,0
8847,25739,0
8848,25739,0
8849,25676,48
8850,25739,0
8851,25739,0
8852,25739,0
8853,25739,0
8854,25739,0
8855,25739,0
8856,25739,0
8857,25739,0
8858,25739,0
8859,25739,0
8860,25739,0
8861,24023,1356
8862,25739,0
8863,25739,0
8864,25739,0
8865,25739,0
8866,25739,0
8867,21219,3796
8868,24308,1124
8869,25447,224
8870,25665,56
8871,25739,0
8872,25739,0
8873,25613,96
8874,25739,0
8875,25739,0
8876,25739,0
8877,25739,0
8878,25739,0
8879,25739,0
8880,25739,0
8881,25739,0
8882,25739,0
8883,25739,0
8884,25739,0
8885,25421,244
8886,25739,0
8887,25613,96
8888,25739,0
8889,25739,0
8890,25739,0
8891,21392,3636
8892,25702,28
8893,25739,0
8894,25739,0
8895,25739,0
8896,25739,0
8897,25739,0
8898,25739,0
8899,25739,0
8900,25739,0
8901,24244,1176
8902,25739,0
8903,25676,48
8904,25739,0
8905,25739,0
8906,25189,424
8907,25739,0
8908,25739,0
8909,25739,0
8910,25512,174
8911,25739,0
8912,22422,2712
8913,25739,0
8914,25739,0
8915,25120,478
8916,25739,0
8917,25739,0
8918,25739,0
8919,25452,220
8920,25739,0
8921,24062,1324
8922,25707,24
8923,25739,0
8924,25739,0
8925,25739,0
8926,25739,0
8927,25739,0
8928,25184,428
8929,25739,0
8930,25739,0
8931,25739,0
8932,23077,2146
8933,25739,0
8934,25739,0
8935,24783,744
8936,25739,0
8937,25739,0
8938,25739,0
8939,25739,0
8940,25739,0
8941,25739,0
8942,25739,0
8943,22210,2898
8944,25739,0
8945,23339,1924
8946,25739,0
8947,21841,3228
8948,22554,2596
8949,25739,0
8950,25739,0
8951,25739,0
8952,25739,0
8953,25739,0
8954,25739,0
8955,25739,0
8956,24432,1024
8957,25739,0
8958,25739,0
8959,24052,1332
8960,25739,0
8961,25739,0
8962,22748,2428
8963,25739,0
8964,25707,24
8965,23320,1940
8966,24057,1328
8967,25739,0
8968,25739,0
8969,25739,0
8970,25676,48
8971,25739,0
8972,25739,0
8973,25739,0
8974,25326,318
8975,25739,0
8976,25739,0
8977,25739,0
8978,25351,298
8979,25739,0
8980,25655,64
8981,25739,0
8982,25644,72
8983,25739,0
8984,25739,0
8985,25739,0
8986,25739,0
8987,25707,24
8988,23194,2046
8989,25739,0
8990,23220,2024
8991,25739,0
8992,22992,2218
8993,25739,0
8994,25739,0
8995,25631,82
8996,18837,6136
8997,25739,0
8998,25739,0
8999,22552,2598
9000,25292,344
9001,25707,24
9002,25739,0
9003,25739,0
9004,25739,0
9005,25507,178
9006,25739,0
9007,25739,0
9008,25447,224
9009,25739,0
9010,25739,0
9011,25739,0
9012,25739,0
9013,25739,0
9014,25739,0
9015,25739,0
9016,25739,0
9017,25739,0
9018,25739,0
9019,25739,0
9020,25739,0
9021,25739,0
9022,25739,0
9023,25739,0
9024,23974,1396
9025,25540,152
9026,25739,0
9027,25603,104
9028,25739,0
9029,25739,0
9030,15900,9468
9031,25739,0
9032,22637,2524
9033,25739,0
9034,25739,0
9035,25739,0
9036,25046,536
9037,25739,0
9038,24929,628
9039,25739,0
9040,25739,0
9041,24803,728
9042,25739,0
9043,25739,0
9044,25739,0
9045,25739,0
9046,25248,378
9047,24904,648
9048,25739,0
9049,25739,0
9050,25739,0
9051,25739,0
9052,9108,20420
9053,25447,224
9054,25739,0
9055,2018,50048
9056,25739,0
9057,25739,0
9058,25447,224
9059,25739,0
9060,25739,0
9061,25739,0
9062,25739,0
9063,25739,0
9064,23647,1666
9065,25739,0
9066,22177,2928
9067,25739,0
9068,25739,0
9069,25739,0
9070,25739,0
9071,25739,0
9072,25629,84
9073,25739,0
9074,25739,0
9075,25739,0
9076,25739,0
9077,21827,3240
9078,25739,0
9079,25739,0
9080,25739,0
9081,25585,118
9082,25739,0
9083,17825,7222
9084,25739,0
9085,25251,376
9086,25739,0
9087,25739,0
9088,25739,0
9089,25739,0
9090,25739,0
9091,25739,0
9092,25739,0
9093,25739,0
9094,25494,188
9095,25739,0
9096,23633,1678
9097,24682,824
9098,25692,36
9099,25739,0
9100,25739,0
9101,25739,0
9102,22403,2728
9103,25707,24
9104,25739,0
9105,25739,0
9106,25739,0
9107,25739,0
9108,25739,0
9109,25739,0
9110,25676,48
9111,25739,0
9112,25739,0
9113,25269,362
9114,25739,0
9115,25739,0
9116,24308,1124
9117,22433,2702
9118,25739,0
9119,25133,468
9120,25739,0
9121,20105,4856
9122,25739,0
9123,23220,2024
9124,25676,48
9125,25739,0
9126,24350,1090
9127,25739,0
9128,25739,0
9129,25739,0
9130,17779,7272
9131,25739,0
9132,17112,8024
9133,25739,0
9134,25739,0
9135,25739,0
9136,25665,56
9137,25566,132
9138,25739,0
9139,25739,0
9140,25739,0
9141,19930,5028
9142,25739,0
9143,25739,0
9144,25739,0
9145,25739,0
9146,24919,636
9147,25349,300
9148,25603,104
9149,25739,0
9150,25739,0
9151,25739,0
9152,25739,0
9153,25739,0
9154,24967,598
9155,23674,1644
9156,25739,0
9157,25739,0
9158,21527,3512
9159,25739,0
9160,25739,0
9161,25739,0
9162,25069,518
9163,25739,0
9164,1897,51260
9165,25739,0
9166,25739,0
9167,25739,0
9168,25702,28
9169,25739,0
9170,25739,0
9171,25739,0
9172,25739,0
9173,25739,0
9174,25739,0
9175,25739,0
9176,23225,2020
9177,25739,0
9178,25676,48
9179,25634,80
9180,25739,0
9181,25692,36
9182,23220,2024
9183,25421,244
9184,25739,0
9185,25739,0
9186,25739,0
9187,22957,2248
9188,25739,0
9189,25739,0
9190,10737,17186
9191,25739,0
9192,25739,0
9193,25739,0
9194,22753,2424
9195,25702,28
9196,25739,0
9197,25739,0
9198,24886,662
9199,25739,0
9200,24720,794
9201,25739,0
9202,25739,0
9203,25739,0
9204,25739,0
9205,25739,0
9206,25739,0
9207,25739,0
9208,25739,0
9209,25739,0
9210,25739,0
9211,22651,2512
9212,25739,0
9213,25707,24
9214,25739,0
9215,25739,0
9216,25739,0
9217,25702,28
9218,25739,0
9219,25739,0
9220,25739,0
9221,25739,0
9222,25739,0
9223,22527,2620
9224,25739,0
9225,6670,26544
9226,25739,0
9227,25739,0
9228,25739,0
9229,23339,1924
9230,25739,0
9231,23877,1476
9232,25739,0
9233,25739,0
9234,25739,0
9235,25739,0
9236,25739,0
9237,23695,1626
9238,25739,0
9239,25739,0
9240,25739,0
9241,25739,0
9242,18749,6228
9243,25739,0
9244,25739,0
9245,25739,0
9246,25739,0
9247,25739,0
9248,25739,0
9249,25739,0
9250,23734,1594
9251,25739,0
9252,25739,0
9253,25739,0
9254,25739,0
9255,25707,24
9256,25739,0
9257,25739,0
9258,23911,1448
9259,25739,0
9260,25707,24
9261,25739,0
9262,25739,0
9263,25739,0
9264,25739,0
9265,25739,0
9266,25739,0
9267,25739,0
9268,25739,0
9269,25626,86
9270,25676,48
9271,25739,0
9272,25707,24
9273,25707,24
9274,25739,0
9275,25739,0
9276,21096,3910
9277,25739,0
9278,25739,0
9279,25616,94
9280,22033,3056
9281,25739,0
9282,25739,0
9283,25676,48
9284,25739,0
9285,25739,0
9286,25223,398
9287,25739,0
9288,25739,0
9289,25739,0
9290,25739,0
9291,25739,0
9292,25739,0
9293,25739,0
9294,25739,0
9295,24803,728
9296,25739,0
9297,25739,0
9298,25739,0
9299,25739,0
9300,25739,0
9301,25739,0
9302,25739,0
9303,25739,0
9304,25739,0
9305,25702,28
9306,19003,5964
9307,25676,48
9308,25739,0
9309,25739,0
9310,24993,578
9311,25739,0
9312,25739,0
9313,21721,3336
9314,25739,0
9315,25739,0
9316,25739,0
9317,25739,0
9318,25416,248
9319,25739,0
9320,25739,0
9321,25739,0
9322,25739,0
9323,24894,656
9324,21626,3422
9325,25739,0
9326,21885,3188
9327,25120,478
9328,25739,0
9329,25739,0
9330,25739,0
9331,25739,0
9332,25739,0
9333,24622,872
9334,25739,0
9335,24682,824
9336,25739,0
9337,25739,0
9338,25739,0
9339,25739,0
9340,25739,0
9341,23693,1628
9342,25702,28
9343,25739,0
9344,25739,0
9345,25739,0
9346,25739,0
9347,23940,1424
9348,25592,112
9349,25739,0
9350,25702,28
9351,25739,0
9352,25702,28
9353,25739,0
9354,21841,3228
9355,25739,0
9356,25739,0
9357,25707,24
9358,25676,48
9359,25739,0
9360,25251,376
9361,25739,0
9362,25318,324
9363,25739,0
9364,25739,0
9365,25739,0
9366,25739,0
9367,25577,124
9368,25613,96
9369,25739,0
9370,25442,228
9371,25739,0
9372,25739,0
9373,20861,4130
9374,15720,9692
9375,25739,0
9376,16196,9105
9377,25739,0
9378,25739,0
9379,25739,0
9380,25739,0
9381,25739,0
9382,25739,0
9383,25739,0
9384,21167,3844
9385,25739,0
9386,25421,244
9387,25707,24
9388,25739,0
9389,25707,24
9390,25739,0
9391,25739,0
9392,25692,36
9393,25739,0
9394,25739,0
9395,25739,0
9396,25739,0
9397,25739,0
9398,25739,0
9399,25739,0
9400,18814,6160
9401,25739,0
9402,25739,0
9403,25739,0
9404,25702,28
9405,25416,248
9406,24417,1036
9407,25739,0
9408,25739,0
9409,25739,0
9410,25739,0
9411,25739,0
9412,25739,0
9413,25739,0
9414,25739,0
9415,25707,24
9416,22394,2736
9417,25702,28
9418,25739,0
9419,25739,0
9420,25739,0
9421,25739,0
9422,25179,432
9423,25707,24
9424,25739,0
9425,21545,3496
9426,25707,24
9427,25501,182
9428,25739,0
9429,25739,0
9430,25739,0
9431,25739,0
9432,25739,0
9433,25739,0
9434,24793,736
9435,24677,828
9436,22637,2524
9437,25739,0
9438,25739,0
9439,24998,574
9440,25130,470
9441,25739,0
9442,25739,0
9443,25739,0
9444,23940,1424
9445,25739,0
9446,25739,0
9447,25739,0
9448,25739,0
9449,23683,1636
9450,25739,0
9451,18922,6048
9452,25739,0
9453,25739,0
9454,25739,0
9455,25739,0
9456,21501,3536
9457,25315,326
9458,25739,0
9459,25739,0
9460,25739,0
9461,25287,348
9462,25739,0
9463,25739,0
9464,24868,676
9465,25739,0
9466,25739,0
9467,24197,1214
9468,25739,0
9469,25739,0
9470,25702,28
9471,25739,0
9472,25707,24
9473,25739,0
9474,25616,94
9475,24934,624
9476,24934,624
9477,22433,2702
9478,24904,648
9479,25739,0
9480,23107,2120
9481,22748,2428
9482,25739,0
9483,24291,1138
9484,25739,0
9485,25739,0
9486,25739,0
9487,23161,2074
9488,24432,1024
9489,25739,0
9490,22394,2736
9491,25739,0
9492,25739,0
9493,24089,1302
9494,25739,0
9495,17464,7624
9496,25739,0
9497,25739,0
9498,25702,28
9499,25739,0
9500,25613,96
9501,25739,0
9502,25077,512
9503,15752,9652
9504,23741,1588
9505,25739,0
9506,25739,0
9507,25739,0
9508,25739,0
9509,25739,0
9510,25351,298
9511,25739,0
9512,24062,1324
9513,24454,1006
9514,25702,28
9515,25739,0
9516,25676,48
9517,25739,0
9518,25739,0
9519,25739,0
9520,25739,0
9521,1,200336
9522,25707,24
9523,25739,0
9524,24180,1228
9525,25739,0
9526,25739,0
9527,25739,0
9528,25739,0
9529,25739,0
9530,25739,0
9531,25739,0
9532,24775,750
9533,25739,0
9534,25739,0
9535,25739,0
9536,25739,0
9537,25739,0
9538,25739,0
9539,25739,0
9540,23067,2154
9541,25681,44
9542,25318,324
9543,24432,1024
9544,25739,0
9545,25739,0
9546,25739,0
9547,25739,0
9548,25739,0
9549,23322,1938
9550,25739,0
9551,25739,0
9552,25739,0
9553,21299,3722
9554,25507,178
9555,25739,0
9556,25702,28
9557,25739,0
9558,25739,0
9559,25707,24
9560,25739,0
9561,25739,0
9562,25739,0
9563,25739,0
9564,25739,0
9565,25739,0
9566,25739,0
9567,25739,0
9568,25739,0
9569,25739,0
9570,25739,0
9571,25739,0
9572,24094,1298
9573,25739,0
9574,24435,1022
9575,25739,0
9576,25739,0
9577,25739,0
9578,25739,0
9579,25739,0
9580,25739,0
9581,25739,0
9582,25739,0
9583,25739,0
9584,25650,68
9585,25739,0
9586,25603,104
9587,25702,28
9588,25739,0
9589,25739,0
9590,25739,0
9591,25739,0
9592,25739,0
9593,25739,0
9594,25739,0
9595,18068,6956
9596,25739,0
9597,25739,0
9598,25739,0
9599,25739,0
9600,25634,80
9601,23549,1748
9602,23462,1820
9603,25739,0
9604,25739,0
9605,25739,0
9606,25739,0
9607,25739,0
9608,25739,0
9609,25398,262
9610,25739,0
9611,24993,578
9612,24219,1196
9613,25739,0
9614,25739,0
9615,12706,13876
9616,25739,0
9617,25739,0
9618,25676,48
9619,25739,0
9620,25676,48
9621,25739,0
9622,25739,0
9623,24762,760
9624,23467,1816
9625,25739,0
9626,25739,0
9627,25739,0
9628,25739,0
9629,25572,128
9630,25595,110
9631,25739,0
9632,25739,0
9633,25739,0
9634,25739,0
9635,25739,0
9636,22637,2524
9637,25739,0
9638,25739,0
9639,25739,0
9640,25535,156
9641,25739,0
9642,25707,24
9643,25739,0
9644,25739,0
9645,25739,0
9646,25739,0
9647,25739,0
9648,25739,0
9649,25739,0
9650,25739,0
9651,22019,3068
9652,25739,0
9653,25739,0
9654,25739,0
9655,25739,0
9656,23780,1556
9657,25739,0
9658,25739,0
9659,25566,132
9660,25739,0
9661,24871,674
9662,25739,0
9663,23779,1557
9664,22082,3012
9665,25739,0
9666,25702,28
9667,25739,0
9668,25739,0
9669,25739,0
9670,24990,580
9671,25739,0
9672,25739,0
9673,25739,0
9674,24370,1074
9675,25739,0
9676,25739,0
9677,25739,0
9678,25570,129
9679,25739,0
9680,25739,0
9681,25739,0
9682,25665,56
9683,25739,0
9684,24502,968
9685,25739,0
9686,25739,0
9687,25739,0
9688,25739,0
9689,25739,0
9690,25739,0
9691,24871,674
9692,25739,0
9693,18495,6496
9694,21823,3244
9695,25739,0
9696,25739,0
9697,25739,0
9698,23220,2024
9699,25585,118
9700,25739,0
9701,25739,0
9702,25739,0
9703,25702,28
9704,25739,0
9705,25665,56
9706,25739,0
9707,24062,1324
9708,25739,0
9709,24614,878
9710,25739,0
9711,25739,0
9712,25739,0
9713,25739,0
9714,25739,0
9715,25739,0
9716,25739,0
9717,25739,0
9718,25739,0
9719,22957,2248
9720,25739,0
9721,25739,0
9722,23683,1636
9723,25739,0
9724,25739,0
9725,25739,0
9726,25739,0
9727,25739,0
9728,25739,0
9729,25739,0
9730,25739,0
9731,25739,0
9732,23722,1604
9733,25739,0
9734,24392,1056
9735,24160,1244
9736,25739,0
9737,21655,3396
9738,25739,0
9739,25739,0
9740,25739,0
9741,25739,0
9742,25707,24
9743,25739,0
9744,25739,0
9745,25739,0
9746,25707,24
9747,25739,0
9748,25739,0
9749,25125,474
9750,25739,0
9751,24464,998
9752,25739,0
9753,25739,0
9754,25739,0
9755,25739,0
9756,25036,544
9757,20709,4274
9758,25739,0
9759,23674,1644
9760,25739,0
9761,25739,0
9762,25739,0
9763,25739,0
9764,25739,0
9765,25739,0
9766,25739,0
9767,25739,0
9768,25707,24
9769,25739,0
9770,25739,0
9771,25739,0
9772,25739,0
9773,25739,0
9774,25739,0
9775,25739,0
9776,25739,0
9777,25739,0
9778,21790,3274
9779,25739,0
9780,25739,0
9781,25707,24
9782,24065,1322
9783,25665,56
9784,128,104228
9785,25739,0
9786,25164,444
9787,25739,0
9788,25739,0
9789,18262,6746
9790,25702,28
9791,25548,146
9792,25702,28
9793,23891,1464
9794,24803,728
9795,25739,0
9796,25582,120
9797,22716,2456
9798,25739,0
9799,25739,0
9800,22642,2520
9801,25707,24
9802,25739,0
9803,25739,0
9804,25613,96
9805,25739,0
9806,24619,874
9807,25739,0
9808,25739,0
9809,25739,0
9810,25739,0
9811,25739,0
9812,20606,4372
9813,25739,0
9814,17542,7536
9815,25739,0
9816,25739,0
9817,25739,0
9818,25739,0
9819,25739,0
9820,25707,24
9821,25707,24
9822,25739,0
9823,25739,0
9824,25739,0
9825,25739,0
9826,25739,0
9827,25739,0
9828,25739,0
9829,25739,0
9830,1900,51228
9831,25739,0
9832,25739,0
9833,19700,5256
9834,25739,0
9835,25739,0
9836,25739,0
9837,25739,0
9838,25739,0
9839,25739,0
9840,25739,0
9841,25739,0
9842,25739,0
9843,25739,0
9844,25223,398
9845,25739,0
9846,25739,0
9847,12682,13914
9848,25739,0
9849,25739,0
9850,25739,0
9851,25739,0
9852,25739,0
9853,25739,0
9854,24934,624
9855,24652,848
9856,25739,0
9857,25739,0
9858,25739,0
9859,25739,0
9860,22098,2998
9861,25739,0
9862,25739,0
9863,25739,0
9864,25546,148
9865,25739,0
9866,22552,2598
9867,25062,524
9868,18510,6480
9869,25739,0
9870,25739,0
9871,25739,0
9872,25739,0
9873,25739,0
9874,25739,0
9875,25739,0
9876,25739,0
9877,25739,0
9878,25551,144
9879,25739,0
9880,25707,24
9881,25600,106
9882,18465,6528
9883,25739,0
9884,25739,0
9885,25707,24
9886,25739,0
9887,25739,0
9888,25739,0
9889,25056,528
9890,1912,51100
9891,25739,0
9892,25031,548
9893,25739,0
9894,24642,856
9895,19502,5454
9896,25676,48
9897,25739,0
9898,25141,462
9899,25739,0
9900,25642,74
9901,25739,0
9902,25739,0
9903,25707,24
9904,25739,0
9905,25739,0
9906,12744,13818
9907,24241,1178
9908,24494,974
9909,25702,28
9910,25739,0
9911,25739,0
9912,24965,600
9913,25739,0
9914,21668,3384
9915,25739,0
9916,25452,220
9917,25739,0
9918,25739,0
9919,25739,0
9920,25739,0
9921,25692,36
9922,25739,0
9923,25739,0
9924,23077,2146
9925,25739,0
9926,25739,0
9927,25189,424
9928,25739,0
9929,25739,0
9930,25702,28
9931,25739,0
9932,25739,0
9933,25739,0
9934,25739,0
9935,25739,0
9936,25739,0
9937,25739,0
9938,25739,0
9939,25739,0
9940,25739,0
9941,25739,0
9942,25739,0
9943,25739,0
9944,25447,224
9945,25702,28
9946,25639,76
9947,25442,228
9948,25739,0
9949,25739,0
9950,25707,24
9951,25739,0
9952,24934,624
9953,25739,0
9954,25739,0
9955,25739,0
9956,25739,0
9957,25739,0
9958,24803,728
9959,25739,0
9960,25739,0
9961,22981,2228
9962,25739,0
9963,25739,0
9964,25739,0
9965,25006,568
9966,25587,116
9967,25739,0
9968,25739,0
9969,24808,724
9970,25739,0
9971,25739,0
9972,25739,0
9973,25739,0
9974,25739,0
9975,25739,0
9976,25739,0
9977,25739,0
9978,22869,2324
9979,25739,0
9980,25707,24
9981,25431,236
9982,25739,0
9983,25483,196
9984,25739,0
9985,25739,0
9986,25739,0
9987,25739,0
9988,25739,0
9989,13961,12024
9990,25739,0
9991,25739,0
9992,25739,0
9993,25739,0
9994,25739,0
9995,25739,0
9996,25739,0
9997,25739,0
9998,25676,48
9999,25189,424
10000,25739,0
10001,24677,828
10002,25739,0
10003,25739,0
10004,24499,970
10005,25739,0
10006,25739,0
10007,25739,0
10008,25739,0
10009,24803,728
10010,17823,7224
10011,25739,0
10012,25739,0
10013,24355,1086
10014,25739,0
10015,25739,0
10016,25681,44
10017,25739,0
10018,21850,3220
10019,25739,0
10020,25067,520
10021,25739,0
10022,24868,676
10023,25739,0
10024,25739,0
10025,25031,548
10026,25739,0
10027,25739,0
10028,25739,0
10029,25739,0
10030,25739,0
10031,25739,0
10032,25739,0
10033,25739,0
10034,25739,0
10035,25676,48
10036,25739,0
10037,25739,0
10038,25739,0
10039,25702,28
10040,25572,128
10041,25739,0
10042,25739,0
10043,25702,28
10044,25739,0
10045,25739,0
10046,25739,0
10047,25739,0
10048,25739,0
10049,25739,0
10050,25739,0
10051,25739,0
10052,24532,944
10053,25739,0
10054,25665,56
10055,1,151884
10056,25692,36
10057,23935,1428
10058,25739,0
10059,25739,0
10060,25739,0
10061,25739,0
10062,25739,0
10063,25739,0
10064,25739,0
10065,25739,0
10066,25739,0
10067,25739,0
10068,25739,0
10069,25739,0
10070,22859,2332
10071,25739,0
10072,25644,72
10073,25739,0
10074,25739,0
10075,23979,1392
10076,25707,24
10077,25739,0
10078,25739,0
10079,25739,0
10080,25739,0
10081,25514,172
10082,25739,0
10083,25739,0
10084,25739,0
10085,25739,0
10086,25739,0
10087,23242,2006
10088,25707,24
10089,25739,0
10090,25739,0
10091,25739,0
10092,25739,0
10093,25739,0
10094,25739,0
10095,25739,0
10096,25739,0
10097,537,76084
10098,25416,248
10099,25739,0
10100,25739,0
10101,25095,498
10102,25739,0
10103,25671,52
10104,25739,0
10105,25739,0
10106,22892,2304
10107,25739,0
10108,25739,0
10109,25739,0
10110,25739,0
10111,25739,0
10112,25540,152
10113,25739,0
10114,25739,0
10115,25739,0
10116,23818,1524
10117,25739,0
10118,25739,0
10119,25739,0
10120,25707,24
10121,25739,0
10122,25739,0
10123,25739,0
10124,25739,0
10125,24033,1348
10126,25739,0
10127,25702,28
10128,25739,0
10129,24604,886
10130,25739,0
10131,24542,936
10132,9049,20548
10133,23712,1612
10134,25739,0
10135,25739,0
10136,25739,0
10137,25739,0
10138,25739,0
10139,25739,0
10140,23346,1918
10141,11749,15416
10142,25629,84
10143,25739,0
10144,24820,714
10145,25739,0
10146,25739,0
10147,25739,0
10148,22981,2228
10149,25739,0
10150,19221,5740
10151,25739,0
10152,25739,0
10153,25739,0
10154,25739,0
10155,25739,0
10156,25739,0
10157,25739,0
10158,25739,0
10159,23940,1424
10160,23799,1540
10161,25739,0
10162,25739,0
10163,25665,56
10164,25739,0
10165,25739,0
10166,25739,0
10167,25739,0
10168,25707,24
10169,25739,0
10170,25739,0
10171,25739,0
10172,25044,538
10173,25739,0
10174,25739,0
10175,25739,0
10176,25739,0
10177,25739,0
10178,24185,1224
10179,24682,824
10180,25739,0
10181,24783,744
10182,14706,11002
10183,25287,348
10184,25739,0
10185,25483,196
10186,25739,0
10187,25739,0
10188,25739,0
10189,25318,324
10190,25739,0
10191,25707,24
10192,25739,0
10193,25739,0
10194,25585,118
10195,25125,474
10196,25447,224
10197,25739,0
10198,25739,0
10199,20339,4628
10200,25739,0
10201,24919,636
10202,25739,0
10203,25739,0
10204,21120,3888
10205,25739,0
10206,25739,0
10207,25238,386
10208,25739,0
10209,25707,24
10210,25739,0
10211,25551,144
10212,25739,0
10213,25739,0
10214,25739,0
10215,25739,0
10216,25592,112
10217,25739,0
10218,25739,0
10219,25739,0
10220,25739,0
10221,23758,1574
10222,25739,0
10223,22755,2422
10224,25739,0
10225,25739,0
10226,24170,1236
10227,25613,96
10228,25739,0
10229,25739,0
10230,25739,0
10231,21925,3152
10232,24904,648
10233,25702,28
10234,25639,76
10235,25739,0
10236,25739,0
10237,24934,624
10238,21708,3348
10239,25707,24
10240,23994,1380
10241,25739,0
10242,25739,0
10243,25739,0
10244,25739,0
10245,25702,28
10246,25501,182
10247,25739,0
10248,23220,2024
10249,25739,0
10250,25739,0
10251,25494,188
10252,25739,0
10253,25739,0
10254,9141,20350
10255,23192,2048
10256,25739,0
10257,23633,1678
10258,25739,0
10259,24150,1252
10260,25739,0
10261,25739,0
10262,25739,0
10263,25739,0
10264,25739,0
10265,25739,0
10266,24467,996
10267,25739,0
10268,25739,0
10269,22690,2478
10270,25739,0
10271,25739,0
10272,25739,0
10273,25739,0
10274,25676,48
10275,25676,48
10276,25739,0
10277,25739,0
10278,25739,0
10279,25739,0
10280,25676,48
10281,25739,0
10282,25644,72
10283,25739,0
10284,25739,0
10285,25056,528
10286,25739,0
10287,25739,0
10288,25739,0
10289,25739,0
10290,25739,0
10291,25702,28
10292,25739,0
10293,25739,0
10294,20639,4340
10295,25739,0
10296,25739,0
10297,25739,0
10298,25739,0
10299,25739,0
10300,25739,0
10301,25739,0
10302,25739,0
10303,25739,0
10304,25613,96
10305,25739,0
10306,25354,296
10307,25702,28
10308,25739,0
10309,112,106894
10310,25739,0
10311,25313,328
10312,25739,0
10313,19063,5902
10314,24614,878
10315,25739,0
10316,25739,0
10317,25739,0
10318,25739,0
10319,25739,0
10320,23102,2124
10321,25739,0
10322,25739,0
10323,25739,0
10324,25739,0
10325,25739,0
10326,25739,0
10327,25702,28
10328,25739,0
10329,25739,0
10330,25644,72
10331,25739,0
10332,25739,0
10333,25739,0
10334,25739,0
10335,25629,84
10336,25739,0
10337,24502,968
10338,25739,0
10339,23867,1484
10340,25665,56
10341,25120,478
10342,25739,0
10343,25739,0
10344,25739,0
10345,25739,0
10346,25739,0
10347,25739,0
10348,25702,28
10349,25676,48
10350,23088,2136
10351,25739,0
10352,25739,0
10353,25739,0
10354,25739,0
10355,25056,528
10356,23218,2026
10357,25739,0
10358,25739,0
10359,25739,0
10360,25739,0
10361,25739,0
10362,25739,0
10363,24557,924
10364,25739,0
10365,25739,0
10366,25739,0
10367,25739,0
10368,25739,0
10369,25739,0
10370,25739,0
10371,25739,0
10372,25707,24
10373,22748,2428
10374,24831,706
10375,25739,0
10376,25739,0
10377,25739,0
10378,19224,5736
10379,25739,0
10380,25739,0
10381,25739,0
10382,23553,1744
10383,22154,2948
10384,25525,164
10385,25313,328
10386,23599,1706
10387,25739,0
10388,25739,0
10389,25739,0
10390,25739,0
10391,24087,1304
10392,25739,0
10393,25739,0
10394,25637,78
10395,11598,15670
10396,25739,0
10397,25739,0
10398,25739,0
10399,23517,1774
10400,25739,0
10401,25739,0
10402,25739,0
10403,25739,0
10404,25447,224
10405,25739,0
10406,25739,0
10407,25739,0
10408,25739,0
10409,25739,0
10410,25676,48
10411,19728,5228
10412,25739,0
10413,25739,0
10414,25739,0
10415,25739,0
10416,25707,24
10417,25702,28
10418,25702,28
10419,25707,24
10420,25739,0
10421,25739,0
10422,25739,0
10423,25707,24
10424,25739,0
10425,25739,0
10426,25739,0
10427,25739,0
10428,25739,0
10429,25739,0
10430,25739,0
10431,25382,274
10432,25739,0
10433,25739,0
10434,24432,1024
10435,25254,374
10436,25739,0
10437,25739,0
10438,25707,24
10439,25739,0
10440,25026,552
10441,25739,0
10442,25739,0
10443,25739,0
10444,25702,28
10445,25739,0
10446,24033,1348
10447,25739,0
10448,23098,2128
10449,25739,0
10450,25739,0
10451,25739,0
10452,7767,23552
10453,25739,0
10454,25739,0
10455,25189,424
10456,25739,0
10457,25739,0
10458,25739,0
10459,25739,0
10460,25676,48
10461,18622,6362
10462,25739,0
10463,22813,2372
10464,25739,0
10465,25421,244
10466,25739,0
10467,25739,0
10468,25739,0
10469,22603,2554
10470,25739,0
10471,25665,56
10472,25739,0
10473,25739,0
10474,12046,14924
10475,24909,644
10476,25739,0
10477,25739,0
10478,15193,10362
10479,25739,0
10480,25739,0
10481,25739,0
10482,25739,0
10483,25739,0
10484,24808,724
10485,25739,0
10486,25739,0
10487,25739,0
10488,25739,0
10489,25739,0
10490,25739,0
10491,25739,0
10492,25739,0
10493,25692,36
10494,25739,0
10495,25739,0
10496,25739,0
10497,25671,52
10498,25036,544
10499,25577,124
10500,25739,0
10501,24800,730
10502,7060,25428
10503,25739,0
10504,25707,24
10505,19453,5504
10506,25406,256
10507,25739,0
10508,25739,0
10509,25707,24
10510,25739,0
10511,24871,674
10512,25739,0
10513,25739,0
10514,25739,0
10515,25739,0
10516,25739,0
10517,25739,0
10518,25739,0
10519,25692,36
10520,25739,0
10521,25739,0
10522,25702,28
10523,25739,0
10524,25739,0
10525,25739,0
10526,25739,0
10527,25739,0
10528,25692,36
10529,25739,0
10530,25739,0
10531,25676,48
10532,25613,96
10533,25739,0
10534,22460,2678
10535,25739,0
10536,25739,0
10537,25739,0
10538,25739,0
10539,25707,24
10540,25707,24
10541,25739,0
10542,25739,0
10543,25739,0
10544,25739,0
10545,25739,0
10546,25739,0
10547,25739,0
10548,25739,0
10549,14130,11788
10550,24750,770
10551,24667,836
10552,25707,24
10553,1999,50230
10554,25739,0
10555,25739,0
10556,25739,0
10557,25707,24
10558,25739,0
10559,25739,0
10560,23986,1386
10561,25676,48
10562,25739,0
10563,25739,0
10564,25739,0
10565,25739,0
10566,25739,0
10567,25702,28
10568,25739,0
10569,25739,0
10570,25739,0
10571,25021,556
10572,24562,920
10573,25739,0
10574,23410,1864
10575,25739,0
10576,25739,0
10577,25739,0
10578,25582,120
10579,25739,0
10580,25707,24
10581,25739,0
10582,25739,0
10583,24757,764
10584,25739,0
10585,25739,0
10586,25739,0
10587,22985,2224
10588,25739,0
10589,22662,2502
10590,21468,3566
10591,25739,0
10592,25739,0
10593,25739,0
10594,25613,96
10595,25739,0
10596,25238,386
10597,25739,0
10598,25739,0
10599,25739,0
10600,25313,328
10601,25739,0
10602,25739,0
10603,25207,410
10604,20383,4586
10605,25739,0
10606,25739,0
10607,25739,0
10608,25739,0
10609,24256,1166
10610,25676,48
10611,25692,36
10612,25739,0
10613,25739,0
10614,25739,0
10615,25739,0
10616,25739,0
10617,25739,0
10618,18282,6724
10619,25739,0
10620,24674,830
10621,25739,0
10622,25739,0
10623,25739,0
10624,25739,0
10625,25739,0
10626,25739,0
10627,25739,0
10628,25184,428
10629,25739,0
10630,6722,26392
10631,25739,0
10632,6585,26796
10633,25739,0
10634,25120,478
10635,24642,856
10636,25692,36
10637,25739,0
10638,25676,48
10639,25739,0
10640,25739,0
10641,25739,0
10642,25739,0
10643,25739,0
10644,24582,904
10645,25739,0
10646,25739,0
10647,25739,0
10648,23577,1724
10649,25739,0
10650,24350,1090
10651,25739,0
10652,25739,0
10653,25739,0
10654,25739,0
10655,25739,0
10656,25739,0
10657,25447,224
10658,25739,0
10659,25739,0
10660,24477,988
10661,25739,0
10662,22042,3048
10663,25739,0
10664,1756,52780
10665,22408,2724
10666,25739,0
10667,25707,24
10668,24008,1368
10669,25739,0
10670,25739,0
10671,25739,0
10672,20976,4022
10673,25739,0
10674,23840,1506
10675,25702,28
10676,25739,0
10677,25739,0
10678,25739,0
10679,25665,56
10680,25739,0
10681,25739,0
10682,25739,0
10683,25707,24
10684,25739,0
10685,25707,24
10686,25739,0
10687,25692,36
10688,23216,2028
10689,25739,0
10690,24627,868
10691,25739,0
10692,25739,0
10693,563,75148
10694,25739,0
10695,25739,0
10696,25739,0
10697,25426,240
10698,25676,48
10699,25739,0
10700,25739,0
10701,25739,0
10702,25739,0
10703,24642,856
10704,25739,0
10705,25739,0
10706,25739,0
10707,25739,0
10708,25031,548
10709,25739,0
10710,25739,0
10711,25739,0
10712,25676,48
10713,25739,0
10714,23131,2100
10715,25739,0
10716,25739,0
10717,25676,48
10718,25613,96
10719,25380,276
10720,22841,2348
10721,25739,0
10722,25739,0
10723,25739,0
10724,24919,636
10725,25739,0
10726,25739,0
10727,25739,0
10728,25739,0
10729,25739,0
10730,25739,0
10731,25447,224
10732,25707,24
10733,25739,0
10734,25582,120
10735,25702,28
10736,25577,124
10737,25739,0
10738,25739,0
10739,25702,28
10740,25739,0
10741,25739,0
10742,25739,0
10743,25739,0
10744,25676,48
10745,25739,0
10746,25739,0
10747,25739,0
10748,25739,0
10749,25739,0
10750,25739,0
10751,25739,0
10752,25739,0
10753,25739,0
10754,25739,0
10755,25739,0
10756,25739,0
10757,25739,0
10758,25739,0
10759,25739,0
10760,20166,4796
10761,25739,0
10762,25739,0
10763,25739,0
10764,25644,72
10765,25739,0
10766,11699,15500
10767,25739,0
10768,24594,894
10769,25739,0
10770,25739,0
10771,25739,0
10772,25739,0
10773,25551,144
10774,25739,0
10775,25739,0
10776,25739,0
10777,23216,2028
10778,25739,0
10779,25692,36
10780,21818,3248
10781,25676,48
10782,25739,0
10783,25739,0
10784,25739,0
10785,25739,0
10786,25707,24
10787,25739,0
10788,25739,0
10789,25642,74
10790,25739,0
10791,25739,0
10792,25739,0
10793,25739,0
10794,25739,0
10795,25739,0
10796,25739,0
10797,25739,0
10798,25739,0
10799,23140,2092
10800,23925,1436
10801,25707,24
10802,25739,0
10803,24345,1094
10804,25739,0
10805,22897,2300
10806,25739,0
10807,25034,546
10808,25739,0
10809,25739,0
10810,24745,774
10811,24622,872
10812,24970,596
10813,25739,0
10814,25739,0
10815,25189,424
10816,25739,0
10817,25039,542
10818,25702,28
10819,25739,0
10820,25707,24
10821,25062,524
10822,25739,0
10823,25739,0
10824,25739,0
10825,25739,0
10826,25739,0
10827,25739,0
10828,19433,5524
10829,25739,0
10830,25739,0
10831,25739,0
10832,25739,0
10833,24368,1076
10834,25739,0
10835,25739,0
10836,24767,756
10837,25739,0
10838,23079,2144
10839,25739,0
10840,25613,96
10841,25707,24
10842,25739,0
10843,25739,0
10844,25739,0
10845,23161,2074
10846,25676,48
10847,25739,0
10848,25739,0
10849,25739,0
10850,25739,0
10851,23367,1900
10852,25739,0
10853,25739,0
10854,25739,0
10855,25739,0
10856,25739,0
10857,24241,1178
10858,25739,0
10859,25739,0
10860,25739,0
10861,25739,0
10862,25739,0
10863,25707,24
10864,25739,0
10865,23935,1428
10866,25739,0
10867,25739,0
10868,25739,0
10869,25056,528
10870,25739,0
10871,25739,0
10872,25613,96
10873,25739,0
10874,25739,0
10875,25608,100
10876,25739,0
10877,25676,48
10878,25739,0
10879,22134,2966
10880,25739,0
10881,25739,0
10882,25739,0
10883,25739,0
10884,25739,0
10885,25739,0
10886,25739,0
10887,25739,0
10888,25739,0
10889,25739,0
10890,24594,894
10891,25739,0
10892,25739,0
10893,25739,0
10894,25739,0
10895,25739,0
10896,25739,0
10897,25739,0
10898,25739,0
10899,25739,0
10900,24682,824
10901,25702,28
10902,25739,0
10903,25739,0
10904,25442,228
10905,25739,0
10906,25739,0
10907,25739,0
10908,25676,48
10909,25739,0
10910,25739,0
10911,25739,0
10912,25739,0
10913,17599,7472
10914,25739,0
10915,25739,0
10916,25739,0
10917,25739,0
10918,25739,0
10919,25739,0
10920,24427,1028
10921,6364,27468
10922,25707,24
10923,23974,1396
10924,25739,0
10925,25520,168
10926,25707,24
10927,25739,0
10928,25707,24
10929,25739,0
10930,25739,0
10931,24018,1360
10932,25707,24
10933,25739,0
10934,25739,0
10935,25739,0
10936,25739,0
10937,25739,0
10938,25739,0
10939,25739,0
10940,25739,0
10941,25707,24
10942,25707,24
10943,25739,0
10944,25739,0
10945,25125,474
10946,25739,0
10947,25739,0
10948,25739,0
10949,25676,48
10950,25692,36
10951,25739,0
10952,25739,0
10953,25739,0
10954,25707,24
10955,25739,0
10956,25739,0
10957,25739,0
10958,25739,0
10959,25702,28
10960,24033,1348
10961,25739,0
10962,25739,0
10963,25613,96
10964,25739,0
10965,25739,0
10966,25739,0
10967,25739,0
10968,25676,48
10969,15438,10048
10970,25739,0
10971,6486,27094
10972,25739,0
10973,25739,0
10974,25739,0
10975,25702,28
10976,25739,0
10977,25739,0
10978,25739,0
10979,25739,0
10980,25739,0
10981,25739,0
10982,25512,174
10983,22131,2968
10984,25739,0
10985,25331,314
10986,25739,0
10987,25642,74
10988,25739,0
10989,25707,24
10990,25739,0
10991,25739,0
10992,25739,0
10993,25739,0
10994,25665,56
10995,25739,0
10996,25739,0
10997,25739,0
10998,25416,248
10999,25739,0
11000,25739,0
11001,25739,0
11002,25739,0
11003,25739,0
11004,25739,0
11005,25739,0
11006,25034,546
11007,25540,152
11008,25739,0
11009,25739,0
11010,25739,0
11011,24028,1352
11012,25739,0
11013,25739,0
11014,25739,0
11015,25739,0
11016,25739,0
11017,25739,0
11018,25739,0
11019,25739,0
11020,25739,0
11021,23443,1836
11022,25739,0
11023,25739,0
11024,22995,2216
11025,25148,456
11026,17533,7546
11027,25739,0
11028,25739,0
11029,25739,0
11030,25739,0
11031,25739,0
11032,25739,0
11033,25739,0
11034,25739,0
11035,25739,0
11036,25739,0
11037,25739,0
11038,25707,24
11039,25739,0
11040,25739,0
11041,25739,0
11042,25739,0
11043,25551,144
11044,25739,0
11045,25739,0
11046,25707,24
11047,25739,0
11048,1755,52786
11049,25739,0
11050,25739,0
11051,25739,0
11052,25739,0
11053,25739,0
11054,25739,0
11055,25739,0
11056,25739,0
11057,25707,24
11058,25483,196
11059,25739,0
11060,25739,0
11061,25739,0
11062,25739,0
11063,25287,348
11064,25739,0
11065,25739,0
11066,25739,0
11067,25739,0
11068,25739,0
11069,25739,0
11070,25739,0
11071,23758,1574
11072,25739,0
11073,25447,224
11074,25739,0
11075,25739,0
11076,25739,0
11077,25676,48
11078,25603,104
11079,25739,0
11080,25739,0
11081,25739,0
11082,25707,24
11083,25739,0
11084,25739,0
11085,25702,28
11086,25739,0
11087,25676,48
11088,25707,24
11089,23551,1746
11090,25739,0
11091,25739,0
11092,25739,0
11093,25739,0
11094,25739,0
11095,25739,0
11096,25739,0
11097,25739,0
11098,25660,60
11099,25739,0
11100,24717,796
11101,25739,0
11102,25739,0
11103,25739,0
11104,25739,0
11105,25739,0
11106,25159,448
11107,25739,0
11108,25739,0
11109,20914,4080
11110,25707,24
11111,25739,0
11112,25739,0
11113,25739,0
11114,25739,0
11115,25739,0
11116,25512,174
11117,25739,0
11118,25739,0
11119,25277,356
11120,25739,0
11121,19724,5232
11122,25739,0
11123,25739,0
11124,25739,0
11125,23814,1528
11126,25739,0
11127,25123,476
11128,25739,0
11129,25739,0
11130,25577,124
11131,25739,0
11132,25468,208
11133,25318,324
11134,21578,3466
11135,21894,3180
11136,25739,0
11137,25739,0
11138,25739,0
11139,1,113062
11140,25702,28
11141,24507,964
11142,25739,0
11143,25739,0
11144,25739,0
11145,25739,0
11146,25739,0
11147,25739,0
11148,24131,1268
11149,25739,0
11150,23124,2106
11151,25739,0
11152,25739,0
11153,25739,0
11154,25739,0
11155,25739,0
11156,25739,0
11157,25739,0
11158,25739,0
11159,25739,0
11160,25739,0
11161,23037,2180
11162,25739,0
11163,25707,24
11164,25739,0
11165,25739,0
11166,23920,1440
11167,16759,8434
11168,24087,1304
11169,14485,11300
11170,25739,0
11171,25739,0
11172,25739,0
11173,23384,1886
11174,25739,0
11175,25707,24
11176,25739,0
11177,25739,0
11178,22773,2406
11179,25739,0
11180,25739,0
11181,25416,248
11182,24929,628
11183,25739,0
11184,25702,28
11185,25739,0
11186,25739,0
11187,25739,0
11188,25739,0
11189,25739,0
11190,25707,24
11191,25739,0
11192,25739,0
11193,25739,0
11194,21514,3524
11195,25739,0
11196,25739,0
11197,25739,0
11198,25739,0
11199,25739,0
11200,25739,0
11201,25739,0
11202,25739,0
11203,25739,0
11204,25739,0
11205,25707,24
11206,14248,11624
11207,23258,1992
11208,25739,0
11209,25739,0
11210,25739,0
11211,24689,818
11212,25739,0
11213,25739,0
11214,488,77956
11215,25739,0
11216,25739,0
11217,25739,0
11218,25739,0
11219,25739,0
11220,25739,0
11221,25739,0
11222,25739,0
11223,25739,0
11224,25739,0
11225,25739,0
11226,25739,0
11227,1297,58738
11228,23220,2024
11229,25739,0
11230,25377,278
11231,25707,24
11232,25164,444
11233,23018,2196
11234,25739,0
11235,25739,0
11236,25739,0
11237,25739,0
11238,25739,0
11239,23109,2118
11240,25739,0
11241,25739,0
11242,25739,0
11243,25739,0
11244,25739,0
11245,20715,4268
11246,25739,0
11247,25739,0
11248,24148,1254
11249,12928,13536
11250,25739,0
11251,25739,0
11252,24682,824
11253,25739,0
11254,25739,0
11255,25739,0
11256,25692,36
11257,25551,144
11258,25739,0
11259,25702,28
11260,25739,0
11261,25739,0
11262,25702,28
11263,25739,0
11264,25739,0
11265,25739,0
11266,25658,62
11267,25739,0
11268,25739,0
11269,18359,6641
11270,25739,0
11271,25739,0
11272,25739,0
11273,25739,0
11274,25739,0
11275,25739,0
11276,24967,598
11277,25292,344
11278,25739,0
11279,25739,0
11280,25138,464
11281,25739,0
11282,25062,524
11283,25254,374
11284,25739,0
11285,25739,0
11286,22222,2888
11287,25739,0
11288,24803,728
11289,25739,0
11290,25739,0
11291,23053,2166
11292,25739,0
11293,25739,0
11294,25739,0
11295,25577,124
11296,25739,0
11297,25681,44
11298,24712,800
11299,25707,24
11300,25739,0
11301,25739,0
11302,25739,0
11303,25739,0
11304,25739,0
11305,25739,0
11306,25739,0
11307,25739,0
11308,25739,0
11309,25739,0
11310,23814,1528
11311,25739,0
11312,25739,0
11313,25739,0
11314,25634,80
11315,25739,0
11316,25739,0
11317,25261,368
11318,23396,1876
11319,25739,0
11320,25739,0
11321,25739,0
11322,25739,0
11323,20043,4916
11324,25739,0
11325,22985,2224
11326,25707,24
11327,19832,5124
11328,24846,694
11329,25665,56
11330,25739,0
11331,20931,4064
11332,25062,524
11333,25062,524
11334,25739,0
11335,25707,24
11336,25739,0
11337,22776,2404
11338,25739,0
11339,25739,0
11340,25739,0
11341,25739,0
11342,25739,0
11343,24904,648
11344,25046,536
11345,24622,872
11346,25739,0
11347,25739,0
11348,25739,0
11349,25611,98
11350,25739,0
11351,25739,0
11352,25613,96
11353,24023,1356
11354,25739,0
11355,25739,0
11356,25739,0
11357,25739,0
11358,25739,0
11359,25739,0
11360,25739,0
11361,25739,0
11362,25739,0
11363,25613,96
11364,25739,0
11365,25739,0
11366,25739,0
11367,7143,25196
11368,25739,0
11369,23098,2128
11370,25739,0
11371,25707,24
11372,25665,56
11373,25377,278
11374,25739,0
11375,25692,36
11376,25702,28
11377,25739,0
11378,25702,28
11379,25739,0
11380,25739,0
11381,25739,0
11382,20455,4516
11383,24778,748
11384,23765,1568
11385,25739,0
11386,25739,0
11387,25739,0
11388,25739,0
11389,25452,220
11390,23775,1560
11391,25739,0
11392,25739,0
11393,25739,0
11394,25739,0
11395,25739,0
11396,25739,0
11397,25739,0
11398,25739,0
11399,25692,36
11400,25702,28
11401,25739,0
11402,25739,0
11403,25486,194
11404,23940,1424
11405,22222,2888
11406,25739,0
11407,25739,0
11408,25739,0
11409,25739,0
11410,25739,0
11411,25739,0
11412,19311,5648
11413,24909,644
11414,25603,104
11415,25739,0
11416,25739,0
11417,25739,0
11418,25676,48
11419,25739,0
11420,25739,0
11421,25739,0
11422,25739,0
11423,25707,24
11424,25739,0
11425,25739,0
11426,25707,24
11427,25692,36
11428,25540,152
11429,25707,24
11430,1834,51924
11431,25739,0
11432,17292,7818
11433,23216,2028
11434,25739,0
11435,25739,0
11436,25739,0
11437,25739,0
11438,25739,0
11439,25739,0
11440,25189,424
11441,18355,6646
11442,24778,748
11443,9279,20054
11444,25450,222
11445,25692,36
11446,25739,0
11447,25739,0
11448,25739,0
11449,25739,0
11450,23930,1432
11451,25644,72
11452,25739,0
11453,25739,0
11454,25739,0
11455,25739,0
11456,25739,0
11457,25739,0
11458,25739,0
11459,25739,0
11460,25739,0
11461,25739,0
11462,25739,0
11463,25739,0
11464,25739,0
11465,25739,0
11466,25739,0
11467,25739,0
11468,25739,0
11469,25739,0
11470,25739,0
11471,25739,0
11472,25739,0
11473,25739,0
11474,25739,0
11475,23553,1744
11476,25739,0
11477,25739,0
11478,25739,0
11479,25739,0
11480,1,126616
11481,25739,0
11482,25739,0
11483,25739,0
11484,25739,0
11485,25637,78
11486,22669,2496
11487,25739,0
11488,25739,0
11489,25572,128
11490,25739,0
11491,25644,72
11492,25739,0
11493,25739,0
11494,25739,0
11495,25739,0
11496,1895,51276
11497,25739,0
11498,25509,176
11499,24667,836
11500,25739,0
11501,25739,0
11502,25739,0
11503,25739,0
11504,22012,3074
11505,24185,1224
11506,25739,0
11507,25739,0
11508,25739,0
11509,23041,2176
11510,25739,0
11511,25739,0
11512,25739,0
11513,24810,722
11514,25739,0
11515,20080,4880
11516,25739,0
11517,25739,0
11518,25702,28
11519,25739,0
11520,25739,0
11521,25565,133
11522,25739,0
11523,25739,0
11524,25707,24
11525,25739,0
11526,25739,0
11527,25739,0
11528,25739,0
11529,25739,0
11530,15520,9944
11531,25707,24
11532,25739,0
11533,25702,28
11534,23534,1760
11535,25707,24
11536,25739,0
11537,25739,0
11538,25739,0
11539,25739,0
11540,24929,628
11541,25739,0
11542,25739,0
11543,25707,24
11544,25613,96
11545,25655,64
11546,25739,0
11547,21128,3880
11548,24652,848
11549,25634,80
11550,25707,24
11551,25739,0
11552,25739,0
11553,22841,2348
11554,25739,0
11555,25739,0
11556,20974,4024
11557,25006,568
11558,25739,0
11559,22776,2404
11560,25739,0
11561,25739,0
11562,25739,0
11563,25561,136
11564,23020,2194
11565,24619,874
11566,25739,0
11567,25739,0
11568,24467,996
11569,24952,610
11570,25739,0
11571,25739,0
11572,25739,0
11573,25739,0
11574,25739,0
11575,25739,0
11576,19740,5216
11577,25739,0
11578,25739,0
11579,25739,0
11580,25739,0
11581,22810,2374
11582,23220,2024
11583,25739,0
11584,25739,0
11585,22746,2430
11586,25739,0
11587,25739,0
11588,25739,0
11589,25707,24
11590,20982,4016
11591,25021,556
11592,25442,228
11593,25739,0
11594,25739,0
11595,25739,0
11596,25739,0
11597,25739,0
11598,25739,0
11599,25739,0
11600,23216,2028
11601,25739,0
11602,25739,0
11603,25739,0
11604,25739,0
11605,25739,0
11606,25739,0
11607,25739,0
11608,25739,0
11609,25739,0
11610,25739,0
11611,25739,0
11612,25739,0
11613,25739,0
11614,25739,0
11615,25739,0
11616,25676,48
11617,25739,0
11618,25739,0
11619,25739,0
11620,23818,1524
11621,25739,0
11622,25739,0
11623,25739,0
11624,25739,0
11625,25739,0
11626,25739,0
11627,23731,1596
11628,25739,0
11629,25739,0
11630,25739,0
11631,25739,0
11632,20401,4568
11633,9763,19056
11634,25739,0
11635,20970,4028
11636,25707,24
11637,25739,0
11638,25739,0
11639,25739,0
11640,24793,736
11641,25739,0
11642,25739,0
11643,25739,0
11644,25346,302
11645,25739,0
11646,25739,0
11647,25739,0
11648,23102,2124
11649,25739,0
11650,25739,0
11651,22674,2492
11652,25739,0
11653,25739,0
11654,25739,0
11655,23216,2028
11656,25739,0
11657,25248,378
11658,25739,0
11659,25739,0
11660,25739,0
11661,21730,3328
11662,25739,0
11663,25739,0
11664,25692,36
11665,25739,0
11666,25739,0
11667,25739,0
11668,25739,0
11669,25739,0
11670,25739,0
11671,25739,0
11672,25739,0
11673,25739,0
11674,25739,0
11675,25100,494
11676,25739,0
11677,23925,1436
11678,25739,0
11679,25739,0
11680,25739,0
11681,25739,0
11682,25739,0
11683,25739,0
11684,25159,448
11685,25739,0
11686,25739,0
11687,25739,0
11688,12183,14702
11689,25739,0
11690,21745,3314
11691,25739,0
11692,25739,0
11693,25739,0
11694,25739,0
11695,25739,0
11696,25490,191
11697,25707,24
11698,25739,0
11699,25739,0
11700,25739,0
11701,25707,24
11702,25739,0
11703,19386,5572
11704,25676,48
11705,25681,44
11706,25739,0
11707,25739,0
11708,25739,0
11709,25739,0
11710,24785,742
11711,25739,0
11712,25739,0
11713,25739,0
11714,25739,0
11715,25739,0
11716,25739,0
11717,25447,224
11718,25739,0
11719,25739,0
11720,25739,0
11721,25739,0
11722,25739,0
11723,25739,0
11724,25739,0
11725,25739,0
11726,25739,0
11727,22880,2314
11728,25739,0
11729,24365,1078
11730,25739,0
11731,25739,0
11732,25739,0
11733,25577,124
11734,25739,0
11735,25739,0
11736,25739,0
11737,25739,0
11738,25739,0
11739,25739,0
11740,23637,1674
11741,20395,4574
11742,25613,96
11743,25702,28
11744,23220,2024
11745,25692,36
11746,20762,4224
11747,25739,0
11748,25739,0
11749,25739,0
11750,25739,0
11751,25739,0
11752,25739,0
11753,25739,0
11754,25702,28
11755,25739,0
11756,25639,76
11757,25739,0
11758,25739,0
11759,25739,0
11760,25739,0
11761,25739,0
11762,25739,0
11763,25739,0
11764,25739,0
11765,25739,0
11766,25739,0
11767,25739,0
11768,23180,2058
11769,22098,2998
11770,25739,0
11771,25189,424
11772,23429,1848
11773,25739,0
11774,25739,0
11775,25739,0
11776,25702,28
11777,25450,222
11778,25739,0
11779,25189,424
11780,25739,0
11781,25739,0
11782,25676,48
11783,25739,0
11784,25739,0
11785,25739,0
11786,25739,0
11787,25739,0
11788,25739,0
11789,25739,0
11790,25739,0
11791,25739,0
11792,25739,0
11793,21446,3586
11794,24808,724
11795,25739,0
11796,25118,480
11797,25739,0
11798,23339,1924
11799,25739,0
11800,25739,0
11801,25676,48
11802,25739,0
11803,25692,36
11804,25707,24
11805,25739,0
11806,25739,0
11807,25318,324
11808,25739,0
11809,25739,0
11810,25739,0
11811,25739,0
11812,22783,2398
11813,25739,0
11814,25739,0
11815,25739,0
11816,25739,0
11817,25739,0
11818,19624,5332
11819,25739,0
11820,19966,4992
11821,25739,0
11822,25739,0
11823,21852,3218
11824,25739,0
11825,25739,0
11826,25739,0
11827,25739,0
11828,25739,0
11829,25313,328
11830,25739,0
11831,25739,0
11832,25739,0
11833,23370,1898
11834,25739,0
11835,25739,0
11836,25739,0
11837,25739,0
11838,24793,736
11839,25739,0
11840,25739,0
11841,25739,0
11842,24348,1092
11843,25362,290
11844,23575,1726
11845,25739,0
11846,25739,0
11847,25739,0
11848,25739,0
11849,25739,0
11850,25739,0
11851,21921,3156
11852,22550,2600
11853,25739,0
11854,23874,1478
11855,25676,48
11856,25739,0
11857,25702,28
11858,25739,0
11859,13481,12712
11860,25676,48
11861,25739,0
11862,25739,0
11863,25702,28
11864,25739,0
11865,25739,0
11866,25739,0
11867,25739,0
11868,25739,0
11869,25739,0
11870,25739,0
11871,25739,0
11872,25739,0
11873,24682,824
11874,25739,0
11875,25739,0
11876,25739,0
11877,25665,56
11878,25739,0
11879,25739,0
11880,25739,0
11881,25739,0
11882,17065,8078
11883,25739,0
11884,25444,226
11885,25739,0
11886,25739,0
11887,25739,0
11888,25739,0
11889,25739,0
11890,25739,0
11891,25739,0
11892,25739,0
11893,25739,0
11894,25739,0
11895,25739,0
11896,25739,0
11897,25739,0
11898,25739,0
11899,25739,0
11900,25739,0
11901,25739,0
11902,25739,0
11903,25739,0
11904,22732,2442
11905,22534,2614
11906,15596,9848
11907,25546,148
11908,25739,0
11909,25382,274
11910,25739,0
11911,25739,0
11912,25254,374
11913,24407,1044
11914,25739,0
11915,25739,0
11916,25739,0
11917,20414,4556
11918,25739,0
11919,25739,0
11920,25739,0
11921,25692,36
11922,25739,0
11923,25739,0
11924,22869,2324
11925,24988,582
11926,25739,0
11927,25739,0
11928,25739,0
11929,25292,344
11930,22748,2428
11931,25707,24
11932,25739,0
11933,25739,0
11934,25739,0
11935,25739,0
11936,25739,0
11937,25739,0
11938,25739,0
11939,25739,0
11940,25739,0
11941,25739,0
11942,19762,5194
11943,25739,0
11944,23157,2078
11945,21863,3208
11946,25739,0
11947,25739,0
11948,25739,0
11949,25739,0
11950,25739,0
11951,25739,0
11952,25739,0
11953,25692,36
11954,23549,1748
11955,24868,676
11956,25739,0
11957,25056,528
11958,22238,2874
11959,25416,248
11960,25739,0
11961,25739,0
11962,25739,0
11963,25676,48
11964,25739,0
11965,25739,0
11966,25739,0
11967,25739,0
11968,25739,0
11969,25739,0
11970,24619,874
11971,25739,0
11972,21756,3304
11973,25739,0
11974,25739,0
11975,25739,0
11976,25739,0
11977,25561,136
11978,25739,0
11979,23645,1668
11980,25739,0
11981,25739,0
11982,25254,374
11983,25739,0
11984,25739,0
11985,23573,1728
11986,25739,0
11987,25739,0
11988,25739,0
11989,25739,0
11990,25261,368
11991,25739,0
11992,25739,0
11993,24919,636
11994,25739,0
11995,25671,52
11996,25739,0
11997,25739,0
11998,25739,0
11999,25739,0
12000,25739,0
12001,25739,0
12002,25739,0
12003,25739,0
12004,25739,0
12005,25739,0
12006,25470,206
12007,25739,0
12008,25261,368
12009,25739,0
12010,25739,0
12011,25739,0
12012,25739,0
12013,25739,0
12014,25707,24
12015,23727,1600
12016,25707,24
12017,25739,0
12018,25707,24
12019,25277,356
12020,17972,7060
12021,25739,0
12022,25546,148
12023,25671,52
12024,20646,4334
12025,25739,0
12026,25702,28
12027,24170,1236
12028,25739,0
12029,25739,0
12030,25739,0
12031,24340,1098
12032,25739,0
12033,25739,0
12034,25739,0
12035,25739,0
12036,25739,0
12037,25739,0
12038,25644,72
12039,25739,0
12040,25739,0
12041,25551,144
12042,25707,24
12043,24889,660
12044,25739,0
12045,25676,48
12046,24303,1128
12047,25739,0
12048,24793,736
12049,25739,0
12050,25739,0
12051,25644,72
12052,25613,96
12053,1961,50606
12054,25739,0
12055,23506,1784
12056,12084,14862
12057,25739,0
12058,25739,0
12059,25739,0
12060,22771,2408
12061,25739,0
12062,25739,0
12063,25739,0
12064,25739,0
12065,19158,5804
12066,25739,0
12067,25676,48
12068,25739,0
12069,25739,0
12070,25739,0
12071,25739,0
12072,25077,512
12073,23698,1624
12074,25739,0
12075,25739,0
12076,25692,36
12077,25739,0
12078,25739,0
12079,25739,0
12080,25739,0
12081,25739,0
12082,25739,0
12083,20187,4776
12084,25739,0
12085,25739,0
12086,25739,0
12087,25739,0
12088,22113,2984
12089,25707,24
12090,25739,0
12091,25739,0
12092,25739,0
12093,25739,0
12094,25739,0
12095,25739,0
12096,25739,0
12097,20314,4652
12098,23197,2044
12099,25739,0
12100,25739,0
12101,25739,0
12102,25739,0
12103,25739,0
12104,25702,28
12105,25739,0
12106,25702,28
12107,25739,0
12108,22978,2230
12109,25676,48
12110,25739,0
12111,25739,0
12112,25254,374
12113,25739,0
12114,25739,0
12115,25739,0
12116,25566,132
12117,25739,0
12118,25739,0
12119,25551,144
12120,25739,0
12121,25739,0
12122,25739,0
12123,25739,0
12124,25702,28
12125,25739,0
12126,24301,1130
12127,25739,0
12128,25739,0
12129,25739,0
12130,23789,1548
12131,22125,2974
12132,25739,0
12133,25739,0
12134,25739,0
12135,25739,0
12136,25739,0
12137,25739,0
12138,7188,25074
12139,24783,744
12140,25739,0
12141,25739,0
12142,25739,0
12143,24084,1306
12144,25174,436
12145,25739,0
12146,25739,0
12147,25739,0
12148,25739,0
12149,25739,0
12150,25676,48
12151,25739,0
12152,25739,0
12153,25739,0
12154,25739,0
12155,25382,274
12156,25739,0
12157,25739,0
12158,25739,0
12159,25739,0
12160,25655,64
12161,25739,0
12162,25739,0
12163,25739,0
12164,25739,0
12165,25739,0
12166,25739,0
12167,25739,0
12168,25739,0
12169,25739,0
12170,25739,0
12171,25739,0
12172,25369,284
12173,25658,62
12174,25739,0
12175,25739,0
12176,25739,0
12177,25644,72
12178,25739,0
12179,24909,644
12180,25739,0
12181,25739,0
12182,25739,0
12183,25739,0
12184,25739,0
12185,25739,0
12186,21083,3922
12187,25739,0
12188,11294,16192
12189,25739,0
12190,25739,0
12191,24808,724
12192,25739,0
12193,25739,0
12194,25739,0
12195,25634,80
12196,25739,0
12197,25739,0
12198,25739,0
12199,25739,0
12200,25739,0
12201,25739,0
12202,25739,0
12203,23126,2104
12204,25739,0
12205,25739,0
12206,23940,1424
12207,25059,526
12208,25739,0
12209,25739,0
12210,25692,36
12211,25739,0
12212,25739,0
12213,25494,188
12214,25739,0
12215,25385,272
12216,25739,0
12217,25739,0
12218,23458,1824
12219,25739,0
12220,25739,0
12221,22415,2718
12222,25739,0
12223,25739,0
12224,25739,0
12225,25739,0
12226,24755,766
12227,24464,998
12228,25120,478
12229,25739,0
12230,25739,0
12231,25739,0
12232,25739,0
12233,22950,2254
12234,25739,0
12235,20974,4024
12236,25739,0
12237,24234,1184
12238,25739,0
12239,25739,0
12240,25739,0
12241,25739,0
12242,25739,0
12243,25650,68
12244,25739,0
12245,25739,0
12246,21460,3574
12247,25739,0
12248,25739,0
12249,25739,0
12250,25739,0
12251,25230,392
12252,25739,0
12253,25739,0
12254,25739,0
12255,25739,0
12256,25739,0
12257,25318,324
12258,25212,406
12259,25739,0
12260,24427,1028
12261,25739,0
12262,25739,0
12263,23669,1648
12264,25739,0
12265,25739,0
12266,25707,24
12267,22959,2246
12268,25739,0
12269,25261,368
12270,25739,0
12271,25739,0
12272,25739,0
12273,25739,0
12274,25739,0
12275,25739,0
12276,25739,0
12277,25739,0
12278,25739,0
12279,25739,0
12280,25660,60
12281,25739,0
12282,25313,328
12283,25739,0
12284,25739,0
12285,25739,0
12286,25739,0
12287,25739,0
12288,25739,0
12289,25739,0
12290,24572,912
12291,25739,0
12292,25739,0
12293,25739,0
12294,25739,0
12295,25739,0
12296,23529,1764
12297,25739,0
12298,25739,0
12299,25739,0
12300,25739,0
12301,25184,428
12302,25681,44
12303,25739,0
12304,21023,3978
12305,25739,0
12306,25739,0
12307,24557,924
12308,25739,0
12309,25282,352
12310,25702,28
12311,25447,224
12312,25739,0
12313,25514,172
12314,22403,2728
12315,25739,0
12316,25739,0
12317,25739,0
12318,25739,0
12319,25739,0
12320,25739,0
12321,25739,0
12322,25739,0
12323,25639,76
12324,25739,0
12325,24909,644
12326,25707,24
12327,25692,36
12328,25739,0
12329,25739,0
12330,25184,428
12331,25739,0
12332,25739,0
12333,25739,0
12334,18147,6870
12335,24682,824
12336,25739,0
12337,25739,0
12338,25739,0
12339,25739,0
12340,10533,17562
12341,24972,594
12342,24425,1030
12343,25739,0
12344,25739,0
12345,25739,0
12346,25739,0
12347,25739,0
12348,25739,0
12349,25739,0
12350,25739,0
12351,25739,0
12352,25707,24
12353,25739,0
12354,25739,0
12355,25739,0
12356,25702,28
12357,25739,0
12358,25739,0
12359,24278,1148
12360,25739,0
12361,25739,0
12362,25676,48
12363,25739,0
12364,25739,0
12365,25739,0
12366,25739,0
12367,24945,616
12368,25739,0
12369,25707,24
12370,25739,0
12371,25739,0
12372,25739,0
12373,25739,0
12374,25739,0
12375,25313,328
12376,25318,324
12377,25739,0
12378,23688,1632
12379,25739,0
12380,22899,2298
12381,25739,0
12382,22831,2356
12383,25447,224
12384,25739,0
12385,24338,1100
12386,25739,0
12387,25739,0
12388,19728,5228
12389,24778,748
12390,25739,0
12391,25739,0
12392,25739,0
12393,25739,0
12394,25739,0
12395,22125,2974
12396,25739,0
12397,23251,1998
12398,25665,56
12399,25739,0
12400,25739,0
12401,25739,0
12402,25739,0
12403,25739,0
12404,25504,180
12405,25739,0
12406,25739,0
12407,25036,544
12408,25551,144
12409,24224,1192
12410,25739,0
12411,22637,2524
12412,25702,28
12413,25739,0
12414,13549,12614
12415,25739,0
12416,25739,0
12417,5899,28958
12418,25739,0
12419,25739,0
12420,25739,0
12421,25739,0
12422,25739,0
12423,25739,0
12424,25739,0
12425,25644,72
12426,25739,0
12427,25739,0
12428,25739,0
12429,25739,0
12430,23453,1828
12431,25739,0
12432,25739,0
12433,25739,0
12434,25707,24
12435,25318,324
12436,25739,0
12437,25739,0
12438,25739,0
12439,25739,0
12440,25739,0
12441,25739,0
12442,25702,28
12443,25707,24
12444,23194,2046
12445,23553,1744
12446,25110,486
12447,25739,0
12448,25739,0
12449,25739,0
12450,25739,0
12451,25062,524
12452,25739,0
12453,25739,0
12454,25739,0
12455,24990,580
12456,15178,10382
12457,19832,5124
12458,22331,2792
12459,25739,0
12460,25739,0
12461,11905,15156
12462,25739,0
12463,25313,328
12464,24697,812
12465,1555,55168
12466,25739,0
12467,21405,3624
12468,25739,0
12469,25739,0
12470,25739,0
12471,23925,1436
12472,25739,0
12473,25739,0
12474,25665,56
12475,25739,0
12476,25739,0
12477,25707,24
12478,25676,48
12479,25572,128
12480,25642,74
12481,25739,0
12482,25739,0
12483,25739,0
12484,25739,0
12485,25739,0
12486,25739,0
12487,25739,0
12488,25739,0
12489,25739,0
12490,25739,0
12491,25707,24
12492,25739,0
12493,25707,24
12494,25707,24
12495,25739,0
12496,25707,24
12497,25707,24
12498,25739,0
12499,25739,0
12500,25739,0
12501,25707,24
12502,25739,0
12503,25739,0
12504,25739,0
12505,25739,0
12506,25702,28
12507,25702,28
12508,25739,0
12509,25739,0
12510,11253,16264
12511,25739,0
12512,23004,2208
12513,25676,48
12514,25739,0
12515,25739,0
12516,25739,0
12517,25626,86
12518,25739,0
12519,24554,926
12520,25739,0
12521,25739,0
12522,25739,0
12523,25739,0
12524,25739,0
12525,25739,0
12526,25739,0
12527,24427,1028
12528,25702,28
12529,25655,64
12530,25739,0
12531,9046,20554
12532,25739,0
12533,22033,3056
12534,25739,0
12535,25739,0
12536,25739,0
12537,25739,0
12538,25707,24
12539,25739,0
12540,25184,428
12541,25702,28
12542,25702,28
12543,25739,0
12544,25739,0
12545,23580,1722
12546,25739,0
12547,25739,0
12548,25739,0
12549,25739,0
12550,25739,0
12551,25739,0
12552,25189,424
12553,25416,248
12554,25676,48
12555,25739,0
12556,25739,0
12557,25739,0
12558,25739,0
12559,25739,0
12560,25681,44
12561,24281,1146
12562,25739,0
12563,25739,0
12564,25739,0
12565,21081,3924
12566,25739,0
12567,25739,0
12568,25739,0
12569,25739,0
12570,25739,0
12571,25739,0
12572,25739,0
12573,25739,0
12574,25739,0
12575,25095,498
12576,25739,0
12577,25655,64
12578,25739,0
12579,25287,348
12580,25261,368
12581,25739,0
12582,25739,0
12583,5816,29236
12584,25739,0
12585,25739,0
12586,25739,0
12587,25676,48
12588,25739,0
12589,25739,0
12590,25739,0
12591,25739,0
12592,25739,0
12593,21952,3128
12594,25739,0
12595,25739,0
12596,25739,0
12597,25739,0
12598,25739,0
12599,25739,0
12600,25676,48
12601,25739,0
12602,25707,24
12603,25692,36
12604,25739,0
12605,23940,1424
12606,25739,0
12607,25739,0
12608,25739,0
12609,22256,2858
12610,25189,424
12611,25739,0
12612,25189,424
12613,25457,216
12614,25159,448
12615,25707,24
12616,21519,3520
12617,25739,0
12618,25739,0
12619,25739,0
12620,25739,0
12621,25739,0
12622,22901,2296
12623,25739,0
12624,25739,0
12625,25739,0
12626,25739,0
12627,25739,0
12628,25248,378
12629,25739,0
12630,25739,0
12631,25739,0
12632,25540,152
12633,14468,11324
12634,25707,24
12635,22272,2844
12636,25639,76
12637,24866,678
12638,25676,48
12639,25447,224
12640,25442,228
12641,25739,0
12642,25739,0
12643,25739,0
12644,23950,1416
12645,25739,0
12646,25739,0
12647,25739,0
12648,25302,336
12649,25248,378
12650,25739,0
12651,25676,48
12652,25739,0
12653,25739,0
12654,25707,24
12655,25739,0
12656,25739,0
12657,25739,0
12658,25739,0
12659,24985,584
12660,25739,0
12661,12608,14028
12662,25739,0
12663,25739,0
12664,25676,48
12665,22064,3028
12666,25739,0
12667,25056,528
12668,25533,158
12669,25676,48
12670,25739,0
12671,25739,0
12672,25184,428
12673,25739,0
12674,25739,0
12675,25739,0
12676,24934,624
12677,25739,0
12678,25739,0
12679,25739,0
12680,25739,0
12681,25739,0
12682,25739,0
12683,25739,0
12684,25739,0
12685,25702,28
12686,25739,0
12687,24871,674
12688,25739,0
12689,25739,0
12690,25676,48
12691,25676,48
12692,25739,0
12693,18980,5988
12694,25739,0
12695,25611,98
12696,25739,0
12697,25292,344
12698,25739,0
12699,25692,36
12700,25739,0
12701,23216,2028
12702,25692,36
12703,25739,0
12704,25739,0
12705,25692,36
12706,25739,0
12707,25739,0
12708,22836,2352
12709,25613,96
12710,25739,0
12711,25702,28
12712,25739,0
12713,25739,0
12714,24023,1356
12715,25739,0
12716,25739,0
12717,22962,2244
12718,25739,0
12719,25739,0
12720,25739,0
12721,25739,0
12722,25442,228
12723,25707,24
12724,25739,0
12725,25739,0
12726,25739,0
12727,25739,0
12728,25702,28
12729,25739,0
12730,25739,0
12731,25739,0
12732,23465,1818
12733,25739,0
12734,25739,0
12735,25739,0
12736,25739,0
12737,22637,2524
12738,25739,0
12739,25447,224
12740,25739,0
12741,25739,0
12742,25739,0
12743,25739,0
12744,25739,0
12745,25572,128
12746,18830,6144
12747,25739,0
12748,24145,1256
12749,25739,0
12750,25034,546
12751,25707,24
12752,25702,28
12753,20846,4144
12754,25739,0
12755,25739,0
12756,25739,0
12757,25739,0
12758,25739,0
12759,25739,0
12760,25739,0
12761,25739,0
12762,25739,0
12763,25739,0
12764,25739,0
12765,25739,0
12766,25739,0
12767,25739,0
12768,25739,0
12769,25676,48
12770,25739,0
12771,25739,0
12772,25739,0
12773,25739,0
12774,25739,0
12775,25739,0
12776,25739,0
12777,25739,0
12778,15059,10536
12779,25739,0
12780,25739,0
12781,25739,0
12782,25707,24
12783,25739,0
12784,22518,2628
12785,25739,0
12786,25739,0
12787,25739,0
12788,25676,48
12789,25739,0
12790,25739,0
12791,25739,0
12792,25739,0
12793,25739,0
12794,24096,1296
12795,25739,0
12796,23220,2024
12797,25739,0
12798,14920,10718
12799,25739,0
12800,25504,180
12801,25739,0
12802,16672,8536
12803,25739,0
12804,25739,0
12805,25739,0
12806,25739,0
12807,25739,0
12808,25739,0
12809,25739,0
12810,25739,0
12811,25739,0
12812,25739,0
12813,25739,0
12814,24934,624
12815,24993,578
12816,25739,0
12817,24929,628
12818,25739,0
12819,25739,0
12820,25739,0
12821,25739,0
12822,25676,48
12823,24929,628
12824,25739,0
12825,25739,0
12826,25739,0
12827,24778,748
12828,23942,1422
12829,25692,36
12830,25739,0
12831,24552,928
12832,25739,0
12833,25739,0
12834,25707,24
12835,24783,744
12836,25739,0
12837,24392,1056
12838,25739,0
12839,25739,0
12840,22573,2580
12841,1987,50348
12842,25739,0
12843,25739,0
12844,25739,0
12845,25095,498
12846,25455,218
12847,25739,0
12848,25707,24
12849,17553,7524
12850,25739,0
12851,25739,0
12852,25739,0
12853,24642,856
12854,25739,0
12855,25676,48
12856,25739,0
12857,25531,159
12858,25676,48
12859,24427,1028
12860,19548,5408
12861,25739,0
12862,25739,0
12863,25739,0
12864,25739,0
12865,25739,0
12866,25739,0
12867,25676,48
12868,25739,0
12869,23659,1656
12870,25739,0
12871,25739,0
12872,25739,0
12873,25739,0
12874,25739,0
12875,25739,0
12876,25739,0
12877,25739,0
12878,25739,0
12879,25739,0
12880,25739,0
12881,25481,198
12882,25512,174
12883,25739,0
12884,23683,1636
12885,23760,1572
12886,25739,0
12887,5344,30902
12888,25739,0
12889,25739,0
12890,25739,0
12891,25739,0
12892,25130,470
12893,25739,0
12894,25739,0
12895,25739,0
12896,25739,0
12897,25603,104
12898,25739,0
12899,25739,0
12900,25739,0
12901,19841,5116
12902,25739,0
12903,23814,1528
12904,24715,798
12905,25739,0
12906,25739,0
12907,25739,0
12908,25739,0
12909,25739,0
12910,25739,0
12911,1,221022
12912,25739,0
12913,25739,0
12914,25665,56
12915,25739,0
12916,25739,0
12917,25739,0
12918,25739,0
12919,22210,2898
12920,25739,0
12921,25739,0
12922,25739,0
12923,25739,0
12924,22580,2574
12925,2005,50174
12926,25739,0
12927,25739,0
12928,25739,0
12929,25739,0
12930,25739,0
12931,25125,474
12932,25739,0
12933,25739,0
12934,25739,0
12935,25739,0
12936,25739,0
12937,18991,5976
12938,25739,0
12939,21188,3824
12940,25739,0
12941,25739,0
12942,25739,0
12943,25739,0
12944,25739,0
12945,25382,274
12946,25739,0
12947,24527,948
12948,21573,3470
12949,25739,0
12950,25739,0
12951,25739,0
12952,25739,0
12953,25707,24
12954,25739,0
12955,25351,298
12956,25739,0
12957,23609,1698
12958,25739,0
12959,25739,0
12960,21357,3668
12961,25447,224
12962,25739,0
12963,25125,474
12964,25739,0
12965,25739,0
12966,25707,24
12967,25739,0
12968,25629,84
12969,25739,0
12970,25739,0
12971,25256,372
12972,25341,306
12973,25164,444
12974,25739,0
12975,25739,0
12976,25739,0
12977,20997,4002
12978,22729,2444
12979,25634,80
12980,25739,0
12981,25739,0
12982,25344,304
12983,25739,0
12984,24957,606
12985,25739,0
12986,25739,0
12987,25739,0
12988,25739,0
12989,25739,0
12990,25739,0
12991,25739,0
12992,25248,378
12993,23074,2148
12994,25739,0
12995,25739,0
12996,22269,2846
12997,25739,0
12998,19885,5072
12999,25559,138
13000,25739,0
13001,25739,0
13002,24667,836
13003,25739,0
13004,25739,0
13005,25739,0
13006,24998,574
13007,25739,0
13008,25739,0
13009,25739,0
13010,25739,0
13011,25739,0
13012,25739,0
13013,25739,0
13014,25739,0
13015,23102,2124
13016,25739,0
13017,25739,0
13018,25739,0
13019,25702,28
13020,25739,0
13021,22154,2948
13022,25739,0
13023,24382,1064
13024,25739,0
13025,25739,0
13026,25739,0
13027,25739,0
13028,25739,0
13029,25739,0
13030,25739,0
13031,25676,48
13032,25739,0
13033,25739,0
13034,25739,0
13035,25739,0
13036,24657,844
13037,25739,0
13038,25676,48
13039,25739,0
13040,25287,348
13041,25739,0
13042,25739,0
13043,25739,0
13044,25046,536
13045,25739,0
13046,25431,236
13047,25739,0
13048,25739,0
13049,25313,328
13050,25739,0
13051,23018,2196
13052,25739,0
13053,25739,0
13054,25739,0
13055,25739,0
13056,22690,2478
13057,25739,0
13058,25739,0
13059,25739,0
13060,25739,0
13061,18914,6056
13062,25739,0
13063,25739,0
13064,25739,0
13065,25739,0
13066,25739,0
13067,25447,224
13068,25739,0
13069,25739,0
13070,25739,0
13071,1928,50940
13072,25739,0
13073,25739,0
13074,25739,0
13075,25739,0
13076,25739,0
13077,25739,0
13078,25739,0
13079,25739,0
13080,23952,1414
13081,25739,0
13082,25739,0
13083,25447,224
13084,25739,0
13085,25739,0
13086,25739,0
13087,22534,2614
13088,25739,0
13089,25739,0
13090,19895,5062
13091,25739,0
13092,25739,0
13093,25739,0
13094,25739,0
13095,25739,0
13096,25006,568
13097,25739,0
13098,25739,0
13099,25707,24
13100,25739,0
13101,25739,0
13102,22992,2218
13103,24993,578
13104,25184,428
13105,25739,0
13106,25739,0
13107,25739,0
13108,25739,0
13109,25739,0
13110,25739,0
13111,16095,9228
13112,25739,0
13113,25739,0
13114,22557,2594
13115,22577,2576
13116,16843,8336
13117,25302,336
13118,25739,0
13119,25739,0
13120,13891,12124
13121,25739,0
13122,25481,198
13123,25739,0
13124,25702,28
13125,25739,0
13126,25739,0
13127,25739,0
13128,21401,3628
13129,25739,0
13130,25707,24
13131,25739,0
13132,25739,0
13133,25739,0
13134,25739,0
13135,23986,1386
13136,25739,0
13137,25739,0
13138,25739,0
13139,25739,0
13140,25739,0
13141,25739,0
13142,25707,24
13143,25184,428
13144,25739,0
13145,25739,0
13146,25739,0
13147,24767,756
13148,25739,0
13149,25634,80
13150,25739,0
13151,25739,0
13152,25739,0
13153,25739,0
13154,25739,0
13155,25739,0
13156,25739,0
13157,25739,0
13158,25739,0
13159,25739,0
13160,25739,0
13161,25739,0
13162,25739,0
13163,25739,0
13164,25739,0
13165,25739,0
13166,25739,0
13167,25739,0
13168,25739,0
13169,25739,0
13170,25447,224
13171,25739,0
13172,22543,2606
13173,25739,0
13174,25739,0
13175,25739,0
13176,25739,0
13177,25739,0
13178,25702,28
13179,25739,0
13180,25707,24
13181,25739,0
13182,25739,0
13183,25739,0
13184,24879,668
13185,25739,0
13186,25739,0
13187,25739,0
13188,25739,0
13189,24967,598
13190,25739,0
13191,25739,0
13192,25739,0
13193,25739,0
13194,25739,0
13195,25739,0
13196,25739,0
13197,25739,0
13198,25739,0
13199,25739,0
13200,25676,48
13201,25452,220
13202,25739,0
13203,25739,0
13204,25739,0
13205,25739,0
13206,25739,0
13207,25739,0
13208,25739,0
13209,25739,0
13210,25739,0
13211,25739,0
13212,25739,0
13213,25739,0
13214,25707,24
13215,25739,0
13216,25739,0
13217,20310,4656
13218,25739,0
13219,25739,0
13220,25739,0
13221,22426,2708
13222,25707,24
13223,23157,2078
13224,25739,0
13225,16095,9228
13226,25634,80
13227,25739,0
13228,25739,0
13229,25739,0
13230,25739,0
13231,25739,0
13232,25128,472
13233,25447,224
13234,25739,0
13235,25056,528
13236,10936,16824
13237,25739,0
13238,25739,0
13239,25707,24
13240,25125,474
13241,23758,1574
13242,25739,0
13243,25447,224
13244,25739,0
13245,25739,0
13246,25739,0
13247,25707,24
13248,25739,0
13249,18835,6138
13250,25739,0
13251,25739,0
13252,25739,0
13253,25739,0
13254,25447,224
13255,25707,24
13256,25739,0
13257,25739,0
13258,25665,56
13259,25739,0
13260,25739,0
13261,24639,858
13262,25739,0
13263,25739,0
13264,25739,0
13265,25739,0
13266,25739,0
13267,25707,24
13268,25739,0
13269,25739,0
13270,25739,0
13271,25739,0
13272,25739,0
13273,25739,0
13274,25739,0
13275,25739,0
13276,24602,888
13277,17965,7068
13278,25739,0
13279,25739,0
13280,25739,0
13281,25739,0
13282,25739,0
13283,25739,0
13284,25535,156
13285,22672,2494
13286,25739,0
13287,25739,0
13288,25739,0
13289,14269,11596
13290,25739,0
13291,25739,0
13292,25739,0
13293,25707,24
13294,20292,4674
13295,25676,48
13296,25739,0
13297,25739,0
13298,25546,148
13299,3645,38424
13300,25739,0
13301,25739,0
13302,24957,606
13303,19820,5136
13304,25739,0
13305,25540,152
13306,25739,0
13307,25159,448
13308,25739,0
13309,25739,0
13310,24432,1024
13311,25637,78
13312,25739,0
13313,25739,0
13314,22746,2430
13315,25062,524
13316,25707,24
13317,25739,0
13318,25739,0
13319,25739,0
13320,25739,0
13321,25739,0
13322,25739,0
13323,25739,0
13324,25613,96
13325,25739,0
13326,25739,0
13327,25739,0
13328,25739,0
13329,25739,0
13330,25739,0
13331,25739,0
13332,25739,0
13333,25739,0
13334,25739,0
13335,25739,0
13336,25739,0
13337,25739,0
13338,24246,1174
13339,25739,0
13340,25739,0
13341,25739,0
13342,25739,0
13343,25739,0
13344,25676,48
13345,25739,0
13346,25739,0
13347,25739,0
13348,25739,0
13349,25739,0
13350,12372,14400
13351,22655,2508
13352,25739,0
13353,24293,1136
13354,25739,0
13355,24308,1124
13356,25739,0
13357,25739,0
13358,25739,0
13359,25739,0
13360,25739,0
13361,25739,0
13362,25739,0
13363,25739,0
13364,25739,0
13365,25739,0
13366,25739,0
13367,24720,794
13368,25739,0
13369,25739,0
13370,25739,0
13371,17398,7698
13372,25739,0
13373,25739,0
13374,25739,0
13375,25739,0
13376,25739,0
13377,22734,2440
13378,25739,0
13379,25577,124
13380,25739,0
13381,25189,424
13382,25739,0
13383,25707,24
13384,25739,0
13385,24934,624
13386,25739,0
13387,25739,0
13388,25739,0
13389,24472,992
13390,25739,0
13391,20447,4524
13392,25739,0
13393,25739,0
13394,25739,0
13395,25739,0
13396,25739,0
13397,25739,0
13398,25739,0
13399,25739,0
13400,23539,1756
13401,25739,0
13402,25739,0
13403,25184,428
13404,25507,178
13405,25254,374
13406,25739,0
13407,25739,0
13408,25739,0
13409,25739,0
13410,25739,0
13411,25739,0
13412,25739,0
13413,25739,0
13414,25624,88
13415,25739,0
13416,25159,448
13417,18189,6824
13418,25739,0
13419,25739,0
13420,25739,0
13421,25739,0
13422,25739,0
13423,25739,0
13424,23088,2136
13425,25739,0
13426,25739,0
13427,25739,0
13428,25739,0
13429,25613,96
13430,25739,0
13431,25739,0
13432,25739,0
13433,25634,80
13434,25739,0
13435,25739,0
13436,25739,0
13437,25739,0
13438,20447,4524
13439,25739,0
13440,25739,0
13441,25739,0
13442,25739,0
13443,25739,0
13444,25739,0
13445,25739,0
13446,25739,0
13447,14804,10872
13448,25739,0
13449,25739,0
13450,25739,0
13451,25739,0
13452,25739,0
13453,25707,24
13454,25739,0
13455,25739,0
13456,25739,0
13457,24524,950
13458,25739,0
13459,25739,0
13460,24808,724
13461,25739,0
13462,25739,0
13463,25739,0
13464,21163,3848
13465,25739,0
13466,25739,0
13467,25739,0
13468,25739,0
13469,25739,0
13470,25739,0
13471,25739,0
13472,25739,0
13473,24542,936
13474,25739,0
13475,25739,0
13476,25739,0
13477,24308,1124
13478,23789,1548
13479,22159,2944
13480,25739,0
13481,25739,0
13482,25739,0
13483,25707,24
13484,25739,0
13485,25739,0
13486,1902,51206
13487,22920,2280
13488,25739,0
13489,25739,0
13490,25739,0
13491,25676,48
13492,25561,136
13493,25739,0
13494,25739,0
13495,25707,24
13496,25367,286
13497,25739,0
13498,25739,0
13499,25671,52
13500,25739,0
13501,25739,0
13502,25739,0
13503,25739,0
13504,25739,0
13505,25739,0
13506,21779,3284
13507,25739,0
13508,25739,0
13509,25739,0
13510,25739,0
13511,25739,0
13512,1,508754
13513,25739,0
13514,25739,0
13515,25739,0
13516,25739,0
13517,25739,0
13518,25629,84
13519,25739,0
13520,25739,0
13521,25739,0
13522,25739,0
13523,25739,0
13524,25095,498
13525,25739,0
13526,25739,0
13527,25739,0
13528,25739,0
13529,25702,28
13530,25707,24
13531,23517,1774
13532,25739,0
13533,25225,396
13534,25739,0
13535,25739,0
13536,23044,2174
13537,25676,48
13538,25739,0
13539,25739,0
13540,25739,0
13541,25739,0
13542,25739,0
13543,25277,356
13544,24657,844
13545,25739,0
13546,25535,156
13547,25739,0
13548,25465,210
13549,25739,0
13550,25739,0
13551,25739,0
13552,24594,894
13553,25739,0
13554,25739,0
13555,24919,636
13556,25739,0
13557,25739,0
13558,25739,0
13559,25739,0
13560,25551,144
13561,25739,0
13562,25739,0
13563,25739,0
13564,25739,0
13565,25739,0
13566,25739,0
13567,25031,548
13568,25739,0
13569,25739,0
13570,23206,2036
13571,25739,0
13572,22290,2828
13573,25739,0
13574,25739,0
13575,25739,0
13576,20974,4024
13577,25739,0
13578,1858,51668
13579,25739,0
13580,25739,0
13581,25739,0
13582,25739,0
13583,25739,0
13584,2144,48852
13585,25676,48
13586,25739,0
13587,25739,0
13588,24011,1366
13589,25739,0
13590,25739,0
13591,25739,0
13592,25739,0
13593,25707,24
13594,25739,0
13595,25739,0
13596,22785,2396
13597,25739,0
13598,25739,0
13599,25739,0
13600,25739,0
13601,25512,174
13602,25739,0
13603,25161,446
13604,25739,0
13605,25739,0
13606,25739,0
13607,25739,0
13608,25739,0
13609,25739,0
13610,25739,0
13611,24934,624
13612,2369,46892
13613,22069,3024
13614,25739,0
13615,25739,0
13616,25739,0
13617,25739,0
13618,25739,0
13619,18005,7024
13620,25739,0
13621,24998,574
13622,25739,0
13623,25739,0
13624,25739,0
13625,25739,0
13626,25739,0
13627,25739,0
13628,22985,2224
13629,25739,0
13630,25739,0
13631,24432,1024
13632,17156,7974
13633,25739,0
13634,25739,0
13635,25608,100
13636,25739,0
13637,25739,0
13638,25125,474
13639,25739,0
13640,20974,4024
13641,25739,0
13642,24377,1068
13643,25739,0
13644,25739,0
13645,25739,0
13646,25739,0
13647,23577,1724
13648,25739,0
13649,25739,0
13650,25739,0
13651,25739,0
13652,25739,0
13653,25739,0
13654,24929,628
13655,22632,2528
13656,25739,0
13657,25739,0
13658,25739,0
13659,25739,0
13660,25739,0
13661,23794,1544
13662,25739,0
13663,23227,2018
13664,25739,0
13665,25739,0
13666,25739,0
13667,6458,27180
13668,25739,0
13669,24432,1024
13670,1886,51374
13671,25739,0
13672,25739,0
13673,25739,0
13674,25739,0
13675,25287,348
13676,24527,948
13677,25739,0
13678,25739,0
13679,25739,0
13680,25739,0
13681,25739,0
13682,25739,0
13683,25739,0
13684,22725,2448
13685,25739,0
13686,25739,0
13687,25707,24
13688,25739,0
13689,25739,0
13690,25739,0
13691,25707,24
13692,25739,0
13693,25739,0
13694,25739,0
13695,24432,1024
13696,25739,0
13697,25739,0
13698,25739,0
13699,25739,0
13700,23843,1504
13701,25739,0
13702,25739,0
13703,25739,0
13704,25739,0
13705,25707,24
13706,25739,0
13707,25739,0
13708,25739,0
13709,25702,28
13710,25739,0
13711,25739,0
13712,25739,0
13713,25739,0
13714,25739,0
13715,24527,948
13716,25739,0
13717,25739,0
13718,25739,0
13719,25739,0
13720,25318,324
13721,25739,0
13722,25739,0
13723,25739,0
13724,25739,0
13725,25367,286
13726,25739,0
13727,25566,132
13728,25739,0
13729,25473,204
13730,25739,0
13731,25120,478
13732,11608,15652
13733,25702,28
13734,25739,0
13735,25739,0
13736,25739,0
13737,25739,0
13738,25739,0
13739,339,85120
13740,25739,0
13741,20325,4642
13742,25228,394
13743,25739,0
13744,25431,236
13745,25739,0
13746,20288,4678
13747,25739,0
13748,25739,0
13749,25739,0
13750,25739,0
13751,25739,0
13752,25739,0
13753,25739,0
13754,25739,0
13755,25739,0
13756,25739,0
13757,25739,0
13758,25739,0
13759,25739,0
13760,25739,0
13761,25739,0
13762,25739,0
13763,25739,0
13764,23168,2068
13765,1,302738
13766,25702,28
13767,25739,0
13768,25739,0
13769,22177,2928
13770,25739,0
13771,25692,36
13772,25739,0
13773,25739,0
13774,25739,0
13775,16556,8674
13776,25739,0
13777,25739,0
13778,25739,0
13779,25739,0
13780,25681,44
13781,25739,0
13782,25658,62
13783,25739,0
13784,25739,0
13785,25707,24
13786,25739,0
13787,25087,504
13788,25739,0
13789,25739,0
13790,25739,0
13791,22181,2924
13792,25739,0
13793,25739,0
13794,24815,718
13795,25739,0
13796,24815,718
13797,25739,0
13798,25739,0
13799,25739,0
13800,25739,0
13801,25739,0
13802,25174,436
13803,19754,5202
13804,25739,0
13805,14852,10808
13806,23310,1948
13807,25642,74
13808,25739,0
13809,25739,0
13810,23133,2098
13811,25739,0
13812,25739,0
13813,23498,1790
13814,25739,0
13815,25739,0
13816,25739,0
13817,25739,0
13818,25739,0
13819,25739,0
13820,25292,344
13821,25739,0
13822,24126,1272
13823,23079,2144
13824,24778,748
13825,25739,0
13826,25739,0
13827,25676,48
13828,25707,24
13829,6715,26412
13830,23814,1528
13831,23794,1544
13832,25739,0
13833,25739,0
13834,25707,24
13835,25739,0
13836,25739,0
13837,25707,24
13838,25031,548
13839,24934,624
13840,24677,828
13841,25739,0
13842,25739,0
13843,25739,0
13844,25739,0
13845,25739,0
13846,23916,1444
13847,25739,0
13848,25739,0
13849,22927,2274
13850,25739,0
13851,25739,0
13852,25739,0
13853,25512,174
13854,25739,0
13855,25546,148
13856,25031,548
13857,13255,13044
13858,25707,24
13859,25739,0
13860,25613,96
13861,22957,2248
13862,25702,28
13863,25496,186
13864,25739,0
13865,25739,0
13866,25739,0
13867,25739,0
13868,25447,224
13869,25739,0
13870,25739,0
13871,22406,2726
13872,25739,0
13873,25739,0
13874,25739,0
13875,25739,0
13876,25739,0
13877,25739,0
13878,25739,0
13879,21992,3092
13880,25739,0
13881,21214,3800
13882,24934,624
13883,25418,246
13884,25739,0
13885,25739,0
13886,25739,0
13887,25739,0
13888,25739,0
13889,25739,0
13890,25739,0
13891,25739,0
13892,25546,148
13893,23818,1524
13894,24557,924
13895,25739,0
13896,25692,36
13897,25739,0
13898,24368,1076
13899,25739,0
13900,25739,0
13901,25702,28
13902,25739,0
13903,25739,0
13904,25739,0
13905,25739,0
13906,22267,2848
13907,23780,1556
13908,25739,0
13909,25739,0
13910,24552,928
13911,25056,528
13912,25739,0
13913,25739,0
13914,24084,1306
13915,23563,1736
13916,24983,586
13917,25739,0
13918,25739,0
13919,25739,0
13920,25613,96
13921,25739,0
13922,25739,0
13923,25739,0
13924,21734,3324
13925,25739,0
13926,25739,0
13927,19930,5028
13928,25739,0
13929,25739,0
13930,25739,0
13931,25739,0
13932,25707,24
13933,25421,244
13934,25676,48
13935,25739,0
13936,25739,0
13937,25739,0
13938,24402,1048
13939,25739,0
13940,24866,678
13941,25739,0
13942,23698,1624
13943,25739,0
13944,25739,0
13945,25739,0
13946,25739,0
13947,25739,0
13948,25739,0
13949,25707,24
13950,25739,0
13951,25739,0
13952,25665,56
13953,25603,104
13954,25739,0
13955,25739,0
13956,25739,0
13957,20451,4520
13958,25739,0
13959,25739,0
13960,25739,0
13961,25739,0
13962,25739,0
13963,25739,0
13964,25739,0
13965,25739,0
13966,25739,0
13967,25739,0
13968,25739,0
13969,24737,780
13970,25739,0
13971,25739,0
13972,25676,48
13973,25739,0
13974,25739,0
13975,25739,0
13976,25739,0
13977,25739,0
13978,22385,2744
13979,25739,0
13980,25739,0
13981,25739,0
13982,25189,424
13983,25739,0
13984,24998,574
13985,25739,0
13986,25739,0
13987,25739,0
13988,25655,64
13989,25739,0
13990,25739,0
13991,25739,0
13992,25380,276
13993,25639,76
13994,25739,0
13995,25739,0
13996,25739,0
13997,25707,24
13998,25739,0
13999,25739,0
14000,25739,0
14001,24155,1248
14002,25323,320
14003,25739,0
14004,25739,0
14005,25739,0
14006,1980,50416
14007,25739,0
14008,25739,0
14009,25739,0
14010,24972,594
14011,23879,1474
14012,25739,0
14013,25739,0
14014,25739,0
14015,25164,444
14016,25739,0
14017,24647,852
14018,25739,0
14019,25739,0
14020,25739,0
14021,23955,1412
14022,25739,0
14023,22403,2728
14024,25739,0
14025,25739,0
14026,25739,0
14027,25739,0
14028,25702,28
14029,25739,0
14030,25739,0
14031,19088,5876
14032,25692,36
14033,25739,0
14034,25739,0
14035,25644,72
14036,25739,0
14037,25739,0
14038,25707,24
14039,25739,0
14040,25739,0
14041,25739,0
14042,25478,200
14043,25739,0
14044,25603,104
14045,25739,0
14046,25624,88
14047,19135,5828
14048,25739,0
14049,25264,366
14050,23486,1800
14051,24417,1036
14052,25739,0
14053,25739,0
14054,25707,24
14055,25739,0
14056,25739,0
14057,25739,0
14058,25739,0
14059,23539,1756
14060,25739,0
14061,25739,0
14062,25739,0
14063,25739,0
14064,25739,0
14065,25739,0
14066,24432,1024
14067,25739,0
14068,25739,0
14069,25739,0
14070,25739,0
14071,25364,288
14072,25739,0
14073,25739,0
14074,25739,0
14075,25739,0
14076,25739,0
14077,25739,0
14078,24407,1044
14079,25739,0
14080,25676,48
14081,25739,0
14082,25739,0
14083,25739,0
14084,21655,3396
14085,25739,0
14086,25739,0
14087,25739,0
14088,25739,0
14089,25739,0
14090,25739,0
14091,25739,0
14092,25739,0
14093,25739,0
14094,25739,0
14095,25739,0
14096,25739,0
14097,25739,0
14098,25739,0
14099,25739,0
14100,25739,0
14101,25277,356
14102,24402,1048
14103,22159,2944
14104,25739,0
14105,25739,0
14106,25739,0
14107,25739,0
14108,25739,0
14109,19236,5724
14110,25739,0
14111,25287,348
14112,25739,0
14113,25739,0
14114,25739,0
14115,25179,432
14116,25739,0
14117,25739,0
14118,24557,924
14119,25739,0
14120,25739,0
14121,25739,0
14122,25739,0
14123,21379,3648
14124,25739,0
14125,25739,0
14126,25739,0
14127,25739,0
14128,25739,0
14129,25739,0
14130,25739,0
14131,25739,0
14132,25739,0
14133,25739,0
14134,25739,0
14135,25739,0
14136,25739,0
14137,25739,0
14138,25739,0
14139,25062,524
14140,25739,0
14141,25254,374
14142,25739,0
14143,25739,0
14144,25739,0
14145,25739,0
14146,25739,0
14147,25739,0
14148,25739,0
14149,25739,0
14150,25739,0
14151,21163,3848
14152,24592,896
14153,24637,860
14154,22753,2424
14155,25739,0
14156,25577,124
14157,25739,0
14158,25739,0
14159,24427,1028
14160,25739,0
14161,21262,3756
14162,25739,0
14163,25739,0
14164,24998,574
14165,25739,0
14166,24808,724
14167,25739,0
14168,25739,0
14169,25739,0
14170,19966,4992
14171,25184,428
14172,24985,584
14173,25739,0
14174,25739,0
14175,25739,0
14176,25739,0
14177,25739,0
14178,1258,59340
14179,25739,0
14180,25739,0
14181,24269,1156
14182,25739,0
14183,25739,0
14184,25377,278
14185,25739,0
14186,25739,0
14187,25739,0
14188,25739,0
14189,25739,0
14190,25739,0
14191,25739,0
14192,25702,28
14193,25739,0
14194,25739,0
14195,25739,0
14196,25642,74
14197,25707,24
14198,25739,0
14199,25189,424
14200,5238,31296
14201,25739,0
14202,25739,0
14203,25512,174
14204,25349,300
14205,12493,14208
14206,25603,104
14207,25739,0
14208,25739,0
14209,25739,0
14210,23886,1468
14211,25416,248
14212,24752,768
14213,25739,0
14214,25739,0
14215,25739,0
14216,25739,0
14217,25739,0
14218,25739,0
14219,25739,0
14220,25739,0
14221,25739,0
14222,24904,648
14223,25739,0
14224,25739,0
14225,25739,0
14226,25739,0
14227,25739,0
14228,25739,0
14229,15246,10294
14230,25702,28
14231,25739,0
14232,25739,0
14233,25739,0
14234,24274,1152
14235,25739,0
14236,25739,0
14237,25739,0
14238,53,1000000
14239,25739,0
14240,25739,0
14241,25739,0
14242,25739,0
14243,25626,86
14244,25739,0
14245,25739,0
14246,25739,0
14247,25739,0
14248,25739,0
14249,20749,4236
14250,25739,0
14251,25095,498
14252,25739,0
14253,23455,1826
14254,25739,0
14255,25739,0
14256,25739,0
14257,25123,476
14258,23986,1386
14259,24109,1286
14260,25739,0
14261,25739,0
14262,25739,0
14263,25739,0
14264,25739,0
14265,25739,0
14266,25739,0
14267,25739,0
14268,24871,674
14269,24808,724
14270,25739,0
14271,25739,0
14272,25739,0
14273,25739,0
14274,25739,0
14275,25739,0
14276,25739,0
14277,25739,0
14278,24554,926
14279,25739,0
14280,25739,0
14281,25739,0
14282,25739,0
14283,25739,0
14284,25739,0
14285,25739,0
14286,25629,84
14287,25739,0
14288,11785,15356
14289,25447,224
14290,25739,0
14291,25739,0
14292,22794,2388
14293,25739,0
14294,25739,0
14295,25739,0
14296,25739,0
14297,25739,0
14298,25739,0
14299,25577,124
14300,23192,2048
14301,25739,0
14302,23060,2160
14303,20623,4356
14304,25739,0
14305,25739,0
14306,22971,2236
14307,25739,0
14308,25418,246
14309,25739,0
14310,25739,0
14311,25739,0
14312,16588,8636
14313,25739,0
14314,25739,0
14315,25739,0
14316,15268,10266
14317,25739,0
14318,25739,0
14319,25739,0
14320,25739,0
14321,25739,0
14322,25739,0
14323,25644,72
14324,25006,568
14325,25739,0
14326,25739,0
14327,25739,0
14328,25676,48
14329,25707,24
14330,25739,0
14331,25739,0
14332,25739,0
14333,25739,0
14334,25739,0
14335,25739,0
14336,25302,336
14337,25739,0
14338,24507,964
14339,25739,0
14340,16886,8286
14341,25739,0
14342,25739,0
14343,25739,0
14344,25739,0
14345,24283,1144
14346,23814,1528
14347,25739,0
14348,25739,0
14349,25739,0
14350,25367,286
14351,25739,0
14352,25739,0
14353,25739,0
14354,25676,48
14355,25702,28
14356,25739,0
14357,25707,24
14358,25739,0
14359,25739,0
14360,25447,224
14361,25739,0
14362,25125,474
14363,25739,0
14364,25739,0
14365,25739,0
14366,25739,0
14367,25702,28
14368,25739,0
14369,25739,0
14370,25739,0
14371,25650,68
14372,25739,0
14373,19720,5236
14374,25739,0
14375,25702,28
14376,25739,0
14377,24998,574
14378,25665,56
14379,25702,28
14380,23818,1524
14381,25442,228
14382,25739,0
14383,25739,0
14384,25739,0
14385,25739,0
14386,25739,0
14387,25481,198
14388,25739,0
14389,23575,1726
14390,25739,0
14391,20623,4356
14392,25739,0
14393,24214,1200
14394,25739,0
14395,25739,0
14396,23079,2144
14397,25739,0
14398,20974,4024
14399,25739,0
14400,25739,0
14401,22985,2224
14402,25739,0
14403,25739,0
14404,25739,0
14405,25739,0
14406,25707,24
14407,25739,0
14408,25739,0
14409,25739,0
14410,25739,0
14411,16487,8756
14412,25739,0
14413,20863,4128
14414,25739,0
14415,24998,574
14416,24340,1098
14417,25739,0
14418,25540,152
14419,25739,0
14420,25739,0
14421,25739,0
14422,25739,0
14423,24062,1324
14424,23275,1978
14425,22358,2768
14426,25739,0
14427,25665,56
14428,25739,0
14429,25739,0
14430,25739,0
14431,25739,0
14432,25739,0
14433,25692,36
14434,25676,48
14435,25318,324
14436,25739,0
14437,24654,846
14438,25739,0
14439,25739,0
14440,25739,0
14441,25642,74
14442,25739,0
14443,25739,0
14444,23077,2146
14445,25739,0
14446,25702,28
14447,25739,0
14448,25739,0
14449,25470,206
14450,25739,0
14451,25739,0
14452,23573,1728
14453,25739,0
14454,25739,0
14455,25739,0
14456,25478,200
14457,25739,0
14458,25739,0
14459,25739,0
14460,25739,0
14461,23828,1516
14462,25739,0
14463,25739,0
14464,25739,0
14465,25739,0
14466,25739,0
14467,25313,328
14468,25739,0
14469,25431,236
14470,25739,0
14471,25739,0
14472,25739,0
14473,20715,4268
14474,25702,28
14475,25739,0
14476,25739,0
14477,25707,24
14478,25739,0
14479,25739,0
14480,25707,24
14481,25739,0
14482,24619,874
14483,25739,0
14484,25676,48
14485,25739,0
14486,25739,0
14487,25739,0
14488,25739,0
14489,25739,0
14490,23265,1986
14491,25739,0
14492,25739,0
14493,25692,36
14494,25739,0
14495,25739,0
14496,25739,0
14497,25739,0
14498,25739,0
14499,25739,0
14500,25739,0
14501,25739,0
14502,25739,0
14503,25739,0
14504,25739,0
14505,25739,0
14506,25739,0
14507,25739,0
14508,25739,0
14509,25739,0
14510,25739,0
14511,25739,0
14512,25739,0
14513,25739,0
14514,25707,24
14515,23522,1770
14516,25739,0
14517,25739,0
14518,25739,0
14519,25650,68
14520,25739,0
14521,25377,278
14522,25739,0
14523,25739,0
14524,25739,0
14525,25739,0
14526,25739,0
14527,25739,0
14528,25739,0
14529,25739,0
14530,25739,0
14531,25707,24
14532,25739,0
14533,25739,0
14534,24879,668
14535,25739,0
14536,25739,0
14537,25739,0
14538,24502,968
14539,25739,0
14540,25739,0
14541,25702,28
14542,25056,528
14543,25739,0
14544,24313,1120
14545,24904,648
14546,25739,0
14547,25739,0
14548,25644,72
14549,25739,0
14550,25739,0
14551,22632,2528
14552,25739,0
14553,23693,1628
14554,25739,0
14555,20709,4274
14556,23911,1448
14557,25739,0
14558,25739,0
14559,24592,896
14560,25739,0
14561,25739,0
14562,25739,0
14563,25739,0
14564,25739,0
14565,25377,278
14566,25739,0
14567,24934,624
14568,25739,0
14569,23291,1964
14570,24919,636
14571,25739,0
14572,23625,1684
14573,25739,0
14574,25739,0
14575,25739,0
14576,23611,1696
14577,25739,0
14578,25739,0
14579,25512,174
14580,23458,1824
14581,25739,0
14582,25739,0
14583,25739,0
14584,25739,0
14585,23396,1876
14586,25739,0
14587,25739,0
14588,25739,0
14589,25739,0
14590,25739,0
14591,25739,0
14592,25739,0
14593,25739,0
14594,24427,1028
14595,24909,644
14596,23182,2056
14597,15413,10080
14598,25739,0
14599,25707,24
14600,25676,48
14601,25739,0
14602,21896,3178
14603,25739,0
14604,25351,298
14605,24308,1124
14606,25739,0
14607,25739,0
14608,25739,0
14609,25739,0
14610,25629,84
14611,25739,0
14612,25739,0
14613,25739,0
14614,25739,0
14615,25739,0
14616,24707,804
14617,25739,0
14618,25739,0
14619,25739,0
14620,24846,694
14621,22522,2624
14622,25739,0
14623,25739,0
14624,25739,0
14625,25739,0
14626,25739,0
14627,21457,3576
14628,25739,0
14629,5273,31162
14630,25739,0
14631,25739,0
14632,25739,0
14633,25739,0
14634,25739,0
14635,25739,0
14636,25189,424
14637,16879,8294
14638,25739,0
14639,25739,0
14640,25739,0
14641,20220,4744
14642,25660,60
14643,20922,4073
14644,25739,0
14645,24995,576
14646,25676,48
14647,25739,0
14648,25739,0
14649,25739,0
14650,25739,0
14651,25739,0
14652,25707,24
14653,25707,24
14654,25739,0
14655,25739,0
14656,25739,0
14657,25739,0
14658,25739,0
14659,25739,0
14660,25739,0
14661,25739,0
14662,25739,0
14663,22582,2572
14664,22981,2228
14665,24052,1332
14666,25739,0
14667,25739,0
14668,22522,2624
14669,1989,50326
14670,25739,0
14671,24677,828
14672,25739,0
14673,25739,0
14674,25248,378
14675,25739,0
14676,25739,0
14677,25739,0
14678,25739,0
14679,25739,0
14680,25031,548
14681,25739,0
14682,25739,0
14683,25739,0
14684,25739,0
14685,25739,0
14686,25739,0
14687,25739,0
14688,25739,0
14689,24542,936
14690,25739,0
14691,25702,28
14692,11824,15290
14693,25739,0
14694,25739,0
14695,12488,14216
14696,25739,0
14697,25707,24
14698,14636,11096
14699,20236,4728
14700,25739,0
14701,25739,0
14702,25739,0
14703,25062,524
14704,25702,28
14705,24155,1248
14706,25739,0
14707,1959,50624
14708,25036,544
14709,25739,0
14710,25739,0
14711,21954,3126
14712,25739,0
14713,25739,0
14714,25739,0
14715,25739,0
14716,25739,0
14717,25739,0
14718,25739,0
14719,25739,0
14720,20551,4424
14721,25739,0
14722,25739,0
14723,25739,0
14724,25739,0
14725,25739,0
14726,1850,51748
14727,25739,0
14728,25739,0
14729,25739,0
14730,25739,0
14731,25351,298
14732,25739,0
14733,25739,0
14734,25739,0
14735,25739,0
14736,25739,0
14737,17731,7326
14738,25739,0
14739,25377,278
14740,25561,136
14741,25613,96
14742,25739,0
14743,25692,36
14744,25739,0
14745,25611,98
14746,25739,0
14747,25739,0
14748,24793,736
14749,6535,26946
14750,24489,978
14751,23606,1700
14752,25739,0
14753,25739,0
14754,25739,0
14755,25739,0
14756,25739,0
14757,25739,0
14758,25707,24
14759,25739,0
14760,25739,0
14761,25739,0
14762,25739,0
14763,19055,5910
14764,25739,0
14765,25739,0
14766,25739,0
14767,25739,0
14768,25439,230
14769,25739,0
14770,25739,0
14771,25739,0
14772,25702,28
14773,25707,24
14774,24589,898
14775,16493,8748
14776,25739,0
14777,25739,0
14778,25739,0
14779,25629,84
14780,22883,2312
14781,25739,0
14782,25739,0
14783,25739,0
14784,25739,0
14785,25739,0
14786,14992,10624
14787,25739,0
14788,25739,0
14789,25006,568
14790,25496,186
14791,25739,0
14792,25739,0
14793,25739,0
14794,25739,0
14795,25739,0
14796,5673,29728
14797,25739,0
14798,21392,3636
14799,25739,0
14800,25739,0
14801,25739,0
14802,25739,0
14803,25739,0
14804,25739,0
14805,25739,0
14806,25739,0
14807,10936,16824
14808,25739,0
14809,24557,924
14810,25739,0
14811,25739,0
14812,25739,0
14813,25739,0
14814,25739,0
14815,17972,7060
14816,25739,0
14817,25739,0
14818,25739,0
14819,23339,1924
14820,25739,0
14821,25676,48
14822,25613,96
14823,20644,4336
14824,25739,0
14825,25739,0
14826,25739,0
14827,25739,0
14828,25739,0
14829,25739,0
14830,25739,0
14831,25739,0
14832,25416,248
14833,25739,0
14834,25026,552
14835,25739,0
14836,25739,0
14837,25739,0
14838,25739,0
14839,25739,0
14840,21644,3406
14841,25634,80
14842,25739,0
14843,25739,0
14844,25739,0
14845,25739,0
14846,25739,0
14847,25739,0
14848,24232,1186
14849,25739,0
14850,25739,0
14851,25739,0
14852,25302,336
14853,25577,124
14854,23253,1996
14855,25702,28
14856,25739,0
14857,17081,8060
14858,22474,2666
14859,25739,0
14860,25707,24
14861,25739,0
14862,25739,0
14863,25739,0
14864,25676,48
14865,21970,3112
14866,25739,0
14867,25658,62
14868,25739,0
14869,25739,0
14870,25739,0
14871,25739,0
14872,25192,422
14873,25739,0
14874,25739,0
14875,25739,0
14876,25739,0
14877,25739,0
14878,25739,0
14879,25707,24
14880,25739,0
14881,25739,0
14882,20623,4356
14883,25006,568
14884,25739,0
14885,25739,0
14886,25739,0
14887,25739,0
14888,25739,0
14889,22794,2388
14890,25739,0
14891,25707,24
14892,25739,0
14893,25739,0
14894,25739,0
14895,6656,26586
14896,25739,0
14897,25702,28
14898,25739,0
14899,25739,0
14900,24619,874
14901,25739,0
14902,25739,0
14903,23491,1796
14904,25739,0
14905,22069,3024
14906,16436,8816
14907,25707,24
14908,25702,28
14909,25739,0
14910,25613,96
14911,25739,0
14912,25639,76
14913,22213,2896
14914,25739,0
14915,21085,3920
14916,25739,0
14917,25739,0
14918,25739,0
14919,25551,144
14920,25739,0
14921,25056,528
14922,25739,0
14923,25739,0
14924,25739,0
14925,25739,0
14926,9165,20298
14927,25739,0
14928,25676,48
14929,25707,24
14930,24067,1320
14931,25739,0
14932,25739,0
14933,23698,1624
14934,25739,0
14935,25739,0
14936,25739,0
14937,25739,0
14938,25739,0
14939,24767,756
14940,25707,24
14941,23563,1736
14942,23105,2122
14943,25739,0
14944,25739,0
14945,25739,0
14946,20238,4726
14947,25739,0
14948,25739,0
14949,24682,824
14950,25739,0
14951,25739,0
14952,25739,0
14953,25739,0
14954,25739,0
14955,25739,0
14956,25739,0
14957,25739,0
14958,25739,0
14959,17812,7236
14960,25739,0
14961,25739,0
14962,25739,0
14963,22066,3026
14964,25739,0
14965,25739,0
14966,20838,4152
14967,25739,0
14968,25739,0
14969,25739,0
14970,25739,0
14971,25739,0
14972,25739,0
14973,25739,0
14974,25739,0
14975,25739,0
14976,24283,1144
14977,25739,0
14978,25707,24
14979,25739,0
14980,25739,0
14981,14359,11472
14982,24894,656
14983,25739,0
14984,25739,0
14985,25739,0
14986,25739,0
14987,25739,0
14988,25739,0
14989,25739,0
14990,25551,144
14991,25739,0
14992,25739,0
14993,25671,52
14994,25739,0
14995,25739,0
14996,25739,0
14997,25739,0
14998,1699,53430
14999,13611,12524
15000,25174,436
15001,25739,0
15002,25739,0
15003,25739,0
15004,25739,0
15005,25739,0
15006,23482,1804
15007,25739,0
15008,25739,0
15009,25238,386
15010,25739,0
15011,25739,0
15012,25707,24
15013,25739,0
15014,25739,0
15015,25739,0
15016,25739,0
15017,25739,0
15018,22992,2218
15019,25739,0
15020,25431,236
15021,25676,48
15022,25702,28
15023,25739,0
15024,25739,0
15025,18868,6104
15026,25739,0
15027,25739,0
15028,7024,25528
15029,25707,24
15030,25739,0
15031,25739,0
15032,25739,0
15033,25739,0
15034,25739,0
15035,25739,0
15036,25739,0
15037,25739,0
15038,25739,0
15039,1872,51518
15040,25739,0
15041,25739,0
15042,22582,2572
15043,24432,1024
15044,25739,0
15045,25739,0
15046,25739,0
15047,25739,0
15048,25739,0
15049,25739,0
15050,25739,0
15051,25739,0
15052,25739,0
15053,25739,0
15054,25739,0
15055,25739,0
15056,25739,0
15057,25739,0
15058,25739,0
15059,25739,0
15060,25739,0
15061,25739,0
15062,25739,0
15063,25561,136
15064,25739,0
15065,21832,3236
15066,25739,0
15067,25739,0
15068,22948,2256
15069,25739,0
15070,22349,2776
15071,25739,0
15072,25739,0
15073,25739,0
15074,25739,0
15075,25707,24
15076,21930,3148
15077,25739,0
15078,25739,0
15079,25739,0
15080,25739,0
15081,25739,0
15082,13803,12248
15083,25739,0
15084,24808,724
15085,25608,100
15086,22669,2496
15087,23772,1562
15088,25501,182
15089,25739,0
15090,25739,0
15091,25739,0
15092,25739,0
15093,25692,36
15094,25634,80
15095,25739,0
15096,25739,0
15097,25739,0
15098,25739,0
15099,22876,2318
15100,25739,0
15101,25577,124
15102,25739,0
15103,7087,25352
15104,25739,0
15105,25442,228
15106,25382,274
15107,25739,0
15108,25739,0
15109,25739,0
15110,25739,0
15111,25739,0
15112,25739,0
15113,25707,24
15114,25739,0
15115,25739,0
15116,25739,0
15117,25739,0
15118,25739,0
15119,25739,0
15120,25739,0
15121,25739,0
15122,21767,3294
15123,25739,0
15124,25551,144
15125,25739,0
15126,22806,2378
15127,25739,0
15128,25676,48
15129,25739,0
15130,25739,0
15131,25031,548
15132,25739,0
15133,25613,96
15134,25739,0
15135,25739,0
15136,25739,0
15137,25739,0
15138,15145,10424
15139,25739,0
15140,25739,0
15141,25739,0
15142,25739,0
15143,24126,1272
15144,25739,0
15145,25739,0
15146,25739,0
15147,25739,0
15148,25739,0
15149,25739,0
15150,25739,0
15151,25739,0
15152,25546,148
15153,25739,0
15154,25739,0
15155,25707,24
15156,25739,0
15157,25739,0
15158,25739,0
15159,25031,548
15160,23517,1774
15161,25739,0
15162,25739,0
15163,25739,0
15164,25739,0
15165,19690,5266
15166,25739,0
15167,25739,0
15168,25739,0
15169,25702,28
15170,25739,0
15171,25739,0
15172,25739,0
15173,25739,0
15174,25739,0
15175,25739,0
15176,25248,378
15177,25739,0
15178,25707,24
15179,25739,0
15180,25739,0
15181,25707,24
15182,25739,0
15183,25739,0
15184,25246,380
15185,25707,24
15186,25739,0
15187,9328,19952
15188,21916,3160
15189,25739,0
15190,25739,0
15191,25739,0
15192,25739,0
15193,25739,0
15194,25739,0
15195,25739,0
15196,25739,0
15197,130,103874
15198,25739,0
15199,25739,0
15200,25739,0
15201,25739,0
15202,25739,0
15203,25739,0
15204,25707,24
15205,24853,688
15206,25739,0
15207,25739,0
15208,25739,0
15209,25739,0
15210,25739,0
15211,25739,0
15212,25739,0
15213,25739,0
15214,25739,0
15215,13749,12326
15216,25739,0
15217,25707,24
15218,25739,0
15219,25739,0
15220,25739,0
15221,25739,0
15222,24432,1024
15223,25739,0
15224,23220,2024
15225,25739,0
15226,23935,1428
15227,25739,0
15228,25739,0
15229,25739,0
15230,25702,28
15231,25739,0
15232,25739,0
15233,25739,0
15234,18654,6328
15235,24539,938
15236,25318,324
15237,25739,0
15238,15416,10076
15239,25739,0
15240,25739,0
15241,25400,260
15242,25739,0
15243,25739,0
15244,25102,492
15245,25707,24
15246,24998,574
15247,147,101592
15248,25739,0
15249,25739,0
15250,25125,474
15251,25739,0
15252,25739,0
15253,25702,28
15254,25739,0
15255,6999,25598
15256,25739,0
15257,25739,0
15258,23532,1762
15259,25739,0
15260,25707,24
15261,25739,0
15262,25739,0
15263,1943,50788
15264,25739,0
15265,25739,0
15266,25115,482
15267,25739,0
15268,25707,24
15269,25739,0
15270,25739,0
15271,25739,0
15272,25739,0
15273,25739,0
15274,25739,0
15275,20541,4434
15276,25739,0
15277,25739,0
15278,25739,0
15279,23833,1512
15280,25292,344
15281,25739,0
15282,25739,0
15283,25739,0
15284,25739,0
15285,24904,648
15286,25660,60
15287,25707,24
15288,23577,1724
15289,25739,0
15290,25739,0
15291,25739,0
15292,25739,0
15293,25739,0
15294,25739,0
15295,25739,0
15296,24740,778
15297,25739,0
15298,25739,0
15299,25739,0
15300,24879,668
15301,25739,0
15302,22296,2822
15303,25739,0
15304,25739,0
15305,25739,0
15306,25739,0
15307,1693,53496
15308,25739,0
15309,25658,62
15310,22531,2616
15311,25739,0
15312,25739,0
15313,25739,0
15314,25739,0
15315,25739,0
15316,25739,0
15317,25739,0
15318,25739,0
15319,25739,0
15320,20435,4536
15321,25739,0
15322,25739,0
15323,25085,506
15324,25302,336
15325,25739,0
15326,25739,0
15327,25739,0
15328,25739,0
15329,25692,36
15330,25561,136
15331,25739,0
15332,25739,0
15333,25739,0
15334,25739,0
15335,24607,884
15336,25707,24
15337,25739,0
15338,23674,1644
15339,25618,92
15340,25702,28
15341,25739,0
15342,25739,0
15343,25133,468
15344,24062,1324
15345,25739,0
15346,25739,0
15347,25702,28
15348,25739,0
15349,25739,0
15350,25739,0
15351,25739,0
15352,25739,0
15353,25739,0
15354,25692,36
15355,17819,7228
15356,25739,0
15357,25739,0
15358,25739,0
15359,25189,424
15360,25739,0
15361,21776,3286
15362,25739,0
15363,25739,0
15364,25739,0
15365,25739,0
15366,25739,0
15367,25739,0
15368,25739,0
15369,25739,0
15370,25739,0
15371,25739,0
15372,25739,0
15373,25739,0
15374,25739,0
15375,24427,1028
15376,24745,774
15377,22787,2394
15378,25739,0
15379,25739,0
15380,20234,4730
15381,25739,0
15382,25739,0
15383,25692,36
15384,21580,3464
15385,25739,0
15386,25739,0
15387,25739,0
15388,25413,250
15389,25739,0
15390,25359,292
15391,25739,0
15392,25739,0
15393,24929,628
15394,25447,224
15395,25613,96
15396,25739,0
15397,25739,0
15398,21814,3252
15399,25739,0
15400,25739,0
15401,25739,0
15402,22922,2278
15403,25739,0
15404,25676,48
15405,25739,0
15406,25739,0
15407,25739,0
15408,25739,0
15409,24934,624
15410,25739,0
15411,25739,0
15412,25739,0
15413,24318,1116
15414,24998,574
15415,25739,0
15416,25739,0
15417,25658,62
15418,24567,916
15419,25629,84
15420,25739,0
15421,25739,0
15422,1790,52396
15423,25739,0
15424,25739,0
15425,25739,0
15426,25739,0
15427,23135,2096
15428,25739,0
15429,25739,0
15430,25739,0
15431,25739,0
15432,25692,36
15433,25707,24
15434,25676,48
15435,25739,0
15436,25739,0
15437,25739,0
15438,25707,24
15439,25739,0
15440,25739,0
15441,25739,0
15442,25739,0
15443,25739,0
15444,25739,0
15445,23911,1448
15446,25739,0
15447,18626,6358
15448,25739,0
15449,24111,1284
15450,25739,0
15451,25707,24
15452,25707,24
15453,25739,0
15454,25739,0
15455,24682,824
15456,25447,224
15457,25739,0
15458,24427,1028
15459,24185,1224
15460,25739,0
15461,25739,0
15462,22614,2544
15463,18578,6408
15464,25318,324
15465,25739,0
15466,24823,712
15467,25739,0
15468,25739,0
15469,25702,28
15470,25739,0
15471,25739,0
15472,25739,0
15473,25739,0
15474,25739,0
15475,23940,1424
15476,25739,0
15477,25739,0
15478,25739,0
15479,25739,0
15480,25739,0
15481,23517,1774
15482,25739,0
15483,24499,970
15484,25739,0
15485,5124,31726
15486,23818,1524
15487,25739,0
15488,25739,0
15489,25739,0
15490,25739,0
15491,25616,94
15492,25707,24
15493,25189,424
15494,25676,48
15495,25613,96
15496,25739,0
15497,25739,0
15498,25044,538
15499,25739,0
15500,25739,0
15501,25739,0
15502,25739,0
15503,25739,0
15504,25739,0
15505,25642,74
15506,25739,0
15507,25739,0
15508,25702,28
15509,25739,0
15510,24783,744
15511,25457,216
15512,25702,28
15513,24919,636
15514,25739,0
15515,25739,0
15516,25739,0
15517,24808,724
15518,25739,0
15519,25613,96
15520,25739,0
15521,25739,0
15522,25739,0
15523,25739,0
15524,25739,0
15525,24657,844
15526,25739,0
15527,25739,0
15528,25739,0
15529,25739,0
15530,25739,0
15531,25739,0
15532,22107,2990
15533,25739,0
15534,18945,6024
15535,25739,0
15536,25739,0
15537,25739,0
15538,25739,0
15539,4810,32972
15540,25739,0
15541,25739,0
15542,25739,0
15543,25739,0
15544,24627,868
15545,24808,724
15546,23758,1574
15547,20401,4568
15548,25642,74
15549,25739,0
15550,25702,28
15551,25739,0
15552,25739,0
15553,25739,0
15554,25739,0
15555,25739,0
15556,25739,0
15557,25739,0
15558,25739,0
15559,25739,0
15560,25739,0
15561,25739,0
15562,25739,0
15563,25739,0
15564,25318,324
15565,25692,36
15566,25739,0
15567,25739,0
15568,25739,0
15569,25739,0
15570,25739,0
15571,25739,0
15572,23046,2172
15573,25739,0
15574,25739,0
15575,25739,0
15576,25739,0
15577,25692,36
15578,25739,0
15579,14624,11112
15580,25739,0
15581,25739,0
15582,25739,0
15583,25739,0
15584,18866,6106
15585,25739,0
15586,25739,0
15587,5731,29526
15588,25739,0
15589,25739,0
15590,25739,0
15591,25739,0
15592,25561,136
15593,25739,0
15594,25184,428
15595,25739,0
15596,23148,2085
15597,25739,0
15598,25739,0
15599,25702,28
15600,25739,0
15601,25739,0
15602,25739,0
15603,25739,0
15604,25739,0
15605,25692,36
15606,25739,0
15607,25739,0
15608,25551,144
15609,25739,0
15610,24871,674
15611,25739,0
15612,25572,128
15613,25739,0
15614,25739,0
15615,25739,0
15616,25739,0
15617,22513,2632
15618,24962,602
15619,24589,898
15620,25739,0
15621,25739,0
15622,25603,104
15623,25739,0
15624,25676,48
15625,25069,518
15626,24705,806
15627,25739,0
15628,25739,0
15629,23429,1848
15630,25739,0
15631,25671,52
15632,24552,928
15633,25739,0
15634,25739,0
15635,25665,56
15636,25739,0
15637,25739,0
15638,25739,0
15639,25739,0
15640,25739,0
15641,25739,0
15642,25739,0
15643,25681,44
15644,23780,1556
15645,25739,0
15646,25739,0
15647,25739,0
15648,25739,0
15649,25739,0
15650,23940,1424
15651,25739,0
15652,25739,0
15653,25739,0
15654,25676,48
15655,25739,0
15656,25707,24
15657,24929,628
15658,25739,0
15659,25739,0
15660,25739,0
15661,25561,136
15662,25739,0
15663,25739,0
15664,25739,0
15665,25739,0
15666,25739,0
15667,25739,0
15668,25613,96
15669,25739,0
15670,25739,0
15671,22522,2624
15672,25707,24
15673,25739,0
15674,25739,0
15675,21578,3466
15676,25739,0
15677,23794,1544
15678,25739,0
15679,25739,0
15680,25739,0
15681,25739,0
15682,25739,0
15683,25739,0
15684,25739,0
15685,25739,0
15686,25739,0
15687,25739,0
15688,21221,3794
15689,25739,0
15690,25739,0
15691,22408,2724
15692,24432,1024
15693,25739,0
15694,25739,0
15695,25676,48
15696,25739,0
15697,25739,0
15698,25739,0
15699,25739,0
15700,25707,24
15701,25665,56
15702,25739,0
15703,25739,0
15704,25739,0
15705,25739,0
15706,25739,0
15707,25676,48
15708,25739,0
15709,25739,0
15710,25739,0
15711,25739,0
15712,25739,0
15713,25739,0
15714,25739,0
15715,25739,0
15716,25739,0
15717,25739,0
15718,25739,0
15719,25739,0
15720,25739,0
15721,25739,0
15722,25707,24
15723,25639,76
15724,25707,24
15725,25598,108
15726,25739,0
15727,25739,0
15728,25739,0
15729,25739,0
15730,25248,378
15731,25739,0
15732,25739,0
15733,25739,0
15734,25739,0
15735,25739,0
15736,25739,0
15737,25707,24
15738,25739,0
15739,21934,3144
15740,25739,0
15741,25739,0
15742,24998,574
15743,24447,1012
15744,25739,0
15745,25739,0
15746,25739,0
15747,25739,0
15748,25739,0
15749,25739,0
15750,20339,4628
15751,24879,668
15752,25739,0
15753,25739,0
15754,25739,0
15755,25062,524
15756,25739,0
15757,25739,0
15758,25739,0
15759,25739,0
15760,25739,0
15761,25739,0
15762,25739,0
15763,25739,0
15764,25739,0
15765,25739,0
15766,25739,0
15767,23659,1656
15768,25739,0
15769,18269,6738
15770,25739,0
15771,25655,64
15772,25739,0
15773,19254,5706
15774,25707,24
15775,25739,0
15776,24240,1179
15777,25739,0
15778,25739,0
15779,25739,0
15780,25739,0
15781,25739,0
15782,25603,104
15783,25739,0
15784,25739,0
15785,25739,0
15786,25739,0
15787,24810,722
15788,25739,0
15789,25739,0
15790,25739,0
15791,25739,0
15792,25692,36
15793,25739,0
15794,25642,74
15795,22739,2436
15796,25739,0
15797,25739,0
15798,25739,0
15799,21932,3146
15800,24934,624
15801,25739,0
15802,24934,624
15803,25739,0
15804,25739,0
15805,25739,0
15806,25739,0
15807,25739,0
15808,25100,494
15809,23436,1842
15810,16550,8680
15811,25739,0
15812,25707,24
15813,25739,0
15814,25739,0
15815,25739,0
15816,25739,0
15817,25540,152
15818,25357,294
15819,25739,0
15820,25739,0
15821,25739,0
15822,25739,0
15823,25707,24
15824,25739,0
15825,25739,0
15826,25739,0
15827,22019,3068
15828,25739,0
15829,24532,944
15830,25739,0
15831,25739,0
15832,25739,0
15833,25739,0
15834,25739,0
15835,25739,0
15836,25739,0
15837,25739,0
15838,25676,48
15839,25739,0
15840,23429,1848
15841,25739,0
15842,25739,0
15843,25739,0
15844,22181,2924
15845,25739,0
15846,25702,28
15847,24667,836
15848,25739,0
15849,25739,0
15850,25644,72
15851,25739,0
15852,25248,378
15853,5727,29540
15854,25739,0
15855,25739,0
15856,25739,0
15857,25739,0
15858,25739,0
15859,25739,0
15860,25739,0
15861,25739,0
15862,25665,56
15863,25739,0
15864,25739,0
15865,25739,0
15866,25739,0
15867,25739,0
15868,23630,1680
15869,25739,0
15870,25739,0
15871,25739,0
15872,25739,0
15873,25739,0
15874,25739,0
15875,25739,0
15876,22365,2762
15877,25739,0
15878,25739,0
15879,25739,0
15880,25702,28
15881,25739,0
15882,25062,524
15883,25592,112
15884,25739,0
15885,25739,0
15886,25739,0
15887,25739,0
15888,25739,0
15889,22697,2472
15890,25739,0
15891,25739,0
15892,25739,0
15893,25739,0
15894,24679,826
15895,25739,0
15896,25739,0
15897,25447,224
15898,25676,48
15899,25739,0
15900,25739,0
15901,25739,0
15902,25739,0
15903,25739,0
15904,25739,0
15905,22983,2226
15906,25192,422
15907,25739,0
15908,25739,0
15909,25739,0
15910,23794,1544
15911,25739,0
15912,25739,0
15913,25739,0
15914,25739,0
15915,25702,28
15916,25707,24
15917,25702,28
15918,23339,1924
15919,25739,0
15920,25739,0
15921,22069,3024
15922,25707,24
15923,25739,0
15924,25739,0
15925,25739,0
15926,25739,0
15927,24894,656
15928,25739,0
15929,25739,0
15930,25739,0
15931,25739,0
15932,25739,0
15933,25613,96
15934,25739,0
15935,25739,0
15936,25739,0
15937,25739,0
15938,25739,0
15939,14307,11544
15940,25707,24
15941,25739,0
15942,23901,1456
15943,25739,0
15944,25739,0
15945,25494,188
15946,25739,0
15947,25707,24
15948,25739,0
15949,25739,0
15950,25739,0
15951,25739,0
15952,25739,0
15953,25739,0
15954,25665,56
15955,25739,0
15956,20916,4078
15957,25739,0
15958,25739,0
15959,25739,0
15960,22210,2898
15961,25739,0
15962,25739,0
15963,25442,228
15964,25655,64
15965,25676,48
15966,25739,0
15967,25189,424
15968,25739,0
15969,25739,0
15970,25739,0
15971,24589,898
15972,24454,1006
15973,20961,4036
15974,23606,1700
15975,25739,0
15976,25739,0
15977,25739,0
15978,25739,0
15979,25739,0
15980,25739,0
15981,25739,0
15982,25707,24
15983,25739,0
15984,25189,424
15985,23429,1848
15986,17540,7538
15987,25739,0
15988,25739,0
15989,25184,428
15990,25739,0
15991,25671,52
15992,25739,0
15993,25739,0
15994,25739,0
15995,25739,0
15996,25739,0
15997,25739,0
15998,25739,0
15999,5032,32084
16000,25110,486
16001,25739,0
16002,25739,0
16003,25739,0
16004,23192,2048
16005,25739,0
16006,25739,0
16007,25739,0
16008,25739,0
16009,25739,0
16010,25739,0
16011,25049,534
16012,25739,0
16013,25739,0
16014,25739,0
16015,25739,0
16016,25702,28
16017,25739,0
16018,25739,0
16019,25739,0
16020,25739,0
16021,25739,0
16022,21514,3524
16023,25739,0
16024,25739,0
16025,25739,0
16026,25739,0
16027,24730,786
16028,25739,0
16029,19738,5218
16030,25159,448
16031,25739,0
16032,25702,28
16033,25739,0
16034,25739,0
16035,25739,0
16036,25739,0
16037,25739,0
16038,25739,0
16039,24557,924
16040,25629,84
16041,25739,0
16042,25739,0
16043,25739,0
16044,25739,0
16045,25707,24
16046,25739,0
16047,24303,1128
16048,25739,0
16049,25739,0
16050,25739,0
16051,25739,0
16052,24705,806
16053,25739,0
16054,25739,0
16055,25739,0
16056,25739,0
16057,24627,868
16058,25739,0
16059,25702,28
16060,25739,0
16061,25248,378
16062,25739,0
16063,25739,0
16064,25676,48
16065,25261,368
16066,24308,1124
16067,25637,78
16068,25266,364
16069,25739,0
16070,23180,2058
16071,25739,0
16072,25739,0
16073,25739,0
16074,25739,0
16075,23964,1404
16076,25739,0
16077,25739,0
16078,25739,0
16079,25739,0
16080,25739,0
16081,19879,5078
16082,25707,24
16083,24062,1324
16084,25739,0
16085,24735,782
16086,25739,0
16087,25739,0
16088,25692,36
16089,25739,0
16090,25739,0
16091,25603,104
16092,25739,0
16093,25375,280
16094,25739,0
16095,22109,2988
16096,25739,0
16097,25739,0
16098,25739,0
16099,25739,0
16100,25739,0
16101,25739,0
16102,25031,548
16103,25739,0
16104,22431,2704
16105,25739,0
16106,25707,24
16107,25739,0
16108,25739,0
16109,24464,998
16110,25488,192
16111,25707,24
16112,25739,0
16113,25739,0
16114,25739,0
16115,25739,0
16116,25739,0
16117,25739,0
16118,25739,0
16119,25313,328
16120,25739,0
16121,25739,0
16122,25739,0
16123,25739,0
16124,24363,1080
16125,25739,0
16126,25739,0
16127,25739,0
16128,25739,0
16129,25739,0
16130,25639,76
16131,25739,0
16132,25739,0
16133,25739,0
16134,25739,0
16135,25739,0
16136,25639,76
16137,25739,0
16138,25739,0
16139,25692,36
16140,25739,0
16141,25739,0
16142,9212,20198
16143,25739,0
16144,25739,0
16145,25739,0
16146,25739,0
16147,25739,0
16148,24402,1048
16149,25739,0
16150,25739,0
16151,25639,76
16152,25739,0
16153,25739,0
16154,25681,44
16155,25739,0
16156,25739,0
16157,25056,528
16158,25739,0
16159,24123,1274
16160,25739,0
16161,25624,88
16162,25739,0
16163,25739,0
16164,25676,48
16165,25739,0
16166,25739,0
16167,25739,0
16168,25313,328
16169,25739,0
16170,25739,0
16171,25739,0
16172,25739,0
16173,25739,0
16174,25739,0
16175,25739,0
16176,25739,0
16177,25739,0
16178,25739,0
16179,25707,24
16180,24788,740
16181,25739,0
16182,25739,0
16183,25739,0
16184,25739,0
16185,25739,0
16186,25739,0
16187,24730,786
16188,22676,2490
16189,25739,0
16190,25613,96
16191,25739,0
16192,25739,0
16193,25739,0
16194,25739,0
16195,25313,328
16196,25739,0
16197,25702,28
16198,25739,0
16199,25676,48
16200,21167,3844
16201,25739,0
16202,25739,0
16203,25739,0
16204,25184,428
16205,25676,48
16206,25739,0
16207,25739,0
16208,25739,0
16209,25739,0
16210,25739,0
16211,25702,28
16212,25739,0
16213,18897,6074
16214,25739,0
16215,25739,0
16216,25739,0
16217,25739,0
16218,19628,5328
16219,22841,2348
16220,25302,336
16221,25702,28
16222,25739,0
16223,25739,0
16224,25739,0
16225,25739,0
16226,25739,0
16227,25739,0
16228,25739,0
16229,25707,24
16230,25739,0
16231,25739,0
16232,24924,632
16233,21708,3348
16234,25707,24
16235,25707,24
16236,25254,374
16237,25463,212
16238,25739,0
16239,25739,0
16240,25739,0
16241,25739,0
16242,25739,0
16243,25739,0
16244,25739,0
16245,25739,0
16246,25739,0
16247,13961,12024
16248,25739,0
16249,25739,0
16250,25739,0
16251,25739,0
16252,25739,0
16253,25739,0
16254,25608,100
16255,20656,4324
16256,25739,0
16257,25739,0
16258,25676,48
16259,25739,0
16260,25739,0
16261,25739,0
16262,25739,0
16263,25739,0
16264,25642,74
16265,25739,0
16266,25739,0
16267,25739,0
16268,25189,424
16269,25739,0
16270,25739,0
16271,25739,0
16272,25739,0
16273,25739,0
16274,24750,770
16275,25739,0
16276,25223,398
16277,25739,0
16278,24742,776
16279,25739,0
16280,25739,0
16281,25707,24
16282,25739,0
16283,25739,0
16284,25739,0
16285,25739,0
16286,25739,0
16287,25189,424
16288,22522,2624
16289,23698,1624
16290,25739,0
16291,25739,0
16292,25739,0
16293,25739,0
16294,25739,0
16295,25739,0
16296,25739,0
16297,25739,0
16298,25739,0
16299,25512,174
16300,25739,0
16301,25739,0
16302,25739,0
16303,25739,0
16304,25739,0
16305,20422,4548
16306,25739,0
16307,25739,0
16308,25739,0
16309,25739,0
16310,25739,0
16311,25514,172
16312,25739,0
16313,25739,0
16314,25739,0
16315,25739,0
16316,25739,0
16317,25739,0
16318,25739,0
16319,25739,0
16320,24952,610
16321,25655,64
16322,25739,0
16323,25739,0
16324,22358,2768
16325,25739,0
16326,25665,56
16327,25739,0
16328,25230,392
16329,25739,0
16330,25707,24
16331,25692,36
16332,25739,0
16333,25739,0
16334,25739,0
16335,25739,0
16336,25707,24
16337,24200,1212
16338,25739,0
16339,25739,0
16340,25739,0
16341,25739,0
16342,25739,0
16343,25707,24
16344,25739,0
16345,24057,1328
16346,25739,0
16347,19883,5074
16348,25739,0
16349,25739,0
16350,25739,0
16351,25739,0
16352,25739,0
16353,25739,0
16354,24904,648
16355,25739,0
16356,25739,0
16357,24808,724
16358,25676,48
16359,25702,28
16360,25739,0
16361,25739,0
16362,25739,0
16363,10793,17084
16364,25739,0
16365,25702,28
16366,25739,0
16367,1989,50324
16368,22637,2524
16369,25739,0
16370,25739,0
16371,25739,0
16372,25739,0
16373,25739,0
16374,23753,1578
16375,25739,0
16376,22362,2764
16377,24815,718
16378,25739,0
16379,25739,0
16380,25637,78
16381,25739,0
16382,25739,0
16383,25739,0
16384,25739,0
16385,25739,0
16386,25739,0
16387,25739,0
16388,25739,0
16389,25739,0
16390,25739,0
16391,25665,56
16392,1864,51602
16393,25739,0
16394,25739,0
16395,8577,21600
16396,25739,0
16397,25739,0
16398,25739,0
16399,25739,0
16400,25556,140
16401,25739,0
16402,19421,5536
16403,25739,0
16404,25739,0
16405,25739,0
16406,25739,0
16407,25739,0
16408,25739,0
16409,25159,448
16410,25739,0
16411,25739,0
16412,25739,0
16413,25739,0
16414,25739,0
16415,25739,0
16416,25702,28
16417,25707,24
16418,25739,0
16419,25739,0
16420,25739,0
16421,20961,4036
16422,25739,0
16423,25707,24
16424,25739,0
16425,25739,0
16426,25739,0
16427,25702,28
16428,24094,1298
16429,25739,0
16430,25739,0
16431,25739,0
16432,25739,0
16433,25739,0
16434,25481,198
16435,24634,862
16436,25739,0
16437,25739,0
16438,25520,168
16439,25739,0
16440,25739,0
16441,25739,0
16442,25739,0
16443,25739,0
16444,25739,0
16445,25739,0
16446,25739,0
16447,25739,0
16448,25739,0
16449,24131,1268
16450,25739,0
16451,25739,0
16452,25739,0
16453,25644,72
16454,25739,0
16455,25739,0
16456,24062,1324
16457,25739,0
16458,25739,0
16459,25739,0
16460,25739,0
16461,24229,1188
16462,25739,0
16463,25739,0
16464,25739,0
16465,25739,0
16466,25692,36
16467,25739,0
16468,25739,0
16469,25739,0
16470,25228,394
16471,25739,0
16472,24934,624
16473,25095,498
16474,25739,0
16475,23016,2198
16476,25739,0
16477,25739,0
16478,25739,0
16479,25739,0
16480,25739,0
16481,25739,0
16482,25739,0
16483,25739,0
16484,25739,0
16485,25644,72
16486,25739,0
16487,25739,0
16488,25739,0
16489,25739,0
16490,25739,0
16491,25739,0
16492,25739,0
16493,25739,0
16494,25572,128
16495,25739,0
16496,25681,44
16497,25739,0
16498,25739,0
16499,25739,0
16500,25739,0
16501,23058,2162
16502,25739,0
16503,23147,2086
16504,25739,0
16505,25739,0
16506,24998,574
16507,25739,0
16508,25739,0
16509,25739,0
16510,25739,0
16511,25739,0
16512,25739,0
16513,25739,0
16514,25739,0
16515,25739,0
16516,25739,0
16517,25634,80
16518,25739,0
16519,25739,0
16520,25739,0
16521,25739,0
16522,25702,28
16523,25739,0
16524,25702,28
16525,21708,3348
16526,25739,0
16527,25707,24
16528,24717,796
16529,25692,36
16530,25739,0
16531,25416,248
16532,25739,0
16533,25739,0
16534,21961,3120
16535,25739,0
16536,25739,0
16537,25739,0
16538,25739,0
16539,25616,94
16540,25739,0
16541,25739,0
16542,23818,1524
16543,25739,0
16544,25676,48
16545,25189,424
16546,25739,0
16547,25739,0
16548,25739,0
16549,25739,0
16550,22769,2410
16551,21232,3784
16552,19744,5212
16553,25739,0
16554,25739,0
16555,20524,4450
16556,23794,1544
16557,25739,0
16558,25739,0
16559,25739,0
16560,25739,0
16561,25739,0
16562,19236,5724
16563,25739,0
16564,24214,1200
16565,1,257124
16566,25739,0
16567,25739,0
16568,25739,0
16569,25520,168
16570,25739,0
16571,25739,0
16572,25739,0
16573,25739,0
16574,25739,0
16575,25702,28
16576,25739,0
16577,21957,3124
16578,25739,0
16579,25426,240
16580,25739,0
16581,25739,0
16582,25739,0
16583,25739,0
16584,25739,0
16585,25739,0
16586,25739,0
16587,25739,0
16588,25739,0
16589,25739,0
16590,25739,0
16591,25739,0
16592,25665,56
16593,25739,0
16594,25739,0
16595,25739,0
16596,25739,0
16597,24343,1096
16598,18704,6276
16599,25739,0
16600,25707,24
16601,25739,0
16602,25739,0
16603,21677,3376
16604,25739,0
16605,25739,0
16606,25739,0
16607,25739,0
16608,11978,15036
16609,25739,0
16610,25739,0
16611,25739,0
16612,25739,0
16613,24808,724
16614,25739,0
16615,25739,0
16616,25739,0
16617,25707,24
16618,25739,0
16619,25739,0
16620,25739,0
16621,25739,0
16622,24906,646
16623,25739,0
16624,25739,0
16625,25739,0
16626,25739,0
16627,25739,0
16628,25739,0
16629,25739,0
16630,25739,0
16631,25189,424
16632,25739,0
16633,24841,698
16634,25739,0
16635,25739,0
16636,25739,0
16637,25739,0
16638,25739,0
16639,25739,0
16640,25739,0
16641,25739,0
16642,25739,0
16643,25739,0
16644,25739,0
16645,25739,0
16646,25739,0
16647,25739,0
16648,25739,0
16649,25174,436
16650,25739,0
16651,25739,0
16652,25739,0
16653,25739,0
16654,25739,0
16655,25739,0
16656,25739,0
16657,25739,0
16658,25739,0
16659,25739,0
16660,23911,1448
16661,23758,1574
16662,25739,0
16663,22859,2332
16664,25739,0
16665,25739,0
16666,25062,524
16667,25739,0
16668,25362,290
16669,25739,0
16670,25739,0
16671,25739,0
16672,25739,0
16673,25707,24
16674,24087,1304
16675,25739,0
16676,25062,524
16677,25739,0
16678,25739,0
16679,25676,48
16680,23674,1644
16681,25739,0
16682,25739,0
16683,23585,1718
16684,25739,0
16685,21734,3324
16686,25739,0
16687,25739,0
16688,25036,544
16689,25739,0
16690,25739,0
16691,25739,0
16692,25634,80
16693,25739,0
16694,23324,1936
16695,25739,0
16696,25739,0
16697,25739,0
16698,25739,0
16699,21582,3462
16700,25287,348
16701,20865,4126
16702,25629,84
16703,25739,0
16704,25739,0
16705,25739,0
16706,22845,2344
16707,25739,0
16708,25739,0
16709,25665,56
16710,25739,0
16711,23947,1418
16712,25739,0
16713,23484,1802
16714,25398,262
16715,25164,444
16716,25665,56
16717,25739,0
16718,23037,2180
16719,25739,0
16720,25676,48
16721,25702,28
16722,23039,2178
16723,25739,0
16724,25739,0
16725,25739,0
16726,25613,96
16727,25739,0
16728,25739,0
16729,25613,96
16730,25739,0
16731,25739,0
16732,25739,0
16733,25739,0
16734,25739,0
16735,25739,0
16736,21730,3328
16737,24934,624
16738,25739,0
16739,25676,48
16740,25707,24
16741,23549,1748
16742,25739,0
16743,25739,0
16744,25692,36
16745,25739,0
16746,25739,0
16747,25546,148
16748,25739,0
16749,25739,0
16750,25739,0
16751,25707,24
16752,25665,56
16753,25739,0
16754,25739,0
16755,21219,3796
16756,22869,2324
16757,25739,0
16758,25313,328
16759,25739,0
16760,25739,0
16761,25739,0
16762,25739,0
16763,25739,0
16764,25739,0
16765,25739,0
16766,25707,24
16767,25739,0
16768,25739,0
16769,25739,0
16770,25739,0
16771,25739,0
16772,25739,0
16773,25739,0
16774,25739,0
16775,25739,0
16776,25739,0
16777,25613,96
16778,25739,0
16779,25739,0
16780,25546,148
16781,25739,0
16782,25739,0
16783,22460,2678
16784,25739,0
16785,25739,0
16786,25739,0
16787,25739,0
16788,21620,3428
16789,25739,0
16790,25739,0
16791,25739,0
16792,25613,96
16793,25739,0
16794,25739,0
16795,25739,0
16796,25739,0
16797,25739,0
16798,25739,0
16799,25739,0
16800,25739,0
16801,25739,0
16802,25739,0
16803,25707,24
16804,25707,24
16805,25739,0
16806,25739,0
16807,25739,0
16808,25739,0
16809,25739,0
16810,25739,0
16811,25739,0
16812,25739,0
16813,25739,0
16814,25739,0
16815,25739,0
16816,25739,0
16817,25739,0
16818,25739,0
16819,24612,880
16820,25739,0
16821,25159,448
16822,25739,0
16823,25739,0
16824,23501,1788
16825,25739,0
16826,23687,1633
16827,25739,0
16828,25739,0
16829,25739,0
16830,25292,344
16831,25739,0
16832,25739,0
16833,25739,0
16834,25739,0
16835,25739,0
16836,25561,136
16837,25692,36
16838,25739,0
16839,24360,1082
16840,25739,0
16841,25739,0
16842,25739,0
16843,25739,0
16844,25739,0
16845,25739,0
16846,25739,0
16847,25739,0
16848,25739,0
16849,18590,6396
16850,25739,0
16851,25739,0
16852,25739,0
16853,25739,0
16854,25739,0
16855,25739,0
16856,25739,0
16857,25739,0
16858,25739,0
16859,25739,0
16860,25739,0
16861,25658,62
16862,25739,0
16863,17749,7306
16864,25739,0
16865,25739,0
16866,25739,0
16867,24057,1328
16868,7206,25024
16869,25739,0
16870,25739,0
16871,25739,0
16872,25739,0
16873,25739,0
16874,25739,0
16875,25739,0
16876,25739,0
16877,25707,24
16878,25426,240
16879,25739,0
16880,25739,0
16881,23698,1624
16882,25739,0
16883,25739,0
16884,25739,0
16885,25739,0
16886,25739,0
16887,25739,0
16888,25739,0
16889,25739,0
16890,25739,0
16891,25739,0
16892,25739,0
16893,25739,0
16894,25739,0
16895,25739,0
16896,25739,0
16897,25739,0
16898,25739,0
16899,25739,0
16900,25702,28
16901,25349,300
16902,25261,368
16903,25608,100
16904,25739,0
16905,25546,148
16906,25739,0
16907,24993,578
16908,25739,0
16909,25739,0
16910,25739,0
16911,25739,0
16912,25292,344
16913,25739,0
16914,25739,0
16915,25739,0
16916,24919,636
16917,25739,0
16918,22326,2796
16919,25739,0
16920,25125,474
16921,25739,0
16922,25707,24
16923,25739,0
16924,25702,28
16925,25739,0
16926,25739,0
16927,25739,0
16928,25739,0
16929,25671,52
16930,25739,0
16931,24909,644
16932,25739,0
16933,23573,1728
16934,25739,0
16935,25739,0
16936,24427,1028
16937,19332,5626
16938,24232,1186
16939,25739,0
16940,25739,0
16941,22104,2992
16942,25189,424
16943,25739,0
16944,25739,0
16945,25739,0
16946,25739,0
16947,25739,0
16948,25739,0
16949,25739,0
16950,25739,0
16951,25739,0
16952,23027,2188
16953,24432,1024
16954,21763,3298
16955,25739,0
16956,25739,0
16957,25739,0
16958,25739,0
16959,25707,24
16960,25739,0
16961,25739,0
16962,25739,0
16963,25739,0
16964,25707,24
16965,25739,0
16966,25739,0
16967,25739,0
16968,25739,0
16969,25739,0
16970,25739,0
16971,25739,0
16972,25739,0
16973,25707,24
16974,25739,0
16975,25739,0
16976,25739,0
16977,25739,0
16978,25739,0
16979,21340,3684
16980,25739,0
16981,25739,0
16982,24244,1176
16983,25739,0
16984,25739,0
16985,25739,0
16986,24737,780
16987,25739,0
16988,25707,24
16989,25739,0
16990,25494,188
16991,25739,0
16992,22831,2356
16993,18563,6424
16994,25739,0
16995,25739,0
16996,25739,0
16997,24990,580
16998,20842,4148
16999,25739,0
17000,25739,0
17001,25739,0
17002,23563,1736
17003,25739,0
17004,25739,0
17005,19384,5574
17006,25739,0
17007,25608,100
17008,25739,0
17009,25739,0
17010,25739,0
17011,25739,0
17012,25739,0
17013,25739,0
17014,25739,0
17015,25739,0
17016,25739,0
17017,25739,0
17018,25470,206
17019,25739,0
17020,25739,0
17021,25739,0
17022,25031,548
17023,25739,0
17024,25739,0
17025,25739,0
17026,25739,0
17027,22806,2378
17028,25739,0
17029,18563,6424
17030,24909,644
17031,25702,28
17032,25655,64
17033,25702,28
17034,25739,0
17035,7088,25350
17036,25577,124
17037,6788,26198
17038,25739,0
17039,23955,1412
17040,25739,0
17041,25739,0
17042,20447,4524
17043,23760,1572
17044,24682,824
17045,25739,0
17046,25739,0
17047,25739,0
17048,25739,0
17049,25739,0
17050,1591,54722
17051,25739,0
17052,25739,0
17053,25577,124
17054,25739,0
17055,25739,0
17056,24667,836
17057,25739,0
17058,25739,0
17059,25739,0
17060,24504,966
17061,25739,0
17062,25739,0
17063,25739,0
17064,24232,1186
17065,25739,0
17066,25739,0
17067,25600,106
17068,25739,0
17069,25287,348
17070,25739,0
17071,25707,24
17072,25739,0
17073,22753,2424
17074,25739,0
17075,25644,72
17076,25739,0
17077,20011,4948
17078,25739,0
17079,25739,0
17080,25702,28
17081,25655,64
17082,25739,0
17083,25676,48
17084,25566,132
17085,25739,0
17086,25739,0
17087,25739,0
17088,25120,478
17089,25739,0
17090,25739,0
17091,21965,3116
17092,25739,0
17093,25739,0
17094,25598,108
17095,25739,0
17096,25054,530
17097,25739,0
17098,25739,0
17099,25739,0
17100,25739,0
17101,25739,0
17102,24365,1078
17103,25739,0
17104,25739,0
17105,25739,0
17106,24557,924
17107,22116,2982
17108,25739,0
17109,25739,0
17110,25739,0
17111,25671,52
17112,25739,0
17113,22913,2286
17114,25739,0
17115,25056,528
17116,25707,24
17117,25655,64
17118,25739,0
17119,24934,624
17120,25739,0
17121,25411,252
17122,25739,0
17123,25739,0
17124,24934,624
17125,25739,0
17126,25739,0
17127,25739,0
17128,25739,0
17129,25739,0
17130,25739,0
17131,25739,0
17132,25739,0
17133,25739,0
17134,25739,0
17135,25739,0
17136,25739,0
17137,25739,0
17138,25739,0
17139,25702,28
17140,25739,0
17141,25739,0
17142,25611,98
17143,25739,0
17144,25707,24
17145,25739,0
17146,25739,0
17147,25739,0
17148,25739,0
17149,25739,0
17150,25421,244
17151,25671,52
17152,25739,0
17153,25739,0
17154,25739,0
17155,22181,2924
17156,25739,0
17157,25739,0
17158,25739,0
17159,25739,0
17160,25036,544
17161,25739,0
17162,25739,0
17163,25739,0
17164,24909,644
17165,18732,6246
17166,25739,0
17167,25739,0
17168,23086,2138
17169,25655,64
17170,25739,0
17171,25676,48
17172,25739,0
17173,25739,0
17174,25739,0
17175,25739,0
17176,25707,24
17177,25739,0
17178,25739,0
17179,25739,0
17180,25739,0
17181,25739,0
17182,25739,0
17183,22559,2592
17184,25707,24
17185,25739,0
17186,25739,0
17187,25739,0
17188,25551,144
17189,25739,0
17190,25613,96
17191,25739,0
17192,25739,0
17193,25739,0
17194,25707,24
17195,25739,0
17196,25739,0
17197,25739,0
17198,25692,36
17199,25739,0
17200,25739,0
17201,24589,898
17202,25739,0
17203,25739,0
17204,25739,0
17205,24967,598
17206,25739,0
17207,25739,0
17208,25739,0
17209,25739,0
17210,25739,0
17211,25739,0
17212,25739,0
17213,24229,1188
17214,25739,0
17215,24808,724
17216,25159,448
17217,25676,48
17218,25739,0
17219,22899,2298
17220,25452,220
17221,25739,0
17222,25739,0
17223,25739,0
17224,25739,0
17225,25739,0
17226,25739,0
17227,25739,0
17228,25739,0
17229,25739,0
17230,25739,0
17231,25739,0
17232,25739,0
17233,25739,0
17234,25739,0
17235,24715,798
17236,25739,0
17237,24803,728
17238,25739,0
17239,25739,0
17240,25739,0
17241,25739,0
17242,25739,0
17243,25739,0
17244,25676,48
17245,25739,0
17246,25546,148
17247,25739,0
17248,25739,0
17249,25676,48
17250,25739,0
17251,22204,2904
17252,25739,0
17253,25739,0
17254,25676,48
17255,25739,0
17256,25739,0
17257,25739,0
17258,25739,0
17259,25739,0
17260,25665,56
17261,25739,0
17262,25739,0
17263,25739,0
17264,25739,0
17265,24407,1044
17266,25739,0
17267,25739,0
17268,25739,0
17269,17243,7874
17270,25189,424
17271,25739,0
17272,25598,108
17273,25739,0
17274,25739,0
17275,25739,0
17276,22181,2924
17277,25739,0
17278,25739,0
17279,25739,0
17280,1937,50852
17281,24937,622
17282,25739,0
17283,25739,0
17284,25707,24
17285,25739,0
17286,25442,228
17287,25159,448
17288,25739,0
17289,25739,0
17290,25739,0
17291,25739,0
17292,25739,0
17293,25739,0
17294,25739,0
17295,25739,0
17296,25739,0
17297,25739,0
17298,25739,0
17299,25739,0
17300,25739,0
17301,24909,644
17302,25707,24
17303,25739,0
17304,25739,0
17305,25739,0
17306,25739,0
17307,25739,0
17308,12629,13996
17309,25707,24
17310,25739,0
17311,25072,516
17312,25739,0
17313,25739,0
17314,25739,0
17315,25692,36
17316,25739,0
17317,25707,24
17318,25739,0
17319,25739,0
17320,25739,0
17321,25739,0
17322,25062,524
17323,25739,0
17324,25739,0
17325,25739,0
17326,25739,0
17327,25739,0
17328,25739,0
17329,25739,0
17330,25739,0
17331,25488,192
17332,25707,24
17333,24627,868
17334,25692,36
17335,25739,0
17336,25739,0
17337,25739,0
17338,25739,0
17339,25739,0
17340,25739,0
17341,25739,0
17342,25739,0
17343,25739,0
17344,25739,0
17345,25739,0
17346,25739,0
17347,25739,0
17348,25739,0
17349,25739,0
17350,24740,778
17351,25739,0
17352,25739,0
17353,25739,0
17354,25739,0
17355,25739,0
17356,25739,0
17357,25739,0
17358,25739,0
17359,25739,0
17360,25739,0
17361,25739,0
17362,25739,0
17363,25739,0
17364,18688,6292
17365,22385,2744
17366,25739,0
17367,25739,0
17368,25739,0
17369,22995,2216
17370,25739,0
17371,25739,0
17372,25739,0
17373,25739,0
17374,25739,0
17375,25739,0
17376,25739,0
17377,22981,2228
17378,25707,24
17379,25739,0
17380,25739,0
17381,25676,48
17382,18189,6824
17383,25739,0
17384,25702,28
17385,18723,6256
17386,25739,0
17387,25739,0
17388,25613,96
17389,25739,0
17390,25159,448
17391,24980,588
17392,25739,0
17393,25676,48
17394,25739,0
17395,25739,0
17396,25739,0
17397,25739,0
17398,25739,0
17399,25739,0
17400,24185,1224
17401,25739,0
17402,25739,0
17403,25739,0
17404,25512,174
17405,25739,0
17406,25739,0
17407,25546,148
17408,25739,0
17409,24669,834
17410,22577,2576
17411,25739,0
17412,25739,0
17413,25739,0
17414,25739,0
17415,25739,0
17416,19154,5808
17417,25707,24
17418,25739,0
17419,25739,0
17420,25739,0
17421,25739,0
17422,25184,428
17423,25739,0
17424,24627,868
17425,25671,52
17426,25739,0
17427,25739,0
17428,25566,132
17429,25318,324
17430,25739,0
17431,23925,1436
17432,25739,0
17433,25739,0
17434,25739,0
17435,25739,0
17436,25739,0
17437,25739,0
17438,25692,36
17439,25739,0
17440,25739,0
17441,25739,0
17442,24582,904
17443,25739,0
17444,25739,0
17445,19632,5324
17446,25442,228
17447,25739,0
17448,25739,0
17449,25739,0
17450,25671,52
17451,23780,1556
17452,25739,0
17453,21876,3196
17454,25509,176
17455,25739,0
17456,25739,0
17457,25639,76
17458,25707,24
17459,25739,0
17460,25707,24
17461,25739,0
17462,25739,0
17463,25739,0
17464,25739,0
17465,25739,0
17466,25739,0
17467,25739,0
17468,25739,0
17469,25739,0
17470,25739,0
17471,25739,0
17472,25739,0
17473,25739,0
17474,25739,0
17475,25739,0
17476,25739,0
17477,25739,0
17478,25611,98
17479,22596,2560
17480,25739,0
17481,21488,3548
17482,25739,0
17483,25739,0
17484,25707,24
17485,25739,0
17486,25739,0
17487,25582,120
17488,25707,24
17489,5720,29564
17490,25739,0
17491,25739,0
17492,25739,0
17493,25739,0
17494,25739,0
17495,25676,48
17496,25739,0
17497,25739,0
17498,25739,0
17499,25739,0
17500,25739,0
17501,25739,0
17502,25739,0
17503,25739,0
17504,25676,48
17505,25739,0
17506,25707,24
17507,21484,3552
17508,25702,28
17509,20781,4206
17510,24619,874
17511,25739,0
17512,25739,0
17513,112,106944
17514,25739,0
17515,25739,0
17516,25739,0
17517,24909,644
17518,18945,6024
17519,25739,0
17520,25739,0
17521,25452,220
17522,25739,0
17523,25739,0
17524,25739,0
17525,25739,0
17526,25739,0
17527,6845,26036
17528,25739,0
17529,25739,0
17530,25739,0
17531,25739,0
17532,25739,0
17533,25739,0
17534,20447,4524
17535,25739,0
17536,25739,0
17537,25520,168
17538,25739,0
17539,25739,0
17540,25739,0
17541,22890,2306
17542,25739,0
17543,18182,6832
17544,25739,0
17545,25739,0
17546,25739,0
17547,25739,0
17548,25739,0
17549,25739,0
17550,25739,0
17551,22948,2256
17552,25739,0
17553,25159,448
17554,25739,0
17555,25739,0
17556,25739,0
17557,23013,2200
17558,25739,0
17559,25739,0
17560,24559,922
17561,25692,36
17562,25739,0
17563,25739,0
17564,25739,0
17565,25739,0
17566,24155,1248
17567,15414,10078
17568,25739,0
17569,10008,18568
17570,25739,0
17571,25739,0
17572,25739,0
17573,23046,2172
17574,13611,12524
17575,25577,124
17576,25481,198
17577,25739,0
17578,25739,0
17579,25739,0
17580,25739,0
17581,25739,0
17582,25739,0
17583,25739,0
17584,25739,0
17585,25739,0
17586,25031,548
17587,24552,928
17588,25739,0
17589,25739,0
17590,23979,1392
17591,19311,5648
17592,23360,1906
17593,25739,0
17594,25739,0
17595,25739,0
17596,22267,2848
17597,1964,50574
17598,24894,656
17599,25739,0
17600,25739,0
17601,25739,0
17602,25739,0
17603,25739,0
17604,25189,424
17605,25739,0
17606,25739,0
17607,24652,848
17608,25676,48
17609,24904,648
17610,25739,0
17611,25739,0
17612,25739,0
17613,25739,0
17614,25739,0
17615,25739,0
17616,25739,0
17617,25739,0
17618,25739,0
17619,25739,0
17620,25577,124
17621,25739,0
17622,25739,0
17623,25351,298
17624,25739,0
17625,25739,0
17626,13116,13252
17627,25739,0
17628,22362,2764
17629,25739,0
17630,25739,0
17631,16939,8224
17632,25739,0
17633,25739,0
17634,23649,1664
17635,25739,0
17636,25739,0
17637,25739,0
17638,25739,0
17639,25739,0
17640,24995,576
17641,25184,428
17642,23940,1424
17643,25739,0
17644,25739,0
17645,25739,0
17646,23563,1736
17647,25739,0
17648,25739,0
17649,25739,0
17650,25739,0
17651,25739,0
17652,25739,0
17653,25739,0
17654,25739,0
17655,25739,0
17656,15359,10148
17657,25572,128
17658,25739,0
17659,21714,3342
17660,25739,0
17661,25739,0
17662,25739,0
17663,19480,5476
17664,25739,0
17665,25608,100
17666,25739,0
17667,25739,0
17668,25739,0
17669,25739,0
17670,25468,208
17671,25739,0
17672,23370,1898
17673,24904,648
17674,25739,0
17675,15233,10310
17676,25739,0
17677,25707,24
17678,25739,0
17679,25739,0
17680,25739,0
17681,25739,0
17682,4433,34576
17683,25739,0
17684,25739,0
17685,22118,2980
17686,25739,0
17687,20117,4844
17688,25739,0
17689,25739,0
17690,23592,1712
17691,25561,136
17692,25739,0
17693,25739,0
17694,25739,0
17695,25739,0
17696,25707,24
17697,21122,3886
17698,25739,0
17699,25739,0
17700,25148,456
17701,25739,0
17702,25739,0
17703,25739,0
17704,25056,528
17705,25739,0
17706,25739,0
17707,25739,0
17708,24740,778
17709,22042,3048
17710,20518,4456
17711,25739,0
17712,25739,0
17713,25739,0
17714,25739,0
17715,25551,144
17716,25739,0
17717,24778,748
17718,25470,206
17719,25739,0
17720,25739,0
17721,25739,0
17722,25739,0
17723,25739,0
17724,25739,0
17725,25739,0
17726,25739,0
17727,25739,0
17728,25739,0
17729,25739,0
17730,25739,0
17731,25739,0
17732,25739,0
17733,24338,1100
17734,25739,0
17735,24725,790
17736,23794,1544
17737,25739,0
17738,25739,0
17739,25739,0
17740,24224,1192
17741,25739,0
17742,25739,0
17743,24702,808
17744,24057,1328
17745,25739,0
17746,25739,0
17747,25520,168
17748,25739,0
17749,15013,10596
17750,25739,0
17751,25739,0
17752,25739,0
17753,18308,6696
17754,25739,0
17755,25739,0
17756,25739,0
17757,25739,0
17758,25512,174
17759,25739,0
17760,25067,520
17761,25431,236
17762,25739,0
17763,25739,0
17764,24722,792
17765,25739,0
17766,25739,0
17767,19658,5298
17768,25739,0
17769,25739,0
17770,25739,0
17771,25739,0
17772,25739,0
17773,25739,0
17774,24841,698
17775,24919,636
17776,23102,2124
17777,23197,2044
17778,25739,0
17779,25739,0
17780,25739,0
17781,25739,0
17782,25739,0
17783,25739,0
17784,25739,0
17785,25739,0
17786,25739,0
17787,25739,0
17788,16802,8384
17789,25739,0
17790,25639,76
17791,25692,36
17792,25739,0
17793,25739,0
17794,25739,0
17795,25739,0
17796,25739,0
17797,25739,0
17798,15499,9970
17799,25102,492
17800,25739,0
17801,25739,0
17802,25739,0
17803,23852,1496
17804,25739,0
17805,24074,1314
17806,25739,0
17807,25739,0
17808,25739,0
17809,25739,0
17810,24395,1054
17811,25739,0
17812,25739,0
17813,25739,0
17814,23458,1824
17815,25739,0
17816,25739,0
17817,17783,7268
17818,25739,0
17819,25739,0
17820,25739,0
17821,25739,0
17822,25739,0
17823,25739,0
17824,25739,0
17825,21930,3148
17826,25739,0
17827,25551,144
17828,21734,3324
17829,25739,0
17830,25739,0
17831,25739,0
17832,25739,0
17833,22566,2586
17834,23458,1824
17835,25739,0
17836,25739,0
17837,25739,0
17838,25739,0
17839,25739,0
17840,25739,0
17841,25739,0
17842,25739,0
17843,25739,0
17844,25671,52
17845,25739,0
17846,25739,0
17847,25739,0
17848,25739,0
17849,25676,48
17850,9177,20272
17851,25707,24
17852,25739,0
17853,25739,0
17854,24682,824
17855,24803,728
17856,25739,0
17857,25702,28
17858,23220,2024
17859,25739,0
17860,22231,2880
17861,24306,1126
17862,25739,0
17863,25739,0
17864,25707,24
17865,24185,1224
17866,25739,0
17867,25702,28
17868,25739,0
17869,25739,0
17870,25739,0
17871,25739,0
17872,25739,0
17873,25739,0
17874,25739,0
17875,25411,252
17876,24998,574
17877,25739,0
17878,25739,0
17879,25739,0
17880,25739,0
17881,24128,1270
17882,22934,2268
17883,25546,148
17884,25739,0
17885,25739,0
17886,18941,6028
17887,25739,0
17888,25739,0
17889,25739,0
17890,25739,0
17891,25739,0
17892,25739,0
17893,25707,24
17894,24175,1232
17895,25739,0
17896,22403,2728
17897,25739,0
17898,25739,0
17899,25739,0
17900,25739,0
17901,25739,0
17902,25739,0
17903,25665,56
17904,25739,0
17905,25739,0
17906,25739,0
17907,25739,0
17908,25739,0
17909,25739,0
17910,25739,0
17911,25739,0
17912,25039,542
17913,24579,906
17914,25739,0
17915,25739,0
17916,25739,0
17917,25739,0
17918,25739,0
17919,25739,0
17920,20566,4410
17921,25739,0
17922,25739,0
17923,25739,0
17924,24934,624
17925,25739,0
17926,25739,0
17927,25739,0
17928,25739,0
17929,25577,124
17930,25739,0
17931,25739,0
17932,25739,0
17933,25241,384
17934,25739,0
17935,25739,0
17936,24909,644
17937,25739,0
17938,25739,0
17939,25707,24
17940,25739,0
17941,25676,48
17942,25739,0
17943,25739,0
17944,25739,0
17945,19652,5304
17946,25634,80
17947,23736,1592
17948,25739,0
17949,25603,104
17950,25739,0
17951,20648,4332
17952,25739,0
17953,25739,0
17954,23420,1856
17955,23818,1524
17956,25006,568
17957,25739,0
17958,25739,0
17959,25739,0
17960,22589,2566
17961,25739,0
17962,25739,0
17963,25739,0
17964,25739,0
17965,25739,0
17966,23513,1778
17967,25739,0
17968,25739,0
17969,25739,0
17970,25739,0
17971,19256,5704
17972,25739,0
17973,25692,36
17974,25739,0
17975,25739,0
17976,25739,0
17977,24185,1224
17978,21712,3344
17979,25739,0
17980,25739,0
17981,25739,0
17982,25182,430
17983,19562,5394
17984,25739,0
17985,25739,0
17986,25739,0
17987,25739,0
17988,25692,36
17989,25739,0
17990,22326,2796
17991,25739,0
17992,25739,0
17993,25739,0
17994,25739,0
17995,25739,0
17996,25739,0
17997,25739,0
17998,25739,0
17999,24106,1288
18000,25739,0
18001,25739,0
18002,25739,0
18003,25739,0
18004,25739,0
18005,25031,548
18006,22792,2390
18007,25739,0
18008,25739,0
18009,25739,0
18010,25692,36
18011,21349,3676
18012,25739,0
18013,25739,0
18014,25739,0
18015,25739,0
18016,25739,0
18017,25739,0
18018,25739,0
18019,25739,0
18020,25739,0
18021,25739,0
18022,25739,0
18023,25739,0
18024,25702,28
18025,25739,0
18026,25692,36
18027,25302,336
18028,25739,0
18029,25739,0
18030,25551,144
18031,25739,0
18032,25739,0
18033,24278,1148
18034,25739,0
18035,25739,0
18036,25739,0
18037,20054,4906
18038,25739,0
18039,25739,0
18040,25739,0
18041,24467,996
18042,21858,3212
18043,25739,0
18044,20759,4226
18045,25739,0
18046,25739,0
18047,24805,726
18048,24934,624
18049,25739,0
18050,22869,2324
18051,25739,0
18052,25739,0
18053,25739,0
18054,25254,374
18055,25707,24
18056,25739,0
18057,25021,556
18058,25739,0
18059,25739,0
18060,25739,0
18061,25411,252
18062,25739,0
18063,23625,1684
18064,25739,0
18065,23046,2172
18066,25739,0
18067,25739,0
18068,25739,0
18069,25644,72
18070,25739,0
18071,25739,0
18072,25739,0
18073,25125,474
18074,25739,0
18075,25642,74
18076,25739,0
18077,25739,0
18078,25739,0
18079,25739,0
18080,25707,24
18081,24934,624
18082,25739,0
18083,25739,0
18084,24417,1036
18085,25739,0
18086,24527,948
18087,25739,0
18088,25739,0
18089,25739,0
18090,25416,248
18091,25739,0
18092,25739,0
18093,25676,48
18094,25031,548
18095,25739,0
18096,25707,24
18097,25739,0
18098,25739,0
18099,25739,0
18100,25739,0
18101,25739,0
18102,25739,0
18103,21401,3628
18104,25739,0
18105,25739,0
18106,23804,1536
18107,25739,0
18108,25739,0
18109,25739,0
18110,23178,2060
18111,25739,0
18112,25739,0
18113,25739,0
18114,20300,4666
18115,25665,56
18116,25739,0
18117,25739,0
18118,25707,24
18119,19164,5798
18120,25739,0
18121,25739,0
18122,25739,0
18123,25739,0
18124,25739,0
18125,25739,0
18126,25739,0
18127,25637,78
18128,25739,0
18129,25739,0
18130,25739,0
18131,25739,0
18132,22586,2568
18133,25546,148
18134,25739,0
18135,25739,0
18136,25739,0
18137,25739,0
18138,25739,0
18139,25739,0
18140,25707,24
18141,15145,10424
18142,25739,0
18143,24527,948
18144,25739,0
18145,25739,0
18146,25739,0
18147,25739,0
18148,25739,0
18149,24682,824
18150,25739,0
18151,25739,0
18152,25739,0
18153,25739,0
18154,24808,724
18155,25739,0
18156,25739,0
18157,25655,64
18158,25739,0
18159,23374,1894
18160,25739,0
18161,25739,0
18162,25739,0
18163,25739,0
18164,25739,0
18165,19135,5828
18166,25739,0
18167,25739,0
18168,25644,72
18169,25739,0
18170,23906,1452
18171,25739,0
18172,25739,0
18173,25739,0
18174,25739,0
18175,25739,0
18176,25739,0
18177,22290,2828
18178,25739,0
18179,25707,24
18180,25739,0
18181,25739,0
18182,25739,0
18183,25739,0
18184,25739,0
18185,25739,0
18186,15176,10384
18187,25739,0
18188,25739,0
18189,25739,0
18190,25707,24
18191,25739,0
18192,25739,0
18193,25739,0
18194,24494,974
18195,25707,24
18196,25739,0
18197,25739,0
18198,25739,0
18199,25739,0
18200,25416,248
18201,25739,0
18202,25707,24
18203,25739,0
18204,25739,0
18205,25739,0
18206,25739,0
18207,25739,0
18208,24136,1264
18209,25739,0
18210,25676,48
18211,18576,6410
18212,25739,0
18213,25676,48
18214,24972,594
18215,22098,2998
18216,25739,0
18217,25739,0
18218,25739,0
18219,25739,0
18220,21111,3896
18221,23693,1628
18222,25739,0
18223,25739,0
18224,25739,0
18225,25739,0
18226,25739,0
18227,25692,36
18228,25739,0
18229,22438,2698
18230,25671,52
18231,25739,0
18232,11866,15220
18233,25739,0
18234,25739,0
18235,25707,24
18236,25739,0
18237,18290,6716
18238,25739,0
18239,20921,4074
18240,25739,0
18241,25739,0
18242,25739,0
18243,25739,0
18244,25739,0
18245,15165,10398
18246,25739,0
18247,25739,0
18248,25739,0
18249,25739,0
18250,23131,2100
18251,25739,0
18252,25739,0
18253,25660,60
18254,25739,0
18255,25739,0
18256,25676,48
18257,25739,0
18258,25100,494
18259,25739,0
18260,25707,24
18261,25626,86
18262,25739,0
18263,25739,0
18264,25739,0
18265,25739,0
18266,25739,0
18267,25739,0
18268,25702,28
18269,24983,586
18270,25739,0
18271,25739,0
18272,25739,0
18273,25739,0
18274,25739,0
18275,25739,0
18276,25739,0
18277,25739,0
18278,25739,0
18279,25739,0
18280,25739,0
18281,25739,0
18282,25062,524
18283,25739,0
18284,25660,60
18285,25739,0
18286,25739,0
18287,25739,0
18288,25739,0
18289,25739,0
18290,25739,0
18291,25702,28
18292,25739,0
18293,25739,0
18294,25739,0
18295,25739,0
18296,25739,0
18297,24278,1148
18298,25739,0
18299,25739,0
18300,25739,0
18301,25702,28
18302,25739,0
18303,21229,3786
18304,25702,28
18305,25739,0
18306,25739,0
18307,25739,0
18308,25739,0
18309,25739,0
18310,25702,28
18311,25739,0
18312,25739,0
18313,25739,0
18314,25739,0
18315,25692,36
18316,25739,0
18317,24778,748
18318,25739,0
18319,25739,0
18320,25739,0
18321,25739,0
18322,25739,0
18323,25739,0
18324,22122,2976
18325,25739,0
18326,25739,0
18327,25739,0
18328,25739,0
18329,25739,0
18330,25739,0
18331,25739,0
18332,25739,0
18333,25739,0
18334,25739,0
18335,25739,0
18336,25676,48
18337,25739,0
18338,25739,0
18339,25739,0
18340,21569,3474
18341,25739,0
18342,25739,0
18343,25739,0
18344,25739,0
18345,25739,0
18346,25739,0
18347,25739,0
18348,25707,24
18349,25739,0
18350,14690,11024
18351,25739,0
18352,25739,0
18353,23496,1792
18354,22927,2274
18355,25739,0
18356,25671,52
18357,25023,554
18358,23955,1412
18359,20105,4856
18360,25739,0
18361,25739,0
18362,23227,2018
18363,24717,796
18364,22817,2368
18365,25739,0
18366,25085,506
18367,25739,0
18368,25707,24
18369,25739,0
18370,25739,0
18371,25739,0
18372,25739,0
18373,21262,3756
18374,25739,0
18375,25739,0
18376,25739,0
18377,15131,10442
18378,24730,786
18379,25739,0
18380,25739,0
18381,25739,0
18382,25739,0
18383,25739,0
18384,25739,0
18385,25739,0
18386,25739,0
18387,25739,0
18388,15088,10498
18389,25739,0
18390,25739,0
18391,24710,802
18392,25739,0
18393,24778,748
18394,25739,0
18395,25739,0
18396,25739,0
18397,25739,0
18398,25739,0
18399,25739,0
18400,25739,0
18401,25739,0
18402,25739,0
18403,25739,0
18404,25739,0
18405,25184,428
18406,25739,0
18407,25739,0
18408,25739,0
18409,25739,0
18410,25739,0
18411,21206,3808
18412,25739,0
18413,25702,28
18414,25739,0
18415,1994,50278
18416,22492,2650
18417,23517,1774
18418,25739,0
18419,25739,0
18420,25739,0
18421,25739,0
18422,25739,0
18423,14812,10862
18424,25739,0
18425,25739,0
18426,25739,0
18427,25125,474
18428,25739,0
18429,25739,0
18430,24407,1044
18431,25540,152
18432,25739,0
18433,25739,0
18434,20974,4024
18435,25739,0
18436,25739,0
18437,25739,0
18438,25739,0
18439,25739,0
18440,25277,356
18441,25739,0
18442,25739,0
18443,24778,748
18444,25739,0
18445,25739,0
18446,25739,0
18447,25739,0
18448,25739,0
18449,25702,28
18450,15847,9534
18451,25739,0
18452,25739,0
18453,22497,2646
18454,25739,0
18455,25739,0
18456,25739,0
18457,25739,0
18458,24624,870
18459,25739,0
18460,25739,0
18461,25739,0
18462,25739,0
18463,25739,0
18464,25676,48
18465,25739,0
18466,25739,0
18467,25488,192
18468,25739,0
18469,25739,0
18470,25702,28
18471,25707,24
18472,25739,0
18473,25739,0
18474,25739,0
18475,25739,0
18476,23192,2048
18477,25739,0
18478,25739,0
18479,25455,218
18480,24667,836
18481,25739,0
18482,25739,0
18483,25739,0
18484,24089,1302
18485,21595,3450
18486,24990,580
18487,25739,0
18488,2019,50036
18489,23206,2036
18490,22362,2764
18491,25739,0
18492,25739,0
18493,25739,0
18494,25739,0
18495,21077,3928
18496,25692,36
18497,1,255274
18498,25739,0
18499,25665,56
18500,25634,80
18501,25739,0
18502,25739,0
18503,25739,0
18504,25639,76
18505,25739,0
18506,25655,64
18507,25739,0
18508,25739,0
18509,23758,1574
18510,23135,2096
18511,25739,0
18512,25739,0
18513,25739,0
18514,24677,828
18515,25739,0
18516,25739,0
18517,25460,214
18518,25739,0
18519,25739,0
18520,25739,0
18521,25739,0
18522,25739,0
18523,25739,0
18524,25739,0
18525,25739,0
18526,20867,4124
18527,25739,0
18528,25739,0
18529,25739,0
18530,25639,76
18531,25739,0
18532,25434,234
18533,24934,624
18534,25739,0
18535,25692,36
18536,25739,0
18537,22317,2804
18538,21268,3750
18539,25702,28
18540,25056,528
18541,25739,0
18542,25739,0
18543,25520,168
18544,25739,0
18545,22924,2276
18546,25676,48
18547,25739,0
18548,25739,0
18549,25739,0
18550,25739,0
18551,24427,1028
18552,25739,0
18553,25739,0
18554,25577,124
18555,25702,28
18556,25739,0
18557,25739,0
18558,25739,0
18559,24249,1172
18560,25739,0
18561,25739,0
18562,25739,0
18563,25739,0
18564,25739,0
18565,24732,784
18566,25739,0
18567,6499,27056
18568,25739,0
18569,25739,0
18570,25739,0
18571,24619,874
18572,25739,0
18573,25739,0
18574,25739,0
18575,25739,0
18576,25642,74
18577,25739,0
18578,25660,60
18579,25707,24
18580,25702,28
18581,25702,28
18582,25431,236
18583,16253,9036
18584,24407,1044
18585,25739,0
18586,25739,0
18587,25739,0
18588,25739,0
18589,25739,0
18590,25739,0
18591,13961,12024
18592,25739,0
18593,25739,0
18594,25739,0
18595,25739,0
18596,25702,28
18597,25739,0
18598,25739,0
18599,25639,76
18600,25739,0
18601,25739,0
18602,25739,0
18603,25707,24
18604,25739,0
18605,24730,786
18606,25739,0
18607,25739,0
18608,24677,828
18609,25707,24
18610,25739,0
18611,25739,0
18612,25739,0
18613,25739,0
18614,25644,72
18615,25739,0
18616,25702,28
18617,25739,0
18618,25739,0
18619,1,501186
18620,25739,0
18621,25582,120
18622,25707,24
18623,25739,0
18624,24562,920
18625,25739,0
18626,25739,0
18627,25739,0
18628,25739,0
18629,25739,0
18630,25739,0
18631,25739,0
18632,25739,0
18633,25739,0
18634,25739,0
18635,25739,0
18636,25739,0
18637,25739,0
18638,22381,2748
18639,25739,0
18640,25634,80
18641,25613,96
18642,25707,24
18643,25577,124
18644,25739,0
18645,25739,0
18646,25739,0
18647,25739,0
18648,1802,52270
18649,25739,0
18650,25644,72
18651,25739,0
18652,25431,236
18653,25739,0
18654,25739,0
18655,25739,0
18656,25739,0
18657,25739,0
18658,25707,24
18659,25707,24
18660,25739,0
18661,25313,328
18662,25707,24
18663,25707,24
18664,23192,2048
18665,25739,0
18666,25739,0
18667,25739,0
18668,25739,0
18669,25739,0
18670,25739,0
18671,25739,0
18672,25739,0
18673,25739,0
18674,25692,36
18675,25546,148
18676,25739,0
18677,24219,1196
18678,25184,428
18679,25739,0
18680,25598,108
18681,25739,0
18682,20166,4796
18683,25739,0
18684,25739,0
18685,25707,24
18686,25692,36
18687,25739,0
18688,25739,0
18689,25739,0
18690,25739,0
18691,25739,0
18692,25707,24
18693,25739,0
18694,25739,0
18695,25739,0
18696,25739,0
18697,25739,0
18698,25739,0
18699,25739,0
18700,25739,0
18701,22515,2630
18702,25739,0
18703,25488,192
18704,25613,96
18705,25739,0
18706,24001,1374
18707,25739,0
18708,25739,0
18709,25739,0
18710,25739,0
18711,25739,0
18712,25739,0
18713,25739,0
18714,25739,0
18715,21818,3248
18716,25739,0
18717,25739,0
18718,25739,0
18719,25739,0
18720,24405,1046
18721,25739,0
18722,25739,0
18723,25478,200
18724,25739,0
18725,25739,0
18726,17464,7624
18727,25739,0
18728,25739,0
18729,25739,0
18730,25739,0
18731,25739,0
18732,25110,486
18733,25577,124
18734,25577,124
18735,25739,0
18736,25739,0
18737,25671,52
18738,25739,0
18739,25739,0
18740,25739,0
18741,25125,474
18742,25707,24
18743,25739,0
18744,15438,10048
18745,25739,0
18746,25739,0
18747,25739,0
18748,25739,0
18749,25739,0
18750,25739,0
18751,25184,428
18752,25095,498
18753,24452,1008
18754,25739,0
18755,24957,606
18756,25739,0
18757,25739,0
18758,20721,4262
18759,25739,0
18760,25739,0
18761,23794,1544
18762,25739,0
18763,25739,0
18764,25739,0
18765,25739,0
18766,25739,0
18767,25702,28
18768,25739,0
18769,25739,0
18770,25739,0
18771,23756,1576
18772,25739,0
18773,25739,0
18774,23220,2024
18775,25546,148
18776,25739,0
18777,25739,0
18778,25739,0
18779,25676,48
18780,25739,0
18781,25739,0
18782,25739,0
18783,25739,0
18784,25739,0
18785,25707,24
18786,25739,0
18787,25739,0
18788,25739,0
18789,25739,0
18790,25676,48
18791,25739,0
18792,25739,0
18793,25739,0
18794,25739,0
18795,25692,36
18796,25739,0
18797,25739,0
18798,25739,0
18799,25739,0
18800,25665,56
18801,25676,48
18802,25739,0
18803,25739,0
18804,25739,0
18805,25739,0
18806,25095,498
18807,25739,0
18808,25739,0
18809,22614,2544
18810,25739,0
18811,25739,0
18812,25739,0
18813,25739,0
18814,25739,0
18815,25702,28
18816,25739,0
18817,22831,2356
18818,23192,2048
18819,25739,0
18820,22785,2396
18821,25739,0
18822,25739,0
18823,25739,0
18824,25739,0
18825,25739,0
18826,25739,0
18827,20292,4674
18828,25739,0
18829,24094,1298
18830,25739,0
18831,23220,2024
18832,25739,0
18833,25739,0
18834,25739,0
18835,25739,0
18836,25739,0
18837,25739,0
18838,25739,0
18839,25739,0
18840,22522,2624
18841,25739,0
18842,25739,0
18843,25739,0
18844,25739,0
18845,25739,0
18846,25739,0
18847,25739,0
18848,25739,0
18849,25739,0
18850,25739,0
18851,25488,192
18852,25739,0
18853,25739,0
18854,25189,424
18855,25739,0
18856,25739,0
18857,25739,0
18858,25739,0
18859,25739,0
18860,25739,0
18861,25739,0
18862,25739,0
18863,25739,0
18864,25062,524
18865,25739,0
18866,25739,0
18867,25739,0
18868,25739,0
18869,25739,0
18870,25739,0
18871,25739,0
18872,23147,2086
18873,25582,120
18874,25739,0
18875,25739,0
18876,25739,0
18877,25739,0
18878,25739,0
18879,24345,1094
18880,25739,0
18881,25739,0
18882,25739,0
18883,25739,0
18884,25739,0
18885,25739,0
18886,25739,0
18887,21081,3924
18888,25739,0
18889,25739,0
18890,25559,138
18891,25530,160
18892,25739,0
18893,25739,0
18894,25739,0
18895,25739,0
18896,25739,0
18897,25702,28
18898,25739,0
18899,25739,0
18900,25676,48
18901,25707,24
18902,25739,0
18903,24427,1028
18904,25681,44
18905,25707,24
18906,24692,816
18907,25739,0
18908,25739,0
18909,19213,5748
18910,25739,0
18911,25739,0
18912,25739,0
18913,25739,0
18914,25739,0
18915,24045,1338
18916,25739,0
18917,25739,0
18918,25739,0
18919,25702,28
18920,23058,2162
18921,25739,0
18922,25421,244
18923,25184,428
18924,25739,0
18925,25739,0
18926,25739,0
18927,25739,0
18928,25056,528
18929,25739,0
18930,25739,0
18931,25739,0
18932,25739,0
18933,25739,0
18934,22681,2486
18935,22797,2386
18936,25739,0
18937,25395,264
18938,25739,0
18939,25671,52
18940,25739,0
18941,14690,11024
18942,25739,0
18943,25739,0
18944,25739,0
18945,25739,0
18946,24562,920
18947,25390,268
18948,24217,1198
18949,25739,0
18950,25056,528
18951,25702,28
18952,24642,856
18953,25739,0
18954,25507,178
18955,25739,0
18956,25702,28
18957,25739,0
18958,25739,0
18959,25739,0
18960,25739,0
18961,25739,0
18962,25739,0
18963,25739,0
18964,25739,0
18965,25618,92
18966,25739,0
18967,25739,0
18968,24757,764
18969,25739,0
18970,23860,1490
18971,25739,0
18972,25739,0
18973,25739,0
18974,25739,0
18975,1898,51252
18976,25634,80
18977,25676,48
18978,25739,0
18979,25676,48
18980,25739,0
18981,25739,0
18982,25739,0
18983,25739,0
18984,25739,0
18985,25739,0
18986,25739,0
18987,25739,0
18988,25248,378
18989,25739,0
18990,22869,2324
18991,25692,36
18992,25739,0
18993,25739,0
18994,25739,0
18995,25739,0
18996,19764,5192
18997,25739,0
18998,25739,0
18999,25739,0
19000,25739,0
19001,25739,0
19002,25739,0
19003,25739,0
19004,25739,0
19005,25739,0
19006,23731,1596
19007,25739,0
19008,25739,0
19009,25739,0
19010,25739,0
19011,18005,7024
19012,25739,0
19013,25739,0
19014,25739,0
19015,25739,0
19016,25739,0
19017,23182,2056
19018,25739,0
19019,25692,36
19020,25739,0
19021,25739,0
19022,25739,0
19023,23580,1722
19024,25676,48
19025,25739,0
19026,25707,24
19027,25739,0
19028,25739,0
19029,25739,0
19030,25739,0
19031,25739,0
19032,25739,0
19033,25739,0
19034,25739,0
19035,25739,0
19036,25739,0
19037,25739,0
19038,25707,24
19039,25739,0
19040,25739,0
19041,23659,1656
19042,25739,0
19043,25739,0
19044,25739,0
19045,25739,0
19046,25739,0
19047,22773,2406
19048,25739,0
19049,25739,0
19050,25739,0
19051,25739,0
19052,25739,0
19053,25739,0
19054,25739,0
19055,25739,0
19056,25739,0
19057,25739,0
19058,25739,0
19059,25287,348
19060,25739,0
19061,25739,0
19062,25676,48
19063,25739,0
19064,25739,0
19065,25739,0
19066,25416,248
19067,25418,246
19068,25739,0
19069,25739,0
19070,25739,0
19071,25642,74
19072,25739,0
19073,23258,1992
19074,25739,0
19075,24330,1106
19076,25739,0
19077,25739,0
19078,25739,0
19079,25739,0
19080,25739,0
19081,25702,28
19082,25739,0
19083,25739,0
19084,25739,0
19085,25739,0
19086,23213,2030
19087,25739,0
19088,25739,0
19089,25739,0
19090,25739,0
19091,25739,0
19092,25739,0
19093,23818,1524
19094,25739,0
19095,21275,3744
19096,25739,0
19097,25739,0
19098,25739,0
19099,25739,0
19100,22635,2526
19101,25739,0
19102,25264,366
19103,25540,152
19104,25739,0
19105,25707,24
19106,25739,0
19107,25739,0
19108,25692,36
19109,1975,50468
19110,25056,528
19111,25739,0
19112,25707,24
19113,25739,0
19114,25739,0
19115,25739,0
19116,25739,0
19117,25739,0
19118,24632,864
19119,25739,0
19120,25739,0
19121,25739,0
19122,24579,906
19123,25707,24
19124,25277,356
19125,25702,28
19126,25739,0
19127,24497,972
19128,23138,2094
19129,25739,0
19130,25739,0
19131,25739,0
19132,25739,0
19133,25739,0
19134,25707,24
19135,23686,1634
19136,25739,0
19137,24667,836
19138,25739,0
19139,25642,74
19140,25676,48
19141,25739,0
19142,25473,204
19143,25739,0
19144,25739,0
19145,25739,0
19146,25739,0
19147,25739,0
19148,19982,4976
19149,25739,0
19150,25739,0
19151,25739,0
19152,25739,0
19153,25739,0
19154,25739,0
19155,16498,8742
19156,25707,24
19157,23192,2048
19158,23398,1874
19159,25739,0
19160,25739,0
19161,25739,0
19162,25739,0
19163,25739,0
19164,25739,0
19165,25739,0
19166,25739,0
19167,25739,0
19168,25739,0
19169,25739,0
19170,25739,0
19171,25739,0
19172,25739,0
19173,25739,0
19174,23996,1378
19175,25739,0
19176,25739,0
19177,25739,0
19178,25707,24
19179,25739,0
19180,25739,0
19181,25739,0
19182,25739,0
19183,25739,0
19184,25739,0
19185,25739,0
19186,25318,324
19187,25739,0
19188,25739,0
19189,24967,598
19190,24479,986
19191,25739,0
19192,25739,0
19193,25739,0
19194,25577,124
19195,25739,0
19196,25739,0
19197,25739,0
19198,5704,29618
19199,25739,0
19200,25739,0
19201,25739,0
19202,25739,0
19203,25739,0
19204,25707,24
19205,25739,0
19206,25739,0
19207,25739,0
19208,25739,0
19209,24303,1128
19210,25739,0
19211,25739,0
19212,25739,0
19213,24427,1028
19214,25739,0
19215,25739,0
19216,25739,0
19217,25702,28
19218,25692,36
19219,25739,0
19220,25739,0
19221,25739,0
19222,25739,0
19223,25739,0
19224,25739,0
19225,25739,0
19226,25739,0
19227,23453,1828
19228,25739,0
19229,25739,0
19230,25707,24
19231,25739,0
19232,25739,0
19233,22365,2762
19234,25739,0
19235,25739,0
19236,25739,0
19237,25739,0
19238,24808,724
19239,25739,0
19240,25739,0
19241,25739,0
19242,25739,0
19243,25739,0
19244,25739,0
19245,25739,0
19246,22753,2424
19247,25739,0
19248,25707,24
19249,25739,0
19250,25236,388
19251,25739,0
19252,25739,0
19253,25739,0
19254,12091,14852
19255,25739,0
19256,25739,0
19257,24527,948
19258,23128,2102
19259,25739,0
19260,25739,0
19261,25739,0
19262,25739,0
19263,25739,0
19264,25739,0
19265,25739,0
19266,25739,0
19267,22785,2396
19268,24567,916
19269,25739,0
19270,19921,5036
19271,25739,0
19272,25739,0
19273,25739,0
19274,15435,10052
19275,25739,0
19276,25739,0
19277,25739,0
19278,25739,0
19279,25739,0
19280,25739,0
19281,25739,0
19282,24904,648
19283,25739,0
19284,25739,0
19285,25739,0
19286,25382,274
19287,25739,0
19288,25739,0
19289,25739,0
19290,25739,0
19291,25739,0
19292,25739,0
19293,25514,172
19294,25739,0
19295,25676,48
19296,25739,0
19297,25739,0
19298,25739,0
19299,25739,0
19300,25739,0
19301,25739,0
19302,25739,0
19303,25739,0
19304,25739,0
19305,25739,0
19306,25739,0
19307,25739,0
19308,25739,0
19309,19311,5648
19310,25676,48
19311,25739,0
19312,25739,0
19313,13824,12218
19314,23287,1968
19315,25739,0
19316,25739,0
19317,25739,0
19318,25702,28
19319,25739,0
19320,25739,0
19321,25639,76
19322,25739,0
19323,25739,0
19324,25739,0
19325,25739,0
19326,25739,0
19327,25023,554
19328,25692,36
19329,25739,0
19330,25739,0
19331,15308,10214
19332,22390,2740
19333,25739,0
19334,25739,0
19335,25739,0
19336,25739,0
19337,25739,0
19338,25739,0
19339,25739,0
19340,25739,0
19341,25739,0
19342,25739,0
19343,23458,1824
19344,25739,0
19345,25739,0
19346,22739,2436
19347,25148,456
19348,25739,0
19349,25739,0
19350,25739,0
19351,24884,664
19352,24619,874
19353,25739,0
19354,13650,12468
19355,24652,848
19356,25739,0
19357,25739,0
19358,25739,0
19359,25739,0
19360,25692,36
19361,25739,0
19362,25739,0
19363,25739,0
19364,25707,24
19365,6153,28130
19366,25739,0
19367,25739,0
19368,25739,0
19369,25739,0
19370,25739,0
19371,25238,386
19372,25739,0
19373,25739,0
19374,24237,1182
19375,25031,548
19376,24778,748
19377,25739,0
19378,25707,24
19379,25739,0
19380,24430,1026
19381,25739,0
19382,25739,0
19383,25739,0
19384,25739,0
19385,25739,0
19386,25702,28
19387,25739,0
19388,25739,0
19389,22518,2628
19390,25739,0
19391,25739,0
19392,25739,0
19393,17731,7326
19394,25739,0
19395,25739,0
19396,22725,2448
19397,25739,0
19398,25739,0
19399,25739,0
19400,25739,0
19401,25665,56
19402,25739,0
19403,25739,0
19404,25707,24
19405,25739,0
19406,25637,78
19407,24740,778
19408,25739,0
19409,25739,0
19410,25707,24
19411,25739,0
19412,25739,0
19413,25598,108
19414,2303,47444
19415,25739,0
19416,25739,0
19417,25739,0
19418,25739,0
19419,25739,0
19420,25739,0
19421,25739,0
19422,25739,0
19423,25739,0
19424,25639,76
19425,25739,0
19426,25739,0
19427,25739,0
19428,22513,2632
19429,24440,1018
19430,25739,0
19431,25739,0
19432,25739,0
19433,25739,0
19434,25739,0
19435,25739,0
19436,25739,0
19437,25692,36
19438,25739,0
19439,25739,0
19440,25739,0
19441,25739,0
19442,25658,62
19443,25739,0
19444,25739,0
19445,25739,0
19446,25739,0
19447,25739,0
19448,25739,0
19449,25681,44
19450,25189,424
19451,25639,76
19452,25739,0
19453,25739,0
19454,25707,24
19455,25707,24
19456,25739,0
19457,25739,0
19458,25739,0
19459,24937,622
19460,13959,12028
19461,25613,96
19462,25739,0
19463,25739,0
19464,25660,60
19465,22522,2624
19466,25739,0
19467,23279,1974
19468,25739,0
19469,25739,0
19470,25739,0
19471,25707,24
19472,25739,0
19473,25739,0
19474,25739,0
19475,25739,0
19476,23088,2136
19477,25739,0
19478,25739,0
19479,25739,0
19480,25707,24
19481,25739,0
19482,25739,0
19483,25739,0
19484,25739,0
19485,25739,0
19486,25739,0
19487,25739,0
19488,25739,0
19489,25739,0
19490,25739,0
19491,25739,0
19492,25739,0
19493,25739,0
19494,25739,0
19495,25665,56
19496,25642,74
19497,25739,0
19498,25006,568
19499,23729,1598
19500,25739,0
19501,25739,0
19502,25702,28
19503,25707,24
19504,25739,0
19505,25739,0
19506,25739,0
19507,22755,2422
19508,25739,0
19509,25739,0
19510,25739,0
19511,25739,0
19512,25577,124
19513,25739,0
19514,25739,0
19515,25739,0
19516,25382,274
19517,1,504942
19518,25739,0
19519,22864,2328
19520,24592,896
19521,25739,0
19522,25739,0
19523,25739,0
19524,25739,0
19525,25618,92
19526,23947,1418
19527,25739,0
19528,25739,0
19529,25739,0
19530,25739,0
19531,25739,0
19532,25739,0
19533,25739,0
19534,22753,2424
19535,25739,0
19536,25676,48
19537,25739,0
19538,25676,48
19539,25739,0
19540,22637,2524
19541,25739,0
19542,24298,1132
19543,25707,24
19544,25739,0
19545,21490,3546
19546,25739,0
19547,25574,126
19548,25354,296
19549,25739,0
19550,25739,0
19551,25739,0
19552,25739,0
19553,25739,0
19554,25739,0
19555,25739,0
19556,25277,356
19557,25676,48
19558,23370,1898
19559,25642,74
19560,25739,0
19561,25251,376
19562,25739,0
19563,25585,118
19564,25739,0
19565,25739,0
19566,25739,0
19567,25739,0
19568,21881,3192
19569,25739,0
19570,25739,0
19571,20974,4024
19572,25739,0
19573,25739,0
19574,25739,0
19575,25739,0
19576,22109,2988
19577,25692,36
19578,25739,0
19579,25739,0
19580,24333,1104
19581,25739,0
19582,25739,0
19583,25739,0
19584,22351,2774
19585,25739,0
19586,24808,724
19587,25739,0
19588,25739,0
19589,25739,0
19590,25702,28
19591,25739,0
19592,25739,0
19593,25739,0
19594,25739,0
19595,23223,2022
19596,25739,0
19597,25739,0
19598,25739,0
19599,25739,0
19600,25739,0
19601,25739,0
19602,25739,0
19603,25739,0
19604,25739,0
19605,25739,0
19606,25739,0
19607,25739,0
19608,25739,0
19609,25739,0
19610,25739,0
19611,25613,96
19612,25739,0
19613,25739,0
19614,25739,0
19615,25739,0
19616,25739,0
19617,25739,0
19618,25739,0
19619,25739,0
19620,25613,96
19621,24727,788
19622,25739,0
19623,19295,5664
19624,25707,24
19625,25739,0
19626,25739,0
19627,25707,24
19628,24929,628
19629,25739,0
19630,25739,0
19631,25739,0
19632,25739,0
19633,25692,36
19634,9756,19070
19635,25739,0
19636,24283,1144
19637,25416,248
19638,25739,0
19639,25739,0
19640,25671,52
19641,25739,0
19642,25739,0
19643,25739,0
19644,25739,0
19645,25115,482
19646,25739,0
19647,25739,0
19648,25739,0
19649,25739,0
19650,25739,0
19651,25739,0
19652,25739,0
19653,25739,0
19654,25739,0
19655,25739,0
19656,25739,0
19657,25692,36
19658,25739,0
19659,12723,13850
19660,24370,1074
19661,25707,24
19662,25739,0
19663,25739,0
19664,25739,0
19665,14651,11076
19666,25739,0
19667,25739,0
19668,25739,0
19669,25739,0
19670,25603,104
19671,25739,0
19672,16655,8556
19673,25739,0
19674,25739,0
19675,22104,2992
19676,25739,0
19677,25739,0
19678,25739,0
19679,25739,0
19680,21059,3944
19681,9292,20028
19682,4875,32708
19683,20679,4302
19684,23030,2186
19685,25739,0
19686,25739,0
19687,25739,0
19688,25692,36
19689,25739,0
19690,25739,0
19691,25739,0
19692,25739,0
19693,25739,0
19694,25608,100
19695,25739,0
19696,25739,0
19697,25739,0
19698,25739,0
19699,25739,0
19700,25739,0
19701,25739,0
19702,25707,24
19703,25739,0
19704,25739,0
19705,25739,0
19706,25739,0
19707,24846,694
19708,25739,0
19709,25739,0
19710,25739,0
19711,25739,0
19712,25739,0
19713,25739,0
19714,25739,0
19715,25592,112
19716,25739,0
19717,25739,0
19718,25707,24
19719,25739,0
19720,25739,0
19721,25739,0
19722,25739,0
19723,25739,0
19724,25676,48
19725,25248,378
19726,25739,0
19727,25739,0
19728,23573,1728
19729,25488,192
19730,25739,0
19731,25313,328
19732,25739,0
19733,22294,2824
19734,25739,0
19735,25739,0
19736,25739,0
19737,21021,3980
19738,25739,0
19739,25739,0
19740,24677,828
19741,25739,0
19742,25739,0
19743,11388,16028
19744,25739,0
19745,25739,0
19746,25739,0
19747,25592,112
19748,25138,464
19749,25739,0
19750,25739,0
19751,25313,328
19752,25313,328
19753,25739,0
19754,25739,0
19755,25102,492
19756,25739,0
19757,25739,0
19758,25739,0
19759,25739,0
19760,25739,0
19761,25739,0
19762,22575,2578
19763,25671,52
19764,25205,412
19765,22116,2982
19766,25739,0
19767,25447,224
19768,25739,0
19769,23164,2072
19770,25707,24
19771,25739,0
19772,25739,0
19773,25739,0
19774,25739,0
19775,24682,824
19776,25739,0
19777,25739,0
19778,25739,0
19779,25447,224
19780,25739,0
19781,25739,0
19782,25739,0
19783,25739,0
19784,25739,0
19785,25739,0
19786,25739,0
19787,25077,512
19788,25739,0
19789,25739,0
19790,25739,0
19791,25739,0
19792,25739,0
19793,25739,0
19794,25739,0
19795,25739,0
19796,25577,124
19797,25644,72
19798,25739,0
19799,24957,606
19800,25739,0
19801,25739,0
19802,25739,0
19803,25739,0
19804,25739,0
19805,25644,72
19806,25739,0
19807,25739,0
19808,25739,0
19809,25739,0
19810,25739,0
19811,25707,24
19812,25587,116
19813,25739,0
19814,25707,24
19815,25739,0
19816,25739,0
19817,20673,4308
19818,25739,0
19819,25739,0
19820,25739,0
19821,25739,0
19822,25739,0
19823,25739,0
19824,25644,72
19825,25739,0
19826,25739,0
19827,25702,28
19828,25739,0
19829,25739,0
19830,25739,0
19831,25739,0
19832,25739,0
19833,25739,0
19834,25739,0
19835,25739,0
19836,25739,0
19837,25739,0
19838,25739,0
19839,25739,0
19840,25739,0
19841,25739,0
19842,25739,0
19843,25739,0
19844,25707,24
19845,25739,0
19846,25702,28
19847,25739,0
19848,25739,0
19849,25739,0
19850,23729,1598
19851,25577,124
19852,25676,48
19853,25702,28
19854,25739,0
19855,25739,0
19856,25739,0
19857,25739,0
19858,25739,0
19859,25739,0
19860,25393,266
19861,25739,0
19862,25739,0
19863,25739,0
19864,25577,124
19865,25739,0
19866,25739,0
19867,25739,0
19868,25739,0
19869,25739,0
19870,22276,2840
19871,25739,0
19872,25739,0
19873,25739,0
19874,25739,0
19875,25739,0
19876,25739,0
19877,25739,0
19878,25739,0
19879,25739,0
19880,22390,2740
19881,25739,0
19882,25739,0
19883,25739,0
19884,25739,0
19885,25739,0
19886,25739,0
19887,20510,4464
19888,25739,0
19889,25739,0
19890,25739,0
19891,25739,0
19892,25739,0
19893,25739,0
19894,25739,0
19895,25739,0
19896,25739,0
19897,25739,0
19898,25739,0
19899,22734,2440
19900,25739,0
19901,25665,56
19902,25739,0
19903,22522,2624
19904,22971,2236
19905,9568,19452
19906,25603,104
19907,25739,0
19908,25739,0
19909,25739,0
19910,23967,1402
19911,25739,0
19912,25739,0
19913,25739,0
19914,25702,28
19915,15659,9768
19916,25739,0
19917,25577,124
19918,25739,0
19919,25739,0
19920,25692,36
19921,24677,828
19922,25739,0
19923,25739,0
19924,25739,0
19925,25634,80
19926,25739,0
19927,25739,0
19928,25488,192
19929,25739,0
19930,25739,0
19931,25739,0
19932,25739,0
19933,25739,0
19934,25739,0
19935,25739,0
19936,25739,0
19937,25739,0
19938,25739,0
19939,25600,106
19940,25739,0
19941,25739,0
19942,25739,0
19943,25739,0
19944,25739,0
19945,25406,256
19946,25739,0
19947,25739,0
19948,25739,0
19949,25739,0
19950,25739,0
19951,25739,0
19952,25739,0
19953,25739,0
19954,24308,1124
19955,25739,0
19956,25739,0
19957,25739,0
19958,25739,0
19959,25739,0
19960,22026,3062
19961,25739,0
19962,25739,0
19963,25739,0
19964,25739,0
19965,25739,0
19966,25739,0
19967,25739,0
19968,25702,28
19969,25739,0
19970,25739,0
19971,25739,0
19972,25120,478
19973,25739,0
19974,25509,176
19975,25739,0
19976,25739,0
19977,25739,0
19978,25739,0
19979,25739,0
19980,25739,0
19981,25739,0
19982,25739,0
19983,24308,1124
19984,25739,0
19985,25637,78
19986,25707,24
19987,25739,0
19988,25739,0
19989,25739,0
19990,25739,0
19991,25739,0
19992,25707,24
19993,25577,124
19994,25739,0
19995,25442,228
19996,25634,80
19997,18702,6278
19998,25739,0
19999,25665,56
20000,15238,10304
20001,24013,1364
20002,25739,0
20003,25739,0
20004,25707,24
20005,25739,0
20006,25739,0
20007,25739,0
20008,25739,0
20009,25739,0
20010,25739,0
20011,25739,0
20012,25739,0
20013,25702,28
20014,11920,15132
20015,25739,0
20016,25739,0
20017,24752,768
20018,25739,0
20019,25739,0
20020,25739,0
20021,25561,136
20022,25739,0
20023,25739,0
20024,25739,0
20025,24170,1236
20026,23192,2048
20027,25739,0
20028,25739,0
20029,25739,0
20030,25739,0
20031,25739,0
20032,25676,48
20033,25739,0
20034,24682,824
20035,25739,0
20036,25739,0
20037,18945,6024
20038,25739,0
20039,25739,0
20040,25739,0
20041,20736,4248
20042,25739,0
20043,25739,0
20044,25739,0
20045,23539,1756
20046,25739,0
20047,25739,0
20048,24185,1224
20049,25702,28
20050,25739,0
20051,1133,61394
20052,25739,0
20053,25739,0
20054,25739,0
20055,25739,0
20056,25739,0
20057,25739,0
20058,25739,0
20059,25739,0
20060,25243,382
20061,25739,0
20062,25739,0
20063,25739,0
20064,24808,724
20065,25739,0
20066,25739,0
20067,25739,0
20068,25739,0
20069,25739,0
20070,25739,0
20071,25739,0
20072,25660,60
20073,25123,476
20074,25739,0
20075,25739,0
20076,25739,0
20077,24934,624
20078,25739,0
20079,24527,948
20080,25692,36
20081,25739,0
20082,25692,36
20083,25739,0
20084,25739,0
20085,24557,924
20086,25739,0
20087,25739,0
20088,25739,0
20089,25739,0
20090,25159,448
20091,25739,0
20092,25739,0
20093,25739,0
20094,25287,348
20095,25739,0
20096,25739,0
20097,25739,0
20098,25739,0
20099,25739,0
20100,22681,2486
20101,25707,24
20102,25739,0
20103,25600,106
20104,25382,274
20105,25739,0
20106,25739,0
20107,25739,0
20108,25739,0
20109,25739,0
20110,24730,786
20111,25739,0
20112,20244,4720
20113,25739,0
20114,25739,0
20115,25739,0
20116,24682,824
20117,24557,924
20118,23310,1948
20119,25739,0
20120,25318,324
20121,7288,24802
20122,25739,0
20123,25739,0
20124,25385,272
20125,25739,0
20126,25739,0
20127,25739,0
20128,25739,0
20129,25739,0
20130,25739,0
20131,25739,0
20132,25739,0
20133,25739,0
20134,25739,0
20135,25739,0
20136,25739,0
20137,25507,178
20138,25739,0
20139,25739,0
20140,25739,0
20141,25739,0
20142,25739,0
20143,25739,0
20144,24504,966
20145,25739,0
20146,25739,0
20147,1846,51796
20148,25739,0
20149,25739,0
20150,25739,0
20151,25739,0
20152,25739,0
20153,25739,0
20154,25036,544
20155,25739,0
20156,19421,5536
20157,25739,0
20158,25739,0
20159,25658,62
20160,25739,0
20161,25692,36
20162,25707,24
20163,25739,0
20164,25739,0
20165,25739,0
20166,25739,0
20167,20424,4546
20168,25739,0
20169,25739,0
20170,25739,0
20171,25031,548
20172,22773,2406
20173,25671,52
20174,25739,0
20175,25739,0
20176,25739,0
20177,25739,0
20178,25000,572
20179,25739,0
20180,25261,368
20181,25739,0
20182,25613,96
20183,23006,2206
20184,25097,496
20185,25739,0
20186,24303,1128
20187,25739,0
20188,25739,0
20189,23041,2176
20190,25739,0
20191,25739,0
20192,25739,0
20193,25739,0
20194,25739,0
20195,25739,0
20196,25382,274
20197,25739,0
20198,24682,824
20199,24922,634
20200,25739,0
20201,25739,0
20202,25287,348
20203,25442,228
20204,25739,0
20205,25676,48
20206,25739,0
20207,25739,0
20208,25739,0
20209,25739,0
20210,25739,0
20211,25739,0
20212,25739,0
20213,25739,0
20214,25603,104
20215,25739,0
20216,25120,478
20217,25739,0
20218,25739,0
20219,25739,0
20220,25739,0
20221,21444,3588
20222,25120,478
20223,25676,48
20224,25739,0
20225,25739,0
20226,25739,0
20227,25110,486
20228,25739,0
20229,25739,0
20230,25739,0
20231,25739,0
20232,25739,0
20233,25739,0
20234,25739,0
20235,25739,0
20236,25702,28
20237,25739,0
20238,25739,0
20239,22985,2224
20240,25739,0
20241,25739,0
20242,25572,128
20243,20842,4148
20244,25702,28
20245,25184,428
20246,25739,0
20247,25676,48
20248,25739,0
20249,25739,0
20250,25739,0
20251,25739,0
20252,25739,0
20253,24841,698
20254,25739,0
20255,25739,0
20256,25739,0
20257,25739,0
20258,25739,0
20259,25739,0
20260,25739,0
20261,23782,1554
20262,23669,1648
20263,25739,0
20264,25739,0
20265,25739,0
20266,25739,0
20267,25707,24
20268,25739,0
20269,25739,0
20270,25739,0
20271,25107,488
20272,25739,0
20273,25739,0
20274,25739,0
20275,25272,360
20276,25739,0
20277,25629,84
20278,25739,0
20279,24757,764
20280,25644,72
20281,25739,0
20282,25739,0
20283,25739,0
20284,25739,0
20285,25739,0
20286,25739,0
20287,24745,774
20288,25665,56
20289,25739,0
20290,25739,0
20291,25739,0
20292,25739,0
20293,25739,0
20294,25739,0
20295,23539,1756
20296,25739,0
20297,25739,0
20298,25739,0
20299,25739,0
20300,25739,0
20301,25739,0
20302,25739,0
20303,25739,0
20304,25739,0
20305,25739,0
20306,22962,2244
20307,25739,0
20308,25739,0
20309,24752,768
20310,25739,0
20311,21787,3276
20312,20468,4504
20313,25739,0
20314,24745,774
20315,25572,128
20316,25739,0
20317,18949,6020
20318,25739,0
20319,25739,0
20320,22486,2656
20321,25739,0
20322,25739,0
20323,25739,0
20324,25739,0
20325,25739,0
20326,25739,0
20327,25739,0
20328,25739,0
20329,25739,0
20330,25644,72
20331,25739,0
20332,25739,0
20333,25739,0
20334,23894,1462
20335,13946,12046
20336,24402,1048
20337,25739,0
20338,25739,0
20339,25739,0
20340,25739,0
20341,25739,0
20342,25707,24
20343,25739,0
20344,25739,0
20345,25739,0
20346,24145,1256
20347,25739,0
20348,25739,0
20349,22753,2424
20350,25739,0
20351,25739,0
20352,25739,0
20353,23220,2024
20354,25739,0
20355,25739,0
20356,25739,0
20357,25739,0
20358,25739,0
20359,25739,0
20360,24592,896
20361,25739,0
20362,25582,120
20363,23088,2136
20364,25739,0
20365,24303,1128
20366,17938,7098
20367,25739,0
20368,25702,28
20369,25739,0
20370,25739,0
20371,25739,0
20372,25739,0
20373,25739,0
20374,25739,0
20375,25739,0
20376,25739,0
20377,25739,0
20378,25041,540
20379,25739,0
20380,25702,28
20381,25739,0
20382,20950,4046
20383,23016,2198
20384,25739,0
20385,25739,0
20386,24348,1092
20387,25739,0
20388,25739,0
20389,25634,80
20390,25739,0
20391,25739,0
20392,25739,0
20393,25739,0
20394,25739,0
20395,25603,104
20396,25739,0
20397,25100,494
20398,25739,0
20399,25739,0
20400,25062,524
20401,25707,24
20402,24929,628
20403,25739,0
20404,25739,0
20405,25739,0
20406,22985,2224
20407,25739,0
20408,25616,94
20409,25739,0
20410,25739,0
20411,25739,0
20412,25739,0
20413,24783,744
20414,25739,0
20415,25463,212
20416,25406,256
20417,25707,24
20418,25739,0
20419,25739,0
20420,25739,0
20421,25739,0
20422,23814,1528
20423,25739,0
20424,25739,0
20425,25739,0
20426,25739,0
20427,25739,0
20428,25739,0
20429,25739,0
20430,25739,0
20431,25707,24
20432,25603,104
20433,25739,0
20434,25739,0
20435,23334,1928
20436,25655,64
20437,25739,0
20438,25739,0
20439,25739,0
20440,25739,0
20441,25478,200
20442,25739,0
20443,25739,0
20444,25739,0
20445,25616,94
20446,25739,0
20447,24904,648
20448,25739,0
20449,24667,836
20450,24642,856
20451,25707,24
20452,25707,24
20453,24454,1006
20454,25739,0
20455,25739,0
20456,25739,0
20457,21405,3624
20458,24659,842
20459,25739,0
20460,25739,0
20461,25739,0
20462,25739,0
20463,25739,0
20464,25739,0
20465,25739,0
20466,25739,0
20467,25739,0
20468,25739,0
20469,25739,0
20470,25739,0
20471,25442,228
20472,25739,0
20473,25739,0
20474,25739,0
20475,25739,0
20476,25739,0
20477,25739,0
20478,25702,28
20479,25739,0
20480,25739,0
20481,24412,1040
20482,25739,0
20483,25739,0
20484,25739,0
20485,23147,2086
20486,25739,0
20487,25676,48
20488,25739,0
20489,25739,0
20490,25739,0
20491,1,779982
20492,25739,0
20493,25739,0
20494,25739,0
20495,25739,0
20496,25739,0
20497,25739,0
20498,25739,0
20499,25739,0
20500,25739,0
20501,25739,0
20502,25650,68
20503,24929,628
20504,25739,0
20505,25739,0
20506,25739,0
20507,25739,0
20508,25739,0
20509,6194,27998
20510,25739,0
20511,25739,0
20512,25739,0
20513,24306,1126
20514,25739,0
20515,19429,5528
20516,19183,5778
20517,25739,0
20518,25739,0
20519,25739,0
20520,25739,0
20521,25739,0
20522,24934,624
20523,25739,0
20524,25739,0
20525,24778,748
20526,25739,0
20527,25739,0
20528,25739,0
20529,25739,0
20530,25739,0
20531,25125,474
20532,25739,0
20533,24360,1082
20534,25739,0
20535,25739,0
20536,25577,124
20537,25739,0
20538,25739,0
20539,25739,0
20540,24866,678
20541,25707,24
20542,25739,0
20543,25739,0
20544,25739,0
20545,25739,0
20546,25739,0
20547,25739,0
20548,25739,0
20549,24432,1024
20550,20637,4342
20551,25707,24
20552,25739,0
20553,25739,0
20554,25739,0
20555,25739,0
20556,23206,2036
20557,25739,0
20558,25739,0
20559,23974,1396
20560,25739,0
20561,25739,0
20562,25739,0
20563,25739,0
20564,25639,76
20565,25739,0
20566,25739,0
20567,25546,148
20568,25447,224
20569,25739,0
20570,25739,0
20571,25739,0
20572,25739,0
20573,18866,6106
20574,25739,0
20575,21111,3896
20576,25739,0
20577,25739,0
20578,25739,0
20579,25739,0
20580,25739,0
20581,25739,0
20582,25739,0
20583,25707,24
20584,24617,876
20585,25739,0
20586,25739,0
20587,25739,0
20588,25739,0
20589,25739,0
20590,25739,0
20591,24517,956
20592,25739,0
20593,24308,1124
20594,25056,528
20595,25739,0
20596,25739,0
20597,25416,248
20598,25639,76
20599,25739,0
20600,25739,0
20601,25739,0
20602,24138,1262
20603,25739,0
20604,23592,1712
20605,25739,0
20606,25739,0
20607,25676,48
20608,25739,0
20609,25739,0
20610,25739,0
20611,25739,0
20612,25473,204
20613,22545,2604
20614,25692,36
20615,25739,0
20616,25739,0
20617,25739,0
20618,25739,0
20619,25739,0
20620,25739,0
20621,24803,728
20622,25739,0
20623,25739,0
20624,25739,0
20625,25739,0
20626,25629,84
20627,25739,0
20628,25739,0
20629,25739,0
20630,25739,0
20631,25739,0
20632,23372,1896
20633,25739,0
20634,25739,0
20635,25707,24
20636,25357,294
20637,25739,0
20638,25739,0
20639,24677,828
20640,25739,0
20641,25739,0
20642,25739,0
20643,25739,0
20644,25702,28
20645,25739,0
20646,25739,0
20647,25739,0
20648,25739,0
20649,24682,824
20650,23935,1428
20651,25739,0
20652,25159,448
20653,24062,1324
20654,25739,0
20655,25577,124
20656,25739,0
20657,25431,236
20658,25739,0
20659,25739,0
20660,25739,0
20661,20424,4546
20662,25318,324
20663,25739,0
20664,25739,0
20665,25739,0
20666,25739,0
20667,25739,0
20668,23843,1504
20669,6862,25986
20670,25707,24
20671,25739,0
20672,25739,0
20673,25739,0
20674,25739,0
20675,25739,0
20676,25739,0
20677,25739,0
20678,25739,0
20679,23780,1556
20680,25702,28
20681,25739,0
20682,25739,0
20683,21062,3942
20684,25739,0
20685,24652,848
20686,25676,48
20687,25739,0
20688,25739,0
20689,25739,0
20690,25739,0
20691,25739,0
20692,25739,0
20693,25739,0
20694,25739,0
20695,25739,0
20696,25707,24
20697,25739,0
20698,25739,0
20699,25739,0
20700,22983,2226
20701,25707,24
20702,25739,0
20703,25739,0
20704,25739,0
20705,25739,0
20706,12760,13792
20707,25739,0
20708,24717,796
20709,25739,0
20710,25739,0
20711,25739,0
20712,25739,0
20713,23117,2112
20714,25739,0
20715,25702,28
20716,23731,1596
20717,25702,28
20718,25739,0
20719,25739,0
20720,25739,0
20721,25707,24
20722,25739,0
20723,21206,3808
20724,25739,0
20725,25739,0
20726,25739,0
20727,25739,0
20728,24118,1278
20729,25739,0
20730,16503,8736
20731,25739,0
20732,24778,748
20733,25739,0
20734,25739,0
20735,25739,0
20736,25739,0
20737,24185,1224
20738,25739,0
20739,25739,0
20740,25287,348
20741,25707,24
20742,25739,0
20743,25616,94
20744,25739,0
20745,25739,0
20746,25739,0
20747,22753,2424
20748,25739,0
20749,24793,736
20750,25739,0
20751,6466,27154
20752,25739,0
20753,25739,0
20754,24612,880
20755,25739,0
20756,25739,0
20757,25739,0
20758,23729,1598
20759,25739,0
20760,25739,0
20761,25739,0
20762,25739,0
20763,25739,0
20764,25739,0
20765,25739,0
20766,25739,0
20767,23818,1524
20768,25739,0
20769,25692,36
20770,25739,0
20771,25739,0
20772,25739,0
20773,25739,0
20774,25739,0
20775,25551,144
20776,25739,0
20777,25739,0
20778,25739,0
20779,25739,0
20780,21543,3498
20781,25739,0
20782,24244,1176
20783,25577,124
20784,25739,0
20785,25739,0
20786,23453,1828
20787,25739,0
20788,25739,0
20789,25739,0
20790,25421,244
20791,24692,816
20792,25739,0
20793,25739,0
20794,24778,748
20795,24677,828
20796,25739,0
20797,25707,24
20798,24874,672
20799,24904,648
20800,19826,5130
20801,24667,836
20802,25739,0
20803,25739,0
20804,25739,0
20805,25174,436
20806,25739,0
20807,25059,526
20808,25739,0
20809,25739,0
20810,25692,36
20811,25707,24
20812,25739,0
20813,25739,0
20814,25739,0
20815,25739,0
20816,25739,0
20817,25739,0
20818,21543,3498
20819,25313,328
20820,25739,0
20821,25707,24
20822,25681,44
20823,25739,0
20824,24160,1244
20825,25036,544
20826,25739,0
20827,25739,0
20828,25739,0
20829,25739,0
20830,25739,0
20831,25739,0
20832,25692,36
20833,25739,0
20834,25739,0
20835,25739,0
20836,25739,0
20837,25739,0
20838,25707,24
20839,25739,0
20840,25739,0
20841,25739,0
20842,22632,2528
20843,25739,0
20844,25739,0
20845,25739,0
20846,25739,0
20847,25254,374
20848,14020,11942
20849,22753,2424
20850,25739,0
20851,25739,0
20852,25739,0
20853,25739,0
20854,23792,1546
20855,25739,0
20856,25739,0
20857,25739,0
20858,25739,0
20859,25566,132
20860,25739,0
20861,25739,0
20862,24512,960
20863,25739,0
20864,25739,0
20865,25187,426
20866,25447,224
20867,25739,0
20868,25707,24
20869,25739,0
20870,25739,0
20871,25739,0
20872,25739,0
20873,25739,0
20874,24929,628
20875,25739,0
20876,25739,0
20877,20137,4824
20878,25739,0
20879,24185,1224
20880,25739,0
20881,25739,0
20882,25159,448
20883,23220,2024
20884,25739,0
20885,25739,0
20886,25739,0
20887,25739,0
20888,23343,1920
20889,25739,0
20890,25739,0
20891,25739,0
20892,25739,0
20893,25739,0
20894,25739,0
20895,6946,25748
20896,25739,0
20897,24783,744
20898,25739,0
20899,24195,1216
20900,25613,96
20901,25739,0
20902,25739,0
20903,25739,0
20904,25739,0
20905,25739,0
20906,25739,0
20907,25416,248
20908,25739,0
20909,25739,0
20910,25692,36
20911,25739,0
20912,25739,0
20913,24432,1024
20914,25739,0
20915,25125,474
20916,25739,0
20917,25739,0
20918,25739,0
20919,25644,72
20920,25739,0
20921,25739,0
20922,25739,0
20923,19934,5024
20924,24402,1048
20925,25739,0
20926,25739,0
20927,25739,0
20928,25739,0
20929,23020,2194
20930,25739,0
20931,25739,0
20932,25739,0
20933,25739,0
20934,22566,2586
20935,25739,0
20936,25707,24
20937,24808,724
20938,23341,1922
20939,25739,0
20940,25739,0
20941,25739,0
20942,25739,0
20943,25739,0
20944,149,101248
20945,25739,0
20946,25739,0
20947,25603,104
20948,25739,0
20949,25739,0
20950,25739,0
20951,25739,0
20952,25739,0
20953,25739,0
20954,25739,0
20955,23102,2124
20956,25739,0
20957,25660,60
20958,25739,0
20959,25739,0
20960,25739,0
20961,25468,208
20962,25739,0
20963,25551,144
20964,25739,0
20965,25739,0
20966,25525,164
20967,25739,0
20968,25739,0
20969,25739,0
20970,24382,1064
20971,25739,0
20972,25739,0
20973,25100,494
20974,25739,0
20975,25739,0
20976,25421,244
20977,25739,0
20978,25739,0
20979,25739,0
20980,25739,0
20981,25739,0
20982,25739,0
20983,25739,0
20984,22820,2366
20985,25241,384
20986,25739,0
20987,25739,0
20988,25382,274
20989,25608,100
20990,25739,0
20991,25739,0
20992,25707,24
20993,25739,0
20994,25739,0
20995,25739,0
20996,25739,0
20997,25739,0
20998,25739,0
20999,25739,0
21000,25739,0
21001,25411,252
21002,25739,0
21003,25739,0
21004,25739,0
21005,25739,0
21006,25739,0
21007,25739,0
21008,25739,0
21009,25707,24
21010,25702,28
21011,25692,36
21012,25739,0
21013,25739,0
21014,25739,0
21015,25739,0
21016,25739,0
21017,25739,0
21018,25739,0
21019,25739,0
21020,23683,1636
21021,18225,6786
21022,25739,0
21023,25739,0
21024,25739,0
21025,25739,0
21026,25739,0
21027,25739,0
21028,25707,24
21029,21600,3446
21030,25702,28
21031,25739,0
21032,25512,174
21033,25739,0
21034,25739,0
21035,25739,0
21036,24552,928
21037,25739,0
21038,25739,0
21039,25739,0
21040,25739,0
21041,25739,0
21042,24062,1324
21043,25261,368
21044,25739,0
21045,24487,980
21046,25739,0
21047,25739,0
21048,1939,50828
21049,25739,0
21050,25266,364
21051,25739,0
21052,25613,96
21053,24677,828
21054,20474,4498
21055,25692,36
21056,25739,0
21057,25739,0
21058,25577,124
21059,25739,0
21060,25739,0
21061,25739,0
21062,25739,0
21063,25739,0
21064,25707,24
21065,24074,1314
21066,19726,5230
21067,25707,24
21068,25739,0
21069,25739,0
21070,25739,0
21071,25739,0
21072,19576,5380
21073,21414,3616
21074,25739,0
21075,25603,104
21076,25658,62
21077,25739,0
21078,25702,28
21079,23814,1528
21080,25739,0
21081,25707,24
21082,25707,24
21083,25739,0
21084,25739,0
21085,25739,0
21086,25739,0
21087,25739,0
21088,25739,0
21089,25739,0
21090,25739,0
21091,25739,0
21092,25739,0
21093,25739,0
21094,25655,64
21095,25739,0
21096,25739,0
21097,25739,0
21098,25739,0
21099,25739,0
21100,25739,0
21101,25739,0
21102,25739,0
21103,24185,1224
21104,25739,0
21105,25739,0
21106,25739,0
21107,25739,0
21108,25739,0
21109,25707,24
21110,25739,0
21111,25739,0
21112,25739,0
21113,25739,0
21114,25739,0
21115,19732,5224
21116,25739,0
21117,25739,0
21118,21025,3976
21119,25739,0
21120,25739,0
21121,25739,0
21122,25739,0
21123,25739,0
21124,25642,74
21125,23039,2178
21126,24682,824
21127,25702,28
21128,25707,24
21129,21188,3824
21130,25707,24
21131,25739,0
21132,25739,0
21133,25739,0
21134,25739,0
21135,25739,0
21136,25739,0
21137,25739,0
21138,25739,0
21139,21668,3384
21140,25739,0
21141,25739,0
21142,25739,0
21143,25739,0
21144,25739,0
21145,24155,1248
21146,25739,0
21147,25739,0
21148,25739,0
21149,25739,0
21150,25739,0
21151,25739,0
21152,25313,328
21153,25613,96
21154,25739,0
21155,25600,106
21156,25739,0
21157,25739,0
21158,25739,0
21159,25739,0
21160,25739,0
21161,25739,0
21162,25587,116
21163,25739,0
21164,25707,24
21165,25739,0
21166,25739,0
21167,25739,0
21168,22669,2496
21169,25681,44
21170,25189,424
21171,25739,0
21172,25739,0
21173,25739,0
21174,23175,2062
21175,25692,36
21176,25739,0
21177,25739,0
21178,25739,0
21179,25739,0
21180,12818,13704
21181,25739,0
21182,22554,2596
21183,25069,518
21184,25739,0
21185,25739,0
21186,23520,1772
21187,25739,0
21188,25739,0
21189,19934,5024
21190,25739,0
21191,25702,28
21192,25102,492
21193,25739,0
21194,25739,0
21195,25739,0
21196,25739,0
21197,22838,2350
21198,25739,0
21199,25692,36
21200,25739,0
21201,25739,0
21202,25739,0
21203,25739,0
21204,25739,0
21205,25739,0
21206,25707,24
21207,25739,0
21208,25611,98
21209,25739,0
21210,25739,0
21211,25707,24
21212,25739,0
21213,25739,0
21214,25739,0
21215,25739,0
21216,25739,0
21217,25739,0
21218,25639,76
21219,25739,0
21220,25739,0
21221,25228,394
21222,23446,1834
21223,25739,0
21224,25702,28
21225,25739,0
21226,25739,0
21227,25739,0
21228,25739,0
21229,25739,0
21230,25739,0
21231,25739,0
21232,6772,26246
21233,25739,0
21234,25739,0
21235,25739,0
21236,25739,0
21237,25739,0
21238,15026,10580
21239,25739,0
21240,25739,0
21241,25739,0
21242,25739,0
21243,1,162479
21244,25739,0
21245,25739,0
21246,25739,0
21247,25707,24
21248,25702,28
21249,25739,0
21250,21765,3296
21251,25739,0
21252,25739,0
21253,25707,24
21254,25739,0
21255,25739,0
21256,25739,0
21257,24929,628
21258,25739,0
21259,25739,0
21260,25739,0
21261,25739,0
21262,25739,0
21263,25739,0
21264,25739,0
21265,25739,0
21266,25676,48
21267,25223,398
21268,25739,0
21269,25739,0
21270,25739,0
21271,25739,0
21272,25739,0
21273,25650,68
21274,25739,0
21275,25522,166
21276,1988,50338
21277,5905,28940
21278,25707,24
21279,25739,0
21280,25739,0
21281,25739,0
21282,25739,0
21283,25739,0
21284,25313,328
21285,24652,848
21286,24033,1348
21287,25739,0
21288,25739,0
21289,25739,0
21290,25707,24
21291,25613,96
21292,25739,0
21293,25739,0
21294,1215,60012
21295,25739,0
21296,25739,0
21297,25739,0
21298,14763,10926
21299,25739,0
21300,25739,0
21301,24308,1124
21302,25739,0
21303,25739,0
21304,25159,448
21305,25739,0
21306,25739,0
21307,25739,0
21308,25739,0
21309,25739,0
21310,25739,0
21311,25318,324
21312,25535,156
21313,25739,0
21314,19712,5244
21315,25739,0
21316,25739,0
21317,25739,0
21318,25707,24
21319,23310,1948
21320,25739,0
21321,25739,0
21322,25739,0
21323,24919,636
21324,25739,0
21325,25739,0
21326,25739,0
21327,25692,36
21328,25739,0
21329,25739,0
21330,25739,0
21331,25739,0
21332,25739,0
21333,25739,0
21334,25739,0
21335,23760,1572
21336,25739,0
21337,5828,29196
21338,25739,0
21339,25739,0
21340,24494,974
21341,25739,0
21342,24707,804
21343,20422,4548
21344,25739,0
21345,25739,0
21346,25702,28
21347,24657,844
21348,25739,0
21349,25739,0
21350,24778,748
21351,25739,0
21352,25739,0
21353,25739,0
21354,25739,0
21355,22766,2412
21356,25739,0
21357,25626,86
21358,25739,0
21359,25095,498
21360,25739,0
21361,25644,72
21362,25739,0
21363,25739,0
21364,25707,24
21365,25739,0
21366,25739,0
21367,25739,0
21368,25739,0
21369,24527,948
21370,25739,0
21371,25739,0
21372,25739,0
21373,25739,0
21374,25739,0
21375,25739,0
21376,25739,0
21377,24689,818
21378,25739,0
21379,25739,0
21380,20974,4024
21381,25739,0
21382,25739,0
21383,25739,0
21384,25739,0
21385,25613,96
21386,25739,0
21387,25739,0
21388,25702,28
21389,25488,192
21390,24612,880
21391,25739,0
21392,25707,24
21393,25535,156
21394,25702,28
21395,25739,0
21396,15400,10096
21397,25739,0
21398,25739,0
21399,25223,398
21400,13630,12496
21401,25739,0
21402,24492,976
21403,25739,0
21404,18590,6396
21405,25739,0
21406,25739,0
21407,25739,0
21408,25739,0
21409,25739,0
21410,25707,24
21411,25707,24
21412,25739,0
21413,25551,144
21414,25739,0
21415,25739,0
21416,25739,0
21417,22623,2536
21418,25036,544
21419,25739,0
21420,25739,0
21421,25692,36
21422,25739,0
21423,25739,0
21424,25739,0
21425,25644,72
21426,25739,0
21427,25644,72
21428,25739,0
21429,25739,0
21430,25739,0
21431,25739,0
21432,24934,624
21433,25739,0
21434,25739,0
21435,25739,0
21436,25739,0
21437,19532,5424
21438,25739,0
21439,25739,0
21440,25739,0
21441,25739,0
21442,25739,0
21443,25739,0
21444,23479,1806
21445,25739,0
21446,25739,0
21447,24715,798
21448,25551,144
21449,25739,0
21450,25739,0
21451,25739,0
21452,25739,0
21453,25739,0
21454,25739,0
21455,25739,0
21456,24778,748
21457,25739,0
21458,24232,1186
21459,23789,1548
21460,25739,0
21461,25739,0
21462,23734,1594
21463,25739,0
21464,9293,20024
21465,25739,0
21466,20910,4084
21467,25739,0
21468,25739,0
21469,25739,0
21470,25739,0
21471,25739,0
21472,25739,0
21473,25739,0
21474,23182,2056
21475,25739,0
21476,25739,0
21477,25739,0
21478,25739,0
21479,25739,0
21480,25739,0
21481,25739,0
21482,22235,2876
21483,25739,0
21484,25739,0
21485,23814,1528
21486,25739,0
21487,25707,24
21488,25739,0
21489,23339,1924
21490,25707,24
21491,25739,0
21492,25739,0
21493,25739,0
21494,25739,0
21495,25421,244
21496,25739,0
21497,25739,0
21498,25739,0
21499,25739,0
21500,25062,524
21501,21708,3348
21502,25739,0
21503,25739,0
21504,25739,0
21505,25739,0
21506,25739,0
21507,25707,24
21508,25671,52
21509,13121,13244
21510,25739,0
21511,3305,40348
21512,25739,0
21513,25681,44
21514,25739,0
21515,25739,0
21516,25644,72
21517,25739,0
21518,25739,0
21519,25551,144
21520,22131,2968
21521,25739,0
21522,6813,26126
21523,25739,0
21524,25739,0
21525,25739,0
21526,25739,0
21527,25600,106
21528,25739,0
21529,25739,0
21530,25739,0
21531,25582,120
21532,25739,0
21533,25739,0
21534,25739,0
21535,25702,28
21536,22055,3036
21537,25739,0
21538,22651,2512
21539,25739,0
21540,25739,0
21541,25739,0
21542,25739,0
21543,25739,0
21544,25739,0
21545,25707,24
21546,10383,17844
21547,7794,23484
21548,25739,0
21549,24778,748
21550,25739,0
21551,25739,0
21552,25739,0
21553,25739,0
21554,25739,0
21555,25739,0
21556,22810,2374
21557,25637,78
21558,23698,1624
21559,25739,0
21560,25739,0
21561,25739,0
21562,25739,0
21563,25470,206
21564,24682,824
21565,25739,0
21566,25739,0
21567,25707,24
21568,25739,0
21569,25739,0
21570,25739,0
21571,25613,96
21572,22042,3048
21573,25739,0
21574,25292,344
21575,25739,0
21576,22204,2904
21577,25739,0
21578,25739,0
21579,15261,10274
21580,25739,0
21581,25739,0
21582,25739,0
21583,25739,0
21584,25739,0
21585,25739,0
21586,25739,0
21587,25739,0
21588,25739,0
21589,25739,0
21590,25442,228
21591,25739,0
21592,25739,0
21593,25739,0
21594,24803,728
21595,25739,0
21596,25739,0
21597,25739,0
21598,25739,0
21599,25739,0
21600,25739,0
21601,25739,0
21602,25739,0
21603,24281,1146
21604,25739,0
21605,25739,0
21606,25739,0
21607,25676,48
21608,25739,0
21609,25739,0
21610,22623,2536
21611,25739,0
21612,25739,0
21613,25739,0
21614,17199,7924
21615,23683,1636
21616,25326,318
21617,25739,0
21618,25739,0
21619,25739,0
21620,24136,1264
21621,22069,3024
21622,25739,0
21623,24607,884
21624,23251,1998
21625,18013,7016
21626,25739,0
21627,25739,0
21628,25133,468
21629,23412,1862
21630,25739,0
21631,25739,0
21632,25739,0
21633,25629,84
21634,24138,1262
21635,25702,28
21636,25411,252
21637,25739,0
21638,25739,0
21639,25707,24
21640,25739,0
21641,25739,0
21642,24432,1024
21643,21270,3748
21644,15957,9398
21645,25739,0
21646,25739,0
21647,25707,24
21648,18734,6244
21649,25739,0
21650,25577,124
21651,25739,0
21652,25739,0
21653,24432,1024
21654,24803,728
21655,25739,0
21656,20948,4048
21657,25739,0
21658,25314,327
21659,25739,0
21660,25676,48
21661,25739,0
21662,1788,52424
21663,24929,628
21664,25739,0
21665,25707,24
21666,25739,0
21667,25739,0
21668,25739,0
21669,25739,0
21670,24033,1348
21671,25551,144
21672,25707,24
21673,25739,0
21674,25546,148
21675,25692,36
21676,25739,0
21677,25739,0
21678,25707,24
21679,25739,0
21680,25707,24
21681,25739,0
21682,25739,0
21683,25739,0
21684,25739,0
21685,25739,0
21686,25739,0
21687,25665,56
21688,23234,2012
21689,19224,5736
21690,19542,5414
21691,25739,0
21692,4373,34844
21693,25739,0
21694,25739,0
21695,25626,86
21696,25739,0
21697,25707,24
21698,25385,272
21699,25707,24
21700,25739,0
21701,25125,474
21702,25739,0
21703,25447,224
21704,25739,0
21705,25739,0
21706,25739,0
21707,25739,0
21708,25138,464
21709,25739,0
21710,25739,0
21711,24808,724
21712,25739,0
21713,25739,0
21714,25739,0
21715,25354,296
21716,25739,0
21717,25739,0
21718,25739,0
21719,25739,0
21720,25739,0
21721,25164,444
21722,25644,72
21723,24778,748
21724,25739,0
21725,25739,0
21726,25739,0
21727,25739,0
21728,25739,0
21729,25059,526
21730,25739,0
21731,25739,0
21732,25739,0
21733,25739,0
21734,25739,0
21735,25739,0
21736,25739,0
21737,25739,0
21738,25739,0
21739,24589,898
21740,19756,5200
21741,25739,0
21742,25739,0
21743,25739,0
21744,25739,0
21745,17294,7816
21746,16740,8456
21747,25739,0
21748,22403,2728
21749,25739,0
21750,21845,3224
21751,25634,80
21752,25739,0
21753,22727,2446
21754,25739,0
21755,25739,0
21756,25739,0
21757,25169,440
21758,25739,0
21759,25739,0
21760,25739,0
21761,25707,24
21762,25739,0
21763,24557,924
21764,25739,0
21765,22406,2726
21766,25739,0
21767,25133,468
21768,25676,48
21769,25739,0
21770,25739,0
21771,15255,10282
21772,24256,1166
21773,25189,424
21774,20325,4642
21775,25739,0
21776,25739,0
21777,25739,0
21778,25692,36
21779,25707,24
21780,25739,0
21781,25739,0
21782,25739,0
21783,25739,0
21784,25739,0
21785,25739,0
21786,24427,1028
21787,25739,0
21788,25707,24
21789,25739,0
21790,22238,2874
21791,25739,0
21792,25739,0
21793,23206,2036
21794,25739,0
21795,25739,0
21796,25739,0
21797,25739,0
21798,25739,0
21799,25739,0
21800,25739,0
21801,25739,0
21802,25739,0
21803,25739,0
21804,25739,0
21805,25639,76
21806,25739,0
21807,25739,0
21808,25739,0
21809,25739,0
21810,22897,2300
21811,25739,0
21812,25164,444
21813,18620,6364
21814,25739,0
21815,25739,0
21816,25739,0
21817,25739,0
21818,25739,0
21819,25739,0
21820,25707,24
21821,25707,24
21822,25739,0
21823,25739,0
21824,25739,0
21825,24998,574
21826,25739,0
21827,25739,0
21828,25739,0
21829,21936,3142
21830,25739,0
21831,25739,0
21832,25739,0
21833,25739,0
21834,25739,0
21835,24604,886
21836,25739,0
21837,25582,120
21838,20031,4928
21839,25739,0
21840,25692,36
21841,25739,0
21842,25739,0
21843,25739,0
21844,25739,0
21845,25739,0
21846,21188,3824
21847,25739,0
21848,25739,0
21849,25739,0
21850,25739,0
21851,25707,24
21852,24155,1248
21853,25739,0
21854,24308,1124
21855,25739,0
21856,25739,0
21857,25707,24
21858,25739,0
21859,25739,0
21860,25739,0
21861,17848,7196
21862,25739,0
21863,25739,0
21864,25739,0
21865,25739,0
21866,25739,0
21867,25382,274
21868,25739,0
21869,25739,0
21870,25739,0
21871,25739,0
21872,25702,28
21873,23698,1624
21874,25739,0
21875,25739,0
21876,25739,0
21877,25739,0
21878,25676,48
21879,25036,544
21880,25739,0
21881,25707,24
21882,25739,0
21883,25200,416
21884,25739,0
21885,25739,0
21886,25739,0
21887,24808,724
21888,25739,0
21889,23039,2178
21890,25692,36
21891,25739,0
21892,24224,1192
21893,25739,0
21894,25707,24
21895,25095,498
21896,25739,0
21897,25248,378
21898,25707,24
21899,25739,0
21900,25739,0
21901,24274,1152
21902,25739,0
21903,25676,48
21904,25739,0
21905,25707,24
21906,25739,0
21907,25665,56
21908,25481,198
21909,25431,236
21910,25739,0
21911,25739,0
21912,25739,0
21913,25739,0
21914,25739,0
21915,24158,1246
21916,25739,0
21917,24557,924
21918,25062,524
21919,25739,0
21920,25739,0
21921,25739,0
21922,25739,0
21923,25739,0
21924,25739,0
21925,25650,68
21926,24929,628
21927,25739,0
21928,25739,0
21929,25287,348
21930,23515,1776
21931,23386,1884
21932,18345,6656
21933,25739,0
21934,25739,0
21935,25702,28
21936,25739,0
21937,25739,0
21938,25540,152
21939,25739,0
21940,25739,0
21941,25739,0
21942,25739,0
21943,25739,0
21944,25739,0
21945,25739,0
21946,25739,0
21947,25572,128
21948,25739,0
21949,25739,0
21950,25739,0
21951,25739,0
21952,25739,0
21953,25739,0
21954,25739,0
21955,25739,0
21956,25739,0
21957,25739,0
21958,25739,0
21959,25739,0
21960,24303,1128
21961,25739,0
21962,25739,0
21963,25739,0
21964,25739,0
21965,25551,144
21966,25739,0
21967,25692,36
21968,25739,0
21969,25739,0
21970,25707,24
21971,25739,0
21972,25739,0
21973,25739,0
21974,25739,0
21975,25739,0
21976,25739,0
21977,25739,0
21978,25739,0
21979,25739,0
21980,17375,7724
21981,25739,0
21982,25739,0
21983,23517,1774
21984,25125,474
21985,25739,0
21986,25739,0
21987,24929,628
21988,25676,48
21989,25739,0
21990,25739,0
21991,25739,0
21992,25739,0
21993,25739,0
21994,25739,0
21995,25739,0
21996,25739,0
21997,25377,278
21998,25739,0
21999,25739,0
22000,25739,0
22001,25613,96
22002,25739,0
22003,25739,0
22004,24126,1272
22005,25707,24
22006,25681,44
22007,25739,0
22008,25707,24
22009,24229,1188
22010,25739,0
22011,25739,0
22012,25739,0
22013,25613,96
22014,25739,0
22015,25739,0
22016,25739,0
22017,25707,24
22018,23698,1624
22019,25739,0
22020,25739,0
22021,25702,28
22022,25739,0
22023,24047,1336
22024,25739,0
22025,25739,0
22026,25739,0
22027,25739,0
22028,25739,0
22029,25739,0
22030,21732,3326
22031,25739,0
22032,20711,4272
22033,19224,5736
22034,23192,2048
22035,25676,48
22036,25739,0
22037,25739,0
22038,25739,0
22039,25739,0
22040,16014,9328
22041,25739,0
22042,25702,28
22043,25085,506
22044,25739,0
22045,25739,0
22046,25739,0
22047,25739,0
22048,25739,0
22049,25739,0
22050,25739,0
22051,25739,0
22052,25318,324
22053,25613,96
22054,25739,0
22055,25613,96
22056,25739,0
22057,25739,0
22058,25739,0
22059,25739,0
22060,22609,2548
22061,25148,456
22062,25739,0
22063,25613,96
22064,24303,1128
22065,25739,0
22066,25739,0
22067,25739,0
22068,25739,0
22069,25739,0
22070,25739,0
22071,25739,0
22072,25739,0
22073,23192,2048
22074,25639,76
22075,25739,0
22076,25739,0
22077,25692,36
22078,25739,0
22079,25739,0
22080,25739,0
22081,25739,0
22082,24695,814
22083,25739,0
22084,25595,110
22085,1814,52140
22086,25739,0
22087,25739,0
22088,25739,0
22089,25290,346
22090,25707,24
22091,25739,0
22092,24904,648
22093,25739,0
22094,25739,0
22095,13789,12268
22096,25739,0
22097,25739,0
22098,25739,0
22099,25739,0
22100,19861,5096
22101,25739,0
22102,24145,1256
22103,22864,2328
22104,25707,24
22105,25739,0
22106,25739,0
22107,25739,0
22108,24752,768
22109,25739,0
22110,25707,24
22111,25739,0
22112,25739,0
22113,21490,3546
22114,25739,0
22115,25739,0
22116,24998,574
22117,25739,0
22118,25739,0
22119,25739,0
22120,25739,0
22121,25739,0
22122,25739,0
22123,24303,1128
22124,24241,1178
22125,25739,0
22126,25739,0
22127,16618,8600
22128,25707,24
22129,25739,0
22130,25739,0
22131,25739,0
22132,15642,9790
22133,25707,24
22134,25739,0
22135,19201,5760
22136,25739,0
22137,25739,0
22138,25739,0
22139,25692,36
22140,24303,1128
22141,25739,0
22142,7188,25074
22143,25739,0
22144,25551,144
22145,25739,0
22146,25739,0
22147,25739,0
22148,25739,0
22149,23256,1994
22150,25739,0
22151,25739,0
22152,25739,0
22153,25739,0
22154,25739,0
22155,25739,0
22156,25707,24
22157,25739,0
22158,25739,0
22159,25395,264
22160,25739,0
22161,25739,0
22162,25739,0
22163,25739,0
22164,25739,0
22165,25739,0
22166,25739,0
22167,25739,0
22168,25739,0
22169,25207,410
22170,25739,0
22171,25692,36
22172,25739,0
22173,23828,1516
22174,25739,0
22175,25739,0
22176,24682,824
22177,25739,0
22178,25739,0
22179,25739,0
22180,25702,28
22181,25739,0
22182,25739,0
22183,22934,2268
22184,25739,0
22185,22580,2574
22186,25739,0
22187,25739,0
22188,25739,0
22189,25540,152
22190,25739,0
22191,25739,0
22192,25739,0
22193,19287,5672
22194,25739,0
22195,25739,0
22196,25739,0
22197,25739,0
22198,25739,0
22199,25739,0
22200,25739,0
22201,25739,0
22202,25739,0
22203,25739,0
22204,25739,0
22205,22351,2774
22206,25739,0
22207,25739,0
22208,25739,0
22209,25739,0
22210,25707,24
22211,25566,132
22212,25739,0
22213,25739,0
22214,25611,98
22215,22552,2598
22216,25739,0
22217,24472,992
22218,25739,0
22219,25592,112
22220,25739,0
22221,25739,0
22222,25739,0
22223,25739,0
22224,25739,0
22225,25739,0
22226,25739,0
22227,17029,8120
22228,25739,0
22229,25739,0
22230,25739,0
22231,25739,0
22232,25739,0
22233,25739,0
22234,25626,86
22235,25702,28
22236,25739,0
22237,23334,1928
22238,25671,52
22239,25256,372
22240,25739,0
22241,25561,136
22242,25739,0
22243,25739,0
22244,1988,50336
22245,25739,0
22246,25692,36
22247,25739,0
22248,24096,1296
22249,24432,1024
22250,25739,0
22251,25707,24
22252,25739,0
22253,24934,624
22254,25739,0
22255,25739,0
22256,25739,0
22257,25739,0
22258,25739,0
22259,25739,0
22260,25739,0
22261,25739,0
22262,25613,96
22263,24682,824
22264,25739,0
22265,25739,0
22266,25739,0
22267,22922,2278
22268,25739,0
22269,25739,0
22270,25739,0
22271,25739,0
22272,25739,0
22273,25739,0
22274,25739,0
22275,23852,1496
22276,25739,0
22277,25739,0
22278,25739,0
22279,25739,0
22280,25739,0
22281,25739,0
22282,25739,0
22283,25318,324
22284,25739,0
22285,25739,0
22286,25739,0
22287,23621,1688
22288,25739,0
22289,25739,0
22290,16875,8298
22291,25739,0
22292,25739,0
22293,25739,0
22294,24778,748
22295,25739,0
22296,25739,0
22297,25707,24
22298,25739,0
22299,25739,0
22300,25739,0
22301,25692,36
22302,25739,0
22303,25739,0
22304,25739,0
22305,25676,48
22306,25739,0
22307,25739,0
22308,25739,0
22309,25164,444
22310,25739,0
22311,25739,0
22312,25739,0
22313,25062,524
22314,25739,0
22315,25739,0
22316,25739,0
22317,25676,48
22318,25113,484
22319,25739,0
22320,25739,0
22321,25739,0
22322,25475,202
22323,25739,0
22324,21255,3762
22325,20558,4418
22326,25739,0
22327,15816,9572
22328,25739,0
22329,25739,0
22330,22899,2298
22331,25739,0
22332,25707,24
22333,25739,0
22334,25739,0
22335,25739,0
22336,25431,236
22337,25739,0
22338,25739,0
22339,25739,0
22340,25739,0
22341,25739,0
22342,25739,0
22343,25739,0
22344,25739,0
22345,25072,516
22346,25739,0
22347,25739,0
22348,25739,0
22349,24742,776
22350,25739,0
22351,25739,0
22352,25702,28
22353,25739,0
22354,25739,0
22355,23544,1752
22356,25739,0
22357,25739,0
22358,25739,0
22359,22612,2546
22360,25707,24
22361,25566,132
22362,22508,2636
22363,25739,0
22364,25739,0
22365,23334,1928
22366,25707,24
22367,25644,72
22368,25739,0
22369,25739,0
22370,25739,0
22371,25739,0
22372,24674,830
22373,25739,0
22374,24254,1168
22375,25739,0
22376,25739,0
22377,25739,0
22378,25739,0
22379,1533,55448
22380,25739,0
22381,25739,0
22382,25739,0
22383,25739,0
22384,23396,1876
22385,25739,0
22386,25739,0
22387,23693,1628
22388,25739,0
22389,25421,244
22390,25707,24
22391,23260,1990
22392,25739,0
22393,25739,0
22394,25739,0
22395,25739,0
22396,23879,1474
22397,25739,0
22398,25739,0
22399,25739,0
22400,22841,2348
22401,25739,0
22402,24549,930
22403,24592,896
22404,25739,0
22405,25739,0
22406,25161,446
22407,25739,0
22408,21916,3160
22409,22127,2972
22410,25488,192
22411,25739,0
22412,25739,0
22413,25613,96
22414,25739,0
22415,25739,0
22416,25739,0
22417,25739,0
22418,24303,1128
22419,25739,0
22420,25546,148
22421,23549,1748
22422,25739,0
22423,25739,0
22424,25739,0
22425,25739,0
22426,25739,0
22427,25739,0
22428,25739,0
22429,25739,0
22430,25739,0
22431,25739,0
22432,25739,0
22433,25254,374
22434,25739,0
22435,24899,652
22436,25318,324
22437,25133,468
22438,25739,0
22439,24998,574
22440,25739,0
22441,25189,424
22442,25739,0
22443,25739,0
22444,25739,0
22445,25496,186
22446,25642,74
22447,25739,0
22448,25739,0
22449,25739,0
22450,25739,0
22451,25739,0
22452,25739,0
22453,25739,0
22454,25739,0
22455,25739,0
22456,25707,24
22457,25739,0
22458,25739,0
22459,25739,0
22460,25739,0
22461,25739,0
22462,25739,0
22463,25739,0
22464,23220,2024
22465,25692,36
22466,24934,624
22467,25739,0
22468,25739,0
22469,25739,0
22470,24494,974
22471,25707,24
22472,25739,0
22473,25707,24
22474,25739,0
22475,25739,0
22476,25739,0
22477,25739,0
22478,25739,0
22479,25739,0
22480,25739,0
22481,25739,0
22482,19053,5912
22483,25739,0
22484,25739,0
22485,25739,0
22486,19532,5424
22487,25739,0
22488,25739,0
22489,25287,348
22490,25739,0
22491,25739,0
22492,25739,0
22493,25739,0
22494,25739,0
22495,25739,0
22496,25739,0
22497,25739,0
22498,25739,0
22499,25739,0
22500,20240,4724
22501,23133,2098
22502,25739,0
22503,25739,0
22504,24502,968
22505,25681,44
22506,25739,0
22507,25739,0
22508,22985,2224
22509,25739,0
22510,25629,84
22511,19897,5060
22512,25739,0
22513,25739,0
22514,25318,324
22515,25739,0
22516,25739,0
22517,25159,448
22518,25277,356
22519,6491,27078
22520,25077,512
22521,25739,0
22522,25739,0
22523,25739,0
22524,25739,0
22525,25739,0
22526,25739,0
22527,25739,0
22528,24617,876
22529,25739,0
22530,25739,0
22531,25739,0
22532,25031,548
22533,25739,0
22534,25739,0
22535,25739,0
22536,24589,898
22537,20031,4928
22538,25739,0
22539,25739,0
22540,25739,0
22541,25739,0
22542,25382,274
22543,16263,9024
22544,25676,48
22545,25739,0
22546,23908,1450
22547,25707,24
22548,25739,0
22549,25739,0
22550,25739,0
22551,25739,0
22552,25739,0
22553,25739,0
22554,25739,0
22555,25739,0
22556,25739,0
22557,25739,0
22558,25692,36
22559,25739,0
22560,25357,294
22561,25739,0
22562,25702,28
22563,18252,6756
22564,25739,0
22565,21734,3324
22566,25739,0
22567,25739,0
22568,25269,362
22569,25739,0
22570,25739,0
22571,22955,2250
22572,25739,0
22573,25676,48
22574,25702,28
22575,25739,0
22576,25739,0
22577,25739,0
22578,24232,1186
22579,25739,0
22580,24783,744
22581,22258,2856
22582,25601,105
22583,25739,0
22584,25739,0
22585,25739,0
22586,25059,526
22587,25739,0
22588,25739,0
22589,478,78352
22590,25739,0
22591,24435,1022
22592,25739,0
22593,25739,0
22594,25739,0
22595,25056,528
22596,25739,0
22597,25739,0
22598,23635,1676
22599,25739,0
22600,25382,274
22601,25642,74
22602,25739,0
22603,24269,1156
22604,24962,602
22605,25739,0
22606,25739,0
22607,25739,0
22608,24241,1178
22609,25739,0
22610,25739,0
22611,25739,0
22612,25739,0
22613,25739,0
22614,18212,6800
22615,25551,144
22616,25166,442
22617,25739,0
22618,25739,0
22619,25739,0
22620,25739,0
22621,25702,28
22622,25739,0
22623,25739,0
22624,25739,0
22625,25739,0
22626,22810,2374
22627,25739,0
22628,25739,0
22629,25739,0
22630,25739,0
22631,1,500278
22632,25739,0
22633,25702,28
22634,17687,7374
22635,25739,0
22636,25390,268
22637,25739,0
22638,22864,2328
22639,25739,0
22640,25739,0
22641,25739,0
22642,25739,0
22643,20078,4882
22644,25739,0
22645,23879,1474
22646,23365,1902
22647,25739,0
22648,25739,0
22649,25739,0
22650,25707,24
22651,23365,1902
22652,25551,144
22653,25739,0
22654,25707,24
22655,25739,0
22656,25739,0
22657,25011,564
22658,25665,56
22659,25739,0
22660,25577,124
22661,25739,0
22662,25739,0
22663,24934,624
22664,25739,0
22665,25739,0
22666,25707,24
22667,24293,1136
22668,25739,0
22669,25739,0
22670,25739,0
22671,25707,24
22672,25739,0
22673,25125,474
22674,25739,0
22675,25608,100
22676,25739,0
22677,25739,0
22678,25739,0
22679,25739,0
22680,25739,0
22681,25739,0
22682,25095,498
22683,25739,0
22684,25739,0
22685,25739,0
22686,24259,1164
22687,22790,2392
22688,24929,628
22689,25739,0
22690,25634,80
22691,23814,1528
22692,25739,0
22693,25739,0
22694,25739,0
22695,25739,0
22696,25056,528
22697,20656,4324
22698,25739,0
22699,25739,0
22700,25739,0
22701,25739,0
22702,25739,0
22703,23814,1528
22704,25739,0
22705,25739,0
22706,25739,0
22707,25739,0
22708,25739,0
22709,2015,50074
22710,25739,0
22711,25739,0
22712,25739,0
22713,25739,0
22714,23298,1958
22715,24382,1064
22716,25707,24
22717,25739,0
22718,25739,0
22719,24929,628
22720,25702,28
22721,25739,0
22722,25739,0
22723,25739,0
22724,25739,0
22725,25739,0
22726,25739,0
22727,25739,0
22728,25582,120
22729,21510,3528
22730,25739,0
22731,25739,0
22732,25707,24
22733,23782,1554
22734,25739,0
22735,25739,0
22736,25739,0
22737,25739,0
22738,25739,0
22739,25739,0
22740,25739,0
22741,25739,0
22742,25739,0
22743,25739,0
22744,25739,0
22745,25739,0
22746,25739,0
22747,25739,0
22748,24657,844
22749,24377,1068
22750,25660,60
22751,25739,0
22752,25739,0
22753,24652,848
22754,24308,1124
22755,2013,50094
22756,25676,48
22757,25739,0
22758,1959,50628
22759,25739,0
22760,25739,0
22761,25189,424
22762,25739,0
22763,22552,2598
22764,25739,0
22765,25739,0
22766,25739,0
22767,22582,2572
22768,25739,0
22769,25739,0
22770,16022,9318
22771,25739,0
22772,25739,0
22773,25603,104
22774,25707,24
22775,25739,0
22776,25739,0
22777,25739,0
22778,25739,0
22779,25613,96
22780,25739,0
22781,24863,680
22782,25739,0
22783,25739,0
22784,25739,0
22785,25739,0
22786,25739,0
22787,25739,0
22788,25739,0
22789,25739,0
22790,7043,25474
22791,25739,0
22792,25739,0
22793,25707,24
22794,25739,0
22795,25739,0
22796,25626,86
22797,25739,0
22798,25739,0
22799,25739,0
22800,25577,124
22801,25739,0
22802,25665,56
22803,24269,1156
22804,25739,0
22805,25739,0
22806,25739,0
22807,25739,0
22808,25739,0
22809,25739,0
22810,25739,0
22811,25739,0
22812,25739,0
22813,25739,0
22814,25676,48
22815,25739,0
22816,25739,0
22817,25739,0
22818,25702,28
22819,25739,0
22820,24557,924
22821,22287,2830
22822,25739,0
22823,25739,0
22824,23315,1944
22825,25739,0
22826,25739,0
22827,25739,0
22828,25739,0
22829,7120,25262
22830,25739,0
22831,22575,2578
22832,25739,0
22833,25692,36
22834,23534,1760
22835,23154,2080
22836,25739,0
22837,25739,0
22838,25739,0
22839,25739,0
22840,25739,0
22841,25707,24
22842,1992,50296
22843,25739,0
22844,25739,0
22845,25676,48
22846,25739,0
22847,25739,0
22848,25739,0
22849,25739,0
22850,25062,524
22851,23794,1544
22852,25739,0
22853,25739,0
22854,25739,0
22855,25739,0
22856,22408,2724
22857,25739,0
22858,25739,0
22859,25707,24
22860,23098,2128
22861,25739,0
22862,25739,0
22863,25739,0
22864,25702,28
22865,25739,0
22866,25739,0
22867,25739,0
22868,25739,0
22869,25665,56
22870,23996,1378
22871,25739,0
22872,24445,1014
22873,25702,28
22874,25739,0
22875,25739,0
22876,25739,0
22877,17043,8104
22878,25665,56
22879,25702,28
22880,25739,0
22881,25739,0
22882,25739,0
22883,25739,0
22884,22706,2464
22885,25739,0
22886,25613,96
22887,25739,0
22888,23336,1926
22889,25739,0
22890,25739,0
22891,22499,2644
22892,25351,298
22893,22134,2966
22894,25739,0
22895,25739,0
22896,25639,76
22897,25739,0
22898,23977,1394
22899,25739,0
22900,25707,24
22901,25739,0
22902,25739,0
22903,24783,744
22904,25184,428
22905,25702,28
22906,25739,0
22907,25739,0
22908,25739,0
22909,25739,0
22910,6974,25668
22911,25739,0
22912,25676,48
22913,25739,0
22914,25739,0
22915,25739,0
22916,25739,0
22917,25676,48
22918,25739,0
22919,25739,0
22920,25739,0
22921,21150,3860
22922,23984,1388
22923,25692,36
22924,25739,0
22925,25739,0
22926,25676,48
22927,25739,0
22928,25739,0
22929,25739,0
22930,23216,2028
22931,25739,0
22932,25739,0
22933,25739,0
22934,22739,2436
22935,25739,0
22936,25739,0
22937,25739,0
22938,25739,0
22939,25739,0
22940,25702,28
22941,25442,228
22942,25739,0
22943,25707,24
22944,25739,0
22945,25739,0
22946,25739,0
22947,25739,0
22948,25707,24
22949,23443,1836
22950,25739,0
22951,25739,0
22952,24417,1036
22953,20848,4142
22954,25739,0
22955,24254,1168
22956,25739,0
22957,25739,0
22958,25739,0
22959,25739,0
22960,24502,968
22961,25739,0
22962,25739,0
22963,25739,0
22964,25613,96
22965,25739,0
22966,25739,0
22967,25702,28
22968,25739,0
22969,25707,24
22970,25739,0
22971,24879,668
22972,14874,10780
22973,24430,1026
22974,25739,0
22975,25739,0
22976,21872,3200
22977,25739,0
22978,25692,36
22979,25676,48
22980,25739,0
22981,25739,0
22982,25739,0
22983,23341,1922
22984,25671,52
22985,25739,0
22986,24841,698
22987,25707,24
22988,25739,0
22989,25707,24
22990,25665,56
22991,25739,0
22992,25739,0
22993,25739,0
22994,25739,0
22995,24308,1124
22996,23159,2076
22997,25676,48
22998,25702,28
22999,25676,48
23000,25739,0
23001,25692,36
23002,25739,0
23003,25692,36
23004,25671,52
23005,25739,0
23006,25739,0
23007,25739,0
23008,25739,0
23009,25676,48
23010,25739,0
23011,25739,0
23012,21600,3446
23013,25739,0
23014,25739,0
23015,25739,0
23016,25739,0
23017,25739,0
23018,25739,0
23019,25660,60
23020,25739,0
23021,25739,0
23022,25739,0
23023,25707,24
23024,25739,0
23025,24692,816
23026,25739,0
23027,25739,0
23028,25739,0
23029,25390,268
23030,25739,0
23031,25739,0
23032,25474,203
23033,25739,0
23034,25739,0
23035,25739,0
23036,23192,2048
23037,25577,124
23038,25739,0
23039,25739,0
23040,25739,0
23041,25676,48
23042,25739,0
23043,25739,0
23044,25739,0
23045,25739,0
23046,25739,0
23047,25739,0
23048,25739,0
23049,25739,0
23050,25739,0
23051,25739,0
23052,25739,0
23053,25739,0
23054,25739,0
23055,25739,0
23056,25739,0
23057,25739,0
23058,25739,0
23059,25036,544
23060,25739,0
23061,25739,0
23062,25739,0
23063,25739,0
23064,24682,824
23065,22522,2624
23066,23753,1578
23067,18797,6178
23068,25739,0
23069,24932,626
23070,25739,0
23071,25739,0
23072,20539,4436
23073,25739,0
23074,25739,0
23075,25739,0
23076,25739,0
23077,25739,0
23078,14863,10794
23079,25739,0
23080,25021,556
23081,25739,0
23082,25739,0
23083,25406,256
23084,25739,0
23085,25739,0
23086,25739,0
23087,25739,0
23088,25739,0
23089,25739,0
23090,25739,0
23091,25739,0
23092,25702,28
23093,25739,0
23094,20187,4776
23095,25159,448
23096,25739,0
23097,25739,0
23098,25739,0
23099,25739,0
23100,25739,0
23101,25739,0
23102,25393,266
23103,25739,0
23104,25739,0
23105,25739,0
23106,25739,0
23107,25739,0
23108,25739,0
23109,25739,0
23110,25739,0
23111,25739,0
23112,25739,0
23113,13525,12648
23114,25739,0
23115,25739,0
23116,25739,0
23117,25031,548
23118,25577,124
23119,24617,876
23120,25739,0
23121,25739,0
23122,25739,0
23123,25739,0
23124,25123,476
23125,1796,52336
23126,24365,1078
23127,25739,0
23128,24306,1126
23129,23460,1822
23130,25310,330
23131,25702,28
23132,25739,0
23133,7205,25028
23134,23964,1404
23135,25739,0
23136,25739,0
23137,25739,0
23138,25739,0
23139,25739,0
23140,25739,0
23141,25739,0
23142,25739,0
23143,25739,0
23144,25739,0
23145,25739,0
23146,25739,0
23147,25739,0
23148,25739,0
23149,25739,0
23150,25739,0
23151,25421,244
23152,24934,624
23153,25739,0
23154,25739,0
23155,25739,0
23156,25707,24
23157,25739,0
23158,25739,0
23159,25739,0
23160,23453,1828
23161,25707,24
23162,25644,72
23163,24720,794
23164,25739,0
23165,25739,0
23166,25021,556
23167,25395,264
23168,25644,72
23169,25739,0
23170,25011,564
23171,13292,12990
23172,24843,696
23173,20745,4240
23174,25739,0
23175,18465,6528
23176,25739,0
23177,23693,1628
23178,25739,0
23179,25707,24
23180,25739,0
23181,25739,0
23182,25739,0
23183,25447,224
23184,25739,0
23185,25739,0
23186,25739,0
23187,25739,0
23188,25739,0
23189,25739,0
23190,10897,16896
23191,25603,104
23192,25739,0
23193,25739,0
23194,25644,72
23195,25739,0
23196,25739,0
23197,24934,624
23198,25739,0
23199,25739,0
23200,25739,0
23201,25739,0
23202,24062,1324
23203,25739,0
23204,25739,0
23205,25739,0
23206,23789,1548
23207,25739,0
23208,22934,2268
23209,25676,48
23210,25739,0
23211,25603,104
23212,25739,0
23213,25739,0
23214,25739,0
23215,25739,0
23216,25739,0
23217,20418,4552
23218,25739,0
23219,25739,0
23220,22766,2412
23221,25739,0
23222,24914,640
23223,25577,124
23224,16961,8198
23225,25739,0
23226,25644,72
23227,22342,2782
23228,22632,2528
23229,25739,0
23230,25212,406
23231,25739,0
23232,25739,0
23233,24557,924
23234,25676,48
23235,25739,0
23236,25739,0
23237,25739,0
23238,5831,29186
23239,25739,0
23240,25739,0
23241,25739,0
23242,25739,0
23243,25739,0
23244,25739,0
23245,25739,0
23246,25739,0
23247,25739,0
23248,25739,0
23249,25739,0
23250,25739,0
23251,25739,0
23252,25739,0
23253,25095,498
23254,25739,0
23255,25707,24
23256,25739,0
23257,25739,0
23258,25707,24
23259,25613,96
23260,25739,0
23261,25739,0
23262,25739,0
23263,21963,3118
23264,18612,6372
23265,25382,274
23266,23140,2092
23267,1798,52318
23268,25739,0
23269,25739,0
23270,24682,824
23271,25739,0
23272,25739,0
23273,25421,244
23274,21543,3498
23275,25739,0
23276,22064,3028
23277,25313,328
23278,25739,0
23279,23940,1424
23280,25739,0
23281,25739,0
23282,25739,0
23283,24993,578
23284,23206,2036
23285,25739,0
23286,25739,0
23287,25739,0
23288,25707,24
23289,25739,0
23290,25739,0
23291,8429,21942
23292,22864,2328
23293,25739,0
23294,25739,0
23295,25739,0
23296,25739,0
23297,23710,1614
23298,19018,5948
23299,25739,0
23300,25148,456
23301,25739,0
23302,25739,0
23303,24657,844
23304,25739,0
23305,25739,0
23306,25739,0
23307,25739,0
23308,25739,0
23309,25739,0
23310,25141,462
23311,22906,2292
23312,25692,36
23313,25739,0
23314,25739,0
23315,25739,0
23316,25739,0
23317,24358,1084
23318,23018,2196
23319,25739,0
23320,25739,0
23321,25707,24
23322,25739,0
23323,25739,0
23324,22235,2876
23325,25739,0
23326,25739,0
23327,25739,0
23328,25739,0
23329,25739,0
23330,25739,0
23331,25447,224
23332,25739,0
23333,25739,0
23334,25739,0
23335,25739,0
23336,25739,0
23337,25739,0
23338,23234,2012
23339,25739,0
23340,25739,0
23341,25739,0
23342,25739,0
23343,25739,0
23344,25739,0
23345,25739,0
23346,24249,1172
23347,25739,0
23348,25707,24
23349,25739,0
23350,25739,0
23351,25739,0
23352,25739,0
23353,25739,0
23354,25036,544
23355,25739,0
23356,22927,2274
23357,25739,0
23358,25739,0
23359,25707,24
23360,25739,0
23361,25702,28
23362,25377,278
23363,25739,0
23364,25739,0
23365,21184,3828
23366,25692,36
23367,25739,0
23368,1,204256
23369,25739,0
23370,25739,0
23371,25739,0
23372,25739,0
23373,25739,0
23374,23334,1928
23375,25739,0
23376,25739,0
23377,25739,0
23378,25739,0
23379,25739,0
23380,25739,0
23381,25739,0
23382,25739,0
23383,25739,0
23384,25692,36
23385,25739,0
23386,25739,0
23387,22586,2568
23388,25739,0
23389,25739,0
23390,25739,0
23391,25739,0
23392,25739,0
23393,25739,0
23394,25739,0
23395,25739,0
23396,25494,188
23397,25665,56
23398,25739,0
23399,25739,0
23400,24542,936
23401,24934,624
23402,25739,0
23403,25442,228
23404,25707,24
23405,25739,0
23406,25739,0
23407,11116,16504
23408,25739,0
23409,25739,0
23410,25739,0
23411,25739,0
23412,25739,0
23413,25739,0
23414,25739,0
23415,25739,0
23416,24432,1024
23417,25707,24
23418,25034,546
23419,25739,0
23420,25739,0
23421,25382,274
23422,25739,0
23423,25739,0
23424,25739,0
23425,25739,0
23426,25739,0
23427,25739,0
23428,25739,0
23429,25707,24
23430,25739,0
23431,25739,0
23432,25739,0
23433,25739,0
23434,25739,0
23435,25739,0
23436,25739,0
23437,25739,0
23438,25739,0
23439,25739,0
23440,25739,0
23441,25739,0
23442,25739,0
23443,25702,28
23444,25739,0
23445,25739,0
23446,24622,872
23447,25223,398
23448,25707,24
23449,25739,0
23450,25739,0
23451,25739,0
23452,25739,0
23453,25739,0
23454,25739,0
23455,20974,4024
23456,25739,0
23457,22306,2814
23458,25739,0
23459,25739,0
23460,25739,0
23461,25739,0
23462,25248,378
23463,25739,0
23464,25739,0
23465,25739,0
23466,25739,0
23467,25665,56
23468,25739,0
23469,25375,280
23470,25739,0
23471,25739,0
23472,25739,0
23473,25125,474
23474,25739,0
23475,25739,0
23476,25707,24
23477,25739,0
23478,25739,0
23479,25574,126
23480,25739,0
23481,25692,36
23482,24557,924
23483,25739,0
23484,22385,2744
23485,25739,0
23486,24577,908
23487,25739,0
23488,13733,12348
23489,25739,0
23490,25702,28
23491,25739,0
23492,25739,0
23493,25702,28
23494,25739,0
23495,25739,0
23496,25739,0
23497,19877,5080
23498,25739,0
23499,25739,0
23500,25634,80
23501,25739,0
23502,25739,0
23503,25739,0
23504,25739,0
23505,25739,0
23506,25739,0
23507,25739,0
23508,21640,3409
23509,25676,48
23510,25739,0
23511,25739,0
23512,25665,56
23513,25739,0
23514,25739,0
23515,25739,0
23516,25739,0
23517,24894,656
23518,23891,1464
23519,25739,0
23520,25739,0
23521,25739,0
23522,25702,28
23523,25184,428
23524,23448,1832
23525,24752,768
23526,25739,0
23527,25739,0
23528,25739,0
23529,25739,0
23530,25739,0
23531,25739,0
23532,25739,0
23533,24993,578
23534,25702,28
23535,25739,0
23536,25707,24
23537,25739,0
23538,25739,0
23539,22981,2228
23540,25739,0
23541,25739,0
23542,25739,0
23543,22294,2824
23544,25671,52
23545,25739,0
23546,23592,1712
23547,17060,8084
23548,25739,0
23549,20991,4008
23550,20086,4874
23551,25120,478
23552,25739,0
23553,25739,0
23554,25512,174
23555,20878,4114
23556,25739,0
23557,25739,0
23558,25739,0
23559,25739,0
23560,25739,0
23561,25739,0
23562,25739,0
23563,25707,24
23564,25739,0
23565,6725,26384
23566,25739,0
23567,25618,92
23568,25739,0
23569,25739,0
23570,25739,0
23571,15261,10274
23572,23974,1396
23573,25739,0
23574,25739,0
23575,25739,0
23576,25739,0
23577,24985,584
23578,25739,0
23579,23482,1804
23580,21262,3756
23581,25739,0
23582,25739,0
23583,25577,124
23584,25739,0
23585,25739,0
23586,18097,6924
23587,25707,24
23588,25739,0
23589,25739,0
23590,25739,0
23591,25692,36
23592,23462,1820
23593,25739,0
23594,24909,644
23595,25739,0
23596,25707,24
23597,25739,0
23598,25676,48
23599,25739,0
23600,25739,0
23601,25739,0
23602,25577,124
23603,25739,0
23604,25739,0
23605,25739,0
23606,25739,0
23607,25739,0
23608,25739,0
23609,25512,174
23610,25739,0
23611,22957,2248
23612,25739,0
23613,25739,0
23614,25739,0
23615,25739,0
23616,25739,0
23617,25739,0
23618,25739,0
23619,25739,0
23620,25739,0
23621,25739,0
23622,25739,0
23623,25739,0
23624,25739,0
23625,25739,0
23626,25739,0
23627,25739,0
23628,25739,0
23629,25739,0
23630,25739,0
23631,17039,8108
23632,25739,0
23633,25290,346
23634,25739,0
23635,25739,0
23636,25739,0
23637,25702,28
23638,25707,24
23639,25739,0
23640,23698,1624
23641,24402,1048
23642,23489,1798
23643,25739,0
23644,25739,0
23645,18042,6984
23646,25739,0
23647,21681,3372
23648,25739,0
23649,25739,0
23650,25739,0
23651,25739,0
23652,25739,0
23653,25457,216
23654,25739,0
23655,25739,0
23656,25676,48
23657,25739,0
23658,25739,0
23659,25739,0
23660,25739,0
23661,25739,0
23662,25739,0
23663,25739,0
23664,25739,0
23665,25739,0
23666,25739,0
23667,25739,0
23668,25739,0
23669,25739,0
23670,25739,0
23671,25739,0
23672,25572,128
23673,25739,0
23674,25739,0
23675,25608,100
23676,25540,152
23677,25603,104
23678,25676,48
23679,25739,0
23680,25739,0
23681,25739,0
23682,24808,724
23683,25739,0
23684,25739,0
23685,25739,0
23686,25613,96
23687,25739,0
23688,25739,0
23689,25707,24
23690,25739,0
23691,25739,0
23692,25639,76
23693,25431,236
23694,25739,0
23695,25739,0
23696,25634,80
23697,25739,0
23698,25739,0
23699,25665,56
23700,25739,0
23701,25739,0
23702,25739,0
23703,25739,0
23704,25739,0
23705,25739,0
23706,25223,398
23707,25739,0
23708,25739,0
23709,25533,158
23710,25739,0
23711,24894,656
23712,25739,0
23713,25665,56
23714,25328,316
23715,23088,2136
23716,25739,0
23717,25739,0
23718,24826,710
23719,14149,11762
23720,20201,4762
23721,25739,0
23722,25739,0
23723,25739,0
23724,25739,0
23725,25739,0
23726,24126,1272
23727,25739,0
23728,25254,374
23729,25739,0
23730,25739,0
23731,25739,0
23732,25739,0
23733,25739,0
23734,25739,0
23735,25739,0
23736,25707,24
23737,25739,0
23738,23818,1524
23739,25125,474
23740,25739,0
23741,24227,1190
23742,18456,6538
23743,24343,1096
23744,25739,0
23745,25739,0
23746,25739,0
23747,25642,74
23748,25739,0
23749,25486,194
23750,25141,462
23751,25676,48
23752,22941,2262
23753,25739,0
23754,25739,0
23755,15447,10036
23756,19445,5512
23757,25739,0
23758,25522,166
23759,25739,0
23760,25739,0
23761,25739,0
23762,25739,0
23763,25739,0
23764,25739,0
23765,23743,1586
23766,25739,0
23767,25739,0
23768,25739,0
23769,22294,2824
23770,25739,0
23771,25739,0
23772,25739,0
23773,25739,0
23774,24934,624
23775,25739,0
23776,25287,348
23777,7849,23344
23778,25739,0
23779,25739,0
23780,23609,1698
23781,25739,0
23782,11875,15206
23783,25739,0
23784,25613,96
23785,19780,5176
23786,25739,0
23787,25739,0
23788,25739,0
23789,25739,0
23790,25739,0
23791,25707,24
23792,25739,0
23793,25739,0
23794,25739,0
23795,25739,0
23796,25739,0
23797,25665,56
23798,25739,0
23799,25739,0
23800,25739,0
23801,25739,0
23802,25707,24
23803,25184,428
23804,25739,0
23805,25739,0
23806,24682,824
23807,25739,0
23808,25739,0
23809,24657,844
23810,25739,0
23811,25739,0
23812,25671,52
23813,25739,0
23814,25739,0
23815,25739,0
23816,25739,0
23817,25739,0
23818,24667,836
23819,25739,0
23820,25739,0
23821,25739,0
23822,23472,1812
23823,25739,0
23824,22862,2330
23825,25739,0
23826,24001,1374
23827,25739,0
23828,25421,244
23829,25739,0
23830,25095,498
23831,25318,324
23832,21943,3136
23833,25739,0
23834,25739,0
23835,25318,324
23836,25739,0
23837,25739,0
23838,25739,0
23839,25707,24
23840,25739,0
23841,15542,9916
23842,25739,0
23843,17354,7748
23844,25447,224
23845,25512,174
23846,25671,52
23847,25634,80
23848,25739,0
23849,25739,0
23850,25739,0
23851,25739,0
23852,24808,724
23853,25739,0
23854,25739,0
23855,24278,1148
23856,25739,0
23857,25739,0
23858,21845,3224
23859,25739,0
23860,21818,3248
23861,23945,1420
23862,25739,0
23863,25739,0
23864,25739,0
23865,25739,0
23866,23935,1428
23867,21870,3202
23868,25739,0
23869,25739,0
23870,25739,0
23871,25739,0
23872,25739,0
23873,25739,0
23874,25739,0
23875,25739,0
23876,25739,0
23877,24552,928
23878,23220,2024
23879,25739,0
23880,25739,0
23881,25739,0
23882,25739,0
23883,25739,0
23884,25739,0
23885,25707,24
23886,22753,2424
23887,25739,0
23888,25739,0
23889,25739,0
23890,25739,0
23891,25739,0
23892,25739,0
23893,25739,0
23894,25739,0
23895,25739,0
23896,23074,2148
23897,25577,124
23898,25739,0
23899,25739,0
23900,25739,0
23901,25739,0
23902,25739,0
23903,25520,168
23904,17184,7942
23905,25739,0
23906,23962,1406
23907,25739,0
23908,25739,0
23909,24118,1278
23910,25739,0
23911,25676,48
23912,25739,0
23913,25739,0
23914,25739,0
23915,25739,0
23916,25739,0
23917,25739,0
23918,25637,78
23919,25739,0
23920,25120,478
23921,25739,0
23922,25739,0
23923,25739,0
23924,25671,52
23925,22154,2948
23926,25739,0
23927,25739,0
23928,1898,51252
23929,25707,24
23930,25739,0
23931,25739,0
23932,25739,0
23933,25739,0
23934,25739,0
23935,25739,0
23936,23693,1628
23937,25739,0
23938,25739,0
23939,25707,24
23940,25739,0
23941,25739,0
23942,25739,0
23943,25739,0
23944,25739,0
23945,25739,0
23946,8795,21108
23947,25739,0
23948,25739,0
23949,25739,0
23950,23458,1824
23951,25739,0
23952,22536,2612
23953,25739,0
23954,25228,394
23955,23216,2028
23956,25739,0
23957,25739,0
23958,24988,582
23959,25442,228
23960,25739,0
23961,25739,0
23962,25739,0
23963,25739,0
23964,25739,0
23965,25739,0
23966,25739,0
23967,25681,44
23968,24788,740
23969,25739,0
23970,25125,474
23971,24527,948
23972,5928,28862
23973,25739,0
23974,25739,0
23975,23882,1472
23976,25551,144
23977,25488,192
23978,25739,0
23979,2036,49866
23980,25739,0
23981,25739,0
23982,24160,1244
23983,25739,0
23984,25650,68
23985,25739,0
23986,25739,0
23987,25739,0
23988,25739,0
23989,25739,0
23990,25739,0
23991,25739,0
23992,25739,0
23993,25739,0
23994,25707,24
23995,25739,0
23996,25739,0
23997,24345,1094
23998,25739,0
23999,25739,0
24000,18115,6904
24001,25739,0
24002,20447,4524
24003,25707,24
24004,12877,13614
24005,25739,0
24006,25739,0
24007,25739,0
24008,25120,478
24009,25739,0
24010,25739,0
24011,25739,0
24012,22272,2844
24013,24365,1078
24014,25739,0
24015,25739,0
24016,25739,0
24017,25056,528
24018,25739,0
24019,25377,278
24020,25739,0
24021,25702,28
24022,25707,24
24023,25566,132
24024,25739,0
24025,25739,0
24026,25739,0
24027,25739,0
24028,25478,200
24029,20547,4428
24030,25739,0
24031,22154,2948
24032,25739,0
24033,25739,0
24034,25739,0
24035,23794,1544
24036,25611,98
24037,25681,44
24038,25739,0
24039,24489,978
24040,25739,0
24041,24345,1094
24042,25739,0
24043,25739,0
24044,25739,0
24045,24934,624
24046,25473,204
24047,25676,48
24048,25739,0
24049,25739,0
24050,25739,0
24051,25739,0
24052,25739,0
24053,25739,0
24054,25739,0
24055,25739,0
24056,25739,0
24057,25739,0
24058,25739,0
24059,25739,0
24060,25739,0
24061,25739,0
24062,25739,0
24063,24934,624
24064,25739,0
24065,25739,0
24066,25739,0
24067,25248,378
24068,24934,624
24069,25739,0
24070,25739,0
24071,25739,0
24072,25739,0
24073,25739,0
24074,25739,0
24075,24934,624
24076,24803,728
24077,25707,24
24078,25739,0
24079,25739,0
24080,25159,448
24081,24089,1302
24082,25739,0
24083,24975,592
24084,25739,0
24085,25739,0
24086,25739,0
24087,25739,0
24088,25739,0
24089,25739,0
24090,25739,0
24091,25739,0
24092,25739,0
24093,25739,0
24094,25739,0
24095,25739,0
24096,21401,3628
24097,25739,0
24098,25739,0
24099,25520,168
24100,15013,10596
24101,25739,0
24102,25318,324
24103,25036,544
24104,25739,0
24105,25739,0
24106,25739,0
24107,25676,48
24108,24358,1084
24109,25739,0
24110,25739,0
24111,25739,0
24112,25707,24
24113,25577,124
24114,25676,48
24115,25036,544
24116,25692,36
24117,25665,56
24118,25692,36
24119,25739,0
24120,21492,3544
24121,15507,9960
24122,25676,48
24123,10826,17024
24124,25739,0
24125,25184,428
24126,25739,0
24127,23164,2072
24128,25739,0
24129,25665,56
24130,7459,24346
24131,25676,48
24132,25739,0
24133,25739,0
24134,1983,50386
24135,25739,0
24136,25739,0
24137,25739,0
24138,25739,0
24139,25739,0
24140,25739,0
24141,25031,548
24142,25318,324
24143,25739,0
24144,25739,0
24145,25739,0
24146,25739,0
24147,25739,0
24148,25739,0
24149,25739,0
24150,25739,0
24151,23206,2036
24152,25739,0
24153,25739,0
24154,25707,24
24155,25739,0
24156,25164,444
24157,25739,0
24158,21027,3974
24159,25702,28
24160,24557,924
24161,25739,0
24162,25739,0
24163,25739,0
24164,25739,0
24165,20551,4424
24166,25707,24
24167,25739,0
24168,25739,0
24169,25739,0
24170,25739,0
24171,25739,0
24172,25739,0
24173,25421,244
24174,25739,0
24175,11983,15028
24176,25739,0
24177,25739,0
24178,24808,724
24179,25739,0
24180,25739,0
24181,22299,2820
24182,21427,3604
24183,25739,0
24184,25739,0
24185,25739,0
24186,25739,0
24187,25739,0
24188,25739,0
24189,25739,0
24190,25739,0
24191,25739,0
24192,25572,128
24193,25739,0
24194,25739,0
24195,25739,0
24196,25702,28
24197,25739,0
24198,25642,74
24199,25739,0
24200,23823,1520
24201,25739,0
24202,25739,0
24203,25739,0
24204,25739,0
24205,25739,0
24206,23984,1388
24207,25739,0
24208,25739,0
24209,25739,0
24210,25739,0
24211,25739,0
24212,24657,844
24213,25739,0
24214,20974,4024
24215,25639,76
24216,24934,624
24217,25681,44
24218,25739,0
24219,25739,0
24220,25676,48
24221,25739,0
24222,25739,0
24223,25739,0
24224,25739,0
24225,25665,56
24226,25739,0
24227,25739,0
24228,25739,0
24229,23669,1648
24230,25739,0
24231,25739,0
24232,25739,0
24233,25739,0
24234,25739,0
24235,25739,0
24236,25739,0
24237,25634,80
24238,23341,1922
24239,25739,0
24240,25739,0
24241,25739,0
24242,17074,8068
24243,24747,772
24244,14010,11956
24245,25739,0
24246,25739,0
24247,19881,5076
24248,25739,0
24249,25600,106
24250,25739,0
24251,25676,48
24252,25692,36
24253,25739,0
24254,23901,1456
24255,25739,0
24256,25739,0
24257,25739,0
24258,25739,0
24259,25739,0
24260,24128,1270
24261,25739,0
24262,25739,0
24263,25739,0
24264,25702,28
24265,25739,0
24266,25739,0
24267,20088,4872
24268,25739,0
24269,25739,0
24270,18507,6484
24271,25739,0
24272,25739,0
24273,22358,2768
24274,25739,0
24275,24909,644
24276,25254,374
24277,25739,0
24278,25092,500
24279,25739,0
24280,25739,0
24281,22672,2494
24282,25031,548
24283,25739,0
24284,20987,4012
24285,24155,1248
24286,25739,0
24287,25739,0
24288,25739,0
24289,25739,0
24290,25739,0
24291,25739,0
24292,25739,0
24293,25197,418
24294,25739,0
24295,25739,0
24296,21899,3176
24297,23674,1644
24298,25739,0
24299,25739,0
24300,25702,28
24301,25739,0
24302,25739,0
24303,25739,0
24304,25739,0
24305,25739,0
24306,25707,24
24307,20808,4180
24308,25739,0
24309,25739,0
24310,1904,51188
24311,25707,24
24312,25739,0
24313,21734,3324
24314,23168,2068
24315,24355,1086
24316,25739,0
24317,24494,974
24318,25739,0
24319,25739,0
24320,24808,724
24321,25739,0
24322,25739,0
24323,25739,0
24324,25739,0
24325,25739,0
24326,25671,52
24327,25613,96
24328,25739,0
24329,25665,56
24330,25739,0
24331,25739,0
24332,25739,0
24333,25739,0
24334,25739,0
24335,25739,0
24336,25739,0
24337,25277,356
24338,25034,546
24339,25739,0
24340,25739,0
24341,25739,0
24342,25692,36
24343,25739,0
24344,15344,10168
24345,25739,0
24346,25739,0
24347,25739,0
24348,25739,0
24349,25739,0
24350,15336,10178
24351,25739,0
24352,24853,688
24353,25739,0
24354,25406,256
24355,25551,144
24356,25739,0
24357,25739,0
24358,25739,0
24359,25739,0
24360,25739,0
24361,24459,1002
24362,25739,0
24363,24111,1284
24364,25739,0
24365,25739,0
24366,25592,112
24367,25739,0
24368,22086,3008
24369,22518,2628
24370,21062,3942
24371,25739,0
24372,25739,0
24373,25739,0
24374,25739,0
24375,25739,0
24376,25692,36
24377,25739,0
24378,25739,0
24379,25189,424
24380,25739,0
24381,25611,98
24382,25707,24
24383,25739,0
24384,21545,3496
24385,25013,562
24386,25739,0
24387,25739,0
24388,25739,0
24389,25702,28
24390,25739,0
24391,25739,0
24392,25739,0
24393,24783,744
24394,24712,800
24395,25739,0
24396,25702,28
24397,25739,0
24398,25739,0
24399,25739,0
24400,25739,0
24401,25739,0
24402,25739,0
24403,25739,0
24404,25739,0
24405,25739,0
24406,25447,224
24407,25739,0
24408,25739,0
24409,25739,0
24410,25739,0
24411,25739,0
24412,25739,0
24413,25739,0
24414,25739,0
24415,25739,0
24416,25739,0
24417,20923,4072
24418,25702,28
24419,25739,0
24420,25739,0
24421,23429,1848
24422,25739,0
24423,25739,0
24424,25739,0
24425,25739,0
24426,1744,52916
24427,25739,0
24428,25739,0
24429,25671,52
24430,25639,76
24431,25739,0
24432,25707,24
24433,25739,0
24434,25739,0
24435,25739,0
24436,23353,1912
24437,25739,0
24438,25483,196
24439,25739,0
24440,25739,0
24441,25739,0
24442,25739,0
24443,25739,0
24444,25739,0
24445,25739,0
24446,9745,19092
24447,25739,0
24448,25739,0
24449,25739,0
24450,25739,0
24451,25739,0
24452,25644,72
24453,25739,0
24454,25671,52
24455,25739,0
24456,25739,0
24457,25739,0
24458,25739,0
24459,25739,0
24460,25739,0
24461,25739,0
24462,25739,0
24463,25739,0
24464,25739,0
24465,20842,4148
24466,25739,0
24467,25739,0
24468,25739,0
24469,25739,0
24470,25739,0
24471,25739,0
24472,25739,0
24473,25739,0
24474,25739,0
24475,25739,0
24476,25739,0
24477,25644,72
24478,25676,48
24479,25739,0
24480,25447,224
24481,25739,0
24482,25739,0
24483,25739,0
24484,25739,0
24485,24313,1120
24486,25406,256
24487,25739,0
24488,24427,1028
24489,24180,1228
24490,25739,0
24491,25739,0
24492,25739,0
24493,25739,0
24494,25707,24
24495,25739,0
24496,25739,0
24497,25671,52
24498,25739,0
24499,24392,1056
24500,25739,0
24501,25739,0
24502,25739,0
24503,25739,0
24504,21115,3892
24505,25739,0
24506,23855,1494
24507,25739,0
24508,17025,8124
24509,25739,0
24510,25582,120
24511,25739,0
24512,24111,1284
24513,25739,0
24514,25739,0
24515,25739,0
24516,25739,0
24517,25739,0
24518,25739,0
24519,25739,0
24520,25739,0
24521,25644,72
24522,25739,0
24523,25739,0
24524,25692,36
24525,25739,0
24526,25739,0
24527,25739,0
24528,25159,448
24529,25739,0
24530,25739,0
24531,25739,0
24532,22518,2628
24533,25739,0
24534,25739,0
24535,25637,78
24536,25739,0
24537,25739,0
24538,25739,0
24539,24298,1132
24540,25739,0
24541,25739,0
24542,25739,0
24543,25702,28
24544,25739,0
24545,25739,0
24546,25739,0
24547,25739,0
24548,25739,0
24549,25504,180
24550,24246,1174
24551,25739,0
24552,25739,0
24553,25739,0
24554,25739,0
24555,22508,2636
24556,25739,0
24557,25739,0
24558,25739,0
24559,24934,624
24560,25159,448
24561,25739,0
24562,25707,24
24563,25681,44
24564,25739,0
24565,20642,4338
24566,25354,296
24567,25739,0
24568,25739,0
24569,25739,0
24570,25739,0
24571,25739,0
24572,25739,0
24573,25739,0
24574,25739,0
24575,25739,0
24576,25739,0
24577,25739,0
24578,25739,0
24579,25739,0
24580,25707,24
24581,25739,0
24582,13239,13068
24583,25692,36
24584,25739,0
24585,7187,25076
24586,25739,0
24587,25637,78
24588,17532,7548
24589,23669,1648
24590,25739,0
24591,25739,0
24592,25739,0
24593,25642,74
24594,25739,0
24595,25739,0
24596,24554,926
24597,25739,0
24598,25739,0
24599,25739,0
24600,23911,1448
24601,25739,0
24602,14948,10682
24603,25739,0
24604,25739,0
24605,21708,3348
24606,25739,0
24607,25739,0
24608,24145,1256
24609,25739,0
24610,25692,36
24611,25739,0
24612,1,210316
24613,25707,24
24614,25739,0
24615,25739,0
24616,25110,486
24617,25739,0
24618,23401,1872
24619,25592,112
24620,1979,50428
24621,25739,0
24622,25739,0
24623,17428,7664
24624,25681,44
24625,25739,0
24626,24858,684
24627,25739,0
24628,25671,52
24629,25739,0
24630,24803,728
24631,25739,0
24632,25739,0
24633,25739,0
24634,25739,0
24635,25739,0
24636,24249,1172
24637,25739,0
24638,25739,0
24639,25739,0
24640,25739,0
24641,25739,0
24642,25739,0
24643,25692,36
24644,25739,0
24645,25692,36
24646,25739,0
24647,25739,0
24648,25739,0
24649,25665,56
24650,25739,0
24651,25739,0
24652,18293,6712
24653,12516,14172
24654,25739,0
24655,25184,428
24656,25739,0
24657,25739,0
24658,24929,628
24659,24942,618
24660,20240,4724
24661,25613,96
24662,25739,0
24663,24180,1228
24664,25488,192
24665,25739,0
24666,9051,20544
24667,25739,0
24668,25739,0
24669,19915,5042
24670,25739,0
24671,25739,0
24672,25739,0
24673,25739,0
24674,25739,0
24675,23874,1478
24676,25702,28
24677,25739,0
24678,25739,0
24679,25642,74
24680,25739,0
24681,23659,1656
24682,25739,0
24683,25739,0
24684,25739,0
24685,25739,0
24686,23592,1712
24687,25739,0
24688,25739,0
24689,25739,0
24690,25676,48
24691,25739,0
24692,25676,48
24693,25739,0
24694,25739,0
24695,25739,0
24696,22609,2548
24697,25739,0
24698,25739,0
24699,25739,0
24700,25739,0
24701,25702,28
24702,25739,0
24703,25739,0
24704,22460,2678
24705,25739,0
24706,25739,0
24707,12829,13686
24708,25739,0
24709,17653,7412
24710,25447,224
24711,24432,1024
24712,21741,3318
24713,25739,0
24714,25739,0
24715,25739,0
24716,25739,0
24717,25739,0
24718,25739,0
24719,25707,24
24720,23814,1528
24721,25739,0
24722,25739,0
24723,25739,0
24724,23637,1674
24725,25739,0
24726,25254,374
24727,25739,0
24728,25739,0
24729,25739,0
24730,25739,0
24731,25739,0
24732,25739,0
24733,25739,0
24734,25739,0
24735,25739,0
24736,22848,2342
24737,22810,2374
24738,23018,2196
24739,25739,0
24740,25739,0
24741,25739,0
24742,25739,0
24743,25671,52
24744,25739,0
24745,25302,336
24746,25707,24
24747,25739,0
24748,25739,0
24749,25292,344
24750,25739,0
24751,25739,0
24752,25739,0
24753,25739,0
24754,25739,0
24755,25739,0
24756,25318,324
24757,25707,24
24758,25739,0
24759,14525,11246
24760,25739,0
24761,24254,1168
24762,25739,0
24763,23780,1556
24764,25739,0
24765,25739,0
24766,25739,0
24767,20961,4036
24768,25739,0
24769,25739,0
24770,25739,0
24771,25739,0
24772,25739,0
24773,25739,0
24774,25739,0
24775,25739,0
24776,25702,28
24777,25739,0
24778,25739,0
24779,25739,0
24780,25739,0
24781,25739,0
24782,25739,0
24783,25739,0
24784,25739,0
24785,25739,0
24786,25739,0
24787,25702,28
24788,25739,0
24789,25739,0
24790,25739,0
24791,25739,0
24792,24710,802
24793,25739,0
24794,25707,24
24795,25676,48
24796,25739,0
24797,16037,9300
24798,25739,0
24799,25739,0
24800,25739,0
24801,24818,716
24802,25739,0
24803,25707,24
24804,25739,0
24805,25739,0
24806,24904,648
24807,25739,0
24808,25739,0
24809,25739,0
24810,25739,0
24811,25707,24
24812,25739,0
24813,25739,0
24814,25739,0
24815,25739,0
24816,25739,0
24817,25739,0
24818,25739,0
24819,25739,0
24820,25739,0
24821,25447,224
24822,25184,428
24823,21992,3092
24824,25739,0
24825,25739,0
24826,25739,0
24827,25739,0
24828,25739,0
24829,24241,1178
24830,19883,5074
24831,25739,0
24832,23197,2044
24833,22887,2308
24834,25739,0
24835,20895,4098
24836,25739,0
24837,25739,0
24838,25739,0
24839,25031,548
24840,25739,0
24841,25243,382
24842,25739,0
24843,25739,0
24844,25739,0
24845,25739,0
24846,25739,0
24847,25739,0
24848,25447,224
24849,19096,5868
24850,22971,2236
24851,25739,0
24852,25062,524
24853,25159,448
24854,25739,0
24855,25739,0
24856,25707,24
24857,24136,1264
24858,25739,0
24859,25739,0
24860,25739,0
24861,25739,0
24862,24667,836
24863,25739,0
24864,25481,198
24865,25739,0
24866,25478,200
24867,25739,0
24868,25739,0
24869,25739,0
24870,25739,0
24871,25739,0
24872,19921,5036
24873,25739,0
24874,25739,0
24875,25739,0
24876,25739,0
24877,25739,0
24878,25739,0
24879,25003,570
24880,25739,0
24881,25739,0
24882,25739,0
24883,25739,0
24884,25739,0
24885,25739,0
24886,25739,0
24887,25739,0
24888,25739,0
24889,25739,0
24890,25739,0
24891,25739,0
24892,25739,0
24893,25447,224
24894,25739,0
24895,25739,0
24896,23140,2092
24897,25739,0
24898,25447,224
24899,25739,0
24900,22181,2924
24901,24622,872
24902,25739,0
24903,25707,24
24904,25313,328
24905,25739,0
24906,25739,0
24907,25739,0
24908,25739,0
24909,25739,0
24910,23443,1836
24911,23698,1624
24912,25739,0
24913,25739,0
24914,25739,0
24915,25739,0
24916,25739,0
24917,25364,288
24918,25739,0
24919,25739,0
24920,25739,0
24921,25739,0
24922,25739,0
24923,25491,190
24924,25739,0
24925,25739,0
24926,23135,2096
24927,22948,2256
24928,25702,28
24929,25739,0
24930,25739,0
24931,6978,25656
24932,25739,0
24933,25739,0
24934,25739,0
24935,24380,1066
24936,25739,0
24937,25739,0
24938,25739,0
24939,25577,124
24940,25739,0
24941,25739,0
24942,25739,0
24943,25739,0
24944,25739,0
24945,25603,104
24946,25739,0
24947,23424,1852
24948,24308,1124
24949,25739,0
24950,25739,0
24951,25739,0
24952,25707,24
24953,25642,74
24954,25739,0
24955,25739,0
24956,23147,2086
24957,25739,0
24958,25739,0
24959,25707,24
24960,25739,0
24961,25739,0
24962,25739,0
24963,25739,0
24964,25739,0
24965,25692,36
24966,25702,28
24967,24278,1148
24968,25406,256
24969,25292,344
24970,25739,0
24971,23009,2204
24972,25739,0
24973,25535,156
24974,24136,1264
24975,25739,0
24976,25739,0
24977,24808,724
24978,25739,0
24979,25739,0
24980,25739,0
24981,25739,0
24982,19478,5478
24983,25739,0
24984,25739,0
24985,25739,0
24986,25739,0
24987,25739,0
24988,25739,0
24989,25739,0
24990,23268,1984
24991,25739,0
24992,25739,0
24993,24552,928
24994,25739,0
24995,25739,0
24996,25707,24
24997,25676,48
24998,25739,0
24999,25739,0
25000,25739,0
25001,25739,0
25002,25095,498
25003,25739,0
25004,25739,0
25005,25739,0
25006,25739,0
25007,18742,6236
25008,25637,78
25009,24472,992
25010,25702,28
25011,25739,0
25012,25739,0
25013,25739,0
25014,25702,28
25015,25739,0
25016,25739,0
25017,25739,0
25018,25739,0
25019,25739,0
25020,25739,0
25021,25613,96
25022,25739,0
25023,25671,52
25024,17832,7214
25025,25739,0
25026,25739,0
25027,25702,28
25028,25125,474
25029,25739,0
25030,25739,0
25031,25739,0
25032,25739,0
25033,25739,0
25034,25739,0
25035,25739,0
25036,25739,0
25037,23986,1386
25038,25739,0
25039,25739,0
25040,25125,474
25041,25739,0
25042,23381,1888
25043,25318,324
25044,25739,0
25045,25447,224
25046,25739,0
25047,25739,0
25048,25739,0
25049,25739,0
25050,25248,378
25051,25739,0
25052,25739,0
25053,25739,0
25054,23580,1722
25055,25739,0
25056,25739,0
25057,25634,80
25058,24368,1076
25059,25692,36
25060,25739,0
25061,25739,0
25062,25739,0
25063,25739,0
25064,25739,0
25065,25739,0
25066,25739,0
25067,25739,0
25068,25739,0
25069,24929,628
25070,25739,0
25071,25702,28
25072,25739,0
25073,25739,0
25074,25739,0
25075,25238,386
25076,25739,0
25077,25739,0
25078,25739,0
25079,25739,0
25080,25739,0
25081,25739,0
25082,25739,0
25083,25739,0
25084,25520,168
25085,25739,0
25086,25739,0
25087,25739,0
25088,25739,0
25089,25739,0
25090,25739,0
25091,23693,1628
25092,25739,0
25093,25739,0
25094,25739,0
25095,25739,0
25096,25739,0
25097,25739,0
25098,21034,3968
25099,25739,0
25100,25266,364
25101,25739,0
25102,25739,0
25103,25574,126
25104,25613,96
25105,25739,0
25106,25739,0
25107,25707,24
25108,25561,136
25109,25739,0
25110,25739,0
25111,25739,0
25112,25739,0
25113,25739,0
25114,25739,0
25115,24998,574
25116,24762,760
25117,25739,0
25118,25739,0
25119,25739,0
25120,25739,0
25121,25739,0
25122,25611,98
25123,25707,24
25124,25572,128
25125,25739,0
25126,25512,174
25127,25739,0
25128,21734,3324
25129,25739,0
25130,25739,0
25131,25739,0
25132,23458,1824
25133,25739,0
25134,25509,176
25135,20953,4044
25136,25739,0
25137,25642,74
25138,25064,522
25139,25739,0
25140,25739,0
25141,25739,0
25142,25739,0
25143,25739,0
25144,25739,0
25145,25739,0
25146,25739,0
25147,25739,0
25148,25739,0
25149,24552,928
25150,25739,0
25151,25739,0
25152,25739,0
25153,23458,1824
25154,25739,0
25155,25739,0
25156,25739,0
25157,25739,0
25158,20370,4598
25159,25535,156
25160,25739,0
25161,23268,1984
25162,25707,24
25163,25707,24
25164,25739,0
25165,25739,0
25166,25739,0
25167,25530,160
25168,25739,0
25169,25639,76
25170,25739,0
25171,25739,0
25172,25739,0
25173,25739,0
25174,22806,2378
25175,25739,0
25176,25707,24
25177,23736,1592
25178,25739,0
25179,25739,0
25180,25739,0
25181,25702,28
25182,25739,0
25183,25739,0
25184,25739,0
25185,25739,0
25186,25739,0
25187,25739,0
25188,25739,0
25189,25739,0
25190,25739,0
25191,25739,0
25192,25592,112
25193,25739,0
25194,25739,0
25195,25739,0
25196,25739,0
25197,25739,0
25198,24737,780
25199,19053,5912
25200,25739,0
25201,25739,0
25202,25707,24
25203,25739,0
25204,25739,0
25205,25739,0
25206,22426,2708
25207,24705,806
25208,25739,0
25209,25676,48
25210,25006,568
25211,24993,578
25212,25739,0
25213,25739,0
25214,25739,0
25215,25739,0
25216,25133,468
25217,25739,0
25218,25739,0
25219,25739,0
25220,25739,0
25221,23785,1552
25222,25739,0
25223,25739,0
25224,25739,0
25225,25056,528
25226,25702,28
25227,23225,2020
25228,25707,24
25229,25739,0
25230,23197,2044
25231,25603,104
25232,24308,1124
25233,25739,0
25234,22362,2764
25235,25692,36
25236,25739,0
25237,25739,0
25238,25739,0
25239,24649,850
25240,25739,0
25241,25739,0
25242,25739,0
25243,7060,25428
25244,25739,0
25245,25739,0
25246,25739,0
25247,25676,48
25248,25739,0
25249,24843,696
25250,23908,1450
25251,25739,0
25252,25739,0
25253,25739,0
25254,25739,0
25255,25739,0
25256,25739,0
25257,21457,3576
25258,25739,0
25259,22381,2748
25260,25739,0
25261,25739,0
25262,25739,0
25263,24917,638
25264,25739,0
25265,25739,0
25266,25739,0
25267,25707,24
25268,25739,0
25269,25739,0
25270,25739,0
25271,25739,0
25272,25739,0
25273,25739,0
25274,25739,0
25275,15454,10028
25276,25739,0
25277,25739,0
25278,25228,394
25279,25739,0
25280,23669,1648
25281,25702,28
25282,25739,0
25283,25676,48
25284,25739,0
25285,25739,0
25286,25739,0
25287,25739,0
25288,25739,0
25289,25707,24
25290,25739,0
25291,25739,0
25292,25739,0
25293,25739,0
25294,24529,946
25295,25739,0
25296,25634,80
25297,23577,1724
25298,25739,0
25299,25707,24
25300,25739,0
25301,25739,0
25302,25739,0
25303,23577,1724
25304,25739,0
25305,24244,1176
25306,25739,0
25307,25707,24
25308,25739,0
25309,25739,0
25310,21484,3552
25311,25665,56
25312,25739,0
25313,24904,648
25314,9176,20274
25315,25739,0
25316,18914,6056
25317,25739,0
25318,25613,96
25319,25702,28
25320,25692,36
25321,23894,1462
25322,25739,0
25323,25739,0
25324,25739,0
25325,25739,0
25326,24557,924
25327,24121,1276
25328,25739,0
25329,25707,24
25330,25644,72
25331,25739,0
25332,24934,624
25333,21957,3124
25334,25739,0
25335,25739,0
25336,25739,0
25337,25739,0
25338,25739,0
25339,25739,0
25340,25702,28
25341,25739,0
25342,25739,0
25343,25739,0
25344,25739,0
25345,25739,0
25346,24919,636
25347,25739,0
25348,25707,24
25349,25739,0
25350,23496,1792
25351,24919,636
25352,24995,576
25353,25189,424
25354,24871,674
25355,1172,60724
25356,23018,2196
25357,25739,0
25358,25739,0
25359,25739,0
25360,25642,74
25361,25739,0
25362,25739,0
25363,25739,0
25364,25739,0
25365,25739,0
25366,25739,0
25367,25739,0
25368,19861,5096
25369,23479,1806
25370,25739,0
25371,25739,0
25372,25739,0
25373,25739,0
25374,25676,48
25375,25739,0
25376,24998,574
25377,25739,0
25378,1435,56744
25379,25739,0
25380,24532,944
25381,25665,56
25382,24283,1144
25383,25739,0
25384,25447,224
25385,25739,0
25386,25739,0
25387,25702,28
25388,25739,0
25389,25739,0
25390,21990,3094
25391,25739,0
25392,19482,5474
25393,25739,0
25394,25739,0
25395,25739,0
25396,25056,528
25397,25739,0
25398,25739,0
25399,25739,0
25400,25739,0
25401,25739,0
25402,25739,0
25403,19401,5556
25404,25538,154
25405,25739,0
25406,25739,0
25407,25739,0
25408,25739,0
25409,25184,428
25410,25739,0
25411,25739,0
25412,25739,0
25413,25739,0
25414,25739,0
25415,24929,628
25416,25739,0
25417,25739,0
25418,25739,0
25419,25739,0
25420,25739,0
25421,25739,0
25422,25739,0
25423,25707,24
25424,25739,0
25425,25739,0
25426,22632,2528
25427,22159,2944
25428,25739,0
25429,25739,0
25430,25739,0
25431,25739,0
25432,25739,0
25433,25739,0
25434,1966,50556
25435,25739,0
25436,25739,0
25437,25739,0
25438,25739,0
25439,24757,764
25440,25739,0
25441,23009,2204
25442,25739,0
25443,22003,3082
25444,25707,24
25445,25739,0
25446,25739,0
25447,25592,112
25448,22952,2252
25449,25739,0
25450,25739,0
25451,25739,0
25452,25739,0
25453,25739,0
25454,25739,0
25455,25739,0
25456,25739,0
25457,25739,0
25458,25739,0
25459,25739,0
25460,25739,0
25461,25739,0
25462,25739,0
25463,25739,0
25464,25739,0
25465,25739,0
25466,22797,2386
25467,25739,0
25468,25739,0
25469,6342,27536
25470,25676,48
25471,25739,0
25472,25739,0
25473,25739,0
25474,25702,28
25475,25739,0
25476,25739,0
25477,22554,2596
25478,25739,0
25479,24554,926
25480,25739,0
25481,25739,0
25482,25739,0
25483,22985,2224
25484,25739,0
25485,25400,260
25486,25739,0
25487,25692,36
25488,25739,0
25489,25702,28
25490,25241,384
25491,23315,1944
25492,25739,0
25493,25251,376
25494,25739,0
25495,25739,0
25496,25739,0
25497,24106,1288
25498,25739,0
25499,25442,228
25500,25739,0
25501,25739,0
25502,25739,0
25503,25739,0
25504,25739,0
25505,25739,0
25506,25739,0
25507,25739,0
25508,25739,0
25509,25702,28
25510,24983,586
25511,25739,0
25512,25739,0
25513,25739,0
25514,25739,0
25515,25739,0
25516,25739,0
25517,25739,0
25518,25739,0
25519,25739,0
25520,23332,1930
25521,25739,0
25522,25739,0
25523,25739,0
25524,25739,0
25525,25739,0
25526,25739,0
25527,25739,0
25528,22181,2924
25529,25739,0
25530,22265,2850
25531,25739,0
25532,25739,0
25533,25739,0
25534,25739,0
25535,25739,0
25536,22780,2400
25537,25739,0
25538,25174,436
25539,25739,0
25540,25739,0
25541,25702,28
25542,25739,0
25543,25739,0
25544,25189,424
25545,25739,0
25546,24906,646
25547,25302,336
25548,25739,0
25549,25739,0
25550,25739,0
25551,25739,0
25552,25739,0
25553,25739,0
25554,25739,0
25555,25739,0
25556,24808,724
25557,25572,128
25558,25739,0
25559,25739,0
25560,25739,0
25561,25110,486
25562,24589,898
25563,21294,3726
25564,25642,74
25565,25739,0
25566,25676,48
25567,20215,4748
25568,20403,4566
25569,25739,0
25570,25739,0
25571,25739,0
25572,25739,0
25573,23758,1574
25574,25739,0
25575,25613,96
25576,25551,144
25577,24370,1074
25578,23324,1936
25579,25739,0
25580,25739,0
25581,25739,0
25582,25739,0
25583,25739,0
25584,25739,0
25585,25739,0
25586,25739,0
25587,24348,1092
25588,25739,0
25589,23301,1956
25590,25739,0
25591,25739,0
25592,25351,298
25593,25739,0
25594,25739,0
25595,25739,0
25596,25739,0
25597,25739,0
25598,24155,1248
25599,25739,0
25600,25739,0
25601,25739,0
25602,25642,74
25603,25739,0
25604,25739,0
25605,25739,0
25606,25189,424
25607,25739,0
25608,25613,96
25609,25739,0
25610,25739,0
25611,25739,0
25612,25739,0
25613,25739,0
25614,17524,7556
25615,25739,0
25616,25318,324
25617,25739,0
25618,23074,2148
25619,25739,0
25620,19708,5248
25621,25739,0
25622,25739,0
25623,25739,0
25624,25739,0
25625,25739,0
25626,25739,0
25627,25671,52
25628,25739,0
25629,25739,0
25630,25739,0
25631,25739,0
25632,25739,0
25633,25739,0
25634,25739,0
25635,25739,0
25636,25739,0
25637,25447,224
25638,25739,0
25639,25739,0
25640,25739,0
25641,25739,0
25642,25739,0
25643,25739,0
25644,25739,0
25645,25739,0
25646,25739,0
25647,25277,356
25648,25739,0
25649,25739,0
25650,24246,1174
25651,25739,0
25652,25739,0
25653,25739,0
25654,25739,0
25655,25739,0
25656,25739,0
25657,25707,24
25658,25739,0
25659,25739,0
25660,25676,48
25661,25739,0
25662,25702,28
25663,25739,0
25664,25739,0
25665,25739,0
25666,25739,0
25667,25739,0
25668,25642,74
25669,25639,76
25670,25739,0
25671,24652,848
25672,25739,0
25673,25665,56
25674,25739,0
25675,25739,0
25676,25739,0
25677,20728,4256
25678,25739,0
25679,24929,628
25680,25189,424
25681,25739,0
25682,25533,158
25683,25739,0
25684,21262,3756
25685,25739,0
25686,25739,0
25687,25702,28
25688,25739,0
25689,25739,0
25690,25739,0
25691,25739,0
25692,25572,128
25693,25313,328
25694,25739,0
25695,15243,10298
25696,25739,0
25697,25739,0
25698,25739,0
25699,25739,0
25700,23282,1972
25701,25739,0
25702,25702,28
25703,22064,3028
25704,25739,0
25705,25739,0
25706,25739,0
25707,25702,28
25708,25676,48
25709,25707,24
25710,24422,1032
25711,25739,0
25712,25739,0
25713,25739,0
25714,25739,0
25715,25739,0
25716,25707,24
25717,25739,0
25718,25739,0
25719,25613,96
25720,25739,0
25721,22864,2328
25722,24577,908
25723,25431,236
25724,23707,1616
25725,25739,0
25726,25739,0
25727,24614,878
25728,23577,1724
25729,23698,1624
25730,24123,1274
25731,12818,13704
25732,25739,0
25733,25739,0
25734,25739,0
25735,25046,536
25736,25739,0
25737,25739,0
25738,25739,0
25739,25739,0
25740,25739,0
25741,25707,24
25742,21165,3846
25743,25739,0
25744,25692,36
25745,24464,998
25746,25739,0
25747,25739,0
25748,25739,0
25749,25739,0
25750,25739,0
25751,25739,0
25752,25739,0
25753,25739,0
25754,25739,0
25755,25739,0
25756,25739,0
25757,25739,0
25758,21405,3624
25759,25739,0
25760,22614,2544
25761,24874,672
25762,25739,0
25763,25671,52
25764,25739,0
25765,25739,0
25766,23918,1442
25767,22739,2436
25768,25739,0
25769,25739,0
25770,25739,0
25771,25739,0
25772,24155,1248
25773,25739,0
25774,1947,50748
25775,25707,24
25776,25739,0
25777,25739,0
25778,25739,0
25779,24432,1024
25780,25739,0
25781,25739,0
25782,25702,28
25783,15142,10428
25784,25739,0
25785,25739,0
25786,25739,0
25787,22948,2256
25788,25739,0
25789,25739,0
25790,25739,0
25791,22855,2336
25792,25739,0
25793,25739,0
25794,25739,0
25795,19678,5278
25796,25739,0
25797,25739,0
25798,18755,6222
25799,23606,1700
25800,25739,0
25801,23251,1998
25802,25739,0
25803,25739,0
25804,25739,0
25805,16453,8796
25806,25702,28
25807,25739,0
25808,22995,2216
25809,25739,0
25810,25707,24
25811,25637,78
25812,25264,366
25813,25739,0
25814,25739,0
25815,25707,24
25816,25739,0
25817,25702,28
25818,24096,1296
25819,25739,0
25820,25739,0
25821,25739,0
25822,24947,614
25823,25618,92
25824,25644,72
25825,25118,480
25826,25739,0
25827,25739,0
25828,25739,0
25829,24062,1324
25830,25739,0
25831,25739,0
25832,25739,0
25833,25739,0
25834,25739,0
25835,22619,2540
25836,23310,1948
25837,24798,732
25838,25739,0
25839,25739,0
25840,25739,0
25841,25739,0
25842,25739,0
25843,25739,0
25844,25739,0
25845,24427,1028
25846,25739,0
25847,25739,0
25848,25739,0
25849,25707,24
25850,25658,62
25851,25739,0
25852,25739,0
25853,25739,0
25854,25707,24
25855,23324,1936
25856,25739,0
25857,25739,0
25858,25644,72
25859,24502,968
25860,25739,0
25861,25739,0
25862,25739,0
25863,25739,0
25864,25739,0
25865,25739,0
25866,24919,636
25867,25739,0
25868,23133,2098
25869,25739,0
25870,25739,0
25871,25739,0
25872,25739,0
25873,25739,0
25874,25739,0
25875,25739,0
25876,24722,792
25877,25739,0
25878,23220,2024
25879,25739,0
25880,25739,0
25881,25739,0
25882,23553,1744
25883,25739,0
25884,25739,0
25885,25739,0
25886,19688,5268
25887,25540,152
25888,25739,0
25889,25739,0
25890,25398,262
25891,25739,0
25892,25739,0
25893,25739,0
25894,25707,24
25895,24808,724
25896,25739,0
25897,25739,0
25898,23360,1906
25899,25739,0
25900,25739,0
25901,25238,386
25902,25739,0
25903,21620,3428
25904,25739,0
25905,25447,224
25906,25739,0
25907,25739,0
25908,25739,0
25909,25739,0
25910,22037,3052
25911,25473,204
25912,25739,0
25913,25739,0
25914,25739,0
25915,25739,0
25916,25739,0
25917,25739,0
25918,25739,0
25919,25739,0
25920,25739,0
25921,17823,7224
25922,2016,50062
25923,25739,0
25924,25739,0
25925,25739,0
25926,25739,0
25927,25739,0
25928,23906,1452
25929,25739,0
25930,25739,0
25931,23275,1978
25932,25739,0
25933,25739,0
25934,25739,0
25935,25739,0
25936,25676,48
25937,21617,3430
25938,25739,0
25939,25739,0
25940,25739,0
25941,25739,0
25942,25702,28
25943,25739,0
25944,25739,0
25945,25739,0
25946,25164,444
25947,25486,194
25948,25739,0
25949,25739,0
25950,25450,222
25951,25702,28
25952,21752,3308
25953,25138,464
25954,25543,150
25955,20812,4176
25956,25739,0
25957,1,204480
25958,25739,0
25959,25739,0
25960,25512,174
25961,25739,0
25962,25707,24
25963,19660,5296
25964,25739,0
25965,25739,0
25966,25681,44
25967,25739,0
25968,25577,124
25969,25739,0
25970,25739,0
25971,25447,224
25972,25739,0
25973,25739,0
25974,25739,0
25975,25056,528
25976,25540,152
25977,22424,2710
25978,17389,7708
25979,25739,0
25980,25739,0
25981,25739,0
25982,25739,0
25983,25739,0
25984,25739,0
25985,25739,0
25986,25046,536
25987,25707,24
25988,25739,0
25989,25739,0
25990,25739,0
25991,25739,0
25992,25739,0
25993,25739,0
25994,25739,0
25995,25739,0
25996,25739,0
25997,25739,0
25998,24363,1080
25999,25739,0
26000,25739,0
26001,25702,28
26002,25739,0
26003,25561,136
26004,25707,24
26005,25739,0
26006,25692,36
26007,25739,0
26008,25421,244
26009,25739,0
26010,25739,0
26011,25707,24
26012,25739,0
26013,25582,120
26014,25739,0
26015,25739,0
26016,25739,0
26017,25739,0
26018,25739,0
26019,25739,0
26020,25613,96
26021,24919,636
26022,19115,5848
26023,25739,0
26024,25634,80
26025,25739,0
26026,25642,74
26027,25739,0
26028,25739,0
26029,25739,0
26030,25739,0
26031,25739,0
26032,25739,0
26033,19181,5780
26034,25739,0
26035,25739,0
26036,25739,0
26037,25739,0
26038,25739,0
26039,25739,0
26040,25739,0
26041,25702,28
26042,25739,0
26043,25739,0
26044,25739,0
26045,25739,0
26046,25739,0
26047,24934,624
26048,25739,0
26049,25739,0
26050,25739,0
26051,25739,0
26052,24047,1336
26053,25192,422
26054,25739,0
26055,23758,1574
26056,25522,166
26057,25707,24
26058,25739,0
26059,23577,1724
26060,25739,0
26061,25739,0
26062,25739,0
26063,25739,0
26064,25739,0
26065,20812,4176
26066,25739,0
26067,24527,948
26068,25739,0
26069,25739,0
26070,25739,0
26071,24657,844
26072,25739,0
26073,25739,0
26074,25739,0
26075,25739,0
26076,22600,2556
26077,25739,0
26078,25739,0
26079,22012,3074
26080,25739,0
26081,24432,1024
26082,24003,1372
26083,25739,0
26084,25739,0
26085,25739,0
26086,25739,0
26087,25739,0
26088,23372,1896
26089,24934,624
26090,25739,0
26091,25739,0
26092,25739,0
26093,25739,0
26094,25174,436
26095,25739,0
26096,24602,888
26097,25739,0
26098,25572,128
26099,25739,0
26100,25739,0
26101,25739,0
26102,25739,0
26103,25613,96
26104,25739,0
26105,25739,0
26106,25739,0
26107,25739,0
26108,25739,0
26109,25739,0
26110,24442,1016
26111,25739,0
26112,23804,1536
26113,25739,0
26114,25739,0
26115,25261,368
26116,25739,0
26117,25447,224
26118,23577,1724
26119,25739,0
26120,22154,2948
26121,24489,978
26122,25739,0
26123,25707,24
26124,25707,24
26125,25707,24
26126,25739,0
26127,25739,0
26128,25739,0
26129,25739,0
26130,25618,92
26131,25739,0
26132,22948,2256
26133,25739,0
26134,25739,0
26135,23434,1844
26136,25739,0
26137,25739,0
26138,25739,0
26139,25739,0
26140,23865,1486
26141,25739,0
26142,25739,0
26143,25739,0
26144,25739,0
26145,25739,0
26146,24303,1128
26147,25739,0
26148,25739,0
26149,25739,0
26150,25739,0
26151,25739,0
26152,22864,2328
26153,25739,0
26154,25739,0
26155,25739,0
26156,25739,0
26157,25739,0
26158,25416,248
26159,25739,0
26160,25739,0
26161,25739,0
26162,25739,0
26163,25739,0
26164,25739,0
26165,25739,0
26166,25739,0
26167,24402,1048
26168,24939,620
26169,25739,0
26170,25739,0
26171,25739,0
26172,25739,0
26173,25739,0
26174,25739,0
26175,23770,1564
26176,25739,0
26177,25739,0
26178,25739,0
26179,25739,0
26180,25739,0
26181,25739,0
26182,25739,0
26183,25739,0
26184,25739,0
26185,24155,1248
26186,25739,0
26187,25739,0
26188,24185,1224
26189,25739,0
26190,18541,6448
26191,25739,0
26192,25739,0
26193,25739,0
26194,25739,0
26195,25739,0
26196,25739,0
26197,25739,0
26198,25739,0
26199,25702,28
26200,25739,0
26201,25739,0
26202,25447,224
26203,25739,0
26204,25739,0
26205,25739,0
26206,25739,0
26207,25739,0
26208,25739,0
26209,25251,376
26210,18597,6388
26211,25739,0
26212,25739,0
26213,25739,0
26214,25658,62
26215,25739,0
26216,25739,0
26217,1,205648
26218,25739,0
26219,25739,0
26220,25739,0
26221,25739,0
26222,25062,524
26223,25739,0
26224,25739,0
26225,25739,0
26226,24929,628
26227,25739,0
26228,25739,0
26229,25739,0
26230,25603,104
26231,25739,0
26232,25739,0
26233,25739,0
26234,25739,0
26235,11336,16118
26236,25739,0
26237,25739,0
26238,20940,4056
26239,22290,2828
26240,25739,0
26241,24170,1236
26242,25739,0
26243,25739,0
26244,25644,72
26245,25739,0
26246,25739,0
26247,24808,724
26248,23098,2128
26249,25739,0
26250,24998,574
26251,25739,0
26252,25739,0
26253,25739,0
26254,18753,6224
26255,25739,0
26256,23911,1448
26257,25739,0
26258,25739,0
26259,25739,0
26260,25739,0
26261,25739,0
26262,25739,0
26263,25739,0
26264,25739,0
26265,25739,0
26266,25739,0
26267,25676,48
26268,22941,2262
26269,24627,868
26270,25739,0
26271,25739,0
26272,25739,0
26273,25739,0
26274,25739,0
26275,25739,0
26276,25739,0
26277,23220,2024
26278,25739,0
26279,11781,15362
26280,25739,0
26281,25707,24
26282,25254,374
26283,25739,0
26284,25739,0
26285,23967,1402
26286,25739,0
26287,25739,0
26288,25739,0
26289,25739,0
26290,22269,2846
26291,25739,0
26292,23657,1658
26293,25739,0
26294,25739,0
26295,23544,1752
26296,25739,0
26297,25739,0
26298,25739,0
26299,25739,0
26300,25739,0
26301,25739,0
26302,25393,266
26303,25739,0
26304,25739,0
26305,25739,0
26306,25739,0
26307,16263,9024
26308,25707,24
26309,11961,15064
26310,25692,36
26311,25739,0
26312,25739,0
26313,25739,0
26314,25676,48
26315,25739,0
26316,25739,0
26317,25739,0
26318,25739,0
26319,24652,848
26320,6988,25628
26321,25739,0
26322,25739,0
26323,23534,1760
26324,25739,0
26325,25739,0
26326,25671,52
26327,25707,24
26328,24552,928
26329,25692,36
26330,25739,0
26331,25739,0
26332,25159,448
26333,25739,0
26334,25739,0
26335,25739,0
26336,25739,0
26337,25739,0
26338,25739,0
26339,25739,0
26340,25739,0
26341,24803,728
26342,25739,0
26343,25739,0
26344,25702,28
26345,24745,774
26346,25739,0
26347,25739,0
26348,25739,0
26349,25739,0
26350,25739,0
26351,25702,28
26352,25739,0
26353,25702,28
26354,25739,0
26355,23756,1576
26356,25739,0
26357,25739,0
26358,25739,0
26359,23258,1992
26360,25739,0
26361,25739,0
26362,25739,0
26363,25739,0
26364,23482,1804
26365,25447,224
26366,25739,0
26367,25707,24
26368,25739,0
26369,22394,2736
26370,22903,2294
26371,25739,0
26372,25739,0
26373,25739,0
26374,25707,24
26375,25739,0
26376,25739,0
26377,25739,0
26378,25739,0
26379,25739,0
26380,23676,1642
26381,23818,1524
26382,24866,678
26383,25739,0
26384,25739,0
26385,25739,0
26386,25739,0
26387,25739,0
26388,25739,0
26389,25739,0
26390,25739,0
26391,25739,0
26392,25739,0
26393,25739,0
26394,25739,0
26395,15219,10328
26396,24033,1348
26397,25739,0
26398,25739,0
26399,25739,0
26400,25739,0
26401,25739,0
26402,25739,0
26403,25739,0
26404,25739,0
26405,25739,0
26406,25621,90
26407,25739,0
26408,25739,0
26409,23197,2044
26410,25739,0
26411,25739,0
26412,24652,848
26413,25676,48
26414,25739,0
26415,25739,0
26416,25702,28
26417,25739,0
26418,25739,0
26419,25702,28
26420,25739,0
26421,24427,1028
26422,25739,0
26423,25739,0
26424,25739,0
26425,25390,268
26426,25739,0
26427,25739,0
26428,25739,0
26429,25739,0
26430,25739,0
26431,25739,0
26432,25739,0
26433,25739,0
26434,25702,28
26435,25739,0
26436,23765,1568
26437,24185,1224
26438,23818,1524
26439,25483,196
26440,25739,0
26441,25739,0
26442,25739,0
26443,25739,0
26444,25739,0
26445,25739,0
26446,25702,28
26447,25739,0
26448,25739,0
26449,24033,1348
26450,25739,0
26451,25739,0
26452,25644,72
26453,25739,0
26454,25739,0
26455,25739,0
26456,25739,0
26457,25739,0
26458,25739,0
26459,25739,0
26460,22817,2368
26461,25739,0
26462,25739,0
26463,25639,76
26464,25739,0
26465,25739,0
26466,22609,2548
26467,25739,0
26468,25692,36
26469,24427,1028
26470,25739,0
26471,24993,578
26472,25739,0
26473,25739,0
26474,25739,0
26475,25739,0
26476,25739,0
26477,25739,0
26478,25739,0
26479,25671,52
26480,25739,0
26481,25707,24
26482,25739,0
26483,25739,0
26484,25739,0
26485,25702,28
26486,25676,48
26487,25739,0
26488,25739,0
26489,25739,0
26490,25739,0
26491,25739,0
26492,25739,0
26493,25739,0
26494,25639,76
26495,25707,24
26496,25739,0
26497,25739,0
26498,25739,0
26499,25739,0
26500,25739,0
26501,25739,0
26502,25572,128
26503,25739,0
26504,25739,0
26505,25739,0
26506,25739,0
26507,25739,0
26508,24848,692
26509,25707,24
26510,25707,24
26511,25739,0
26512,25739,0
26513,25739,0
26514,25739,0
26515,25739,0
26516,25739,0
26517,25739,0
26518,22783,2398
26519,22869,2324
26520,18945,6024
26521,25739,0
26522,25739,0
26523,25739,0
26524,25739,0
26525,25739,0
26526,20757,4228
26527,25739,0
26528,25739,0
26529,25739,0
26530,25739,0
26531,25739,0
26532,25739,0
26533,25739,0
26534,25739,0
26535,25739,0
26536,25739,0
26537,25739,0
26538,25739,0
26539,25739,0
26540,22957,2248
26541,25692,36
26542,25739,0
26543,25739,0
26544,25739,0
26545,25739,0
26546,25739,0
26547,25739,0
26548,25739,0
26549,25739,0
26550,25739,0
26551,25702,28
26552,25739,0
26553,25739,0
26554,25739,0
26555,18413,6584
26556,25739,0
26557,20970,4028
26558,25739,0
26559,25739,0
26560,25398,262
26561,25739,0
26562,25739,0
26563,8310,22222
26564,25739,0
26565,25692,36
26566,25739,0
26567,25739,0
26568,25739,0
26569,25603,104
26570,25556,140
26571,22864,2328
26572,25739,0
26573,25739,0
26574,25739,0
26575,25739,0
26576,25739,0
26577,25739,0
26578,25739,0
26579,25739,0
26580,25739,0
26581,25739,0
26582,25174,436
26583,25707,24
26584,25739,0
26585,25739,0
26586,21416,3614
26587,25676,48
26588,25634,80
26589,25739,0
26590,25739,0
26591,25739,0
26592,25739,0
26593,25739,0
26594,25739,0
26595,21841,3228
26596,25739,0
26597,25739,0
26598,25739,0
26599,25739,0
26600,25739,0
26601,25739,0
26602,25739,0
26603,23818,1524
26604,24402,1048
26605,25739,0
26606,25739,0
26607,25692,36
26608,25739,0
26609,25739,0
26610,25739,0
26611,25739,0
26612,25739,0
26613,25739,0
26614,25626,86
26615,25739,0
26616,25600,106
26617,25739,0
26618,25318,324
26619,25739,0
26620,18221,6790
26621,25546,148
26622,25739,0
26623,25739,0
26624,25739,0
26625,25739,0
26626,23804,1536
26627,22855,2336
26628,25739,0
26629,25739,0
26630,25739,0
26631,25739,0
26632,25739,0
26633,23597,1708
26634,25739,0
26635,19602,5354
26636,25739,0
26637,25739,0
26638,25676,48
26639,24532,944
26640,25739,0
26641,17532,7548
26642,25739,0
26643,25707,24
26644,25739,0
26645,25739,0
26646,25739,0
26647,25406,256
26648,25739,0
26649,25739,0
26650,25739,0
26651,25739,0
26652,24407,1044
26653,24405,1046
26654,25739,0
26655,25739,0
26656,25739,0
26657,25739,0
26658,25739,0
26659,25739,0
26660,25739,0
26661,25739,0
26662,23669,1648
26663,25082,508
26664,24579,906
26665,24567,916
26666,25739,0
26667,25739,0
26668,25739,0
26669,25739,0
26670,25739,0
26671,25739,0
26672,25739,0
26673,24687,820
26674,25739,0
26675,25739,0
26676,25739,0
26677,25739,0
26678,25739,0
26679,23707,1616
26680,25739,0
26681,3359,40028
26682,24778,748
26683,25739,0
26684,25739,0
26685,25707,24
26686,25739,0
26687,25739,0
26688,13959,12028
26689,25613,96
26690,25739,0
26691,25739,0
26692,25483,196
26693,25739,0
26694,25739,0
26695,25707,24
26696,25739,0
26697,25739,0
26698,23324,1936
26699,25739,0
26700,25159,448
26701,25739,0
26702,25739,0
26703,25739,0
26704,25739,0
26705,25739,0
26706,25739,0
26707,25739,0
26708,25739,0
26709,25739,0
26710,25707,24
26711,25739,0
26712,24055,1330
26713,25739,0
26714,25739,0
26715,24612,880
26716,8602,21544
26717,25739,0
26718,25739,0
26719,25739,0
26720,25739,0
26721,19788,5168
26722,25739,0
26723,25739,0
26724,25739,0
26725,23079,2144
26726,25739,0
26727,25504,180
26728,25739,0
26729,25739,0
26730,25739,0
26731,25739,0
26732,8406,21998
26733,25739,0
26734,23016,2198
26735,25739,0
26736,25520,168
26737,25739,0
26738,25739,0
26739,25739,0
26740,25707,24
26741,25739,0
26742,25739,0
26743,25739,0
26744,25739,0
26745,25739,0
26746,25739,0
26747,25739,0
26748,25739,0
26749,24939,620
26750,25739,0
26751,22729,2444
26752,25739,0
26753,25090,502
26754,25739,0
26755,25739,0
26756,25739,0
26757,25739,0
26758,25739,0
26759,25739,0
26760,25739,0
26761,25739,0
26762,25739,0
26763,25739,0
26764,25739,0
26765,25739,0
26766,25739,0
26767,25739,0
26768,25739,0
26769,22702,2468
26770,24062,1324
26771,25739,0
26772,25739,0
26773,25739,0
26774,10287,18028
26775,23613,1694
26776,25739,0
26777,25707,24
26778,25739,0
26779,25739,0
26780,25739,0
26781,24047,1336
26782,23698,1624
26783,25739,0
26784,25702,28
26785,25707,24
26786,25739,0
26787,23308,1950
26788,25739,0
26789,25739,0
26790,22831,2356
26791,25739,0
26792,25739,0
26793,25739,0
26794,25739,0
26795,25739,0
26796,25644,72
26797,25592,112
26798,25739,0
26799,25739,0
26800,25739,0
26801,25739,0
26802,25739,0
26803,18945,6024
26804,25739,0
26805,25739,0
26806,25739,0
26807,25577,124
26808,25739,0
26809,24557,924
26810,25739,0
26811,25739,0
26812,25739,0
26813,25681,44
26814,24432,1024
26815,25164,444
26816,23055,2164
26817,25739,0
26818,25739,0
26819,25739,0
26820,24373,1072
26821,25739,0
26822,17062,8082
26823,25739,0
26824,25739,0
26825,25665,56
26826,25739,0
26827,25658,62
26828,25739,0
26829,25707,24
26830,25707,24
26831,25739,0
26832,25447,224
26833,25739,0
26834,25676,48
26835,25739,0
26836,25739,0
26837,25739,0
26838,25739,0
26839,25739,0
26840,5867,29066
26841,24023,1356
26842,24241,1178
26843,25739,0
26844,25707,24
26845,25739,0
26846,25739,0
26847,25739,0
26848,25739,0
26849,23743,1586
26850,25739,0
26851,25739,0
26852,22969,2238
26853,25739,0
26854,25739,0
26855,25739,0
26856,25739,0
26857,25739,0
26858,25739,0
26859,24464,998
26860,25739,0
26861,25739,0
26862,25603,104
26863,25739,0
26864,25739,0
26865,25739,0
26866,24266,1158
26867,25739,0
26868,25739,0
26869,25739,0
26870,25707,24
26871,25707,24
26872,25739,0
26873,25739,0
26874,25739,0
26875,25739,0
26876,25739,0
26877,24160,1244
26878,25739,0
26879,1860,51648
26880,25739,0
26881,25046,536
26882,25739,0
26883,25739,0
26884,25739,0
26885,21787,3276
26886,25421,244
26887,25739,0
26888,25377,278
26889,25702,28
26890,25739,0
26891,25644,72
26892,23916,1444
26893,25671,52
26894,25739,0
26895,22415,2718
26896,25133,468
26897,24467,996
26898,25739,0
26899,25739,0
26900,25739,0
26901,25739,0
26902,25739,0
26903,25739,0
26904,25739,0
26905,25707,24
26906,25739,0
26907,25739,0
26908,25739,0
26909,25739,0
26910,25739,0
26911,25739,0
26912,25739,0
26913,25613,96
26914,24462,1000
26915,25739,0
26916,25739,0
26917,25707,24
26918,25739,0
26919,25739,0
26920,23818,1524
26921,25739,0
26922,24846,694
26923,25739,0
26924,25739,0
26925,25739,0
26926,25739,0
26927,25739,0
26928,25739,0
26929,24682,824
26930,25692,36
26931,25739,0
26932,25739,0
26933,25739,0
26934,25739,0
26935,25739,0
26936,25488,192
26937,25739,0
26938,15107,10474
26939,25707,24
26940,25707,24
26941,25676,48
26942,25739,0
26943,25739,0
26944,25707,24
26945,25739,0
26946,25739,0
26947,25739,0
26948,25739,0
26949,25739,0
26950,25739,0
26951,24192,1218
26952,25702,28
26953,25739,0
26954,25739,0
26955,25739,0
26956,25739,0
26957,25739,0
26958,25739,0
26959,6813,26126
26960,25739,0
26961,25702,28
26962,25739,0
26963,25739,0
26964,25739,0
26965,25739,0
26966,25739,0
26967,25739,0
26968,25739,0
26969,25739,0
26970,25125,474
26971,24123,1274
26972,25692,36
26973,25739,0
26974,25739,0
26975,24197,1214
26976,25739,0
26977,25739,0
26978,25739,0
26979,25739,0
26980,25739,0
26981,25739,0
26982,25739,0
26983,25572,128
26984,25148,456
26985,25739,0
26986,25739,0
26987,25125,474
26988,25702,28
26989,22428,2706
26990,23301,1956
26991,25739,0
26992,25739,0
26993,25739,0
26994,25739,0
26995,25739,0
26996,25739,0
26997,25739,0
26998,25739,0
26999,25739,0
27000,25739,0
27001,25676,48
27002,25739,0
27003,25739,0
27004,25739,0
27005,25739,0
27006,25189,424
27007,25739,0
27008,25739,0
27009,25739,0
27010,23664,1652
27011,17375,7724
27012,25062,524
27013,25739,0
27014,23925,1436
27015,25739,0
27016,25739,0
27017,25739,0
27018,25739,0
27019,25739,0
27020,25707,24
27021,25671,52
27022,25739,0
27023,25739,0
27024,25739,0
27025,25739,0
27026,25739,0
27027,25046,536
27028,25739,0
27029,25739,0
27030,25577,124
27031,25739,0
27032,25530,160
27033,25739,0
27034,25739,0
27035,23434,1844
27036,25739,0
27037,25739,0
27038,25739,0
27039,25184,428
27040,25739,0
27041,25739,0
27042,25292,344
27043,25739,0
27044,25739,0
27045,25592,112
27046,25739,0
27047,25739,0
27048,25739,0
27049,25016,560
27050,25739,0
27051,25739,0
27052,25676,48
27053,25739,0
27054,13017,13400
27055,25739,0
27056,25072,516
27057,21327,3696
27058,25692,36
27059,25540,152
27060,23818,1524
27061,25739,0
27062,23611,1696
27063,25739,0
27064,25676,48
27065,22131,2968
27066,25739,0
27067,25133,468
27068,25739,0
27069,25739,0
27070,25254,374
27071,25739,0
27072,25739,0
27073,25739,0
27074,25739,0
27075,25739,0
27076,25739,0
27077,25739,0
27078,25598,108
27079,25739,0
27080,23852,1496
27081,25739,0
27082,25739,0
27083,25739,0
27084,15457,10024
27085,23458,1824
27086,25739,0
27087,25739,0
27088,25739,0
27089,25739,0
27090,25739,0
27091,25739,0
27092,25739,0
27093,25739,0
27094,25739,0
27095,24584,902
27096,25739,0
27097,25739,0
27098,25739,0
27099,25676,48
27100,25520,168
27101,25739,0
27102,25739,0
27103,25739,0
27104,24657,844
27105,20160,4802
27106,25707,24
27107,25739,0
27108,25739,0
27109,23911,1448
27110,25613,96
27111,25739,0
27112,25739,0
27113,25739,0
27114,25739,0
27115,23549,1748
27116,25707,24
27117,24808,724
27118,25739,0
27119,24385,1062
27120,25739,0
27121,25739,0
27122,24502,968
27123,25739,0
27124,25739,0
27125,25287,348
27126,25665,56
27127,25739,0
27128,25739,0
27129,25739,0
27130,25561,136
27131,25707,24
27132,22729,2444
27133,25739,0
27134,25572,128
27135,25739,0
27136,25739,0
27137,25739,0
27138,25681,44
27139,25739,0
27140,25739,0
27141,25056,528
27142,25639,76
27143,25739,0
27144,25739,0
27145,25530,160
27146,1312,58514
27147,25692,36
27148,25739,0
27149,25739,0
27150,23753,1578
27151,25739,0
27152,25739,0
27153,25739,0
27154,25739,0
27155,19756,5200
27156,25739,0
27157,22748,2428
27158,25739,0
27159,24502,968
27160,25739,0
27161,15184,10374
27162,22922,2278
27163,21598,3448
27164,25382,274
27165,25739,0
27166,25739,0
27167,25739,0
27168,25707,24
27169,15435,10052
27170,25739,0
27171,25739,0
27172,25739,0
27173,25739,0
27174,25739,0
27175,25739,0
27176,24990,580
27177,25228,394
27178,25616,94
27179,25739,0
27180,17727,7330
27181,25739,0
27182,25739,0
27183,25739,0
27184,25739,0
27185,25739,0
27186,25739,0
27187,25707,24
27188,25739,0
27189,25457,216
27190,24559,922
27191,25739,0
27192,25739,0
27193,25739,0
27194,25739,0
27195,25739,0
27196,25739,0
27197,25739,0
27198,25739,0
27199,25739,0
27200,25577,124
27201,25739,0
27202,25739,0
27203,25739,0
27204,25739,0
27205,25739,0
27206,25739,0
27207,25739,0
27208,25739,0
27209,24929,628
27210,25739,0
27211,25739,0
27212,25390,268
27213,22924,2276
27214,25707,24
27215,6312,27628
27216,25676,48
27217,25189,424
27218,25739,0
27219,25739,0
27220,25739,0
27221,24667,836
27222,25739,0
27223,25707,24
27224,25739,0
27225,25739,0
27226,25739,0
27227,25739,0
27228,25739,0
27229,25739,0
27230,25739,0
27231,23637,1674
27232,23935,1428
27233,25739,0
27234,25739,0
27235,25739,0
27236,25739,0
27237,25616,94
27238,25739,0
27239,25739,0
27240,25457,216
27241,23753,1578
27242,24185,1224
27243,25739,0
27244,25707,24
27245,25739,0
27246,25739,0
27247,25739,0
27248,25254,374
27249,25707,24
27250,25739,0
27251,18197,6816
27252,25739,0
27253,25665,56
27254,25739,0
27255,25739,0
27256,24432,1024
27257,25739,0
27258,25739,0
27259,25707,24
27260,25739,0
27261,25707,24
27262,17617,7452
27263,25707,24
27264,25702,28
27265,25739,0
27266,25739,0
27267,25739,0
27268,25739,0
27269,25739,0
27270,25739,0
27271,25577,124
27272,25739,0
27273,20688,4294
27274,25739,0
27275,25739,0
27276,25739,0
27277,25739,0
27278,24185,1224
27279,25739,0
27280,25739,0
27281,25431,236
27282,22154,2948
27283,25739,0
27284,21963,3118
27285,25739,0
27286,6660,26574
27287,25739,0
27288,25739,0
27289,25739,0
27290,25739,0
27291,25351,298
27292,25681,44
27293,25739,0
27294,25739,0
27295,25739,0
27296,25739,0
27297,25739,0
27298,25097,496
27299,25739,0
27300,25739,0
27301,23577,1724
27302,25488,192
27303,25739,0
27304,24808,724
27305,25533,158
27306,25739,0
27307,25739,0
27308,25739,0
27309,25739,0
27310,25739,0
27311,25739,0
27312,25739,0
27313,25739,0
27314,25739,0
27315,25739,0
27316,6896,25888
27317,25739,0
27318,25739,0
27319,25739,0
27320,25739,0
27321,25739,0
27322,24702,808
27323,25739,0
27324,25739,0
27325,25702,28
27326,25739,0
27327,25739,0
27328,25739,0
27329,25739,0
27330,25739,0
27331,25739,0
27332,25739,0
27333,25739,0
27334,25739,0
27335,25739,0
27336,25739,0
27337,25739,0
27338,24497,972
27339,25676,48
27340,25739,0
27341,25739,0
27342,25739,0
27343,25739,0
27344,25739,0
27345,25739,0
27346,25739,0
27347,25739,0
27348,25056,528
27349,25739,0
27350,25739,0
27351,20135,4826
27352,25739,0
27353,24244,1176
27354,25739,0
27355,25739,0
27356,25739,0
27357,25739,0
27358,25739,0
27359,25739,0
27360,25739,0
27361,25739,0
27362,25739,0
27363,25739,0
27364,25739,0
27365,25739,0
27366,25739,0
27367,25739,0
27368,25739,0
27369,25739,0
27370,25739,0
27371,25739,0
27372,25125,474
27373,25739,0
27374,25707,24
27375,25739,0
27376,25739,0
27377,25739,0
27378,25577,124
27379,25739,0
27380,25739,0
27381,25739,0
27382,25739,0
27383,25739,0
27384,24589,898
27385,25676,48
27386,25739,0
27387,25739,0
27388,25739,0
27389,25739,0
27390,24757,764
27391,25739,0
27392,17102,8036
27393,25739,0
27394,25739,0
27395,25739,0
27396,25676,48
27397,25739,0
27398,25546,148
27399,25739,0
27400,16056,9276
27401,25739,0
27402,25739,0
27403,25351,298
27404,24494,974
27405,25739,0
27406,21825,3242
27407,25421,244
27408,25739,0
27409,25707,24
27410,18807,6168
27411,25739,0
27412,25676,48
27413,20551,4424
27414,25739,0
27415,25739,0
27416,25692,36
27417,25189,424
27418,25739,0
27419,25608,100
27420,25739,0
27421,25707,24
27422,25739,0
27423,25739,0
27424,25739,0
27425,1,253896
27426,25739,0
27427,25739,0
27428,25739,0
27429,25739,0
27430,23135,2096
27431,25739,0
27432,24557,924
27433,25739,0
27434,22403,2728
27435,25739,0
27436,25739,0
27437,25739,0
27438,25739,0
27439,25739,0
27440,10571,17492
27441,25739,0
27442,25739,0
27443,25739,0
27444,25739,0
27445,25707,24
27446,25739,0
27447,24175,1232
27448,25739,0
27449,25739,0
27450,25739,0
27451,25739,0
27452,25739,0
27453,25739,0
27454,25739,0
27455,20918,4076
27456,803,68164
27457,25739,0
27458,1959,50626
27459,25739,0
27460,25739,0
27461,25739,0
27462,24382,1064
27463,25739,0
27464,25739,0
27465,24773,752
27466,25739,0
27467,25739,0
27468,25739,0
27469,25739,0
27470,25739,0
27471,25739,0
27472,25739,0
27473,25739,0
27474,25739,0
27475,25739,0
27476,21845,3224
27477,25739,0
27478,25739,0
27479,25739,0
27480,25739,0
27481,25739,0
27482,25739,0
27483,1848,51774
27484,25739,0
27485,25692,36
27486,19954,5004
27487,25421,244
27488,25739,0
27489,25739,0
27490,25739,0
27491,25739,0
27492,25739,0
27493,25739,0
27494,25739,0
27495,25739,0
27496,25577,124
27497,25739,0
27498,25739,0
27499,25739,0
27500,24345,1094
27501,20778,4208
27502,25223,398
27503,24803,728
27504,25739,0
27505,25702,28
27506,25739,0
27507,25189,424
27508,25739,0
27509,25739,0
27510,25739,0
27511,25702,28
27512,25739,0
27513,25739,0
27514,24477,988
27515,25739,0
27516,25739,0
27517,25739,0
27518,25739,0
27519,25707,24
27520,25739,0
27521,24569,914
27522,25739,0
27523,25739,0
27524,25702,28
27525,25739,0
27526,25739,0
27527,25692,36
27528,25739,0
27529,25739,0
27530,25739,0
27531,25702,28
27532,25707,24
27533,25739,0
27534,25369,284
27535,25739,0
27536,23698,1624
27537,25431,236
27538,15710,9704
27539,24264,1160
27540,25739,0
27541,25056,528
27542,25739,0
27543,25739,0
27544,25642,74
27545,25739,0
27546,25739,0
27547,25520,168
27548,25739,0
27549,25739,0
27550,25512,174
27551,25739,0
27552,25739,0
27553,25639,76
27554,25739,0
27555,25739,0
27556,25739,0
27557,25416,248
27558,25739,0
27559,25739,0
27560,25739,0
27561,25707,24
27562,25707,24
27563,25707,24
27564,23510,1780
27565,25739,0
27566,25739,0
27567,25739,0
27568,25739,0
27569,25447,224
27570,25739,0
27571,25739,0
27572,25739,0
27573,25739,0
27574,25739,0
27575,25739,0
27576,25739,0
27577,25739,0
27578,25739,0
27579,25739,0
27580,1919,51028
27581,25036,544
27582,24479,986
27583,25613,96
27584,25739,0
27585,25739,0
27586,25739,0
27587,25739,0
27588,25739,0
27589,22864,2328
27590,24343,1096
27591,25739,0
27592,25739,0
27593,25739,0
27594,25739,0
27595,25739,0
27596,24185,1224
27597,25164,444
27598,25548,146
27599,25739,0
27600,25739,0
27601,22168,2936
27602,25739,0
27603,25707,24
27604,25739,0
27605,24589,898
27606,25739,0
27607,25707,24
27608,25739,0
27609,25739,0
27610,18469,6524
27611,25739,0
27612,25739,0
27613,25739,0
27614,25739,0
27615,25739,0
27616,25739,0
27617,25739,0
27618,25739,0
27619,25318,324
27620,25739,0
27621,25739,0
27622,25739,0
27623,24912,642
27624,25739,0
27625,25739,0
27626,25218,402
27627,25739,0
27628,25739,0
27629,25739,0
27630,25739,0
27631,25739,0
27632,25739,0
27633,25739,0
27634,25671,52
27635,25739,0
27636,25631,82
27637,25739,0
27638,25739,0
27639,25739,0
27640,25739,0
27641,22855,2336
27642,25739,0
27643,25739,0
27644,17801,7248
27645,25739,0
27646,23597,1708
27647,25707,24
27648,25739,0
27649,22971,2236
27650,25739,0
27651,25739,0
27652,25739,0
27653,25739,0
27654,25739,0
27655,25739,0
27656,25739,0
27657,25189,424
27658,25739,0
27659,25739,0
27660,25739,0
27661,25739,0
27662,25739,0
27663,25739,0
27664,25739,0
27665,25739,0
27666,25739,0
27667,25739,0
27668,25739,0
27669,25525,164
27670,25739,0
27671,25739,0
27672,25739,0
27673,25739,0
27674,11505,15828
27675,25739,0
27676,25739,0
27677,25739,0
27678,25739,0
27679,25739,0
27680,1942,50798
27681,25739,0
27682,24447,1012
27683,25739,0
27684,25739,0
27685,24592,896
27686,25006,568
27687,25739,0
27688,25739,0
27689,25739,0
27690,25062,524
27691,25739,0
27692,25739,0
27693,25739,0
27694,25739,0
27695,25739,0
27696,25261,368
27697,25739,0
27698,25739,0
27699,20181,4782
27700,25739,0
27701,25739,0
27702,19628,5328
27703,25739,0
27704,22308,2812
27705,25739,0
27706,25739,0
27707,4643,33664
27708,24557,924
27709,25739,0
27710,25739,0
27711,158,100068
27712,25739,0
27713,25739,0
27714,25739,0
27715,25739,0
27716,25739,0
27717,25739,0
27718,25739,0
27719,25739,0
27720,25739,0
27721,25739,0
27722,25739,0
27723,25739,0
27724,25739,0
27725,25739,0
27726,25739,0
27727,25739,0
27728,25739,0
27729,21471,3564
27730,23453,1828
27731,25739,0
27732,25739,0
27733,25739,0
27734,24579,906
27735,25739,0
27736,25739,0
27737,25739,0
27738,25382,274
27739,25034,546
27740,23869,1482
27741,25631,82
27742,25739,0
27743,21761,3300
27744,25739,0
27745,25739,0
27746,25707,24
27747,25585,118
27748,25739,0
27749,25739,0
27750,25739,0
27751,24392,1056
27752,25488,192
27753,25739,0
27754,25739,0
27755,25739,0
27756,25739,0
27757,25739,0
27758,25676,48
27759,25739,0
27760,25739,0
27761,25739,0
27762,25739,0
27763,25739,0
27764,25062,524
27765,25676,48
27766,25739,0
27767,25739,0
27768,10272,18056
27769,25739,0
27770,25739,0
27771,25707,24
27772,25228,394
27773,24894,656
27774,21721,3336
27775,25739,0
27776,25739,0
27777,22454,2684
27778,25739,0
27779,25739,0
27780,25739,0
27781,18660,6322
27782,25658,62
27783,24879,668
27784,23055,2164
27785,25739,0
27786,25739,0
27787,8831,21028
27788,25739,0
27789,25739,0
27790,25739,0
27791,25739,0
27792,25739,0
27793,25739,0
27794,25739,0
27795,25739,0
27796,25739,0
27797,25739,0
27798,24808,724
27799,24778,748
27800,25739,0
27801,25739,0
27802,25739,0
27803,25739,0
27804,23804,1536
27805,25739,0
27806,25739,0
27807,25164,444
27808,25739,0
27809,25739,0
27810,9077,20488
27811,25739,0
27812,25739,0
27813,25739,0
27814,25739,0
27815,23168,2068
27816,25739,0
27817,25739,0
27818,25739,0
27819,25739,0
27820,25739,0
27821,25133,468
27822,25169,440
27823,25739,0
27824,25739,0
27825,148,101444
27826,24934,624
27827,25739,0
27828,25739,0
27829,25739,0
27830,25739,0
27831,25739,0
27832,25739,0
27833,25707,24
27834,20518,4456
27835,25739,0
27836,25739,0
27837,23818,1524
27838,25739,0
27839,25739,0
27840,25739,0
27841,25739,0
27842,25739,0
27843,25739,0
27844,23131,2100
27845,25739,0
27846,25739,0
27847,25739,0
27848,25613,96
27849,25739,0
27850,25655,64
27851,25739,0
27852,25629,84
27853,25739,0
27854,25739,0
27855,25702,28
27856,25739,0
27857,23911,1448
27858,25739,0
27859,25739,0
27860,25739,0
27861,25739,0
27862,25184,428
27863,25739,0
27864,25739,0
27865,24542,936
27866,25189,424
27867,25739,0
27868,24934,624
27869,25739,0
27870,25739,0
27871,25739,0
27872,25739,0
27873,25658,62
27874,25739,0
27875,25739,0
27876,25739,0
27877,25739,0
27878,25739,0
27879,24647,852
27880,25739,0
27881,25739,0
27882,24101,1292
27883,25739,0
27884,8369,22084
27885,25676,48
27886,25739,0
27887,25739,0
27888,25739,0
27889,25739,0
27890,25739,0
27891,25739,0
27892,25159,448
27893,25739,0
27894,22440,2696
27895,24737,780
27896,25739,0
27897,25739,0
27898,25739,0
27899,25739,0
27900,25739,0
27901,22739,2436
27902,17961,7072
27903,25739,0
27904,23865,1486
27905,25739,0
27906,25739,0
27907,25174,436
27908,25739,0
27909,25739,0
27910,25739,0
27911,23549,1748
27912,25739,0
27913,25702,28
27914,25739,0
27915,25665,56
27916,25739,0
27917,22609,2548
27918,25739,0
27919,25707,24
27920,25248,378
27921,25739,0
27922,25739,0
27923,25739,0
27924,25739,0
27925,25739,0
27926,25739,0
27927,25739,0
27928,25739,0
27929,25059,526
27930,25739,0
27931,25739,0
27932,25739,0
27933,25739,0
27934,25739,0
27935,25739,0
27936,25739,0
27937,25739,0
27938,25739,0
27939,25739,0
27940,25739,0
27941,25739,0
27942,25739,0
27943,25739,0
27944,25739,0
27945,25739,0
27946,25739,0
27947,25739,0
27948,25739,0
27949,25739,0
27950,25739,0
27951,24072,1316
27952,25739,0
27953,25739,0
27954,25739,0
27955,25739,0
27956,25739,0
27957,25739,0
27958,25739,0
27959,23161,2074
27960,25631,82
27961,25739,0
27962,25739,0
27963,25739,0
27964,25739,0
27965,25739,0
27966,25739,0
27967,25739,0
27968,25739,0
27969,25739,0
27970,25739,0
27971,20912,4082
27972,25739,0
27973,25739,0
27974,25739,0
27975,25702,28
27976,25739,0
27977,25739,0
27978,25739,0
27979,25739,0
27980,25739,0
27981,25739,0
27982,20897,4096
27983,25739,0
27984,25739,0
27985,25739,0
27986,25739,0
27987,25739,0
27988,25739,0
27989,25739,0
27990,25739,0
27991,25739,0
27992,25739,0
27993,25739,0
27994,25739,0
27995,25739,0
27996,25739,0
27997,24190,1220
27998,25739,0
27999,25739,0
28000,25739,0
28001,25739,0
28002,25739,0
28003,1,181510
28004,14687,11028
28005,25739,0
28006,25488,192
28007,25739,0
28008,25739,0
28009,25676,48
28010,25739,0
28011,25739,0
28012,25739,0
28013,25739,0
28014,25739,0
28015,25739,0
28016,25739,0
28017,25739,0
28018,25739,0
28019,25739,0
28020,25739,0
28021,25739,0
28022,25681,44
28023,25739,0
28024,25739,0
28025,25739,0
28026,25739,0
28027,25739,0
28028,25739,0
28029,25739,0
28030,25739,0
28031,13594,12548
28032,22869,2324
28033,25739,0
28034,25739,0
28035,25739,0
28036,22550,2600
28037,25739,0
28038,25739,0
28039,25739,0
28040,25707,24
28041,25739,0
28042,25739,0
28043,25739,0
28044,25739,0
28045,25739,0
28046,25739,0
28047,25739,0
28048,25739,0
28049,25739,0
28050,25739,0
28051,25739,0
28052,25739,0
28053,25707,24
28054,23751,1580
28055,25702,28
28056,25739,0
28057,25739,0
28058,25739,0
28059,25739,0
28060,25377,278
28061,23294,1962
28062,25739,0
28063,24657,844
28064,25739,0
28065,25739,0
28066,21305,3716
28067,25739,0
28068,25739,0
28069,25739,0
28070,25739,0
28071,23967,1402
28072,23275,1978
28073,25739,0
28074,25739,0
28075,25100,494
28076,25739,0
28077,15105,10476
28078,25739,0
28079,25739,0
28080,25739,0
28081,25739,0
28082,25739,0
28083,25739,0
28084,25739,0
28085,25739,0
28086,21130,3878
28087,25739,0
28088,25739,0
28089,25133,468
28090,25739,0
28091,25739,0
28092,25707,24
28093,24318,1116
28094,25739,0
28095,25676,48
28096,25739,0
28097,15378,10124
28098,25739,0
28099,25739,0
28100,25702,28
28101,25739,0
28102,25739,0
28103,25739,0
28104,21175,3836
28105,25739,0
28106,25739,0
28107,25739,0
28108,25739,0
28109,25739,0
28110,25739,0
28111,25739,0
28112,23515,1776
28113,25702,28
28114,25739,0
28115,25739,0
28116,25739,0
28117,25006,568
28118,25739,0
28119,25707,24
28120,23852,1496
28121,25739,0
28122,25496,186
28123,25739,0
28124,25707,24
28125,25613,96
28126,25739,0
28127,25707,24
28128,25739,0
28129,25739,0
28130,25739,0
28131,25707,24
28132,25739,0
28133,25739,0
28134,25739,0
28135,23896,1460
28136,25739,0
28137,25618,92
28138,25739,0
28139,25707,24
28140,25739,0
28141,25739,0
28142,25739,0
28143,15189,10368
28144,25739,0
28145,25739,0
28146,12046,14924
28147,25739,0
28148,25676,48
28149,25739,0
28150,25739,0
28151,25739,0
28152,25739,0
28153,25644,72
28154,25739,0
28155,25739,0
28156,25739,0
28157,25739,0
28158,25739,0
28159,25739,0
28160,25739,0
28161,25174,436
28162,24740,778
28163,24185,1224
28164,25739,0
28165,25739,0
28166,1640,54124
28167,25739,0
28168,25159,448
28169,1760,52728
28170,25739,0
28171,23789,1548
28172,21914,3162
28173,25739,0
28174,25618,92
28175,25739,0
28176,25739,0
28177,25351,298
28178,1465,56344
28179,25739,0
28180,25739,0
28181,25739,0
28182,25739,0
28183,25739,0
28184,25739,0
28185,20867,4124
28186,23698,1624
28187,25739,0
28188,25739,0
28189,21331,3692
28190,25739,0
28191,25739,0
28192,25739,0
28193,25739,0
28194,25739,0
28195,25274,358
28196,25739,0
28197,24937,622
28198,25739,0
28199,25739,0
28200,25739,0
28201,25739,0
28202,23647,1666
28203,25739,0
28204,25739,0
28205,25739,0
28206,25739,0
28207,25739,0
28208,25739,0
28209,25739,0
28210,25658,62
28211,25739,0
28212,25739,0
28213,25739,0
28214,25739,0
28215,25626,86
28216,25739,0
28217,25739,0
28218,24517,956
28219,25561,136
28220,25739,0
28221,25739,0
28222,25739,0
28223,25739,0
28224,25739,0
28225,23489,1798
28226,25739,0
28227,25739,0
28228,25739,0
28229,25739,0
28230,25739,0
28231,25739,0
28232,25739,0
28233,25739,0
28234,23789,1548
28235,25739,0
28236,25739,0
28237,25739,0
28238,25739,0
28239,25739,0
28240,25739,0
28241,25739,0
28242,25416,248
28243,25707,24
28244,25739,0
28245,25739,0
28246,25739,0
28247,25644,72
28248,24760,762
28249,25739,0
28250,25390,268
28251,25739,0
28252,25100,494
28253,25739,0
28254,25739,0
28255,25739,0
28256,25739,0
28257,25739,0
28258,25637,78
28259,25739,0
28260,25739,0
28261,25692,36
28262,23751,1580
28263,25639,76
28264,25739,0
28265,25159,448
28266,25739,0
28267,22442,2694
28268,25739,0
28269,25739,0
28270,25739,0
28271,25739,0
28272,1947,50748
28273,25739,0
28274,25739,0
28275,25692,36
28276,24348,1092
28277,25739,0
28278,25739,0
28279,19986,4972
28280,25739,0
28281,25739,0
28282,23867,1484
28283,25739,0
28284,25739,0
28285,25739,0
28286,25665,56
28287,25692,36
28288,24682,824
28289,25739,0
28290,24489,978
28291,24345,1094
28292,25702,28
28293,25739,0
28294,25642,74
28295,25739,0
28296,25504,180
28297,25739,0
28298,25739,0
28299,25125,474
28300,25739,0
28301,25739,0
28302,25051,532
28303,25739,0
28304,25739,0
28305,25739,0
28306,25739,0
28307,25739,0
28308,25739,0
28309,25739,0
28310,25739,0
28311,25702,28
28312,25739,0
28313,25739,0
28314,25739,0
28315,25624,88
28316,25739,0
28317,25739,0
28318,25739,0
28319,25739,0
28320,24222,1194
28321,25739,0
28322,25639,76
28323,25739,0
28324,25739,0
28325,17796,7254
28326,25113,484
28327,25739,0
28328,25739,0
28329,25739,0
28330,25585,118
28331,25739,0
28332,25676,48
28333,25739,0
28334,25739,0
28335,25739,0
28336,25739,0
28337,25367,286
28338,25739,0
28339,25739,0
28340,25318,324
28341,25739,0
28342,25739,0
28343,25069,518
28344,23989,1384
28345,25739,0
28346,25739,0
28347,25739,0
28348,23503,1786
28349,25546,148
28350,25739,0
28351,25739,0
28352,25739,0
28353,25707,24
28354,25125,474
28355,25421,244
28356,25739,0
28357,25739,0
28358,25739,0
28359,25739,0
28360,25739,0
28361,24207,1206
28362,25739,0
28363,25277,356
28364,25739,0
28365,20551,4424
28366,25205,412
28367,25739,0
28368,25739,0
28369,25739,0
28370,25739,0
28371,25739,0
28372,25739,0
28373,22554,2596
28374,25110,486
28375,25739,0
28376,25739,0
28377,25739,0
28378,25739,0
28379,25739,0
28380,25739,0
28381,25739,0
28382,25739,0
28383,23690,1630
28384,23756,1576
28385,25739,0
28386,25739,0
28387,25739,0
28388,25739,0
28389,25739,0
28390,25739,0
28391,25739,0
28392,25739,0
28393,25739,0
28394,25739,0
28395,25739,0
28396,25739,0
28397,25739,0
28398,24589,898
28399,25313,328
28400,25739,0
28401,25739,0
28402,25739,0
28403,25739,0
28404,25739,0
28405,25676,48
28406,25739,0
28407,25739,0
28408,25739,0
28409,25739,0
28410,24365,1078
28411,25739,0
28412,25739,0
28413,25613,96
28414,24306,1126
28415,25739,0
28416,25739,0
28417,25739,0
28418,25739,0
28419,24682,824
28420,25739,0
28421,25739,0
28422,25739,0
28423,25739,0
28424,25644,72
28425,25421,244
28426,25739,0
28427,25739,0
28428,25739,0
28429,25637,78
28430,25739,0
28431,25739,0
28432,25739,0
28433,25313,328
28434,25739,0
28435,23157,2078
28436,25739,0
28437,25739,0
28438,25707,24
28439,25739,0
28440,24909,644
28441,25739,0
28442,25739,0
28443,25676,48
28444,22290,2828
28445,25739,0
28446,25739,0
28447,25739,0
28448,25577,124
28449,25382,274
28450,25739,0
28451,25702,28
28452,25739,0
28453,25707,24
28454,23429,1848
28455,25739,0
28456,25739,0
28457,25739,0
28458,25739,0
28459,25739,0
28460,25739,0
28461,25739,0
28462,25739,0
28463,25739,0
28464,20535,4440
28465,20474,4498
28466,25739,0
28467,25739,0
28468,25739,0
28469,25739,0
28470,25739,0
28471,25739,0
28472,25561,136
28473,25634,80
28474,25739,0
28475,25362,290
28476,25739,0
28477,25739,0
28478,25676,48
28479,24552,928
28480,25707,24
28481,25739,0
28482,25739,0
28483,25739,0
28484,25442,228
28485,25739,0
28486,25702,28
28487,25739,0
28488,25739,0
28489,21051,3952
28490,25739,0
28491,25739,0
28492,25739,0
28493,25739,0
28494,25739,0
28495,25739,0
28496,25739,0
28497,25592,112
28498,25739,0
28499,25739,0
28500,25739,0
28501,25739,0
28502,25739,0
28503,25707,24
28504,24861,682
28505,25739,0
28506,25739,0
28507,25739,0
28508,25739,0
28509,25739,0
28510,25739,0
28511,25739,0
28512,25739,0
28513,22776,2404
28514,25739,0
28515,25739,0
28516,25739,0
28517,25739,0
28518,25739,0
28519,25739,0
28520,25739,0
28521,25739,0
28522,25739,0
28523,25739,0
28524,25739,0
28525,25739,0
28526,25692,36
28527,25671,52
28528,25739,0
28529,25739,0
28530,25665,56
28531,25739,0
28532,18945,6024
28533,25062,524
28534,24929,628
28535,21059,3944
28536,21399,3630
28537,25739,0
28538,25739,0
28539,25739,0
28540,25447,224
28541,25739,0
28542,25739,0
28543,25739,0
28544,25739,0
28545,25159,448
28546,24785,742
28547,25739,0
28548,25739,0
28549,25113,484
28550,25302,336
28551,25739,0
28552,25739,0
28553,25739,0
28554,24402,1048
28555,25739,0
28556,25739,0
28557,25739,0
28558,25707,24
28559,24841,698
28560,22154,2948
28561,25739,0
28562,25739,0
28563,24752,768
28564,25739,0
28565,25739,0
28566,25739,0
28567,23729,1598
28568,25644,72
28569,25739,0
28570,25739,0
28571,25739,0
28572,25739,0
28573,25739,0
28574,23753,1578
28575,25739,0
28576,25739,0
28577,25739,0
28578,25739,0
28579,11803,15326
28580,25707,24
28581,25739,0
28582,25739,0
28583,25739,0
28584,24454,1006
28585,25739,0
28586,25739,0
28587,22662,2502
28588,25739,0
28589,24492,976
28590,25739,0
28591,25739,0
28592,25739,0
28593,25739,0
28594,25739,0
28595,25739,0
28596,25739,0
28597,25739,0
28598,25739,0
28599,24934,624
28600,25739,0
28601,3944,36874
28602,23901,1456
28603,25739,0
28604,24427,1028
28605,24557,924
28606,25189,424
28607,25739,0
28608,25466,209
28609,25739,0
28610,25739,0
28611,25739,0
28612,25739,0
28613,7650,23850
28614,25739,0
28615,25739,0
28616,25739,0
28617,25739,0
28618,25739,0
28619,25159,448
28620,25739,0
28621,25739,0
28622,25739,0
28623,24604,886
28624,25739,0
28625,22985,2224
28626,25739,0
28627,25739,0
28628,25739,0
28629,23458,1824
28630,25739,0
28631,25739,0
28632,25333,312
28633,25739,0
28634,25739,0
28635,25655,64
28636,25739,0
28637,25702,28
28638,23886,1468
28639,25739,0
28640,25739,0
28641,25739,0
28642,24572,912
28643,25739,0
28644,24532,944
28645,25644,72
28646,25739,0
28647,25702,28
28648,25739,0
28649,25702,28
28650,25739,0
28651,25739,0
28652,25739,0
28653,25739,0
28654,25618,92
28655,25739,0
28656,25739,0
28657,25739,0
28658,25739,0
28659,25739,0
28660,25739,0
28661,25739,0
28662,25739,0
28663,25442,228
28664,25266,364
28665,25739,0
28666,25739,0
28667,25739,0
28668,25739,0
28669,25739,0
28670,23818,1524
28671,25739,0
28672,25739,0
28673,25739,0
28674,25739,0
28675,25739,0
28676,25739,0
28677,25739,0
28678,25739,0
28679,25739,0
28680,25739,0
28681,25739,0
28682,6316,27616
28683,25739,0
28684,25739,0
28685,25739,0
28686,25739,0
28687,25739,0
28688,25739,0
28689,24557,924
28690,25739,0
28691,25739,0
28692,23479,1806
28693,25739,0
28694,25676,48
28695,25739,0
28696,25189,424
28697,25739,0
28698,25739,0
28699,25739,0
28700,25739,0
28701,25739,0
28702,25739,0
28703,25739,0
28704,25692,36
28705,25739,0
28706,25739,0
28707,25159,448
28708,25739,0
28709,25739,0
28710,25739,0
28711,25739,0
28712,25739,0
28713,25739,0
28714,25739,0
28715,25642,74
28716,25707,24
28717,25739,0
28718,25707,24
28719,25739,0
28720,25739,0
28721,25739,0
28722,25739,0
28723,25739,0
28724,25739,0
28725,25739,0
28726,25739,0
28727,25036,544
28728,25739,0
28729,25739,0
28730,25739,0
28731,25739,0
28732,25739,0
28733,25739,0
28734,25739,0
28735,25739,0
28736,25739,0
28737,25739,0
28738,25739,0
28739,24652,848
28740,25739,0
28741,25739,0
28742,25739,0
28743,25739,0
28744,25739,0
28745,25739,0
28746,25739,0
28747,25739,0
28748,25739,0
28749,25739,0
28750,25512,174
28751,25739,0
28752,25739,0
28753,25739,0
28754,25739,0
28755,25739,0
28756,25739,0
28757,24803,728
28758,25739,0
28759,25739,0
28760,25739,0
28761,25739,0
28762,25739,0
28763,25739,0
28764,25739,0
28765,25739,0
28766,25739,0
28767,25739,0
28768,25739,0
28769,25577,124
28770,25739,0
28771,25184,428
28772,25184,428
28773,25739,0
28774,25644,72
28775,25739,0
28776,23067,2154
28777,25739,0
28778,25671,52
28779,25739,0
28780,25739,0
28781,25611,98
28782,24136,1264
28783,25739,0
28784,25739,0
28785,25739,0
28786,22012,3074
28787,25739,0
28788,25739,0
28789,25739,0
28790,25739,0
28791,25739,0
28792,25561,136
28793,25739,0
28794,25739,0
28795,25739,0
28796,25739,0
28797,21941,3138
28798,25739,0
28799,25613,96
28800,25739,0
28801,25739,0
28802,25739,0
28803,23109,2118
28804,25739,0
28805,25561,136
28806,25739,0
28807,25739,0
28808,24557,924
28809,20364,4604
28810,25739,0
28811,23925,1436
28812,25739,0
28813,25739,0
28814,25739,0
28815,25739,0
28816,25739,0
28817,25739,0
28818,22702,2468
28819,22082,3012
28820,25739,0
28821,25739,0
28822,25739,0
28823,25302,336
28824,21175,3836
28825,25650,68
28826,24747,772
28827,25739,0
28828,25739,0
28829,25739,0
28830,7019,25542
28831,25447,224
28832,25707,24
28833,25739,0
28834,25739,0
28835,25676,48
28836,25739,0
28837,25739,0
28838,25739,0
28839,22403,2728
28840,23698,1624
28841,25251,376
28842,25442,228
28843,25739,0
28844,25739,0
28845,25739,0
28846,25739,0
28847,25739,0
28848,25739,0
28849,23818,1524
28850,22883,2312
28851,23553,1744
28852,25626,86
28853,25739,0
28854,25739,0
28855,25739,0
28856,21377,3650
28857,25582,120
28858,25739,0
28859,25739,0
28860,25184,428
28861,25739,0
28862,25535,156
28863,25739,0
28864,25739,0
28865,25739,0
28866,25739,0
28867,25577,124
28868,25739,0
28869,20352,4616
28870,25739,0
28871,25520,168
28872,25676,48
28873,25739,0
28874,25707,24
28875,24904,648
28876,25739,0
28877,25739,0
28878,25254,374
28879,25739,0
28880,25739,0
28881,25739,0
28882,24634,862
28883,20591,4386
28884,23986,1386
28885,25739,0
28886,25739,0
28887,25739,0
28888,25739,0
28889,25739,0
28890,24652,848
28891,25739,0
28892,25739,0
28893,25739,0
28894,25739,0
28895,25739,0
28896,25739,0
28897,25739,0
28898,25739,0
28899,25707,24
28900,25072,516
28901,25739,0
28902,25572,128
28903,24929,628
28904,25739,0
28905,25739,0
28906,25707,24
28907,25739,0
28908,25739,0
28909,25739,0
28910,19287,5672
28911,25739,0
28912,25739,0
28913,25739,0
28914,22609,2548
28915,25739,0
28916,25739,0
28917,25739,0
28918,15088,10498
28919,25739,0
28920,18780,6196
28921,25739,0
28922,25739,0
28923,15378,10124
28924,24995,576
28925,25739,0
28926,25739,0
28927,25739,0
28928,25739,0
28929,25739,0
28930,25739,0
28931,25739,0
28932,25739,0
28933,25739,0
28934,25642,74
28935,25739,0
28936,25739,0
28937,25739,0
28938,24062,1324
28939,22655,2508
28940,25739,0
28941,19307,5652
28942,25739,0
28943,25639,76
28944,25739,0
28945,25739,0
28946,25739,0
28947,25739,0
28948,25739,0
28949,25739,0
28950,17939,7096
28951,25707,24
28952,25739,0
28953,25739,0
28954,25739,0
28955,25739,0
28956,25739,0
28957,25739,0
28958,25739,0
28959,25739,0
28960,25739,0
28961,25189,424
28962,25739,0
28963,25739,0
28964,25739,0
28965,25582,120
28966,25739,0
28967,25739,0
28968,25133,468
28969,25739,0
28970,25707,24
28971,25739,0
28972,24803,728
28973,25739,0
28974,25739,0
28975,19734,5222
28976,25739,0
28977,25739,0
28978,25739,0
28979,25702,28
28980,25739,0
28981,25739,0
28982,25551,144
28983,24677,828
28984,25739,0
28985,25739,0
28986,25739,0
28987,25739,0
28988,25739,0
28989,24340,1098
28990,25739,0
28991,25702,28
28992,25739,0
28993,21034,3968
28994,21089,3916
28995,25062,524
28996,25739,0
28997,25739,0
28998,25184,428
28999,25739,0
29000,23220,2024
29001,25739,0
29002,25739,0
29003,25739,0
29004,25739,0
29005,24427,1028
29006,25739,0
29007,25739,0
29008,25739,0
29009,25313,328
29010,25739,0
29011,25739,0
29012,25739,0
29013,24957,606
29014,25739,0
29015,25739,0
29016,25739,0
29017,25676,48
29018,25707,24
29019,25739,0
29020,25739,0
29021,25739,0
29022,25739,0
29023,25739,0
29024,25739,0
29025,14677,11042
29026,15235,10308
29027,25739,0
29028,25739,0
29029,24919,636
29030,25739,0
29031,25739,0
29032,25739,0
29033,25546,148
29034,22069,3024
29035,25676,48
29036,25739,0
29037,24427,1028
29038,25277,356
29039,25739,0
29040,22755,2422
29041,25739,0
29042,25739,0
29043,25739,0
29044,25639,76
29045,25739,0
29046,25739,0
29047,25739,0
29048,25739,0
29049,25707,24
29050,25739,0
29051,25707,24
29052,25739,0
29053,23818,1524
29054,25739,0
29055,25739,0
29056,25707,24
29057,23940,1424
29058,25739,0
29059,25739,0
29060,25739,0
29061,25707,24
29062,25739,0
29063,23157,2078
29064,25739,0
29065,25739,0
29066,25707,24
29067,25739,0
29068,25739,0
29069,25739,0
29070,24803,728
29071,15397,10100
29072,25739,0
29073,25499,184
29074,25421,244
29075,25739,0
29076,25739,0
29077,25629,84
29078,25739,0
29079,25739,0
29080,25739,0
29081,22522,2624
29082,23940,1424
29083,25566,132
29084,19982,4976
29085,22785,2396
29086,25739,0
29087,25739,0
29088,23455,1826
29089,25707,24
29090,25739,0
29091,25739,0
29092,25739,0
29093,25739,0
29094,19532,5424
29095,23225,2020
29096,25739,0
29097,20961,4036
29098,25739,0
29099,25739,0
29100,25739,0
29101,22497,2646
29102,25739,0
29103,25707,24
29104,25739,0
29105,24662,840
29106,23577,1724
29107,25739,0
29108,25739,0
29109,25739,0
29110,22294,2824
29111,25739,0
29112,25739,0
29113,565,75074
29114,22957,2248
29115,25739,0
29116,25739,0
29117,10640,17364
29118,25739,0
29119,25739,0
29120,25739,0
29121,25739,0
29122,25739,0
29123,25739,0
29124,25395,264
29125,25707,24
29126,25739,0
29127,25739,0
29128,25739,0
29129,25739,0
29130,24929,628
29131,25059,526
29132,25739,0
29133,24934,624
29134,23434,1844
29135,25739,0
29136,25739,0
29137,25739,0
29138,25739,0
29139,25739,0
29140,25692,36
29141,22841,2348
29142,25739,0
29143,25739,0
29144,25739,0
29145,25739,0
29146,25739,0
29147,25739,0
29148,25739,0
29149,24808,724
29150,25189,424
29151,25739,0
29152,25739,0
29153,25739,0
29154,25739,0
29155,24180,1228
29156,25739,0
29157,18822,6152
29158,25739,0
29159,25318,324
29160,25739,0
29161,25739,0
29162,25739,0
29163,25522,166
29164,25739,0
29165,22753,2424
29166,25739,0
29167,25739,0
29168,25739,0
29169,25702,28
29170,25512,174
29171,21818,3248
29172,25739,0
29173,25739,0
29174,25739,0
29175,25739,0
29176,25739,0
29177,25739,0
29178,25739,0
29179,22408,2724
29180,25739,0
29181,25739,0
29182,25739,0
29183,25739,0
29184,21331,3692
29185,25739,0
29186,25739,0
29187,25739,0
29188,25572,128
29189,23669,1648
29190,25707,24
29191,25243,382
29192,25739,0
29193,24884,664
29194,25739,0
29195,25739,0
29196,25739,0
29197,25739,0
29198,25739,0
29199,25097,496
29200,25739,0
29201,25739,0
29202,25739,0
29203,25739,0
29204,25739,0
29205,25739,0
29206,25739,0
29207,25062,524
29208,25739,0
29209,25739,0
29210,25739,0
29211,25739,0
29212,25739,0
29213,25739,0
29214,25739,0
29215,25739,0
29216,25739,0
29217,25189,424
29218,25739,0
29219,24823,712
29220,25739,0
29221,25287,348
29222,25707,24
29223,25600,106
29224,25739,0
29225,25707,24
29226,25671,52
29227,25739,0
29228,25739,0
29229,25739,0
29230,25739,0
29231,25739,0
29232,25739,0
29233,25739,0
29234,25739,0
29235,25739,0
29236,25739,0
29237,25138,464
29238,24554,926
29239,25739,0
29240,25739,0
29241,25739,0
29242,25739,0
29243,25739,0
29244,25739,0
29245,25739,0
29246,25702,28
29247,24165,1240
29248,25702,28
29249,25739,0
29250,25739,0
29251,22490,2652
29252,24467,996
29253,25739,0
29254,25665,56
29255,25739,0
29256,13611,12524
29257,25739,0
29258,25739,0
29259,25739,0
29260,25739,0
29261,25739,0
29262,25739,0
29263,25739,0
29264,25739,0
29265,20684,4298
29266,25739,0
29267,25739,0
29268,25540,152
29269,25739,0
29270,25261,368
29271,25739,0
29272,25184,428
29273,25739,0
29274,25739,0
29275,25739,0
29276,25707,24
29277,25739,0
29278,25739,0
29279,25739,0
29280,24407,1044
29281,25739,0
29282,23683,1636
29283,25739,0
29284,25739,0
29285,25739,0
29286,17704,7356
29287,22294,2824
29288,25739,0
29289,25707,24
29290,25739,0
29291,25702,28
29292,25676,48
29293,25739,0
29294,24778,748
29295,2010,50124
29296,25739,0
29297,25739,0
29298,25644,72
29299,21986,3098
29300,25739,0
29301,25739,0
29302,25739,0
29303,25739,0
29304,22383,2746
29305,23324,1936
29306,25739,0
29307,24246,1174
29308,25676,48
29309,25739,0
29310,25739,0
29311,25634,80
29312,25739,0
29313,25739,0
29314,25739,0
29315,25540,152
29316,25739,0
29317,25739,0
29318,24707,804
29319,25739,0
29320,14663,11060
29321,25739,0
29322,25702,28
29323,25739,0
29324,25739,0
29325,25702,28
29326,25676,48
29327,25739,0
29328,25739,0
29329,25739,0
29330,25739,0
29331,25739,0
29332,25739,0
29333,25739,0
29334,24469,994
29335,25739,0
29336,25676,48
29337,19893,5064
29338,25739,0
29339,25577,124
29340,25739,0
29341,25739,0
29342,18707,6272
29343,25739,0
29344,25739,0
29345,25739,0
29346,25739,0
29347,25739,0
29348,21283,3736
29349,25739,0
29350,25739,0
29351,25739,0
29352,25739,0
29353,25077,512
29354,18818,6156
29355,22561,2590
29356,25739,0
29357,25739,0
29358,25739,0
29359,25739,0
29360,17610,7460
29361,25739,0
29362,25739,0
29363,25707,24
29364,25739,0
29365,24427,1028
29366,25739,0
29367,25739,0
29368,25739,0
29369,25739,0
29370,24246,1174
29371,21538,3502
29372,24246,1174
29373,25676,48
29374,25739,0
29375,25739,0
29376,25739,0
29377,25739,0
29378,25739,0
29379,25739,0
29380,25739,0
29381,25739,0
29382,25739,0
29383,25739,0
29384,25739,0
29385,25739,0
29386,25658,62
29387,25739,0
29388,25739,0
29389,25739,0
29390,25676,48
29391,25739,0
29392,25707,24
29393,25739,0
29394,25739,0
29395,25739,0
29396,25739,0
29397,25540,152
29398,25739,0
29399,25739,0
29400,25739,0
29401,18138,6880
29402,23393,1878
29403,24492,976
29404,25739,0
29405,25184,428
29406,25739,0
29407,25629,84
29408,25739,0
29409,25739,0
29410,25739,0
29411,25739,0
29412,24682,824
29413,25739,0
29414,25739,0
29415,25546,148
29416,25739,0
29417,25739,0
29418,25739,0
29419,25676,48
29420,25702,28
29421,25739,0
29422,25739,0
29423,25739,0
29424,25062,524
29425,25739,0
29426,25739,0
29427,25739,0
29428,25739,0
29429,25739,0
29430,25676,48
29431,25739,0
29432,25707,24
29433,25486,194
29434,25739,0
29435,25665,56
29436,18156,6860
29437,25739,0
29438,25739,0
29439,1618,54388
29440,25739,0
29441,25639,76
29442,25739,0
29443,25739,0
29444,25739,0
29445,25739,0
29446,25707,24
29447,25739,0
29448,25739,0
29449,25676,48
29450,18189,6824
29451,25739,0
29452,25739,0
29453,25739,0
29454,25739,0
29455,25739,0
29456,25739,0
29457,25739,0
29458,4994,32232
29459,25739,0
29460,23220,2024
29461,25739,0
29462,20218,4746
29463,21576,3468
29464,25739,0
29465,25739,0
29466,25739,0
29467,25739,0
29468,25739,0
29469,25739,0
29470,25739,0
29471,25739,0
29472,25739,0
29473,25739,0
29474,25739,0
29475,25642,74
29476,25739,0
29477,25739,0
29478,24192,1218
29479,25707,24
29480,25739,0
29481,25739,0
29482,25287,348
29483,25739,0
29484,25739,0
29485,14578,11174
29486,25702,28
29487,25739,0
29488,25676,48
29489,25739,0
29490,25739,0
29491,25739,0
29492,25739,0
29493,25739,0
29494,24552,928
29495,24619,874
29496,25616,94
29497,21158,3852
29498,25739,0
29499,25739,0
29500,25739,0
29501,25739,0
29502,25692,36
29503,25739,0
29504,22822,2364
29505,25739,0
29506,25681,44
29507,25739,0
29508,25739,0
29509,25739,0
29510,25739,0
29511,25739,0
29512,25739,0
29513,25739,0
29514,24323,1112
29515,25739,0
29516,25676,48
29517,25739,0
29518,25702,28
29519,25151,454
29520,22709,2462
29521,25739,0
29522,25159,448
29523,22808,2376
29524,25739,0
29525,25739,0
29526,25169,440
29527,25739,0
29528,25189,424
29529,25739,0
29530,25739,0
29531,25739,0
29532,22725,2448
29533,25739,0
29534,25739,0
29535,25739,0
29536,25739,0
29537,25739,0
29538,23539,1756
29539,25739,0
29540,25739,0
29541,25739,0
29542,25739,0
29543,25739,0
29544,25739,0
29545,25739,0
29546,25665,56
29547,25739,0
29548,25739,0
29549,24355,1086
29550,25739,0
29551,25739,0
29552,25739,0
29553,25739,0
29554,25739,0
29555,24983,586
29556,25739,0
29557,25739,0
29558,25739,0
29559,25739,0
29560,25739,0
29561,25739,0
29562,25739,0
29563,25739,0
29564,25739,0
29565,13272,13020
29566,25739,0
29567,21128,3880
29568,25739,0
29569,25421,244
29570,25739,0
29571,25739,0
29572,22971,2236
29573,25613,96
29574,25739,0
29575,25739,0
29576,25739,0
29577,25650,68
29578,25707,24
29579,25739,0
29580,25739,0
29581,24001,1374
29582,25739,0
29583,25692,36
29584,25220,400
29585,25739,0
29586,25676,48
29587,25739,0
29588,25739,0
29589,25739,0
29590,25739,0
29591,25739,0
29592,5808,29264
29593,25739,0
29594,25739,0
29595,25739,0
29596,25739,0
29597,25739,0
29598,25702,28
29599,25739,0
29600,24967,598
29601,25739,0
29602,17608,7462
29603,25739,0
29604,25739,0
29605,25390,268
29606,25658,62
29607,25676,48
29608,25292,344
29609,19409,5548
29610,25739,0
29611,25639,76
29612,25739,0
29613,25739,0
29614,25416,248
29615,25739,0
29616,25665,56
29617,22810,2374
29618,25739,0
29619,25739,0
29620,25707,24
29621,25739,0
29622,25739,0
29623,25313,328
29624,25739,0
29625,25739,0
29626,23712,1612
29627,25739,0
29628,25739,0
29629,25739,0
29630,25739,0
29631,25739,0
29632,25739,0
29633,25739,0
29634,25739,0
29635,25676,48
29636,25739,0
29637,25739,0
29638,25739,0
29639,25739,0
29640,25739,0
29641,25739,0
29642,25739,0
29643,25739,0
29644,25739,0
29645,24559,922
29646,25739,0
29647,25739,0
29648,25447,224
29649,25248,378
29650,25739,0
29651,25707,24
29652,25739,0
29653,25739,0
29654,25739,0
29655,25739,0
29656,25739,0
29657,24793,736
29658,25707,24
29659,24858,684
29660,25739,0
29661,24557,924
29662,25739,0
29663,20709,4274
29664,1544,55304
29665,25739,0
29666,21466,3568
29667,25062,524
29668,25739,0
29669,25707,24
29670,23916,1444
29671,25739,0
29672,25676,48
29673,25702,28
29674,25739,0
29675,25739,0
29676,21699,3356
29677,25739,0
29678,25665,56
29679,25739,0
29680,25707,24
29681,25739,0
29682,25739,0
29683,25739,0
29684,25739,0
29685,25739,0
29686,25739,0
29687,25036,544
29688,25739,0
29689,25739,0
29690,25447,224
29691,15050,10548
29692,25739,0
29693,24677,828
29694,25739,0
29695,24783,744
29696,25739,0
29697,25639,76
29698,25739,0
29699,25261,368
29700,22518,2628
29701,25739,0
29702,20974,4024
29703,25665,56
29704,25406,256
29705,25739,0
29706,25739,0
29707,25739,0
29708,25739,0
29709,25739,0
29710,25739,0
29711,25739,0
29712,25739,0
29713,25739,0
29714,25739,0
29715,25739,0
29716,25739,0
29717,25739,0
29718,25739,0
29719,25551,144
29720,25739,0
29721,25692,36
29722,25739,0
29723,25739,0
29724,25739,0
29725,25739,0
29726,23935,1428
29727,25739,0
29728,25739,0
29729,25739,0
29730,25739,0
29731,25739,0
29732,21593,3452
29733,25739,0
29734,25739,0
29735,25739,0
29736,25739,0
29737,24187,1222
29738,25123,476
29739,25739,0
29740,22792,2390
29741,25125,474
29742,25120,478
29743,25739,0
29744,24432,1024
29745,25739,0
29746,25739,0
29747,25739,0
29748,25739,0
29749,24934,624
29750,25739,0
29751,25174,436
29752,25676,48
29753,25739,0
29754,25739,0
29755,25739,0
29756,20319,4648
29757,25739,0
29758,25123,476
29759,25739,0
29760,25739,0
29761,25739,0
29762,25739,0
29763,25739,0
29764,25739,0
29765,24980,588
29766,25739,0
29767,25739,0
29768,20970,4028
29769,25739,0
29770,25739,0
29771,25739,0
29772,25739,0
29773,25739,0
29774,23804,1536
29775,25739,0
29776,24269,1156
29777,25739,0
29778,25739,0
29779,25739,0
29780,14219,11664
29781,25739,0
29782,25739,0
29783,25739,0
29784,19540,5416
29785,25357,294
29786,25739,0
29787,25739,0
29788,25739,0
29789,25739,0
29790,25739,0
29791,25739,0
29792,3326,40220
29793,25739,0
29794,25739,0
29795,25739,0
29796,25739,0
29797,25739,0
29798,24808,724
29799,24970,596
29800,25739,0
29801,25739,0
29802,25739,0
29803,25739,0
29804,25707,24
29805,25561,136
29806,25739,0
29807,25707,24
29808,24392,1056
29809,25125,474
29810,25707,24
29811,15334,10180
29812,25739,0
29813,25739,0
29814,25702,28
29815,25739,0
29816,21460,3574
29817,20698,4284
29818,25692,36
29819,25739,0
29820,25011,564
29821,25739,0
29822,25665,56
29823,25665,56
29824,25739,0
29825,25739,0
29826,25739,0
29827,25739,0
29828,25463,212
29829,25639,76
29830,24909,644
29831,24998,574
29832,25739,0
29833,25676,48
29834,25739,0
29835,25739,0
29836,25530,160
29837,25739,0
29838,24879,668
29839,25313,328
29840,25739,0
29841,25739,0
29842,25739,0
29843,25739,0
29844,23705,1618
29845,25739,0
29846,25739,0
29847,25739,0
29848,25739,0
29849,25739,0
29850,25631,82
29851,25486,194
29852,25739,0
29853,25739,0
29854,25739,0
29855,25739,0
29856,25739,0
29857,22554,2596
29858,25739,0
29859,25739,0
29860,25739,0
29861,24998,574
29862,25739,0
29863,25676,48
29864,25739,0
29865,25739,0
29866,25702,28
29867,25739,0
29868,25739,0
29869,25739,0
29870,25739,0
29871,25739,0
29872,25354,296
29873,25739,0
29874,25739,0
29875,25739,0
29876,16537,8696
29877,25739,0
29878,25739,0
29879,25739,0
29880,25739,0
29881,25739,0
29882,25739,0
29883,25707,24
29884,20740,4244
29885,25739,0
29886,25676,48
29887,25739,0
29888,25739,0
29889,25739,0
29890,25613,96
29891,25739,0
29892,25318,324
29893,25739,0
29894,25739,0
29895,23789,1548
29896,25739,0
29897,25739,0
29898,25739,0
29899,25739,0
29900,25739,0
29901,25739,0
29902,25739,0
29903,25125,474
29904,25739,0
29905,25739,0
29906,25739,0
29907,24118,1278
29908,25739,0
29909,21756,3304
29910,25739,0
29911,25133,468
29912,25707,24
29913,21580,3464
29914,25739,0
29915,25739,0
29916,25739,0
29917,25100,494
29918,25739,0
29919,25739,0
29920,25739,0
29921,25739,0
29922,25739,0
29923,25739,0
29924,25739,0
29925,25739,0
29926,25739,0
29927,25739,0
29928,25739,0
29929,25739,0
29930,25739,0
29931,25501,182
29932,25739,0
29933,25184,428
29934,25739,0
29935,25739,0
29936,25739,0
29937,25739,0
29938,21743,3316
29939,25739,0
29940,25739,0
29941,25739,0
29942,25739,0
29943,25739,0
29944,25056,528
29945,25739,0
29946,25739,0
29947,25739,0
29948,25739,0
29949,25739,0
29950,25739,0
29951,25739,0
29952,25572,128
29953,25739,0
29954,25739,0
29955,24254,1168
29956,25739,0
29957,25739,0
29958,25739,0
29959,25739,0
29960,25702,28
29961,25739,0
29962,25739,0
29963,25739,0
29964,25707,24
29965,25739,0
29966,25739,0
29967,25739,0
29968,25739,0
29969,25739,0
29970,25739,0
29971,25739,0
29972,25739,0
29973,10554,17524
29974,25447,224
29975,25739,0
29976,25660,60
29977,25739,0
29978,25739,0
29979,25739,0
29980,25660,60
29981,25739,0
29982,24682,824
29983,25739,0
29984,25739,0
29985,25148,456
29986,25739,0
29987,24682,824
29988,25660,60
29989,25739,0
29990,25189,424
29991,25739,0
29992,23145,2088
29993,25739,0
29994,25739,0
29995,25739,0
29996,24652,848
29997,25739,0
29998,25739,0
29999,25702,28
30000,25739,0
30001,25739,0
30002,25739,0
30003,25739,0
30004,25739,0
30005,25707,24
30006,25739,0
30007,25613,96
30008,25739,0
30009,25739,0
30010,25739,0
30011,23994,1380
30012,25739,0
30013,15359,10148
30014,25739,0
30015,25613,96
30016,25707,24
30017,25739,0
30018,25739,0
30019,23818,1524
30020,25739,0
30021,25739,0
30022,25739,0
30023,25036,544
30024,25739,0
30025,25739,0
30026,25739,0
30027,25739,0
30028,25739,0
30029,25739,0
30030,25739,0
30031,25739,0
30032,25739,0
30033,25739,0
30034,25707,24
30035,25739,0
30036,25739,0
30037,7005,25582
30038,25739,0
30039,25739,0
30040,25739,0
30041,25707,24
30042,25739,0
30043,20946,4050
30044,25739,0
30045,25739,0
30046,25739,0
30047,25739,0
30048,13339,12920
30049,25739,0
30050,25739,0
30051,25739,0
30052,25739,0
30053,25739,0
30054,25676,48
30055,25739,0
30056,25634,80
30057,25739,0
30058,25739,0
30059,25522,166
30060,25031,548
30061,25739,0
30062,25739,0
30063,25739,0
30064,25739,0
30065,25739,0
30066,25739,0
30067,25707,24
30068,25031,548
30069,22465,2674
30070,25739,0
30071,25739,0
30072,25629,84
30073,25739,0
30074,25739,0
30075,24627,868
30076,25739,0
30077,25739,0
30078,25739,0
30079,25739,0
30080,25739,0
30081,25739,0
30082,24517,956
30083,25739,0
30084,23760,1572
30085,25739,0
30086,25739,0
30087,25739,0
30088,25739,0
30089,25739,0
30090,25739,0
30091,21488,3548
30092,25021,556
30093,25739,0
30094,25739,0
30095,25739,0
30096,25426,240
30097,25031,548
30098,23896,1460
30099,18654,6328
30100,25739,0
30101,25739,0
30102,25739,0
30103,25707,24
30104,25739,0
30105,21624,3424
30106,25739,0
30107,25739,0
30108,25739,0
30109,25739,0
30110,25665,56
30111,25739,0
30112,25739,0
30113,25739,0
30114,25739,0
30115,21845,3224
30116,25739,0
30117,25174,436
30118,25739,0
30119,25546,148
30120,22831,2356
30121,25639,76
30122,25097,496
30123,25739,0
30124,25739,0
30125,25507,178
30126,25739,0
30127,25570,129
30128,25739,0
30129,25739,0
30130,25179,432
30131,25739,0
30132,25739,0
30133,23611,1696
30134,25739,0
30135,25447,224
30136,25739,0
30137,25739,0
30138,25739,0
30139,25739,0
30140,25739,0
30141,25739,0
30142,25739,0
30143,25739,0
30144,25739,0
30145,25184,428
30146,22780,2400
30147,25248,378
30148,25739,0
30149,25739,0
30150,25739,0
30151,25739,0
30152,10930,16836
30153,22518,2628
30154,25739,0
30155,25739,0
30156,25739,0
30157,25739,0
30158,24427,1028
30159,25739,0
30160,25739,0
30161,25739,0
30162,25488,192
30163,25406,256
30164,25739,0
30165,25739,0
30166,25739,0
30167,25739,0
30168,25287,348
30169,25658,62
30170,25739,0
30171,25739,0
30172,22962,2244
30173,25739,0
30174,25739,0
30175,25739,0
30176,25739,0
30177,25739,0
30178,25739,0
30179,25120,478
30180,25577,124
30181,25739,0
30182,25739,0
30183,25739,0
30184,25739,0
30185,25692,36
30186,25739,0
30187,25739,0
30188,25367,286
30189,25642,74
30190,22251,2862
30191,25739,0
30192,25739,0
30193,15447,10036
30194,25739,0
30195,25036,544
30196,25739,0
30197,25184,428
30198,25702,28
30199,25739,0
30200,25313,328
30201,25739,0
30202,25739,0
30203,23462,1820
30204,25739,0
30205,24062,1324
30206,25639,76
30207,25739,0
30208,24990,580
30209,25739,0
30210,24417,1036
30211,25739,0
30212,25739,0
30213,25739,0
30214,25739,0
30215,564,75098
30216,25702,28
30217,25739,0
30218,25739,0
30219,25739,0
30220,25036,544
30221,25739,0
30222,25739,0
30223,25739,0
30224,18751,6226
30225,25739,0
30226,1999,50228
30227,25739,0
30228,25739,0
30229,23102,2124
30230,23102,2124
30231,25739,0
30232,25739,0
30233,25739,0
30234,25739,0
30235,25692,36
30236,25739,0
30237,24889,660
30238,23301,1956
30239,25739,0
30240,25739,0
30241,25739,0
30242,25739,0
30243,25739,0
30244,25739,0
30245,25416,248
30246,25707,24
30247,25739,0
30248,25739,0
30249,25739,0
30250,25739,0
30251,25739,0
30252,25739,0
30253,24841,698
30254,25164,444
30255,25739,0
30256,25739,0
30257,23025,2190
30258,25739,0
30259,25739,0
30260,25739,0
30261,25739,0
30262,25739,0
30263,25739,0
30264,25739,0
30265,25739,0
30266,25739,0
30267,25739,0
30268,25739,0
30269,25739,0
30270,25739,0
30271,25739,0
30272,25739,0
30273,25739,0
30274,25739,0
30275,25739,0
30276,25739,0
30277,25739,0
30278,25739,0
30279,25739,0
30280,25739,0
30281,25582,120
30282,22552,2598
30283,25739,0
30284,25629,84
30285,25739,0
30286,25739,0
30287,25739,0
30288,25739,0
30289,25739,0
30290,25739,0
30291,25551,144
30292,25739,0
30293,25739,0
30294,25739,0
30295,25665,56
30296,25739,0
30297,25739,0
30298,25266,364
30299,25739,0
30300,25739,0
30301,25739,0
30302,25739,0
30303,25739,0
30304,25739,0
30305,25739,0
30306,25739,0
30307,25739,0
30308,25739,0
30309,25739,0
30310,25739,0
30311,25739,0
30312,24652,848
30313,25739,0
30314,25739,0
30315,25739,0
30316,23242,2006
30317,25739,0
30318,25739,0
30319,25739,0
30320,25739,0
30321,25739,0
30322,25739,0
30323,25739,0
30324,25739,0
30325,25739,0
30326,24062,1324
30327,25739,0
30328,25739,0
30329,25739,0
30330,25739,0
30331,25739,0
30332,24985,584
30333,24340,1098
30334,25739,0
30335,25739,0
30336,24557,924
30337,25739,0
30338,25739,0
30339,25739,0
30340,25739,0
30341,25351,298
30342,25739,0
30343,25739,0
30344,25676,48
30345,25739,0
30346,25739,0
30347,25739,0
30348,25739,0
30349,25739,0
30350,25739,0
30351,25739,0
30352,25739,0
30353,25739,0
30354,25739,0
30355,25382,274
30356,18304,6700
30357,25739,0
30358,25739,0
30359,24669,834
30360,25739,0
30361,25739,0
30362,25739,0
30363,25739,0
30364,24131,1268
30365,25739,0
30366,25739,0
30367,25739,0
30368,24934,624
30369,25341,306
30370,25739,0
30371,25739,0
30372,22351,2774
30373,25739,0
30374,25739,0
30375,25739,0
30376,25739,0
30377,25739,0
30378,25739,0
30379,25450,222
30380,25739,0
30381,25739,0
30382,25739,0
30383,24715,798
30384,25046,536
30385,25739,0
30386,25692,36
30387,25739,0
30388,25739,0
30389,25739,0
30390,25739,0
30391,25739,0
30392,24808,724
30393,22490,2652
30394,25739,0
30395,25739,0
30396,25739,0
30397,22042,3048
30398,25739,0
30399,25254,374
30400,25739,0
30401,25739,0
30402,25739,0
30403,18154,6862
30404,25639,76
30405,25739,0
30406,25739,0
30407,25739,0
30408,25739,0
30409,25739,0
30410,25739,0
30411,25739,0
30412,25739,0
30413,25676,48
30414,25739,0
30415,25739,0
30416,25739,0
30417,25739,0
30418,25707,24
30419,25739,0
30420,25739,0
30421,25739,0
30422,25739,0
30423,25739,0
30424,7187,25076
30425,25739,0
30426,25739,0
30427,25739,0
30428,23253,1996
30429,25739,0
30430,24544,934
30431,25739,0
30432,25739,0
30433,25739,0
30434,25739,0
30435,25739,0
30436,23220,2024
30437,18486,6506
30438,25739,0
30439,14895,10752
30440,25739,0
30441,25739,0
30442,25676,48
30443,25707,24
30444,25739,0
30445,25486,194
30446,23577,1724
30447,25702,28
30448,25447,224
30449,25739,0
30450,25739,0
30451,25739,0
30452,25739,0
30453,24502,968
30454,25739,0
30455,25739,0
30456,25739,0
30457,25739,0
30458,25739,0
30459,25739,0
30460,25739,0
30461,25739,0
30462,25739,0
30463,25739,0
30464,25739,0
30465,25739,0
30466,25739,0
30467,25739,0
30468,25739,0
30469,25739,0
30470,25739,0
30471,14870,10784
30472,24808,724
30473,25707,24
30474,25739,0
30475,25639,76
30476,25739,0
30477,25509,176
30478,25739,0
30479,25739,0
30480,25739,0
30481,25739,0
30482,25739,0
30483,25739,0
30484,25739,0
30485,25739,0
30486,25739,0
30487,25658,62
30488,25739,0
30489,25739,0
30490,25739,0
30491,25739,0
30492,25739,0
30493,25702,28
30494,25739,0
30495,25739,0
30496,25702,28
30497,25739,0
30498,10367,17876
30499,25739,0
30500,25351,298
30501,24654,846
30502,25739,0
30503,25739,0
30504,25739,0
30505,25739,0
30506,25739,0
30507,25739,0
30508,20736,4248
30509,23549,1748
30510,25707,24
30511,25354,296
30512,24682,824
30513,18022,7006
30514,25739,0
30515,25739,0
30516,25739,0
30517,25739,0
30518,25739,0
30519,25739,0
30520,25739,0
30521,25739,0
30522,25739,0
30523,25739,0
30524,25739,0
30525,25739,0
30526,24517,956
30527,25739,0
30528,25739,0
30529,25739,0
30530,25739,0
30531,24652,848
30532,25739,0
30533,25739,0
30534,25739,0
30535,22981,2228
30536,24365,1078
30537,25739,0
30538,25739,0
30539,25739,0
30540,25739,0
30541,25739,0
30542,25739,0
30543,25326,318
30544,25739,0
30545,25739,0
30546,25671,52
30547,25739,0
30548,25739,0
30549,24062,1324
30550,25739,0
30551,25739,0
30552,25739,0
30553,25707,24
30554,25739,0
30555,25577,124
30556,25707,24
30557,25739,0
30558,5472,30436
30559,25739,0
30560,25292,344
30561,25634,80
30562,25739,0
30563,22399,2732
30564,25739,0
30565,25739,0
30566,25739,0
30567,25739,0
30568,25739,0
30569,25739,0
30570,25739,0
30571,25739,0
30572,25739,0
30573,25665,56
30574,25739,0
30575,25739,0
30576,25739,0
30577,25739,0
30578,25739,0
30579,25739,0
30580,25739,0
30581,25739,0
30582,24539,938
30583,25707,24
30584,25546,148
30585,25739,0
30586,24993,578
30587,25739,0
30588,25702,28
30589,25739,0
30590,25351,298
30591,25665,56
30592,25592,112
30593,25739,0
30594,25739,0
30595,25739,0
30596,25739,0
30597,25739,0
30598,25739,0
30599,25739,0
30600,25739,0
30601,25739,0
30602,25739,0
30603,22841,2348
30604,25707,24
30605,25739,0
30606,25739,0
30607,25739,0
30608,21679,3374
30609,25585,118
30610,25739,0
30611,25739,0
30612,25611,98
30613,25739,0
30614,25739,0
30615,25739,0
30616,25739,0
30617,25613,96
30618,25739,0
30619,25739,0
30620,6661,26572
30621,25702,28
30622,25739,0
30623,25739,0
30624,24567,916
30625,25739,0
30626,25739,0
30627,25739,0
30628,25062,524
30629,25739,0
30630,25739,0
30631,24417,1036
30632,25739,0
30633,23674,1644
30634,25739,0
30635,25739,0
30636,25739,0
30637,25739,0
30638,25739,0
30639,25189,424
30640,25739,0
30641,25739,0
30642,129,104172
30643,25739,0
30644,25739,0
30645,25739,0
30646,25739,0
30647,25739,0
30648,25739,0
30649,25739,0
30650,24912,642
30651,25707,24
30652,25739,0
30653,25739,0
30654,25660,60
30655,24894,656
30656,25739,0
30657,25739,0
30658,24118,1278
30659,25739,0
30660,23857,1492
30661,25739,0
30662,25739,0
30663,25739,0
30664,25739,0
30665,25739,0
30666,25739,0
30667,25692,36
30668,25707,24
30669,25739,0
30670,25739,0
30671,25739,0
30672,21721,3336
30673,25702,28
30674,13299,12980
30675,25739,0
30676,25739,0
30677,22959,2246
30678,25739,0
30679,25739,0
30680,25739,0
30681,25739,0
30682,25739,0
30683,25739,0
30684,25739,0
30685,25739,0
30686,25551,144
30687,24202,1210
30688,25739,0
30689,25739,0
30690,25739,0
30691,25739,0
30692,25739,0
30693,25739,0
30694,25739,0
30695,25739,0
30696,25739,0
30697,25739,0
30698,25608,100
30699,25739,0
30700,25739,0
30701,25739,0
30702,25739,0
30703,25739,0
30704,25739,0
30705,25739,0
30706,25592,112
30707,25739,0
30708,25676,48
30709,25739,0
30710,25739,0
30711,25739,0
30712,25739,0
30713,21930,3148
30714,25739,0
30715,25658,62
30716,25739,0
30717,25739,0
30718,25739,0
30719,25739,0
30720,25639,76
30721,25739,0
30722,25739,0
30723,25739,0
30724,25739,0
30725,25739,0
30726,25739,0
30727,25739,0
30728,25739,0
30729,20220,4744
30730,20948,4048
30731,24062,1324
30732,25707,24
30733,25739,0
30734,25739,0
30735,23431,1846
30736,25739,0
30737,25003,570
30738,24155,1248
30739,25739,0
30740,25062,524
30741,25739,0
30742,25739,0
30743,25739,0
30744,25739,0
30745,25739,0
30746,24634,862
30747,25739,0
30748,25739,0
30749,22934,2268
30750,25739,0
30751,25739,0
30752,25739,0
30753,24677,828
30754,25739,0
30755,25739,0
30756,25739,0
30757,25579,122
30758,25739,0
30759,25062,524
30760,25739,0
30761,21624,3424
30762,25442,228
30763,25739,0
30764,25739,0
30765,25739,0
30766,24765,758
30767,25739,0
30768,25739,0
30769,25739,0
30770,25702,28
30771,25031,548
30772,25228,394
30773,25702,28
30774,25702,28
30775,25739,0
30776,24970,596
30777,25739,0
30778,25739,0
30779,25739,0
30780,25739,0
30781,25739,0
30782,25739,0
30783,25302,336
30784,25739,0
30785,14803,10874
30786,25739,0
30787,25739,0
30788,25739,0
30789,25739,0
30790,25739,0
30791,25739,0
30792,25739,0
30793,25739,0
30794,25739,0
30795,25437,232
30796,25702,28
30797,25739,0
30798,25739,0
30799,25739,0
30800,25739,0
30801,25739,0
30802,25702,28
30803,25702,28
30804,25739,0
30805,25739,0
30806,25021,556
30807,25739,0
30808,25739,0
30809,22692,2476
30810,25739,0
30811,21171,3840
30812,23384,1886
30813,25739,0
30814,25739,0
30815,25739,0
30816,15650,9780
30817,25739,0
30818,25062,524
30819,25739,0
30820,25739,0
30821,24557,924
30822,25739,0
30823,25739,0
30824,25739,0
30825,25189,424
30826,25739,0
30827,25739,0
30828,25189,424
30829,25739,0
30830,24402,1048
30831,25676,48
30832,25739,0
30833,25739,0
30834,25739,0
30835,25739,0
30836,25739,0
30837,25739,0
30838,25164,444
30839,25739,0
30840,25739,0
30841,25739,0
30842,25318,324
30843,25739,0
30844,24259,1164
30845,25739,0
30846,25739,0
30847,25739,0
30848,25739,0
30849,25739,0
30850,25739,0
30851,24057,1328
30852,25739,0
30853,25739,0
30854,25739,0
30855,25546,148
30856,25739,0
30857,24035,1346
30858,25148,456
30859,25739,0
30860,25739,0
30861,25739,0
30862,25739,0
30863,25739,0
30864,23756,1576
30865,24871,674
30866,25739,0
30867,25739,0
30868,25739,0
30869,24440,1018
30870,25739,0
30871,25739,0
30872,25739,0
30873,25739,0
30874,25739,0
30875,25739,0
30876,25739,0
30877,24158,1246
30878,25739,0
30879,25739,0
30880,25707,24
30881,25739,0
30882,25739,0
30883,25739,0
30884,25739,0
30885,25739,0
30886,25739,0
30887,25739,0
30888,25642,74
30889,25739,0
30890,25739,0
30891,25702,28
30892,24793,736
30893,25739,0
30894,25739,0
30895,25739,0
30896,19800,5156
30897,25739,0
30898,25739,0
30899,25739,0
30900,25739,0
30901,25739,0
30902,25739,0
30903,25739,0
30904,25739,0
30905,25739,0
30906,25739,0
30907,25318,324
30908,25739,0
30909,25739,0
30910,25739,0
30911,25739,0
30912,25739,0
30913,25739,0
30914,13933,12064
30915,25548,146
30916,25702,28
30917,25739,0
30918,7571,24054
30919,25546,148
30920,25739,0
30921,25739,0
30922,25739,0
30923,22580,2574
30924,25739,0
30925,4724,33324
30926,25739,0
30927,23994,1380
30928,25739,0
30929,24057,1328
30930,25739,0
30931,25739,0
30932,25739,0
30933,25739,0
30934,25739,0
30935,24803,728
30936,23765,1568
30937,25739,0
30938,25707,24
30939,25739,0
30940,25739,0
30941,25634,80
30942,25739,0
30943,25739,0
30944,25739,0
30945,25707,24
30946,25739,0
30947,23940,1424
30948,24879,668
30949,25739,0
30950,25739,0
30951,25692,36
30952,25125,474
30953,25707,24
30954,25739,0
30955,25739,0
30956,25739,0
30957,25613,96
30958,25739,0
30959,25739,0
30960,25739,0
30961,25739,0
30962,25739,0
30963,25739,0
30964,25739,0
30965,25739,0
30966,25313,328
30967,25739,0
30968,25739,0
30969,25739,0
30970,24985,584
30971,25739,0
30972,25739,0
30973,25702,28
30974,25739,0
30975,23974,1396
30976,24567,916
30977,25739,0
30978,25739,0
30979,25739,0
30980,25707,24
30981,25739,0
30982,25739,0
30983,25739,0
30984,25739,0
30985,25739,0
30986,9531,19528
30987,25021,556
30988,25671,52
30989,25739,0
30990,24492,976
30991,22753,2424
30992,25739,0
30993,25739,0
30994,25739,0
30995,25702,28
30996,25707,24
30997,25739,0
30998,25702,28
30999,25739,0
31000,25739,0
31001,25739,0
31002,25739,0
31003,25739,0
31004,24047,1336
31005,25739,0
31006,25739,0
31007,25739,0
31008,22294,2824
31009,25739,0
31010,25739,0
31011,25739,0
31012,25692,36
31013,25739,0
31014,25739,0
31015,25739,0
31016,25739,0
31017,25739,0
31018,25739,0
31019,25739,0
31020,25739,0
31021,25739,0
31022,22692,2476
31023,25739,0
31024,25739,0
31025,25739,0
31026,25739,0
31027,21939,3140
31028,22820,2366
31029,25551,144
31030,25681,44
31031,25739,0
31032,25739,0
31033,25739,0
31034,25739,0
31035,25739,0
31036,25292,344
31037,25739,0
31038,25739,0
31039,25739,0
31040,25739,0
31041,25496,186
31042,25707,24
31043,25739,0
31044,25739,0
31045,25141,462
31046,25739,0
31047,25739,0
31048,25739,0
31049,25739,0
31050,25707,24
31051,25739,0
31052,25739,0
31053,25739,0
31054,25739,0
31055,24808,724
31056,25739,0
31057,25739,0
31058,25739,0
31059,25739,0
31060,25739,0
31061,25739,0
31062,23206,2036
31063,25739,0
31064,25739,0
31065,25739,0
31066,25739,0
31067,25739,0
31068,23372,1896
31069,25739,0
31070,25739,0
31071,24109,1286
31072,25739,0
31073,25739,0
31074,25739,0
31075,25739,0
31076,25564,134
31077,25739,0
31078,21292,3728
31079,25739,0
31080,25739,0
31081,25739,0
31082,25056,528
31083,25739,0
31084,25739,0
31085,25739,0
31086,25739,0
31087,25707,24
31088,25739,0
31089,18922,6048
31090,25739,0
31091,25416,248
31092,25613,96
31093,25739,0
31094,24998,574
31095,25739,0
31096,25418,246
31097,25671,52
31098,25739,0
31099,25739,0
31100,25739,0
31101,25739,0
31102,22855,2336
31103,21986,3098
31104,19970,4988
31105,25739,0
31106,25739,0
31107,23818,1524
31108,25739,0
31109,25739,0
31110,25739,0
31111,25739,0
31112,24417,1036
31113,23126,2104
31114,25739,0
31115,25739,0
31116,25739,0
31117,25624,88
31118,25739,0
31119,25739,0
31120,24747,772
31121,25739,0
31122,22331,2792
31123,13636,12488
31124,23206,2036
31125,25739,0
31126,25739,0
31127,25254,374
31128,25739,0
31129,25739,0
31130,25739,0
31131,22855,2336
31132,24417,1036
31133,25707,24
31134,19389,5568
31135,16038,9298
31136,25739,0
31137,25739,0
31138,25739,0
31139,25189,424
31140,25739,0
31141,24594,894
31142,25707,24
31143,25739,0
31144,25739,0
31145,25739,0
31146,25739,0
31147,25739,0
31148,25739,0
31149,25739,0
31150,25739,0
31151,24158,1246
31152,25739,0
31153,25739,0
31154,25739,0
31155,25739,0
31156,25499,184
31157,25739,0
31158,25739,0
31159,22755,2422
31160,25739,0
31161,25739,0
31162,25739,0
31163,25739,0
31164,25739,0
31165,25739,0
31166,18830,6144
31167,25739,0
31168,24402,1048
31169,25644,72
31170,25318,324
31171,25739,0
31172,22522,2624
31173,25739,0
31174,25702,28
31175,25739,0
31176,25739,0
31177,25739,0
31178,25739,0
31179,25739,0
31180,25707,24
31181,25739,0
31182,25739,0
31183,25148,456
31184,25739,0
31185,25739,0
31186,25739,0
31187,25739,0
31188,25739,0
31189,25613,96
31190,25184,428
31191,25739,0
31192,24040,1342
31193,24730,786
31194,25739,0
31195,25739,0
31196,24587,900
31197,25739,0
31198,25739,0
31199,24909,644
31200,23220,2024
31201,25739,0
31202,25692,36
31203,25189,424
31204,25739,0
31205,25739,0
31206,25639,76
31207,25707,24
31208,25739,0
31209,25739,0
31210,25613,96
31211,25739,0
31212,25739,0
31213,25702,28
31214,25739,0
31215,25739,0
31216,25739,0
31217,23251,1998
31218,25739,0
31219,5710,29598
31220,24170,1236
31221,25739,0
31222,25520,168
31223,25739,0
31224,25739,0
31225,25739,0
31226,9259,20096
31227,25120,478
31228,25739,0
31229,25739,0
31230,25739,0
31231,25739,0
31232,25739,0
31233,25739,0
31234,25739,0
31235,25739,0
31236,25739,0
31237,25676,48
31238,25739,0
31239,25739,0
31240,25739,0
31241,25509,176
31242,25613,96
31243,25739,0
31244,25739,0
31245,25739,0
31246,25739,0
31247,24123,1274
31248,25739,0
31249,25739,0
31250,25739,0
31251,25739,0
31252,25702,28
31253,25739,0
31254,23458,1824
31255,25739,0
31256,25739,0
31257,25739,0
31258,25739,0
31259,25739,0
31260,25739,0
31261,25739,0
31262,25739,0
31263,25739,0
31264,24770,754
31265,25739,0
31266,25739,0
31267,25739,0
31268,25739,0
31269,25328,316
31270,25739,0
31271,25739,0
31272,25739,0
31273,25739,0
31274,25739,0
31275,11382,16040
31276,25739,0
31277,25504,180
31278,25739,0
31279,25739,0
31280,25509,176
31281,25739,0
31282,25739,0
31283,22845,2344
31284,25739,0
31285,22208,2900
31286,25739,0
31287,25739,0
31288,25739,0
31289,25546,148
31290,25739,0
31291,25739,0
31292,25739,0
31293,25739,0
31294,25308,332
31295,25739,0
31296,25739,0
31297,24652,848
31298,25739,0
31299,25739,0
31300,25739,0
31301,25739,0
31302,25437,232
31303,25739,0
31304,25739,0
31305,25739,0
31306,25739,0
31307,24808,724
31308,25739,0
31309,25739,0
31310,25739,0
31311,21580,3464
31312,25739,0
31313,20397,4572
31314,25739,0
31315,25739,0
31316,24330,1106
31317,21405,3624
31318,1,150510
31319,25739,0
31320,25739,0
31321,25739,0
31322,25739,0
31323,25739,0
31324,25739,0
31325,25739,0
31326,25739,0
31327,25739,0
31328,16493,8748
31329,25739,0
31330,25702,28
31331,25739,0
31332,25269,362
31333,25739,0
31334,25739,0
31335,25676,48
31336,25739,0
31337,25739,0
31338,25707,24
31339,25658,62
31340,25739,0
31341,25598,108
31342,22880,2314
31343,25739,0
31344,25159,448
31345,4300,35174
31346,25739,0
31347,16635,8580
31348,25739,0
31349,25739,0
31350,25739,0
31351,25739,0
31352,22899,2298
31353,25707,24
31354,25739,0
31355,25739,0
31356,25739,0
31357,25739,0
31358,25739,0
31359,25739,0
31360,25739,0
31361,25739,0
31362,25739,0
31363,25739,0
31364,25561,136
31365,25739,0
31366,25739,0
31367,25739,0
31368,25509,176
31369,23192,2048
31370,25739,0
31371,24904,648
31372,25164,444
31373,25739,0
31374,23563,1736
31375,25702,28
31376,23828,1516
31377,25618,92
31378,25739,0
31379,24929,628
31380,25603,104
31381,23707,1616
31382,25671,52
31383,25676,48
31384,25739,0
31385,25739,0
31386,24967,598
31387,25739,0
31388,24402,1048
31389,24866,678
31390,25739,0
31391,25540,152
31392,25739,0
31393,25739,0
31394,25739,0
31395,25739,0
31396,24033,1348
31397,25739,0
31398,25739,0
31399,25739,0
31400,25739,0
31401,25739,0
31402,25739,0
31403,25739,0
31404,24884,664
31405,25676,48
31406,25739,0
31407,25739,0
31408,25739,0
31409,25739,0
31410,25739,0
31411,25248,378
31412,24170,1236
31413,18974,5994
31414,25739,0
31415,25739,0
31416,25739,0
31417,25164,444
31418,25739,0
31419,25739,0
31420,25174,436
31421,25739,0
31422,25739,0
31423,24745,774
31424,25739,0
31425,25739,0
31426,25739,0
31427,25702,28
31428,25739,0
31429,25739,0
31430,21692,3362
31431,24929,628
31432,25184,428
31433,25739,0
31434,25739,0
31435,25739,0
31436,25739,0
31437,25739,0
31438,22238,2874
31439,25739,0
31440,25739,0
31441,25546,148
31442,25637,78
31443,23843,1504
31444,25739,0
31445,25739,0
31446,25739,0
31447,25739,0
31448,25739,0
31449,25739,0
31450,22267,2848
31451,25707,24
31452,18858,6114
31453,25739,0
31454,25739,0
31455,25739,0
31456,25739,0
31457,25692,36
31458,25707,24
31459,25739,0
31460,25739,0
31461,25739,0
31462,25739,0
31463,25707,24
31464,25739,0
31465,25739,0
31466,25707,24
31467,24057,1328
31468,25739,0
31469,25739,0
31470,20974,4024
31471,25692,36
31472,25739,0
31473,24557,924
31474,25125,474
31475,25739,0
31476,19330,5628
31477,23525,1768
31478,25739,0
31479,25739,0
31480,25739,0
31481,25739,0
31482,17074,8068
31483,25739,0
31484,23046,2172
31485,25739,0
31486,25739,0
31487,25174,436
31488,25739,0
31489,25739,0
31490,21318,3704
31491,25739,0
31492,25739,0
31493,23491,1796
31494,24682,824
31495,25739,0
31496,25676,48
31497,25739,0
31498,25739,0
31499,25739,0
31500,22331,2792
31501,25702,28
31502,25739,0
31503,25739,0
31504,25046,536
31505,25577,124
31506,25739,0
31507,25739,0
31508,25739,0
31509,25739,0
31510,25739,0
31511,25739,0
31512,25582,120
31513,23360,1906
31514,21708,3348
31515,22440,2696
31516,25739,0
31517,25739,0
31518,25739,0
31519,25739,0
31520,25739,0
31521,25739,0
31522,25739,0
31523,25739,0
31524,25692,36
31525,25739,0
31526,25739,0
31527,25739,0
31528,25739,0
31529,22042,3048
31530,25739,0
31531,25665,56
31532,24365,1078
31533,25739,0
31534,25739,0
31535,25739,0
31536,25739,0
31537,25739,0
31538,25739,0
31539,25739,0
31540,25739,0
31541,20290,4676
31542,24970,596
31543,22981,2228
31544,25739,0
31545,25739,0
31546,25739,0
31547,25592,112
31548,22924,2276
31549,25739,0
31550,25739,0
31551,25739,0
31552,25739,0
31553,24934,624
31554,25164,444
31555,25739,0
31556,25702,28
31557,25739,0
31558,25739,0
31559,25148,456
31560,25739,0
31561,25739,0
31562,25125,474
31563,25739,0
31564,23577,1724
31565,24274,1152
31566,22943,2260
31567,25739,0
31568,25739,0
31569,25739,0
31570,25739,0
31571,25739,0
31572,25739,0
31573,25739,0
31574,25739,0
31575,25739,0
31576,25739,0
31577,25739,0
31578,25739,0
31579,25739,0
31580,25739,0
31581,25739,0
31582,25739,0
31583,25739,0
31584,25739,0
31585,8685,21356
31586,25739,0
31587,25739,0
31588,25739,0
31589,25739,0
31590,25739,0
31591,25739,0
31592,25739,0
31593,25739,0
31594,25739,0
31595,25739,0
31596,25739,0
31597,25739,0
31598,25739,0
31599,21296,3724
31600,25739,0
31601,24432,1024
31602,25739,0
31603,25442,228
31604,25739,0
31605,25739,0
31606,25739,0
31607,25739,0
31608,25582,120
31609,25739,0
31610,25739,0
31611,25739,0
31612,25739,0
31613,25739,0
31614,25739,0
31615,25739,0
31616,25739,0
31617,21249,3768
31618,25739,0
31619,25739,0
31620,25739,0
31621,20747,4238
31622,25287,348
31623,25739,0
31624,25739,0
31625,25739,0
31626,25676,48
31627,25739,0
31628,19139,5824
31629,25739,0
31630,25692,36
31631,25739,0
31632,23517,1774
31633,21257,3760
31634,25739,0
31635,25739,0
31636,24432,1024
31637,25613,96
31638,25739,0
31639,25707,24
31640,25739,0
31641,25739,0
31642,25707,24
31643,25739,0
31644,25702,28
31645,25739,0
31646,25702,28
31647,25739,0
31648,19439,5518
31649,25739,0
31650,25655,64
31651,25739,0
31652,25707,24
31653,25739,0
31654,25739,0
31655,25676,48
31656,10906,16878
31657,25739,0
31658,25613,96
31659,24527,948
31660,25739,0
31661,25551,144
31662,25739,0
31663,25739,0
31664,25739,0
31665,21541,3500
31666,23857,1492
31667,13905,12104
31668,25739,0
31669,25702,28
31670,25739,0
31671,25739,0
31672,25739,0
31673,24730,786
31674,25739,0
31675,25739,0
31676,25739,0
31677,25739,0
31678,25739,0
31679,25739,0
31680,25739,0
31681,25739,0
31682,25739,0
31683,24447,1012
31684,25739,0
31685,25739,0
31686,25739,0
31687,25702,28
31688,25125,474
31689,25739,0
31690,25739,0
31691,25739,0
31692,25739,0
31693,25739,0
31694,23601,1704
31695,25739,0
31696,25739,0
31697,25739,0
31698,25739,0
31699,24062,1324
31700,25739,0
31701,25739,0
31702,25692,36
31703,25739,0
31704,25739,0
31705,25739,0
31706,25739,0
31707,22725,2448
31708,25739,0
31709,25739,0
31710,25739,0
31711,25739,0
31712,25739,0
31713,25739,0
31714,25739,0
31715,25676,48
31716,25739,0
31717,25707,24
31718,21845,3224
31719,25702,28
31720,25739,0
31721,25707,24
31722,17507,7576
31723,25739,0
31724,25676,48
31725,25739,0
31726,25739,0
31727,25739,0
31728,25739,0
31729,25739,0
31730,24269,1156
31731,24430,1026
31732,25739,0
31733,25739,0
31734,25739,0
31735,25676,48
31736,25739,0
31737,25739,0
31738,24192,1218
31739,25739,0
31740,25739,0
31741,25739,0
31742,25739,0
31743,25739,0
31744,20717,4266
31745,25739,0
31746,25660,60
31747,25739,0
31748,25739,0
31749,25739,0
31750,25598,108
31751,25739,0
31752,25739,0
31753,25274,358
31754,25577,124
31755,25036,544
31756,25739,0
31757,25739,0
31758,25739,0
31759,25739,0
31760,25739,0
31761,25739,0
31762,25702,28
31763,25739,0
31764,25739,0
31765,25739,0
31766,25739,0
31767,25739,0
31768,25739,0
31769,25739,0
31770,25739,0
31771,25739,0
31772,25702,28
31773,25739,0
31774,25739,0
31775,25739,0
31776,25739,0
31777,25739,0
31778,25739,0
31779,25739,0
31780,25739,0
31781,25739,0
31782,25707,24
31783,25739,0
31784,25739,0
31785,25739,0
31786,25739,0
31787,23903,1454
31788,25739,0
31789,25739,0
31790,22394,2736
31791,23577,1724
31792,25739,0
31793,25739,0
31794,13633,12492
31795,25739,0
31796,24778,748
31797,25739,0
31798,25739,0
31799,25739,0
31800,25739,0
31801,25739,0
31802,25159,448
31803,25739,0
31804,25739,0
31805,25739,0
31806,25739,0
31807,24831,706
31808,25739,0
31809,25062,524
31810,25739,0
31811,25739,0
31812,25739,0
31813,25739,0
31814,25739,0
31815,23998,1376
31816,25739,0
31817,25739,0
31818,25739,0
31819,25739,0
31820,25739,0
31821,25739,0
31822,23821,1522
31823,16050,9284
31824,25739,0
31825,25739,0
31826,22748,2428
31827,25739,0
31828,25739,0
31829,25739,0
31830,18527,6462
31831,25739,0
31832,25739,0
31833,25739,0
31834,25739,0
31835,22403,2728
31836,25707,24
31837,24732,784
31838,25431,236
31839,25251,376
31840,25739,0
31841,25739,0
31842,25739,0
31843,25739,0
31844,17605,7466
31845,25739,0
31846,25739,0
31847,23489,1798
31848,24682,824
31849,24767,756
31850,20650,4330
31851,25739,0
31852,25739,0
31853,25739,0
31854,25739,0
31855,25302,336
31856,25739,0
31857,25442,228
31858,25739,0
31859,24929,628
31860,25739,0
31861,25739,0
31862,25707,24
31863,25739,0
31864,25739,0
31865,25431,236
31866,25739,0
31867,25739,0
31868,25739,0
31869,25739,0
31870,25707,24
31871,25739,0
31872,25739,0
31873,25739,0
31874,25739,0
31875,16393,8868
31876,25702,28
31877,25739,0
31878,25739,0
31879,25692,36
31880,25739,0
31881,25739,0
31882,24308,1124
31883,25739,0
31884,25739,0
31885,25739,0
31886,25739,0
31887,25577,124
31888,25702,28
31889,25254,374
31890,25318,324
31891,24229,1188
31892,25577,124
31893,25572,128
31894,25739,0
31895,25739,0
31896,25739,0
31897,25739,0
31898,25069,518
31899,25318,324
31900,25739,0
31901,25739,0
31902,25739,0
31903,24879,668
31904,25739,0
31905,25739,0
31906,25665,56
31907,25739,0
31908,25739,0
31909,24185,1224
31910,25739,0
31911,25535,156
31912,25739,0
31913,25739,0
31914,25739,0
31915,23084,2140
31916,25739,0
31917,25739,0
31918,25739,0
31919,25739,0
31920,25739,0
31921,25739,0
31922,24773,752
31923,25739,0
31924,25739,0
31925,25739,0
31926,25739,0
31927,25739,0
31928,25739,0
31929,24682,824
31930,25739,0
31931,25739,0
31932,25739,0
31933,25561,136
31934,25739,0
31935,25739,0
31936,25739,0
31937,25739,0
31938,25707,24
31939,25739,0
31940,25739,0
31941,15145,10424
31942,25739,0
31943,25739,0
31944,20113,4848
31945,25739,0
31946,25702,28
31947,17841,7204
31948,25739,0
31949,25739,0
31950,25739,0
31951,25254,374
31952,25739,0
31953,25739,0
31954,25739,0
31955,22408,2724
31956,1165,60836
31957,25739,0
31958,25338,308
31959,25739,0
31960,25292,344
31961,25739,0
31962,25739,0
31963,1419,56960
31964,25739,0
31965,25739,0
31966,24942,618
31967,25739,0
31968,25702,28
31969,25739,0
31970,25739,0
31971,25277,356
31972,25739,0
31973,25739,0
31974,25739,0
31975,25739,0
31976,25739,0
31977,25739,0
31978,25739,0
31979,23339,1924
31980,25739,0
31981,25739,0
31982,25739,0
31983,25692,36
31984,25739,0
31985,23633,1678
31986,25739,0
31987,25618,92
31988,24532,944
31989,25739,0
31990,25739,0
31991,25739,0
31992,25739,0
31993,713,70494
31994,25739,0
31995,24494,974
31996,25739,0
31997,25739,0
31998,25174,436
31999,25739,0
32000,25739,0
32001,25739,0
32002,25739,0
32003,25739,0
32004,25739,0
32005,25739,0
32006,25739,0
32007,25707,24
32008,25739,0
32009,25702,28
32010,25739,0
32011,23100,2126
32012,25739,0
32013,25739,0
32014,25739,0
32015,25739,0
32016,25739,0
32017,25739,0
32018,22428,2706
32019,24934,624
32020,14127,11792
32021,25616,94
32022,25739,0
32023,25739,0
32024,18933,6036
32025,6313,27626
32026,25739,0
32027,25739,0
32028,25739,0
32029,25739,0
32030,25707,24
32031,25739,0
32032,25739,0
32033,25739,0
32034,25739,0
32035,25739,0
32036,25739,0
32037,24879,668
32038,21273,3746
32039,25739,0
32040,25665,56
32041,25739,0
32042,25739,0
32043,23676,1642
32044,25739,0
32045,25707,24
32046,25739,0
32047,15786,9610
32048,25739,0
32049,25739,0
32050,25660,60
32051,25739,0
32052,24745,774
32053,25739,0
32054,25739,0
32055,25739,0
32056,25739,0
32057,25739,0
32058,24970,596
32059,25739,0
32060,25739,0
32061,25739,0
32062,25692,36
32063,25739,0
32064,25739,0
32065,25739,0
32066,25739,0
32067,25739,0
32068,25739,0
32069,25739,0
32070,25739,0
32071,25692,36
32072,25739,0
32073,25739,0
32074,25739,0
32075,25739,0
32076,24715,798
32077,25702,28
32078,25739,0
32079,23220,2024
32080,24652,848
32081,25739,0
32082,25739,0
32083,25739,0
32084,22750,2426
32085,25642,74
32086,25739,0
32087,1725,53124
32088,25707,24
32089,25739,0
32090,25739,0
32091,25739,0
32092,25739,0
32093,25095,498
32094,24740,778
32095,25739,0
32096,25739,0
32097,25702,28
32098,25739,0
32099,25739,0
32100,25460,214
32101,25739,0
32102,25739,0
32103,25133,468
32104,6838,26056
32105,25739,0
32106,24427,1028
32107,25739,0
32108,14613,11128
32109,25739,0
32110,25739,0
32111,25739,0
32112,25739,0
32113,21340,3684
32114,25739,0
32115,25739,0
32116,23525,1768
32117,25739,0
32118,25739,0
32119,25739,0
32120,25739,0
32121,25739,0
32122,25561,136
32123,25739,0
32124,25739,0
32125,24318,1116
32126,23048,2170
32127,25739,0
32128,25739,0
32129,25644,72
32130,25739,0
32131,25739,0
32132,24552,928
32133,25739,0
32134,25739,0
32135,25634,80
32136,25739,0
32137,25739,0
32138,25739,0
32139,25739,0
32140,25739,0
32141,25739,0
32142,25676,48
32143,25739,0
32144,25626,86
32145,25739,0
32146,24435,1022
32147,25739,0
32148,25189,424
32149,25739,0
32150,25739,0
32151,25739,0
32152,25739,0
32153,25739,0
32154,25416,248
32155,25739,0
32156,25739,0
32157,25739,0
32158,1143,61224
32159,25739,0
32160,25739,0
32161,25707,24
32162,25739,0
32163,25739,0
32164,25739,0
32165,25739,0
32166,25739,0
32167,25739,0
32168,25739,0
32169,25739,0
32170,25739,0
32171,10462,17696
32172,25739,0
32173,25707,24
32174,25739,0
32175,25739,0
32176,25739,0
32177,25739,0
32178,25676,48
32179,25739,0
32180,25739,0
32181,15424,10066
32182,25692,36
32183,25739,0
32184,25739,0
32185,25739,0
32186,25739,0
32187,25739,0
32188,24557,924
32189,25739,0
32190,25739,0
32191,25739,0
32192,25739,0
32193,25739,0
32194,25739,0
32195,25739,0
32196,25739,0
32197,25739,0
32198,25739,0
32199,25739,0
32200,25739,0
32201,25739,0
32202,25739,0
32203,25739,0
32204,25739,0
32205,25739,0
32206,25739,0
32207,25739,0
32208,25739,0
32209,25739,0
32210,25739,0
32211,24783,744
32212,25739,0
32213,25739,0
32214,25739,0
32215,25739,0
32216,24062,1324
32217,24547,932
32218,25739,0
32219,25739,0
32220,23794,1544
32221,25707,24
32222,25739,0
32223,25739,0
32224,25739,0
32225,24067,1320
32226,23962,1406
32227,25164,444
32228,25739,0
32229,25707,24
32230,25739,0
32231,21405,3624
32232,25707,24
32233,25707,24
32234,25739,0
32235,25739,0
32236,25739,0
32237,25739,0
32238,22692,2476
32239,24632,864
32240,25739,0
32241,23811,1530
32242,25739,0
32243,25447,224
32244,25739,0
32245,25739,0
32246,25739,0
32247,25739,0
32248,25739,0
32249,25739,0
32250,25739,0
32251,23877,1476
32252,25739,0
32253,18899,6072
32254,12593,14052
32255,25739,0
32256,25739,0
32257,21934,3144
32258,25739,0
32259,25739,0
32260,25739,0
32261,23095,2130
32262,25739,0
32263,25665,56
32264,25739,0
32265,25739,0
32266,25739,0
32267,25739,0
32268,25739,0
32269,25739,0
32270,25739,0
32271,25572,128
32272,25739,0
32273,25739,0
32274,25739,0
32275,25739,0
32276,25739,0
32277,25739,0
32278,25095,498
32279,20633,4346
32280,25739,0
32281,25416,248
32282,25739,0
32283,25702,28
32284,24415,1038
32285,25739,0
32286,25739,0
32287,25739,0
32288,25385,272
32289,25739,0
32290,25739,0
32291,25739,0
32292,25739,0
32293,25739,0
32294,25739,0
32295,25739,0
32296,25739,0
32297,25739,0
32298,25739,0
32299,25739,0
32300,25707,24
32301,25174,436
32302,25739,0
32303,25739,0
32304,25739,0
32305,25739,0
32306,25739,0
32307,25739,0
32308,25739,0
32309,25739,0
32310,24185,1224
32311,22294,2824
32312,25739,0
32313,25739,0
32314,25739,0
32315,25739,0
32316,25739,0
32317,25739,0
32318,25739,0
32319,25739,0
32320,77,107808
32321,25739,0
32322,25318,324
32323,25739,0
32324,21706,3350
32325,25739,0
32326,25739,0
32327,25702,28
32328,25739,0
32329,25739,0
32330,25665,56
32331,25658,62
32332,25739,0
32333,25739,0
32334,19877,5080
32335,25739,0
32336,25681,44
32337,25739,0
32338,25739,0
32339,25585,118
32340,25739,0
32341,25739,0
32342,25702,28
32343,25676,48
32344,25644,72
32345,25739,0
32346,25739,0
32347,25739,0
32348,25707,24
32349,25739,0
32350,25739,0
32351,25707,24
32352,25739,0
32353,25367,286
32354,25739,0
32355,25739,0
32356,25739,0
32357,25642,74
32358,25739,0
32359,25739,0
32360,25739,0
32361,25739,0
32362,25442,228
32363,25739,0
32364,25739,0
32365,25739,0
32366,24494,974
32367,22864,2328
32368,25739,0
32369,24934,624
32370,25572,128
32371,25739,0
32372,25739,0
32373,25739,0
32374,25739,0
32375,24365,1078
32376,25739,0
32377,25739,0
32378,25739,0
32379,25739,0
32380,25739,0
32381,25739,0
32382,22557,2594
32383,25702,28
32384,25692,36
32385,23168,2068
32386,25739,0
32387,25739,0
32388,25739,0
32389,25739,0
32390,24185,1224
32391,24735,782
32392,25739,0
32393,25739,0
32394,25739,0
32395,25739,0
32396,25739,0
32397,25739,0
32398,24783,744
32399,25739,0
32400,25739,0
32401,25739,0
32402,25739,0
32403,24742,776
32404,22612,2546
32405,25739,0
32406,25739,0
32407,23472,1812
32408,23935,1428
32409,25739,0
32410,25739,0
32411,25739,0
32412,23772,1562
32413,25739,0
32414,25676,48
32415,25739,0
32416,25739,0
32417,25702,28
32418,25739,0
32419,25739,0
32420,25707,24
32421,24397,1052
32422,25739,0
32423,25642,74
32424,25739,0
32425,24998,574
32426,25382,274
32427,25739,0
32428,25603,104
32429,25739,0
32430,25739,0
32431,25739,0
32432,25702,28
32433,25739,0
32434,25739,0
32435,19903,5054
32436,25739,0
32437,25707,24
32438,25739,0
32439,25189,424
32440,25739,0
32441,25739,0
32442,25739,0
32443,1,122470
32444,25739,0
32445,25577,124
32446,25611,98
32447,18765,6212
32448,25739,0
32449,25739,0
32450,25739,0
32451,25739,0
32452,25739,0
32453,24866,678
32454,25739,0
32455,25739,0
32456,25739,0
32457,25739,0
32458,24642,856
32459,25739,0
32460,25739,0
32461,25739,0
32462,25616,94
32463,25739,0
32464,25739,0
32465,25739,0
32466,25739,0
32467,25739,0
32468,25739,0
32469,25739,0
32470,25739,0
32471,25739,0
32472,10070,18446
32473,21453,3580
32474,25702,28
32475,25739,0
32476,25739,0
32477,25707,24
32478,25739,0
32479,25739,0
32480,25739,0
32481,25702,28
32482,25577,124
32483,25739,0
32484,25739,0
32485,25603,104
32486,25739,0
32487,25739,0
32488,25707,24
32489,25707,24
32490,25739,0
32491,25739,0
32492,25739,0
32493,25739,0
32494,25739,0
32495,25739,0
32496,25739,0
32497,25739,0
32498,25739,0
32499,25739,0
32500,25739,0
32501,25739,0
32502,25739,0
32503,25739,0
32504,25739,0
32505,25739,0
32506,25739,0
32507,25739,0
32508,22990,2220
32509,25313,328
32510,25707,24
32511,25739,0
32512,25739,0
32513,25739,0
32514,24259,1164
32515,25739,0
32516,24234,1184
32517,25739,0
32518,25739,0
32519,25739,0
32520,19934,5024
32521,25739,0
32522,25739,0
32523,25613,96
32524,25739,0
32525,25739,0
32526,14241,11634
32527,25572,128
32528,25739,0
32529,24998,574
32530,25442,228
32531,25739,0
32532,25739,0
32533,25739,0
32534,25739,0
32535,25739,0
32536,25739,0
32537,24919,636
32538,25739,0
32539,25739,0
32540,25739,0
32541,20082,4878
32542,25254,374
32543,25739,0
32544,25739,0
32545,25739,0
32546,25739,0
32547,25739,0
32548,25739,0
32549,25739,0
32550,25739,0
32551,24200,1212
32552,25739,0
32553,25739,0
32554,23434,1844
32555,25739,0
32556,25739,0
32557,25739,0
32558,25739,0
32559,1,117076
32560,25739,0
32561,25051,532
32562,25739,0
32563,18793,6182
32564,22294,2824
32565,24072,1316
32566,25739,0
32567,24808,724
32568,25739,0
32569,25739,0
32570,24634,862
32571,25739,0
32572,25739,0
32573,25739,0
32574,25739,0
32575,25739,0
32576,24803,728
32577,25739,0
32578,23886,1468
32579,25238,386
32580,25739,0
32581,21845,3224
32582,25739,0
32583,25739,0
32584,25739,0
32585,25739,0
32586,24793,736
32587,25739,0
32588,25707,24
32589,24998,574
32590,25739,0
32591,25739,0
32592,25676,48
32593,25739,0
32594,25739,0
32595,25739,0
32596,25739,0
32597,25739,0
32598,25739,0
32599,25739,0
32600,24529,946
32601,22346,2778
32602,24778,748
32603,25702,28
32604,25739,0
32605,25739,0
32606,23458,1824
32607,19213,5748
32608,25707,24
32609,25739,0
32610,25739,0
32611,25739,0
32612,25739,0
32613,24785,742
32614,25390,268
32615,23249,2000
32616,25739,0
32617,25644,72
32618,25739,0
32619,25739,0
32620,23138,2094
32621,25499,184
32622,25739,0
32623,25739,0
32624,25739,0
32625,25475,202
32626,25707,24
32627,25739,0
32628,25739,0
32629,7069,25402
32630,25739,0
32631,25739,0
32632,25739,0
32633,25739,0
32634,25676,48
32635,25739,0
32636,25739,0
32637,25739,0
32638,25739,0
32639,25739,0
32640,25739,0
32641,25739,0
32642,25739,0
32643,25739,0
32644,25739,0
32645,25739,0
32646,25739,0
32647,25739,0
32648,25739,0
32649,25613,96
32650,25739,0
32651,25739,0
32652,25739,0
32653,25739,0
32654,25739,0
32655,25739,0
32656,25739,0
32657,25739,0
32658,25739,0
32659,25739,0
32660,25739,0
32661,25739,0
32662,25739,0
32663,25702,28
32664,25739,0
32665,25739,0
32666,23339,1924
32667,25739,0
32668,25702,28
32669,25739,0
32670,25739,0
32671,25739,0
32672,15944,9414
32673,25739,0
32674,25739,0
32675,25031,548
32676,25739,0
32677,25739,0
32678,25739,0
32679,25290,346
32680,25739,0
32681,25739,0
32682,25739,0
32683,25739,0
32684,25739,0
32685,25739,0
32686,25739,0
32687,25739,0
32688,25739,0
32689,25739,0
32690,25681,44
32691,25739,0
32692,21379,3648
32693,25483,196
32694,25739,0
32695,25739,0
32696,25739,0
32697,22736,2438
32698,25739,0
32699,25003,570
32700,25739,0
32701,25644,72
32702,25739,0
32703,25702,28
32704,25739,0
32705,25739,0
32706,25739,0
32707,25739,0
32708,25676,48
32709,18471,6522
32710,25739,0
32711,25739,0
32712,25739,0
32713,25739,0
32714,25739,0
32715,25739,0
32716,25739,0
32717,25739,0
32718,25739,0
32719,24879,668
32720,25739,0
32721,25739,0
32722,25739,0
32723,25739,0
32724,25739,0
32725,25739,0
32726,24934,624
32727,25739,0
32728,25600,106
32729,25739,0
32730,25739,0
32731,25692,36
32732,25739,0
32733,25739,0
32734,25739,0
32735,25739,0
32736,25036,544
32737,25739,0
32738,21593,3452
32739,24442,1016
32740,25739,0
32741,17102,8036
32742,24365,1078
32743,23743,1586
32744,25707,24
32745,25184,428
32746,25676,48
32747,25739,0
32748,25739,0
32749,25692,36
32750,25739,0
32751,25739,0
32752,25707,24
32753,25739,0
32754,25739,0
32755,25739,0
32756,25702,28
32757,25702,28
32758,25739,0
32759,25702,28
32760,25739,0
32761,25054,530
32762,25739,0
32763,25739,0
32764,25507,178
32765,25739,0
32766,25447,224
32767,25739,0
32768,25739,0
32769,25739,0
32770,24866,678
32771,25702,28
32772,25739,0
32773,25739,0
32774,24778,748
32775,25739,0
32776,25739,0
32777,25739,0
32778,1673,53732
32779,25739,0
32780,24557,924
32781,25739,0
32782,25739,0
32783,25739,0
32784,25739,0
32785,25692,36
32786,25739,0
32787,25739,0
32788,25739,0
32789,25739,0
32790,25739,0
32791,25739,0
32792,25739,0
32793,21845,3224
32794,25739,0
32795,25739,0
32796,25676,48
32797,25739,0
32798,25639,76
32799,25665,56
32800,23453,1828
32801,25313,328
32802,25739,0
32803,25739,0
32804,25739,0
32805,24677,828
32806,23809,1532
32807,25739,0
32808,25338,308
32809,25739,0
32810,25739,0
32811,25676,48
32812,25739,0
32813,25739,0
32814,25739,0
32815,25707,24
32816,25739,0
32817,25739,0
32818,21934,3144
32819,25739,0
32820,25739,0
32821,25739,0
32822,25739,0
32823,25592,112
32824,25739,0
32825,25739,0
32826,25739,0
32827,25739,0
32828,25739,0
32829,25739,0
32830,25739,0
32831,21734,3324
32832,25739,0
32833,25739,0
32834,25739,0
32835,25739,0
32836,25739,0
32837,25739,0
32838,25739,0
32839,25739,0
32840,25739,0
32841,23753,1578
32842,25739,0
32843,25215,404
32844,25739,0
32845,25739,0
32846,12474,14238
32847,25739,0
32848,25739,0
32849,24934,624
32850,25739,0
32851,25739,0
32852,25739,0
32853,25739,0
32854,25739,0
32855,21899,3176
32856,25739,0
32857,24995,576
32858,25739,0
32859,23032,2184
32860,25739,0
32861,24919,636
32862,25739,0
32863,25739,0
32864,25739,0
32865,13525,12648
32866,25739,0
32867,25739,0
32868,25739,0
32869,24440,1018
32870,24715,798
32871,25739,0
32872,22985,2224
32873,25739,0
32874,25739,0
32875,25739,0
32876,25739,0
32877,25739,0
32878,25739,0
32879,25739,0
32880,25739,0
32881,25739,0
32882,25739,0
32883,25739,0
32884,19905,5052
32885,25739,0
32886,25739,0
32887,25739,0
32888,15438,10048
32889,25739,0
32890,25739,0
32891,25739,0
32892,25739,0
32893,25739,0
32894,16584,8640
32895,25739,0
32896,25676,48
32897,25115,482
32898,25739,0
32899,25488,192
32900,25739,0
32901,23192,2048
32902,25739,0
32903,25739,0
32904,25739,0
32905,25676,48
32906,25739,0
32907,25739,0
32908,25739,0
32909,23940,1424
32910,25739,0
32911,25707,24
32912,25739,0
32913,25739,0
32914,25739,0
32915,11189,16376
32916,25739,0
32917,25739,0
32918,25739,0
32919,25739,0
32920,25739,0
32921,25739,0
32922,24180,1228
32923,25036,544
32924,22669,2496
32925,25739,0
32926,25739,0
32927,25739,0
32928,25739,0
32929,25739,0
32930,25197,418
32931,25692,36
32932,25739,0
32933,25739,0
32934,25739,0
32935,17464,7624
32936,25739,0
32937,25739,0
32938,25739,0
32939,25739,0
32940,25739,0
32941,25618,92
32942,25739,0
32943,25739,0
32944,24082,1308
32945,25702,28
32946,25739,0
32947,25739,0
32948,25739,0
32949,25739,0
32950,25739,0
32951,1975,50470
32952,25739,0
32953,25739,0
32954,25739,0
32955,25707,24
32956,25739,0
32957,25702,28
32958,16827,8354
32959,25739,0
32960,25739,0
32961,23220,2024
32962,25739,0
32963,25739,0
32964,24432,1024
32965,25702,28
32966,25031,548
32967,25739,0
32968,25416,248
32969,13320,12948
32970,25739,0
32971,25739,0
32972,25739,0
32973,25739,0
32974,25739,0
32975,25739,0
32976,15104,10478
32977,25739,0
32978,25739,0
32979,25739,0
32980,25707,24
32981,25739,0
32982,25261,368
32983,22267,2848
32984,25739,0
32985,25739,0
32986,25739,0
32987,25739,0
32988,25739,0
32989,25739,0
32990,25739,0
32991,25707,24
32992,25739,0
32993,25739,0
32994,22864,2328
32995,25739,0
32996,25739,0
32997,25739,0
32998,25739,0
32999,25236,388
33000,25739,0
33001,25478,200
33002,25739,0
33003,25739,0
33004,25739,0
33005,25739,0
33006,25739,0
33007,24597,892
33008,25739,0
33009,25189,424
33010,25739,0
33011,24062,1324
33012,25302,336
33013,23645,1668
33014,25692,36
33015,25608,100
33016,25739,0
33017,25739,0
33018,25447,224
33019,25676,48
33020,25739,0
33021,25739,0
33022,23532,1762
33023,25739,0
33024,25739,0
33025,25634,80
33026,25739,0
33027,25739,0
33028,22753,2424
33029,25603,104
33030,25739,0
33031,25351,298
33032,23818,1524
33033,25739,0
33034,25739,0
33035,25582,120
33036,25739,0
33037,25739,0
33038,25739,0
33039,25739,0
33040,25676,48
33041,25702,28
33042,25739,0
33043,25739,0
33044,25739,0
33045,25739,0
33046,25739,0
33047,25739,0
33048,25739,0
33049,23972,1398
33050,25739,0
33051,25739,0
33052,25739,0
33053,25739,0
33054,25739,0
33055,25739,0
33056,25707,24
33057,24353,1088
33058,9188,20248
33059,25739,0
33060,25739,0
33061,25692,36
33062,25739,0
33063,25739,0
33064,25739,0
33065,25739,0
33066,25739,0
33067,24432,1024
33068,24148,1254
33069,25739,0
33070,25739,0
33071,25739,0
33072,25223,398
33073,25739,0
33074,25739,0
33075,25639,76
33076,25739,0
33077,25739,0
33078,25739,0
33079,24810,722
33080,25739,0
33081,25739,0
33082,25739,0
33083,25739,0
33084,25739,0
33085,25739,0
33086,24866,678
33087,24246,1174
33088,25665,56
33089,25739,0
33090,25739,0
33091,25739,0
33092,25739,0
33093,25739,0
33094,25739,0
33095,25739,0
33096,25739,0
33097,25702,28
33098,25739,0
33099,25739,0
33100,25739,0
33101,25739,0
33102,25739,0
33103,25739,0
33104,25739,0
33105,25739,0
33106,25421,244
33107,25739,0
33108,25739,0
33109,25739,0
33110,25739,0
33111,25739,0
33112,25739,0
33113,25739,0
33114,25707,24
33115,25739,0
33116,25702,28
33117,25739,0
33118,22632,2528
33119,24619,874
33120,23339,1924
33121,25739,0
33122,25739,0
33123,25277,356
33124,25739,0
33125,25739,0
33126,22962,2244
33127,25739,0
33128,25739,0
33129,25739,0
33130,25739,0
33131,25707,24
33132,25739,0
33133,25739,0
33134,25702,28
33135,25707,24
33136,25739,0
33137,25739,0
33138,25739,0
33139,25046,536
33140,25739,0
33141,25739,0
33142,25739,0
33143,25739,0
33144,25739,0
33145,25676,48
33146,25739,0
33147,25739,0
33148,23539,1756
33149,25739,0
33150,24099,1294
33151,25739,0
33152,25739,0
33153,25739,0
33154,25739,0
33155,22552,2598
33156,25739,0
33157,24417,1036
33158,25739,0
33159,25739,0
33160,25707,24
33161,25739,0
33162,25739,0
33163,23206,2036
33164,25739,0
33165,23986,1386
33166,25739,0
33167,25739,0
33168,25739,0
33169,25739,0
33170,22408,2724
33171,23310,1948
33172,25318,324
33173,25739,0
33174,22655,2508
33175,25739,0
33176,25739,0
33177,25739,0
33178,25739,0
33179,25739,0
33180,25739,0
33181,25739,0
33182,25702,28
33183,25739,0
33184,25644,72
33185,25739,0
33186,19909,5048
33187,25739,0
33188,25739,0
33189,25739,0
33190,25739,0
33191,25739,0
33192,25739,0
33193,25739,0
33194,25739,0
33195,25707,24
33196,25739,0
33197,25739,0
33198,23780,1556
33199,25739,0
33200,19930,5028
33201,25739,0
33202,25739,0
33203,23935,1428
33204,25739,0
33205,25739,0
33206,18422,6574
33207,25390,268
33208,25739,0
33209,25739,0
33210,25739,0
33211,25739,0
33212,25739,0
33213,25739,0
33214,25739,0
33215,25739,0
33216,25739,0
33217,25739,0
33218,25739,0
33219,25739,0
33220,25739,0
33221,25739,0
33222,25739,0
33223,25739,0
33224,25739,0
33225,25739,0
33226,25739,0
33227,25681,44
33228,25739,0
33229,24808,724
33230,25676,48
33231,25676,48
33232,25658,62
33233,22060,3032
33234,25739,0
33235,25739,0
33236,25707,24
33237,25739,0
33238,25739,0
33239,25692,36
33240,25707,24
33241,25739,0
33242,25159,448
33243,25702,28
33244,25739,0
33245,25739,0
33246,25739,0
33247,25739,0
33248,22417,2716
33249,25739,0
33250,25739,0
33251,25739,0
33252,25739,0
33253,21111,3896
33254,25739,0
33255,25739,0
33256,25739,0
33257,25739,0
33258,25313,328
33259,23175,2062
33260,25603,104
33261,25582,120
33262,21759,3302
33263,25739,0
33264,25739,0
33265,25382,274
33266,25739,0
33267,25739,0
33268,25739,0
33269,25739,0
33270,23797,1542
33271,25739,0
33272,25313,328
33273,25739,0
33274,25665,56
33275,25739,0
33276,25739,0
33277,25739,0
33278,20889,4104
33279,25702,28
33280,25351,298
33281,23201,2040
33282,25739,0
33283,25318,324
33284,19007,5960
33285,24006,1370
33286,25739,0
33287,25739,0
33288,25739,0
33289,25739,0
33290,23220,2024
33291,25739,0
33292,25739,0
33293,25036,544
33294,25739,0
33295,25739,0
33296,23013,2200
33297,25739,0
33298,25739,0
33299,25739,0
33300,25739,0
33301,25739,0
33302,25739,0
33303,25739,0
33304,25739,0
33305,25739,0
33306,25739,0
33307,25739,0
33308,24035,1346
33309,25613,96
33310,19734,5222
33311,25739,0
33312,25739,0
33313,25692,36
33314,25739,0
33315,25665,56
33316,25739,0
33317,25739,0
33318,24427,1028
33319,25739,0
33320,25739,0
33321,25739,0
33322,25739,0
33323,25739,0
33324,25739,0
33325,25739,0
33326,25739,0
33327,25739,0
33328,25739,0
33329,25739,0
33330,25315,326
33331,25739,0
33332,25739,0
33333,25739,0
33334,25739,0
33335,25254,374
33336,25739,0
33337,25739,0
33338,25707,24
33339,25739,0
33340,25739,0
33341,25739,0
33342,25739,0
33343,25739,0
33344,25739,0
33345,25739,0
33346,25739,0
33347,25739,0
33348,25739,0
33349,25739,0
33350,25739,0
33351,23698,1624
33352,25739,0
33353,25739,0
33354,25739,0
33355,23310,1948
33356,25739,0
33357,25739,0
33358,25739,0
33359,25739,0
33360,25676,48
33361,25739,0
33362,25739,0
33363,25613,96
33364,25739,0
33365,25739,0
33366,25739,0
33367,25739,0
33368,25739,0
33369,25739,0
33370,25739,0
33371,25739,0
33372,24256,1166
33373,25739,0
33374,25739,0
33375,23935,1428
33376,25739,0
33377,25739,0
33378,25739,0
33379,25739,0
33380,25739,0
33381,24308,1124
33382,25739,0
33383,25174,436
33384,25707,24
33385,25642,74
33386,25431,236
33387,25739,0
33388,25739,0
33389,25739,0
33390,25739,0
33391,25739,0
33392,25739,0
33393,25739,0
33394,25739,0
33395,25739,0
33396,25739,0
33397,25739,0
33398,25739,0
33399,25739,0
33400,25707,24
33401,25739,0
33402,25739,0
33403,25739,0
33404,25531,159
33405,25739,0
33406,25739,0
33407,25707,24
33408,25739,0
33409,25702,28
33410,25739,0
33411,25739,0
33412,25739,0
33413,25739,0
33414,25739,0
33415,17983,7048
33416,25739,0
33417,25739,0
33418,23095,2130
33419,25692,36
33420,25739,0
33421,25739,0
33422,25287,348
33423,25272,360
33424,25739,0
33425,25650,68
33426,25739,0
33427,25739,0
33428,25739,0
33429,25739,0
33430,25739,0
33431,25739,0
33432,25739,0
33433,23693,1628
33434,25739,0
33435,14687,11028
33436,24879,668
33437,25707,24
33438,20526,4448
33439,25739,0
33440,25707,24
33441,25739,0
33442,25739,0
33443,25739,0
33444,25739,0
33445,25739,0
33446,25739,0
33447,24246,1174
33448,25739,0
33449,25739,0
33450,25739,0
33451,25159,448
33452,25739,0
33453,24385,1062
33454,25739,0
33455,25692,36
33456,24185,1224
33457,25739,0
33458,24033,1348
33459,25739,0
33460,25692,36
33461,25707,24
33462,25739,0
33463,25739,0
33464,25739,0
33465,25707,24
33466,25739,0
33467,24927,630
33468,24065,1322
33469,25739,0
33470,25452,220
33471,21952,3128
33472,25739,0
33473,25739,0
33474,25739,0
33475,25739,0
33476,21436,3596
33477,25739,0
33478,25739,0
33479,25046,536
33480,25739,0
33481,24293,1136
33482,25739,0
33483,25739,0
33484,25702,28
33485,2228,48100
33486,145,101812
33487,25611,98
33488,25739,0
33489,25739,0
33490,23009,2204
33491,25739,0
33492,24254,1168
33493,25739,0
33494,18673,6308
33495,25739,0
33496,25739,0
33497,25702,28
33498,25739,0
33499,22906,2292
33500,25739,0
33501,25739,0
33502,25739,0
33503,25739,0
33504,25739,0
33505,25739,0
33506,25739,0
33507,25118,480
33508,25739,0
33509,25739,0
33510,25739,0
33511,25739,0
33512,25739,0
33513,25739,0
33514,25739,0
33515,25442,228
33516,25739,0
33517,25692,36
33518,25739,0
33519,25739,0
33520,25739,0
33521,25739,0
33522,24755,766
33523,24479,986
33524,21677,3376
33525,25702,28
33526,25292,344
33527,25739,0
33528,25739,0
33529,25639,76
33530,25739,0
33531,25739,0
33532,25739,0
33533,25739,0
33534,17025,8124
33535,25739,0
33536,25739,0
33537,25739,0
33538,1891,51324
33539,25739,0
33540,25577,124
33541,25739,0
33542,25613,96
33543,25739,0
33544,25739,0
33545,25739,0
33546,25739,0
33547,25739,0
33548,25739,0
33549,25739,0
33550,25739,0
33551,25739,0
33552,25739,0
33553,25739,0
33554,25739,0
33555,23216,2028
33556,25739,0
33557,25739,0
33558,25739,0
33559,25739,0
33560,25008,566
33561,25739,0
33562,25739,0
33563,25739,0
33564,25739,0
33565,25739,0
33566,25739,0
33567,25739,0
33568,25739,0
33569,25707,24
33570,25629,84
33571,25739,0
33572,25739,0
33573,24254,1168
33574,25739,0
33575,17671,7392
33576,25739,0
33577,25739,0
33578,25739,0
33579,25739,0
33580,25618,92
33581,25592,112
33582,25739,0
33583,25707,24
33584,25707,24
33585,25739,0
33586,25739,0
33587,14139,11776
33588,25739,0
33589,25739,0
33590,25739,0
33591,25702,28
33592,17553,7524
33593,25692,36
33594,25739,0
33595,25739,0
33596,25739,0
33597,24740,778
33598,24838,700
33599,25431,236
33600,25346,302
33601,25739,0
33602,23686,1634
33603,25739,0
33604,25692,36
33605,18776,6200
33606,25739,0
33607,25739,0
33608,25739,0
33609,25739,0
33610,25739,0
33611,25739,0
33612,25739,0
33613,25739,0
33614,24557,924
33615,25702,28
33616,25739,0
33617,25739,0
33618,25692,36
33619,25739,0
33620,25739,0
33621,21497,3540
33622,25739,0
33623,25739,0
33624,25739,0
33625,25739,0
33626,21549,3492
33627,25739,0
33628,25739,0
33629,25739,0
33630,22281,2836
33631,25739,0
33632,25739,0
33633,25739,0
33634,25739,0
33635,25739,0
33636,25692,36
33637,22235,2876
33638,25739,0
33639,25739,0
33640,25739,0
33641,25739,0
33642,25739,0
33643,25739,0
33644,25739,0
33645,25739,0
33646,25707,24
33647,25739,0
33648,25739,0
33649,25739,0
33650,7088,25348
33651,25739,0
33652,25739,0
33653,24055,1330
33654,25739,0
33655,25739,0
33656,24614,878
33657,23577,1724
33658,22743,2432
33659,25707,24
33660,25739,0
33661,25739,0
33662,25739,0
33663,25739,0
33664,25739,0
33665,25739,0
33666,25739,0
33667,25739,0
33668,25739,0
33669,25739,0
33670,25739,0
33671,25739,0
33672,25707,24
33673,25739,0
33674,25739,0
33675,25739,0
33676,25739,0
33677,25739,0
33678,25739,0
33679,25739,0
33680,19728,5228
33681,25739,0
33682,25739,0
33683,25707,24
33684,25739,0
33685,25739,0
33686,25739,0
33687,25739,0
33688,25739,0
33689,25739,0
33690,25739,0
33691,25739,0
33692,25739,0
33693,25739,0
33694,25006,568
33695,25447,224
33696,25739,0
33697,25739,0
33698,25739,0
33699,25739,0
33700,25739,0
33701,25062,524
33702,25739,0
33703,25739,0
33704,25739,0
33705,25739,0
33706,25739,0
33707,24001,1374
33708,25739,0
33709,25739,0
33710,25739,0
33711,25739,0
33712,25739,0
33713,25739,0
33714,21510,3528
33715,23594,1710
33716,25739,0
33717,25739,0
33718,25739,0
33719,25618,92
33720,25512,174
33721,25739,0
33722,25739,0
33723,25739,0
33724,17084,8056
33725,25739,0
33726,24924,632
33727,25739,0
33728,25739,0
33729,22897,2300
33730,22039,3050
33731,22358,2768
33732,25739,0
33733,25739,0
33734,25739,0
33735,25739,0
33736,25739,0
33737,25739,0
33738,17832,7214
33739,25739,0
33740,25739,0
33741,25739,0
33742,25739,0
33743,23124,2106
33744,25739,0
33745,25739,0
33746,25739,0
33747,25739,0
33748,25739,0
33749,25739,0
33750,25739,0
33751,7451,24368
33752,25739,0
33753,22408,2724
33754,25739,0
33755,22855,2336
33756,25739,0
33757,25313,328
33758,25739,0
33759,25707,24
33760,25739,0
33761,25739,0
33762,23789,1548
33763,25739,0
33764,25739,0
33765,25313,328
33766,20757,4228
33767,25739,0
33768,25062,524
33769,25739,0
33770,25739,0
33771,25739,0
33772,12724,13848
33773,25739,0
33774,25739,0
33775,25739,0
33776,25292,344
33777,25739,0
33778,25707,24
33779,25739,0
33780,25739,0
33781,25739,0
33782,24934,624
33783,25739,0
33784,25707,24
33785,9055,20536
33786,25739,0
33787,25739,0
33788,25447,224
33789,25739,0
33790,25739,0
33791,25739,0
33792,25702,28
33793,24587,900
33794,23894,1462
33795,21708,3348
33796,25739,0
33797,18749,6228
33798,25739,0
33799,25739,0
33800,24564,918
33801,25739,0
33802,25739,0
33803,25739,0
33804,25739,0
33805,25164,444
33806,25125,474
33807,25739,0
33808,25514,172
33809,25739,0
33810,25739,0
33811,25739,0
33812,25739,0
33813,25739,0
33814,25739,0
33815,25739,0
33816,25416,248
33817,19720,5236
33818,22957,2248
33819,24929,628
33820,25739,0
33821,25739,0
33822,24278,1148
33823,18780,6196
33824,25739,0
33825,25739,0
33826,25739,0
33827,25739,0
33828,25739,0
33829,24308,1124
33830,25739,0
33831,25739,0
33832,25707,24
33833,25707,24
33834,25676,48
33835,25739,0
33836,25739,0
33837,25739,0
33838,25702,28
33839,24432,1024
33840,25739,0
33841,25707,24
33842,25739,0
33843,25739,0
33844,24934,624
33845,25739,0
33846,25739,0
33847,25739,0
33848,25739,0
33849,25739,0
33850,25671,52
33851,25707,24
33852,25739,0
33853,23794,1544
33854,25739,0
33855,25739,0
33856,25707,24
33857,22001,3084
33858,25739,0
33859,25739,0
33860,25739,0
33861,21124,3884
33862,23398,1874
33863,25739,0
33864,25739,0
33865,24363,1080
33866,25739,0
33867,21488,3548
33868,25739,0
33869,24237,1182
33870,19156,5806
33871,25739,0
33872,25739,0
33873,25739,0
33874,25100,494
33875,25125,474
33876,25739,0
33877,25613,96
33878,25318,324
33879,25739,0
33880,25739,0
33881,24276,1150
33882,25739,0
33883,25739,0
33884,25739,0
33885,25739,0
33886,25739,0
33887,25739,0
33888,25540,152
33889,25739,0
33890,24219,1196
33891,25739,0
33892,24929,628
33893,25676,48
33894,20791,4196
33895,25739,0
33896,25707,24
33897,25739,0
33898,25254,374
33899,25739,0
33900,25739,0
33901,25702,28
33902,25739,0
33903,25739,0
33904,25133,468
33905,25739,0
33906,23698,1624
33907,25644,72
33908,25707,24
33909,25739,0
33910,25739,0
33911,25739,0
33912,25681,44
33913,25739,0
33914,25739,0
33915,25739,0
33916,25739,0
33917,25739,0
33918,25707,24
33919,25739,0
33920,25739,0
33921,24382,1064
33922,25739,0
33923,25739,0
33924,23431,1846
33925,25739,0
33926,25739,0
33927,25739,0
33928,25739,0
33929,25739,0
33930,25739,0
33931,25739,0
33932,25194,420
33933,25739,0
33934,25062,524
33935,25702,28
33936,24677,828
33937,25739,0
33938,20656,4324
33939,25644,72
33940,25739,0
33941,25739,0
33942,25739,0
33943,25616,94
33944,25739,0
33945,25512,174
33946,25036,544
33947,25739,0
33948,25031,548
33949,25416,248
33950,25739,0
33951,25739,0
33952,25551,144
33953,25739,0
33954,25056,528
33955,25739,0
33956,24209,1204
33957,25056,528
33958,25739,0
33959,22845,2344
33960,25739,0
33961,23339,1924
33962,25655,64
33963,25566,132
33964,25739,0
33965,22637,2524
33966,25739,0
33967,25739,0
33968,25739,0
33969,25494,188
33970,25739,0
33971,25739,0
33972,23935,1428
33973,25692,36
33974,19262,5698
33975,25447,224
33976,25739,0
33977,25739,0
33978,25739,0
33979,25739,0
33980,25739,0
33981,25739,0
33982,25616,94
33983,25739,0
33984,25739,0
33985,24074,1314
33986,25739,0
33987,25739,0
33988,25739,0
33989,25739,0
33990,24622,872
33991,25739,0
33992,25739,0
33993,25739,0
33994,25707,24
33995,25739,0
33996,25739,0
33997,25739,0
33998,2831,43392
33999,25739,0
34000,25739,0
34001,25739,0
34002,25739,0
34003,25739,0
34004,25739,0
34005,25739,0
34006,25739,0
34007,25739,0
34008,1521,55596
34009,25739,0
34010,25739,0
34011,25739,0
34012,24368,1076
34013,25739,0
34014,25739,0
34015,25644,72
34016,25739,0
34017,25739,0
34018,25739,0
34019,25739,0
34020,25676,48
34021,25739,0
34022,25739,0
34023,25739,0
34024,25739,0
34025,25739,0
34026,25739,0
34027,25707,24
34028,25692,36
34029,25739,0
34030,25739,0
34031,25739,0
34032,16244,9048
34033,25739,0
34034,25056,528
34035,25739,0
34036,24627,868
34037,25739,0
34038,25739,0
34039,25416,248
34040,23310,1948
34041,25739,0
34042,25739,0
34043,25739,0
34044,25739,0
34045,25665,56
34046,25739,0
34047,25739,0
34048,25739,0
34049,24427,1028
34050,22600,2556
34051,25739,0
34052,25739,0
34053,25739,0
34054,25739,0
34055,23553,1744
34056,25739,0
34057,25707,24
34058,25676,48
34059,25739,0
34060,10990,16728
34061,25739,0
34062,25739,0
34063,15044,10556
34064,25739,0
34065,25739,0
34066,25739,0
34067,25739,0
34068,25739,0
34069,25739,0
34070,23789,1548
34071,25676,48
34072,25739,0
34073,25739,0
34074,25739,0
34075,25739,0
34076,25577,124
34077,25739,0
34078,25739,0
34079,25739,0
34080,19750,5206
34081,25739,0
34082,25739,0
34083,24524,950
34084,19336,5622
34085,25447,224
34086,25639,76
34087,25739,0
34088,25739,0
34089,21928,3150
34090,25739,0
34091,25739,0
34092,25739,0
34093,25739,0
34094,25739,0
34095,25739,0
34096,25739,0
34097,25739,0
34098,25739,0
34099,25739,0
34100,25739,0
34101,25739,0
34102,25739,0
34103,25739,0
34104,20199,4764
34105,25739,0
34106,25613,96
34107,25561,136
34108,25739,0
34109,15997,9348
34110,25739,0
34111,25739,0
34112,23324,1936
34113,22901,2296
34114,25739,0
34115,25739,0
34116,25739,0
34117,25739,0
34118,25739,0
34119,25739,0
34120,25707,24
34121,25739,0
34122,25739,0
34123,25739,0
34124,25739,0
34125,25739,0
34126,25739,0
34127,25676,48
34128,23161,2074
34129,25739,0
34130,25739,0
34131,25739,0
34132,25739,0
34133,25739,0
34134,25665,56
34135,25739,0
34136,25707,24
34137,25739,0
34138,25739,0
34139,25739,0
34140,25739,0
34141,25739,0
34142,25739,0
34143,23455,1826
34144,25739,0
34145,20236,4728
34146,25702,28
34147,25739,0
34148,25739,0
34149,25739,0
34150,25739,0
34151,25739,0
34152,25739,0
34153,25739,0
34154,25739,0
34155,25692,36
34156,25739,0
34157,25702,28
34158,25739,0
34159,25739,0
34160,25739,0
34161,25739,0
34162,24363,1080
34163,25382,274
34164,25416,248
34165,25739,0
34166,25739,0
34167,25739,0
34168,25739,0
34169,25739,0
34170,25739,0
34171,25739,0
34172,25613,96
34173,24200,1212
34174,25739,0
34175,25707,24
34176,25739,0
34177,25739,0
34178,25739,0
34179,25739,0
34180,25739,0
34181,25739,0
34182,25739,0
34183,25739,0
34184,25739,0
34185,25739,0
34186,25739,0
34187,25123,476
34188,25739,0
34189,25739,0
34190,25739,0
34191,25739,0
34192,25739,0
34193,25739,0
34194,25739,0
34195,25488,192
34196,25739,0
34197,25739,0
34198,25739,0
34199,25739,0
34200,25739,0
34201,25739,0
34202,25739,0
34203,25739,0
34204,25739,0
34205,25739,0
34206,25739,0
34207,25739,0
34208,25739,0
34209,25644,72
34210,25739,0
34211,25739,0
34212,25739,0
34213,15050,10548
34214,25739,0
34215,25739,0
34216,25351,298
34217,25739,0
34218,25739,0
34219,25702,28
34220,25546,148
34221,25613,96
34222,25739,0
34223,25739,0
34224,25739,0
34225,25707,24
34226,25739,0
34227,24682,824
34228,25739,0
34229,25739,0
34230,22262,2852
34231,25739,0
34232,25739,0
34233,25739,0
34234,25739,0
34235,25739,0
34236,25739,0
34237,25739,0
34238,25739,0
34239,25739,0
34240,25739,0
34241,25739,0
34242,25739,0
34243,25739,0
34244,25739,0
34245,25739,0
34246,24544,934
34247,25739,0
34248,25447,224
34249,24224,1192
34250,25739,0
34251,24644,854
34252,23220,2024
34253,25739,0
34254,25739,0
34255,1870,51544
34256,25390,268
34257,25739,0
34258,25739,0
34259,25739,0
34260,25739,0
34261,25739,0
34262,24642,856
34263,24904,648
34264,25739,0
34265,19411,5546
34266,25707,24
34267,25739,0
34268,25739,0
34269,25739,0
34270,25739,0
34271,25021,556
34272,25385,272
34273,25739,0
34274,25739,0
34275,25702,28
34276,25739,0
34277,25739,0
34278,25739,0
34279,25739,0
34280,25739,0
34281,25164,444
34282,1595,54662
34283,25739,0
34284,25739,0
34285,25302,336
34286,25739,0
34287,24967,598
34288,25739,0
34289,25676,48
34290,25739,0
34291,25739,0
34292,25739,0
34293,25739,0
34294,23220,2024
34295,25739,0
34296,25739,0
34297,25739,0
34298,25739,0
34299,25739,0
34300,23609,1698
34301,23731,1596
34302,25739,0
34303,25739,0
34304,25739,0
34305,24904,648
34306,1451,56524
34307,25739,0
34308,25707,24
34309,25739,0
34310,24783,744
34311,25739,0
34312,25739,0
34313,25739,0
34314,25739,0
34315,25739,0
34316,25676,48
34317,25702,28
34318,25351,298
34319,25739,0
34320,25739,0
34321,23220,2024
34322,25739,0
34323,25739,0
34324,25739,0
34325,25739,0
34326,25739,0
34327,25739,0
34328,23874,1478
34329,25707,24
34330,25676,48
34331,25739,0
34332,25618,92
34333,25739,0
34334,25739,0
34335,25739,0
34336,25739,0
34337,25739,0
34338,25739,0
34339,25739,0
34340,23396,1876
34341,25739,0
34342,25739,0
34343,25739,0
34344,24770,754
34345,25676,48
34346,25739,0
34347,25739,0
34348,25739,0
34349,25739,0
34350,25739,0
34351,25739,0
34352,25739,0
34353,25739,0
34354,25707,24
34355,25739,0
34356,25739,0
34357,25739,0
34358,25739,0
34359,22122,2976
34360,25739,0
34361,24884,664
34362,25739,0
34363,25739,0
34364,25313,328
34365,25739,0
34366,25739,0
34367,25277,356
34368,25739,0
34369,25739,0
34370,25739,0
34371,25739,0
34372,25739,0
34373,25739,0
34374,25707,24
34375,23334,1928
34376,22294,2824
34377,25739,0
34378,25739,0
34379,25739,0
34380,25488,192
34381,25739,0
34382,25692,36
34383,25739,0
34384,25739,0
34385,19421,5536
34386,24057,1328
34387,25739,0
34388,25676,48
34389,25739,0
34390,25739,0
34391,25739,0
34392,25739,0
34393,25739,0
34394,25739,0
34395,25739,0
34396,25739,0
34397,25739,0
34398,25739,0
34399,25634,80
34400,23751,1580
34401,25739,0
34402,25739,0
34403,25739,0
34404,25739,0
34405,20447,4524
34406,25739,0
34407,25739,0
34408,1,502822
34409,25739,0
34410,25655,64
34411,25739,0
34412,25739,0
34413,25692,36
34414,22695,2474
34415,25031,548
34416,25739,0
34417,25739,0
34418,23453,1828
34419,25739,0
34420,1950,50722
34421,21843,3226
34422,25488,192
34423,25512,174
34424,25739,0
34425,25739,0
34426,25739,0
34427,22440,2696
34428,25739,0
34429,25739,0
34430,25739,0
34431,25739,0
34432,25676,48
34433,25739,0
34434,25739,0
34435,25739,0
34436,13339,12920
34437,25062,524
34438,18480,6512
34439,24627,868
34440,25739,0
34441,25739,0
34442,25739,0
34443,25739,0
34444,25739,0
34445,25739,0
34446,25739,0
34447,25739,0
34448,23408,1866
34449,25739,0
34450,25739,0
34451,25739,0
34452,25702,28
34453,25739,0
34454,25739,0
34455,20904,4090
34456,25739,0
34457,25739,0
34458,25739,0
34459,25707,24
34460,25665,56
34461,25739,0
34462,25707,24
34463,25642,74
34464,25739,0
34465,25739,0
34466,25739,0
34467,25739,0
34468,25739,0
34469,23412,1862
34470,25739,0
34471,25739,0
34472,25739,0
34473,25739,0
34474,25739,0
34475,25739,0
34476,25739,0
34477,22600,2556
34478,25739,0
34479,25739,0
34480,25739,0
34481,25292,344
34482,25739,0
34483,25739,0
34484,25739,0
34485,25707,24
34486,25739,0
34487,25739,0
34488,25702,28
34489,25739,0
34490,24552,928
34491,25739,0
34492,25707,24
34493,25739,0
34494,25739,0
34495,24278,1148
34496,25739,0
34497,25739,0
34498,25739,0
34499,25739,0
34500,17441,7650
34501,25707,24
34502,25739,0
34503,25739,0
34504,25739,0
34505,25702,28
34506,25739,0
34507,23227,2018
34508,25739,0
34509,25739,0
34510,25739,0
34511,25739,0
34512,25739,0
34513,25739,0
34514,25739,0
34515,25739,0
34516,25739,0
34517,25338,308
34518,25739,0
34519,25707,24
34520,25739,0
34521,25634,80
34522,25739,0
34523,25739,0
34524,25739,0
34525,25164,444
34526,25739,0
34527,23396,1876
34528,25739,0
34529,25739,0
34530,25739,0
34531,25665,56
34532,25739,0
34533,24308,1124
34534,25739,0
34535,25739,0
34536,23618,1690
34537,25551,144
34538,25447,224
34539,25164,444
34540,25739,0
34541,25739,0
34542,25739,0
34543,25739,0
34544,25739,0
34545,25318,324
34546,25739,0
34547,25608,100
34548,25676,48
34549,25318,324
34550,22808,2376
34551,22010,3076
34552,25739,0
34553,25739,0
34554,25739,0
34555,24001,1374
34556,18447,6548
34557,25739,0
34558,25739,0
34559,24929,628
34560,25739,0
34561,23606,1700
34562,25225,396
34563,25739,0
34564,24432,1024
34565,25739,0
34566,25184,428
34567,22580,2574
34568,25739,0
34569,25739,0
34570,23370,1898
34571,25535,156
34572,25739,0
34573,25159,448
34574,25739,0
34575,25739,0
34576,25739,0
34577,24715,798
34578,24123,1274
34579,24929,628
34580,25739,0
34581,25739,0
34582,25616,94
34583,25739,0
34584,25739,0
34585,25739,0
34586,25739,0
34587,23112,2116
34588,25739,0
34589,25739,0
34590,25739,0
34591,25739,0
34592,25739,0
34593,25739,0
34594,25739,0
34595,25739,0
34596,22550,2600
34597,25739,0
34598,25739,0
34599,25739,0
34600,24185,1224
34601,23553,1744
34602,25739,0
34603,25739,0
34604,25739,0
34605,24003,1372
34606,25739,0
34607,25613,96
34608,25681,44
34609,25739,0
34610,25577,124
34611,25739,0
34612,25739,0
34613,25739,0
34614,25739,0
34615,25739,0
34616,25739,0
34617,25739,0
34618,25739,0
34619,25739,0
34620,25739,0
34621,25739,0
34622,23520,1772
34623,25739,0
34624,25739,0
34625,25739,0
34626,25739,0
34627,25739,0
34628,25739,0
34629,25318,324
34630,25739,0
34631,25739,0
34632,25739,0
34633,25739,0
34634,25739,0
34635,25739,0
34636,25739,0
34637,25676,48
34638,25739,0
34639,25739,0
34640,25739,0
34641,25739,0
34642,25739,0
34643,24402,1048
34644,24567,916
34645,25739,0
34646,25739,0
34647,25739,0
34648,24033,1348
34649,25739,0
34650,25707,24
34651,24652,848
34652,25739,0
34653,25739,0
34654,25739,0
34655,25739,0
34656,25739,0
34657,25739,0
34658,25676,48
34659,25739,0
34660,25739,0
34661,24283,1144
34662,25739,0
34663,25739,0
34664,25739,0
34665,25702,28
34666,25739,0
34667,25739,0
34668,25739,0
34669,25739,0
34670,23659,1656
34671,25739,0
34672,25739,0
34673,25739,0
34674,25739,0
34675,25739,0
34676,24745,774
34677,25739,0
34678,25702,28
34679,25739,0
34680,25739,0
34681,25739,0
34682,25452,220
34683,25739,0
34684,25739,0
34685,25739,0
34686,25739,0
34687,25739,0
34688,23544,1752
34689,25739,0
34690,25739,0
34691,25739,0
34692,23517,1774
34693,25739,0
34694,25739,0
34695,25739,0
34696,25739,0
34697,25739,0
34698,25739,0
34699,24579,906
34700,25739,0
34701,25223,398
34702,25739,0
34703,25739,0
34704,23698,1624
34705,25739,0
34706,25739,0
34707,25739,0
34708,25739,0
34709,25707,24
34710,25707,24
34711,25739,0
34712,21536,3504
34713,25739,0
34714,25707,24
34715,14984,10634
34716,25665,56
34717,25739,0
34718,25739,0
34719,25739,0
34720,25739,0
34721,25739,0
34722,25739,0
34723,25739,0
34724,25739,0
34725,23688,1632
34726,25739,0
34727,25637,78
34728,25739,0
34729,25739,0
34730,25739,0
34731,25739,0
34732,25739,0
34733,25739,0
34734,25133,468
34735,25739,0
34736,25739,0
34737,25318,324
34738,1911,51116
34739,25739,0
34740,25218,402
34741,25739,0
34742,25739,0
34743,25739,0
34744,25739,0
34745,25739,0
34746,25739,0
34747,25692,36
34748,25739,0
34749,1898,51248
34750,24432,1024
34751,25739,0
34752,25739,0
34753,25739,0
34754,25739,0
34755,25739,0
34756,23343,1920
34757,25739,0
34758,25739,0
34759,25739,0
34760,24884,664
34761,25739,0
34762,25702,28
34763,25739,0
34764,25739,0
34765,25739,0
34766,23669,1648
34767,23818,1524
34768,25739,0
34769,21299,3722
34770,25702,28
34771,25184,428
34772,25739,0
34773,25739,0
34774,25739,0
34775,24909,644
34776,25739,0
34777,25739,0
34778,25739,0
34779,25702,28
34780,25739,0
34781,25739,0
34782,25739,0
34783,25739,0
34784,25739,0
34785,25739,0
34786,24715,798
34787,2740,44034
34788,24368,1076
34789,25739,0
34790,25739,0
34791,25739,0
34792,25739,0
34793,25707,24
34794,25739,0
34795,25739,0
34796,25739,0
34797,25739,0
34798,25739,0
34799,25739,0
34800,25739,0
34801,25739,0
34802,25739,0
34803,22575,2578
34804,25739,0
34805,25739,0
34806,25739,0
34807,14828,10840
34808,25739,0
34809,25739,0
34810,25739,0
34811,25739,0
34812,25739,0
34813,25739,0
34814,25739,0
34815,25739,0
34816,25739,0
34817,25739,0
34818,23642,1670
34819,25739,0
34820,25739,0
34821,25739,0
34822,25739,0
34823,25739,0
34824,25739,0
34825,25739,0
34826,25739,0
34827,25739,0
34828,25739,0
34829,25739,0
34830,25739,0
34831,25739,0
34832,25739,0
34833,25739,0
34834,25512,174
34835,25739,0
34836,25739,0
34837,25287,348
34838,25613,96
34839,25739,0
34840,13821,12222
34841,25095,498
34842,23814,1528
34843,25739,0
34844,23553,1744
34845,23520,1772
34846,25739,0
34847,25739,0
34848,24160,1244
34849,25739,0
34850,24866,678
34851,25739,0
34852,25739,0
34853,25739,0
34854,25707,24
34855,25707,24
34856,25739,0
34857,25739,0
34858,25739,0
34859,13961,12024
34860,24494,974
34861,25739,0
34862,25739,0
34863,25739,0
34864,24778,748
34865,25739,0
34866,25739,0
34867,25739,0
34868,25739,0
34869,24783,744
34870,25739,0
34871,25739,0
34872,25658,62
34873,25739,0
34874,25739,0
34875,25739,0
34876,25739,0
34877,25739,0
34878,25739,0
34879,23901,1456
34880,24901,650
34881,25739,0
34882,25739,0
34883,20528,4446
34884,25707,24
34885,25739,0
34886,25739,0
34887,21525,3514
34888,25739,0
34889,25626,86
34890,22522,2624
34891,25739,0
34892,25739,0
34893,25739,0
34894,25739,0
34895,25739,0
34896,25739,0
34897,25739,0
34898,25739,0
34899,25739,0
34900,25739,0
34901,24308,1124
34902,25739,0
34903,25739,0
34904,25739,0
34905,25739,0
34906,25739,0
34907,25739,0
34908,25671,52
34909,25572,128
34910,25739,0
34911,25351,298
34912,25739,0
34913,25739,0
34914,25739,0
34915,25739,0
34916,25739,0
34917,25739,0
34918,25702,28
34919,25739,0
34920,20940,4056
34921,25739,0
34922,25739,0
34923,25739,0
34924,22335,2788
34925,25739,0
34926,25739,0
34927,25739,0
34928,25707,24
34929,25739,0
34930,25056,528
34931,25739,0
34932,25504,180
34933,25739,0
34934,25739,0
34935,25739,0
34936,25739,0
34937,23287,1968
34938,25739,0
34939,25739,0
34940,6562,26866
34941,25739,0
34942,25739,0
34943,22658,2506
34944,25739,0
34945,25739,0
34946,25739,0
34947,23850,1498
34948,25739,0
34949,25739,0
34950,25739,0
34951,25739,0
34952,25739,0
34953,25739,0
34954,25739,0
34955,25739,0
34956,25739,0
34957,25739,0
34958,25739,0
34959,25739,0
34960,25739,0
34961,25739,0
34962,24815,718
34963,25655,64
34964,25739,0
34965,25739,0
34966,25739,0
34967,1,183344
34968,25739,0
34969,14490,11294
34970,24871,674
34971,25739,0
34972,25739,0
34973,25739,0
34974,25739,0
34975,25739,0
34976,25739,0
34977,25639,76
34978,25739,0
34979,25665,56
34980,25702,28
34981,25739,0
34982,25739,0
34983,25739,0
34984,24730,786
34985,14015,11948
34986,25739,0
34987,25739,0
34988,25739,0
34989,23182,2056
34990,25739,0
34991,25739,0
34992,25739,0
34993,25739,0
34994,25739,0
34995,25056,528
34996,25739,0
34997,25676,48
34998,25676,48
34999,25062,524
35000,25739,0
35001,25739,0
35002,25739,0
35003,25739,0
35004,25739,0
35005,25739,0
35006,25079,510
35007,25707,24
35008,25702,28
35009,25658,62
35010,25707,24
35011,25739,0
35012,14078,11860
35013,25739,0
35014,25739,0
35015,25739,0
35016,25739,0
35017,25739,0
35018,25739,0
35019,25739,0
35020,25702,28
35021,25739,0
35022,25676,48
35023,25739,0
35024,25739,0
35025,24552,928
35026,25739,0
35027,25739,0
35028,25739,0
35029,16542,8690
35030,22981,2228
35031,25739,0
35032,25739,0
35033,25739,0
35034,25739,0
35035,25739,0
35036,22181,2924
35037,25739,0
35038,22467,2672
35039,25613,96
35040,25739,0
35041,25739,0
35042,25739,0
35043,25739,0
35044,25739,0
35045,25739,0
35046,25739,0
35047,25739,0
35048,25056,528
35049,25739,0
35050,25739,0
35051,25739,0
35052,25702,28
35053,19506,5450
35054,25739,0
35055,25739,0
35056,25739,0
35057,24919,636
35058,12017,14972
35059,25739,0
35060,25739,0
35061,12533,14146
35062,25481,198
35063,25739,0
35064,25739,0
35065,25577,124
35066,25739,0
35067,25626,86
35068,25739,0
35069,25739,0
35070,25739,0
35071,25739,0
35072,25739,0
35073,25739,0
35074,25739,0
35075,25739,0
35076,25739,0
35077,25739,0
35078,25739,0
35079,25707,24
35080,25707,24
35081,25739,0
35082,25739,0
35083,23974,1396
35084,21405,3624
35085,25739,0
35086,25613,96
35087,25739,0
35088,25739,0
35089,24858,684
35090,25739,0
35091,25739,0
35092,25739,0
35093,25739,0
35094,25739,0
35095,25739,0
35096,25739,0
35097,25739,0
35098,25739,0
35099,25739,0
35100,25702,28
35101,15378,10124
35102,25739,0
35103,22044,3046
35104,25540,152
35105,25739,0
35106,23133,2098
35107,25739,0
35108,25739,0
35109,25739,0
35110,25739,0
35111,25739,0
35112,25629,84
35113,25739,0
35114,24050,1334
35115,25739,0
35116,25739,0
35117,19389,5568
35118,25739,0
35119,23789,1548
35120,25639,76
35121,25739,0
35122,25739,0
35123,25739,0
35124,25739,0
35125,25739,0
35126,25739,0
35127,25739,0
35128,25739,0
35129,24760,762
35130,20970,4028
35131,25739,0
35132,25739,0
35133,20762,4224
35134,22069,3024
35135,25739,0
35136,25739,0
35137,25739,0
35138,25739,0
35139,25187,426
35140,25189,424
35141,25739,0
35142,25739,0
35143,25739,0
35144,24180,1228
35145,25739,0
35146,25739,0
35147,25739,0
35148,25739,0
35149,25631,82
35150,25739,0
35151,25739,0
35152,25739,0
35153,25739,0
35154,25739,0
35155,25739,0
35156,25739,0
35157,25739,0
35158,25739,0
35159,25739,0
35160,25739,0
35161,22790,2392
35162,25739,0
35163,25739,0
35164,24863,680
35165,25739,0
35166,25031,548
35167,25739,0
35168,25739,0
35169,25739,0
35170,25739,0
35171,24494,974
35172,25739,0
35173,23102,2124
35174,23879,1474
35175,25739,0
35176,25739,0
35177,24328,1108
35178,25739,0
35179,25739,0
35180,25739,0
35181,25739,0
35182,25739,0
35183,25739,0
35184,25095,498
35185,23874,1478
35186,25692,36
35187,25739,0
35188,25739,0
35189,25739,0
35190,25739,0
35191,25739,0
35192,25739,0
35193,25739,0
35194,25739,0
35195,25739,0
35196,25739,0
35197,23843,1504
35198,25739,0
35199,25739,0
35200,25739,0
35201,25739,0
35202,25739,0
35203,25739,0
35204,25739,0
35205,25739,0
35206,18685,6296
35207,24126,1272
35208,15438,10048
35209,25739,0
35210,25739,0
35211,25739,0
35212,22981,2228
35213,24497,972
35214,25739,0
35215,25739,0
35216,25739,0
35217,22609,2548
35218,25739,0
35219,25739,0
35220,25739,0
35221,25739,0
35222,21841,3228
35223,25739,0
35224,25739,0
35225,23731,1596
35226,25739,0
35227,21981,3102
35228,9434,19728
35229,18910,6060
35230,25442,228
35231,25739,0
35232,25739,0
35233,25739,0
35234,25739,0
35235,25739,0
35236,25739,0
35237,25739,0
35238,21182,3830
35239,25739,0
35240,25739,0
35241,25739,0
35242,25739,0
35243,25707,24
35244,25739,0
35245,19911,5046
35246,25739,0
35247,25739,0
35248,25658,62
35249,25739,0
35250,25739,0
35251,25739,0
35252,25739,0
35253,25629,84
35254,25739,0
35255,21296,3724
35256,25739,0
35257,25569,130
35258,25739,0
35259,25739,0
35260,25739,0
35261,25739,0
35262,25739,0
35263,25739,0
35264,25447,224
35265,25739,0
35266,25739,0
35267,25739,0
35268,25739,0
35269,25739,0
35270,25739,0
35271,25739,0
35272,25739,0
35273,25739,0
35274,25739,0
35275,22824,2362
35276,25739,0
35277,25739,0
35278,25707,24
35279,23693,1628
35280,25692,36
35281,25739,0
35282,25739,0
35283,23455,1826
35284,25665,56
35285,25739,0
35286,20007,4952
35287,16843,8336
35288,25739,0
35289,25665,56
35290,25739,0
35291,25097,496
35292,25739,0
35293,25739,0
35294,25739,0
35295,25739,0
35296,25739,0
35297,25739,0
35298,25692,36
35299,6845,26036
35300,25739,0
35301,25739,0
35302,25739,0
35303,25739,0
35304,20497,4476
35305,25739,0
35306,23698,1624
35307,14462,11332
35308,25739,0
35309,25739,0
35310,25692,36
35311,25739,0
35312,22753,2424
35313,25629,84
35314,25739,0
35315,25739,0
35316,25739,0
35317,25739,0
35318,25739,0
35319,25739,0
35320,25739,0
35321,25739,0
35322,22869,2324
35323,25739,0
35324,25613,96
35325,25665,56
35326,25707,24
35327,25739,0
35328,25739,0
35329,25739,0
35330,25702,28
35331,25707,24
35332,25739,0
35333,25739,0
35334,25739,0
35335,25287,348
35336,25739,0
35337,25739,0
35338,25739,0
35339,25739,0
35340,25739,0
35341,25739,0
35342,25739,0
35343,25739,0
35344,25095,498
35345,25739,0
35346,25739,0
35347,25739,0
35348,25739,0
35349,25739,0
35350,25739,0
35351,25707,24
35352,25739,0
35353,25639,76
35354,25739,0
35355,25739,0
35356,25739,0
35357,25739,0
35358,25739,0
35359,25665,56
35360,25739,0
35361,25739,0
35362,25739,0
35363,25739,0
35364,25133,468
35365,25739,0
35366,25739,0
35367,23282,1972
35368,25739,0
35369,25739,0
35370,25739,0
35371,25655,64
35372,25739,0
35373,25739,0
35374,24360,1082
35375,25739,0
35376,25739,0
35377,25739,0
35378,13782,12278
35379,25739,0
35380,25739,0
35381,25676,48
35382,25739,0
35383,25739,0
35384,25739,0
35385,25707,24
35386,1,806976
35387,25592,112
35388,25739,0
35389,25739,0
35390,25739,0
35391,25592,112
35392,22685,2482
35393,25739,0
35394,22609,2548
35395,25739,0
35396,25318,324
35397,25739,0
35398,25739,0
35399,25739,0
35400,25739,0
35401,22159,2944
35402,25739,0
35403,25046,536
35404,25739,0
35405,25676,48
35406,17843,7202
35407,25739,0
35408,25702,28
35409,25707,24
35410,24060,1326
35411,25707,24
35412,23436,1842
35413,25739,0
35414,25644,72
35415,25739,0
35416,25739,0
35417,23422,1854
35418,25644,72
35419,24370,1074
35420,25739,0
35421,25631,82
35422,25739,0
35423,25739,0
35424,25739,0
35425,25658,62
35426,25739,0
35427,25739,0
35428,25739,0
35429,25739,0
35430,25603,104
35431,23275,1978
35432,25739,0
35433,25676,48
35434,25739,0
35435,25739,0
35436,25739,0
35437,25739,0
35438,25739,0
35439,25739,0
35440,20556,4420
35441,25739,0
35442,25739,0
35443,25739,0
35444,25739,0
35445,24033,1348
35446,25739,0
35447,25313,328
35448,25739,0
35449,25739,0
35450,25739,0
35451,25739,0
35452,25739,0
35453,1116,61682
35454,25739,0
35455,25739,0
35456,20842,4148
35457,25739,0
35458,25739,0
35459,25739,0
35460,22069,3024
35461,25676,48
35462,13111,13260
35463,25739,0
35464,25739,0
35465,23850,1498
35466,25739,0
35467,21714,3342
35468,20940,4056
35469,25739,0
35470,25739,0
35471,25062,524
35472,25739,0
35473,25660,60
35474,25447,224
35475,25613,96
35476,25739,0
35477,25692,36
35478,25739,0
35479,25739,0
35480,24836,702
35481,25739,0
35482,25739,0
35483,18554,6434
35484,25739,0
35485,25739,0
35486,25739,0
35487,25739,0
35488,25739,0
35489,25739,0
35490,25739,0
35491,25739,0
35492,25739,0
35493,25739,0
35494,23678,1640
35495,25739,0
35496,25707,24
35497,25739,0
35498,25739,0
35499,25739,0
35500,25739,0
35501,25739,0
35502,25739,0
35503,25739,0
35504,25739,0
35505,25739,0
35506,25739,0
35507,25318,324
35508,25739,0
35509,24767,756
35510,6646,26616
35511,23216,2028
35512,23023,2192
35513,25739,0
35514,25739,0
35515,24717,796
35516,25639,76
35517,25739,0
35518,25739,0
35519,25739,0
35520,25739,0
35521,25739,0
35522,25739,0
35523,25739,0
35524,22910,2288
35525,24863,680
35526,24283,1144
35527,24180,1228
35528,25739,0
35529,25739,0
35530,25739,0
35531,25739,0
35532,25739,0
35533,25707,24
35534,25739,0
35535,25739,0
35536,25739,0
35537,25739,0
35538,25739,0
35539,25739,0
35540,25739,0
35541,22985,2224
35542,24057,1328
35543,25739,0
35544,25739,0
35545,25739,0
35546,25739,0
35547,25739,0
35548,25739,0
35549,25739,0
35550,25676,48
35551,25739,0
35552,25739,0
35553,25739,0
35554,25739,0
35555,25739,0
35556,25739,0
35557,25739,0
35558,25739,0
35559,25739,0
35560,25707,24
35561,25739,0
35562,25739,0
35563,24303,1128
35564,25739,0
35565,25739,0
35566,25739,0
35567,16972,8186
35568,25739,0
35569,25062,524
35570,24155,1248
35571,25739,0
35572,23448,1832
35573,14070,11872
35574,25739,0
35575,25739,0
35576,25739,0
35577,25739,0
35578,25739,0
35579,25572,128
35580,25739,0
35581,25739,0
35582,25702,28
35583,25739,0
35584,25739,0
35585,25062,524
35586,23977,1394
35587,25739,0
35588,25739,0
35589,25739,0
35590,25676,48
35591,25739,0
35592,25739,0
35593,25739,0
35594,25739,0
35595,23393,1878
35596,25739,0
35597,25739,0
35598,25739,0
35599,25707,24
35600,25739,0
35601,25739,0
35602,25739,0
35603,25739,0
35604,25626,86
35605,25739,0
35606,25707,24
35607,25739,0
35608,25739,0
35609,25739,0
35610,25739,0
35611,25739,0
35612,23647,1666
35613,25739,0
35614,25739,0
35615,25125,474
35616,25613,96
35617,25739,0
35618,25739,0
35619,25739,0
35620,25739,0
35621,25739,0
35622,25739,0
35623,25739,0
35624,25739,0
35625,25739,0
35626,25739,0
35627,25702,28
35628,25739,0
35629,24934,624
35630,25739,0
35631,25739,0
35632,25739,0
35633,19236,5724
35634,25739,0
35635,25739,0
35636,25739,0
35637,25739,0
35638,25739,0
35639,25739,0
35640,25739,0
35641,17467,7620
35642,25634,80
35643,24934,624
35644,25739,0
35645,25707,24
35646,25739,0
35647,25739,0
35648,25639,76
35649,24871,674
35650,25739,0
35651,25739,0
35652,25739,0
35653,25639,76
35654,25739,0
35655,25739,0
35656,25702,28
35657,24402,1048
35658,25739,0
35659,25739,0
35660,25707,24
35661,25739,0
35662,25739,0
35663,25707,24
35664,25608,100
35665,24532,944
35666,25739,0
35667,25739,0
35668,13652,12464
35669,25692,36
35670,24011,1366
35671,25739,0
35672,25739,0
35673,23396,1876
35674,22899,2298
35675,25739,0
35676,25739,0
35677,25739,0
35678,25447,224
35679,25739,0
35680,25739,0
35681,25739,0
35682,25739,0
35683,25739,0
35684,25739,0
35685,23940,1424
35686,25707,24
35687,25739,0
35688,25739,0
35689,25431,236
35690,25046,536
35691,25739,0
35692,25739,0
35693,25739,0
35694,25739,0
35695,25739,0
35696,2015,50078
35697,25739,0
35698,25739,0
35699,25707,24
35700,25739,0
35701,25739,0
35702,17542,7536
35703,24851,690
35704,25739,0
35705,24067,1320
35706,25739,0
35707,25739,0
35708,25676,48
35709,25739,0
35710,25739,0
35711,25739,0
35712,25739,0
35713,25739,0
35714,24614,878
35715,25739,0
35716,24283,1144
35717,25739,0
35718,25739,0
35719,25739,0
35720,25739,0
35721,23882,1472
35722,25739,0
35723,25739,0
35724,25739,0
35725,24904,648
35726,25739,0
35727,25739,0
35728,25739,0
35729,25739,0
35730,25184,428
35731,25739,0
35732,25739,0
35733,25739,0
35734,25739,0
35735,25739,0
35736,21750,3310
35737,25739,0
35738,25739,0
35739,25739,0
35740,25120,478
35741,25739,0
35742,23989,1384
35743,25739,0
35744,25318,324
35745,25739,0
35746,25739,0
35747,25613,96
35748,25739,0
35749,25739,0
35750,25739,0
35751,25739,0
35752,20692,4290
35753,25739,0
35754,25739,0
35755,25739,0
35756,25739,0
35757,25739,0
35758,25739,0
35759,25707,24
35760,25707,24
35761,25739,0
35762,25702,28
35763,25739,0
35764,23818,1524
35765,25707,24
35766,25707,24
35767,25739,0
35768,25707,24
35769,25739,0
35770,24874,672
35771,22869,2324
35772,25739,0
35773,25739,0
35774,24841,698
35775,25739,0
35776,25739,0
35777,25739,0
35778,25739,0
35779,25739,0
35780,25739,0
35781,24604,886
35782,25739,0
35783,24871,674
35784,25739,0
35785,25739,0
35786,25739,0
35787,24303,1128
35788,25739,0
35789,24532,944
35790,25739,0
35791,25739,0
35792,25739,0
35793,25739,0
35794,25739,0
35795,25739,0
35796,25692,36
35797,25416,248
35798,25739,0
35799,25676,48
35800,25739,0
35801,25739,0
35802,25739,0
35803,25739,0
35804,25739,0
35805,25739,0
35806,6553,26892
35807,25739,0
35808,25739,0
35809,25739,0
35810,25739,0
35811,25739,0
35812,23197,2044
35813,25739,0
35814,25739,0
35815,25739,0
35816,25739,0
35817,25739,0
35818,25739,0
35819,25739,0
35820,19139,5824
35821,25739,0
35822,25676,48
35823,25739,0
35824,25739,0
35825,25739,0
35826,25707,24
35827,25739,0
35828,21523,3516
35829,25739,0
35830,20275,4690
35831,25739,0
35832,25739,0
35833,25739,0
35834,22274,2842
35835,25665,56
35836,25739,0
35837,25676,48
35838,25739,0
35839,143,102064
35840,23070,2152
35841,25739,0
35842,25739,0
35843,25739,0
35844,24871,674
35845,12379,14388
35846,25739,0
35847,24193,1217
35848,25739,0
35849,25739,0
35850,25739,0
35851,25739,0
35852,25739,0
35853,25739,0
35854,25739,0
35855,23911,1448
35856,25739,0
35857,25739,0
35858,25739,0
35859,25739,0
35860,25739,0
35861,25739,0
35862,24527,948
35863,25707,24
35864,25739,0
35865,25739,0
35866,25739,0
35867,25739,0
35868,25551,144
35869,25739,0
35870,25739,0
35871,25676,48
35872,25739,0
35873,25739,0
35874,25642,74
35875,25739,0
35876,22577,2576
35877,25739,0
35878,25739,0
35879,25739,0
35880,25739,0
35881,25416,248
35882,25739,0
35883,25739,0
35884,25739,0
35885,25739,0
35886,25739,0
35887,25739,0
35888,25739,0
35889,24609,882
35890,25739,0
35891,19596,5360
35892,25739,0
35893,25739,0
35894,25739,0
35895,25739,0
35896,25739,0
35897,18402,6596
35898,25739,0
35899,25739,0
35900,25739,0
35901,25739,0
35902,25739,0
35903,24677,828
35904,25739,0
35905,23282,1972
35906,25739,0
35907,6420,27296
35908,25739,0
35909,25739,0
35910,25739,0
35911,25739,0
35912,25739,0
35913,25739,0
35914,25739,0
35915,25739,0
35916,25739,0
35917,25739,0
35918,25613,96
35919,25739,0
35920,25739,0
35921,25739,0
35922,25739,0
35923,25739,0
35924,25739,0
35925,25739,0
35926,25739,0
35927,25739,0
35928,25702,28
35929,25739,0
35930,25739,0
35931,25447,224
35932,25739,0
35933,25644,72
35934,6759,26282
35935,25739,0
35936,25739,0
35937,25739,0
35938,25739,0
35939,25739,0
35940,25739,0
35941,25739,0
35942,25739,0
35943,25739,0
35944,23310,1948
35945,25707,24
35946,25739,0
35947,25264,366
35948,25739,0
35949,25739,0
35950,25739,0
35951,25739,0
35952,25739,0
35953,25739,0
35954,24841,698
35955,24101,1292
35956,22488,2654
35957,25739,0
35958,25676,48
35959,25739,0
35960,25739,0
35961,22351,2774
35962,25739,0
35963,25707,24
35964,20787,4200
35965,25739,0
35966,25739,0
35967,25739,0
35968,25739,0
35969,25739,0
35970,25739,0
35971,25739,0
35972,25739,0
35973,25739,0
35974,25184,428
35975,25566,132
35976,25577,124
35977,25739,0
35978,25739,0
35979,25739,0
35980,25739,0
35981,25739,0
35982,25739,0
35983,25739,0
35984,25739,0
35985,25739,0
35986,25739,0
35987,24249,1172
35988,25739,0
35989,25739,0
35990,25739,0
35991,25739,0
35992,15441,10044
35993,25739,0
35994,25692,36
35995,20478,4494
35996,25739,0
35997,25739,0
35998,1751,52836
35999,25739,0
36000,24934,624
36001,24447,1012
36002,25739,0
36003,25702,28
36004,25739,0
36005,25739,0
36006,25676,48
36007,25739,0
36008,25739,0
36009,25739,0
36010,25665,56
36011,25739,0
36012,25739,0
36013,25739,0
36014,25739,0
36015,25739,0
36016,25739,0
36017,25739,0
36018,25739,0
36019,25739,0
36020,25739,0
36021,25739,0
36022,25739,0
36023,24652,848
36024,25739,0
36025,25739,0
36026,25739,0
36027,25739,0
36028,25739,0
36029,24657,844
36030,25313,328
36031,21109,3898
36032,25739,0
36033,25739,0
36034,23220,2024
36035,25739,0
36036,25739,0
36037,25739,0
36038,23348,1916
36039,25739,0
36040,25739,0
36041,22845,2344
36042,25739,0
36043,25514,172
36044,25184,428
36045,25739,0
36046,25739,0
36047,25739,0
36048,25514,172
36049,25739,0
36050,25739,0
36051,832,67468
36052,25739,0
36053,25739,0
36054,25739,0
36055,25138,464
36056,25739,0
36057,25739,0
36058,25739,0
36059,25739,0
36060,14124,11796
36061,25739,0
36062,25739,0
36063,25739,0
36064,25739,0
36065,25739,0
36066,25739,0
36067,25125,474
36068,25062,524
36069,25739,0
36070,25739,0
36071,25739,0
36072,25739,0
36073,25692,36
36074,25739,0
36075,25739,0
36076,25739,0
36077,25171,438
36078,25739,0
36079,25739,0
36080,25739,0
36081,23102,2124
36082,25739,0
36083,25739,0
36084,23979,1392
36085,22623,2536
36086,25100,494
36087,25739,0
36088,25739,0
36089,25739,0
36090,25739,0
36091,25739,0
36092,25739,0
36093,25739,0
36094,25739,0
36095,25739,0
36096,25739,0
36097,21903,3172
36098,24808,724
36099,25739,0
36100,25739,0
36101,12580,14072
36102,25707,24
36103,10347,17914
36104,25739,0
36105,25261,368
36106,25739,0
36107,19680,5276
36108,21732,3326
36109,25739,0
36110,23563,1736
36111,25739,0
36112,22033,3056
36113,23220,2024
36114,25739,0
36115,25739,0
36116,25707,24
36117,25739,0
36118,25739,0
36119,1756,52780
36120,25739,0
36121,25739,0
36122,25739,0
36123,25739,0
36124,25739,0
36125,25739,0
36126,25739,0
36127,25676,48
36128,25739,0
36129,23220,2024
36130,25739,0
36131,25655,64
36132,25676,48
36133,25292,344
36134,25739,0
36135,22729,2444
36136,25739,0
36137,24742,776
36138,25184,428
36139,25692,36
36140,25639,76
36141,25569,130
36142,25739,0
36143,25739,0
36144,25739,0
36145,25739,0
36146,25739,0
36147,25739,0
36148,17306,7802
36149,24330,1106
36150,25624,88
36151,25665,56
36152,25739,0
36153,25739,0
36154,7045,25468
36155,25739,0
36156,25707,24
36157,25739,0
36158,25739,0
36159,24447,1012
36160,25739,0
36161,25739,0
36162,25739,0
36163,25676,48
36164,25739,0
36165,25707,24
36166,25739,0
36167,25739,0
36168,25739,0
36169,25739,0
36170,25739,0
36171,25739,0
36172,25739,0
36173,25739,0
36174,25739,0
36175,25739,0
36176,24104,1290
36177,18025,7002
36178,25313,328
36179,24998,574
36180,25739,0
36181,25739,0
36182,25707,24
36183,18947,6022
36184,25739,0
36185,25739,0
36186,25739,0
36187,25739,0
36188,25739,0
36189,25739,0
36190,25739,0
36191,25739,0
36192,25739,0
36193,24527,948
36194,25739,0
36195,25739,0
36196,25739,0
36197,25739,0
36198,25739,0
36199,25739,0
36200,25739,0
36201,25739,0
36202,25739,0
36203,20011,4948
36204,25739,0
36205,25739,0
36206,25702,28
36207,25739,0
36208,25739,0
36209,25739,0
36210,24047,1336
36211,25739,0
36212,25739,0
36213,25739,0
36214,25739,0
36215,25739,0
36216,25739,0
36217,25739,0
36218,24402,1048
36219,25739,0
36220,25431,236
36221,25739,0
36222,25739,0
36223,25739,0
36224,25692,36
36225,25739,0
36226,25739,0
36227,25739,0
36228,25739,0
36229,16822,8360
36230,25739,0
36231,25739,0
36232,25739,0
36233,25739,0
36234,24682,824
36235,25702,28
36236,24269,1156
36237,25739,0
36238,24740,778
36239,25559,138
36240,25739,0
36241,25739,0
36242,25739,0
36243,23857,1492
36244,25739,0
36245,25739,0
36246,25739,0
36247,5599,29984
36248,25739,0
36249,25739,0
36250,25739,0
36251,25739,0
36252,25351,298
36253,25739,0
36254,25702,28
36255,24672,832
36256,25639,76
36257,23707,1616
36258,25739,0
36259,25739,0
36260,25739,0
36261,25739,0
36262,25739,0
36263,25739,0
36264,18256,6752
36265,25598,108
36266,25739,0
36267,23940,1424
36268,25739,0
36269,25739,0
36270,22515,2630
36271,25739,0
36272,25739,0
36273,25702,28
36274,25739,0
36275,25277,356
36276,25739,0
36277,25189,424
36278,25639,76
36279,25739,0
36280,25739,0
36281,25739,0
36282,25739,0
36283,25739,0
36284,25739,0
36285,25739,0
36286,25739,0
36287,25739,0
36288,25739,0
36289,25739,0
36290,25739,0
36291,25739,0
36292,25676,48
36293,25739,0
36294,25739,0
36295,25739,0
36296,25739,0
36297,25739,0
36298,25739,0
36299,24185,1224
36300,25739,0
36301,21602,3444
36302,17443,7648
36303,23398,1874
36304,25739,0
36305,25739,0
36306,25739,0
36307,25739,0
36308,25520,168
36309,24800,730
36310,25739,0
36311,25739,0
36312,25739,0
36313,25739,0
36314,25739,0
36315,19942,5016
36316,23074,2148
36317,25739,0
36318,25739,0
36319,25739,0
36320,25739,0
36321,25739,0
36322,25739,0
36323,25739,0
36324,25739,0
36325,25739,0
36326,25739,0
36327,25739,0
36328,25739,0
36329,25739,0
36330,18647,6336
36331,25702,28
36332,25739,0
36333,25123,476
36334,25148,456
36335,25739,0
36336,24637,860
36337,25739,0
36338,24993,578
36339,25739,0
36340,25739,0
36341,25739,0
36342,25739,0
36343,25739,0
36344,25613,96
36345,25739,0
36346,25739,0
36347,25739,0
36348,25739,0
36349,25739,0
36350,25739,0
36351,25739,0
36352,25739,0
36353,25739,0
36354,25702,28
36355,25739,0
36356,22039,3050
36357,25665,56
36358,25739,0
36359,24308,1124
36360,25739,0
36361,25421,244
36362,25739,0
36363,3511,39160
36364,25707,24
36365,25707,24
36366,25739,0
36367,24972,594
36368,25739,0
36369,25359,292
36370,25739,0
36371,25739,0
36372,25739,0
36373,23991,1382
36374,16725,8474
36375,25739,0
36376,25739,0
36377,24602,888
36378,25739,0
36379,25739,0
36380,18588,6398
36381,23192,2048
36382,25739,0
36383,25739,0
36384,25739,0
36385,7206,25024
36386,25739,0
36387,25739,0
36388,25577,124
36389,25739,0
36390,25739,0
36391,25566,132
36392,25739,0
36393,25470,206
36394,23501,1788
36395,25739,0
36396,25739,0
36397,14821,10850
36398,25739,0
36399,25707,24
36400,25125,474
36401,25739,0
36402,25739,0
36403,25159,448
36404,25702,28
36405,25739,0
36406,25739,0
36407,23649,1664
36408,17063,8080
36409,25739,0
36410,25739,0
36411,14989,10628
36412,25739,0
36413,21666,3386
36414,25739,0
36415,25739,0
36416,25187,426
36417,25184,428
36418,25739,0
36419,25739,0
36420,25739,0
36421,25159,448
36422,25739,0
36423,25739,0
36424,25739,0
36425,25739,0
36426,25739,0
36427,25739,0
36428,25739,0
36429,25739,0
36430,25739,0
36431,25739,0
36432,25739,0
36433,25739,0
36434,22064,3028
36435,25138,464
36436,25739,0
36437,25739,0
36438,21331,3692
36439,25739,0
36440,25739,0
36441,25739,0
36442,25739,0
36443,22376,2752
36444,25739,0
36445,25739,0
36446,25639,76
36447,25739,0
36448,25739,0
36449,25739,0
36450,25739,0
36451,25739,0
36452,25637,78
36453,23850,1498
36454,25739,0
36455,25739,0
36456,24793,736
36457,25739,0
36458,23159,2076
36459,25739,0
36460,25739,0
36461,25676,48
36462,23065,2156
36463,25739,0
36464,22181,2924
36465,25707,24
36466,25739,0
36467,25739,0
36468,25739,0
36469,25739,0
36470,25739,0
36471,25739,0
36472,25572,128
36473,22901,2296
36474,23879,1474
36475,8901,20872
36476,25739,0
36477,25062,524
36478,25739,0
36479,18178,6836
36480,25739,0
36481,25739,0
36482,25739,0
36483,25739,0
36484,24846,694
36485,25739,0
36486,25739,0
36487,25739,0
36488,25739,0
36489,21336,3688
36490,25739,0
36491,25739,0
36492,25444,226
36493,25739,0
36494,25739,0
36495,25739,0
36496,25739,0
36497,25739,0
36498,25739,0
36499,25739,0
36500,20240,4724
36501,22637,2524
36502,25739,0
36503,22917,2282
36504,25739,0
36505,25097,496
36506,25739,0
36507,25739,0
36508,25577,124
36509,25739,0
36510,18639,6344
36511,20942,4054
36512,25707,24
36513,25739,0
36514,25739,0
36515,25739,0
36516,25739,0
36517,25739,0
36518,25739,0
36519,25739,0
36520,25739,0
36521,25739,0
36522,25739,0
36523,25739,0
36524,25739,0
36525,25739,0
36526,25739,0
36527,25739,0
36528,25739,0
36529,25739,0
36530,23748,1582
36531,25739,0
36532,25739,0
36533,25739,0
36534,25739,0
36535,25739,0
36536,25739,0
36537,25692,36
36538,25739,0
36539,25318,324
36540,25739,0
36541,25488,192
36542,25739,0
36543,25739,0
36544,25739,0
36545,25739,0
36546,19362,5596
36547,25613,96
36548,25739,0
36549,25739,0
36550,25739,0
36551,25739,0
36552,25739,0
36553,25692,36
36554,25739,0
36555,25739,0
36556,25739,0
36557,25739,0
36558,25739,0
36559,25739,0
36560,22887,2308
36561,14678,11040
36562,22199,2908
36563,24919,636
36564,25739,0
36565,25739,0
36566,25739,0
36567,25739,0
36568,25739,0
36569,25739,0
36570,25739,0
36571,25634,80
36572,24912,642
36573,25739,0
36574,25739,0
36575,25739,0
36576,25739,0
36577,25739,0
36578,25739,0
36579,25739,0
36580,24180,1228
36581,25739,0
36582,25739,0
36583,25739,0
36584,25739,0
36585,25739,0
36586,25739,0
36587,25739,0
36588,25739,0
36589,25282,352
36590,21449,3584
36591,25739,0
36592,25739,0
36593,25739,0
36594,25739,0
36595,25739,0
36596,24879,668
36597,25739,0
36598,25739,0
36599,25739,0
36600,25739,0
36601,25739,0
36602,25739,0
36603,25702,28
36604,25739,0
36605,25739,0
36606,25739,0
36607,24306,1126
36608,23659,1656
36609,25739,0
36610,25739,0
36611,25739,0
36612,25739,0
36613,25702,28
36614,25739,0
36615,7978,23024
36616,25739,0
36617,25598,108
36618,25062,524
36619,25739,0
36620,25739,0
36621,25739,0
36622,25739,0
36623,25739,0
36624,25739,0
36625,25739,0
36626,25739,0
36627,25739,0
36628,25739,0
36629,25739,0
36630,25739,0
36631,25739,0
36632,25739,0
36633,25739,0
36634,25530,160
36635,25739,0
36636,20831,4158
36637,25739,0
36638,25739,0
36639,25739,0
36640,25739,0
36641,25739,0
36642,25739,0
36643,25739,0
36644,25739,0
36645,25739,0
36646,25739,0
36647,25707,24
36648,25739,0
36649,22258,2856
36650,25739,0
36651,25739,0
36652,25739,0
36653,25739,0
36654,25421,244
36655,24929,628
36656,25739,0
36657,25739,0
36658,25739,0
36659,20908,4086
36660,25707,24
36661,25702,28
36662,25739,0
36663,25739,0
36664,25702,28
36665,25739,0
36666,25676,48
36667,23693,1628
36668,25739,0
36669,25739,0
36670,25739,0
36671,25739,0
36672,25739,0
36673,25739,0
36674,25739,0
36675,25739,0
36676,25739,0
36677,25739,0
36678,25739,0
36679,25739,0
36680,22609,2548
36681,25739,0
36682,25739,0
36683,25739,0
36684,25739,0
36685,25692,36
36686,24155,1248
36687,25739,0
36688,25739,0
36689,25739,0
36690,25739,0
36691,25320,322
36692,25739,0
36693,25739,0
36694,18845,6128
36695,25739,0
36696,25739,0
36697,25739,0
36698,25739,0
36699,25739,0
36700,25739,0
36701,25739,0
36702,25739,0
36703,25739,0
36704,25739,0
36705,25287,348
36706,1979,50424
36707,25739,0
36708,25739,0
36709,25739,0
36710,25739,0
36711,25739,0
36712,25739,0
36713,25707,24
36714,25739,0
36715,25416,248
36716,25739,0
36717,25707,24
36718,25739,0
36719,25707,24
36720,25739,0
36721,25671,52
36722,25739,0
36723,25702,28
36724,25739,0
36725,25739,0
36726,25739,0
36727,25739,0
36728,25739,0
36729,25739,0
36730,25739,0
36731,25707,24
36732,25707,24
36733,25739,0
36734,18193,6820
36735,25739,0
36736,25082,508
36737,25702,28
36738,25739,0
36739,25707,24
36740,25739,0
36741,24145,1256
36742,25470,206
36743,25739,0
36744,25707,24
36745,25739,0
36746,25739,0
36747,25739,0
36748,24057,1328
36749,25739,0
36750,25739,0
36751,25739,0
36752,25739,0
36753,22383,2746
36754,25739,0
36755,25739,0
36756,25739,0
36757,25739,0
36758,25034,546
36759,24432,1024
36760,24657,844
36761,20476,4496
36762,25739,0
36763,25739,0
36764,25739,0
36765,25313,328
36766,25739,0
36767,25739,0
36768,20825,4164
36769,25739,0
36770,25739,0
36771,25572,128
36772,25739,0
36773,25739,0
36774,25739,0
36775,25739,0
36776,25739,0
36777,25739,0
36778,25629,84
36779,25676,48
36780,25577,124
36781,25739,0
36782,25739,0
36783,25739,0
36784,5876,29036
36785,25739,0
36786,25739,0
36787,25739,0
36788,25062,524
36789,25447,224
36790,25739,0
36791,25739,0
36792,25739,0
36793,25739,0
36794,25739,0
36795,25739,0
36796,22552,2598
36797,25739,0
36798,25739,0
36799,25739,0
36800,25739,0
36801,25644,72
36802,25739,0
36803,25739,0
36804,25739,0
36805,25739,0
36806,6128,28210
36807,25739,0
36808,25739,0
36809,15504,9964
36810,25179,432
36811,25739,0
36812,24967,598
36813,25739,0
36814,25739,0
36815,25702,28
36816,25416,248
36817,25642,74
36818,25739,0
36819,25739,0
36820,23879,1474
36821,25416,248
36822,23901,1456
36823,25739,0
36824,25739,0
36825,25739,0
36826,25739,0
36827,22568,2584
36828,25739,0
36829,25739,0
36830,25739,0
36831,1,126456
36832,25739,0
36833,25739,0
36834,24934,624
36835,25739,0
36836,25739,0
36837,23018,2196
36838,25739,0
36839,25739,0
36840,25616,94
36841,22299,2820
36842,25739,0
36843,25739,0
36844,25707,24
36845,25382,274
36846,25739,0
36847,25739,0
36848,22524,2622
36849,24417,1036
36850,25739,0
36851,25739,0
36852,22810,2374
36853,25036,544
36854,25739,0
36855,25702,28
36856,25739,0
36857,25739,0
36858,25739,0
36859,25739,0
36860,23539,1756
36861,25739,0
36862,25676,48
36863,23989,1384
36864,25739,0
36865,25739,0
36866,25390,268
36867,25739,0
36868,15145,10424
36869,24667,836
36870,25739,0
36871,25739,0
36872,25739,0
36873,25739,0
36874,24308,1124
36875,25739,0
36876,25739,0
36877,25739,0
36878,25739,0
36879,25739,0
36880,25739,0
36881,25739,0
36882,25739,0
36883,22841,2348
36884,25739,0
36885,25676,48
36886,25739,0
36887,19820,5136
36888,25739,0
36889,25739,0
36890,25123,476
36891,25739,0
36892,25739,0
36893,24909,644
36894,25739,0
36895,21027,3974
36896,25739,0
36897,19720,5236
36898,25739,0
36899,25692,36
36900,25739,0
36901,15755,9648
36902,25707,24
36903,25739,0
36904,25707,24
36905,25739,0
36906,25739,0
36907,25739,0
36908,22417,2716
36909,25739,0
36910,25739,0
36911,25739,0
36912,25739,0
36913,25702,28
36914,25184,428
36915,24841,698
36916,25739,0
36917,25739,0
36918,25739,0
36919,25739,0
36920,24894,656
36921,25739,0
36922,25739,0
36923,24904,648
36924,25739,0
36925,25600,106
36926,25739,0
36927,25739,0
36928,22012,3074
36929,25739,0
36930,25621,90
36931,25739,0
36932,25681,44
36933,25739,0
36934,25739,0
36935,25739,0
36936,25739,0
36937,25739,0
36938,25739,0
36939,25243,382
36940,25739,0
36941,22287,2830
36942,23698,1624
36943,25739,0
36944,25739,0
36945,25739,0
36946,25739,0
36947,25223,398
36948,25692,36
36949,25739,0
36950,25739,0
36951,25739,0
36952,25739,0
36953,25707,24
36954,25739,0
36955,25739,0
36956,25292,344
36957,25739,0
36958,25707,24
36959,25739,0
36960,25739,0
36961,25739,0
36962,24283,1144
36963,25739,0
36964,25739,0
36965,25676,48
36966,25739,0
36967,24209,1204
36968,25354,296
36969,25739,0
36970,25739,0
36971,25739,0
36972,25739,0
36973,25739,0
36974,25739,0
36975,25739,0
36976,25406,256
36977,21957,3124
36978,25665,56
36979,23925,1436
36980,25739,0
36981,25739,0
36982,25739,0
36983,25739,0
36984,25739,0
36985,25739,0
36986,25739,0
36987,25739,0
36988,25739,0
36989,25707,24
36990,24793,736
36991,25739,0
36992,25676,48
36993,25739,0
36994,25613,96
36995,25739,0
36996,25287,348
36997,25739,0
36998,24682,824
36999,25739,0
37000,25739,0
37001,25739,0
37002,25739,0
37003,25739,0
37004,14831,10836
37005,25739,0
37006,25318,324
37007,25739,0
37008,23577,1724
37009,25707,24
37010,25739,0
37011,25739,0
37012,24604,886
37013,25613,96
37014,25707,24
37015,25739,0
37016,25739,0
37017,25739,0
37018,25739,0
37019,25707,24
37020,25739,0
37021,25739,0
37022,25739,0
37023,23220,2024
37024,25739,0
37025,21981,3102
37026,25634,80
37027,25739,0
37028,17077,8064
37029,25739,0
37030,25739,0
37031,25739,0
37032,25739,0
37033,25739,0
37034,25739,0
37035,25739,0
37036,25159,448
37037,25739,0
37038,25692,36
37039,25739,0
37040,25739,0
37041,25540,152
37042,25739,0
37043,25739,0
37044,7038,25488
37045,23112,2116
37046,25739,0
37047,25739,0
37048,25553,142
37049,25739,0
37050,24402,1048
37051,25739,0
37052,23525,1768
37053,25238,386
37054,25739,0
37055,25739,0
37056,25739,0
37057,25739,0
37058,25739,0
37059,25739,0
37060,25739,0
37061,25739,0
37062,24492,976
37063,25739,0
37064,25739,0
37065,23852,1496
37066,25676,48
37067,25577,124
37068,25739,0
37069,25739,0
37070,25248,378
37071,25739,0
37072,25739,0
37073,25739,0
37074,22948,2256
37075,25739,0
37076,25739,0
37077,25739,0
37078,24368,1076
37079,25739,0
37080,24619,874
37081,25739,0
37082,25739,0
37083,25739,0
37084,23577,1724
37085,24527,948
37086,25739,0
37087,25739,0
37088,25739,0
37089,25739,0
37090,25739,0
37091,25739,0
37092,25739,0
37093,25739,0
37094,25658,62
37095,25739,0
37096,25739,0
37097,25421,244
37098,25739,0
37099,25739,0
37100,25739,0
37101,25739,0
37102,25739,0
37103,25739,0
37104,25739,0
37105,25702,28
37106,24432,1024
37107,25739,0
37108,25739,0
37109,25442,228
37110,25603,104
37111,25739,0
37112,25707,24
37113,25739,0
37114,24532,944
37115,25056,528
37116,25739,0
37117,25739,0
37118,25739,0
37119,25739,0
37120,25739,0
37121,25676,48
37122,25739,0
37123,25739,0
37124,25739,0
37125,25406,256
37126,25739,0
37127,25739,0
37128,25739,0
37129,25739,0
37130,18949,6020
37131,25739,0
37132,25598,108
37133,25739,0
37134,25739,0
37135,25739,0
37136,25644,72
37137,25739,0
37138,20650,4330
37139,25739,0
37140,25739,0
37141,25676,48
37142,25739,0
37143,23393,1878
37144,25739,0
37145,25739,0
37146,25739,0
37147,25739,0
37148,23563,1736
37149,25514,172
37150,25739,0
37151,22845,2344
37152,25681,44
37153,25739,0
37154,25739,0
37155,25739,0
37156,25739,0
37157,25739,0
37158,25739,0
37159,18552,6436
37160,25056,528
37161,25739,0
37162,22612,2546
37163,25707,24
37164,25702,28
37165,25739,0
37166,25739,0
37167,25739,0
37168,25739,0
37169,25739,0
37170,25590,114
37171,25739,0
37172,25739,0
37173,25739,0
37174,25739,0
37175,25707,24
37176,25739,0
37177,25639,76
37178,25739,0
37179,25739,0
37180,25739,0
37181,25739,0
37182,24677,828
37183,22922,2278
37184,23739,1590
37185,25739,0
37186,25739,0
37187,25739,0
37188,25739,0
37189,23901,1456
37190,25739,0
37191,25739,0
37192,25739,0
37193,25692,36
37194,25739,0
37195,25739,0
37196,25739,0
37197,25739,0
37198,25739,0
37199,24241,1178
37200,25739,0
37201,25739,0
37202,24627,868
37203,25739,0
37204,25739,0
37205,25248,378
37206,25702,28
37207,25702,28
37208,25739,0
37209,25377,278
37210,25739,0
37211,25739,0
37212,25739,0
37213,25739,0
37214,23850,1498
37215,25692,36
37216,25739,0
37217,25739,0
37218,25739,0
37219,25739,0
37220,25739,0
37221,24062,1324
37222,25739,0
37223,25739,0
37224,25637,78
37225,25739,0
37226,25739,0
37227,25739,0
37228,25739,0
37229,25739,0
37230,25739,0
37231,22522,2624
37232,25739,0
37233,25702,28
37234,25739,0
37235,25739,0
37236,25739,0
37237,25739,0
37238,25739,0
37239,25739,0
37240,18099,6922
37241,23458,1824
37242,25707,24
37243,24904,648
37244,25739,0
37245,25702,28
37246,25739,0
37247,25739,0
37248,25447,224
37249,25739,0
37250,25692,36
37251,25739,0
37252,25739,0
37253,25739,0
37254,25739,0
37255,25739,0
37256,25739,0
37257,25739,0
37258,25739,0
37259,25739,0
37260,25739,0
37261,25739,0
37262,25739,0
37263,25739,0
37264,25739,0
37265,25739,0
37266,25739,0
37267,25739,0
37268,25739,0
37269,25739,0
37270,25676,48
37271,25739,0
37272,25739,0
37273,25739,0
37274,23967,1402
37275,25739,0
37276,25739,0
37277,25739,0
37278,25739,0
37279,25739,0
37280,24909,644
37281,24407,1044
37282,24047,1336
37283,25739,0
37284,24111,1284
37285,1,251328
37286,16822,8360
37287,25739,0
37288,22799,2384
37289,25739,0
37290,25739,0
37291,25739,0
37292,25739,0
37293,25739,0
37294,25739,0
37295,25739,0
37296,25739,0
37297,25739,0
37298,24033,1348
37299,25739,0
37300,25739,0
37301,24609,882
37302,25665,56
37303,25739,0
37304,25413,250
37305,20385,4584
37306,24432,1024
37307,25739,0
37308,25739,0
37309,25739,0
37310,25739,0
37311,25739,0
37312,25739,0
37313,25739,0
37314,23940,1424
37315,24527,948
37316,25739,0
37317,25739,0
37318,25634,80
37319,25739,0
37320,25739,0
37321,25739,0
37322,25739,0
37323,25739,0
37324,24745,774
37325,25739,0
37326,25739,0
37327,25739,0
37328,25739,0
37329,25739,0
37330,25739,0
37331,25739,0
37332,25739,0
37333,25739,0
37334,25739,0
37335,25676,48
37336,25739,0
37337,25739,0
37338,25739,0
37339,25739,0
37340,24652,848
37341,25676,48
37342,25702,28
37343,25447,224
37344,25739,0
37345,25739,0
37346,25739,0
37347,25739,0
37348,25739,0
37349,25141,462
37350,25739,0
37351,25676,48
37352,25739,0
37353,9198,20228
37354,25739,0
37355,25739,0
37356,25739,0
37357,25488,192
37358,24165,1240
37359,24934,624
37360,25739,0
37361,25739,0
37362,25739,0
37363,25739,0
37364,23683,1636
37365,25702,28
37366,25739,0
37367,25739,0
37368,25739,0
37369,24717,796
37370,22188,2918
37371,25707,24
37372,25739,0
37373,25739,0
37374,25598,108
37375,23102,2124
37376,25660,60
37377,24677,828
37378,25739,0
37379,25739,0
37380,25739,0
37381,25481,198
37382,25739,0
37383,25739,0
37384,25739,0
37385,25739,0
37386,25739,0
37387,25739,0
37388,22794,2388
37389,25739,0
37390,25739,0
37391,25739,0
37392,25739,0
37393,25739,0
37394,25676,48
37395,25613,96
37396,22219,2890
37397,25739,0
37398,25739,0
37399,25739,0
37400,24934,624
37401,24778,748
37402,25739,0
37403,25707,24
37404,25739,0
37405,25739,0
37406,23736,1592
37407,24634,862
37408,25739,0
37409,24833,704
37410,25739,0
37411,25739,0
37412,25739,0
37413,25692,36
37414,25739,0
37415,21514,3524
37416,25739,0
37417,23789,1548
37418,24150,1252
37419,1891,51326
37420,25592,112
37421,25739,0
37422,25739,0
37423,25739,0
37424,25739,0
37425,25577,124
37426,25739,0
37427,24682,824
37428,25530,160
37429,25739,0
37430,25739,0
37431,25739,0
37432,25739,0
37433,25739,0
37434,25592,112
37435,25739,0
37436,25739,0
37437,25739,0
37438,25739,0
37439,22871,2322
37440,25739,0
37441,25739,0
37442,25739,0
37443,25739,0
37444,25739,0
37445,25739,0
37446,24998,574
37447,25739,0
37448,23462,1820
37449,25739,0
37450,22015,3072
37451,25707,24
37452,25739,0
37453,25739,0
37454,25302,336
37455,25739,0
37456,25739,0
37457,24552,928
37458,24657,844
37459,25739,0
37460,25739,0
37461,24927,630
37462,25739,0
37463,24929,628
37464,25739,0
37465,19224,5736
37466,25739,0
37467,25739,0
37468,25739,0
37469,25739,0
37470,25611,98
37471,25739,0
37472,25739,0
37473,25739,0
37474,25639,76
37475,25739,0
37476,25739,0
37477,25739,0
37478,25739,0
37479,25739,0
37480,25739,0
37481,25739,0
37482,25739,0
37483,25634,80
37484,25739,0
37485,25739,0
37486,25561,136
37487,23669,1648
37488,25739,0
37489,24793,736
37490,23058,2162
37491,25739,0
37492,24929,628
37493,25739,0
37494,24303,1128
37495,25574,126
37496,25739,0
37497,25739,0
37498,25739,0
37499,25739,0
37500,25739,0
37501,25739,0
37502,24652,848
37503,25739,0
37504,25739,0
37505,25739,0
37506,25739,0
37507,25739,0
37508,25739,0
37509,25739,0
37510,25739,0
37511,25739,0
37512,25739,0
37513,25164,444
37514,25739,0
37515,25739,0
37516,25739,0
37517,25739,0
37518,25739,0
37519,25739,0
37520,25739,0
37521,25739,0
37522,25739,0
37523,25739,0
37524,25739,0
37525,25739,0
37526,25739,0
37527,25676,48
37528,25739,0
37529,25739,0
37530,25739,0
37531,25739,0
37532,25739,0
37533,25561,136
37534,25739,0
37535,25739,0
37536,25707,24
37537,24808,724
37538,25739,0
37539,25390,268
37540,25739,0
37541,24487,980
37542,25739,0
37543,25739,0
37544,25739,0
37545,25702,28
37546,25739,0
37547,25739,0
37548,25739,0
37549,25739,0
37550,25739,0
37551,25739,0
37552,25739,0
37553,25739,0
37554,25739,0
37555,25665,56
37556,23789,1548
37557,25739,0
37558,25702,28
37559,25739,0
37560,23206,2036
37561,23722,1604
37562,25739,0
37563,25739,0
37564,25629,84
37565,25739,0
37566,25707,24
37567,25739,0
37568,25739,0
37569,23947,1418
37570,25739,0
37571,25739,0
37572,25739,0
37573,25739,0
37574,25739,0
37575,25739,0
37576,25739,0
37577,25739,0
37578,24909,644
37579,25739,0
37580,25739,0
37581,25739,0
37582,25739,0
37583,25739,0
37584,25739,0
37585,25739,0
37586,24028,1352
37587,25739,0
37588,25707,24
37589,22497,2646
37590,25739,0
37591,25739,0
37592,25739,0
37593,25739,0
37594,25739,0
37595,25739,0
37596,25739,0
37597,25739,0
37598,25739,0
37599,25174,436
37600,25739,0
37601,24432,1024
37602,25444,226
37603,25739,0
37604,25739,0
37605,25739,0
37606,25739,0
37607,25739,0
37608,25739,0
37609,25739,0
37610,25739,0
37611,25739,0
37612,25739,0
37613,25739,0
37614,25739,0
37615,25702,28
37616,25739,0
37617,25739,0
37618,25739,0
37619,25739,0
37620,24308,1124
37621,25739,0
37622,25739,0
37623,25739,0
37624,25739,0
37625,20058,4902
37626,25739,0
37627,23768,1566
37628,25739,0
37629,25739,0
37630,25707,24
37631,25739,0
37632,25739,0
37633,24345,1094
37634,25707,24
37635,25739,0
37636,25739,0
37637,25006,568
37638,25546,148
37639,25739,0
37640,25739,0
37641,24370,1074
37642,25739,0
37643,25739,0
37644,25642,74
37645,25739,0
37646,25739,0
37647,25739,0
37648,25702,28
37649,25639,76
37650,25739,0
37651,25739,0
37652,25739,0
37653,24929,628
37654,25739,0
37655,25739,0
37656,25739,0
37657,25739,0
37658,25021,556
37659,25739,0
37660,25739,0
37661,25739,0
37662,25739,0
37663,25546,148
37664,25739,0
37665,25739,0
37666,25739,0
37667,25739,0
37668,25739,0
37669,25739,0
37670,25442,228
37671,25739,0
37672,25702,28
37673,25739,0
37674,25739,0
37675,25692,36
37676,23218,2026
37677,25739,0
37678,16234,9060
37679,25739,0
37680,20356,4612
37681,25313,328
37682,25739,0
37683,25739,0
37684,24557,924
37685,23079,2144
37686,25739,0
37687,19069,5896
37688,25739,0
37689,25739,0
37690,25739,0
37691,25739,0
37692,25739,0
37693,25739,0
37694,25739,0
37695,25739,0
37696,25739,0
37697,25739,0
37698,25739,0
37699,24457,1004
37700,25739,0
37701,25692,36
37702,25739,0
37703,25739,0
37704,25739,0
37705,25739,0
37706,25739,0
37707,25739,0
37708,23553,1744
37709,25707,24
37710,25739,0
37711,25739,0
37712,25739,0
37713,25739,0
37714,25739,0
37715,23515,1776
37716,25739,0
37717,25739,0
37718,25739,0
37719,25739,0
37720,25739,0
37721,25739,0
37722,25739,0
37723,24929,628
37724,25739,0
37725,25739,0
37726,7523,24178
37727,25739,0
37728,25739,0
37729,24742,776
37730,25739,0
37731,25739,0
37732,24489,978
37733,25739,0
37734,24612,880
37735,25739,0
37736,25739,0
37737,25739,0
37738,25739,0
37739,25739,0
37740,23964,1404
37741,25739,0
37742,19532,5424
37743,25431,236
37744,25739,0
37745,22623,2536
37746,25739,0
37747,25006,568
37748,25739,0
37749,20656,4324
37750,25739,0
37751,25739,0
37752,25739,0
37753,25739,0
37754,25739,0
37755,25739,0
37756,25739,0
37757,25739,0
37758,25739,0
37759,25739,0
37760,25739,0
37761,25739,0
37762,22499,2644
37763,25739,0
37764,25739,0
37765,25739,0
37766,25702,28
37767,25707,24
37768,25739,0
37769,25739,0
37770,23429,1848
37771,25707,24
37772,25739,0
37773,25739,0
37774,25676,48
37775,25739,0
37776,25189,424
37777,25739,0
37778,25125,474
37779,24985,584
37780,24494,974
37781,25739,0
37782,15615,9824
37783,25739,0
37784,25692,36
37785,25739,0
37786,25707,24
37787,25739,0
37788,25739,0
37789,25739,0
37790,25739,0
37791,25256,372
37792,15457,10024
37793,25739,0
37794,25739,0
37795,24185,1224
37796,20564,4412
37797,25739,0
37798,25739,0
37799,20501,4472
37800,25003,570
37801,25739,0
37802,25739,0
37803,25739,0
37804,19429,5528
37805,19832,5124
37806,25739,0
37807,25739,0
37808,18533,6456
37809,25658,62
37810,25739,0
37811,25739,0
37812,25692,36
37813,25739,0
37814,25739,0
37815,24929,628
37816,25739,0
37817,23372,1896
37818,25739,0
37819,24592,896
37820,25739,0
37821,25739,0
37822,25739,0
37823,25739,0
37824,25739,0
37825,25739,0
37826,25702,28
37827,25739,0
37828,25739,0
37829,25739,0
37830,25739,0
37831,14034,11922
37832,19352,5606
37833,25739,0
37834,23109,2118
37835,25184,428
37836,25739,0
37837,23604,1702
37838,25739,0
37839,25739,0
37840,25739,0
37841,25739,0
37842,25739,0
37843,25739,0
37844,25639,76
37845,25739,0
37846,25739,0
37847,25046,536
37848,25174,436
37849,25739,0
37850,25707,24
37851,25739,0
37852,25665,56
37853,25739,0
37854,25739,0
37855,25546,148
37856,25739,0
37857,25739,0
37858,25739,0
37859,25739,0
37860,25062,524
37861,25707,24
37862,16922,8244
37863,25739,0
37864,25739,0
37865,25739,0
37866,25739,0
37867,25739,0
37868,25702,28
37869,25707,24
37870,25254,374
37871,25739,0
37872,25739,0
37873,25681,44
37874,25739,0
37875,25739,0
37876,25739,0
37877,25739,0
37878,25739,0
37879,6743,26330
37880,25739,0
37881,25739,0
37882,25739,0
37883,25739,0
37884,25739,0
37885,25707,24
37886,25739,0
37887,6918,25826
37888,25739,0
37889,25739,0
37890,25739,0
37891,25739,0
37892,25707,24
37893,25660,60
37894,25056,528
37895,25707,24
37896,25739,0
37897,25447,224
37898,25739,0
37899,25676,48
37900,25189,424
37901,25739,0
37902,25739,0
37903,25739,0
37904,25707,24
37905,19756,5200
37906,25739,0
37907,25739,0
37908,25707,24
37909,25739,0
37910,25512,174
37911,25739,0
37912,25739,0
37913,25650,68
37914,25739,0
37915,25739,0
37916,25707,24
37917,25739,0
37918,16679,8528
37919,25739,0
37920,25739,0
37921,25739,0
37922,25739,0
37923,25739,0
37924,25739,0
37925,22841,2348
37926,25739,0
37927,25676,48
37928,25739,0
37929,25739,0
37930,25739,0
37931,25739,0
37932,25739,0
37933,24866,678
37934,25739,0
37935,25739,0
37936,25739,0
37937,25739,0
37938,25739,0
37939,16373,8892
37940,25739,0
37941,25739,0
37942,25447,224
37943,25739,0
37944,25739,0
37945,25739,0
37946,24803,728
37947,25184,428
37948,25739,0
37949,25739,0
37950,25739,0
37951,25739,0
37952,25739,0
37953,25739,0
37954,25739,0
37955,25739,0
37956,25739,0
37957,25739,0
37958,25739,0
37959,25739,0
37960,25739,0
37961,24889,660
37962,25739,0
37963,25739,0
37964,25739,0
37965,25739,0
37966,25739,0
37967,25326,318
37968,21903,3172
37969,25658,62
37970,23070,2152
37971,25739,0
37972,24232,1186
37973,24934,624
37974,25739,0
37975,25739,0
37976,25739,0
37977,25739,0
37978,25739,0
37979,25739,0
37980,25676,48
37981,25739,0
37982,25739,0
37983,25739,0
37984,25739,0
37985,24934,624
37986,25056,528
37987,25739,0
37988,25707,24
37989,25739,0
37990,25739,0
37991,25739,0
37992,25739,0
37993,24308,1124
37994,25739,0
37995,25739,0
37996,25739,0
37997,25739,0
37998,25739,0
37999,25739,0
38000,24934,624
38001,24682,824
38002,25739,0
38003,25665,56
38004,22408,2724
38005,25739,0
38006,25739,0
38007,24929,628
38008,24527,948
38009,25739,0
38010,25739,0
38011,22820,2366
38012,25739,0
38013,25739,0
38014,25739,0
38015,25707,24
38016,25739,0
38017,25739,0
38018,25739,0
38019,25739,0
38020,24998,574
38021,25739,0
38022,25006,568
38023,7562,24076
38024,25739,0
38025,25739,0
38026,25676,48
38027,23669,1648
38028,25739,0
38029,25739,0
38030,25739,0
38031,24972,594
38032,25692,36
38033,25739,0
38034,25107,488
38035,25739,0
38036,25739,0
38037,25739,0
38038,20366,4602
38039,25739,0
38040,25739,0
38041,25739,0
38042,25739,0
38043,25739,0
38044,25739,0
38045,25739,0
38046,25739,0
38047,25739,0
38048,18933,6036
38049,25739,0
38050,25739,0
38051,25739,0
38052,25739,0
38053,25671,52
38054,21558,3484
38055,23539,1756
38056,3973,36726
38057,25739,0
38058,25739,0
38059,25592,112
38060,25739,0
38061,25739,0
38062,24368,1076
38063,25739,0
38064,25739,0
38065,25739,0
38066,25739,0
38067,25739,0
38068,25133,468
38069,25739,0
38070,23391,1880
38071,25739,0
38072,25739,0
38073,25739,0
38074,24803,728
38075,25739,0
38076,25739,0
38077,24871,674
38078,25739,0
38079,25739,0
38080,25739,0
38081,25739,0
38082,25739,0
38083,25739,0
38084,25739,0
38085,25692,36
38086,24432,1024
38087,24634,862
38088,25739,0
38089,25739,0
38090,23102,2124
38091,25739,0
38092,25184,428
38093,25739,0
38094,25739,0
38095,25739,0
38096,25739,0
38097,25739,0
38098,25739,0
38099,25739,0
38100,25739,0
38101,25739,0
38102,25676,48
38103,25739,0
38104,25739,0
38105,25739,0
38106,23729,1598
38107,25739,0
38108,25739,0
38109,25739,0
38110,25739,0
38111,25739,0
38112,25739,0
38113,25739,0
38114,25739,0
38115,25739,0
38116,25739,0
38117,23698,1624
38118,25707,24
38119,18197,6816
38120,25739,0
38121,23458,1824
38122,25739,0
38123,25739,0
38124,25739,0
38125,25739,0
38126,25739,0
38127,17203,7920
38128,25739,0
38129,25739,0
38130,25739,0
38131,25739,0
38132,25739,0
38133,25739,0
38134,25739,0
38135,25739,0
38136,25184,428
38137,25739,0
38138,25739,0
38139,25739,0
38140,25739,0
38141,25739,0
38142,25739,0
38143,25739,0
38144,25357,294
38145,25739,0
38146,25739,0
38147,25739,0
38148,22267,2848
38149,25676,48
38150,25739,0
38151,24499,970
38152,25739,0
38153,25702,28
38154,25739,0
38155,25739,0
38156,25095,498
38157,25639,76
38158,25739,0
38159,25707,24
38160,1254,59400
38161,25739,0
38162,25739,0
38163,25739,0
38164,25739,0
38165,25739,0
38166,25739,0
38167,23979,1392
38168,25739,0
38169,25739,0
38170,25739,0
38171,25739,0
38172,25251,376
38173,25739,0
38174,25613,96
38175,25739,0
38176,25707,24
38177,24934,624
38178,25189,424
38179,25739,0
38180,25739,0
38181,25739,0
38182,25318,324
38183,25739,0
38184,25739,0
38185,25739,0
38186,25739,0
38187,25739,0
38188,25739,0
38189,25739,0
38190,25739,0
38191,25739,0
38192,25739,0
38193,25739,0
38194,25585,118
38195,25739,0
38196,25739,0
38197,25739,0
38198,25739,0
38199,25739,0
38200,25655,64
38201,25692,36
38202,24278,1148
38203,25739,0
38204,25739,0
38205,25739,0
38206,25739,0
38207,25739,0
38208,24934,624
38209,25739,0
38210,25739,0
38211,25739,0
38212,25739,0
38213,25739,0
38214,25739,0
38215,25739,0
38216,25739,0
38217,25739,0
38218,25739,0
38219,25739,0
38220,23940,1424
38221,25739,0
38222,25739,0
38223,25739,0
38224,25739,0
38225,25739,0
38226,25739,0
38227,25739,0
38228,13733,12348
38229,11985,15024
38230,25739,0
38231,25739,0
38232,25739,0
38233,25739,0
38234,25739,0
38235,25739,0
38236,25138,464
38237,25739,0
38238,25707,24
38239,25739,0
38240,25739,0
38241,25546,148
38242,23294,1962
38243,25739,0
38244,25739,0
38245,25739,0
38246,25416,248
38247,25739,0
38248,25447,224
38249,24684,822
38250,25739,0
38251,25739,0
38252,25739,0
38253,25739,0
38254,19632,5324
38255,25613,96
38256,17938,7098
38257,25739,0
38258,16530,8704
38259,25739,0
38260,25739,0
38261,25739,0
38262,25739,0
38263,23018,2196
38264,25739,0
38265,24684,822
38266,21081,3924
38267,25287,348
38268,25739,0
38269,25739,0
38270,25364,288
38271,25739,0
38272,25739,0
38273,25739,0
38274,25230,392
38275,25318,324
38276,25739,0
38277,16497,8744
38278,25739,0
38279,25707,24
38280,25739,0
38281,25739,0
38282,25739,0
38283,25644,72
38284,25608,100
38285,25739,0
38286,25739,0
38287,25739,0
38288,25739,0
38289,25739,0
38290,25739,0
38291,25739,0
38292,25739,0
38293,23336,1926
38294,22748,2428
38295,25739,0
38296,25624,88
38297,25739,0
38298,24469,994
38299,25739,0
38300,25739,0
38301,25739,0
38302,23702,1620
38303,25739,0
38304,25739,0
38305,25739,0
38306,25512,174
38307,25692,36
38308,25739,0
38309,25739,0
38310,23804,1536
38311,25739,0
38312,25739,0
38313,25739,0
38314,25739,0
38315,25739,0
38316,25739,0
38317,25739,0
38318,25676,48
38319,25739,0
38320,25739,0
38321,25739,0
38322,6031,28524
38323,25739,0
38324,25739,0
38325,25739,0
38326,25739,0
38327,25739,0
38328,25739,0
38329,25739,0
38330,24783,744
38331,25739,0
38332,25634,80
38333,24047,1336
38334,25739,0
38335,25739,0
38336,25739,0
38337,25739,0
38338,25676,48
38339,15272,10260
38340,25739,0
38341,25739,0
38342,25739,0
38343,25739,0
38344,25739,0
38345,24373,1072
38346,25739,0
38347,25739,0
38348,8121,22676
38349,25739,0
38350,25739,0
38351,25739,0
38352,25739,0
38353,25739,0
38354,25739,0
38355,25739,0
38356,25739,0
38357,2015,50078
38358,25739,0
38359,2000,50224
38360,25739,0
38361,25739,0
38362,25739,0
38363,25739,0
38364,22697,2472
38365,25739,0
38366,24929,628
38367,25342,305
38368,25739,0
38369,25739,0
38370,25739,0
38371,25739,0
38372,1872,51520
38373,25676,48
38374,25739,0
38375,24432,1024
38376,25739,0
38377,25739,0
38378,25739,0
38379,25739,0
38380,25739,0
38381,25739,0
38382,25739,0
38383,25707,24
38384,25739,0
38385,25739,0
38386,25739,0
38387,25739,0
38388,25739,0
38389,25739,0
38390,25707,24
38391,25739,0
38392,25739,0
38393,25739,0
38394,25739,0
38395,25739,0
38396,25676,48
38397,25739,0
38398,25739,0
38399,25739,0
38400,25739,0
38401,25739,0
38402,25739,0
38403,25739,0
38404,25739,0
38405,25473,204
38406,25739,0
38407,25739,0
38408,25739,0
38409,25611,98
38410,25739,0
38411,23220,2024
38412,25739,0
38413,25739,0
38414,25739,0
38415,25739,0
38416,25665,56
38417,25739,0
38418,25676,48
38419,25707,24
38420,24517,956
38421,25739,0
38422,25447,224
38423,25261,368
38424,24740,778
38425,23102,2124
38426,25739,0
38427,25739,0
38428,25739,0
38429,25739,0
38430,25626,86
38431,25671,52
38432,22810,2374
38433,25739,0
38434,25739,0
38435,25739,0
38436,25739,0
38437,25739,0
38438,25739,0
38439,25739,0
38440,25739,0
38441,25739,0
38442,25739,0
38443,19608,5348
38444,25739,0
38445,25739,0
38446,25739,0
38447,25739,0
38448,25739,0
38449,25739,0
38450,25739,0
38451,25577,124
38452,25739,0
38453,25739,0
38454,19419,5538
38455,25739,0
38456,25739,0
38457,25739,0
38458,25707,24
38459,25739,0
38460,25739,0
38461,25702,28
38462,25603,104
38463,25739,0
38464,25739,0
38465,25739,0
38466,25634,80
38467,25676,48
38468,25739,0
38469,25739,0
38470,25739,0
38471,25739,0
38472,25739,0
38473,25739,0
38474,25739,0
38475,25739,0
38476,25056,528
38477,25739,0
38478,25739,0
38479,25463,212
38480,25739,0
38481,25739,0
38482,25739,0
38483,25739,0
38484,25739,0
38485,25739,0
38486,25739,0
38487,25707,24
38488,25739,0
38489,25739,0
38490,25739,0
38491,24909,644
38492,5318,30998
38493,25739,0
38494,25739,0
38495,25739,0
38496,25739,0
38497,25739,0
38498,25739,0
38499,25739,0
38500,25054,530
38501,25739,0
38502,25739,0
38503,20261,4704
38504,25739,0
38505,25739,0
38506,23756,1576
38507,25707,24
38508,24607,884
38509,25603,104
38510,25702,28
38511,25739,0
38512,25739,0
38513,25577,124
38514,25739,0
38515,22154,2948
38516,25739,0
38517,25739,0
38518,25739,0
38519,25739,0
38520,25681,44
38521,25739,0
38522,25739,0
38523,25292,344
38524,25739,0
38525,25739,0
38526,25739,0
38527,25739,0
38528,25739,0
38529,25739,0
38530,25739,0
38531,25442,228
38532,25739,0
38533,25739,0
38534,25739,0
38535,25739,0
38536,25739,0
38537,25739,0
38538,25739,0
38539,25739,0
38540,25739,0
38541,25739,0
38542,25739,0
38543,25739,0
38544,25739,0
38545,25739,0
38546,22258,2856
38547,25739,0
38548,25739,0
38549,25739,0
38550,25739,0
38551,25527,162
38552,1,174300
38553,25739,0
38554,25739,0
38555,25739,0
38556,25739,0
38557,25739,0
38558,23458,1824
38559,25739,0
38560,9174,20278
38561,22753,2424
38562,25739,0
38563,25739,0
38564,25658,62
38565,23032,2184
38566,24368,1076
38567,25375,280
38568,25739,0
38569,25739,0
38570,25739,0
38571,25739,0
38572,25739,0
38573,25739,0
38574,25739,0
38575,25665,56
38576,25739,0
38577,21351,3674
38578,25739,0
38579,25739,0
38580,25702,28
38581,25739,0
38582,25739,0
38583,25739,0
38584,17542,7536
38585,25739,0
38586,25739,0
38587,25739,0
38588,25739,0
38589,25739,0
38590,25739,0
38591,24467,996
38592,22265,2850
38593,25133,468
38594,25739,0
38595,25739,0
38596,25739,0
38597,25739,0
38598,25739,0
38599,25739,0
38600,24251,1170
38601,18730,6248
38602,25739,0
38603,25739,0
38604,25739,0
38605,25739,0
38606,25702,28
38607,25739,0
38608,25739,0
38609,25739,0
38610,25739,0
38611,25739,0
38612,25739,0
38613,25739,0
38614,25739,0
38615,23467,1816
38616,25739,0
38617,24427,1028
38618,25739,0
38619,25692,36
38620,25739,0
38621,24894,656
38622,25739,0
38623,25739,0
38624,25739,0
38625,25739,0
38626,25238,386
38627,25739,0
38628,25739,0
38629,25739,0
38630,22591,2564
38631,25442,228
38632,23065,2156
38633,25739,0
38634,22985,2224
38635,25739,0
38636,25739,0
38637,25739,0
38638,25707,24
38639,16744,8452
38640,25739,0
38641,25739,0
38642,25739,0
38643,24677,828
38644,25739,0
38645,25739,0
38646,25739,0
38647,25739,0
38648,24497,972
38649,25739,0
38650,25739,0
38651,25739,0
38652,25739,0
38653,25739,0
38654,23102,2124
38655,25739,0
38656,25676,48
38657,25739,0
38658,25739,0
38659,25739,0
38660,17423,7670
38661,25739,0
38662,25739,0
38663,25739,0
38664,25739,0
38665,25739,0
38666,25739,0
38667,25739,0
38668,23935,1428
38669,24904,648
38670,25739,0
38671,23814,1528
38672,23197,2044
38673,23729,1598
38674,25739,0
38675,25739,0
38676,25739,0
38677,25676,48
38678,25739,0
38679,25739,0
38680,25739,0
38681,25739,0
38682,25739,0
38683,25692,36
38684,25702,28
38685,25739,0
38686,25739,0
38687,25739,0
38688,25739,0
38689,25739,0
38690,25739,0
38691,25739,0
38692,25739,0
38693,25676,48
38694,24432,1024
38695,25739,0
38696,25739,0
38697,25707,24
38698,25702,28
38699,25681,44
38700,24417,1036
38701,25739,0
38702,25739,0
38703,25692,36
38704,25739,0
38705,22637,2524
38706,24432,1024
38707,25739,0
38708,25739,0
38709,25739,0
38710,25739,0
38711,25739,0
38712,25739,0
38713,25739,0
38714,25739,0
38715,25739,0
38716,25739,0
38717,25739,0
38718,25739,0
38719,25739,0
38720,25707,24
38721,23334,1928
38722,25739,0
38723,25318,324
38724,25739,0
38725,25692,36
38726,25110,486
38727,25006,568
38728,25739,0
38729,25702,28
38730,25128,472
38731,25739,0
38732,24001,1374
38733,25739,0
38734,25739,0
38735,25739,0
38736,25739,0
38737,25739,0
38738,25739,0
38739,25739,0
38740,25676,48
38741,25739,0
38742,25739,0
38743,25739,0
38744,25739,0
38745,25739,0
38746,24417,1036
38747,22662,2502
38748,25739,0
38749,25739,0
38750,15151,10416
38751,7206,25024
38752,25561,136
38753,23055,2164
38754,25739,0
38755,25739,0
38756,23717,1608
38757,25739,0
38758,25739,0
38759,25739,0
38760,25739,0
38761,23577,1724
38762,25739,0
38763,25739,0
38764,25739,0
38765,25739,0
38766,25739,0
38767,25739,0
38768,25739,0
38769,25681,44
38770,25535,156
38771,25739,0
38772,25739,0
38773,25739,0
38774,25739,0
38775,25739,0
38776,25739,0
38777,25692,36
38778,25739,0
38779,25431,236
38780,25739,0
38781,25739,0
38782,25125,474
38783,25739,0
38784,25739,0
38785,23577,1724
38786,23372,1896
38787,25739,0
38788,24109,1286
38789,25739,0
38790,25739,0
38791,25739,0
38792,25739,0
38793,25739,0
38794,22568,2584
38795,25739,0
38796,25739,0
38797,25739,0
38798,25707,24
38799,23154,2080
38800,25184,428
38801,24155,1248
38802,25739,0
38803,25739,0
38804,25739,0
38805,25739,0
38806,25739,0
38807,25702,28
38808,25739,0
38809,25739,0
38810,25739,0
38811,25739,0
38812,25739,0
38813,25739,0
38814,25739,0
38815,25739,0
38816,25739,0
38817,25739,0
38818,25739,0
38819,25739,0
38820,25739,0
38821,25739,0
38822,25739,0
38823,25739,0
38824,23098,2128
38825,22887,2308
38826,25739,0
38827,25164,444
38828,25739,0
38829,25707,24
38830,25739,0
38831,24057,1328
38832,24145,1256
38833,25739,0
38834,25707,24
38835,25739,0
38836,25223,398
38837,25739,0
38838,25702,28
38839,25739,0
38840,25739,0
38841,25739,0
38842,25739,0
38843,23182,2056
38844,25223,398
38845,25739,0
38846,24682,824
38847,22706,2464
38848,25739,0
38849,25739,0
38850,22381,2748
38851,25739,0
38852,23367,1900
38853,25739,0
38854,25739,0
38855,25739,0
38856,25739,0
38857,25739,0
38858,25739,0
38859,25739,0
38860,25676,48
38861,25739,0
38862,22186,2920
38863,25739,0
38864,25540,152
38865,25739,0
38866,25739,0
38867,24454,1006
38868,25692,36
38869,25739,0
38870,21841,3228
38871,25739,0
38872,25644,72
38873,25739,0
38874,24934,624
38875,25739,0
38876,25739,0
38877,25739,0
38878,25739,0
38879,25739,0
38880,25574,126
38881,25739,0
38882,25739,0
38883,25739,0
38884,25739,0
38885,24886,662
38886,25739,0
38887,25739,0
38888,25739,0
38889,25739,0
38890,1566,55024
38891,25739,0
38892,25739,0
38893,25739,0
38894,25739,0
38895,25739,0
38896,25739,0
38897,25739,0
38898,25739,0
38899,25739,0
38900,25739,0
38901,25739,0
38902,25739,0
38903,23339,1924
38904,24783,744
38905,25739,0
38906,20840,4150
38907,25739,0
38908,25739,0
38909,25739,0
38910,25739,0
38911,23510,1780
38912,25739,0
38913,25739,0
38914,25739,0
38915,25676,48
38916,25739,0
38917,25739,0
38918,10523,17582
38919,25739,0
38920,25739,0
38921,25739,0
38922,25739,0
38923,25739,0
38924,25739,0
38925,25739,0
38926,25739,0
38927,25739,0
38928,25164,444
38929,25159,448
38930,25739,0
38931,25739,0
38932,25739,0
38933,25739,0
38934,25739,0
38935,25739,0
38936,25739,0
38937,25431,236
38938,25739,0
38939,25739,0
38940,25739,0
38941,25739,0
38942,25739,0
38943,23935,1428
38944,25739,0
38945,25739,0
38946,25739,0
38947,25739,0
38948,24494,974
38949,25739,0
38950,25739,0
38951,25739,0
38952,25739,0
38953,25739,0
38954,24343,1096
38955,25739,0
38956,25739,0
38957,25739,0
38958,25739,0
38959,24934,624
38960,25739,0
38961,25739,0
38962,18765,6212
38963,25739,0
38964,23353,1912
38965,25739,0
38966,25739,0
38967,25739,0
38968,25739,0
38969,25739,0
38970,25739,0
38971,25739,0
38972,25739,0
38973,24604,886
38974,25739,0
38975,24894,656
38976,25739,0
38977,15282,10248
38978,25739,0
38979,25739,0
38980,25739,0
38981,25739,0
38982,24492,976
38983,25739,0
38984,25739,0
38985,25642,74
38986,25739,0
38987,25739,0
38988,21796,3268
38989,25707,24
38990,25739,0
38991,25739,0
38992,25739,0
38993,25739,0
38994,25739,0
38995,25739,0
38996,25739,0
38997,25739,0
38998,25739,0
38999,23305,1952
39000,25739,0
39001,25739,0
39002,25739,0
39003,25739,0
39004,25739,0
39005,25739,0
39006,21475,3560
39007,25739,0
39008,25707,24
39009,25739,0
39010,25739,0
39011,25739,0
39012,25739,0
39013,25739,0
39014,25739,0
39015,25644,72
39016,25739,0
39017,25739,0
39018,25739,0
39019,25739,0
39020,25739,0
39021,25577,124
39022,25739,0
39023,19560,5396
39024,25739,0
39025,25572,128
39026,25707,24
39027,22181,2924
39028,25707,24
39029,25739,0
39030,25739,0
39031,25739,0
39032,25739,0
39033,25739,0
39034,25739,0
39035,25739,0
39036,25739,0
39037,23315,1944
39038,25739,0
39039,25739,0
39040,25739,0
39041,25739,0
39042,25739,0
39043,25739,0
39044,25189,424
39045,24542,936
39046,24906,646
39047,25739,0
39048,1968,50536
39049,25739,0
39050,25739,0
39051,24652,848
39052,25676,48
39053,25739,0
39054,25639,76
39055,25739,0
39056,25739,0
39057,25739,0
39058,25739,0
39059,25702,28
39060,25739,0
39061,25739,0
39062,25739,0
39063,25739,0
39064,25739,0
39065,23489,1798
39066,25739,0
39067,25739,0
39068,20997,4002
39069,25739,0
39070,25739,0
39071,25739,0
39072,25739,0
39073,25739,0
39074,12013,14978
39075,25739,0
39076,25739,0
39077,25707,24
39078,25739,0
39079,25739,0
39080,22122,2976
39081,25739,0
39082,21527,3512
39083,25739,0
39084,25739,0
39085,25739,0
39086,25577,124
39087,25013,562
39088,25739,0
39089,25739,0
39090,25739,0
39091,25739,0
39092,25184,428
39093,11825,15288
39094,24172,1234
39095,15399,10098
39096,23310,1948
39097,25739,0
39098,25644,72
39099,21670,3382
39100,25739,0
39101,25634,80
39102,25739,0
39103,25739,0
39104,25739,0
39105,25739,0
39106,25739,0
39107,25739,0
39108,25254,374
39109,25739,0
39110,25739,0
39111,25416,248
39112,25739,0
39113,25739,0
39114,24562,920
39115,25739,0
39116,25692,36
39117,25707,24
39118,25739,0
39119,25739,0
39120,25739,0
39121,22575,2578
39122,25739,0
39123,25739,0
39124,25739,0
39125,25739,0
39126,25739,0
39127,25739,0
39128,25739,0
39129,25739,0
39130,25380,276
39131,25739,0
39132,25739,0
39133,25739,0
39134,25739,0
39135,25739,0
39136,25739,0
39137,25739,0
39138,25739,0
39139,25707,24
39140,25739,0
39141,25739,0
39142,25739,0
39143,25287,348
39144,25707,24
39145,25739,0
39146,25292,344
39147,25739,0
39148,25739,0
39149,25739,0
39150,25739,0
39151,25739,0
39152,25739,0
39153,25739,0
39154,16353,8916
39155,21818,3248
39156,25739,0
39157,25739,0
39158,25739,0
39159,25739,0
39160,25739,0
39161,25739,0
39162,25739,0
39163,25739,0
39164,25739,0
39165,25739,0
39166,25707,24
39167,25739,0
39168,25739,0
39169,25739,0
39170,25739,0
39171,24062,1324
39172,25739,0
39173,25739,0
39174,25739,0
39175,25739,0
39176,25739,0
39177,25739,0
39178,25629,84
39179,25739,0
39180,25739,0
39181,25739,0
39182,25702,28
39183,1853,51718
39184,25551,144
39185,25739,0
39186,25739,0
39187,25739,0
39188,25739,0
39189,25739,0
39190,23393,1878
39191,25739,0
39192,25739,0
39193,25739,0
39194,25692,36
39195,25739,0
39196,25707,24
39197,25739,0
39198,25739,0
39199,25739,0
39200,25739,0
39201,24967,598
39202,25739,0
39203,25739,0
39204,23079,2144
39205,25739,0
39206,25739,0
39207,25006,568
39208,25739,0
39209,25739,0
39210,25739,0
39211,23458,1824
39212,25739,0
39213,25739,0
39214,25739,0
39215,25739,0
39216,25739,0
39217,25739,0
39218,25739,0
39219,10848,16984
39220,25644,72
39221,25739,0
39222,16935,8228
39223,25739,0
39224,25739,0
39225,25739,0
39226,25739,0
39227,25739,0
39228,25739,0
39229,25739,0
39230,25577,124
39231,25702,28
39232,25739,0
39233,25739,0
39234,25739,0
39235,25608,100
39236,25739,0
39237,25110,486
39238,2513,45728
39239,24278,1148
39240,19718,5238
39241,25739,0
39242,25739,0
39243,25739,0
39244,25739,0
39245,25739,0
39246,25739,0
39247,1,154646
39248,25739,0
39249,25739,0
39250,25676,48
39251,24370,1074
39252,25739,0
39253,25739,0
39254,25739,0
39255,25739,0
39256,24836,702
39257,25184,428
39258,25739,0
39259,24752,768
39260,11521,15800
39261,25739,0
39262,25739,0
39263,25739,0
39264,25739,0
39265,25739,0
39266,25739,0
39267,25739,0
39268,25739,0
39269,25739,0
39270,22181,2924
39271,25739,0
39272,25739,0
39273,25062,524
39274,25739,0
39275,25739,0
39276,25739,0
39277,25739,0
39278,25739,0
39279,25292,344
39280,25739,0
39281,25739,0
39282,25739,0
39283,25739,0
39284,16604,8616
39285,25739,0
39286,25739,0
39287,25739,0
39288,25739,0
39289,25739,0
39290,25739,0
39291,25739,0
39292,25582,120
39293,25739,0
39294,25739,0
39295,21745,3314
39296,25739,0
39297,25739,0
39298,25658,62
39299,25739,0
39300,24742,776
39301,25739,0
39302,24527,948
39303,25739,0
39304,25739,0
39305,25739,0
39306,25739,0
39307,24532,944
39308,25739,0
39309,25739,0
39310,25739,0
39311,25739,0
39312,25739,0
39313,25739,0
39314,25739,0
39315,25739,0
39316,24030,1350
39317,25739,0
39318,25739,0
39319,25739,0
39320,25739,0
39321,24392,1056
39322,25739,0
39323,24752,768
39324,25739,0
39325,25072,516
39326,25739,0
39327,25739,0
39328,25739,0
39329,25613,96
39330,25739,0
39331,25739,0
39332,25739,0
39333,25421,244
39334,25739,0
39335,25739,0
39336,24778,748
39337,25739,0
39338,25739,0
39339,25707,24
39340,25739,0
39341,25739,0
39342,25739,0
39343,25739,0
39344,25739,0
39345,25739,0
39346,25702,28
39347,25739,0
39348,25739,0
39349,25739,0
39350,25644,72
39351,25739,0
39352,25739,0
39353,24677,828
39354,25739,0
39355,25739,0
39356,25739,0
39357,23763,1570
39358,25739,0
39359,25739,0
39360,25739,0
39361,25739,0
39362,25739,0
39363,25702,28
39364,25520,168
39365,25739,0
39366,21723,3334
39367,25739,0
39368,25702,28
39369,25707,24
39370,25739,0
39371,25739,0
39372,25739,0
39373,25739,0
39374,25739,0
39375,25421,244
39376,25739,0
39377,23848,1500
39378,25739,0
39379,25739,0
39380,19107,5856
39381,25739,0
39382,25739,0
39383,25739,0
39384,19710,5246
39385,25739,0
39386,25739,0
39387,15406,10088
39388,25739,0
39389,25739,0
39390,25739,0
39391,25739,0
39392,12290,14530
39393,24818,716
39394,14992,10624
39395,25739,0
39396,25739,0
39397,25707,24
39398,23896,1460
39399,25739,0
39400,25739,0
39401,25644,72
39402,5524,30248
39403,25739,0
39404,25739,0
39405,25739,0
39406,19726,5230
39407,25739,0
39408,25585,118
39409,25739,0
39410,25739,0
39411,25739,0
39412,25739,0
39413,25739,0
39414,25739,0
39415,25739,0
39416,25739,0
39417,25739,0
39418,25739,0
39419,24808,724
39420,25739,0
39421,25739,0
39422,25739,0
39423,25658,62
39424,25739,0
39425,25739,0
39426,19934,5024
39427,21637,3412
39428,25739,0
39429,25739,0
39430,25739,0
39431,25702,28
39432,25739,0
39433,25739,0
39434,24677,828
39435,25739,0
39436,25739,0
39437,25102,492
39438,25642,74
39439,25739,0
39440,25739,0
39441,25739,0
39442,25739,0
39443,25302,336
39444,25739,0
39445,25739,0
39446,25739,0
39447,22623,2536
39448,25739,0
39449,25739,0
39450,25739,0
39451,21818,3248
39452,25739,0
39453,25739,0
39454,25739,0
39455,25739,0
39456,25739,0
39457,25739,0
39458,25739,0
39459,25318,324
39460,25739,0
39461,25739,0
39462,25608,100
39463,25739,0
39464,25177,434
39465,25223,398
39466,25739,0
39467,25739,0
39468,25739,0
39469,25739,0
39470,25739,0
39471,23496,1792
39472,25739,0
39473,25739,0
39474,25707,24
39475,25739,0
39476,1,200480
39477,25739,0
39478,25739,0
39479,25739,0
39480,25416,248
39481,20974,4024
39482,25739,0
39483,25739,0
39484,25739,0
39485,25739,0
39486,25739,0
39487,24745,774
39488,25367,286
39489,25739,0
39490,25739,0
39491,25184,428
39492,25739,0
39493,25650,68
39494,25739,0
39495,25739,0
39496,25707,24
39497,25739,0
39498,25739,0
39499,25739,0
39500,25676,48
39501,23972,1398
39502,25739,0
39503,25702,28
39504,25676,48
39505,25739,0
39506,25739,0
39507,25739,0
39508,25739,0
39509,25739,0
39510,25739,0
39511,25739,0
39512,25739,0
39513,25739,0
39514,15070,10522
39515,25739,0
39516,25603,104
39517,25739,0
39518,25739,0
39519,25739,0
39520,24584,902
39521,25739,0
39522,25739,0
39523,25551,144
39524,11893,15176
39525,25739,0
39526,25739,0
39527,25707,24
39528,25739,0
39529,25739,0
39530,20652,4328
39531,25739,0
39532,25535,156
39533,25642,74
39534,25739,0
39535,18327,6676
39536,25739,0
39537,25739,0
39538,25739,0
39539,25739,0
39540,25739,0
39541,25739,0
39542,25739,0
39543,25707,24
39544,25739,0
39545,25739,0
39546,25739,0
39547,25512,174
39548,25739,0
39549,25739,0
39550,25739,0
39551,25739,0
39552,24947,614
39553,25739,0
39554,25739,0
39555,25739,0
39556,25739,0
39557,25692,36
39558,25658,62
39559,19930,5028
39560,23182,2056
39561,25739,0
39562,25739,0
39563,25739,0
39564,25739,0
39565,25739,0
39566,25739,0
39567,25692,36
39568,25707,24
39569,25739,0
39570,25739,0
39571,25739,0
39572,25739,0
39573,25739,0
39574,25739,0
39575,25644,72
39576,25739,0
39577,25739,0
39578,25739,0
39579,25739,0
39580,25739,0
39581,25739,0
39582,25739,0
39583,25739,0
39584,25676,48
39585,25739,0
39586,25739,0
39587,25739,0
39588,25739,0
39589,25092,500
39590,25739,0
39591,25318,324
39592,25739,0
39593,25739,0
39594,25739,0
39595,25739,0
39596,25739,0
39597,25739,0
39598,25739,0
39599,25739,0
39600,25739,0
39601,25739,0
39602,19291,5668
39603,25739,0
39604,25739,0
39605,25739,0
39606,25739,0
39607,25739,0
39608,25702,28
39609,25739,0
39610,21401,3628
39611,25676,48
39612,25136,466
39613,25739,0
39614,25739,0
39615,25739,0
39616,25739,0
39617,25739,0
39618,25739,0
39619,25739,0
39620,25739,0
39621,25739,0
39622,25739,0
39623,25739,0
39624,25739,0
39625,23178,2060
39626,25739,0
39627,25739,0
39628,25739,0
39629,25739,0
39630,25739,0
39631,25739,0
39632,24682,824
39633,25739,0
39634,25739,0
39635,25739,0
39636,25739,0
39637,25739,0
39638,25739,0
39639,24316,1118
39640,25739,0
39641,25739,0
39642,25739,0
39643,25056,528
39644,25739,0
39645,25133,468
39646,22060,3032
39647,25540,152
39648,25261,368
39649,23074,2148
39650,25739,0
39651,25184,428
39652,25676,48
39653,25739,0
39654,25739,0
39655,25739,0
39656,25739,0
39657,25739,0
39658,25739,0
39659,25739,0
39660,25739,0
39661,25739,0
39662,25739,0
39663,25739,0
39664,25739,0
39665,25739,0
39666,25739,0
39667,25739,0
39668,25739,0
39669,25739,0
39670,25739,0
39671,25739,0
39672,25125,474
39673,25739,0
39674,25702,28
39675,25739,0
39676,25739,0
39677,25739,0
39678,25739,0
39679,25739,0
39680,25739,0
39681,25739,0
39682,25739,0
39683,24427,1028
39684,23789,1548
39685,25739,0
39686,25739,0
39687,25739,0
39688,25739,0
39689,25739,0
39690,25739,0
39691,19830,5126
39692,25739,0
39693,25739,0
39694,25739,0
39695,25739,0
39696,25739,0
39697,25739,0
39698,25739,0
39699,25739,0
39700,25739,0
39701,23758,1574
39702,25739,0
39703,25739,0
39704,7206,25024
39705,25739,0
39706,25739,0
39707,25739,0
39708,6943,25756
39709,25739,0
39710,25739,0
39711,22864,2328
39712,20614,4364
39713,25739,0
39714,25739,0
39715,25739,0
39716,25739,0
39717,25739,0
39718,25739,0
39719,25644,72
39720,25707,24
39721,1800,52294
39722,25739,0
39723,24894,656
39724,25739,0
39725,25380,276
39726,25739,0
39727,25739,0
39728,25739,0
39729,25739,0
39730,25739,0
39731,25739,0
39732,25739,0
39733,25739,0
39734,25739,0
39735,25739,0
39736,25739,0
39737,25707,24
39738,20551,4424
39739,22408,2724
39740,25739,0
39741,25739,0
39742,25739,0
39743,25739,0
39744,25739,0
39745,25739,0
39746,17714,7344
39747,23287,1968
39748,25707,24
39749,25739,0
39750,25739,0
39751,25739,0
39752,25739,0
39753,24856,686
39754,25739,0
39755,25739,0
39756,25739,0
39757,25739,0
39758,23573,1728
39759,25739,0
39760,25382,274
39761,24993,578
39762,25739,0
39763,24803,728
39764,25739,0
39765,25739,0
39766,25739,0
39767,25739,0
39768,25739,0
39769,25739,0
39770,23674,1644
39771,25739,0
39772,25739,0
39773,25739,0
39774,25739,0
39775,25739,0
39776,25676,48
39777,25739,0
39778,25739,0
39779,25739,0
39780,24619,874
39781,23804,1536
39782,25739,0
39783,25739,0
39784,25739,0
39785,24752,768
39786,25739,0
39787,25739,0
39788,25739,0
39789,25739,0
39790,24778,748
39791,25739,0
39792,25739,0
39793,25739,0
39794,22841,2348
39795,25174,436
39796,25184,428
39797,25447,224
39798,25739,0
39799,25707,24
39800,25739,0
39801,25739,0
39802,25692,36
39803,25739,0
39804,25739,0
39805,25739,0
39806,25359,292
39807,25739,0
39808,25739,0
39809,25739,0
39810,1591,54716
39811,25426,240
39812,25642,74
39813,25739,0
39814,25739,0
39815,25739,0
39816,25676,48
39817,25739,0
39818,25739,0
39819,25739,0
39820,25739,0
39821,25739,0
39822,25739,0
39823,25676,48
39824,25313,328
39825,25739,0
39826,25739,0
39827,23339,1924
39828,25739,0
39829,23611,1696
39830,25660,60
39831,24542,936
39832,24062,1324
39833,25739,0
39834,25739,0
39835,25676,48
39836,25739,0
39837,25739,0
39838,25739,0
39839,25702,28
39840,22145,2956
39841,25739,0
39842,25739,0
39843,25739,0
39844,25739,0
39845,25739,0
39846,25739,0
39847,25739,0
39848,25739,0
39849,25739,0
39850,6978,25656
39851,25520,168
39852,25739,0
39853,25739,0
39854,25739,0
39855,24803,728
39856,24808,724
39857,25739,0
39858,25739,0
39859,25739,0
39860,25655,64
39861,25613,96
39862,25655,64
39863,25739,0
39864,25062,524
39865,25739,0
39866,25739,0
39867,25739,0
39868,25707,24
39869,25739,0
39870,25629,84
39871,25739,0
39872,24552,928
39873,25313,328
39874,25613,96
39875,25739,0
39876,25739,0
39877,25739,0
39878,25739,0
39879,25739,0
39880,25577,124
39881,22869,2324
39882,25739,0
39883,25739,0
39884,25739,0
39885,25629,84
39886,25739,0
39887,25739,0
39888,25739,0
39889,25739,0
39890,25739,0
39891,25369,284
39892,25739,0
39893,25739,0
39894,25707,24
39895,24866,678
39896,25739,0
39897,25739,0
39898,25739,0
39899,25739,0
39900,25739,0
39901,25739,0
39902,25739,0
39903,25739,0
39904,25603,104
39905,25739,0
39906,25739,0
39907,25739,0
39908,25739,0
39909,25739,0
39910,25739,0
39911,25739,0
39912,25739,0
39913,25739,0
39914,23942,1422
39915,25739,0
39916,22463,2676
39917,25739,0
39918,25739,0
39919,25739,0
39920,25739,0
39921,25739,0
39922,25509,176
39923,25739,0
39924,25739,0
39925,25739,0
39926,25739,0
39927,25406,256
39928,25739,0
39929,25739,0
39930,23609,1698
39931,23220,2024
39932,25739,0
39933,25739,0
39934,25739,0
39935,25739,0
39936,25739,0
39937,25739,0
39938,25739,0
39939,25739,0
39940,25739,0
39941,25739,0
39942,25739,0
39943,25739,0
39944,24038,1344
39945,25739,0
39946,21197,3816
39947,25739,0
39948,25707,24
39949,24934,624
39950,25739,0
39951,25739,0
39952,25739,0
39953,25739,0
39954,25318,324
39955,24929,628
39956,25739,0
39957,25739,0
39958,25739,0
39959,25676,48
39960,25739,0
39961,25739,0
39962,25739,0
39963,25739,0
39964,25739,0
39965,23840,1506
39966,25739,0
39967,25702,28
39968,25739,0
39969,25535,156
39970,25566,132
39971,25739,0
39972,20499,4474
39973,25634,80
39974,25739,0
39975,25115,482
39976,25739,0
39977,25174,436
39978,25447,224
39979,25739,0
39980,25739,0
39981,25739,0
39982,25739,0
39983,25507,178
39984,25739,0
39985,25739,0
39986,25739,0
39987,22957,2248
39988,25739,0
39989,25739,0
39990,25164,444
39991,25739,0
39992,25739,0
39993,25739,0
39994,25739,0
39995,25739,0
39996,25739,0
39997,25739,0
39998,25739,0
39999,25702,28
40000,25739,0
