1,24995,0
2,24995,0
3,24995,0
4,24995,0
5,24995,0
6,24995,0
7,24995,0
8,24998,386
9,24995,0
10,24995,0
11,24995,0
12,24995,0
13,24995,0
14,24995,0
15,24995,0
16,24995,0
17,24999,488
18,24995,0
19,25123,13409
20,24995,0
21,25002,729
22,24995,0
23,24995,0
24,24995,0
25,24995,0
26,24995,0
27,24995,0
28,25017,2331
29,24995,0
30,24995,0
31,24995,0
32,25026,3281
33,24995,0
34,24995,0
35,24995,0
36,24995,0
37,24995,0
38,24995,0
39,24995,0
40,24995,0
41,24995,0
42,24995,0
43,24995,0
44,24995,0
45,24995,0
46,24995,0
47,24995,0
48,24995,0
49,24995,18
50,25094,10409
51,24995,0
52,24995,0
53,24995,0
54,24995,0
55,24995,0
56,24995,0
57,24995,0
58,24995,0
59,24996,159
60,24995,0
61,24995,0
62,24995,0
63,25031,3809
64,24995,0
65,24995,0
66,24995,35
67,24995,0
68,25029,3609
69,24995,0
70,24995,0
71,24995,0
72,24995,0
73,24995,38
74,24995,0
75,24995,0
76,24995,0
77,24995,0
78,24995,0
79,25013,1909
80,24996,109
81,24995,0
82,24995,0
83,25019,2558
84,24995,0
85,25008,1429
86,24995,0
87,24997,259
88,24995,0
89,24995,0
90,24995,0
91,24995,0
92,24995,0
93,24995,0
94,25035,4238
95,24997,265
96,24995,0
97,24995,0
98,24995,0
99,25020,2713
100,24995,0
101,24995,0
102,25020,2618
103,25000,563
104,24995,0
105,24995,0
106,24995,0
107,24995,0
108,24995,0
109,24995,0
110,24995,0
111,24995,0
112,24995,59
113,25001,718
114,24995,0
115,25010,1668
116,25012,1809
117,24995,0
118,24995,0
119,24995,0
120,24995,0
121,24995,0
122,24995,0
123,24995,0
124,24995,0
125,24995,0
126,24995,0
127,24995,0
128,25004,959
129,24995,0
130,24995,0
131,24995,0
132,24995,0
133,25001,709
134,24995,0
135,24995,0
136,24995,0
137,24995,0
138,24995,0
139,24995,0
140,24995,0
141,24995,0
142,24995,0
143,24995,0
144,24995,0
145,24995,0
146,24995,0
147,24995,0
148,24995,0
149,24995,0
150,24995,0
151,24995,0
152,25001,656
153,24995,0
154,24995,0
155,24995,0
156,24995,0
157,24995,0
158,24995,0
159,24995,0
160,24995,0
161,24995,0
162,24995,0
163,25003,849
164,24995,0
165,24995,0
166,24995,0
167,24995,0
168,24995,0
169,24995,79
170,24995,0
171,24995,0
172,24995,0
173,24995,0
174,24995,0
175,24995,0
176,24995,0
177,24995,0
178,24998,383
179,24995,0
180,24995,0
181,24995,0
182,24995,0
183,24995,0
184,24995,0
185,24995,0
186,25003,933
187,24995,0
188,24995,0
189,24995,0
190,24995,0
191,24995,0
192,24999,488
193,24995,0
194,24995,0
195,24995,0
196,24995,0
197,24995,0
198,24995,0
199,24995,0
200,24995,0
201,24995,0
202,24995,33
203,24995,0
204,24995,0
205,24995,0
206,24995,0
207,24995,0
208,24995,0
209,24995,0
210,24995,0
211,24995,0
212,24995,0
213,24995,0
214,24995,0
215,24995,0
216,24995,0
217,24995,0
218,25000,529
219,24995,0
220,24995,0
221,24995,0
222,24995,0
223,24995,0
224,24995,0
225,24995,0
226,24995,0
227,24995,0
228,24995,0
229,24995,0
230,24995,0
231,24995,0
232,24995,0
233,25002,809
234,25104,11424
235,25001,683
236,24995,0
237,24995,0
238,24995,9
239,24995,0
240,24995,0
241,24995,0
242,24995,0
243,24995,0
244,24995,0
245,24995,0
246,24995,0
247,24995,0
248,24995,0
249,24995,0
250,25007,1335
251,24995,0
252,24996,159
253,24995,0
254,24995,0
255,24995,0
256,24995,0
257,24995,0
258,24995,0
259,24995,0
260,24998,363
261,24995,0
262,24995,0
263,24995,0
264,24998,309
265,24995,0
266,24995,0
267,24995,0
268,25261,27878
269,24995,0
270,25009,1509
271,24995,0
272,24995,0
273,24995,13
274,24995,0
275,24995,0
276,24995,0
277,24995,0
278,24995,0
279,24995,0
280,24995,0
281,24995,0
282,24995,0
283,24995,0
284,24995,0
285,24995,0
286,24995,0
287,24995,0
288,24995,0
289,24995,0
290,24995,0
291,24995,0
292,24995,0
293,24995,0
294,24995,0
295,25140,15209
296,24995,0
297,24995,0
298,24995,0
299,24995,0
300,24995,59
301,24995,0
302,24995,0
303,25003,922
304,24995,0
305,24995,0
306,24995,0
307,24995,0
308,24995,0
309,24995,0
310,24995,0
311,24995,0
312,24995,0
313,24995,0
314,24995,0
315,24995,0
316,24995,0
317,24995,0
318,24995,0
319,24995,0
320,24995,0
321,24995,0
322,24995,0
323,24995,0
324,24995,0
325,24995,0
326,24995,0
327,24995,0
328,24995,0
329,24995,0
330,24995,0
331,24995,0
332,24995,0
333,24995,0
334,25478,50259
335,24995,0
336,24995,0
337,24995,0
338,24995,0
339,25020,2653
340,24995,71
341,24995,0
342,24995,0
343,24995,0
344,24995,0
345,25018,2459
346,24995,0
347,24995,0
348,24995,0
349,24995,0
350,24995,0
351,24995,0
352,24995,0
353,24995,0
354,24995,0
355,24995,33
356,24995,0
357,24995,0
358,24995,0
359,24997,229
360,24995,0
361,24995,0
362,24995,0
363,24995,0
364,24995,0
365,24995,0
366,24995,0
367,24995,0
368,25053,6109
369,24998,359
370,24995,0
371,24995,0
372,24997,279
373,24995,0
374,24995,0
375,24995,0
376,24995,0
377,24995,0
378,24995,0
379,24995,0
380,24995,0
381,24995,0
382,24995,0
383,24995,9
384,24995,0
385,25058,6609
386,24995,0
387,24995,0
388,24995,0
389,24995,0
390,24995,0
391,24995,0
392,24995,0
393,24995,0
394,24995,0
395,24995,0
396,24995,0
397,24996,113
398,24995,0
399,24995,0
400,24995,0
401,25001,722
402,24995,0
403,24995,0
404,24995,0
405,24995,0
406,24995,0
407,24995,0
408,24995,0
409,24995,0
410,24995,0
411,24995,0
412,24995,0
413,24995,0
414,24995,0
415,24995,0
416,24995,0
417,24995,0
418,24995,0
419,24995,0
420,24995,0
421,24995,0
422,24995,0
423,24995,0
424,24995,0
425,24995,0
426,24995,0
427,24995,0
428,24995,0
429,24995,0
430,24995,0
431,25008,1367
432,25004,969
433,24995,0
434,24995,0
435,24995,0
436,24995,0
437,24995,0
438,24995,0
439,24999,413
440,24995,49
441,24995,0
442,25000,565
443,24995,0
444,25006,1213
445,25015,2098
446,24995,0
447,24995,0
448,24995,0
449,24995,0
450,24995,0
451,24995,0
452,24995,0
453,25000,618
454,24995,0
455,24995,0
456,24995,0
457,24995,0
458,24995,13
459,24995,0
460,24998,372
461,25028,3559
462,24995,0
463,25004,1033
464,24995,0
465,25537,56409
466,24998,309
467,24995,0
468,24995,0
469,24995,0
470,24995,0
471,24995,0
472,24997,209
473,24995,0
474,24995,0
475,24995,0
476,24995,0
477,24995,0
478,24995,0
479,24995,0
480,25062,7113
481,24995,0
482,24995,0
483,24995,0
484,24995,0
485,24995,0
486,24995,0
487,24995,0
488,24995,0
489,24996,179
490,24995,0
491,24995,0
492,25017,2309
493,24995,0
494,24995,0
495,24995,89
496,24995,0
497,24995,0
498,24995,0
499,25003,909
500,24995,18
501,24995,0
502,24995,0
503,24995,0
504,24995,0
505,24995,0
506,24995,0
507,24995,0
508,24995,0
509,24995,0
510,24995,0
511,24995,0
512,24995,0
513,24995,0
514,24995,0
515,24995,0
516,24995,0
517,24995,0
518,24995,0
519,24995,0
520,24995,0
521,24995,0
522,24995,0
523,24995,0
524,24995,0
525,24995,0
526,24995,0
527,24995,0
528,24995,0
529,24995,0
530,25030,3692
531,24995,0
532,24995,0
533,24995,0
534,24995,0
535,24995,0
536,24995,0
537,25056,6409
538,24995,0
539,25009,1556
540,24995,0
541,24995,0
542,24995,0
543,24995,0
544,24995,0
545,24995,0
546,24995,0
547,24995,0
548,24995,0
549,24995,0
550,25016,2246
551,24995,0
552,24995,0
553,24995,0
554,24995,0
555,24995,0
556,24995,0
557,24995,0
558,24995,0
559,24995,0
560,24995,0
561,24998,309
562,24995,0
563,24995,0
564,24995,0
565,24995,0
566,24995,0
567,24995,0
568,25014,2056
569,24995,0
570,25019,2522
571,24995,0
572,24995,0
573,24995,0
574,24995,0
575,25005,1072
576,24995,0
577,24995,9
578,24995,0
579,24995,0
580,24995,0
581,24995,0
582,24995,0
583,24995,0
584,24995,0
585,24995,0
586,24995,0
587,24995,0
588,24999,433
589,24996,179
590,24995,0
591,24995,0
592,25027,3409
593,24995,0
594,24995,0
595,24995,0
596,24995,0
597,24995,0
598,24995,0
599,24998,409
600,24995,0
601,24995,0
602,24995,0
603,24995,0
604,24995,0
605,24995,0
606,24995,0
607,24995,0
608,24996,129
609,24995,0
610,24995,0
611,24995,0
612,24995,0
613,24995,0
614,24995,0
615,24995,0
616,24995,0
617,24998,309
618,25006,1219
619,24995,0
620,24995,0
621,24995,0
622,24995,0
623,25427,45026
624,24995,0
625,24995,0
626,24995,0
627,24995,0
628,24995,0
629,24995,0
630,24995,0
631,25006,1179
632,24995,0
633,24995,0
634,24995,0
635,24995,0
636,24996,109
637,24997,268
638,25000,609
639,24995,0
640,24995,0
641,24995,0
642,24995,0
643,24995,0
644,24995,0
645,24995,0
646,24995,0
647,24995,0
648,24995,0
649,24995,0
650,24995,0
651,24995,0
652,24995,45
653,24995,0
654,24995,0
655,24995,0
656,24995,0
657,24995,0
658,24995,0
659,24995,0
660,24995,0
661,25002,735
662,24995,0
663,25000,613
664,24995,0
665,24995,0
666,24995,0
667,25001,705
668,24995,0
669,24995,0
670,24995,0
671,24995,0
672,25003,918
673,24995,0
674,24995,0
675,24995,0
676,24995,0
677,25070,7858
678,24995,0
679,24995,0
680,24995,0
681,24995,0
682,24995,0
683,24995,0
684,24995,0
685,24995,0
686,24995,0
687,25008,1438
688,24995,0
689,24995,79
690,24995,0
691,24995,0
692,24995,0
693,24995,0
694,24995,0
695,25005,1109
696,24995,0
697,24995,0
698,24995,0
699,24995,0
700,24995,0
701,24995,0
702,24995,0
703,24995,0
704,24995,0
705,24995,0
706,24995,0
707,24995,0
708,24995,0
709,25019,2609
710,24995,0
711,24995,0
712,25012,1809
713,24995,0
714,24995,0
715,24995,0
716,24995,0
717,25014,2013
718,24995,0
719,25001,722
720,24995,0
721,24995,0
722,25004,959
723,24995,0
724,24995,0
725,24995,76
726,24995,0
727,24995,0
728,24995,0
729,24995,0
730,24995,0
731,24995,0
732,24995,0
733,24995,79
734,25113,12418
735,24995,0
736,24995,0
737,24995,0
738,24995,0
739,24995,0
740,25007,1333
741,24995,0
742,24995,0
743,24995,0
744,24995,0
745,24995,0
746,24995,0
747,24995,0
748,24995,0
749,24995,0
750,24995,0
751,24995,0
752,24995,0
753,24995,0
754,25004,959
755,24995,0
756,24995,0
757,24995,0
758,24995,0
759,24995,0
760,24995,0
761,24995,0
762,24995,0
763,24995,0
764,24995,0
765,24995,0
766,24995,0
767,25060,6836
768,24995,0
769,24995,0
770,24995,0
771,24995,0
772,24995,0
773,24995,0
774,24995,0
775,24995,0
776,24996,179
777,24995,0
778,24995,0
779,25003,909
780,24995,0
781,24995,0
782,24995,0
783,24995,0
784,24995,0
785,24995,0
786,24995,0
787,25014,2009
788,24995,0
789,24995,0
790,25061,7008
791,24995,0
792,24995,0
793,24995,0
794,24995,0
795,24995,0
796,24998,372
797,24995,0
798,24995,0
799,24995,0
800,24995,0
801,24995,0
802,24995,0
803,25001,713
804,24995,0
805,24995,0
806,24995,0
807,24995,0
808,24995,0
809,24995,0
810,24995,0
811,24995,0
812,24995,0
813,24995,0
814,24995,0
815,24995,0
816,24995,0
817,24995,0
818,24995,0
819,24995,0
820,24995,0
821,24995,0
822,24996,159
823,24995,0
824,24995,0
825,25011,1686
826,24995,0
827,24995,0
828,24995,0
829,24995,0
830,24995,0
831,24995,0
832,24995,0
833,24995,0
834,24995,0
835,24995,0
836,24995,0
837,24995,0
838,24995,0
839,24995,0
840,24996,149
841,24997,218
842,25031,3798
843,24995,0
844,25051,5943
845,25000,536
846,24995,0
847,24995,0
848,24995,0
849,24995,0
850,24995,73
851,24995,0
852,24995,0
853,24995,0
854,24995,0
855,24995,0
856,25018,2445
857,24995,0
858,24995,0
859,24995,0
860,24995,29
861,24995,0
862,25481,50642
863,24995,0
864,24995,9
865,24995,0
866,24995,0
867,24995,0
868,24998,409
869,24995,0
870,25002,738
871,24995,0
872,24995,0
873,24995,0
874,24995,0
875,24995,0
876,24995,0
877,24995,0
878,24995,0
879,24995,0
880,24995,0
881,24995,0
882,24995,0
883,24995,0
884,25008,1426
885,25011,1709
886,24995,0
887,24995,0
888,24995,0
889,24995,0
890,24995,9
891,25011,1729
892,24995,0
893,24995,0
894,24995,0
895,24995,0
896,24995,0
897,24995,0
898,24995,0
899,25980,101536
900,25022,2921
901,24995,0
902,24995,0
903,24995,0
904,24995,0
905,24995,0
906,24995,0
907,24995,0
908,24996,129
909,24995,0
910,24995,0
911,24995,0
912,25000,609
913,24995,0
914,24995,0
915,24995,0
916,24995,0
917,24995,0
918,24995,0
919,25017,2356
920,24995,0
921,24995,0
922,24995,0
923,25002,809
924,24995,0
925,24995,0
926,24995,0
927,24995,0
928,24997,286
929,24997,229
930,24995,0
931,25002,829
932,24995,0
933,24995,0
934,24995,0
935,24995,0
936,24995,0
937,24995,0
938,24995,0
939,24995,13
940,24998,342
941,24995,0
942,24995,0
943,24995,0
944,24995,0
945,24995,0
946,24995,0
947,24995,0
948,24995,0
949,24995,0
950,24995,0
951,25039,4622
952,24995,0
953,24995,0
954,24995,0
955,24995,0
956,24995,0
957,25025,3218
958,25018,2509
959,25000,613
960,24995,0
961,24995,0
962,24995,0
963,24995,0
964,24995,0
965,24995,0
966,24999,413
967,24995,0
968,24995,0
969,24995,0
970,24995,0
971,24995,0
972,24995,0
973,24995,0
974,24995,0
975,24999,438
976,24995,0
977,24995,0
978,24995,0
979,24995,0
980,24995,0
981,24995,0
982,24995,0
983,24995,0
984,24995,0
985,24995,0
986,24995,0
987,24995,0
988,24995,0
989,24998,383
990,24995,59
991,24995,0
992,24995,0
993,25005,1129
994,24995,0
995,24995,0
996,24995,0
997,24995,0
998,24995,0
999,24995,0
1000,24995,0
1001,24995,0
1002,24995,0
1003,24995,0
1004,24995,0
1005,25047,5468
1006,24995,0
1007,24995,0
1008,24995,0
1009,24995,0
1010,25004,1009
1011,24995,0
1012,24995,0
1013,24995,0
1014,24995,68
1015,25021,2768
1016,24995,0
1017,24995,0
1018,24995,0
1019,24995,0
1020,24995,0
1021,24995,0
1022,24995,0
1023,24995,0
1024,24995,0
1025,24995,0
1026,24995,0
1027,24995,0
1028,24995,0
1029,24995,0
1030,24995,0
1031,24995,0
1032,24995,0
1033,24995,0
1034,24995,0
1035,24995,0
1036,24995,0
1037,24995,0
1038,24995,0
1039,24995,0
1040,24995,0
1041,24995,0
1042,24995,0
1043,24995,0
1044,24995,0
1045,24995,0
1046,24995,0
1047,24995,0
1048,24995,0
1049,24995,0
1050,24995,0
1051,24995,0
1052,24995,9
1053,24995,0
1054,24995,0
1055,24995,0
1056,24995,0
1057,24995,0
1058,24998,383
1059,24995,0
1060,24995,0
1061,24995,0
1062,24995,0
1063,24995,0
1064,24995,0
1065,24995,0
1066,24998,309
1067,24995,0
1068,24995,0
1069,24995,0
1070,24996,129
1071,24995,0
1072,25002,729
1073,24995,0
1074,24995,0
1075,24995,0
1076,24995,0
1077,25003,922
1078,25090,10009
1079,24995,18
1080,24995,0
1081,24995,0
1082,24995,0
1083,24995,0
1084,24995,0
1085,24995,0
1086,25001,680
1087,24995,0
1088,24995,0
1089,24995,0
1090,25216,23156
1091,24995,0
1092,25003,838
1093,24995,0
1094,24995,0
1095,24995,0
1096,24995,0
1097,24995,0
1098,24995,0
1099,24995,0
1100,24995,0
1101,24995,0
1102,24995,0
1103,24995,0
1104,24995,0
1105,24995,0
1106,24995,0
1107,24995,0
1108,24995,0
1109,24995,0
1110,25153,16632
1111,24995,0
1112,24995,0
1113,24995,0
1114,24995,0
1115,24995,0
1116,25743,77413
1117,24995,0
1118,24995,0
1119,24995,0
1120,24997,259
1121,24995,0
1122,24995,0
1123,24995,0
1124,24995,0
1125,24995,0
1126,24995,0
1127,24995,0
1128,24995,0
1129,24995,0
1130,25011,1753
1131,24995,0
1132,24995,0
1133,24995,0
1134,24995,22
1135,24995,0
1136,25011,1709
1137,25008,1459
1138,24995,0
1139,24995,0
1140,24995,0
1141,24995,0
1142,24995,0
1143,25028,3465
1144,24995,0
1145,24995,0
1146,24995,0
1147,24995,0
1148,24995,0
1149,24995,0
1150,24995,0
1151,24995,0
1152,24995,0
1153,25065,7418
1154,24995,0
1155,25008,1447
1156,24995,0
1157,24995,0
1158,24995,0
1159,24995,0
1160,24995,0
1161,24995,0
1162,24995,0
1163,24995,0
1164,24995,0
1165,24995,0
1166,24995,0
1167,25238,25459
1168,25007,1318
1169,24995,0
1170,24995,0
1171,24995,0
1172,24995,0
1173,24995,0
1174,25205,22009
1175,24995,13
1176,24995,0
1177,24995,0
1178,24995,0
1179,24995,0
1180,24995,0
1181,25010,1645
1182,24995,0
1183,24995,0
1184,24995,0
1185,24995,0
1186,24995,0
1187,24995,0
1188,24995,0
1189,24995,0
1190,24995,0
1191,24995,0
1192,24995,9
1193,24999,418
1194,24995,0
1195,24995,9
1196,24995,0
1197,24995,0
1198,24995,0
1199,25014,2076
1200,24995,0
1201,24995,0
1202,24995,0
1203,24995,0
1204,24995,0
1205,24995,0
1206,24995,0
1207,24995,0
1208,24995,0
1209,24995,0
1210,24995,0
1211,24995,0
1212,24995,0
1213,24995,0
1214,24995,0
1215,25010,1572
1216,25005,1128
1217,24995,0
1218,25001,709
1219,24995,0
1220,24995,0
1221,25010,1629
1222,24995,0
1223,24995,0
1224,24995,0
1225,24995,0
1226,24995,0
1227,24995,0
1228,24995,0
1229,24995,0
1230,24995,0
1231,25028,3535
1232,24997,209
1233,24998,329
1234,24995,0
1235,24995,0
1236,24995,0
1237,24995,0
1238,24995,0
1239,25002,809
1240,24995,0
1241,25004,959
1242,24995,0
1243,25002,738
1244,24995,0
1245,24995,0
1246,24995,0
1247,24995,0
1248,24995,0
1249,24995,0
1250,24995,0
1251,24995,0
1252,24995,0
1253,24995,0
1254,24995,29
1255,24995,0
1256,24995,0
1257,24995,0
1258,24995,0
1259,24995,0
1260,25005,1140
1261,24995,0
1262,25006,1249
1263,24995,0
1264,24995,0
1265,24995,0
1266,24995,0
1267,24995,0
1268,24995,0
1269,24995,0
1270,24995,0
1271,24995,0
1272,24995,49
1273,24995,0
1274,24995,0
1275,24995,0
1276,24995,0
1277,24995,0
1278,24998,318
1279,24995,0
1280,24995,0
1281,24995,0
1282,24995,0
1283,24995,0
1284,24995,0
1285,24995,0
1286,24995,0
1287,24995,0
1288,24995,0
1289,24995,0
1290,24995,0
1291,24995,0
1292,24998,379
1293,24995,0
1294,24995,0
1295,24995,0
1296,24995,0
1297,24995,0
1298,24995,0
1299,25010,1629
1300,24995,0
1301,24995,0
1302,24995,0
1303,24995,0
1304,24995,0
1305,24995,0
1306,24995,0
1307,24995,0
1308,24995,0
1309,24995,0
1310,24995,0
1311,24995,0
1312,24995,0
1313,24995,0
1314,24995,0
1315,24995,0
1316,24995,0
1317,25020,2626
1318,24995,0
1319,24995,0
1320,24995,0
1321,24995,0
1322,24995,0
1323,24995,0
1324,24995,0
1325,24995,0
1326,24995,0
1327,24995,0
1328,24995,0
1329,24995,0
1330,24995,0
1331,24995,0
1332,24995,0
1333,24995,0
1334,24995,0
1335,24995,0
1336,24995,0
1337,25013,1985
1338,24997,290
1339,24995,0
1340,24995,0
1341,24995,0
1342,24995,0
1343,24997,259
1344,25014,2009
1345,24995,0
1346,24995,0
1347,24995,0
1348,24995,0
1349,24995,0
1350,24995,0
1351,24999,509
1352,24995,0
1353,24995,0
1354,25016,2209
1355,24995,0
1356,24995,0
1357,24995,0
1358,24995,0
1359,24995,0
1360,24995,0
1361,24995,0
1362,25009,1518
1363,24995,0
1364,24995,0
1365,24995,0
1366,24995,0
1367,24995,26
1368,24995,0
1369,24995,0
1370,24995,0
1371,24995,0
1372,24995,0
1373,24995,0
1374,24995,0
1375,24995,0
1376,24995,0
1377,24995,0
1378,24995,0
1379,24995,0
1380,24995,0
1381,24995,0
1382,24995,0
1383,24995,0
1384,24995,0
1385,24995,0
1386,24995,0
1387,24995,0
1388,24997,209
1389,24995,0
1390,24995,0
1391,24995,0
1392,24995,0
1393,24995,0
1394,24995,0
1395,24995,0
1396,24995,0
1397,24995,0
1398,24995,0
1399,24995,0
1400,24995,0
1401,24995,0
1402,24995,0
1403,25002,809
1404,24995,0
1405,24995,0
1406,24995,0
1407,24996,109
1408,24995,0
1409,24995,0
1410,24995,0
1411,24995,0
1412,24995,0
1413,24995,0
1414,24995,0
1415,24995,0
1416,25013,1918
1417,24995,0
1418,24995,0
1419,24995,0
1420,24995,0
1421,24995,0
1422,24995,0
1423,24995,0
1424,24995,0
1425,24995,0
1426,25019,2609
1427,24995,0
1428,24995,0
1429,24995,0
1430,24995,0
1431,25017,2309
1432,25004,1038
1433,24995,0
1434,24995,0
1435,24995,0
1436,24995,0
1437,24995,0
1438,24998,362
1439,25007,1318
1440,24995,0
1441,24995,0
1442,24995,0
1443,24995,0
1444,24995,0
1445,24995,0
1446,24995,0
1447,25016,2209
1448,25016,2238
1449,24995,0
1450,24995,0
1451,24995,0
1452,24995,0
1453,24995,0
1454,24995,0
1455,24995,0
1456,24995,0
1457,24995,0
1458,24995,0
1459,24995,0
1460,24995,0
1461,24995,0
1462,24995,0
1463,24995,9
1464,24995,0
1465,24995,0
1466,24995,0
1467,24995,0
1468,24995,0
1469,24995,0
1470,24995,0
1471,24995,0
1472,24995,0
1473,24995,0
1474,24995,0
1475,24995,0
1476,24995,0
1477,24995,0
1478,25126,13717
1479,24995,0
1480,24995,0
1481,24995,0
1482,24995,0
1483,24995,0
1484,24995,0
1485,24995,0
1486,24995,0
1487,24995,0
1488,24995,0
1489,24995,0
1490,24995,0
1491,25004,1009
1492,25015,2118
1493,24995,0
1494,24995,0
1495,24995,0
1496,24995,0
1497,24995,0
1498,24995,0
1499,25000,529
1500,24995,0
1501,24995,0
1502,24995,0
1503,24995,0
1504,24995,0
1505,24995,0
1506,24995,0
1507,24995,0
1508,24995,0
1509,24995,0
1510,24995,0
1511,24995,0
1512,24995,0
1513,24995,0
1514,25008,1377
1515,24995,0
1516,24995,0
1517,24995,0
1518,24995,0
1519,24995,0
1520,24995,0
1521,25016,2209
1522,24995,63
1523,24995,0
1524,24995,0
1525,24995,0
1526,24995,0
1527,25000,549
1528,24995,0
1529,24995,0
1530,25005,1109
1531,24995,0
1532,24995,0
1533,24995,0
1534,24995,0
1535,24995,0
1536,24995,0
1537,24996,159
1538,24995,0
1539,24995,0
1540,24995,0
1541,24995,0
1542,24995,0
1543,24995,0
1544,24995,0
1545,24995,0
1546,24995,0
1547,24995,69
1548,24995,0
1549,24995,0
1550,24995,0
1551,24995,0
1552,24995,0
1553,24995,0
1554,24995,0
1555,24995,0
1556,24995,0
1557,24995,0
1558,24995,0
1559,24995,0
1560,24995,0
1561,24999,513
1562,24995,0
1563,24995,0
1564,24995,0
1565,24995,0
1566,24995,0
1567,24995,0
1568,24995,83
1569,24995,0
1570,24995,0
1571,24995,0
1572,24995,0
1573,24995,0
1574,24995,0
1575,24995,0
1576,24995,0
1577,24995,0
1578,24995,0
1579,24995,0
1580,24995,0
1581,24995,0
1582,24995,0
1583,24995,0
1584,24995,0
1585,25042,5009
1586,24995,0
1587,24999,429
1588,24995,0
1589,24995,33
1590,24995,0
1591,24995,0
1592,24995,0
1593,24995,0
1594,24995,0
1595,25003,838
1596,24995,0
1597,24995,0
1598,24997,259
1599,24995,0
1600,24995,0
1601,24995,0
1602,24995,0
1603,24995,0
1604,24995,0
1605,24995,0
1606,24995,0
1607,24995,0
1608,24995,0
1609,25007,1263
1610,24995,0
1611,24995,0
1612,24995,0
1613,24995,0
1614,24995,0
1615,24995,0
1616,24995,0
1617,25010,1629
1618,24995,0
1619,24995,0
1620,24995,0
1621,24995,0
1622,24995,0
1623,24995,0
1624,24995,0
1625,24995,0
1626,24995,0
1627,24995,0
1628,24995,0
1629,24995,0
1630,24998,409
1631,24995,0
1632,24995,0
1633,24995,0
1634,24995,0
1635,24995,0
1636,24995,0
1637,24995,0
1638,24995,0
1639,24995,0
1640,24995,0
1641,24995,0
1642,24995,0
1643,24995,0
1644,24995,0
1645,25004,976
1646,24995,0
1647,25003,909
1648,24995,0
1649,24995,0
1650,24995,0
1651,24995,0
1652,24995,0
1653,24995,0
1654,24995,0
1655,25002,738
1656,24995,0
1657,24995,0
1658,24995,0
1659,24995,22
1660,24995,0
1661,24995,0
1662,24995,0
1663,24995,0
1664,25018,2438
1665,24995,0
1666,24995,0
1667,24997,209
1668,24995,0
1669,24995,51
1670,24995,0
1671,25051,5959
1672,24995,0
1673,24995,0
1674,24995,0
1675,24995,0
1676,24995,0
1677,24995,0
1678,24995,0
1679,24995,0
1680,24995,0
1681,24995,0
1682,24995,0
1683,24995,0
1684,24995,0
1685,24995,0
1686,24995,0
1687,24995,0
1688,24995,0
1689,24995,0
1690,24995,0
1691,24995,0
1692,24995,0
1693,24995,0
1694,24995,0
1695,24995,0
1696,24995,0
1697,24995,0
1698,24995,0
1699,24995,0
1700,24995,0
1701,24995,0
1702,24995,0
1703,24998,313
1704,25000,529
1705,24995,0
1706,24995,0
1707,24995,0
1708,24995,0
1709,24995,0
1710,25019,2538
1711,24995,0
1712,24995,0
1713,24995,0
1714,24995,0
1715,24995,0
1716,24995,0
1717,24995,0
1718,24995,0
1719,25001,722
1720,24995,0
1721,24995,0
1722,24995,0
1723,24995,0
1724,24995,0
1725,24995,0
1726,24999,509
1727,24995,0
1728,25018,2501
1729,24995,0
1730,25001,713
1731,24995,0
1732,24995,0
1733,24995,0
1734,24995,0
1735,24995,0
1736,24995,0
1737,24995,0
1738,24995,0
1739,25019,2599
1740,24995,0
1741,24995,0
1742,24995,0
1743,24995,0
1744,24995,0
1745,24995,0
1746,24995,0
1747,24995,0
1748,24995,0
1749,24995,0
1750,24995,0
1751,24995,0
1752,25238,25483
1753,24995,0
1754,24995,0
1755,24995,0
1756,24995,0
1757,24995,0
1758,24995,0
1759,24995,0
1760,24995,0
1761,24995,0
1762,25008,1359
1763,24995,0
1764,24995,0
1765,24995,0
1766,24995,0
1767,24995,0
1768,24995,0
1769,24995,0
1770,24995,0
1771,24995,0
1772,24995,0
1773,24995,0
1774,24995,0
1775,24995,0
1776,24995,0
1777,24995,0
1778,24995,0
1779,24995,0
1780,24995,0
1781,24995,0
1782,24995,0
1783,24995,0
1784,24995,0
1785,24995,0
1786,25001,629
1787,25000,613
1788,24995,0
1789,24995,0
1790,24995,0
1791,25109,12036
1792,24995,0
1793,24995,0
1794,25006,1218
1795,24995,0
1796,24995,0
1797,24995,0
1798,24995,0
1799,24995,0
1800,24995,0
1801,24995,0
1802,24995,0
1803,24995,0
1804,24995,0
1805,24995,0
1806,24995,0
1807,24995,0
1808,24995,0
1809,24999,435
1810,24995,0
1811,25001,718
1812,24997,209
1813,24995,0
1814,24995,0
1815,24995,0
1816,24995,0
1817,24995,0
1818,24995,0
1819,24995,0
1820,25005,1079
1821,24995,0
1822,25020,2713
1823,24997,209
1824,24995,0
1825,24995,0
1826,24995,0
1827,24995,0
1828,24995,0
1829,24995,0
1830,24995,0
1831,24995,0
1832,24995,0
1833,24995,0
1834,25001,659
1835,24995,0
1836,24995,0
1837,25000,559
1838,24995,0
1839,24995,0
1840,24999,509
1841,24995,0
1842,24995,0
1843,24995,0
1844,24995,0
1845,25003,909
1846,24995,0
1847,24995,0
1848,24995,0
1849,24995,0
1850,24995,0
1851,24995,0
1852,24995,0
1853,25476,50072
1854,24995,0
1855,24995,0
1856,24995,0
1857,24995,0
1858,24995,0
1859,24995,0
1860,24995,0
1861,25016,2252
1862,24995,0
1863,25012,1777
1864,24995,0
1865,24995,0
1866,24995,0
1867,24996,159
1868,24995,0
1869,24995,0
1870,24995,0
1871,24995,0
1872,24995,0
1873,24995,0
1874,24995,0
1875,24995,0
1876,25090,10029
1877,25001,649
1878,24999,418
1879,24995,0
1880,24995,0
1881,24995,0
1882,24995,0
1883,25016,2213
1884,25009,1518
1885,24995,0
1886,24995,0
1887,24995,0
1888,24995,0
1889,24995,0
1890,24995,0
1891,25007,1288
1892,24995,0
1893,24995,0
1894,24995,0
1895,24995,0
1896,24997,222
1897,24995,0
1898,25001,668
1899,25020,2713
1900,25017,2338
1901,24995,0
1902,24995,0
1903,24995,0
1904,24995,0
1905,24995,0
1906,24995,0
1907,25000,568
1908,24995,0
1909,25007,1269
1910,24995,0
1911,24995,0
1912,24995,0
1913,24995,0
1914,24995,0
1915,24995,0
1916,24995,0
1917,24995,0
1918,24995,0
1919,24995,0
1920,24995,0
1921,24995,0
1922,24995,0
1923,24995,0
1924,24995,0
1925,24998,392
1926,24995,0
1927,24995,0
1928,24995,0
1929,24995,0
1930,24995,0
1931,24995,0
1932,24995,0
1933,24995,0
1934,24995,0
1935,24995,0
1936,24995,0
1937,24995,0
1938,25013,1909
1939,24995,0
1940,24995,9
1941,24995,0
1942,24995,79
1943,24995,0
1944,24995,0
1945,24995,0
1946,24995,0
1947,25021,2777
1948,24995,0
1949,24995,0
1950,24995,0
1951,24995,0
1952,24995,0
1953,24999,459
1954,25021,2755
1955,24995,0
1956,24995,0
1957,24995,0
1958,24995,0
1959,24995,0
1960,25001,635
1961,25013,1909
1962,24995,0
1963,24995,0
1964,25002,733
1965,24995,0
1966,24995,0
1967,24995,0
1968,24995,0
1969,24995,0
1970,24995,0
1971,24995,0
1972,24995,0
1973,24995,0
1974,25011,1722
1975,24995,0
1976,24995,0
1977,24995,0
1978,24995,0
1979,25005,1109
1980,24995,0
1981,24995,0
1982,24995,0
1983,24995,0
1984,24995,0
1985,24995,0
1986,24995,0
1987,24995,0
1988,24995,0
1989,24995,0
1990,24995,0
1991,24995,0
1992,24995,0
1993,24995,0
1994,24995,0
1995,24995,0
1996,24995,0
1997,24995,0
1998,24995,0
1999,24995,0
2000,24995,0
2001,24995,0
2002,24995,0
2003,25009,1563
2004,25091,10128
2005,24995,0
2006,24995,0
2007,24995,0
2008,24995,0
2009,24995,0
2010,24995,0
2011,24995,0
2012,24995,0
2013,24995,0
2014,24995,0
2015,24995,0
2016,24995,0
2017,24995,0
2018,24995,0
2019,25002,814
2020,24995,0
2021,25063,7149
2022,24995,0
2023,24995,0
2024,24995,0
2025,24995,0
2026,24995,0
2027,25244,26059
2028,24995,0
2029,24995,0
2030,24995,0
2031,24995,0
2032,24995,0
2033,24995,0
2034,24995,0
2035,24995,0
2036,24995,0
2037,24995,0
2038,24995,0
2039,24995,0
2040,24995,0
2041,24995,0
2042,24995,0
2043,24995,0
2044,24995,0
2045,24995,0
2046,24995,0
2047,24998,359
2048,24999,463
2049,24995,0
2050,24995,0
2051,25014,2029
2052,24995,0
2053,24998,309
2054,24995,0
2055,24995,0
2056,24995,0
2057,24995,0
2058,24995,0
2059,24995,0
2060,24995,0
2061,24995,0
2062,24995,0
2063,24995,0
2064,25013,1951
2065,24995,0
2066,24995,0
2067,24995,0
2068,24995,0
2069,24998,329
2070,24995,0
2071,24995,0
2072,24995,0
2073,24995,0
2074,24995,0
2075,24995,0
2076,24995,0
2077,24995,0
2078,24995,0
2079,24995,0
2080,24995,0
2081,24995,0
2082,24995,0
2083,24995,0
2084,24998,318
2085,24995,0
2086,24995,0
2087,24995,0
2088,24995,0
2089,24995,0
2090,24995,0
2091,24995,0
2092,24995,0
2093,24995,0
2094,24995,0
2095,24995,0
2096,24995,0
2097,24995,0
2098,24995,0
2099,24995,0
2100,24995,0
2101,24995,0
2102,25007,1318
2103,24995,0
2104,24995,0
2105,24995,0
2106,24995,0
2107,24995,0
2108,24995,0
2109,24995,0
2110,24995,0
2111,24997,209
2112,25004,986
2113,24995,0
2114,25192,20618
2115,24995,0
2116,24995,0
2117,24995,0
2118,24995,0
2119,24995,13
2120,24995,0
2121,24995,0
2122,24995,0
2123,24995,0
2124,24995,0
2125,24995,0
2126,24995,0
2127,24995,0
2128,24995,0
2129,24995,0
2130,24995,0
2131,24995,0
2132,24995,0
2133,24995,0
2134,24995,0
2135,24995,0
2136,24995,0
2137,24995,0
2138,25006,1151
2139,24995,0
2140,25009,1525
2141,25205,21976
2142,24995,0
2143,24995,0
2144,24995,0
2145,24995,0
2146,24995,0
2147,24995,0
2148,24995,0
2149,24995,0
2150,24995,0
2151,24995,0
2152,24995,0
2153,24995,0
2154,24995,0
2155,24995,0
2156,24995,0
2157,25037,4409
2158,24995,0
2159,24995,0
2160,24995,0
2161,24995,0
2162,25000,618
2163,24995,0
2164,24995,0
2165,24995,0
2166,24995,0
2167,24995,0
2168,24995,0
2169,24995,0
2170,24995,0
2171,24995,0
2172,24995,0
2173,24995,0
2174,24995,0
2175,24995,0
2176,24995,29
2177,24995,0
2178,24995,0
2179,24995,0
2180,24995,0
2181,24995,0
2182,24995,0
2183,24995,0
2184,25002,813
2185,24995,0
2186,24995,0
2187,24995,0
2188,24995,0
2189,24995,0
2190,24995,0
2191,24995,0
2192,24995,0
2193,24999,438
2194,24995,0
2195,24995,0
2196,24995,0
2197,25037,4459
2198,24995,0
2199,24995,0
2200,24995,0
2201,24995,18
2202,24995,0
2203,24995,0
2204,24995,0
2205,24995,0
2206,24995,0
2207,24995,0
2208,24995,0
2209,24995,0
2210,24995,0
2211,24995,0
2212,24995,0
2213,24995,0
2214,24995,0
2215,24995,0
2216,24995,0
2217,24995,0
2218,24995,0
2219,24995,0
2220,24995,0
2221,25007,1338
2222,24995,0
2223,25272,28944
2224,24995,0
2225,24995,0
2226,24995,0
2227,24995,0
2228,24995,0
2229,24995,0
2230,24998,388
2231,24997,233
2232,24995,0
2233,24995,0
2234,24995,0
2235,24995,0
2236,25648,67713
2237,24995,0
2238,24995,0
2239,24995,0
2240,24995,0
2241,24995,0
2242,24995,0
2243,24995,0
2244,24995,0
2245,24995,0
2246,24995,0
2247,24995,0
2248,24995,0
2249,24995,0
2250,24995,0
2251,24995,0
2252,24995,0
2253,24995,0
2254,24998,353
2255,24995,0
2256,24995,0
2257,25042,4929
2258,24995,0
2259,24995,0
2260,24995,0
2261,24995,0
2262,24995,0
2263,24995,0
2264,25002,813
2265,24995,0
2266,24995,0
2267,25014,2052
2268,24995,0
2269,24995,0
2270,24995,0
2271,25248,26438
2272,25010,1668
2273,24995,0
2274,24995,0
2275,24999,433
2276,24995,0
2277,24995,0
2278,24995,0
2279,24995,0
2280,24995,0
2281,25242,25909
2282,24995,0
2283,24995,0
2284,24995,0
2285,24995,0
2286,24995,0
2287,24995,0
2288,24995,0
2289,24995,0
2290,24995,0
2291,25083,9256
2292,24995,0
2293,24995,0
2294,24995,0
2295,24995,0
2296,24995,0
2297,24997,279
2298,25007,1309
2299,24995,0
2300,24995,0
2301,24995,0
2302,24995,0
2303,24995,0
2304,24995,0
2305,24995,0
2306,24996,142
2307,24995,0
2308,24995,0
2309,24995,0
2310,24995,0
2311,24995,0
2312,25240,25618
2313,24995,0
2314,24995,0
2315,24995,0
2316,24995,0
2317,24995,0
2318,24995,0
2319,24998,409
2320,24995,0
2321,24995,0
2322,24995,0
2323,24995,0
2324,24995,0
2325,24995,0
2326,24995,0
2327,24995,0
2328,24995,0
2329,24995,0
2330,24995,0
2331,24995,0
2332,24995,0
2333,24995,0
2334,24995,9
2335,25003,909
2336,24995,0
2337,24995,0
2338,24995,0
2339,24995,0
2340,24995,0
2341,24995,0
2342,24995,0
2343,24995,0
2344,24995,0
2345,24995,0
2346,24995,0
2347,24995,0
2348,24995,0
2349,24995,0
2350,24995,0
2351,24995,0
2352,24995,0
2353,25009,1529
2354,24995,0
2355,24995,0
2356,24995,0
2357,24995,0
2358,24995,0
2359,24995,0
2360,24995,0
2361,24995,0
2362,24995,0
2363,24995,0
2364,24995,0
2365,25009,1522
2366,24995,0
2367,24998,322
2368,24995,0
2369,24995,0
2370,24995,0
2371,24995,0
2372,24995,0
2373,24999,449
2374,24996,110
2375,24995,0
2376,24995,0
2377,24995,0
2378,24995,0
2379,24999,508
2380,24995,0
2381,24995,0
2382,24995,0
2383,24995,0
2384,24995,0
2385,24995,0
2386,24995,0
2387,25060,6858
2388,24995,0
2389,25003,833
2390,24995,0
2391,24995,0
2392,24995,13
2393,24995,0
2394,24995,0
2395,24995,0
2396,24995,0
2397,25090,10009
2398,24995,9
2399,24995,0
2400,24995,0
2401,24995,0
2402,24997,209
2403,24995,0
2404,24995,0
2405,24995,0
2406,24995,0
2407,24995,0
2408,24995,0
2409,24995,0
2410,24995,0
2411,24995,0
2412,25011,1723
2413,24995,0
2414,24995,0
2415,24995,0
2416,24995,0
2417,24995,0
2418,24995,0
2419,24997,288
2420,25001,713
2421,24995,0
2422,24995,0
2423,24995,0
2424,24995,0
2425,24995,0
2426,24995,0
2427,24995,0
2428,25015,2168
2429,24995,0
2430,24995,0
2431,24995,0
2432,24995,0
2433,24995,0
2434,24995,0
2435,24995,0
2436,24995,0
2437,24995,0
2438,24995,0
2439,24995,0
2440,25000,576
2441,24995,0
2442,24995,0
2443,25014,2009
2444,24995,0
2445,24995,0
2446,24995,0
2447,24995,0
2448,24995,0
2449,24995,0
2450,24995,0
2451,24995,0
2452,25008,1365
2453,24995,0
2454,25024,3068
2455,24995,0
2456,24995,0
2457,24995,9
2458,24995,0
2459,24995,0
2460,24995,0
2461,24995,0
2462,24995,0
2463,24996,159
2464,24995,0
2465,24995,0
2466,24995,0
2467,24995,0
2468,25475,50009
2469,24995,0
2470,24997,259
2471,24995,0
2472,24995,0
2473,24995,0
2474,24995,0
2475,24995,0
2476,24995,0
2477,24995,0
2478,24995,0
2479,24995,0
2480,24995,0
2481,24995,0
2482,24995,0
2483,24995,0
2484,24995,0
2485,24995,0
2486,24995,0
2487,24995,0
2488,24995,0
2489,24997,209
2490,24995,0
2491,24995,0
2492,24995,0
2493,24995,0
2494,24995,0
2495,25012,1845
2496,25002,738
2497,24995,0
2498,24997,229
2499,24995,0
2500,25014,2009
2501,24995,0
2502,25005,1103
2503,24995,0
2504,24995,0
2505,25002,827
2506,25003,906
2507,25004,1009
2508,24995,0
2509,24995,0
2510,24995,0
2511,24995,0
2512,24995,0
2513,24995,0
2514,24995,0
2515,24995,0
2516,24995,0
2517,24995,0
2518,24995,0
2519,24995,0
2520,24995,9
2521,24995,0
2522,24995,0
2523,24995,0
2524,24995,0
2525,24995,0
2526,24995,0
2527,24995,0
2528,24995,0
2529,24995,0
2530,24995,0
2531,24995,0
2532,25073,8233
2533,24995,0
2534,24995,0
2535,24995,0
2536,24995,0
2537,24995,0
2538,24995,0
2539,24995,0
2540,24995,0
2541,24995,0
2542,24996,158
2543,24995,0
2544,24995,0
2545,24995,0
2546,24995,0
2547,25311,32997
2548,24995,0
2549,24995,0
2550,24995,0
2551,24995,0
2552,24995,0
2553,24995,0
2554,24995,0
2555,24995,0
2556,24995,0
2557,24995,9
2558,24995,0
2559,24995,0
2560,24995,0
2561,24995,0
2562,24995,0
2563,24995,0
2564,24995,0
2565,24995,0
2566,25234,25049
2567,24995,0
2568,24995,0
2569,24995,0
2570,24995,0
2571,24995,0
2572,24995,0
2573,24995,0
2574,24995,0
2575,24995,0
2576,25009,1509
2577,24997,303
2578,24995,0
2579,24995,0
2580,24995,0
2581,24995,0
2582,24995,0
2583,24995,0
2584,24995,0
2585,24995,59
2586,24995,0
2587,24995,0
2588,24995,0
2589,24998,326
2590,24995,0
2591,24995,0
2592,24995,0
2593,24995,0
2594,24995,0
2595,24995,0
2596,24995,0
2597,25048,5559
2598,24995,0
2599,24995,0
2600,24995,0
2601,24995,0
2602,24995,0
2603,24995,0
2604,24995,0
2605,24995,0
2606,24995,0
2607,24995,0
2608,24995,0
2609,24995,0
2610,24995,0
2611,24995,0
2612,24995,0
2613,24995,0
2614,25006,1238
2615,24995,0
2616,24995,0
2617,24995,0
2618,24995,0
2619,24995,0
2620,24995,0
2621,24995,0
2622,24995,36
2623,24995,0
2624,24995,0
2625,24995,0
2626,24995,0
2627,24995,0
2628,24995,0
2629,24995,0
2630,24995,0
2631,24995,0
2632,24995,0
2633,24995,0
2634,24995,0
2635,24995,0
2636,24995,0
2637,24995,0
2638,24995,0
2639,24995,0
2640,25001,668
2641,24995,0
2642,24995,0
2643,24995,0
2644,24995,0
2645,24995,0
2646,25023,3009
2647,24995,0
2648,24995,0
2649,24995,0
2650,25019,2535
2651,24995,0
2652,24995,0
2653,25003,922
2654,24995,0
2655,24995,0
2656,24995,0
2657,24995,0
2658,24995,0
2659,24995,0
2660,24995,0
2661,24995,0
2662,24995,0
2663,24995,0
2664,24995,0
2665,24995,0
2666,24995,0
2667,24995,0
2668,24995,0
2669,24995,0
2670,25016,2209
2671,24995,0
2672,25074,8365
2673,24995,0
2674,24995,0
2675,24995,0
2676,24995,0
2677,24995,0
2678,24995,0
2679,24998,322
2680,24995,0
2681,24995,0
2682,24998,409
2683,24995,0
2684,24995,0
2685,25004,1022
2686,24995,0
2687,24995,0
2688,24995,0
2689,24995,0
2690,24996,109
2691,24995,0
2692,24995,0
2693,24995,0
2694,24995,0
2695,24995,0
2696,24995,0
2697,24995,0
2698,24995,0
2699,24995,0
2700,24995,0
2701,24995,0
2702,24995,0
2703,24995,0
2704,24995,0
2705,25003,929
2706,25001,659
2707,24995,0
2708,24995,0
2709,24995,0
2710,24995,0
2711,24995,0
2712,24995,0
2713,25001,695
2714,24995,0
2715,24995,0
2716,24995,0
2717,24995,0
2718,24995,0
2719,24995,0
2720,24995,0
2721,24995,0
2722,24997,209
2723,24995,0
2724,24995,0
2725,24995,0
2726,24995,0
2727,24995,0
2728,24995,0
2729,24995,0
2730,24995,0
2731,24995,0
2732,24995,0
2733,24995,0
2734,24995,0
2735,24995,0
2736,24995,0
2737,24995,0
2738,24995,0
2739,24995,0
2740,24995,0
2741,24995,0
2742,24995,0
2743,24995,0
2744,24995,0
2745,24995,0
2746,25011,1738
2747,25002,768
2748,24995,0
2749,24995,0
2750,24995,0
2751,24995,0
2752,24995,0
2753,24995,0
2754,24995,0
2755,24995,0
2756,24995,0
2757,24995,0
2758,25238,25409
2759,24995,0
2760,24995,0
2761,24995,0
2762,24995,0
2763,24995,0
2764,24995,0
2765,24995,0
2766,24998,309
2767,24995,0
2768,24995,0
2769,24995,0
2770,24995,0
2771,25007,1309
2772,24995,0
2773,24996,122
2774,25025,3209
2775,25002,809
2776,24995,0
2777,24995,0
2778,24995,0
2779,24995,0
2780,24995,0
2781,24995,0
2782,24995,0
2783,24995,0
2784,24995,0
2785,24995,0
2786,24995,0
2787,24995,0
2788,24995,0
2789,24995,0
2790,24995,0
2791,24995,0
2792,24995,0
2793,24995,0
2794,24995,0
2795,25003,869
2796,25023,2959
2797,25011,1730
2798,24995,0
2799,24995,0
2800,24995,0
2801,24995,0
2802,24995,0
2803,24995,0
2804,24995,0
2805,24995,0
2806,24995,0
2807,24995,0
2808,24995,0
2809,24995,0
2810,24995,0
2811,24995,0
2812,24995,0
2813,25006,1209
2814,24995,0
2815,24995,0
2816,24995,0
2817,24995,0
2818,24995,0
2819,24995,0
2820,24995,0
2821,24995,0
2822,24995,0
2823,24995,0
2824,24995,0
2825,24995,0
2826,24995,0
2827,24995,0
2828,24995,0
2829,24995,0
2830,24995,0
2831,24995,0
2832,24995,0
2833,24995,0
2834,24995,0
2835,24995,0
2836,24995,0
2837,24995,0
2838,24995,0
2839,24995,0
2840,24995,0
2841,24995,0
2842,24995,0
2843,24995,0
2844,24995,0
2845,24995,0
2846,25015,2122
2847,25010,1569
2848,24995,0
2849,24995,0
2850,24995,0
2851,24995,0
2852,24995,0
2853,24995,0
2854,24995,0
2855,24995,0
2856,24995,0
2857,24995,0
2858,24995,0
2859,24995,0
2860,24995,0
2861,24999,422
2862,24995,0
2863,24995,0
2864,24995,0
2865,24995,0
2866,24995,0
2867,24998,359
2868,24995,0
2869,24995,0
2870,24995,0
2871,24995,0
2872,24995,0
2873,24995,0
2874,24995,0
2875,24995,0
2876,24995,0
2877,24995,0
2878,24995,0
2879,24995,0
2880,24995,0
2881,24995,0
2882,24995,0
2883,24995,0
2884,24995,0
2885,24995,0
2886,24995,0
2887,24995,0
2888,24995,0
2889,24995,0
2890,24995,0
2891,24995,0
2892,24995,0
2893,24996,109
2894,24995,0
2895,24995,0
2896,24995,0
2897,24995,0
2898,24995,0
2899,24995,0
2900,24995,0
2901,24995,0
2902,24995,0
2903,24995,0
2904,25016,2245
2905,24995,0
2906,24995,0
2907,24995,0
2908,25002,727
2909,24995,0
2910,25096,10609
2911,24995,0
2912,24995,0
2913,24995,0
2914,24995,0
2915,24995,0
2916,24995,0
2917,24995,0
2918,24995,0
2919,24995,0
2920,24995,0
2921,24995,0
2922,25010,1613
2923,24995,0
2924,24995,0
2925,25005,1077
2926,25000,563
2927,24995,0
2928,24997,209
2929,24995,0
2930,24995,0
2931,24995,0
2932,24995,0
2933,24995,0
2934,24995,0
2935,24995,0
2936,24995,0
2937,24995,0
2938,24995,0
2939,24995,0
2940,24995,0
2941,24995,0
2942,24995,0
2943,25119,13009
2944,24995,0
2945,24995,0
2946,24995,9
2947,24995,13
2948,24995,0
2949,24995,0
2950,24995,0
2951,24995,0
2952,24995,0
2953,24995,0
2954,24995,0
2955,24995,0
2956,24995,0
2957,25002,759
2958,24995,0
2959,24996,109
2960,24995,0
2961,24995,0
2962,24995,0
2963,24997,263
2964,24995,0
2965,24995,0
2966,24995,0
2967,24995,0
2968,24995,0
2969,24995,0
2970,24995,0
2971,24995,0
2972,24995,0
2973,24995,0
2974,25008,1397
2975,24995,0
2976,24995,0
2977,25105,11579
2978,24995,0
2979,24995,0
2980,24995,0
2981,24996,109
2982,24995,0
2983,24995,0
2984,24995,0
2985,24995,0
2986,24995,0
2987,24995,0
2988,24995,0
2989,25003,885
2990,24995,9
2991,24995,0
2992,24995,0
2993,24995,0
2994,24995,0
2995,24995,0
2996,24995,0
2997,24995,0
2998,24995,0
2999,24995,0
3000,24995,0
3001,24995,0
3002,24995,0
3003,24995,0
3004,24995,0
3005,24995,0
3006,24995,0
3007,24995,0
3008,24995,0
3009,24995,0
3010,25035,4202
3011,24995,0
3012,24995,0
3013,24995,0
3014,25015,2147
3015,24995,0
3016,25002,822
3017,24997,211
3018,24995,0
3019,24995,0
3020,24995,0
3021,24995,0
3022,24995,0
3023,24995,0
3024,24995,0
3025,24995,0
3026,24995,0
3027,24995,0
3028,25000,545
3029,24995,0
3030,24995,0
3031,25005,1136
3032,24995,0
3033,24995,0
3034,24997,288
3035,24995,0
3036,24995,0
3037,24995,0
3038,24995,0
3039,24995,0
3040,25008,1418
3041,24995,0
3042,24995,0
3043,24995,0
3044,24995,0
3045,24995,0
3046,24995,0
3047,24995,0
3048,25505,53081
3049,24995,0
3050,24995,0
3051,24995,0
3052,25237,25368
3053,24995,0
3054,24995,0
3055,24995,0
3056,24995,0
3057,24995,0
3058,24995,0
3059,24995,0
3060,25004,963
3061,24995,0
3062,24995,0
3063,24995,0
3064,25012,1809
3065,24995,0
3066,24995,0
3067,24995,0
3068,25014,2009
3069,24995,0
3070,24995,0
3071,24995,0
3072,24995,0
3073,24995,0
3074,24995,0
3075,24999,435
3076,24995,0
3077,24995,13
3078,24995,0
3079,24995,0
3080,24995,0
3081,24995,0
3082,24995,0
3083,24995,0
3084,24995,0
3085,24995,0
3086,25000,518
3087,24995,0
3088,24995,0
3089,24995,0
3090,24995,0
3091,24995,0
3092,24995,0
3093,25011,1709
3094,24995,0
3095,24995,0
3096,24995,0
3097,24995,0
3098,24995,0
3099,24995,0
3100,24995,0
3101,24995,0
3102,25040,4818
3103,24995,0
3104,25001,638
3105,24995,0
3106,24995,0
3107,25411,43427
3108,24995,0
3109,24995,0
3110,24995,0
3111,24995,0
3112,24995,0
3113,24995,0
3114,24995,0
3115,24995,0
3116,24995,0
3117,24995,0
3118,24995,0
3119,24995,0
3120,24995,0
3121,24995,0
3122,24995,0
3123,24995,0
3124,24995,0
3125,24995,0
3126,24995,0
3127,24995,0
3128,24995,0
3129,24995,0
3130,24995,0
3131,25035,4226
3132,24995,0
3133,24995,0
3134,24999,413
3135,25006,1213
3136,25028,3513
3137,24995,0
3138,24995,0
3139,24999,509
3140,24995,0
3141,24995,0
3142,24995,0
3143,24999,468
3144,24995,0
3145,24995,0
3146,24995,0
3147,24995,0
3148,24995,0
3149,24995,0
3150,24995,0
3151,24995,0
3152,24995,0
3153,24995,0
3154,24995,0
3155,24995,0
3156,24995,0
3157,24995,0
3158,24995,0
3159,24995,0
3160,24995,0
3161,24995,0
3162,24995,0
3163,24995,0
3164,24995,0
3165,24995,0
3166,24995,0
3167,24995,0
3168,24995,0
3169,24995,0
3170,24995,0
3171,24995,0
3172,24995,29
3173,25047,5518
3174,24995,0
3175,24995,29
3176,24995,0
3177,24995,0
3178,24995,9
3179,24995,0
3180,24995,0
3181,24995,0
3182,24995,0
3183,24995,0
3184,24995,0
3185,24995,0
3186,24995,0
3187,24995,0
3188,25092,10229
3189,24995,0
3190,24999,413
3191,24995,0
3192,24995,0
3193,24998,409
3194,25003,838
3195,24995,0
3196,24995,0
3197,24995,0
3198,24995,0
3199,24995,0
3200,24995,0
3201,24995,0
3202,24995,0
3203,24995,0
3204,24995,0
3205,24995,0
3206,24995,0
3207,24995,0
3208,24995,0
3209,25006,1213
3210,24995,0
3211,24995,0
3212,24995,0
3213,24995,0
3214,24995,0
3215,24995,0
3216,25006,1213
3217,24995,0
3218,25076,8494
3219,25018,2415
3220,24995,0
3221,24995,0
3222,24995,0
3223,24995,0
3224,24995,0
3225,24995,0
3226,24995,0
3227,24995,0
3228,24995,0
3229,24995,0
3230,24995,0
3231,24995,0
3232,24995,0
3233,24995,0
3234,24995,0
3235,24995,0
3236,24995,0
3237,24995,0
3238,24995,0
3239,24995,0
3240,24995,0
3241,24995,0
3242,24995,0
3243,24995,0
3244,24995,0
3245,24995,0
3246,24995,0
3247,25054,6209
3248,25013,1942
3249,24997,209
3250,24995,0
3251,24995,0
3252,24995,0
3253,24995,0
3254,24995,0
3255,24995,0
3256,24995,0
3257,24995,0
3258,24995,0
3259,24995,0
3260,24995,0
3261,24995,0
3262,24999,509
3263,24995,0
3264,24995,0
3265,24995,0
3266,24995,0
3267,24995,0
3268,24995,0
3269,25083,9298
3270,25018,2509
3271,24995,0
3272,24995,0
3273,24995,0
3274,24995,0
3275,24995,0
3276,24995,0
3277,24995,0
3278,24995,0
3279,24995,0
3280,24995,0
3281,24995,0
3282,24995,0
3283,24995,0
3284,24995,0
3285,24995,0
3286,24995,0
3287,24995,0
3288,24995,0
3289,24995,0
3290,24995,0
3291,25032,3896
3292,24995,0
3293,24995,0
3294,25061,7009
3295,24995,0
3296,24995,0
3297,24995,0
3298,24995,0
3299,24995,0
3300,24995,0
3301,24995,0
3302,24998,322
3303,24995,0
3304,24995,0
3305,24995,0
3306,24995,0
3307,25025,3218
3308,24995,0
3309,24995,0
3310,24995,0
3311,25001,718
3312,24995,0
3313,24996,109
3314,24995,0
3315,24995,0
3316,24995,0
3317,24995,0
3318,24995,0
3319,24995,0
3320,24998,409
3321,24995,0
3322,25011,1764
3323,24995,0
3324,24995,0
3325,24995,0
3326,24995,0
3327,24995,0
3328,24995,0
3329,24995,0
3330,24995,0
3331,24995,0
3332,24995,0
3333,24995,0
3334,24995,0
3335,24995,0
3336,24995,0
3337,24995,0
3338,25020,2669
3339,24995,0
3340,24996,170
3341,24995,0
3342,24995,0
3343,24995,0
3344,24995,0
3345,24995,0
3346,24999,459
3347,24995,0
3348,24995,0
3349,24995,0
3350,24995,9
3351,24995,0
3352,24995,0
3353,24995,0
3354,25001,713
3355,24995,0
3356,24995,0
3357,24998,318
3358,24995,0
3359,24995,0
3360,24995,0
3361,24995,0
3362,24995,0
3363,24995,0
3364,24995,0
3365,24995,0
3366,24995,0
3367,24995,0
3368,24995,0
3369,24995,0
3370,25004,942
3371,24995,0
3372,24995,0
3373,24995,0
3374,24995,0
3375,24995,0
3376,25005,1127
3377,24995,0
3378,25018,2409
3379,24995,0
3380,24995,0
3381,24995,0
3382,24995,0
3383,24995,0
3384,25012,1809
3385,24995,0
3386,24995,0
3387,24995,0
3388,24995,0
3389,24995,0
3390,24995,0
3391,24995,0
3392,24995,0
3393,24995,0
3394,24995,0
3395,24995,0
3396,24995,0
3397,24995,0
3398,24995,0
3399,24995,0
3400,24995,0
3401,24995,0
3402,24995,72
3403,24995,0
3404,24995,0
3405,24995,0
3406,25005,1113
3407,24995,0
3408,24995,0
3409,24995,0
3410,24995,0
3411,25002,738
3412,25482,50713
3413,24995,0
3414,24995,0
3415,24995,0
3416,24995,0
3417,24995,0
3418,24995,0
3419,24995,0
3420,24995,0
3421,24995,0
3422,24995,0
3423,24995,0
3424,24997,263
3425,24995,0
3426,24995,0
3427,24995,0
3428,24995,0
3429,24995,0
3430,24995,0
3431,24995,0
3432,25010,1618
3433,24995,0
3434,24995,0
3435,24995,0
3436,24995,0
3437,24995,0
3438,24997,209
3439,24995,0
3440,24995,0
3441,24995,0
3442,24995,0
3443,24995,0
3444,24995,0
3445,24995,0
3446,24995,0
3447,24995,0
3448,24995,0
3449,24995,0
3450,24995,0
3451,24995,0
3452,24995,0
3453,24995,0
3454,25004,1035
3455,24995,0
3456,24995,0
3457,24995,0
3458,24995,0
3459,24995,0
3460,24995,0
3461,24995,0
3462,25041,4848
3463,24995,0
3464,24995,0
3465,24995,0
3466,24995,0
3467,24995,0
3468,24995,0
3469,24995,0
3470,24995,0
3471,24995,0
3472,24995,0
3473,25014,2017
3474,25036,4358
3475,25004,1009
3476,24995,0
3477,24995,0
3478,24995,0
3479,24995,0
3480,24995,0
3481,24995,0
3482,24995,0
3483,24995,0
3484,24995,0
3485,24999,476
3486,24995,0
3487,24995,0
3488,24995,0
3489,25100,11018
3490,24995,0
3491,24995,0
3492,24995,0
3493,24998,329
3494,24995,0
3495,24995,0
3496,24995,0
3497,24995,0
3498,24995,0
3499,24995,29
3500,25010,1599
3501,24995,0
3502,24995,0
3503,24995,0
3504,24995,0
3505,25074,8352
3506,25000,553
3507,24995,0
3508,24995,0
3509,24995,0
3510,24995,0
3511,24995,0
3512,24995,0
3513,24995,0
3514,24995,0
3515,24995,0
3516,24998,390
3517,24995,0
3518,24995,0
3519,24995,0
3520,24995,0
3521,24995,0
3522,24995,0
3523,24995,0
3524,24995,0
3525,24995,0
3526,24995,0
3527,25000,559
3528,24995,0
3529,24995,0
3530,24995,0
3531,24995,0
3532,24995,0
3533,24995,0
3534,24995,0
3535,24995,0
3536,24995,0
3537,25000,529
3538,24995,0
3539,24995,0
3540,24995,0
3541,24995,0
3542,24995,0
3543,24995,0
3544,25001,674
3545,24995,0
3546,24999,449
3547,24995,0
3548,24995,0
3549,24995,0
3550,24995,0
3551,24997,209
3552,24995,0
3553,24999,509
3554,24995,0
3555,24995,0
3556,24995,0
3557,24998,409
3558,24995,0
3559,24995,0
3560,25098,10829
3561,24995,0
3562,24995,0
3563,24995,0
3564,24995,0
3565,24995,0
3566,24995,0
3567,24995,0
3568,24995,0
3569,24995,0
3570,25010,1668
3571,24995,0
3572,24995,0
3573,24995,0
3574,24995,0
3575,24995,0
3576,24995,0
3577,24995,0
3578,24995,0
3579,24995,0
3580,24995,0
3581,24995,0
3582,24995,0
3583,25002,749
3584,24995,0
3585,24995,0
3586,24995,0
3587,24999,468
3588,24995,0
3589,24995,0
3590,24995,0
3591,24995,0
3592,25007,1309
3593,24995,0
3594,24999,509
3595,24995,0
3596,24995,0
3597,24995,0
3598,24995,0
3599,24995,0
3600,24995,0
3601,24995,0
3602,24995,0
3603,24995,0
3604,24997,242
3605,24995,0
3606,24995,0
3607,24995,0
3608,25015,2179
3609,24995,0
3610,24995,0
3611,25011,1736
3612,24995,0
3613,25015,2163
3614,24995,0
3615,24995,0
3616,24995,0
3617,24998,349
3618,24995,38
3619,24995,0
3620,24995,0
3621,24995,0
3622,24995,0
3623,24995,0
3624,24995,0
3625,24995,0
3626,24995,0
3627,24995,0
3628,24999,413
3629,25002,809
3630,24995,0
3631,24995,0
3632,24995,0
3633,24995,0
3634,24995,0
3635,25000,547
3636,24995,0
3637,24995,0
3638,24995,0
3639,24995,0
3640,24995,0
3641,24995,0
3642,24996,168
3643,24995,0
3644,24995,0
3645,24995,0
3646,24995,0
3647,24995,0
3648,24995,13
3649,24995,0
3650,24995,0
3651,24995,0
3652,24995,0
3653,24995,0
3654,24995,0
3655,24995,0
3656,24995,0
3657,24995,0
3658,24998,309
3659,24995,0
3660,24995,0
3661,24995,0
3662,24995,0
3663,24995,0
3664,24995,0
3665,24995,0
3666,24995,0
3667,24995,0
3668,24995,0
3669,24995,0
3670,25001,655
3671,25001,713
3672,25012,1813
3673,24995,79
3674,24995,0
3675,24995,0
3676,24995,0
3677,24995,0
3678,24995,0
3679,24995,0
3680,24995,0
3681,24995,0
3682,24995,0
3683,25003,929
3684,24995,0
3685,24995,0
3686,24995,0
3687,24995,0
3688,24995,0
3689,24995,0
3690,25035,4209
3691,24995,0
3692,24995,0
3693,24995,0
3694,24995,0
3695,24995,0
3696,24995,0
3697,24995,0
3698,24995,0
3699,24995,0
3700,24995,0
3701,24995,0
3702,24995,0
3703,24995,0
3704,24995,0
3705,24995,0
3706,24995,0
3707,24995,0
3708,24995,0
3709,24995,0
3710,24995,0
3711,24995,0
3712,24996,129
3713,24995,0
3714,24995,0
3715,24995,0
3716,24995,0
3717,24997,209
3718,24995,0
3719,24995,0
3720,25030,3668
3721,24995,0
3722,24995,0
3723,24995,0
3724,24995,0
3725,25001,638
3726,24995,0
3727,24995,0
3728,24995,0
3729,24995,0
3730,24995,58
3731,24995,0
3732,24995,0
3733,24995,0
3734,24995,0
3735,24995,0
3736,24995,0
3737,24995,0
3738,24997,259
3739,24995,0
3740,24995,0
3741,24995,0
3742,24995,0
3743,24995,0
3744,24995,0
3745,24995,0
3746,24995,0
3747,24995,0
3748,24995,0
3749,24996,102
3750,24995,9
3751,24995,0
3752,24995,0
3753,24995,0
3754,24995,0
3755,24995,0
3756,24995,0
3757,24995,0
3758,24995,0
3759,24995,0
3760,24995,0
3761,24995,0
3762,24995,0
3763,24995,0
3764,24995,0
3765,24995,0
3766,24995,0
3767,24995,0
3768,24995,0
3769,24995,0
3770,24995,0
3771,24995,0
3772,24995,0
3773,24995,0
3774,25005,1081
3775,24995,0
3776,24995,0
3777,24995,0
3778,24995,0
3779,24996,109
3780,24995,0
3781,24995,0
3782,24995,0
3783,25012,1809
3784,24995,0
3785,24995,0
3786,25079,8818
3787,24995,0
3788,24995,0
3789,24995,0
3790,24995,0
3791,24995,0
3792,25240,25631
3793,24995,0
3794,24995,0
3795,24995,0
3796,24995,0
3797,24995,0
3798,24995,0
3799,24995,0
3800,24995,0
3801,24996,179
3802,24995,0
3803,25005,1109
3804,24995,0
3805,24995,0
3806,24995,0
3807,24995,0
3808,24995,59
3809,24995,0
3810,24995,0
3811,24995,0
3812,24995,0
3813,24995,0
3814,24995,0
3815,24995,0
3816,24995,0
3817,24995,0
3818,24995,0
3819,25005,1059
3820,24995,0
3821,24995,0
3822,24995,0
3823,24995,0
3824,24995,0
3825,24995,0
3826,25005,1062
3827,24995,0
3828,24995,0
3829,24995,0
3830,24995,0
3831,24995,0
3832,25111,12199
3833,24995,0
3834,24995,0
3835,24995,0
3836,24995,59
3837,24995,0
3838,24995,0
3839,24995,0
3840,25001,638
3841,24995,0
3842,24995,0
3843,24998,309
3844,24995,0
3845,25040,4818
3846,24995,0
3847,24995,0
3848,24995,0
3849,24995,0
3850,24995,0
3851,24995,0
3852,24995,0
3853,24995,0
3854,24995,0
3855,24995,0
3856,24995,0
3857,24995,0
3858,25008,1392
3859,24995,0
3860,24995,0
3861,24995,0
3862,24995,0
3863,24995,9
3864,24995,0
3865,24995,0
3866,24995,0
3867,24995,0
3868,24995,0
3869,24995,0
3870,24995,0
3871,24998,409
3872,25004,1026
3873,24995,0
3874,24998,409
3875,24995,0
3876,24995,0
3877,24995,0
3878,24995,0
3879,24995,0
3880,24995,0
3881,24995,0
3882,24995,0
3883,24995,0
3884,24995,0
3885,24995,0
3886,24995,0
3887,24995,0
3888,24995,0
3889,24995,0
3890,24995,0
3891,24995,0
3892,24995,0
3893,24995,0
3894,24995,0
3895,24995,0
3896,24995,0
3897,24995,0
3898,24995,0
3899,24995,0
3900,24995,0
3901,24995,0
3902,24995,0
3903,24995,0
3904,24995,0
3905,24995,0
3906,24995,0
3907,25006,1218
3908,24995,0
3909,24995,0
3910,24995,0
3911,24995,0
3912,24995,0
3913,24995,59
3914,24995,0
3915,25015,2138
3916,24995,0
3917,24995,0
3918,24995,0
3919,24995,0
3920,24995,0
3921,24995,0
3922,24995,0
3923,24995,0
3924,24995,0
3925,24995,0
3926,24995,0
3927,24995,0
3928,24995,0
3929,24995,0
3930,24995,0
3931,24995,0
3932,24995,0
3933,24995,0
3934,24995,0
3935,24995,0
3936,24996,129
3937,24995,0
3938,24995,0
3939,24995,0
3940,24995,0
3941,24995,0
3942,24997,209
3943,24995,0
3944,24995,0
3945,25001,635
3946,24995,0
3947,24995,0
3948,24996,159
3949,24999,413
3950,24995,59
3951,24995,0
3952,24995,0
3953,24995,0
3954,24995,0
3955,24995,0
3956,24995,0
3957,24995,0
3958,24995,0
3959,24995,9
3960,24995,0
3961,24995,0
3962,24995,0
3963,24995,0
3964,24995,0
3965,24995,0
3966,24995,0
3967,24995,0
3968,24995,0
3969,24995,0
3970,24995,0
3971,25007,1322
3972,24995,0
3973,24995,0
3974,24995,0
3975,24995,0
3976,24995,0
3977,24995,0
3978,25004,1018
3979,24995,0
3980,24995,0
3981,24995,0
3982,24995,0
3983,24995,0
3984,24995,0
3985,24995,0
3986,24995,0
3987,24995,0
3988,24995,0
3989,24995,0
3990,24995,0
3991,24996,138
3992,24996,109
3993,25002,829
3994,24995,0
3995,24995,0
3996,24995,0
3997,24995,0
3998,24995,0
3999,24995,0
4000,24999,509
4001,24995,0
4002,24995,0
4003,24995,0
4004,24995,0
4005,24995,0
4006,24995,0
4007,24995,0
4008,24995,0
4009,24995,0
4010,24995,0
4011,24995,0
4012,24995,0
4013,24995,0
4014,24998,309
4015,24995,0
4016,24995,0
4017,24995,0
4018,24995,0
4019,24995,0
4020,24995,0
4021,24995,45
4022,24995,0
4023,24995,0
4024,24995,0
4025,24995,0
4026,24995,0
4027,24998,409
4028,24995,0
4029,24995,0
4030,24995,0
4031,24995,0
4032,24995,0
4033,24995,0
4034,24995,0
4035,24995,0
4036,24995,0
4037,24995,0
4038,24995,0
4039,24995,0
4040,24995,0
4041,24995,0
4042,24995,0
4043,25098,10858
4044,24995,0
4045,24995,0
4046,24996,122
4047,24995,0
4048,24995,0
4049,24995,63
4050,24995,0
4051,24995,0
4052,24995,0
4053,24995,0
4054,24995,0
4055,24995,0
4056,24995,0
4057,24995,0
4058,24995,0
4059,24995,0
4060,24995,9
4061,25011,1709
4062,25013,1909
4063,24995,0
4064,24995,0
4065,24995,0
4066,24995,0
4067,24995,0
4068,24995,0
4069,24995,0
4070,24995,0
4071,25020,2668
4072,24995,0
4073,24995,0
4074,24995,0
4075,24995,0
4076,24995,0
4077,24995,0
4078,24995,0
4079,24995,9
4080,24995,0
4081,25176,19018
4082,24995,0
4083,24995,0
4084,24995,0
4085,24995,0
4086,24995,0
4087,25000,614
4088,24995,0
4089,24995,0
4090,24995,0
4091,24995,0
4092,24995,0
4093,24995,0
4094,24995,0
4095,24995,0
4096,24995,0
4097,24995,0
4098,24995,0
4099,24995,0
4100,24995,0
4101,24995,0
4102,24995,0
4103,24995,0
4104,24995,0
4105,24995,0
4106,24995,0
4107,24995,0
4108,24995,0
4109,25052,6069
4110,24995,0
4111,24995,0
4112,25016,2268
4113,24995,0
4114,24995,0
4115,24995,0
4116,24995,0
4117,24995,0
4118,25006,1159
4119,24995,0
4120,24995,0
4121,24995,0
4122,24995,0
4123,24995,0
4124,24995,0
4125,24995,0
4126,24995,0
4127,24995,0
4128,24995,0
4129,24995,0
4130,24995,0
4131,24995,0
4132,24995,0
4133,24995,0
4134,25015,2109
4135,24995,0
4136,24995,0
4137,24995,0
4138,24995,0
4139,24995,0
4140,24995,0
4141,24995,0
4142,25001,645
4143,24995,0
4144,25014,2018
4145,24995,0
4146,24995,0
4147,24995,0
4148,25012,1809
4149,24995,0
4150,24995,0
4151,24995,0
4152,24996,142
4153,24995,0
4154,24995,0
4155,24995,0
4156,24995,0
4157,24995,0
4158,24995,0
4159,24995,0
4160,25008,1458
4161,24995,0
4162,24995,0
4163,24995,0
4164,24995,0
4165,24995,0
4166,24995,0
4167,24997,209
4168,24995,0
4169,24995,0
4170,24995,0
4171,24995,0
4172,24996,118
4173,24995,0
4174,24995,0
4175,24995,0
4176,24995,0
4177,25010,1609
4178,24995,0
4179,24995,0
4180,24995,0
4181,24995,22
4182,24995,0
4183,24995,0
4184,24995,0
4185,24998,313
4186,24995,0
4187,24995,0
4188,24995,0
4189,24995,0
4190,25007,1263
4191,24995,0
4192,24995,0
4193,24995,0
4194,24995,0
4195,25006,1208
4196,24995,0
4197,24995,0
4198,24995,0
4199,24995,0
4200,24998,309
4201,24995,0
4202,24995,0
4203,24995,0
4204,24995,0
4205,24995,0
4206,24995,0
4207,24995,0
4208,24995,0
4209,24995,0
4210,24995,0
4211,24995,0
4212,24998,329
4213,24995,0
4214,24995,0
4215,24995,0
4216,24995,0
4217,24995,0
4218,24995,0
4219,24995,0
4220,24995,0
4221,24995,0
4222,24995,0
4223,24995,0
4224,24995,0
4225,24995,0
4226,24995,0
4227,24995,0
4228,24995,0
4229,24995,0
4230,24995,0
4231,24995,0
4232,24995,0
4233,24995,0
4234,24995,0
4235,24995,0
4236,24995,0
4237,24995,0
4238,25005,1049
4239,24995,0
4240,24995,0
4241,24995,0
4242,24995,0
4243,24995,0
4244,24995,0
4245,24995,0
4246,24995,0
4247,24995,0
4248,24995,0
4249,24995,0
4250,24995,0
4251,24995,0
4252,24995,0
4253,25012,1829
4254,24995,0
4255,24995,0
4256,24995,0
4257,24995,0
4258,24995,0
4259,24995,0
4260,24995,0
4261,24995,0
4262,24995,0
4263,24995,0
4264,24995,0
4265,25001,679
4266,24995,0
4267,24995,0
4268,24995,0
4269,24995,0
4270,24995,0
4271,25001,709
4272,24995,0
4273,24995,0
4274,24995,0
4275,24995,0
4276,24995,0
4277,24995,0
4278,24995,0
4279,24995,0
4280,24995,0
4281,24999,468
4282,24995,0
4283,25000,563
4284,24995,0
4285,24995,0
4286,24995,0
4287,24995,0
4288,24995,0
4289,24995,0
4290,24995,0
4291,24995,0
4292,24995,0
4293,24995,0
4294,24995,0
4295,24995,0
4296,24995,0
4297,24995,0
4298,24996,113
4299,24995,0
4300,24995,0
4301,24995,0
4302,24998,409
4303,24995,0
4304,24995,0
4305,24995,0
4306,24995,0
4307,24995,9
4308,24995,0
4309,24995,0
4310,24995,0
4311,24995,0
4312,25051,5887
4313,24995,0
4314,24995,0
4315,24995,63
4316,24995,0
4317,24995,0
4318,24995,0
4319,24995,0
4320,24995,0
4321,24995,0
4322,24995,0
4323,24995,0
4324,24995,0
4325,24999,459
4326,25015,2122
4327,25000,559
4328,24995,0
4329,24995,0
4330,24995,0
4331,24995,0
4332,25000,609
4333,24995,0
4334,24995,0
4335,24995,0
4336,24995,0
4337,24995,0
4338,25046,5409
4339,25004,938
4340,24995,0
4341,24995,0
4342,24995,0
4343,24995,0
4344,24995,0
4345,24995,0
4346,24995,0
4347,24995,0
4348,25005,1068
4349,24995,0
4350,25023,3013
4351,25003,856
4352,24995,0
4353,25018,2409
4354,24995,0
4355,24995,0
4356,24995,0
4357,24995,0
4358,24995,0
4359,24995,0
4360,25050,5809
4361,24995,0
4362,24995,0
4363,24995,0
4364,24995,13
4365,25009,1509
4366,24995,0
4367,24995,0
4368,24995,0
4369,24995,0
4370,24995,0
4371,24999,475
4372,24995,0
4373,24995,0
4374,24996,113
4375,24995,0
4376,24995,0
4377,24995,0
4378,24995,0
4379,24995,0
4380,24995,0
4381,24995,0
4382,24995,0
4383,24995,0
4384,24995,0
4385,24995,0
4386,24995,0
4387,24995,0
4388,25012,1838
4389,24995,0
4390,24995,0
4391,24995,0
4392,24995,0
4393,24995,0
4394,24995,0
4395,24995,0
4396,25046,5409
4397,25017,2309
4398,24995,0
4399,25002,809
4400,24995,0
4401,24995,0
4402,24995,0
4403,24995,0
4404,24995,0
4405,24995,0
4406,24995,0
4407,24995,0
4408,24995,0
4409,24995,0
4410,24995,0
4411,24999,459
4412,25019,2568
4413,24995,0
4414,24995,0
4415,24995,0
4416,24995,0
4417,24995,0
4418,24995,0
4419,24995,0
4420,24995,0
4421,24995,0
4422,24995,0
4423,24995,0
4424,24995,0
4425,24995,0
4426,24995,0
4427,25006,1240
4428,24995,0
4429,24997,259
4430,24995,0
4431,24995,0
4432,24995,0
4433,24995,0
4434,24995,0
4435,24995,0
4436,24995,0
4437,24995,0
4438,24995,0
4439,24999,453
4440,24995,0
4441,24995,0
4442,24995,0
4443,24995,0
4444,24995,0
4445,24995,0
4446,24995,0
4447,24995,0
4448,24995,0
4449,24995,0
4450,24995,0
4451,24995,22
4452,24995,0
4453,24995,0
4454,24995,0
4455,24995,53
4456,24995,0
4457,24995,0
4458,24995,18
4459,24995,0
4460,24995,0
4461,25004,1036
4462,24995,0
4463,24995,0
4464,24995,0
4465,24995,0
4466,24995,0
4467,24995,0
4468,24995,0
4469,24998,363
4470,24995,0
4471,24995,0
4472,24995,0
4473,24995,0
4474,24995,0
4475,24995,0
4476,24995,0
4477,24995,0
4478,24995,0
4479,24995,0
4480,25002,813
4481,24995,0
4482,24995,0
4483,24995,0
4484,24995,0
4485,25006,1249
4486,24995,0
4487,24995,0
4488,24995,0
4489,24995,0
4490,24995,0
4491,25005,1109
4492,24995,0
4493,24995,0
4494,24995,0
4495,25014,2009
4496,24995,0
4497,24995,0
4498,24995,0
4499,24995,0
4500,24996,159
4501,24995,0
4502,25012,1785
4503,24995,0
4504,24995,0
4505,24995,0
4506,24995,0
4507,24995,0
4508,24999,509
4509,25007,1329
4510,24996,109
4511,24995,0
4512,25013,1909
4513,24995,0
4514,24995,0
4515,24995,0
4516,24995,0
4517,24995,0
4518,24995,0
4519,24995,0
4520,24995,0
4521,24995,0
4522,24995,0
4523,24995,0
4524,24995,0
4525,24995,0
4526,24995,0
4527,24995,0
4528,24995,0
4529,24995,0
4530,24995,0
4531,24995,0
4532,24995,0
4533,24995,0
4534,24995,0
4535,24995,0
4536,25010,1649
4537,25245,26137
4538,24995,0
4539,24995,0
4540,24995,0
4541,24995,0
4542,24995,0
4543,24995,0
4544,24995,0
4545,24995,0
4546,24995,0
4547,24995,0
4548,24995,0
4549,24995,0
4550,24995,0
4551,24995,0
4552,24995,0
4553,24995,0
4554,24995,0
4555,24995,0
4556,24995,0
4557,25006,1213
4558,24995,0
4559,24995,0
4560,24995,0
4561,25014,2009
4562,24995,0
4563,24995,0
4564,24995,0
4565,24995,0
4566,24995,0
4567,24995,0
4568,24995,0
4569,24995,0
4570,24996,145
4571,24995,0
4572,24995,0
4573,24995,0
4574,24995,0
4575,24995,0
4576,24995,0
4577,24995,0
4578,24995,0
4579,24995,0
4580,24995,0
4581,24995,0
4582,24995,0
4583,24995,0
4584,24995,0
4585,24995,0
4586,24995,0
4587,25008,1436
4588,24995,59
4589,24995,0
4590,24995,0
4591,24995,0
4592,24995,0
4593,24995,0
4594,24995,0
4595,24995,0
4596,24995,0
4597,24995,0
4598,25000,613
4599,25006,1179
4600,24997,218
4601,24995,0
4602,24995,0
4603,25093,10334
4604,24995,0
4605,24995,0
4606,24995,0
4607,24995,0
4608,24995,0
4609,24995,0
4610,24995,0
4611,24995,0
4612,24995,0
4613,24995,0
4614,24995,0
4615,24995,0
4616,24999,429
4617,24995,0
4618,24995,0
4619,24995,0
4620,24995,0
4621,25023,2956
4622,24995,0
4623,24995,0
4624,24995,0
4625,24995,0
4626,24995,0
4627,24995,0
4628,24995,0
4629,24995,0
4630,24995,0
4631,24995,0
4632,24995,0
4633,24995,0
4634,24995,0
4635,25036,4389
4636,24995,0
4637,24995,0
4638,24995,0
4639,24995,0
4640,24995,0
4641,24995,0
4642,24995,0
4643,24995,0
4644,24995,0
4645,24995,0
4646,24995,0
4647,24995,0
4648,24995,0
4649,24995,0
4650,24995,0
4651,24995,0
4652,24995,0
4653,24996,109
4654,24995,0
4655,24995,0
4656,24995,0
4657,24995,0
4658,25028,3538
4659,24995,0
4660,25017,2309
4661,24995,0
4662,24995,0
4663,24995,0
4664,24995,0
4665,24995,0
4666,24995,0
4667,24995,0
4668,24995,0
4669,24995,0
4670,24995,0
4671,24995,0
4672,24995,0
4673,24995,0
4674,24995,0
4675,24995,0
4676,24995,0
4677,24996,112
4678,24998,309
4679,24995,0
4680,24995,0
4681,24995,0
4682,24995,0
4683,24995,0
4684,24995,0
4685,25010,1659
4686,24995,0
4687,24995,0
4688,24995,0
4689,24995,0
4690,24995,0
4691,24995,0
4692,24995,0
4693,24995,0
4694,25016,2218
4695,24995,0
4696,25004,1029
4697,24995,0
4698,24995,0
4699,24995,0
4700,24995,0
4701,24995,0
4702,24995,0
4703,24995,0
4704,24997,268
4705,24995,0
4706,24995,0
4707,24995,0
4708,24995,0
4709,24995,0
4710,24995,0
4711,24995,0
4712,24995,0
4713,24995,0
4714,24995,0
4715,24995,0
4716,24995,0
4717,24997,255
4718,24995,0
4719,24995,0
4720,24995,0
4721,24995,0
4722,24995,0
4723,25022,2849
4724,24995,0
4725,24995,0
4726,25000,559
4727,24998,329
4728,24995,0
4729,24995,0
4730,24995,0
4731,24995,0
4732,24995,0
4733,25045,5259
4734,24995,0
4735,24998,409
4736,24995,0
4737,24995,0
4738,24995,0
4739,25018,2472
4740,24995,0
4741,24995,0
4742,24995,0
4743,24995,0
4744,24995,0
4745,25003,913
4746,24995,0
4747,24995,0
4748,25033,4053
4749,24995,0
4750,24995,0
4751,24995,0
4752,24995,0
4753,24995,0
4754,24995,0
4755,24995,0
4756,24995,0
4757,24995,0
4758,24995,0
4759,24995,0
4760,24995,0
4761,24995,0
4762,24995,0
4763,24995,0
4764,24995,0
4765,24995,0
4766,24998,309
4767,24995,0
4768,24995,0
4769,24995,0
4770,24995,0
4771,24995,0
4772,24995,0
4773,24995,0
4774,24995,0
4775,24995,0
4776,24995,0
4777,24995,0
4778,24995,0
4779,24995,0
4780,24995,0
4781,24995,0
4782,25001,710
4783,24995,0
4784,24995,0
4785,24995,0
4786,24995,0
4787,24995,0
4788,24995,0
4789,24995,0
4790,24995,0
4791,24995,0
4792,25003,859
4793,24995,0
4794,24995,0
4795,24995,0
4796,24995,0
4797,24996,179
4798,24995,0
4799,24995,0
4800,25008,1386
4801,24995,0
4802,24995,0
4803,25000,531
4804,24995,0
4805,24995,0
4806,24995,0
4807,24995,0
4808,25105,11609
4809,24995,0
4810,24995,0
4811,24995,0
4812,24995,0
4813,24995,0
4814,24995,0
4815,24995,0
4816,24995,72
4817,24995,0
4818,24995,0
4819,24995,0
4820,24995,0
4821,24995,0
4822,24995,0
4823,24995,0
4824,24995,0
4825,24995,0
4826,24995,0
4827,24995,0
4828,24995,0
4829,24995,0
4830,24995,0
4831,24995,0
4832,24995,0
4833,24995,0
4834,24995,0
4835,24995,0
4836,24995,0
4837,25122,13331
4838,24995,0
4839,25044,5229
4840,24995,0
4841,24995,0
4842,24995,0
4843,24995,0
4844,24995,0
4845,24995,0
4846,24995,0
4847,25005,1109
4848,24998,409
4849,24995,0
4850,25003,913
4851,25001,713
4852,24995,0
4853,24995,0
4854,25003,926
4855,24995,0
4856,24995,0
4857,24995,0
4858,24995,0
4859,24995,0
4860,24995,0
4861,24995,0
4862,24995,0
4863,24999,509
4864,24995,0
4865,24995,0
4866,24995,0
4867,24995,0
4868,24999,479
4869,24995,0
4870,24995,0
4871,24995,0
4872,24995,0
4873,24995,0
4874,24995,0
4875,24997,219
4876,24995,0
4877,24995,0
4878,25000,563
4879,24995,0
4880,24995,0
4881,25004,983
4882,24995,0
4883,24995,0
4884,25011,1729
4885,24995,0
4886,25018,2459
4887,24995,0
4888,24995,0
4889,24995,0
4890,24995,0
4891,24995,0
4892,25000,559
4893,24995,0
4894,24995,0
4895,24995,0
4896,24995,0
4897,25041,4874
4898,24995,0
4899,24995,0
4900,24995,0
4901,24995,0
4902,24995,0
4903,25006,1209
4904,24995,0
4905,24995,0
4906,24997,222
4907,25000,559
4908,24995,0
4909,24995,0
4910,24995,0
4911,24995,0
4912,24995,0
4913,24995,0
4914,24995,0
4915,25027,3409
4916,24995,0
4917,24995,0
4918,24995,0
4919,24995,0
4920,24995,0
4921,24995,0
4922,24995,0
4923,24995,0
4924,24995,0
4925,24995,0
4926,25000,559
4927,24995,0
4928,24995,0
4929,24995,0
4930,24995,0
4931,24995,0
4932,24995,29
4933,24995,0
4934,25002,759
4935,24995,0
4936,24997,259
4937,24995,0
4938,24995,0
4939,24995,0
4940,24995,0
4941,24995,0
4942,24995,0
4943,24995,0
4944,24995,0
4945,24995,0
4946,24998,308
4947,24995,0
4948,24995,0
4949,24995,0
4950,25004,1033
4951,25007,1322
4952,24995,0
4953,24995,0
4954,24995,0
4955,24995,0
4956,24995,0
4957,24995,0
4958,25995,103009
4959,25003,909
4960,24995,0
4961,24995,0
4962,24995,0
4963,24995,0
4964,24995,0
4965,24999,438
4966,24995,0
4967,24995,0
4968,24995,0
4969,24997,209
4970,25011,1736
4971,24995,0
4972,24995,0
4973,24995,0
4974,24995,0
4975,24995,0
4976,24995,0
4977,25012,1813
4978,24995,0
4979,24995,0
4980,24995,0
4981,24995,0
4982,24995,0
4983,24995,0
4984,24997,229
4985,25004,1018
4986,24995,0
4987,24995,0
4988,24995,0
4989,24995,0
4990,24995,0
4991,24995,0
4992,24995,0
4993,24995,0
4994,24995,0
4995,24995,0
4996,24995,0
4997,24995,0
4998,25008,1438
4999,24995,0
5000,24995,0
5001,24995,0
5002,24995,0
5003,24995,0
5004,24995,0
5005,24995,0
5006,24995,0
5007,24995,0
5008,24995,0
5009,24995,0
5010,24995,0
5011,25013,1909
5012,24995,0
5013,24995,0
5014,24995,0
5015,24995,0
5016,24995,0
5017,24995,0
5018,24995,0
5019,25017,2309
5020,24995,0
5021,24995,0
5022,24995,0
5023,24999,466
5024,24995,0
5025,24995,0
5026,24995,0
5027,24995,0
5028,24995,0
5029,24995,0
5030,24995,0
5031,24997,209
5032,24995,0
5033,24995,0
5034,24995,0
5035,24995,0
5036,25018,2509
5037,24995,0
5038,24995,0
5039,24995,0
5040,24995,0
5041,24995,0
5042,24995,0
5043,24995,0
5044,24995,0
5045,24995,0
5046,24995,0
5047,25001,709
5048,24995,0
5049,24999,459
5050,24995,0
5051,25005,1109
5052,24995,0
5053,24995,0
5054,24996,109
5055,25000,559
5056,24995,0
5057,24995,0
5058,24995,0
5059,24995,0
5060,24995,0
5061,24995,0
5062,25033,4018
5063,24995,0
5064,24995,0
5065,24995,0
5066,24995,0
5067,24995,0
5068,24995,0
5069,25014,2009
5070,24995,0
5071,24995,0
5072,24995,0
5073,24995,0
5074,24995,0
5075,24995,0
5076,24995,0
5077,24995,0
5078,24995,0
5079,24995,0
5080,25025,3182
5081,25003,859
5082,24995,0
5083,24995,0
5084,25014,2066
5085,24995,0
5086,24995,0
5087,24995,0
5088,24995,0
5089,24995,0
5090,24995,0
5091,24995,0
5092,24995,0
5093,24995,0
5094,24995,0
5095,24995,0
5096,24995,0
5097,24995,0
5098,24995,0
5099,24995,0
5100,25025,3233
5101,24995,0
5102,25033,4018
5103,24995,0
5104,24995,0
5105,25005,1109
5106,24995,0
5107,24995,0
5108,24995,0
5109,24995,0
5110,24995,0
5111,24995,45
5112,24995,0
5113,24995,0
5114,24995,0
5115,24995,0
5116,24995,0
5117,24995,0
5118,24995,0
5119,24995,0
5120,24995,0
5121,24995,0
5122,24995,0
5123,25027,3415
5124,24995,0
5125,24995,0
5126,24995,0
5127,24995,0
5128,24995,0
5129,24995,0
5130,24995,0
5131,24995,0
5132,24995,0
5133,25001,629
5134,24995,0
5135,24995,0
5136,25079,8866
5137,24995,0
5138,25059,6789
5139,24995,0
5140,25009,1559
5141,25000,529
5142,24995,0
5143,24995,0
5144,24995,0
5145,24997,209
5146,24995,0
5147,24995,0
5148,24995,0
5149,24995,0
5150,24995,0
5151,24995,0
5152,24995,0
5153,24995,0
5154,24995,0
5155,24995,0
5156,24995,0
5157,24998,368
5158,24995,0
5159,24995,0
5160,24995,0
5161,24995,0
5162,24995,0
5163,24995,0
5164,24995,0
5165,24995,0
5166,24997,209
5167,24995,0
5168,24995,0
5169,24995,0
5170,24995,0
5171,24995,0
5172,24995,0
5173,25000,609
5174,24995,0
5175,24995,0
5176,24995,9
5177,24995,0
5178,24995,0
5179,25000,609
5180,24995,0
5181,24995,0
5182,24995,0
5183,24995,0
5184,24995,0
5185,25018,2472
5186,24995,0
5187,24995,0
5188,24995,0
5189,24995,0
5190,25004,1029
5191,24995,0
5192,24995,0
5193,24995,0
5194,24995,0
5195,25004,1009
5196,24995,0
5197,24995,0
5198,24995,0
5199,24995,0
5200,24995,0
5201,24995,0
5202,24995,0
5203,24995,0
5204,24995,0
5205,24995,0
5206,24995,0
5207,24995,0
5208,24995,0
5209,24995,0
5210,24995,0
5211,24997,209
5212,24995,0
5213,24995,0
5214,24995,0
5215,24995,0
5216,24995,0
5217,24995,0
5218,24995,0
5219,24995,0
5220,24995,0
5221,24995,0
5222,24995,0
5223,24995,0
5224,24995,0
5225,24995,0
5226,24995,0
5227,24995,0
5228,24995,0
5229,24995,0
5230,24995,0
5231,25016,2209
5232,24995,0
5233,24995,0
5234,24995,0
5235,24995,0
5236,24995,0
5237,24995,0
5238,24995,0
5239,24995,0
5240,24995,0
5241,24995,0
5242,24995,0
5243,24995,0
5244,24995,35
5245,24995,0
5246,24995,0
5247,24995,0
5248,24995,0
5249,24995,0
5250,25021,2813
5251,24995,0
5252,25004,1013
5253,24995,0
5254,24995,0
5255,24995,0
5256,24995,0
5257,24995,0
5258,24995,0
5259,25009,1533
5260,24995,0
5261,24995,0
5262,24995,0
5263,24995,0
5264,24995,0
5265,24995,0
5266,24995,0
5267,24995,0
5268,24995,0
5269,24995,0
5270,24995,0
5271,24995,0
5272,24995,0
5273,24995,0
5274,24995,0
5275,25023,2936
5276,24995,0
5277,24995,0
5278,24995,0
5279,24995,0
5280,24995,0
5281,24995,0
5282,24995,0
5283,24995,0
5284,24995,0
5285,24995,0
5286,24995,0
5287,24999,509
5288,24995,0
5289,24995,0
5290,24995,0
5291,24995,0
5292,25013,1959
5293,24997,279
5294,24995,0
5295,24995,0
5296,24995,0
5297,24995,0
5298,24995,0
5299,24995,0
5300,24995,0
5301,25001,629
5302,24995,0
5303,24995,0
5304,24995,0
5305,24995,0
5306,24995,0
5307,24995,0
5308,24995,0
5309,24995,0
5310,24995,0
5311,24995,0
5312,24995,0
5313,25013,1929
5314,24995,0
5315,24995,0
5316,24995,0
5317,24995,0
5318,24995,0
5319,24995,0
5320,24995,0
5321,24995,0
5322,24995,0
5323,24995,0
5324,24999,478
5325,24995,0
5326,24995,0
5327,24995,0
5328,24995,79
5329,24995,0
5330,25138,15072
5331,24995,0
5332,24996,113
5333,25001,698
5334,24995,0
5335,24995,0
5336,24995,0
5337,25017,2309
5338,24995,0
5339,24995,0
5340,24995,0
5341,24995,0
5342,24995,0
5343,25023,3018
5344,25019,2556
5345,24998,368
5346,24998,409
5347,24995,0
5348,24995,0
5349,24995,0
5350,24995,0
5351,24995,0
5352,24995,0
5353,24995,0
5354,25023,3009
5355,24995,0
5356,24997,249
5357,25026,3309
5358,24995,0
5359,24995,0
5360,24995,0
5361,24995,0
5362,24995,0
5363,24995,0
5364,24995,0
5365,24995,0
5366,24995,0
5367,24995,0
5368,24995,0
5369,24995,0
5370,24995,0
5371,24995,0
5372,24995,0
5373,24995,0
5374,24995,0
5375,24995,0
5376,24995,0
5377,24995,0
5378,24995,0
5379,24995,0
5380,25000,535
5381,24995,0
5382,24995,0
5383,24995,0
5384,24995,0
5385,24995,0
5386,24995,0
5387,24995,0
5388,24995,0
5389,24995,0
5390,24995,0
5391,24995,0
5392,25001,629
5393,24995,0
5394,24995,0
5395,24995,0
5396,24995,0
5397,24995,0
5398,24995,0
5399,24995,0
5400,24995,0
5401,24995,0
5402,24995,0
5403,24995,0
5404,24995,0
5405,24995,0
5406,24995,0
5407,24995,0
5408,25002,809
5409,24995,0
5410,24995,0
5411,24995,0
5412,24995,0
5413,24997,209
5414,24995,0
5415,24995,0
5416,25006,1183
5417,24995,0
5418,24996,162
5419,24995,0
5420,24995,0
5421,24995,0
5422,25028,3513
5423,24996,109
5424,24995,0
5425,24995,0
5426,24995,0
5427,24995,0
5428,24995,0
5429,24995,0
5430,25009,1559
5431,24995,0
5432,24995,0
5433,24995,0
5434,24995,0
5435,24995,0
5436,24998,379
5437,24995,0
5438,24995,0
5439,24995,0
5440,24995,0
5441,24995,0
5442,24995,0
5443,24995,0
5444,24995,0
5445,24995,0
5446,25006,1233
5447,24995,0
5448,24997,268
5449,24995,0
5450,24995,0
5451,24995,0
5452,24995,0
5453,24995,0
5454,25011,1729
5455,24995,0
5456,24995,0
5457,25015,2109
5458,24995,0
5459,24995,0
5460,25069,7818
5461,24995,0
5462,24995,0
5463,24995,0
5464,24995,0
5465,24995,0
5466,24998,409
5467,24995,0
5468,24995,0
5469,24996,113
5470,24995,0
5471,24995,0
5472,24995,0
5473,24995,0
5474,24995,0
5475,24995,0
5476,24995,0
5477,24995,0
5478,25001,660
5479,24995,0
5480,24995,0
5481,24995,0
5482,24995,0
5483,24995,0
5484,24995,0
5485,24995,0
5486,24995,0
5487,24995,0
5488,24995,0
5489,24995,0
5490,24995,0
5491,24995,0
5492,24999,413
5493,24995,0
5494,24995,0
5495,24995,0
5496,24995,0
5497,25003,845
5498,24995,0
5499,24995,0
5500,25006,1213
5501,24995,0
5502,24995,0
5503,24995,0
5504,24995,0
5505,24995,0
5506,24995,0
5507,24995,0
5508,24995,0
5509,24995,0
5510,24995,0
5511,24995,0
5512,24995,0
5513,24995,59
5514,25024,3118
5515,24995,0
5516,24995,0
5517,25045,5309
5518,24995,0
5519,24995,0
5520,24995,0
5521,24995,0
5522,24995,0
5523,25007,1309
5524,24995,0
5525,24997,209
5526,24995,0
5527,24995,0
5528,24995,0
5529,24995,0
5530,24995,0
5531,24995,0
5532,24995,0
5533,24995,0
5534,24995,0
5535,25004,1018
5536,24995,0
5537,24995,0
5538,24995,0
5539,24995,0
5540,24995,0
5541,24995,0
5542,24995,0
5543,24995,0
5544,24995,0
5545,24995,0
5546,24995,0
5547,24995,0
5548,24995,0
5549,24995,0
5550,24995,0
5551,25018,2422
5552,24995,0
5553,24995,0
5554,25018,2409
5555,25000,536
5556,24995,0
5557,25045,5309
5558,24995,0
5559,24995,0
5560,24995,0
5561,24995,0
5562,24995,0
5563,24995,0
5564,24995,0
5565,24995,0
5566,24995,0
5567,24995,0
5568,24995,0
5569,24995,0
5570,24995,0
5571,24995,0
5572,24995,0
5573,24995,0
5574,24999,472
5575,24995,0
5576,24995,0
5577,24995,0
5578,25016,2209
5579,24995,0
5580,24995,0
5581,24995,0
5582,24995,0
5583,25006,1153
5584,24995,0
5585,24995,0
5586,24995,0
5587,24995,0
5588,24995,0
5589,24995,0
5590,24995,0
5591,24995,0
5592,24995,0
5593,24995,0
5594,24995,0
5595,25011,1709
5596,25019,2546
5597,24995,0
5598,24995,0
5599,25475,50018
5600,24995,0
5601,24995,0
5602,24995,0
5603,24995,0
5604,24995,0
5605,24995,0
5606,24999,479
5607,24995,0
5608,24995,0
5609,24995,0
5610,24995,0
5611,24995,0
5612,24995,0
5613,24995,0
5614,24995,0
5615,24996,168
5616,24995,0
5617,24995,0
5618,24995,9
5619,24995,0
5620,24995,0
5621,25016,2218
5622,24995,0
5623,24995,0
5624,24995,0
5625,24995,0
5626,24995,0
5627,24995,0
5628,24995,0
5629,24995,0
5630,24995,0
5631,24995,0
5632,24995,0
5633,24995,0
5634,24995,0
5635,24995,0
5636,24995,0
5637,24995,0
5638,25005,1053
5639,24995,0
5640,24995,0
5641,24995,9
5642,24995,0
5643,24995,0
5644,24995,0
5645,24999,413
5646,24995,0
5647,24995,0
5648,24995,0
5649,24995,0
5650,24995,0
5651,24995,0
5652,24995,0
5653,24995,0
5654,24995,0
5655,24995,0
5656,24995,0
5657,24995,0
5658,24995,0
5659,24995,0
5660,24995,0
5661,24995,0
5662,25478,50329
5663,24995,0
5664,24995,0
5665,25007,1349
5666,24995,0
5667,24995,0
5668,24995,45
5669,24995,0
5670,24995,0
5671,24995,0
5672,24995,0
5673,24995,0
5674,24995,0
5675,24995,0
5676,24995,0
5677,24995,0
5678,24995,0
5679,24995,0
5680,24995,0
5681,25029,3629
5682,24995,0
5683,24995,0
5684,24995,0
5685,25016,2222
5686,24995,0
5687,24995,0
5688,24995,0
5689,24995,0
5690,25000,535
5691,24995,0
5692,25014,2018
5693,24995,0
5694,24995,0
5695,24995,0
5696,24995,0
5697,24995,0
5698,24995,0
5699,24995,0
5700,24995,0
5701,24995,0
5702,24995,0
5703,24995,0
5704,24995,0
5705,24995,0
5706,25006,1168
5707,24995,0
5708,24995,0
5709,24995,0
5710,24995,0
5711,24995,0
5712,24995,0
5713,24995,0
5714,24995,0
5715,25002,759
5716,24995,0
5717,24995,0
5718,24995,0
5719,24995,0
5720,24995,0
5721,24995,0
5722,24995,0
5723,24995,0
5724,24995,0
5725,24995,0
5726,24995,0
5727,24995,0
5728,24995,0
5729,25002,809
5730,25010,1629
5731,24995,0
5732,24995,0
5733,24995,0
5734,25011,1713
5735,24995,0
5736,24999,463
5737,25002,813
5738,24995,0
5739,24995,0
5740,24995,0
5741,25015,2109
5742,24995,0
5743,24995,0
5744,25030,3759
5745,24995,0
5746,24995,0
5747,24995,0
5748,24995,0
5749,24995,0
5750,24995,0
5751,24995,0
5752,24995,0
5753,24995,0
5754,24995,0
5755,24995,0
5756,24995,0
5757,24995,0
5758,24995,0
5759,24995,0
5760,25002,818
5761,25001,709
5762,25035,4209
5763,24995,0
5764,24995,0
5765,24995,0
5766,24995,0
5767,24997,209
5768,25005,1129
5769,24995,0
5770,24995,0
5771,24995,0
5772,24995,0
5773,25014,2085
5774,24995,0
5775,24995,0
5776,24995,0
5777,24995,0
5778,24995,0
5779,25022,2838
5780,24995,0
5781,24995,0
5782,24995,0
5783,24995,0
5784,24995,0
5785,24995,0
5786,24995,0
5787,24995,0
5788,24995,0
5789,24995,0
5790,24995,9
5791,24995,0
5792,24995,0
5793,24995,0
5794,25007,1329
5795,25000,519
5796,24995,0
5797,24995,9
5798,24995,0
5799,24995,0
5800,24995,0
5801,24995,0
5802,25024,3063
5803,24995,0
5804,24995,0
5805,24995,0
5806,24995,0
5807,24995,0
5808,24995,0
5809,24995,0
5810,25023,2962
5811,24995,0
5812,24995,0
5813,24995,0
5814,24995,0
5815,24995,0
5816,24995,0
5817,25021,2809
5818,24995,0
5819,24995,0
5820,24995,0
5821,24995,0
5822,24995,0
5823,24995,0
5824,24995,0
5825,24995,0
5826,24995,0
5827,24995,0
5828,24995,0
5829,24995,0
5830,24995,0
5831,24995,0
5832,24995,0
5833,24995,0
5834,25017,2388
5835,24995,0
5836,24995,55
5837,24995,0
5838,24995,0
5839,24995,0
5840,24995,0
5841,24995,0
5842,24995,0
5843,24995,0
5844,24995,0
5845,24995,0
5846,24995,0
5847,24995,0
5848,24995,0
5849,24995,0
5850,24995,0
5851,24995,0
5852,24995,0
5853,24995,0
5854,24995,0
5855,24995,0
5856,24995,0
5857,24995,0
5858,24995,0
5859,24995,0
5860,24995,0
5861,25047,5547
5862,25009,1509
5863,24995,0
5864,24995,0
5865,24995,0
5866,24995,0
5867,24995,0
5868,24995,0
5869,24995,0
5870,24995,0
5871,24995,0
5872,24995,0
5873,24995,0
5874,24995,0
5875,24995,0
5876,24995,0
5877,24995,0
5878,24995,0
5879,24995,0
5880,24995,0
5881,25240,25686
5882,24995,0
5883,24995,0
5884,24995,0
5885,24995,0
5886,24995,0
5887,24995,0
5888,24995,0
5889,25049,5686
5890,24995,0
5891,24995,0
5892,24995,0
5893,24995,0
5894,24995,0
5895,24995,0
5896,24995,0
5897,24995,0
5898,24995,0
5899,24995,0
5900,24995,0
5901,24995,0
5902,24995,0
5903,25013,1922
5904,24995,0
5905,24995,0
5906,24995,0
5907,24995,0
5908,25097,10786
5909,24995,0
5910,24995,0
5911,24995,0
5912,24995,0
5913,24995,0
5914,25005,1098
5915,24995,0
5916,24995,0
5917,24995,0
5918,25019,2513
5919,24995,0
5920,24995,0
5921,24995,0
5922,24995,0
5923,24995,0
5924,25033,4018
5925,25009,1513
5926,24995,0
5927,24995,0
5928,24995,0
5929,24998,326
5930,24995,0
5931,24995,0
5932,24995,0
5933,24995,0
5934,24995,0
5935,24995,0
5936,24995,0
5937,24998,409
5938,24995,0
5939,24995,0
5940,24995,0
5941,24995,0
5942,24995,0
5943,25002,729
5944,25013,1909
5945,24995,0
5946,24995,0
5947,25011,1713
5948,24995,0
5949,24995,0
5950,24995,0
5951,24995,0
5952,24995,0
5953,24995,0
5954,24995,0
5955,24995,0
5956,24995,0
5957,24995,0
5958,24995,0
5959,24995,0
5960,24995,0
5961,24995,0
5962,24995,0
5963,24995,0
5964,24995,0
5965,24995,0
5966,24995,0
5967,24995,0
5968,24995,0
5969,24995,0
5970,24995,0
5971,24995,0
5972,25018,2438
5973,24996,133
5974,25002,738
5975,24998,359
5976,24995,0
5977,24995,0
5978,24995,0
5979,24995,0
5980,24995,0
5981,24995,0
5982,24995,0
5983,24995,0
5984,24995,0
5985,24995,0
5986,24995,0
5987,24995,0
5988,24995,0
5989,24995,0
5990,24995,0
5991,24995,0
5992,24996,126
5993,24995,0
5994,24995,0
5995,24995,0
5996,24995,0
5997,24998,372
5998,24995,0
5999,24995,0
6000,24995,0
6001,25033,4009
6002,24995,0
6003,25002,829
6004,24995,0
6005,24999,429
6006,25000,599
6007,24995,0
6008,24995,0
6009,24995,0
6010,24995,0
6011,24995,0
6012,24995,0
6013,24995,0
6014,24995,0
6015,24995,0
6016,24995,0
6017,24995,0
6018,24995,0
6019,24995,0
6020,24995,0
6021,24995,0
6022,24995,0
6023,24995,0
6024,24995,0
6025,24995,0
6026,24995,0
6027,24995,0
6028,24995,0
6029,24995,0
6030,24995,0
6031,24995,0
6032,25005,1069
6033,24995,0
6034,24995,0
6035,24995,0
6036,24995,0
6037,24995,0
6038,24995,0
6039,25006,1177
6040,24995,0
6041,24995,0
6042,24995,0
6043,24995,0
6044,25035,4209
6045,24995,0
6046,24995,0
6047,25009,1546
6048,24995,0
6049,24995,0
6050,24995,0
6051,24995,0
6052,24995,0
6053,24995,0
6054,24995,0
6055,24995,0
6056,24995,0
6057,24995,0
6058,24995,0
6059,24995,0
6060,24995,0
6061,24995,0
6062,24995,0
6063,24998,374
6064,25004,1036
6065,25017,2349
6066,24995,0
6067,24995,0
6068,24995,0
6069,24995,0
6070,24995,0
6071,24995,0
6072,25093,10369
6073,24995,0
6074,24995,0
6075,24995,0
6076,24995,0
6077,24995,0
6078,24995,0
6079,24995,0
6080,24995,0
6081,24995,0
6082,24995,0
6083,24995,0
6084,24995,0
6085,24995,0
6086,24995,0
6087,25019,2513
6088,24997,213
6089,24995,0
6090,24995,0
6091,24995,0
6092,24995,0
6093,24995,0
6094,24995,0
6095,24995,0
6096,24995,0
6097,24995,0
6098,24995,0
6099,24995,0
6100,24995,0
6101,24995,0
6102,24995,0
6103,24999,479
6104,24995,63
6105,24995,0
6106,24995,0
6107,24995,0
6108,24995,18
6109,24995,0
6110,24995,0
6111,24995,0
6112,24995,0
6113,25000,618
6114,24995,0
6115,24995,0
6116,24995,0
6117,24995,0
6118,24995,0
6119,24995,0
6120,24995,0
6121,24995,0
6122,24995,0
6123,25073,8178
6124,24995,0
6125,24995,0
6126,24995,13
6127,24995,0
6128,24995,0
6129,24995,0
6130,24995,0
6131,24995,0
6132,24999,509
6133,24995,0
6134,24995,0
6135,24995,0
6136,24995,0
6137,24995,0
6138,24995,0
6139,24995,0
6140,24995,0
6141,24995,0
6142,24995,0
6143,24995,0
6144,24995,0
6145,24995,0
6146,24995,0
6147,24995,0
6148,24995,0
6149,24995,0
6150,24995,0
6151,25005,1129
6152,24995,0
6153,25014,2059
6154,24995,0
6155,24995,0
6156,24995,9
6157,24995,0
6158,24995,0
6159,25015,2129
6160,24995,0
6161,24997,288
6162,24995,0
6163,25000,618
6164,24995,0
6165,24995,0
6166,24995,0
6167,24995,0
6168,24995,0
6169,24995,0
6170,24995,0
6171,24995,0
6172,24995,0
6173,24995,0
6174,24995,0
6175,25008,1401
6176,24995,0
6177,24995,0
6178,24995,0
6179,24995,0
6180,24995,0
6181,25004,996
6182,24995,0
6183,24995,0
6184,24995,0
6185,24995,0
6186,24995,0
6187,24995,0
6188,24995,0
6189,24995,0
6190,24995,0
6191,24995,0
6192,24995,66
6193,24995,0
6194,24995,0
6195,24995,0
6196,24995,0
6197,24995,0
6198,24995,0
6199,25013,1909
6200,24995,0
6201,24995,0
6202,24995,0
6203,24995,0
6204,24995,0
6205,24995,0
6206,25030,3665
6207,24995,0
6208,24995,0
6209,24995,0
6210,24995,0
6211,24995,0
6212,24995,0
6213,24995,0
6214,24995,0
6215,24995,0
6216,24995,0
6217,24995,0
6218,24995,0
6219,24995,0
6220,24995,0
6221,24995,0
6222,25027,3417
6223,24995,0
6224,24995,0
6225,24995,0
6226,24995,0
6227,24995,0
6228,24996,109
6229,24995,0
6230,25029,3647
6231,24995,0
6232,24995,0
6233,25014,1988
6234,24995,0
6235,24995,0
6236,24995,0
6237,24995,0
6238,24995,0
6239,24995,0
6240,24995,0
6241,24995,0
6242,24995,0
6243,24995,0
6244,24995,0
6245,24995,0
6246,24995,0
6247,24995,0
6248,24995,0
6249,24995,0
6250,24995,0
6251,24995,0
6252,24995,0
6253,24995,0
6254,24995,0
6255,24995,27
6256,24995,0
6257,24995,0
6258,24995,0
6259,24995,0
6260,25006,1218
6261,24995,0
6262,24995,0
6263,24995,0
6264,24995,0
6265,24995,0
6266,24995,0
6267,24995,0
6268,24995,0
6269,24995,0
6270,24995,0
6271,24995,0
6272,24995,0
6273,24995,0
6274,24995,0
6275,24995,0
6276,25013,1918
6277,24999,463
6278,24995,0
6279,24995,0
6280,24995,0
6281,25017,2357
6282,24995,0
6283,24995,0
6284,24995,0
6285,24995,0
6286,24995,0
6287,24995,0
6288,24995,0
6289,25000,559
6290,24995,0
6291,24995,0
6292,24995,0
6293,24995,0
6294,24995,0
6295,24995,0
6296,24995,0
6297,24995,0
6298,24995,0
6299,24995,0
6300,24995,0
6301,24998,409
6302,24995,0
6303,24995,0
6304,24995,0
6305,24995,0
6306,24995,0
6307,24995,0
6308,24995,0
6309,24995,0
6310,24995,0
6311,24995,0
6312,24995,0
6313,24995,0
6314,24995,0
6315,24995,0
6316,24995,0
6317,24995,0
6318,24995,0
6319,24995,0
6320,24995,0
6321,24995,0
6322,24995,0
6323,25001,668
6324,24995,0
6325,24995,0
6326,24995,0
6327,24995,0
6328,24995,0
6329,24995,29
6330,24995,0
6331,24998,309
6332,24995,0
6333,24995,0
6334,24995,0
6335,24995,0
6336,24995,0
6337,24995,0
6338,24995,0
6339,25085,9476
6340,24995,0
6341,24995,0
6342,24995,0
6343,24995,0
6344,25000,533
6345,24995,0
6346,24995,0
6347,24995,0
6348,24995,0
6349,24995,0
6350,24995,0
6351,25019,2518
6352,24995,0
6353,25040,4749
6354,24995,0
6355,24995,0
6356,24995,0
6357,24995,0
6358,24995,0
6359,24995,0
6360,24995,0
6361,24995,0
6362,24995,0
6363,25002,763
6364,24995,0
6365,24995,0
6366,24995,0
6367,24995,0
6368,25005,1115
6369,24995,0
6370,24995,0
6371,24995,0
6372,24995,0
6373,24995,0
6374,24995,0
6375,25017,2359
6376,24995,0
6377,24995,0
6378,24995,0
6379,24995,0
6380,24995,0
6381,24995,0
6382,24995,0
6383,24995,0
6384,24995,0
6385,24995,0
6386,25012,1877
6387,24995,0
6388,24995,0
6389,24995,0
6390,24995,0
6391,24995,0
6392,24995,0
6393,24995,0
6394,24995,0
6395,24995,0
6396,24995,0
6397,24995,0
6398,24999,438
6399,24995,0
6400,24995,0
6401,24995,0
6402,24996,118
6403,25045,5318
6404,24995,0
6405,24995,0
6406,24995,0
6407,24995,0
6408,24995,0
6409,24995,0
6410,24995,0
6411,24995,0
6412,24995,0
6413,25003,856
6414,24995,0
6415,24995,0
6416,24995,0
6417,24995,0
6418,24996,109
6419,24995,0
6420,24995,0
6421,24995,0
6422,24995,0
6423,25007,1309
6424,24995,0
6425,25022,2861
6426,25017,2337
6427,24995,0
6428,24995,0
6429,24995,0
6430,24995,0
6431,24995,0
6432,24995,79
6433,24995,0
6434,24995,0
6435,25018,2409
6436,24995,0
6437,24995,0
6438,24995,0
6439,24995,0
6440,24995,0
6441,24995,0
6442,24995,0
6443,24995,0
6444,24995,0
6445,24995,79
6446,24995,0
6447,24995,0
6448,24995,0
6449,24995,0
6450,24995,0
6451,24995,0
6452,24995,0
6453,24995,0
6454,24995,0
6455,24995,0
6456,24995,0
6457,24998,368
6458,24995,0
6459,24995,0
6460,24995,0
6461,24995,0
6462,24995,0
6463,24995,0
6464,24995,0
6465,25128,14009
6466,24995,0
6467,24995,0
6468,24996,113
6469,24995,0
6470,25000,563
6471,24995,0
6472,24995,0
6473,24995,0
6474,24995,0
6475,24995,0
6476,24995,0
6477,24995,0
6478,25031,3779
6479,24995,0
6480,24995,0
6481,24995,0
6482,24995,0
6483,24995,0
6484,24995,0
6485,24995,0
6486,24995,0
6487,24995,0
6488,24995,0
6489,24995,0
6490,24995,0
6491,24995,0
6492,25011,1713
6493,24995,0
6494,24995,0
6495,25004,1018
6496,24995,0
6497,24995,0
6498,25011,1709
6499,25006,1197
6500,24995,0
6501,24997,209
6502,25001,709
6503,24995,0
6504,24995,0
6505,24995,0
6506,24995,0
6507,24995,0
6508,24995,0
6509,24995,0
6510,24995,0
6511,24995,68
6512,24995,0
6513,24995,0
6514,24995,0
6515,24995,0
6516,24995,0
6517,25001,659
6518,24996,186
6519,24995,0
6520,24995,0
6521,24995,0
6522,24995,0
6523,24995,0
6524,25009,1534
6525,24995,0
6526,24995,0
6527,24995,0
6528,24995,0
6529,25004,938
6530,24995,0
6531,24995,0
6532,25005,1136
6533,24995,0
6534,24995,0
6535,24995,0
6536,24995,22
6537,24995,0
6538,24995,0
6539,24995,0
6540,24995,0
6541,24996,129
6542,24995,0
6543,24995,0
6544,24995,0
6545,24995,0
6546,25003,909
6547,24995,0
6548,25019,2582
6549,24995,0
6550,25002,729
6551,24995,0
6552,24995,0
6553,24995,0
6554,24995,0
6555,24995,0
6556,24995,0
6557,24995,0
6558,24995,0
6559,25000,588
6560,24995,0
6561,24995,0
6562,24995,0
6563,25002,809
6564,24995,0
6565,24995,0
6566,24995,0
6567,24995,0
6568,25000,518
6569,24995,0
6570,24995,0
6571,24995,0
6572,24995,0
6573,24995,0
6574,24995,0
6575,24995,0
6576,24995,0
6577,24995,0
6578,24995,0
6579,25013,1938
6580,25000,529
6581,24995,0
6582,24995,0
6583,24995,0
6584,24995,0
6585,24995,0
6586,24995,0
6587,24995,0
6588,24995,0
6589,24995,0
6590,24995,0
6591,24995,0
6592,24995,0
6593,24995,0
6594,24995,0
6595,24995,0
6596,24995,0
6597,24995,0
6598,24995,0
6599,24995,0
6600,24995,0
6601,24995,0
6602,24995,0
6603,25236,25209
6604,24995,0
6605,24995,0
6606,24995,0
6607,24995,0
6608,24995,0
6609,24995,0
6610,24995,0
6611,25016,2238
6612,24995,0
6613,25171,18436
6614,25238,25429
6615,25015,2099
6616,24995,0
6617,24995,0
6618,25100,11063
6619,24995,0
6620,24995,0
6621,24995,0
6622,25025,3209
6623,24995,0
6624,25008,1406
6625,24995,0
6626,24995,0
6627,24995,0
6628,24995,0
6629,24995,0
6630,24995,0
6631,24995,0
6632,24995,0
6633,24995,0
6634,24995,0
6635,24999,509
6636,24995,0
6637,24995,0
6638,24995,0
6639,24995,0
6640,24995,0
6641,24995,0
6642,24995,0
6643,24995,0
6644,24995,0
6645,24995,0
6646,24995,0
6647,24995,0
6648,24995,0
6649,24995,0
6650,25005,1059
6651,24998,359
6652,24995,0
6653,24995,0
6654,24995,0
6655,24995,0
6656,25004,963
6657,24995,0
6658,24995,0
6659,24995,0
6660,24995,0
6661,24995,0
6662,24995,0
6663,24995,0
6664,24995,0
6665,24995,0
6666,25007,1329
6667,24995,0
6668,24995,0
6669,24995,0
6670,24995,0
6671,24995,0
6672,24995,0
6673,24995,0
6674,24995,0
6675,25001,633
6676,24999,468
6677,24995,0
6678,24995,0
6679,24995,0
6680,24995,0
6681,24995,0
6682,24995,0
6683,24995,0
6684,24995,0
6685,25001,709
6686,24995,0
6687,24995,0
6688,24995,0
6689,24995,0
6690,24995,0
6691,24995,0
6692,24995,0
6693,24995,0
6694,24995,0
6695,24998,372
6696,24995,0
6697,24995,0
6698,25002,809
6699,24995,0
6700,25004,1009
6701,24995,0
6702,24995,0
6703,24995,0
6704,24995,0
6705,24995,0
6706,24995,0
6707,24995,0
6708,24995,0
6709,24995,0
6710,24995,0
6711,24995,0
6712,24995,0
6713,24995,0
6714,24995,0
6715,24995,0
6716,24995,0
6717,25014,2079
6718,24995,18
6719,24995,0
6720,24995,0
6721,25013,1951
6722,24996,129
6723,24995,0
6724,25010,1659
6725,24996,131
6726,24997,238
6727,24995,0
6728,25500,52511
6729,24995,0
6730,25003,909
6731,24995,0
6732,24995,0
6733,24995,0
6734,24995,0
6735,24995,0
6736,24995,0
6737,24995,0
6738,24995,0
6739,24995,0
6740,24995,0
6741,24995,0
6742,24995,0
6743,25004,1013
6744,24995,0
6745,24995,0
6746,24995,0
6747,24995,0
6748,24995,0
6749,24995,68
6750,24995,0
6751,24995,0
6752,24995,0
6753,24995,0
6754,24995,0
6755,24995,0
6756,24999,468
6757,24995,0
6758,25000,609
6759,24995,0
6760,24995,0
6761,24995,0
6762,24995,0
6763,24995,0
6764,24995,0
6765,24995,0
6766,24995,0
6767,24995,0
6768,24995,0
6769,24995,0
6770,24995,0
6771,24995,0
6772,24995,0
6773,24995,0
6774,24995,0
6775,24995,0
6776,24995,0
6777,24995,0
6778,24995,0
6779,24995,0
6780,24996,129
6781,24997,218
6782,24995,0
6783,24995,0
6784,24995,0
6785,24995,0
6786,24995,0
6787,24995,0
6788,24995,0
6789,24995,0
6790,24995,0
6791,25030,3733
6792,24995,0
6793,24998,409
6794,24995,0
6795,24995,0
6796,24995,0
6797,24995,0
6798,25003,863
6799,24995,0
6800,24998,409
6801,24995,0
6802,24995,0
6803,24995,0
6804,24995,0
6805,24995,0
6806,25001,718
6807,24998,409
6808,24995,0
6809,24995,0
6810,24997,218
6811,24995,0
6812,24996,163
6813,25010,1638
6814,24995,0
6815,24995,0
6816,24995,0
6817,25004,1018
6818,24995,0
6819,24995,0
6820,24995,0
6821,24995,0
6822,24995,0
6823,24995,0
6824,24995,0
6825,24995,0
6826,25040,4809
6827,24995,0
6828,24995,0
6829,25004,959
6830,24995,0
6831,24995,0
6832,24995,0
6833,24995,0
6834,24995,9
6835,24995,0
6836,24995,0
6837,24995,0
6838,24995,0
6839,24995,0
6840,24995,0
6841,25000,609
6842,25003,849
6843,24995,0
6844,24995,0
6845,24996,109
6846,24995,0
6847,24995,0
6848,24995,0
6849,24995,0
6850,24995,0
6851,24995,0
6852,24995,0
6853,25012,1809
6854,24995,0
6855,24995,0
6856,24995,0
6857,24995,0
6858,24995,0
6859,24995,0
6860,24995,0
6861,24995,0
6862,24995,0
6863,24995,0
6864,24995,0
6865,24995,0
6866,24999,459
6867,24995,0
6868,24995,0
6869,24999,509
6870,25094,10372
6871,24995,0
6872,24995,0
6873,24995,0
6874,24995,0
6875,24995,0
6876,24995,0
6877,24995,0
6878,24995,0
6879,24995,0
6880,25015,2102
6881,24995,0
6882,24995,0
6883,24995,0
6884,24995,0
6885,24995,0
6886,24995,0
6887,24995,0
6888,24999,509
6889,24995,0
6890,25111,12209
6891,24995,0
6892,25477,50159
6893,25016,2259
6894,24995,0
6895,25004,959
6896,24995,0
6897,24995,0
6898,24995,0
6899,25001,709
6900,24995,79
6901,24995,9
6902,24995,31
6903,24995,0
6904,24995,0
6905,24995,0
6906,24995,0
6907,24995,0
6908,24995,0
6909,24995,0
6910,24999,459
6911,24995,0
6912,24995,0
6913,24995,0
6914,24995,0
6915,24995,0
6916,24995,0
6917,24995,0
6918,24995,0
6919,24995,0
6920,24995,0
6921,24995,0
6922,25000,618
6923,24995,0
6924,25090,10029
6925,24995,0
6926,24995,0
6927,24995,0
6928,24995,0
6929,24995,0
6930,24995,0
6931,24995,0
6932,24995,0
6933,24995,0
6934,24995,0
6935,24995,0
6936,24995,0
6937,24995,0
6938,24995,0
6939,24995,0
6940,24995,0
6941,24995,0
6942,24995,0
6943,25003,909
6944,24995,0
6945,24995,0
6946,24995,0
6947,24995,0
6948,24995,0
6949,24995,0
6950,24995,0
6951,24995,0
6952,24995,0
6953,25013,1936
6954,24995,0
6955,24995,0
6956,24995,0
6957,25029,3618
6958,24995,0
6959,24995,0
6960,24995,0
6961,24995,0
6962,24995,0
6963,24999,459
6964,24995,0
6965,24995,0
6966,25009,1549
6967,24995,0
6968,24995,0
6969,24995,0
6970,24997,229
6971,24995,0
6972,24995,0
6973,24995,0
6974,24999,459
6975,24995,0
6976,24995,0
6977,24995,0
6978,24995,0
6979,24995,0
6980,24997,222
6981,24995,0
6982,24995,0
6983,24995,0
6984,25028,3538
6985,24995,0
6986,24995,0
6987,24996,179
6988,24999,433
6989,24995,0
6990,24995,0
6991,24999,449
6992,24995,0
6993,25017,2329
6994,24995,0
6995,25001,659
6996,24995,0
6997,24995,0
6998,24995,0
6999,24995,0
7000,24995,0
7001,24995,0
7002,24995,0
7003,24995,0
7004,24995,0
7005,24995,0
7006,24995,0
7007,24995,0
7008,24995,0
7009,24995,0
7010,24995,0
7011,24995,0
7012,24995,0
7013,24995,0
7014,24995,0
7015,24995,0
7016,24995,0
7017,24995,0
7018,24995,0
7019,24995,0
7020,24995,0
7021,24995,0
7022,24995,0
7023,24995,0
7024,24995,0
7025,24995,0
7026,24995,0
7027,24995,0
7028,24995,69
7029,24995,0
7030,24995,0
7031,24995,0
7032,24995,0
7033,24995,0
7034,24995,0
7035,24995,0
7036,24995,0
7037,24995,0
7038,24995,0
7039,24995,0
7040,24995,0
7041,24995,0
7042,25000,609
7043,24995,0
7044,24995,0
7045,25000,609
7046,24995,0
7047,24995,0
7048,24995,0
7049,24995,0
7050,24995,0
7051,24995,0
7052,24995,0
7053,24995,0
7054,24995,0
7055,24995,0
7056,24995,0
7057,24995,0
7058,24995,0
7059,24996,109
7060,24995,0
7061,24998,345
7062,24995,0
7063,24995,0
7064,24995,0
7065,25005,1068
7066,24995,0
7067,24995,0
7068,24995,0
7069,25006,1159
7070,24995,0
7071,24995,0
7072,24995,0
7073,24995,0
7074,24995,0
7075,24997,249
7076,24995,0
7077,24995,0
7078,24998,409
7079,24995,0
7080,24995,0
7081,24995,0
7082,24995,0
7083,24995,0
7084,24995,0
7085,24995,0
7086,24995,0
7087,24998,409
7088,25478,50333
7089,24995,0
7090,24995,0
7091,24995,0
7092,24995,0
7093,25021,2774
7094,24995,0
7095,24995,0
7096,24995,0
7097,24995,0
7098,24995,0
7099,24995,0
7100,24995,0
7101,24995,0
7102,24995,0
7103,24995,0
7104,24995,0
7105,24995,0
7106,24995,0
7107,24995,0
7108,25019,2518
7109,25000,609
7110,24995,0
7111,25020,2666
7112,25017,2379
7113,24995,0
7114,24995,0
7115,24995,0
7116,24995,0
7117,24995,0
7118,24998,385
7119,25000,613
7120,24999,429
7121,24995,0
7122,24995,0
7123,24995,0
7124,25094,10413
7125,24995,0
7126,24995,0
7127,24997,209
7128,24995,0
7129,24995,0
7130,24995,0
7131,24995,0
7132,24995,0
7133,24995,0
7134,24995,0
7135,24995,0
7136,24995,0
7137,24995,0
7138,24995,0
7139,24995,0
7140,24995,0
7141,24995,0
7142,24995,0
7143,24995,0
7144,24995,0
7145,24995,0
7146,24995,0
7147,24995,0
7148,24995,0
7149,24995,0
7150,24995,0
7151,24995,0
7152,24995,0
7153,24995,0
7154,24995,0
7155,24995,0
7156,24995,0
7157,24995,0
7158,24995,0
7159,24995,0
7160,24995,0
7161,25002,813
7162,24995,0
7163,24995,0
7164,24995,0
7165,24995,0
7166,25005,1109
7167,24995,0
7168,24995,0
7169,24995,0
7170,24995,0
7171,24995,0
7172,24995,0
7173,24995,0
7174,24995,0
7175,24995,0
7176,24995,0
7177,24995,0
7178,24995,0
7179,24995,0
7180,24995,0
7181,24995,0
7182,24995,0
7183,24995,0
7184,24995,0
7185,24995,0
7186,24995,0
7187,24995,0
7188,24995,0
7189,24995,0
7190,25014,2009
7191,24995,0
7192,24995,0
7193,24995,0
7194,24995,0
7195,24995,0
7196,24995,0
7197,24995,0
7198,24995,0
7199,24995,0
7200,24995,0
7201,24995,0
7202,24995,0
7203,24995,79
7204,24995,0
7205,25008,1386
7206,24995,0
7207,24995,0
7208,24995,9
7209,24995,0
7210,24995,0
7211,24995,0
7212,24995,0
7213,24995,0
7214,24995,0
7215,24995,0
7216,24999,433
7217,24995,0
7218,24995,0
7219,24995,0
7220,24995,0
7221,24995,0
7222,24999,422
7223,24995,0
7224,24995,0
7225,24995,0
7226,24995,0
7227,24995,0
7228,24995,0
7229,24995,0
7230,24995,0
7231,24995,0
7232,24995,0
7233,24995,0
7234,24995,0
7235,24995,0
7236,24995,0
7237,24995,0
7238,24995,0
7239,24995,63
7240,25007,1335
7241,24995,0
7242,24995,0
7243,24995,0
7244,24995,0
7245,24995,0
7246,24995,0
7247,24995,0
7248,24995,0
7249,24995,0
7250,24995,0
7251,24996,109
7252,24995,0
7253,24995,0
7254,24995,0
7255,24995,0
7256,24995,0
7257,24995,0
7258,24995,0
7259,24995,0
7260,24995,0
7261,24995,0
7262,24995,0
7263,24995,0
7264,24995,0
7265,24995,0
7266,24995,0
7267,25003,929
7268,24995,0
7269,24995,0
7270,24995,0
7271,24995,0
7272,24995,0
7273,24995,0
7274,24995,78
7275,24995,0
7276,24995,0
7277,25043,5083
7278,24995,0
7279,24995,0
7280,24995,0
7281,24995,0
7282,25041,4894
7283,24995,0
7284,25005,1144
7285,24995,0
7286,24995,0
7287,24995,0
7288,24995,0
7289,24995,0
7290,24995,0
7291,24995,0
7292,25011,1709
7293,24995,0
7294,24995,0
7295,24998,385
7296,24995,0
7297,24995,0
7298,24995,0
7299,24995,0
7300,24995,0
7301,24995,0
7302,24995,0
7303,24995,0
7304,24995,0
7305,24995,0
7306,24995,0
7307,24995,0
7308,24995,0
7309,24995,0
7310,24995,0
7311,24995,0
7312,24995,0
7313,24995,0
7314,24995,59
7315,24995,0
7316,24995,0
7317,24995,0
7318,24995,0
7319,24995,0
7320,24995,0
7321,24995,0
7322,24995,0
7323,24995,0
7324,24995,0
7325,24995,0
7326,24995,0
7327,24995,0
7328,24995,0
7329,24995,0
7330,24995,49
7331,25003,853
7332,24995,0
7333,24995,0
7334,25005,1063
7335,24995,0
7336,24995,0
7337,24995,0
7338,24995,0
7339,24995,0
7340,24995,0
7341,24995,0
7342,24995,0
7343,25005,1131
7344,24995,0
7345,24995,0
7346,24995,0
7347,24995,0
7348,24995,0
7349,24995,0
7350,24995,0
7351,25004,959
7352,24995,0
7353,24995,0
7354,24995,0
7355,24995,0
7356,24995,0
7357,24995,0
7358,24995,0
7359,24995,0
7360,25005,1129
7361,24995,0
7362,24995,0
7363,24995,0
7364,24995,0
7365,24995,0
7366,24995,0
7367,24995,0
7368,24995,0
7369,24995,0
7370,24995,0
7371,24995,0
7372,24995,0
7373,24995,0
7374,24995,0
7375,24995,0
7376,25014,2068
7377,24995,0
7378,24995,0
7379,24995,0
7380,24995,0
7381,24995,0
7382,24995,0
7383,24995,0
7384,24995,0
7385,24995,0
7386,24995,0
7387,24995,0
7388,24995,0
7389,24995,0
7390,24995,0
7391,25086,9609
7392,24995,0
7393,24995,0
7394,24995,0
7395,24995,0
7396,24995,0
7397,25011,1709
7398,24995,0
7399,25008,1409
7400,24999,509
7401,24995,0
7402,24995,0
7403,25005,1129
7404,24995,0
7405,24995,0
7406,25000,559
7407,24995,0
7408,24995,0
7409,25026,3338
7410,25003,918
7411,24995,0
7412,24995,0
7413,24995,0
7414,24995,0
7415,24995,0
7416,24995,0
7417,24995,0
7418,25014,2018
7419,24995,0
7420,24995,0
7421,25008,1449
7422,25499,52477
7423,24995,0
7424,24995,9
7425,24995,0
7426,24995,0
7427,24995,0
7428,24995,0
7429,24995,0
7430,24995,0
7431,24995,0
7432,24995,0
7433,24995,0
7434,24995,0
7435,24995,0
7436,24995,0
7437,24995,0
7438,24995,0
7439,25018,2426
7440,24995,0
7441,24995,0
7442,24995,0
7443,24995,0
7444,24995,0
7445,24995,0
7446,25034,4165
7447,24995,0
7448,24996,193
7449,24995,0
7450,24995,0
7451,24995,0
7452,24995,0
7453,24995,0
7454,24995,0
7455,24995,0
7456,24995,0
7457,24995,0
7458,24995,0
7459,24995,0
7460,24995,0
7461,25125,13668
7462,24995,0
7463,24995,0
7464,24995,0
7465,25047,5509
7466,24995,0
7467,24995,18
7468,24995,0
7469,24995,0
7470,25004,1018
7471,24995,0
7472,24995,0
7473,25019,2609
7474,24995,0
7475,24995,0
7476,24995,0
7477,24995,0
7478,24999,418
7479,24995,0
7480,24995,0
7481,24995,0
7482,24995,0
7483,24995,0
7484,24995,0
7485,24995,0
7486,24995,0
7487,24995,0
7488,24996,149
7489,24995,0
7490,24995,0
7491,24995,0
7492,24995,0
7493,24995,0
7494,24995,0
7495,24995,0
7496,25005,1109
7497,24995,0
7498,24995,0
7499,24995,0
7500,24995,0
7501,24995,0
7502,24995,0
7503,24995,0
7504,24995,0
7505,24995,0
7506,24995,0
7507,24995,0
7508,24995,0
7509,24995,0
7510,24995,0
7511,24995,0
7512,24995,0
7513,24995,0
7514,24995,0
7515,24995,0
7516,24995,0
7517,25002,786
7518,25005,1129
7519,24995,0
7520,24995,0
7521,24995,0
7522,24995,0
7523,24995,0
7524,24998,309
7525,24995,0
7526,24995,0
7527,24995,0
7528,25043,5109
7529,24995,0
7530,24995,0
7531,25014,2009
7532,24995,0
7533,24995,0
7534,24995,0
7535,24995,0
7536,24995,0
7537,24995,0
7538,24995,0
7539,24995,0
7540,24999,509
7541,24995,0
7542,24995,0
7543,24999,438
7544,24995,0
7545,24995,9
7546,24995,0
7547,24995,0
7548,24995,0
7549,24995,0
7550,24995,0
7551,24995,0
7552,24995,0
7553,25025,3189
7554,24995,0
7555,25021,2809
7556,24995,0
7557,24995,0
7558,24995,0
7559,24995,0
7560,24995,0
7561,24995,0
7562,24995,0
7563,24999,509
7564,24995,29
7565,24995,0
7566,24995,0
7567,24995,0
7568,24995,0
7569,25004,1009
7570,24995,0
7571,24995,0
7572,24995,0
7573,24995,0
7574,24995,0
7575,24995,0
7576,24995,0
7577,24998,368
7578,24995,0
7579,24995,0
7580,24999,509
7581,24995,0
7582,24995,0
7583,24995,0
7584,24995,0
7585,24998,338
7586,24995,0
7587,24995,0
7588,24995,0
7589,24995,0
7590,24995,0
7591,24995,0
7592,24995,0
7593,24995,0
7594,24995,0
7595,24995,0
7596,24995,0
7597,24995,0
7598,24995,0
7599,24999,486
7600,24995,0
7601,24995,0
7602,24995,0
7603,24995,0
7604,24995,0
7605,25006,1209
7606,24995,0
7607,25167,18013
7608,24995,0
7609,24995,0
7610,24995,0
7611,24995,0
7612,24995,0
7613,24995,0
7614,25054,6256
7615,24995,0
7616,25084,9418
7617,24995,0
7618,24995,0
7619,24995,0
7620,24995,0
7621,24995,0
7622,24995,0
7623,25006,1218
7624,24995,0
7625,24997,209
7626,24995,0
7627,25018,2429
7628,24995,0
7629,24995,0
7630,24995,0
7631,24995,0
7632,24995,0
7633,24995,0
7634,24995,0
7635,24995,0
7636,24995,0
7637,24995,0
7638,24995,0
7639,24995,0
7640,24998,318
7641,24995,0
7642,24995,0
7643,24995,0
7644,24999,429
7645,24995,0
7646,24995,0
7647,25002,733
7648,24995,0
7649,24995,0
7650,24995,0
7651,24995,0
7652,24995,0
7653,24995,0
7654,24995,0
7655,24995,0
7656,24995,0
7657,24995,0
7658,24999,472
7659,24995,0
7660,24995,0
7661,24995,0
7662,24995,0
7663,24995,0
7664,24995,0
7665,24995,0
7666,24995,0
7667,24995,0
7668,24995,0
7669,24995,0
7670,24995,0
7671,24995,0
7672,24995,0
7673,24995,0
7674,24995,0
7675,24995,0
7676,24995,0
7677,24995,0
7678,24995,0
7679,24995,0
7680,24995,0
7681,24995,0
7682,24995,0
7683,24996,159
7684,24995,0
7685,24995,0
7686,24995,0
7687,24995,0
7688,24995,0
7689,24995,0
7690,24995,0
7691,24995,0
7692,24995,0
7693,24995,0
7694,24995,0
7695,25012,1868
7696,24995,0
7697,24995,0
7698,24995,0
7699,24995,0
7700,24995,0
7701,24995,0
7702,24995,0
7703,24995,0
7704,24995,0
7705,24995,0
7706,24999,509
7707,24995,0
7708,24995,0
7709,24995,0
7710,24998,309
7711,24995,0
7712,25098,10836
7713,24995,0
7714,25002,738
7715,24995,0
7716,25017,2368
7717,24995,0
7718,24995,0
7719,24995,0
7720,24995,0
7721,24995,0
7722,24995,0
7723,25029,3629
7724,24995,0
7725,24995,0
7726,25061,7013
7727,24995,0
7728,24995,0
7729,24996,133
7730,24995,0
7731,24995,0
7732,24995,0
7733,24995,0
7734,25000,609
7735,25094,10409
7736,24995,0
7737,24995,0
7738,25012,1856
7739,24995,0
7740,24995,0
7741,24995,0
7742,24995,0
7743,25009,1518
7744,24999,436
7745,24995,0
7746,24995,0
7747,25476,50109
7748,24995,0
7749,24995,0
7750,24995,0
7751,24995,0
7752,24995,0
7753,24995,0
7754,24995,0
7755,24995,0
7756,24995,0
7757,24995,0
7758,24995,0
7759,25002,809
7760,25003,909
7761,24995,22
7762,24995,0
7763,24995,0
7764,25119,13018
7765,25046,5402
7766,24995,0
7767,24996,159
7768,24995,0
7769,24997,259
7770,24999,483
7771,24995,0
7772,24995,9
7773,24995,0
7774,24995,0
7775,24995,0
7776,24995,0
7777,24995,0
7778,24995,0
7779,24995,0
7780,24995,0
7781,24995,0
7782,24995,0
7783,24995,0
7784,24996,113
7785,24995,0
7786,24995,0
7787,24995,0
7788,24995,0
7789,24995,0
7790,24995,0
7791,25014,2009
7792,25001,629
7793,24995,0
7794,24995,0
7795,25066,7529
7796,24995,0
7797,24995,0
7798,24995,0
7799,24995,0
7800,24995,0
7801,24995,0
7802,24995,0
7803,24995,0
7804,24998,359
7805,25002,809
7806,24995,0
7807,24995,0
7808,24995,0
7809,24995,0
7810,24995,0
7811,24995,0
7812,24995,0
7813,24995,0
7814,24995,0
7815,24995,0
7816,24995,0
7817,24995,0
7818,24995,0
7819,25020,2709
7820,24995,0
7821,24995,0
7822,24995,0
7823,24995,0
7824,24995,0
7825,24995,0
7826,24995,0
7827,24995,13
7828,24995,0
7829,25027,3363
7830,24995,0
7831,24999,509
7832,24995,0
7833,24995,0
7834,25008,1408
7835,24995,0
7836,24995,0
7837,24995,0
7838,24995,0
7839,24995,0
7840,25002,738
7841,24995,0
7842,24998,334
7843,24995,0
7844,24995,29
7845,25013,1913
7846,24995,0
7847,24995,0
7848,24995,0
7849,24995,0
7850,24995,0
7851,24995,0
7852,24995,0
7853,25011,1709
7854,24995,0
7855,24995,0
7856,25000,609
7857,24999,509
7858,24995,0
7859,24995,0
7860,24995,0
7861,24995,0
7862,25030,3697
7863,25017,2318
7864,24995,0
7865,24995,0
7866,24995,0
7867,24995,0
7868,24995,0
7869,24995,0
7870,25007,1322
7871,24995,0
7872,24995,0
7873,24995,0
7874,24998,409
7875,24995,0
7876,24995,0
7877,24995,0
7878,24995,0
7879,24995,0
7880,24995,0
7881,25018,2442
7882,24995,9
7883,24995,0
7884,24995,0
7885,24995,0
7886,24995,0
7887,24995,18
7888,24995,0
7889,24995,0
7890,24995,0
7891,24995,0
7892,24995,0
7893,24995,0
7894,24995,0
7895,24995,0
7896,24995,0
7897,24995,0
7898,24995,0
7899,24995,0
7900,24995,0
7901,24995,0
7902,24995,0
7903,24995,0
7904,24995,0
7905,24995,0
7906,24995,0
7907,24995,0
7908,24995,0
7909,24995,0
7910,24995,0
7911,24995,0
7912,25008,1413
7913,24995,0
7914,24995,0
7915,24995,0
7916,24995,0
7917,24995,0
7918,24995,0
7919,24995,0
7920,24995,0
7921,24995,0
7922,24995,0
7923,24995,0
7924,24995,0
7925,24995,0
7926,24995,0
7927,24995,0
7928,24995,0
7929,24995,0
7930,24995,0
7931,24995,0
7932,24995,0
7933,24995,0
7934,24995,0
7935,24995,0
7936,24995,0
7937,24995,0
7938,24995,0
7939,24995,0
7940,25004,1018
7941,24995,0
7942,24995,0
7943,24995,0
7944,25018,2459
7945,24995,0
7946,24995,0
7947,24999,468
7948,24995,0
7949,25018,2409
7950,25012,1809
7951,24995,9
7952,24995,0
7953,24995,0
7954,24995,0
7955,24995,0
7956,25000,618
7957,24995,0
7958,24995,0
7959,24995,0
7960,24995,0
7961,24995,0
7962,24995,0
7963,24995,0
7964,24995,0
7965,25031,3848
7966,24995,0
7967,24995,0
7968,24999,513
7969,24995,0
7970,24995,0
7971,25013,1918
7972,24995,0
7973,24995,0
7974,24995,0
7975,24995,0
7976,24995,0
7977,24995,0
7978,24995,0
7979,24998,359
7980,24995,0
7981,24995,0
7982,24995,0
7983,24995,0
7984,25000,588
7985,24995,0
7986,24995,0
7987,25020,2651
7988,24995,0
7989,24995,0
7990,24995,0
7991,24995,0
7992,24995,0
7993,25013,1883
7994,25104,11479
7995,25052,6059
7996,24995,0
7997,24995,0
7998,24995,0
7999,24995,0
8000,25002,763
8001,24995,0
8002,24995,0
8003,24995,0
8004,24995,0
8005,24995,0
8006,24995,0
8007,24995,0
8008,24995,0
8009,24995,0
8010,24995,0
8011,25006,1229
8012,24995,0
8013,24995,0
8014,24995,0
8015,24995,0
8016,24996,109
8017,24995,0
8018,24995,0
8019,25000,618
8020,25002,829
8021,24998,409
8022,24995,0
8023,24995,0
8024,24995,0
8025,24995,0
8026,24995,0
8027,24998,309
8028,24995,0
8029,24995,0
8030,24995,0
8031,24995,0
8032,24995,0
8033,24995,0
8034,24995,0
8035,25008,1449
8036,24995,0
8037,24995,0
8038,24995,0
8039,25006,1209
8040,24995,0
8041,24995,0
8042,24995,0
8043,24999,413
8044,24995,0
8045,24995,0
8046,24995,0
8047,24995,0
8048,24995,0
8049,24995,0
8050,24995,0
8051,24995,0
8052,24995,0
8053,25003,859
8054,24995,0
8055,24995,0
8056,24995,0
8057,24995,0
8058,24995,0
8059,25015,2109
8060,24995,0
8061,24995,0
8062,24995,0
8063,24995,0
8064,24995,0
8065,24995,0
8066,24995,0
8067,24995,0
8068,24995,0
8069,24995,0
8070,25001,679
8071,24995,0
8072,24995,0
8073,24995,0
8074,24995,0
8075,24995,0
8076,24995,0
8077,24995,0
8078,24995,0
8079,24995,0
8080,24995,0
8081,24995,0
8082,24995,0
8083,25071,8047
8084,24995,0
8085,24995,0
8086,24995,0
8087,24995,0
8088,25001,672
8089,24995,0
8090,24995,0
8091,24995,0
8092,26006,104113
8093,24995,0
8094,24995,0
8095,24995,0
8096,24995,0
8097,24995,0
8098,25004,1038
8099,24995,0
8100,24995,0
8101,25012,1818
8102,24995,0
8103,24995,0
8104,24995,0
8105,24997,209
8106,24995,0
8107,24995,0
8108,25010,1609
8109,24995,0
8110,24995,0
8111,24995,0
8112,24995,0
8113,24995,0
8114,25001,622
8115,24995,0
8116,24995,0
8117,24995,0
8118,24995,0
8119,24995,0
8120,24995,0
8121,24995,0
8122,24995,0
8123,24995,0
8124,24995,0
8125,24995,0
8126,24995,0
8127,24995,0
8128,25008,1379
8129,24995,0
8130,24995,0
8131,25000,618
8132,24995,0
8133,24995,0
8134,24995,0
8135,24995,0
8136,24995,0
8137,24995,0
8138,24995,69
8139,24995,0
8140,24995,0
8141,24995,0
8142,25015,2109
8143,24995,0
8144,24995,0
8145,25001,629
8146,24995,0
8147,24995,0
8148,24995,0
8149,24995,0
8150,24995,0
8151,24995,0
8152,24996,168
8153,24995,0
8154,25000,533
8155,24995,0
8156,24995,0
8157,24995,0
8158,24995,0
8159,24995,0
8160,24995,0
8161,24995,0
8162,24995,0
8163,25045,5309
8164,25001,709
8165,24995,0
8166,24995,29
8167,24995,0
8168,24995,0
8169,24995,0
8170,24995,0
8171,24995,0
8172,24995,0
8173,24995,0
8174,24995,0
8175,24995,0
8176,24995,0
8177,25021,2809
8178,24995,0
8179,24995,0
8180,24995,0
8181,24995,0
8182,24995,0
8183,24995,0
8184,25003,929
8185,25006,1211
8186,24995,0
8187,24995,0
8188,24995,0
8189,24995,0
8190,24995,0
8191,24995,0
8192,24995,0
8193,24999,456
8194,24995,0
8195,25004,942
8196,24995,0
8197,24995,0
8198,25002,813
8199,24995,0
8200,24995,0
8201,24995,0
8202,24995,0
8203,24995,0
8204,24995,0
8205,24995,0
8206,24995,0
8207,24995,0
8208,24995,0
8209,24995,0
8210,24995,0
8211,24995,0
8212,24995,0
8213,24995,0
8214,24995,0
8215,24995,0
8216,24995,0
8217,24995,0
8218,25055,6326
8219,24995,0
8220,24995,0
8221,24995,0
8222,24995,0
8223,24995,0
8224,24995,0
8225,24995,0
8226,24995,0
8227,24995,0
8228,24995,0
8229,24995,0
8230,24995,0
8231,24995,0
8232,24995,0
8233,24995,0
8234,24995,0
8235,24995,0
8236,24995,0
8237,24995,0
8238,24995,27
8239,24995,0
8240,24995,0
8241,24995,0
8242,24995,0
8243,25007,1309
8244,24995,0
8245,24995,0
8246,24995,0
8247,24995,0
8248,24995,0
8249,24995,0
8250,24995,0
8251,24995,0
8252,24995,0
8253,24995,0
8254,24995,0
8255,24995,0
8256,24995,0
8257,25016,2269
8258,24995,0
8259,24995,0
8260,24995,0
8261,25005,1135
8262,24995,0
8263,24995,0
8264,24995,0
8265,24995,0
8266,24995,0
8267,24995,0
8268,24995,0
8269,24995,0
8270,24995,0
8271,24995,0
8272,24995,0
8273,24995,0
8274,24995,0
8275,24998,333
8276,24995,0
8277,24995,0
8278,24995,0
8279,25023,2938
8280,24995,29
8281,24995,0
8282,24995,0
8283,24995,0
8284,24995,0
8285,24995,0
8286,24995,0
8287,24995,0
8288,24995,0
8289,24995,0
8290,24995,0
8291,24995,0
8292,24995,0
8293,24995,0
8294,24995,0
8295,24995,0
8296,24995,0
8297,24995,0
8298,24995,58
8299,24995,0
8300,24995,0
8301,24995,0
8302,24995,0
8303,24995,0
8304,24995,0
8305,24995,0
8306,25043,5132
8307,24995,0
8308,24995,0
8309,24995,0
8310,24995,0
8311,24999,436
8312,24995,9
8313,24995,0
8314,24995,0
8315,24995,0
8316,24995,0
8317,24995,0
8318,24995,0
8319,25014,2059
8320,25006,1168
8321,24995,0
8322,24995,0
8323,24995,9
8324,24998,309
8325,24995,0
8326,25063,7209
8327,24995,0
8328,24995,0
8329,24995,0
8330,24995,0
8331,24995,0
8332,24995,0
8333,24995,0
8334,24995,0
8335,24995,0
8336,25012,1809
8337,24995,0
8338,24995,0
8339,24995,0
8340,24995,0
8341,24995,0
8342,24995,0
8343,24995,0
8344,24995,0
8345,24995,0
8346,24995,0
8347,24995,0
8348,24995,0
8349,24995,0
8350,24995,0
8351,25196,21036
8352,24995,0
8353,24995,0
8354,24995,0
8355,24995,0
8356,24995,0
8357,24995,0
8358,25005,1118
8359,24995,0
8360,24995,0
8361,24995,0
8362,24995,0
8363,24995,0
8364,24995,0
8365,24995,0
8366,24995,0
8367,24995,0
8368,24995,0
8369,24995,0
8370,24995,0
8371,24995,0
8372,24995,0
8373,24995,0
8374,24995,0
8375,24995,0
8376,25008,1419
8377,24997,288
8378,24995,0
8379,24995,0
8380,24995,0
8381,25005,1079
8382,24995,0
8383,24998,388
8384,24995,0
8385,24995,68
8386,24995,0
8387,24995,0
8388,24995,0
8389,24995,0
8390,24995,0
8391,24995,0
8392,24995,0
8393,24995,0
8394,24995,0
8395,24995,0
8396,24995,0
8397,24995,0
8398,24995,0
8399,24995,0
8400,24995,0
8401,24995,0
8402,24995,0
8403,24995,0
8404,25010,1609
8405,24995,9
8406,24995,0
8407,24995,0
8408,24995,0
8409,25026,3309
8410,24995,0
8411,25019,2518
8412,25008,1368
8413,24995,0
8414,24995,0
8415,24995,0
8416,24995,0
8417,24995,0
8418,24995,0
8419,24995,0
8420,24995,0
8421,24998,309
8422,24995,0
8423,24995,0
8424,24997,209
8425,24995,0
8426,25018,2459
8427,24995,0
8428,24995,0
8429,24995,9
8430,24995,0
8431,24995,0
8432,24995,0
8433,24995,0
8434,25000,594
8435,24995,0
8436,25000,609
8437,24995,0
8438,24995,0
8439,24995,0
8440,24995,0
8441,24995,0
8442,24995,0
8443,24995,0
8444,24995,0
8445,24999,418
8446,24995,0
8447,24995,0
8448,24995,0
8449,24995,0
8450,24995,0
8451,24995,0
8452,24995,0
8453,24995,0
8454,24995,0
8455,24995,0
8456,24995,0
8457,24999,459
8458,25157,17009
8459,25031,3788
8460,25007,1333
8461,25016,2227
8462,24995,0
8463,24995,0
8464,24995,0
8465,24995,0
8466,24995,0
8467,24995,0
8468,25008,1429
8469,24995,0
8470,24995,0
8471,25002,749
8472,24995,0
8473,25014,2008
8474,24998,309
8475,25018,2433
8476,24995,0
8477,24995,0
8478,24995,0
8479,24995,0
8480,25569,59602
8481,24995,0
8482,24995,0
8483,25003,833
8484,24995,0
8485,24995,0
8486,24995,0
8487,25036,4338
8488,24995,0
8489,24995,0
8490,24995,0
8491,25010,1572
8492,25022,2918
8493,24995,0
8494,24995,0
8495,24995,0
8496,24995,0
8497,24995,0
8498,24995,0
8499,24995,0
8500,25011,1729
8501,24995,0
8502,24995,0
8503,24995,0
8504,24995,0
8505,24995,18
8506,24995,0
8507,24995,0
8508,24995,0
8509,24995,0
8510,24995,0
8511,24995,0
8512,25011,1722
8513,24995,0
8514,24995,0
8515,24995,0
8516,24995,0
8517,24995,0
8518,24995,0
8519,25001,688
8520,24995,59
8521,25008,1409
8522,24995,0
8523,24995,0
8524,25012,1813
8525,24995,0
8526,24995,88
8527,24995,0
8528,24995,0
8529,24995,0
8530,24995,0
8531,24995,0
8532,25031,3809
8533,24995,0
8534,24995,0
8535,24995,0
8536,24995,0
8537,24995,0
8538,24995,0
8539,25048,5631
8540,24995,0
8541,24995,0
8542,24995,0
8543,24995,0
8544,24995,0
8545,24995,0
8546,24995,0
8547,24995,0
8548,24995,0
8549,24995,0
8550,24995,0
8551,24995,0
8552,24995,0
8553,24995,0
8554,24995,0
8555,24995,0
8556,24995,0
8557,24995,0
8558,25001,629
8559,24995,0
8560,24995,0
8561,24995,0
8562,24995,0
8563,24995,0
8564,24995,0
8565,24995,0
8566,24995,0
8567,24995,0
8568,24999,422
8569,24995,0
8570,24995,0
8571,24995,0
8572,24995,0
8573,24995,0
8574,24995,0
8575,25004,1029
8576,24995,0
8577,24995,0
8578,24995,0
8579,24995,0
8580,24995,0
8581,24995,0
8582,24995,0
8583,24995,0
8584,24995,0
8585,24995,0
8586,24995,0
8587,24995,0
8588,24995,0
8589,25002,738
8590,24996,109
8591,24995,0
8592,24995,0
8593,24995,0
8594,24995,0
8595,24997,289
8596,25000,609
8597,25014,2072
8598,24995,0
8599,24995,0
8600,24995,22
8601,24995,0
8602,25002,768
8603,24995,0
8604,24995,0
8605,24995,0
8606,24995,9
8607,24995,0
8608,24995,0
8609,24995,0
8610,24995,0
8611,24995,0
8612,24995,0
8613,24995,0
8614,24995,0
8615,25006,1229
8616,24995,0
8617,24995,0
8618,25005,1051
8619,24995,0
8620,24995,0
8621,24995,0
8622,24995,0
8623,24995,0
8624,24995,0
8625,24995,0
8626,24995,0
8627,24997,218
8628,24995,0
8629,24995,0
8630,24995,0
8631,24995,0
8632,24995,0
8633,24995,0
8634,24995,0
8635,24995,0
8636,24995,0
8637,24995,0
8638,24995,0
8639,24995,0
8640,24995,0
8641,25000,586
8642,24995,0
8643,24995,0
8644,24995,0
8645,24996,109
8646,24995,9
8647,24995,0
8648,24995,0
8649,24995,0
8650,24995,0
8651,24995,0
8652,24995,0
8653,24995,0
8654,24995,0
8655,24995,0
8656,24995,0
8657,24995,0
8658,25002,729
8659,24995,0
8660,24995,0
8661,24995,0
8662,24995,0
8663,24995,0
8664,24995,0
8665,24998,366
8666,24995,0
8667,24995,0
8668,24995,0
8669,24995,0
8670,24995,0
8671,24995,0
8672,24995,0
8673,24995,0
8674,24995,0
8675,25001,713
8676,24995,0
8677,24995,0
8678,24995,0
8679,24995,0
8680,24995,0
8681,24995,0
8682,24995,0
8683,25011,1709
8684,24995,0
8685,24995,0
8686,24995,0
8687,24995,0
8688,24995,79
8689,24995,0
8690,24995,0
8691,24995,0
8692,24995,0
8693,24995,0
8694,24995,0
8695,24995,0
8696,24995,0
8697,24995,0
8698,24995,0
8699,24995,0
8700,24995,0
8701,24995,0
8702,24995,0
8703,24995,0
8704,24995,0
8705,25234,25059
8706,24995,0
8707,24995,0
8708,24995,0
8709,24995,0
8710,24995,0
8711,24995,0
8712,24995,0
8713,24995,0
8714,24995,0
8715,24995,0
8716,24995,0
8717,24995,0
8718,24995,0
8719,24995,0
8720,24995,0
8721,24995,0
8722,24995,0
8723,24995,0
8724,24995,0
8725,24995,0
8726,24995,0
8727,24995,0
8728,24995,0
8729,24995,0
8730,24995,0
8731,24995,0
8732,24995,0
8733,24995,0
8734,24995,0
8735,24995,0
8736,24995,0
8737,24995,0
8738,24995,0
8739,24995,0
8740,24995,0
8741,24995,0
8742,24995,0
8743,24995,0
8744,24995,0
8745,24995,0
8746,24995,0
8747,24995,0
8748,24995,0
8749,24995,0
8750,24995,0
8751,24995,0
8752,25007,1309
8753,24995,0
8754,24995,0
8755,24995,0
8756,24995,0
8757,24995,0
8758,24995,0
8759,24995,0
8760,24995,0
8761,24998,365
8762,24995,0
8763,24995,0
8764,24997,209
8765,24995,0
8766,24996,109
8767,24995,0
8768,24995,0
8769,24995,0
8770,24995,0
8771,24995,0
8772,24995,0
8773,24995,0
8774,24999,413
8775,25009,1509
8776,24995,0
8777,24995,0
8778,24995,0
8779,24995,0
8780,24998,409
8781,24995,0
8782,24995,0
8783,24995,0
8784,24995,0
8785,24995,0
8786,24995,0
8787,24995,0
8788,24995,0
8789,24995,0
8790,25001,709
8791,25481,50629
8792,25038,4533
8793,24995,0
8794,24998,409
8795,24997,209
8796,25093,10359
8797,24995,0
8798,25001,668
8799,24995,59
8800,24995,0
8801,24995,0
8802,24995,0
8803,24995,0
8804,24995,0
8805,24995,0
8806,24999,429
8807,24995,0
8808,24995,0
8809,24995,0
8810,24995,0
8811,24995,0
8812,25043,5045
8813,24995,0
8814,24995,0
8815,24995,0
8816,24995,0
8817,25002,829
8818,24995,0
8819,25001,718
8820,24999,509
8821,24995,0
8822,24995,0
8823,24995,0
8824,25210,22509
8825,24995,0
8826,24995,0
8827,24995,0
8828,24995,0
8829,24995,0
8830,24995,0
8831,24995,0
8832,24995,0
8833,24995,0
8834,25001,638
8835,24995,0
8836,24995,0
8837,24995,0
8838,24995,0
8839,24995,0
8840,24995,0
8841,24995,0
8842,24995,0
8843,24995,0
8844,24995,0
8845,24995,0
8846,25002,829
8847,24995,0
8848,24995,0
8849,24995,0
8850,24995,0
8851,24995,0
8852,24995,0
8853,24995,0
8854,24995,0
8855,24995,0
8856,24995,0
8857,24995,0
8858,24995,0
8859,24995,0
8860,24995,0
8861,24995,0
8862,24995,0
8863,24995,0
8864,24995,0
8865,24995,0
8866,24995,9
8867,24995,0
8868,24995,0
8869,24995,0
8870,24995,0
8871,24995,0
8872,24995,0
8873,24995,0
8874,24995,0
8875,24995,0
8876,24995,0
8877,24996,199
8878,24995,0
8879,24995,0
8880,24995,0
8881,24995,0
8882,24995,0
8883,24995,0
8884,24995,0
8885,24995,0
8886,24995,0
8887,24995,0
8888,25012,1822
8889,25475,50029
8890,24995,0
8891,24995,0
8892,24995,0
8893,24995,0
8894,25017,2322
8895,24995,0
8896,24995,0
8897,24995,0
8898,24995,0
8899,24995,0
8900,24995,0
8901,24995,0
8902,25001,663
8903,24995,0
8904,24995,0
8905,24995,0
8906,24995,0
8907,24995,0
8908,24995,0
8909,24995,0
8910,24995,0
8911,25004,1029
8912,24995,0
8913,24995,0
8914,24995,0
8915,24995,0
8916,24995,0
8917,24995,0
8918,25916,95009
8919,24995,0
8920,24995,0
8921,24995,0
8922,24995,0
8923,24995,0
8924,24995,0
8925,25037,4449
8926,24995,0
8927,24995,0
8928,25000,609
8929,24995,0
8930,24995,0
8931,24997,279
8932,24999,468
8933,24995,0
8934,24995,0
8935,24995,0
8936,24995,0
8937,25001,709
8938,25015,2146
8939,24995,0
8940,24995,0
8941,24997,209
8942,24995,0
8943,24995,0
8944,24995,0
8945,25002,818
8946,24995,0
8947,24995,0
8948,25093,10335
8949,24995,0
8950,24995,0
8951,24995,0
8952,24995,0
8953,24995,0
8954,24995,0
8955,24995,0
8956,24995,0
8957,24995,0
8958,24995,0
8959,24995,0
8960,25069,7836
8961,24995,0
8962,25024,3109
8963,24995,0
8964,24995,0
8965,24995,0
8966,24995,0
8967,24995,0
8968,24995,0
8969,25018,2445
8970,24995,0
8971,24998,409
8972,24995,0
8973,24995,0
8974,24995,0
8975,24995,0
8976,24995,0
8977,25040,4736
8978,24995,0
8979,24995,0
8980,24995,0
8981,24995,0
8982,24995,0
8983,24995,0
8984,24995,0
8985,24995,0
8986,24995,0
8987,24995,0
8988,25009,1509
8989,24995,0
8990,24995,0
8991,24995,0
8992,24995,0
8993,24995,0
8994,24995,0
8995,24995,0
8996,24995,0
8997,24995,0
8998,24995,0
8999,25009,1518
9000,24995,0
9001,24995,0
9002,24995,0
9003,24995,0
9004,24995,0
9005,24996,133
9006,24995,0
9007,24995,0
9008,24995,0
9009,24995,0
9010,24995,0
9011,24995,0
9012,24998,329
9013,24995,0
9014,24995,0
9015,24995,0
9016,24995,0
9017,24995,0
9018,24995,0
9019,24995,0
9020,24995,0
9021,24995,0
9022,24995,0
9023,24995,0
9024,24995,0
9025,24995,0
9026,24995,0
9027,24995,0
9028,24995,0
9029,24995,0
9030,24995,0
9031,24995,0
9032,24995,0
9033,24995,0
9034,24995,0
9035,24998,329
9036,24995,0
9037,25002,779
9038,24995,0
9039,24995,0
9040,25237,25309
9041,24995,0
9042,24995,0
9043,24995,0
9044,24995,31
9045,24995,0
9046,24995,0
9047,24995,0
9048,24995,0
9049,24995,0
9050,24995,0
9051,25001,709
9052,24995,0
9053,24995,0
9054,24995,0
9055,24995,0
9056,24995,0
9057,24995,0
9058,24995,0
9059,25001,659
9060,24995,0
9061,24995,0
9062,24995,0
9063,24995,0
9064,24995,0
9065,24995,0
9066,24995,0
9067,24995,0
9068,24995,0
9069,24995,0
9070,24995,0
9071,24995,0
9072,24995,0
9073,24995,0
9074,24995,0
9075,24995,9
9076,25011,1773
9077,24995,0
9078,24995,0
9079,24995,0
9080,24995,0
9081,24995,0
9082,24997,209
9083,24995,0
9084,24995,0
9085,24995,0
9086,24995,0
9087,24995,0
9088,24995,0
9089,24995,0
9090,24995,0
9091,24995,0
9092,24995,0
9093,24995,0
9094,24995,0
9095,24995,0
9096,24995,0
9097,24995,0
9098,24995,0
9099,24995,0
9100,24995,0
9101,24995,0
9102,24995,0
9103,24995,0
9104,24995,0
9105,24995,0
9106,25002,792
9107,24995,0
9108,24995,0
9109,24995,0
9110,24995,0
9111,24995,0
9112,25002,809
9113,24995,0
9114,24995,0
9115,24995,0
9116,24995,0
9117,24995,0
9118,25094,10409
9119,24995,0
9120,24995,0
9121,24995,0
9122,24995,0
9123,24995,0
9124,24995,0
9125,24995,0
9126,24995,0
9127,24995,0
9128,24999,453
9129,24995,0
9130,24995,0
9131,24995,0
9132,24995,0
9133,24995,9
9134,24995,0
9135,24995,0
9136,24995,0
9137,24995,0
9138,24995,0
9139,24995,0
9140,24995,0
9141,24995,0
9142,24995,0
9143,25014,2063
9144,25026,3341
9145,24995,0
9146,24995,0
9147,24995,0
9148,24995,0
9149,25025,3209
9150,24998,409
9151,24995,0
9152,24995,0
9153,24995,0
9154,24995,0
9155,24995,0
9156,24995,0
9157,24995,0
9158,24995,0
9159,24995,0
9160,24995,0
9161,24995,0
9162,24995,0
9163,24995,0
9164,24995,0
9165,24995,0
9166,24995,0
9167,24999,413
9168,24995,0
9169,24995,0
9170,24995,0
9171,24995,0
9172,24995,0
9173,24995,0
9174,24995,0
9175,24995,0
9176,24995,0
9177,24995,79
9178,24995,0
9179,24995,0
9180,24995,0
9181,24995,0
9182,24995,0
9183,24995,0
9184,24995,0
9185,24995,0
9186,25003,929
9187,24995,0
9188,24995,0
9189,24995,0
9190,24995,0
9191,24995,0
9192,24995,0
9193,24998,409
9194,24995,0
9195,24995,0
9196,24995,0
9197,24995,0
9198,24995,0
9199,24995,0
9200,25029,3618
9201,24995,0
9202,24995,0
9203,24995,0
9204,24995,0
9205,24995,0
9206,24995,0
9207,24995,0
9208,24995,0
9209,24995,0
9210,24995,0
9211,24995,0
9212,24995,0
9213,24995,0
9214,24995,0
9215,24995,0
9216,24995,0
9217,25001,709
9218,24995,0
9219,24995,0
9220,24995,0
9221,24995,0
9222,24995,0
9223,24995,0
9224,24995,0
9225,24995,9
9226,24995,0
9227,24995,0
9228,24995,0
9229,24995,0
9230,24995,0
9231,24995,0
9232,24995,0
9233,24995,0
9234,24995,29
9235,24995,0
9236,24995,0
9237,24995,0
9238,24995,0
9239,24995,0
9240,24995,0
9241,24995,0
9242,24995,0
9243,24995,0
9244,24999,438
9245,25054,6196
9246,24995,0
9247,24995,0
9248,24995,0
9249,24995,0
9250,24995,0
9251,24995,0
9252,24997,222
9253,24995,0
9254,24995,0
9255,24995,0
9256,25000,563
9257,24995,0
9258,24995,0
9259,24995,0
9260,24996,109
9261,24995,0
9262,24995,0
9263,24995,0
9264,24995,0
9265,24995,0
9266,24995,0
9267,24995,0
9268,24995,0
9269,24995,0
9270,24995,0
9271,24995,0
9272,24995,0
9273,24995,0
9274,24995,0
9275,24996,109
9276,25041,4918
9277,24995,79
9278,24995,0
9279,24995,0
9280,24995,0
9281,24995,0
9282,24995,0
9283,24995,0
9284,25044,5217
9285,24995,0
9286,25010,1618
9287,24995,0
9288,25002,759
9289,24995,0
9290,24995,0
9291,24995,0
9292,24995,0
9293,25184,19856
9294,24995,0
9295,24995,0
9296,24995,0
9297,24995,0
9298,24995,0
9299,24995,0
9300,24995,0
9301,24995,0
9302,24995,0
9303,25023,2949
9304,24995,0
9305,24995,69
9306,24995,0
9307,24996,118
9308,24995,0
9309,24995,0
9310,24995,0
9311,24995,0
9312,24995,0
9313,24995,0
9314,24995,0
9315,24995,0
9316,24995,0
9317,24995,0
9318,24995,0
9319,24995,0
9320,24995,0
9321,24995,0
9322,24995,0
9323,24995,0
9324,24995,13
9325,24995,0
9326,24995,0
9327,24995,0
9328,24995,0
9329,24995,0
9330,24995,0
9331,24995,0
9332,24995,0
9333,24995,0
9334,24995,0
9335,24995,0
9336,24995,0
9337,24995,0
9338,24995,0
9339,24995,0
9340,24995,0
9341,24995,0
9342,24995,0
9343,24995,0
9344,24995,0
9345,24995,0
9346,25000,559
9347,24995,0
9348,24998,335
9349,24995,0
9350,24995,0
9351,24995,0
9352,24995,0
9353,24995,0
9354,24995,0
9355,24995,0
9356,24995,0
9357,24995,0
9358,25004,1018
9359,24995,0
9360,24995,0
9361,24995,0
9362,24995,0
9363,24995,0
9364,24995,0
9365,24995,0
9366,24995,0
9367,24995,0
9368,24995,0
9369,24995,0
9370,24995,0
9371,24995,0
9372,24995,0
9373,24995,0
9374,24995,0
9375,24995,0
9376,24995,0
9377,24995,0
9378,24995,0
9379,24995,0
9380,24995,0
9381,24995,0
9382,24995,0
9383,24995,0
9384,24995,0
9385,24995,0
9386,24995,0
9387,24995,0
9388,24995,0
9389,24995,0
9390,24995,0
9391,24995,0
9392,24995,0
9393,24995,0
9394,25013,1895
9395,24995,0
9396,24995,0
9397,24995,0
9398,24995,0
9399,24995,0
9400,24995,0
9401,24995,0
9402,24995,0
9403,24995,0
9404,24995,0
9405,24995,0
9406,24995,0
9407,24995,0
9408,24995,0
9409,24995,0
9410,24995,0
9411,24999,509
9412,24995,0
9413,24995,0
9414,24995,0
9415,24995,0
9416,24999,418
9417,24995,0
9418,24995,0
9419,24995,0
9420,24998,359
9421,24995,0
9422,24995,0
9423,25247,26347
9424,24995,0
9425,25018,2413
9426,24995,0
9427,24995,0
9428,24995,0
9429,24995,0
9430,24995,0
9431,24998,409
9432,24995,0
9433,24995,0
9434,24995,0
9435,24995,0
9436,25381,40309
9437,24995,0
9438,24995,0
9439,25000,518
9440,24995,0
9441,25261,27788
9442,24995,0
9443,25003,835
9444,24995,0
9445,24995,0
9446,24995,0
9447,24995,0
9448,24995,0
9449,24995,0
9450,24995,0
9451,24995,0
9452,24995,0
9453,25001,659
9454,24995,0
9455,24995,0
9456,24995,0
9457,24998,409
9458,24995,29
9459,24995,0
9460,24995,0
9461,24995,0
9462,24995,0
9463,24995,0
9464,24995,0
9465,24995,0
9466,24995,0
9467,24995,0
9468,25020,2638
9469,24995,0
9470,24995,0
9471,24995,0
9472,25011,1733
9473,24996,178
9474,24995,0
9475,24995,9
9476,25003,927
9477,24995,0
9478,24995,0
9479,24995,0
9480,25004,940
9481,24995,0
9482,24995,0
9483,24995,0
9484,24995,0
9485,24995,0
9486,24995,0
9487,24995,0
9488,25006,1159
9489,24995,0
9490,24995,0
9491,25019,2599
9492,24995,0
9493,24995,0
9494,24995,0
9495,25005,1109
9496,24995,0
9497,24995,0
9498,24999,459
9499,24995,0
9500,24995,0
9501,24995,0
9502,24995,0
9503,24995,0
9504,24995,0
9505,24995,0
9506,24995,0
9507,24995,0
9508,24995,0
9509,24995,0
9510,24996,133
9511,25294,31306
9512,24995,0
9513,25014,2079
9514,24995,0
9515,24995,0
9516,24995,0
9517,24995,0
9518,24995,55
9519,24995,0
9520,24995,0
9521,24995,0
9522,24995,0
9523,25002,809
9524,24995,0
9525,24995,0
9526,24995,0
9527,24995,0
9528,24995,0
9529,24995,0
9530,25004,979
9531,24995,0
9532,24995,0
9533,24995,0
9534,24995,0
9535,24995,0
9536,25123,13461
9537,24995,0
9538,24995,0
9539,24995,0
9540,25032,3979
9541,24995,0
9542,24995,0
9543,24995,0
9544,26070,110559
9545,24995,0
9546,24995,0
9547,24995,0
9548,24995,0
9549,24995,0
9550,24999,483
9551,24995,0
9552,24995,0
9553,25017,2309
9554,24995,0
9555,24995,0
9556,24995,0
9557,24995,0
9558,24995,0
9559,24995,0
9560,25028,3529
9561,24999,479
9562,24995,0
9563,24995,0
9564,25019,2613
9565,24995,0
9566,24995,0
9567,24995,0
9568,24995,0
9569,24995,0
9570,24995,0
9571,24995,0
9572,24995,0
9573,24995,0
9574,24995,0
9575,24995,0
9576,24995,58
9577,25026,3285
9578,24995,0
9579,24995,0
9580,24995,0
9581,24995,0
9582,24995,0
9583,24995,0
9584,24995,0
9585,24995,9
9586,24995,0
9587,25018,2456
9588,24995,0
9589,24995,0
9590,24995,0
9591,24995,0
9592,24995,0
9593,24995,0
9594,25085,9514
9595,24995,0
9596,24995,0
9597,24995,0
9598,24995,22
9599,24995,0
9600,24995,0
9601,24995,0
9602,24995,0
9603,24995,0
9604,24995,0
9605,24995,0
9606,24995,0
9607,24998,409
9608,24995,0
9609,24995,0
9610,24999,413
9611,24995,0
9612,24995,0
9613,24995,0
9614,24995,0
9615,24995,0
9616,24995,0
9617,24995,0
9618,24995,0
9619,24995,0
9620,25593,62068
9621,24995,0
9622,24995,0
9623,24995,0
9624,24995,0
9625,25009,1474
9626,24995,0
9627,24995,0
9628,24995,0
9629,24995,0
9630,24995,0
9631,24995,0
9632,24995,0
9633,24995,0
9634,24995,0
9635,24995,0
9636,25018,2409
9637,24995,0
9638,24995,0
9639,25000,559
9640,25092,10229
9641,24995,0
9642,24995,0
9643,24997,240
9644,24995,0
9645,24995,0
9646,24995,0
9647,25029,3609
9648,24995,0
9649,24995,9
9650,24995,0
9651,24995,0
9652,24998,367
9653,24995,0
9654,24995,0
9655,24995,0
9656,24995,0
9657,24995,0
9658,24995,0
9659,24995,0
9660,24995,0
9661,25001,679
9662,24995,0
9663,24995,0
9664,24995,0
9665,24995,0
9666,24995,0
9667,24995,0
9668,24995,0
9669,24995,0
9670,24995,0
9671,24995,0
9672,24995,0
9673,24999,421
9674,24995,0
9675,24995,0
9676,24995,0
9677,24995,0
9678,26470,150577
9679,24995,0
9680,24995,0
9681,24995,0
9682,25019,2549
9683,24995,0
9684,24995,0
9685,24995,0
9686,24995,0
9687,24995,0
9688,24995,0
9689,24995,0
9690,24995,0
9691,24995,0
9692,24995,0
9693,24995,0
9694,24995,0
9695,24995,0
9696,24995,0
9697,24995,0
9698,24995,0
9699,24995,0
9700,24995,0
9701,24995,0
9702,24995,0
9703,24995,0
9704,24995,0
9705,25007,1268
9706,24999,459
9707,24995,0
9708,24995,0
9709,24995,0
9710,24995,0
9711,24995,0
9712,24995,0
9713,24995,0
9714,24995,0
9715,24997,213
9716,25000,545
9717,24995,0
9718,24995,0
9719,24995,0
9720,25018,2413
9721,24995,0
9722,25018,2509
9723,24995,0
9724,24995,0
9725,24995,0
9726,24995,0
9727,24995,0
9728,24995,0
9729,24995,0
9730,25014,2035
9731,25022,2913
9732,24995,0
9733,24995,0
9734,24995,0
9735,24995,0
9736,24995,0
9737,24995,0
9738,24995,0
9739,24995,69
9740,25002,809
9741,24995,0
9742,24995,0
9743,24995,0
9744,24995,0
9745,24995,0
9746,24995,0
9747,24995,0
9748,24995,0
9749,25084,9358
9750,24995,0
9751,24995,0
9752,24995,0
9753,24995,0
9754,24995,0
9755,24998,409
9756,25005,1104
9757,24995,0
9758,24995,0
9759,24995,0
9760,24995,0
9761,24995,0
9762,24995,0
9763,24999,449
9764,25024,3126
9765,24995,0
9766,24995,0
9767,24995,0
9768,24996,154
9769,24995,0
9770,24995,0
9771,24995,0
9772,24995,0
9773,24995,0
9774,24995,0
9775,24995,0
9776,24995,0
9777,24995,0
9778,24995,0
9779,24995,0
9780,24995,0
9781,24995,0
9782,24999,413
9783,24995,0
9784,24995,0
9785,24995,0
9786,24995,0
9787,24995,0
9788,24995,0
9789,24995,0
9790,24995,0
9791,25055,6309
9792,24995,0
9793,24995,0
9794,25015,2147
9795,24995,0
9796,24995,0
9797,24995,0
9798,24995,0
9799,24995,0
9800,24995,0
9801,24995,0
9802,24995,0
9803,24995,0
9804,24995,0
9805,24995,0
9806,24995,0
9807,24995,0
9808,24999,509
9809,24995,0
9810,24995,0
9811,25014,2029
9812,24995,0
9813,24995,0
9814,24995,9
9815,24995,0
9816,24995,0
9817,24995,0
9818,24995,0
9819,24995,0
9820,24995,0
9821,24995,0
9822,24995,0
9823,24995,0
9824,25014,2063
9825,24995,0
9826,24995,0
9827,24995,0
9828,24996,127
9829,24995,0
9830,24995,0
9831,24995,0
9832,24999,509
9833,24995,0
9834,25014,2009
9835,24995,0
9836,24995,0
9837,24995,0
9838,24995,0
9839,24995,0
9840,24995,0
9841,24995,0
9842,25016,2269
9843,25032,3963
9844,24995,0
9845,24995,0
9846,25112,12336
9847,24995,0
9848,24995,0
9849,24995,0
9850,24995,0
9851,24995,0
9852,24995,0
9853,24995,0
9854,24995,0
9855,24995,0
9856,24995,0
9857,24995,0
9858,24995,0
9859,24995,0
9860,24995,0
9861,24995,0
9862,25003,918
9863,24995,0
9864,24995,0
9865,24995,0
9866,24995,0
9867,24995,0
9868,24995,0
9869,24995,0
9870,24995,0
9871,24995,0
9872,24995,0
9873,24995,0
9874,24998,329
9875,24995,0
9876,24995,0
9877,25011,1752
9878,24995,0
9879,24995,0
9880,24995,0
9881,24995,0
9882,24995,0
9883,24995,0
9884,24995,0
9885,24995,0
9886,25417,44027
9887,24995,0
9888,24995,0
9889,24995,0
9890,24995,0
9891,24995,0
9892,24995,9
9893,24995,0
9894,24995,0
9895,24995,0
9896,24996,131
9897,24995,0
9898,24995,0
9899,24995,0
9900,24995,0
9901,24995,0
9902,24995,0
9903,24995,0
9904,24995,0
9905,24995,0
9906,24995,0
9907,24995,0
9908,25020,2659
9909,24995,0
9910,24995,0
9911,24995,0
9912,24995,0
9913,24995,0
9914,25110,12135
9915,24995,0
9916,24995,0
9917,24995,0
9918,24995,0
9919,24995,0
9920,24995,0
9921,24998,329
9922,24995,0
9923,24995,48
9924,24995,0
9925,24995,0
9926,24995,0
9927,24995,0
9928,24995,0
9929,24995,0
9930,24995,0
9931,25001,629
9932,24995,0
9933,25001,676
9934,24995,0
9935,24995,0
9936,24995,0
9937,24995,0
9938,24995,0
9939,24995,0
9940,24995,0
9941,24995,0
9942,24995,0
9943,24995,0
9944,24995,0
9945,25003,918
9946,24995,0
9947,24995,9
9948,24995,0
9949,24997,229
9950,24995,0
9951,25015,2099
9952,24995,0
9953,24995,0
9954,24995,0
9955,24995,0
9956,24995,0
9957,24995,0
9958,25016,2277
9959,24995,0
9960,24995,0
9961,24995,0
9962,24995,0
9963,24995,0
9964,24997,292
9965,24995,0
9966,24995,0
9967,24995,0
9968,24995,0
9969,24995,0
9970,24995,0
9971,24995,0
9972,24995,0
9973,24995,0
9974,24995,0
9975,24995,0
9976,24995,0
9977,24995,0
9978,24995,0
9979,24995,0
9980,24995,0
9981,24997,272
9982,24995,0
9983,24995,0
9984,24995,0
9985,25042,5018
9986,24995,0
9987,24995,0
9988,24995,55
9989,24995,9
9990,24995,0
9991,24995,0
9992,25178,19218
9993,24995,22
9994,24995,0
9995,24995,0
9996,24995,0
9997,24995,0
9998,25012,1868
9999,24995,0
10000,24995,0
10001,24995,0
10002,24995,0
10003,24995,0
10004,24995,0
10005,24995,0
10006,24997,265
10007,24995,0
10008,24995,0
10009,24995,0
10010,24995,0
10011,24995,0
10012,24995,0
10013,24995,0
10014,24995,0
10015,24998,312
10016,24995,0
10017,24995,0
10018,24995,0
10019,24995,0
10020,24995,0
10021,24995,0
10022,24995,0
10023,24995,0
10024,25095,10538
10025,24995,0
10026,24995,0
10027,24995,0
10028,24995,0
10029,24995,0
10030,24995,0
10031,24995,0
10032,24995,0
10033,24995,0
10034,25002,809
10035,24995,0
10036,24995,0
10037,24995,0
10038,24995,0
10039,24995,0
10040,24995,0
10041,24995,0
10042,24995,0
10043,24995,0
10044,24995,0
10045,24995,0
10046,24995,0
10047,24995,0
10048,24995,0
10049,24995,0
10050,25009,1509
10051,24995,0
10052,24995,0
10053,24995,0
10054,24995,0
10055,24995,0
10056,24995,0
10057,24995,0
10058,24995,0
10059,24995,0
10060,24995,0
10061,24995,0
10062,24995,0
10063,24995,0
10064,24995,0
10065,24995,0
10066,24995,0
10067,24995,0
10068,24995,0
10069,24995,0
10070,25019,2551
10071,24995,0
10072,25028,3509
10073,24995,0
10074,24995,0
10075,24995,0
10076,24995,0
10077,24995,0
10078,24995,0
10079,24995,0
10080,24995,0
10081,24995,0
10082,24995,0
10083,24995,0
10084,24995,0
10085,24995,9
10086,24995,0
10087,25014,2029
10088,24995,0
10089,24995,0
10090,25008,1379
10091,24995,0
10092,24995,0
10093,24995,0
10094,24996,133
10095,24995,0
10096,24995,0
10097,25002,822
10098,24995,0
10099,24995,0
10100,24995,0
10101,24995,0
10102,24995,0
10103,24995,0
10104,24995,0
10105,24995,0
10106,24995,0
10107,24995,0
10108,25002,768
10109,24995,0
10110,24995,0
10111,24995,0
10112,24995,0
10113,24995,0
10114,24995,0
10115,25000,609
10116,24995,0
10117,24995,0
10118,24995,0
10119,24995,0
10120,24995,0
10121,24995,0
10122,24995,0
10123,24995,0
10124,24995,0
10125,24995,0
10126,25014,2038
10127,24995,0
10128,24995,0
10129,25008,1431
10130,24995,0
10131,24995,0
10132,24995,0
10133,24995,0
10134,24995,0
10135,24995,0
10136,24995,0
10137,24995,0
10138,24995,0
10139,24995,0
10140,24995,0
10141,25000,609
10142,24995,0
10143,24995,0
10144,24995,0
10145,24995,0
10146,24995,0
10147,24995,0
10148,24995,0
10149,24995,0
10150,24995,0
10151,24995,0
10152,24995,0
10153,24995,0
10154,24995,0
10155,24995,0
10156,24995,0
10157,24995,0
10158,24995,0
10159,24995,0
10160,24995,0
10161,24995,0
10162,24995,0
10163,24995,0
10164,25010,1663
10165,24995,0
10166,24995,0
10167,24995,0
10168,24995,0
10169,24995,0
10170,24995,0
10171,24995,0
10172,24995,0
10173,24995,18
10174,24995,0
10175,24995,0
10176,24995,0
10177,24995,0
10178,24995,0
10179,25004,1018
10180,24995,0
10181,24995,0
10182,24995,0
10183,24995,0
10184,24995,29
10185,24998,358
10186,24995,0
10187,24995,0
10188,24995,0
10189,24995,0
10190,24995,0
10191,24995,0
10192,24998,338
10193,24995,0
10194,24995,0
10195,24995,0
10196,24995,0
10197,24996,159
10198,25023,3009
10199,24995,0
10200,24995,0
10201,24995,0
10202,24995,0
10203,24995,0
10204,25007,1259
10205,24995,0
10206,24995,0
10207,24995,0
10208,24995,0
10209,24995,0
10210,24995,0
10211,25012,1818
10212,24995,0
10213,24995,0
10214,24995,0
10215,24995,0
10216,24995,0
10217,24995,0
10218,24995,0
10219,24995,0
10220,25009,1518
10221,24995,0
10222,24995,0
10223,24995,0
10224,25004,1009
10225,24995,0
10226,25006,1229
10227,24995,0
10228,25009,1479
10229,24995,0
10230,24995,0
10231,24995,0
10232,24995,0
10233,25000,559
10234,24995,0
10235,24995,0
10236,24995,0
10237,24995,0
10238,24996,159
10239,24995,0
10240,24995,0
10241,24995,0
10242,24995,0
10243,24995,0
10244,24995,0
10245,24995,0
10246,24995,0
10247,24995,0
10248,24995,0
10249,25004,986
10250,24995,0
10251,24995,0
10252,24995,0
10253,24996,109
10254,24995,0
10255,24995,0
10256,24995,0
10257,24995,0
10258,24995,0
10259,24995,0
10260,25049,5759
10261,24995,0
10262,24995,0
10263,24995,0
10264,24995,0
10265,24995,0
10266,25019,2524
10267,24995,0
10268,24995,0
10269,24995,0
10270,24995,0
10271,25002,753
10272,24995,0
10273,24995,0
10274,24995,0
10275,24995,0
10276,24995,0
10277,24995,0
10278,24995,0
10279,24995,0
10280,24995,0
10281,24995,0
10282,24995,0
10283,24995,0
10284,24995,0
10285,24995,0
10286,24995,0
10287,24995,0
10288,24995,0
10289,24995,0
10290,24995,0
10291,24995,0
10292,24995,0
10293,25081,9040
10294,24995,0
10295,24995,0
10296,24995,0
10297,24995,0
10298,24995,0
10299,24995,0
10300,24995,0
10301,24995,0
10302,24995,0
10303,24995,0
10304,24995,0
10305,24995,0
10306,24995,0
10307,24995,0
10308,24995,0
10309,24995,9
10310,24995,0
10311,24995,0
10312,24995,0
10313,24995,0
10314,24995,0
10315,24995,0
10316,24995,0
10317,24995,59
10318,24995,0
10319,24995,0
10320,24995,0
10321,24995,0
10322,24995,0
10323,24995,0
10324,25027,3429
10325,24996,168
10326,24995,0
10327,24995,0
10328,24995,0
10329,24995,0
10330,24995,0
10331,24995,0
10332,24997,288
10333,24995,0
10334,24995,0
10335,24995,0
10336,24995,0
10337,24995,0
10338,24995,0
10339,24995,0
10340,24995,0
10341,24995,0
10342,24995,0
10343,24995,0
10344,24995,0
10345,24995,0
10346,24995,0
10347,24995,0
10348,24995,0
10349,24995,0
10350,24995,0
10351,24995,0
10352,24995,0
10353,24995,0
10354,24995,0
10355,24995,0
10356,24995,0
10357,24995,0
10358,24995,0
10359,24995,0
10360,24995,0
10361,24995,0
10362,25387,40909
10363,24995,0
10364,24995,0
10365,24995,0
10366,24995,0
10367,24995,0
10368,24995,0
10369,24995,0
10370,25028,3527
10371,24995,0
10372,24995,0
10373,24995,0
10374,24995,0
10375,24995,0
10376,24995,0
10377,24995,0
10378,24995,0
10379,24995,0
10380,24995,0
10381,24995,0
10382,24995,0
10383,24995,0
10384,24995,0
10385,24995,0
10386,24995,0
10387,24995,0
10388,24995,0
10389,24995,0
10390,24995,0
10391,24995,0
10392,24995,0
10393,24995,0
10394,24995,0
10395,24995,0
10396,24995,0
10397,24995,0
10398,24995,0
10399,25002,763
10400,24995,0
10401,24995,0
10402,24995,0
10403,24997,259
10404,25239,25509
10405,24995,0
10406,24995,0
10407,24995,0
10408,24995,0
10409,24995,0
10410,25002,729
10411,24995,0
10412,24995,0
10413,24995,9
10414,24995,0
10415,24995,0
10416,24995,0
10417,24995,0
10418,24995,0
10419,24995,0
10420,24995,0
10421,24995,0
10422,24995,59
10423,24995,0
10424,24995,0
10425,24995,0
10426,24999,509
10427,24995,0
10428,24995,0
10429,24995,0
10430,24995,0
10431,24997,235
10432,24995,0
10433,24995,0
10434,24995,0
10435,25018,2468
10436,24995,0
10437,24995,0
10438,24995,0
10439,24995,0
10440,24995,0
10441,24995,0
10442,24995,0
10443,24995,0
10444,24995,0
10445,24995,0
10446,24995,0
10447,24995,0
10448,24995,0
10449,24995,0
10450,24995,0
10451,24995,0
10452,24995,0
10453,24995,0
10454,25001,718
10455,24995,0
10456,24995,0
10457,24995,0
10458,24995,0
10459,24995,0
10460,24995,0
10461,24995,0
10462,24995,0
10463,24995,0
10464,24995,0
10465,25020,2659
10466,24995,0
10467,24995,0
10468,24995,0
10469,24995,0
10470,24996,116
10471,24995,0
10472,24995,0
10473,24995,0
10474,24995,0
10475,24998,409
10476,24995,0
10477,24995,0
10478,24995,0
10479,24995,0
10480,25020,2709
10481,24995,0
10482,24995,0
10483,25018,2416
10484,24995,0
10485,24995,0
10486,24997,209
10487,24995,0
10488,24995,0
10489,24995,0
10490,24995,0
10491,24995,0
10492,24995,0
10493,24995,0
10494,25016,2209
10495,24995,0
10496,24995,0
10497,24995,0
10498,24995,0
10499,24995,0
10500,24995,0
10501,24995,0
10502,24995,0
10503,24995,0
10504,24995,0
10505,24995,0
10506,24995,0
10507,24995,0
10508,24995,0
10509,24995,0
10510,24995,0
10511,24995,0
10512,25009,1509
10513,24995,0
10514,24995,0
10515,24995,0
10516,24995,0
10517,24995,0
10518,24995,0
10519,24995,0
10520,24995,0
10521,24995,0
10522,24995,0
10523,24995,0
10524,24995,0
10525,24995,0
10526,24995,0
10527,25011,1713
10528,24995,0
10529,24995,0
10530,25000,609
10531,24995,0
10532,24995,0
10533,24995,0
10534,24995,0
10535,24995,0
10536,24995,0
10537,24995,0
10538,25000,522
10539,24995,0
10540,24995,0
10541,24995,0
10542,24995,0
10543,25006,1209
10544,24995,0
10545,24995,0
10546,25484,50909
10547,25013,1929
10548,25006,1229
10549,25225,24081
10550,24995,0
10551,24995,0
10552,24995,0
10553,24995,0
10554,24995,0
10555,24995,0
10556,24995,0
10557,24995,0
10558,24995,0
10559,24995,0
10560,24995,0
10561,24995,0
10562,24995,0
10563,24995,0
10564,24995,0
10565,24995,0
10566,24995,0
10567,24995,0
10568,24995,0
10569,24995,0
10570,24995,0
10571,24995,0
10572,25004,1009
10573,24995,0
10574,24995,0
10575,24995,0
10576,25004,959
10577,24995,0
10578,24995,0
10579,24995,0
10580,24995,0
10581,24995,0
10582,24995,0
10583,24995,0
10584,24995,0
10585,24995,0
10586,24995,0
10587,24995,0
10588,25000,518
10589,24995,0
10590,24995,0
10591,24995,0
10592,24995,0
10593,24995,0
10594,24995,0
10595,24995,0
10596,24995,0
10597,24995,0
10598,24995,0
10599,24995,0
10600,24995,0
10601,24995,0
10602,24995,0
10603,24995,0
10604,24995,0
10605,25000,533
10606,24995,0
10607,24995,0
10608,25002,763
10609,24995,0
10610,24995,0
10611,24995,0
10612,24995,0
10613,24995,0
10614,24995,0
10615,24995,0
10616,24995,0
10617,24995,0
10618,24995,0
10619,24995,0
10620,24995,0
10621,24995,0
10622,24995,0
10623,24995,0
10624,24995,0
10625,24995,0
10626,24995,0
10627,24995,0
10628,24995,0
10629,24995,0
10630,24995,0
10631,24995,0
10632,24995,0
10633,24995,0
10634,24995,0
10635,24997,209
10636,25006,1159
10637,25388,41026
10638,24995,0
10639,24995,0
10640,24995,0
10641,24995,0
10642,24995,0
10643,24995,0
10644,25000,613
10645,24995,0
10646,24995,0
10647,24995,0
10648,24996,109
10649,24995,0
10650,24996,109
10651,24995,0
10652,24995,0
10653,24995,0
10654,24995,0
10655,24995,0
10656,24995,0
10657,24995,0
10658,24995,0
10659,24995,0
10660,24995,0
10661,24995,0
10662,24995,0
10663,24995,49
10664,24995,0
10665,24998,409
10666,24995,0
10667,24995,0
10668,25051,5918
10669,24995,0
10670,24995,0
10671,24995,0
10672,24995,0
10673,24995,0
10674,24995,0
10675,25055,6309
10676,24995,0
10677,24995,0
10678,24995,0
10679,24995,0
10680,24995,0
10681,24995,0
10682,24995,0
10683,24995,0
10684,24995,0
10685,24995,0
10686,25001,709
10687,24995,0
10688,24995,0
10689,24995,0
10690,24995,0
10691,24995,0
10692,24995,0
10693,24995,0
10694,24995,0
10695,24995,0
10696,24995,0
10697,25000,547
10698,24995,0
10699,25012,1809
10700,24995,0
10701,24995,0
10702,24995,0
10703,25027,3356
10704,24995,0
10705,24995,0
10706,24995,0
10707,24995,0
10708,24995,0
10709,24995,0
10710,25000,518
10711,24995,0
10712,24997,263
10713,25002,809
10714,24995,0
10715,25005,1109
10716,25001,627
10717,24995,0
10718,24995,0
10719,24997,238
10720,24995,0
10721,24995,0
10722,24995,0
10723,24995,0
10724,24995,0
10725,25001,709
10726,24995,0
10727,24995,0
10728,24995,0
10729,24995,0
10730,24995,0
10731,24995,0
10732,24995,0
10733,24995,0
10734,24995,0
10735,24995,0
10736,24995,0
10737,24995,0
10738,25003,876
10739,24995,0
10740,24995,0
10741,24995,0
10742,24995,0
10743,24995,0
10744,25044,5218
10745,24995,0
10746,24995,0
10747,25000,579
10748,24995,0
10749,24995,0
10750,24995,0
10751,24995,0
10752,24995,0
10753,24995,0
10754,24995,0
10755,24995,13
10756,24995,0
10757,24995,0
10758,24999,438
10759,24995,0
10760,24995,0
10761,24995,0
10762,24995,0
10763,24995,0
10764,24995,0
10765,24995,0
10766,24995,0
10767,24995,0
10768,24995,0
10769,24995,0
10770,24995,0
10771,24995,0
10772,24995,0
10773,24995,0
10774,24995,0
10775,24995,0
10776,24995,0
10777,25015,2113
10778,24995,0
10779,24995,0
10780,24995,0
10781,24995,0
10782,24995,0
10783,24995,0
10784,24995,0
10785,24995,0
10786,25024,3067
10787,24995,0
10788,24998,407
10789,24995,0
10790,24995,0
10791,25030,3709
10792,24995,0
10793,24995,0
10794,24995,0
10795,24995,0
10796,24995,0
10797,24995,0
10798,24995,0
10799,24995,0
10800,24995,0
10801,24995,0
10802,24995,0
10803,24998,351
10804,24995,0
10805,24995,0
10806,24995,0
10807,25003,833
10808,24995,0
10809,24995,0
10810,24995,0
10811,24995,0
10812,24995,0
10813,24995,0
10814,24995,0
10815,24995,0
10816,24995,0
10817,24995,0
10818,24995,0
10819,24995,0
10820,25006,1242
10821,24995,0
10822,24995,0
10823,24995,36
10824,24995,0
10825,24995,0
10826,24995,0
10827,24995,0
10828,24995,0
10829,24995,0
10830,24995,0
10831,24995,0
10832,24995,0
10833,24995,0
10834,24995,0
10835,24995,0
10836,24995,0
10837,24995,0
10838,24995,0
10839,24995,0
10840,24995,0
10841,24995,0
10842,24995,0
10843,24995,0
10844,24997,209
10845,24995,0
10846,24995,0
10847,24999,429
10848,24995,0
10849,25000,618
10850,24995,0
10851,24995,0
10852,24995,0
10853,24995,0
10854,24998,363
10855,24995,0
10856,24995,0
10857,24995,0
10858,24995,0
10859,24995,0
10860,25022,2873
10861,24995,0
10862,24995,0
10863,24995,0
10864,24995,0
10865,24995,0
10866,24995,0
10867,24995,0
10868,24995,0
10869,24995,0
10870,24995,0
10871,24995,0
10872,25024,3129
10873,24995,0
10874,24995,0
10875,24995,0
10876,24995,0
10877,24995,0
10878,24995,0
10879,24995,0
10880,24995,0
10881,24995,0
10882,24995,0
10883,25009,1508
10884,24995,0
10885,24995,0
10886,24995,0
10887,24995,0
10888,24995,0
10889,25002,809
10890,24995,0
10891,24995,0
10892,24995,0
10893,24995,0
10894,24995,0
10895,24995,0
10896,24995,0
10897,24995,0
10898,25000,613
10899,24995,0
10900,24995,0
10901,24995,0
10902,24995,0
10903,24995,0
10904,24995,0
10905,24995,0
10906,24995,0
10907,24995,35
10908,24995,0
10909,24995,0
10910,24995,0
10911,24995,0
10912,24995,0
10913,24995,0
10914,24995,0
10915,24995,0
10916,24995,0
10917,25002,829
10918,24995,0
10919,24997,235
10920,24995,0
10921,24995,0
10922,24995,0
10923,24995,0
10924,24995,0
10925,25013,1929
10926,24998,313
10927,24995,0
10928,24995,0
10929,24995,0
10930,24995,0
10931,24995,0
10932,24995,0
10933,24995,0
10934,24995,0
10935,24995,0
10936,24995,0
10937,24999,509
10938,24995,0
10939,24995,0
10940,24995,0
10941,24995,0
10942,24995,0
10943,24995,0
10944,24995,0
10945,24995,0
10946,24995,9
10947,24995,0
10948,24995,0
10949,24995,0
10950,24995,0
10951,24995,0
10952,24995,0
10953,25021,2738
10954,24995,0
10955,24995,0
10956,24995,0
10957,24995,0
10958,25004,959
10959,24995,0
10960,24995,0
10961,24995,0
10962,24995,0
10963,24995,0
10964,24995,0
10965,25010,1629
10966,24995,0
10967,24995,0
10968,24995,0
10969,24995,0
10970,24995,0
10971,25240,25678
10972,24995,0
10973,24995,0
10974,24995,0
10975,24999,459
10976,25003,933
10977,25007,1309
10978,24995,0
10979,24995,0
10980,24995,0
10981,24995,0
10982,24995,0
10983,24995,0
10984,24996,109
10985,24995,0
10986,24995,0
10987,24995,0
10988,24995,0
10989,24995,0
10990,24995,0
10991,24995,0
10992,24995,0
10993,24995,0
10994,25059,6768
10995,24995,0
10996,24995,0
10997,24995,0
10998,24995,0
10999,25000,568
11000,24995,0
11001,24995,0
11002,24995,0
11003,24995,0
11004,24995,0
11005,24995,78
11006,24995,0
11007,24995,0
11008,24995,0
11009,24995,0
11010,24995,0
11011,24995,0
11012,24995,0
11013,24995,0
11014,24995,0
11015,24995,0
11016,24995,0
11017,24995,0
11018,24995,0
11019,24995,0
11020,24995,0
11021,24995,0
11022,24995,0
11023,25475,50009
11024,24995,0
11025,24995,0
11026,24995,0
11027,24995,0
11028,24995,0
11029,24995,0
11030,24995,0
11031,24995,0
11032,24995,0
11033,24995,0
11034,24995,0
11035,24995,0
11036,24995,0
11037,24995,0
11038,24995,0
11039,24995,0
11040,24995,0
11041,24995,0
11042,24995,0
11043,24995,0
11044,24995,0
11045,24995,0
11046,24995,0
11047,24995,0
11048,24995,0
11049,24995,0
11050,24995,0
11051,24995,0
11052,24995,0
11053,24995,0
11054,25017,2329
11055,24995,0
11056,24995,0
11057,25001,726
11058,24998,363
11059,24995,0
11060,24995,0
11061,24995,0
11062,25018,2413
11063,24995,0
11064,24995,0
11065,24995,63
11066,24999,459
11067,24995,0
11068,24995,0
11069,25191,20509
11070,25011,1718
11071,24995,0
11072,24995,0
11073,24995,0
11074,24995,0
11075,24995,0
11076,24995,0
11077,24995,0
11078,24995,0
11079,24997,259
11080,24995,0
11081,24995,0
11082,24995,0
11083,24995,59
11084,24995,0
11085,24995,0
11086,24997,229
11087,24995,0
11088,24995,0
11089,24995,0
11090,24995,0
11091,24995,0
11092,24995,0
11093,24995,0
11094,24995,0
11095,24995,0
11096,24998,329
11097,25005,1118
11098,24995,0
11099,25000,613
11100,24995,0
11101,24995,0
11102,24995,0
11103,24995,0
11104,24995,0
11105,24995,0
11106,24995,0
11107,24995,0
11108,24999,442
11109,24995,0
11110,24995,0
11111,24995,0
11112,25016,2275
11113,24995,0
11114,24995,0
11115,24995,0
11116,24995,0
11117,24995,0
11118,24995,0
11119,24995,0
11120,24995,0
11121,24995,0
11122,24995,0
11123,24995,0
11124,24995,0
11125,24995,0
11126,24995,0
11127,24995,0
11128,24997,213
11129,24995,0
11130,24995,0
11131,24995,0
11132,24995,0
11133,24995,0
11134,24995,0
11135,24995,0
11136,24995,0
11137,24995,0
11138,24995,0
11139,24995,0
11140,24995,0
11141,24995,0
11142,24995,0
11143,24995,0
11144,25001,638
11145,24995,0
11146,24995,0
11147,24995,0
11148,24995,0
11149,24995,0
11150,24995,0
11151,24995,0
11152,24995,0
11153,24995,0
11154,24995,0
11155,24995,0
11156,24998,409
11157,24995,0
11158,24995,0
11159,25011,1729
11160,24995,0
11161,24995,0
11162,24995,0
11163,24995,0
11164,24995,0
11165,24995,0
11166,24995,0
11167,24995,0
11168,24995,0
11169,24995,0
11170,24995,0
11171,24995,0
11172,25046,5386
11173,24995,0
11174,24995,0
11175,24995,0
11176,24995,0
11177,24995,0
11178,24995,0
11179,24995,0
11180,24995,0
11181,24995,0
11182,24995,0
11183,24995,0
11184,24995,0
11185,24995,0
11186,24995,0
11187,25008,1409
11188,24995,0
11189,24995,0
11190,24995,0
11191,24995,0
11192,24995,0
11193,24995,0
11194,24995,0
11195,24995,0
11196,24995,0
11197,24995,0
11198,24995,0
11199,24995,0
11200,24995,0
11201,24995,0
11202,24995,0
11203,24995,0
11204,24995,49
11205,24995,0
11206,24995,0
11207,24995,0
11208,24995,0
11209,24995,0
11210,24995,0
11211,24995,0
11212,24995,0
11213,24995,0
11214,25006,1222
11215,25014,2022
11216,24995,0
11217,24995,0
11218,24996,149
11219,24995,0
11220,24995,0
11221,24995,0
11222,24995,0
11223,24997,259
11224,24995,0
11225,24995,0
11226,24995,0
11227,25001,713
11228,24995,0
11229,24995,0
11230,24995,0
11231,24995,0
11232,24995,0
11233,25031,3797
11234,24995,0
11235,24995,0
11236,24995,0
11237,24995,0
11238,24995,0
11239,25005,1138
11240,24995,0
11241,24995,0
11242,24995,0
11243,24995,0
11244,24995,0
11245,24995,0
11246,24995,0
11247,24995,0
11248,24999,465
11249,24995,0
11250,24998,329
11251,24996,129
11252,24995,0
11253,24995,79
11254,24995,0
11255,24995,0
11256,24995,0
11257,24995,0
11258,24995,0
11259,24995,0
11260,24995,0
11261,24995,0
11262,24995,0
11263,24995,0
11264,24995,0
11265,24995,0
11266,24995,0
11267,24995,0
11268,24995,0
11269,24995,0
11270,24995,0
11271,24995,0
11272,24995,0
11273,25477,50237
11274,24995,0
11275,24995,0
11276,24995,0
11277,25005,1109
11278,24995,0
11279,24995,0
11280,24995,0
11281,24995,0
11282,24995,0
11283,25001,713
11284,25114,12509
11285,24995,0
11286,24998,309
11287,24995,0
11288,24995,0
11289,24996,151
11290,24995,0
11291,24995,0
11292,24995,0
11293,24995,0
11294,24995,0
11295,24995,0
11296,25007,1336
11297,24995,0
11298,24995,0
11299,24995,63
11300,24995,0
11301,24995,0
11302,25000,529
11303,24995,0
11304,24995,0
11305,24995,0
11306,24995,0
11307,24995,0
11308,24995,0
11309,24995,0
11310,24995,0
11311,24995,0
11312,24995,0
11313,24995,0
11314,24995,0
11315,24995,0
11316,24995,0
11317,25010,1620
11318,24995,0
11319,24995,0
11320,24995,0
11321,24998,338
11322,24995,0
11323,24995,0
11324,24995,0
11325,25000,559
11326,24995,0
11327,24995,0
11328,24995,0
11329,24995,0
11330,24995,0
11331,24995,0
11332,24995,0
11333,25005,1066
11334,24995,0
11335,24995,0
11336,24995,0
11337,24995,0
11338,24995,0
11339,25039,4627
11340,24995,0
11341,24995,0
11342,24995,0
11343,24995,0
11344,25008,1409
11345,24995,0
11346,24995,0
11347,24995,0
11348,24995,0
11349,25020,2709
11350,24995,0
11351,24995,0
11352,24997,236
11353,24995,0
11354,24995,0
11355,24995,0
11356,24995,0
11357,24995,0
11358,24995,0
11359,24995,0
11360,24995,0
11361,24995,0
11362,24995,0
11363,24996,103
11364,24995,0
11365,24995,0
11366,24995,0
11367,24995,0
11368,24999,429
11369,25005,1133
11370,24995,0
11371,24995,0
11372,24995,0
11373,24995,0
11374,24995,0
11375,24995,0
11376,25039,4609
11377,24995,0
11378,24995,0
11379,24995,0
11380,25004,1013
11381,24995,0
11382,24995,0
11383,25012,1809
11384,24995,0
11385,24995,0
11386,24995,0
11387,24995,0
11388,24995,0
11389,24995,0
11390,24995,18
11391,24995,0
11392,24995,0
11393,24995,0
11394,24995,0
11395,25010,1609
11396,24995,0
11397,24995,0
11398,24998,331
11399,24995,0
11400,24995,0
11401,24995,0
11402,24995,0
11403,24995,0
11404,24995,0
11405,24995,0
11406,24995,0
11407,25019,2609
11408,24995,0
11409,24995,0
11410,25011,1721
11411,24995,0
11412,24995,0
11413,24995,0
11414,24995,0
11415,24995,0
11416,24995,0
11417,24995,0
11418,24995,0
11419,24995,0
11420,24995,0
11421,24995,0
11422,24995,0
11423,24995,0
11424,25501,52685
11425,24995,0
11426,25018,2469
11427,24995,0
11428,24995,0
11429,24995,0
11430,25004,968
11431,24995,0
11432,24995,0
11433,24995,0
11434,25018,2509
11435,24995,0
11436,24995,0
11437,24995,0
11438,24995,0
11439,25005,1118
11440,24995,0
11441,24995,0
11442,24995,0
11443,24996,159
11444,24995,0
11445,24995,0
11446,24995,0
11447,24995,0
11448,24995,0
11449,24995,0
11450,24999,472
11451,24995,0
11452,24995,0
11453,24995,0
11454,24995,0
11455,24995,0
11456,24995,0
11457,24995,0
11458,24995,0
11459,24995,0
11460,24995,0
11461,24995,0
11462,24995,0
11463,25003,834
11464,24995,0
11465,24996,109
11466,24995,0
11467,24995,0
11468,24995,0
11469,24995,0
11470,24995,0
11471,24995,0
11472,24995,0
11473,25019,2586
11474,24995,0
11475,24995,0
11476,24995,0
11477,24995,0
11478,24995,0
11479,24995,0
11480,24995,0
11481,24995,0
11482,24998,409
11483,24995,0
11484,24995,0
11485,24995,0
11486,24995,0
11487,24995,0
11488,24995,0
11489,24995,0
11490,24995,0
11491,24995,0
11492,24995,0
11493,24995,0
11494,24995,0
11495,24995,0
11496,24995,0
11497,24995,0
11498,24995,0
11499,24995,0
11500,24995,0
11501,24995,0
11502,24995,0
11503,25040,4777
11504,24995,0
11505,24995,0
11506,24995,0
11507,24995,0
11508,24995,0
11509,24995,0
11510,25490,51540
11511,24996,129
11512,24995,0
11513,24997,279
11514,24995,0
11515,24995,0
11516,24995,0
11517,24995,0
11518,24995,0
11519,25073,8209
11520,24998,409
11521,24995,0
11522,24995,0
11523,24995,0
11524,24995,0
11525,24995,0
11526,24995,0
11527,24995,0
11528,24995,0
11529,24995,0
11530,24995,0
11531,24995,0
11532,24995,0
11533,24995,0
11534,24995,0
11535,24995,0
11536,25000,522
11537,24995,0
11538,24995,0
11539,25109,11959
11540,24995,0
11541,24995,0
11542,24995,0
11543,24995,0
11544,25005,1059
11545,24995,0
11546,24995,0
11547,24995,0
11548,24995,0
11549,24995,0
11550,24995,0
11551,24995,38
11552,24995,0
11553,24995,0
11554,24995,0
11555,24995,0
11556,24995,0
11557,24995,0
11558,25000,538
11559,24995,0
11560,24995,0
11561,24995,0
11562,24995,0
11563,24995,0
11564,24995,0
11565,24995,0
11566,24995,0
11567,24995,0
11568,24995,0
11569,24995,0
11570,25004,994
11571,24995,0
11572,24995,9
11573,25007,1309
11574,24995,0
11575,24995,0
11576,24995,0
11577,24995,0
11578,24995,0
11579,24995,0
11580,24995,0
11581,24995,0
11582,24995,0
11583,24995,0
11584,25025,3209
11585,24995,0
11586,24995,0
11587,24995,0
11588,24995,0
11589,24995,0
11590,24995,0
11591,24995,0
11592,24999,472
11593,24995,0
11594,24995,0
11595,24995,0
11596,24995,0
11597,24995,0
11598,24995,0
11599,24995,0
11600,24995,0
11601,24995,0
11602,24995,0
11603,24995,0
11604,25006,1218
11605,24995,0
11606,25027,3422
11607,24995,0
11608,24995,0
11609,24995,0
11610,24995,0
11611,24995,0
11612,24995,0
11613,24998,363
11614,24995,0
11615,24995,0
11616,24995,0
11617,24995,0
11618,24995,0
11619,24995,0
11620,25014,2009
11621,24995,0
11622,24995,0
11623,24995,0
11624,24995,0
11625,24995,0
11626,24995,0
11627,24995,0
11628,24995,0
11629,24995,0
11630,24995,0
11631,24995,0
11632,25002,729
11633,24995,0
11634,24995,0
11635,24995,0
11636,24995,0
11637,24995,0
11638,24995,0
11639,24995,0
11640,24995,0
11641,24995,0
11642,24995,0
11643,24995,0
11644,24995,0
11645,24995,0
11646,24995,0
11647,24995,0
11648,24995,0
11649,24995,0
11650,24995,0
11651,24995,0
11652,24995,0
11653,24995,0
11654,24995,0
11655,25018,2498
11656,24999,418
11657,24995,0
11658,24995,0
11659,24995,0
11660,24995,0
11661,24995,0
11662,24995,0
11663,24995,0
11664,24995,0
11665,24995,0
11666,25013,1909
11667,24995,0
11668,24995,0
11669,24995,0
11670,24995,0
11671,24995,0
11672,25002,818
11673,24995,0
11674,24995,0
11675,24995,0
11676,24995,0
11677,24998,409
11678,24995,0
11679,24995,0
11680,24995,0
11681,24995,0
11682,24995,0
11683,24995,0
11684,25001,644
11685,24995,0
11686,24995,0
11687,24995,0
11688,25025,3159
11689,24995,0
11690,24995,0
11691,24995,0
11692,24995,0
11693,24995,0
11694,24995,0
11695,24995,0
11696,24995,0
11697,24995,0
11698,24995,0
11699,25001,659
11700,24999,429
11701,24995,0
11702,24995,0
11703,25006,1209
11704,24995,0
11705,24995,0
11706,24995,0
11707,24995,0
11708,24995,0
11709,25014,2063
11710,24995,0
11711,25027,3356
11712,25016,2213
11713,24995,0
11714,24995,0
11715,24995,9
11716,24995,0
11717,24995,0
11718,24995,0
11719,25014,2038
11720,24995,0
11721,24995,0
11722,24995,0
11723,24995,0
11724,24995,0
11725,24995,0
11726,24995,0
11727,24995,0
11728,24995,0
11729,24999,479
11730,24995,0
11731,24995,0
11732,25003,918
11733,24995,0
11734,24995,0
11735,24995,0
11736,24995,0
11737,24998,359
11738,24995,0
11739,25002,729
11740,24995,0
11741,24995,0
11742,24995,0
11743,24995,0
11744,25046,5409
11745,24995,0
11746,24995,0
11747,24995,0
11748,24995,0
11749,24995,0
11750,24995,0
11751,24995,0
11752,24995,0
11753,24995,0
11754,24995,0
11755,24995,0
11756,24995,0
11757,24995,0
11758,24995,0
11759,24995,0
11760,24995,0
11761,24995,0
11762,25000,529
11763,24995,0
11764,25001,689
11765,24995,0
11766,24995,0
11767,24995,0
11768,24995,0
11769,24995,0
11770,24995,0
11771,24995,0
11772,25304,32333
11773,24995,0
11774,24995,0
11775,24995,0
11776,24995,0
11777,25026,3347
11778,24995,0
11779,24995,0
11780,24995,0
11781,24995,0
11782,24995,0
11783,24995,0
11784,24995,0
11785,24995,0
11786,24995,0
11787,24995,0
11788,24995,0
11789,24995,0
11790,24995,0
11791,24995,0
11792,24995,0
11793,24995,0
11794,24995,0
11795,24995,0
11796,24995,0
11797,24995,0
11798,24999,459
11799,24995,0
11800,24995,0
11801,24995,0
11802,25020,2709
11803,25003,909
11804,24995,0
11805,24995,0
11806,24995,0
11807,24995,0
11808,24995,0
11809,24995,0
11810,24995,58
11811,24995,0
11812,24995,0
11813,24995,0
11814,24995,0
11815,24995,0
11816,24995,0
11817,24995,0
11818,24995,0
11819,24995,0
11820,24995,0
11821,24995,0
11822,24995,0
11823,24995,0
11824,24995,0
11825,24995,0
11826,25009,1509
11827,24995,0
11828,24995,0
11829,24995,0
11830,24995,0
11831,24995,0
11832,24995,0
11833,25005,1145
11834,24995,0
11835,24995,0
11836,24995,0
11837,24995,0
11838,24995,0
11839,24995,0
11840,24995,0
11841,24995,0
11842,24996,118
11843,24995,0
11844,24995,0
11845,25009,1509
11846,24995,0
11847,25019,2518
11848,24995,0
11849,24995,0
11850,24995,0
11851,24995,0
11852,24995,29
11853,24995,0
11854,24995,0
11855,24995,0
11856,24995,0
11857,24995,0
11858,24995,0
11859,24995,0
11860,24995,0
11861,24995,0
11862,25052,5978
11863,24995,0
11864,24995,0
11865,24995,0
11866,24995,0
11867,24995,0
11868,24995,0
11869,25163,17681
11870,25020,2709
11871,24995,0
11872,24995,0
11873,24995,0
11874,24995,0
11875,25014,2056
11876,24995,0
11877,24995,29
11878,24997,206
11879,24995,0
11880,24995,0
11881,24995,0
11882,24995,0
11883,24995,0
11884,24995,0
11885,24995,0
11886,24995,0
11887,24995,0
11888,24995,0
11889,24995,0
11890,24995,0
11891,24995,0
11892,24995,0
11893,24995,0
11894,24995,0
11895,24995,0
11896,25002,788
11897,24995,22
11898,24995,0
11899,24995,0
11900,24995,0
11901,24995,0
11902,24995,0
11903,24995,0
11904,24995,0
11905,24995,0
11906,24995,0
11907,24995,0
11908,24995,0
11909,24995,0
11910,24995,0
11911,24995,0
11912,25003,909
11913,24995,0
11914,24995,0
11915,24995,0
11916,24995,0
11917,24995,0
11918,25012,1835
11919,24995,0
11920,24995,0
11921,24995,0
11922,25011,1718
11923,24995,0
11924,24995,0
11925,24995,0
11926,24995,0
11927,24998,326
11928,24995,0
11929,24995,0
11930,24995,0
11931,24995,0
11932,24995,0
11933,24995,0
11934,24995,0
11935,24995,0
11936,24995,0
11937,24995,0
11938,25005,1128
11939,24995,0
11940,24995,0
11941,24995,0
11942,24995,0
11943,24995,0
11944,24995,0
11945,24995,0
11946,24995,0
11947,24995,0
11948,24996,109
11949,24995,0
11950,24995,0
11951,24995,0
11952,24995,0
11953,24995,0
11954,24995,0
11955,24995,0
11956,24995,0
11957,24995,0
11958,24995,0
11959,24995,0
11960,24995,0
11961,24995,0
11962,24995,0
11963,24995,0
11964,24995,0
11965,24995,0
11966,24995,0
11967,24999,429
11968,24995,0
11969,24995,0
11970,24995,0
11971,24995,0
11972,24995,31
11973,24995,0
11974,25001,633
11975,24995,0
11976,24995,0
11977,24995,0
11978,24995,0
11979,24995,0
11980,24995,0
11981,24995,0
11982,24995,0
11983,24995,0
11984,24995,0
11985,24995,0
11986,25023,3031
11987,24995,0
11988,24995,0
11989,24995,0
11990,24999,422
11991,24995,0
11992,24995,0
11993,24995,0
11994,24995,0
11995,24995,0
11996,24995,0
11997,25028,3472
11998,24995,0
11999,24995,0
12000,24995,0
12001,24995,0
12002,24995,0
12003,24995,0
12004,24995,0
12005,24995,0
12006,24995,0
12007,24995,0
12008,24995,59
12009,24995,0
12010,24995,0
12011,24995,0
12012,24995,0
12013,24995,0
12014,24995,0
12015,24995,0
12016,24995,0
12017,24995,0
12018,24995,0
12019,25026,3336
12020,24995,0
12021,24995,0
12022,24995,0
12023,24995,0
12024,24995,0
12025,24995,0
12026,24997,222
12027,24995,0
12028,24995,0
12029,25027,3413
12030,24995,0
12031,24995,0
12032,25095,10529
12033,24995,0
12034,24996,109
12035,24995,0
12036,24995,0
12037,24995,0
12038,24995,0
12039,24995,0
12040,24998,388
12041,24995,0
12042,25001,709
12043,24995,0
12044,25006,1209
12045,24995,0
12046,24995,0
12047,24995,0
12048,24995,0
12049,24995,0
12050,24995,0
12051,24995,0
12052,24995,0
12053,24995,0
12054,24995,0
12055,24995,0
12056,24995,0
12057,24995,0
12058,24995,0
12059,24995,0
12060,24995,0
12061,24995,0
12062,24995,0
12063,24995,0
12064,24995,0
12065,24998,359
12066,24995,0
12067,24995,0
12068,24995,0
12069,24995,0
12070,24995,0
12071,24995,0
12072,24995,0
12073,24995,0
12074,24995,0
12075,24995,0
12076,24995,59
12077,24995,13
12078,24995,0
12079,24995,0
12080,24995,0
12081,24995,0
12082,25005,1085
12083,24995,0
12084,25001,713
12085,24995,0
12086,24995,0
12087,24995,0
12088,24995,0
12089,24995,0
12090,25016,2218
12091,24995,0
12092,25114,12496
12093,24995,0
12094,24995,0
12095,24999,472
12096,25018,2490
12097,24995,0
12098,24995,0
12099,24995,0
12100,24998,318
12101,24995,0
12102,24995,0
12103,25024,3109
12104,24995,0
12105,24995,0
12106,24995,0
12107,24995,0
12108,24995,0
12109,24995,0
12110,24995,0
12111,24995,0
12112,24995,0
12113,24995,0
12114,24995,29
12115,25012,1876
12116,24995,72
12117,24995,0
12118,24999,426
12119,24995,0
12120,24995,0
12121,24995,0
12122,24995,0
12123,24995,0
12124,25007,1312
12125,24995,0
12126,24995,0
12127,24995,0
12128,24995,0
12129,24995,0
12130,24995,0
12131,24995,0
12132,24995,0
12133,25043,5058
12134,24995,0
12135,24995,0
12136,24995,0
12137,24995,0
12138,24995,0
12139,24995,0
12140,24995,0
12141,24995,0
12142,24995,0
12143,24995,0
12144,24995,0
12145,24995,0
12146,24995,0
12147,24995,0
12148,24995,0
12149,24995,0
12150,24995,0
12151,24995,0
12152,24995,0
12153,24995,73
12154,24995,0
12155,24995,0
12156,24995,0
12157,24995,0
12158,24995,0
12159,24995,0
12160,24995,0
12161,24995,0
12162,24995,0
12163,24995,0
12164,24995,0
12165,24995,0
12166,24995,0
12167,24995,0
12168,24995,0
12169,24995,0
12170,24995,9
12171,24995,0
12172,24995,0
12173,24995,0
12174,24995,9
12175,24995,0
12176,24995,0
12177,24995,0
12178,24995,0
12179,24995,0
12180,24995,0
12181,24995,0
12182,24995,0
12183,24995,0
12184,24995,0
12185,24995,0
12186,24995,0
12187,24995,0
12188,24997,268
12189,24995,0
12190,24995,0
12191,24995,0
12192,24995,0
12193,24995,0
12194,24995,0
12195,24995,0
12196,24996,109
12197,24995,0
12198,24995,0
12199,24995,0
12200,25006,1212
12201,24995,0
12202,24995,0
12203,24995,0
12204,24995,0
12205,24995,0
12206,24995,0
12207,24995,0
12208,24995,0
12209,24995,0
12210,24995,0
12211,24995,0
12212,24998,409
12213,24995,0
12214,24995,0
12215,24995,9
12216,24995,0
12217,24995,0
12218,24995,0
12219,24995,0
12220,24995,0
12221,24995,0
12222,24995,0
12223,25369,39059
12224,24995,0
12225,24995,0
12226,24995,0
12227,24995,9
12228,24995,0
12229,24995,0
12230,24995,0
12231,24995,0
12232,24995,0
12233,24995,0
12234,24995,0
12235,24995,0
12236,24995,0
12237,25000,549
12238,24995,0
12239,24995,0
12240,24997,238
12241,24995,0
12242,24995,0
12243,24995,0
12244,24995,0
12245,25001,659
12246,24995,0
12247,24995,0
12248,25052,6035
12249,24995,0
12250,24995,0
12251,24995,0
12252,24995,0
12253,24995,0
12254,24995,0
12255,24995,0
12256,24995,0
12257,24995,0
12258,24995,0
12259,24995,0
12260,24995,0
12261,24995,0
12262,25001,659
12263,24995,0
12264,24995,0
12265,24995,0
12266,24995,0
12267,24995,0
12268,24995,0
12269,24995,0
12270,24995,0
12271,24995,0
12272,24995,0
12273,24995,0
12274,24995,0
12275,24995,0
12276,24995,0
12277,24995,0
12278,24995,0
12279,24995,0
12280,24995,0
12281,24995,0
12282,25002,759
12283,24995,0
12284,24998,309
12285,24995,0
12286,24995,0
12287,24995,0
12288,24995,0
12289,24995,0
12290,25055,6359
12291,24995,0
12292,24995,0
12293,24995,0
12294,24995,0
12295,24995,0
12296,24999,435
12297,24995,0
12298,24995,0
12299,24995,0
12300,24995,0
12301,24995,0
12302,24995,0
12303,24995,0
12304,24995,0
12305,24995,0
12306,24995,0
12307,24995,0
12308,24995,0
12309,24995,0
12310,24995,0
12311,24995,0
12312,24995,0
12313,24995,0
12314,24995,9
12315,24995,0
12316,24995,0
12317,24995,0
12318,24995,0
12319,24995,0
12320,24995,0
12321,25102,11298
12322,24995,0
12323,25000,581
12324,24995,0
12325,24995,0
12326,24995,0
12327,24995,0
12328,24995,0
12329,24995,0
12330,24995,0
12331,24996,122
12332,25014,2018
12333,24995,0
12334,24995,0
12335,24998,313
12336,24995,0
12337,24995,0
12338,24995,0
12339,24995,0
12340,24995,0
12341,24995,0
12342,24995,0
12343,24995,0
12344,24995,0
12345,24995,0
12346,25000,613
12347,24995,0
12348,25017,2405
12349,24995,0
12350,24995,0
12351,24995,0
12352,24996,113
12353,25004,959
12354,24995,0
12355,24998,408
12356,24995,0
12357,24995,0
12358,24995,0
12359,24995,0
12360,24998,359
12361,24995,0
12362,24995,0
12363,24995,0
12364,24995,0
12365,24995,0
12366,24995,0
12367,24995,0
12368,24995,0
12369,24995,0
12370,24995,0
12371,24995,0
12372,24995,0
12373,24995,0
12374,24995,0
12375,24995,0
12376,24995,0
12377,24995,0
12378,24995,0
12379,24995,0
12380,25000,555
12381,24995,0
12382,24995,0
12383,24995,0
12384,24995,0
12385,25003,927
12386,24995,0
12387,24995,0
12388,24995,0
12389,24995,0
12390,24995,0
12391,24998,409
12392,24995,0
12393,24995,0
12394,24995,0
12395,24995,0
12396,24995,0
12397,24996,159
12398,24995,0
12399,24999,479
12400,24995,0
12401,25004,1013
12402,24995,0
12403,24995,0
12404,24996,129
12405,24995,0
12406,24995,0
12407,24995,0
12408,24995,0
12409,24995,0
12410,25022,2918
12411,24995,0
12412,24998,318
12413,24995,0
12414,24995,0
12415,24995,0
12416,24995,0
12417,24995,0
12418,24995,0
12419,24999,509
12420,24995,0
12421,24995,0
12422,24995,0
12423,24995,0
12424,25005,1059
12425,24995,0
12426,24995,0
12427,24995,0
12428,24995,0
12429,24995,0
12430,24995,0
12431,24995,0
12432,24995,0
12433,25002,729
12434,24996,159
12435,25004,968
12436,24995,0
12437,24995,0
12438,24995,0
12439,24995,0
12440,24995,0
12441,24995,0
12442,24995,0
12443,24995,0
12444,24995,0
12445,24995,0
12446,24995,0
12447,24995,0
12448,24995,0
12449,24995,0
12450,24995,0
12451,24995,0
12452,24995,0
12453,24995,0
12454,24995,0
12455,25039,4618
12456,24995,0
12457,24995,0
12458,25007,1349
12459,24995,0
12460,25389,41059
12461,24995,0
12462,24995,0
12463,24995,0
12464,24995,0
12465,24995,0
12466,24995,0
12467,24995,0
12468,24995,0
12469,24995,0
12470,24995,0
12471,24995,0
12472,24995,0
12473,24995,0
12474,24995,0
12475,24995,0
12476,24995,0
12477,24995,0
12478,24995,0
12479,25004,1035
12480,24995,0
12481,24995,0
12482,24995,0
12483,24995,0
12484,24995,0
12485,24995,0
12486,24995,0
12487,24995,0
12488,24995,0
12489,24995,0
12490,24995,0
12491,24995,0
12492,24995,0
12493,24995,0
12494,24995,0
12495,24995,0
12496,24995,0
12497,24995,0
12498,24995,0
12499,24995,0
12500,24995,0
12501,24995,0
12502,24995,0
12503,24995,0
12504,24995,0
12505,24995,0
12506,24995,0
12507,24995,0
12508,25013,1922
12509,24995,0
12510,25135,14754
12511,24995,0
12512,25012,1829
12513,24995,0
12514,24995,0
12515,25014,2013
12516,24995,0
12517,25001,718
12518,24995,0
12519,24995,0
12520,24995,0
12521,25001,686
12522,24995,0
12523,24995,0
12524,24995,0
12525,24995,0
12526,24995,0
12527,24995,0
12528,24995,0
12529,24995,0
12530,24995,0
12531,24995,0
12532,24995,0
12533,24995,0
12534,24995,0
12535,24995,0
12536,24995,0
12537,24995,0
12538,24995,0
12539,24995,0
12540,24995,0
12541,25253,27013
12542,24995,0
12543,24995,0
12544,24995,0
12545,24995,0
12546,24995,0
12547,24995,0
12548,24995,0
12549,24995,0
12550,24995,0
12551,24995,0
12552,24995,0
12553,24995,0
12554,24995,0
12555,24995,0
12556,24995,0
12557,24995,0
12558,24995,0
12559,24995,0
12560,24995,0
12561,24995,0
12562,24995,0
12563,24995,0
12564,24995,0
12565,24995,0
12566,24995,0
12567,24995,0
12568,24999,509
12569,24995,0
12570,24995,0
12571,25483,50809
12572,24995,0
12573,24995,0
12574,24995,0
12575,24995,0
12576,24995,0
12577,24995,0
12578,24995,0
12579,24995,0
12580,24995,0
12581,24995,0
12582,24995,0
12583,24995,0
12584,24995,0
12585,24995,0
12586,25009,1518
12587,24998,359
12588,24995,0
12589,24995,0
12590,24995,0
12591,24995,0
12592,24995,0
12593,24995,0
12594,24995,0
12595,24995,0
12596,25015,2109
12597,24995,0
12598,24995,0
12599,24995,0
12600,24995,0
12601,24997,218
12602,24995,0
12603,24995,0
12604,24995,0
12605,24995,0
12606,24995,0
12607,25014,2045
12608,24995,0
12609,24995,0
12610,24995,0
12611,24995,0
12612,24995,0
12613,24995,0
12614,24995,0
12615,24995,0
12616,24995,0
12617,24995,0
12618,24995,0
12619,24995,0
12620,24995,0
12621,24995,0
12622,24995,0
12623,25004,969
12624,24995,0
12625,24995,0
12626,24995,0
12627,24996,159
12628,24995,0
12629,24995,0
12630,25008,1429
12631,25008,1409
12632,24995,0
12633,24995,0
12634,24995,0
12635,24995,0
12636,24995,0
12637,24995,0
12638,24995,0
12639,24995,0
12640,24995,0
12641,25024,3122
12642,25001,649
12643,25000,609
12644,24995,0
12645,24995,0
12646,25047,5468
12647,25014,2059
12648,24995,0
12649,24995,0
12650,24995,0
12651,25000,609
12652,25046,5418
12653,24995,0
12654,25101,11177
12655,24995,0
12656,24995,0
12657,24995,0
12658,24995,0
12659,25010,1622
12660,24995,0
12661,25032,3918
12662,24995,0
12663,24995,0
12664,24995,0
12665,24995,0
12666,24995,0
12667,24995,0
12668,24995,0
12669,24995,0
12670,24995,53
12671,24995,0
12672,24995,0
12673,24995,0
12674,25016,2263
12675,24995,0
12676,24995,0
12677,24995,0
12678,24995,0
12679,24995,0
12680,24995,0
12681,24995,0
12682,24995,0
12683,24995,0
12684,24996,109
12685,24995,0
12686,24995,0
12687,24995,0
12688,24995,0
12689,24995,0
12690,24995,0
12691,24995,0
12692,24995,0
12693,24995,0
12694,24995,0
12695,24995,0
12696,24995,0
12697,24995,0
12698,24995,0
12699,24995,0
12700,24995,0
12701,24995,0
12702,24995,0
12703,24995,36
12704,24995,0
12705,24995,0
12706,24995,0
12707,24995,0
12708,24995,0
12709,24995,0
12710,24995,0
12711,24995,0
12712,24995,0
12713,24995,0
12714,24995,0
12715,24995,0
12716,24995,0
12717,24999,495
12718,24995,0
12719,24995,0
12720,24995,0
12721,24995,0
12722,24995,0
12723,25016,2222
12724,24995,0
12725,24995,0
12726,24995,0
12727,24995,0
12728,24995,0
12729,24995,0
12730,24995,0
12731,24995,0
12732,24995,0
12733,24995,0
12734,24995,0
12735,24995,0
12736,24999,418
12737,24995,0
12738,25004,1009
12739,24995,0
12740,25000,563
12741,24995,0
12742,24995,0
12743,24995,0
12744,24995,0
12745,24995,0
12746,24995,0
12747,24995,0
12748,24995,0
12749,24999,478
12750,24995,0
12751,24995,0
12752,24995,0
12753,24995,0
12754,24995,0
12755,24995,0
12756,24995,0
12757,24995,0
12758,24995,0
12759,25005,1129
12760,24995,0
12761,24995,0
12762,24995,0
12763,24995,0
12764,24995,0
12765,24995,0
12766,24995,0
12767,24995,0
12768,24999,429
12769,24995,0
12770,24995,0
12771,24995,0
12772,24995,0
12773,24995,0
12774,24995,0
12775,24995,0
12776,24995,0
12777,24995,0
12778,24995,0
12779,24995,0
12780,25006,1151
12781,24995,0
12782,24995,0
12783,24995,0
12784,24995,0
12785,24995,0
12786,24995,0
12787,24995,0
12788,24995,0
12789,24999,459
12790,24995,0
12791,24995,18
12792,24995,0
12793,24995,0
12794,24995,0
12795,24995,0
12796,24995,0
12797,24995,0
12798,24995,0
12799,24995,0
12800,24995,0
12801,24995,80
12802,24995,0
12803,24995,0
12804,24995,0
12805,24995,0
12806,24995,0
12807,24995,0
12808,24995,0
12809,24995,0
12810,24995,0
12811,24995,0
12812,24995,0
12813,24995,0
12814,25014,2071
12815,24995,0
12816,24995,0
12817,24995,0
12818,24995,0
12819,24995,0
12820,24995,0
12821,24995,0
12822,25061,6918
12823,24995,0
12824,24995,0
12825,24997,213
12826,25023,2995
12827,24995,0
12828,24995,0
12829,24995,0
12830,24995,0
12831,24995,0
12832,24995,0
12833,24995,0
12834,24995,0
12835,24995,0
12836,25003,909
12837,24995,0
12838,24995,0
12839,24995,0
12840,25150,16318
12841,24995,0
12842,24995,0
12843,24995,0
12844,24995,0
12845,24995,0
12846,24995,0
12847,25497,52218
12848,25011,1718
12849,24995,0
12850,24995,0
12851,24995,0
12852,24995,0
12853,24995,0
12854,24995,0
12855,24995,0
12856,24995,0
12857,25001,659
12858,24995,0
12859,24995,0
12860,24995,0
12861,24995,0
12862,24995,0
12863,24996,163
12864,24995,0
12865,25015,2109
12866,24995,0
12867,25014,2009
12868,24995,0
12869,24995,0
12870,24998,358
12871,24995,0
12872,24995,0
12873,24995,0
12874,24995,0
12875,24995,0
12876,24998,309
12877,24995,0
12878,24995,0
12879,24995,0
12880,24995,0
12881,24995,0
12882,24995,0
12883,25024,3109
12884,24995,0
12885,24995,0
12886,25000,577
12887,25004,1033
12888,24995,0
12889,24995,0
12890,24995,0
12891,24995,0
12892,24995,0
12893,24995,0
12894,24995,0
12895,24995,0
12896,24996,109
12897,24995,0
12898,24995,0
12899,24995,22
12900,24995,0
12901,24995,0
12902,24995,0
12903,24995,0
12904,25573,60078
12905,24995,0
12906,24995,0
12907,24995,0
12908,25015,2099
12909,24995,0
12910,24995,0
12911,24995,0
12912,24995,0
12913,24995,0
12914,24995,0
12915,24995,0
12916,24995,0
12917,24995,0
12918,24995,0
12919,24995,0
12920,24995,0
12921,24995,0
12922,24995,0
12923,24995,0
12924,24995,0
12925,24995,0
12926,25018,2508
12927,24995,0
12928,24995,0
12929,24995,0
12930,24995,0
12931,24998,309
12932,24995,0
12933,24995,0
12934,25016,2213
12935,24995,0
12936,24995,0
12937,24995,0
12938,24997,227
12939,24995,0
12940,24995,0
12941,24995,0
12942,24998,409
12943,24995,0
12944,24999,422
12945,24998,309
12946,24995,0
12947,24995,0
12948,24995,0
12949,24995,0
12950,24995,0
12951,25018,2442
12952,24995,0
12953,24995,0
12954,24995,0
12955,24995,0
12956,24995,0
12957,24995,0
12958,24995,0
12959,24995,0
12960,24995,0
12961,24995,0
12962,24995,0
12963,24995,0
12964,24995,0
12965,24995,0
12966,24995,0
12967,24995,0
12968,24995,0
12969,24995,0
12970,25005,1097
12971,24995,0
12972,24995,0
12973,24995,0
12974,25499,52427
12975,24995,0
12976,24995,0
12977,25081,9053
12978,24995,0
12979,24995,0
12980,24995,0
12981,24999,429
12982,24995,0
12983,24995,0
12984,24995,0
12985,24995,0
12986,24995,0
12987,24995,0
12988,24995,0
12989,25029,3605
12990,24995,0
12991,24995,0
12992,24995,0
12993,24995,0
12994,24995,0
12995,24995,0
12996,24995,0
12997,24995,0
12998,24995,0
12999,24995,0
13000,24995,0
13001,24995,0
13002,24995,0
13003,24995,0
13004,24995,0
13005,24995,0
13006,25205,22018
13007,24995,0
13008,24995,33
13009,24995,0
13010,24995,0
13011,24995,0
13012,24995,0
13013,24995,0
13014,24995,0
13015,24995,0
13016,25032,3964
13017,24995,0
13018,24995,0
13019,24996,109
13020,25008,1435
13021,24995,0
13022,24995,0
13023,24995,0
13024,24995,0
13025,24995,0
13026,24995,0
13027,25025,3178
13028,24995,0
13029,24995,0
13030,25026,3295
13031,25010,1609
13032,24995,0
13033,24995,0
13034,24995,0
13035,24995,0
13036,24995,0
13037,24995,0
13038,25017,2381
13039,24995,0
13040,24995,0
13041,24995,0
13042,25003,909
13043,24995,0
13044,24995,0
13045,24995,0
13046,24995,0
13047,24995,0
13048,24995,0
13049,24995,0
13050,24995,0
13051,24995,0
13052,24995,0
13053,25020,2618
13054,24995,0
13055,24995,0
13056,24995,0
13057,24995,0
13058,25000,529
13059,24995,0
13060,24995,0
13061,25033,4009
13062,24995,0
13063,24995,0
13064,24995,0
13065,24995,0
13066,24995,0
13067,24995,0
13068,24995,0
13069,24995,0
13070,24995,0
13071,25031,3828
13072,24995,0
13073,24995,0
13074,24995,0
13075,25246,26236
13076,25042,4959
13077,24995,0
13078,24995,0
13079,24995,0
13080,25001,679
13081,24995,0
13082,24995,0
13083,24995,0
13084,24995,0
13085,24995,0
13086,25004,1026
13087,24995,0
13088,25014,2049
13089,24995,0
13090,24995,0
13091,24995,0
13092,24995,0
13093,24995,0
13094,24998,329
13095,24995,0
13096,24995,0
13097,24995,0
13098,24995,0
13099,24995,0
13100,24995,0
13101,25002,759
13102,24995,0
13103,24995,0
13104,24995,0
13105,24995,0
13106,24995,0
13107,24995,0
13108,24995,0
13109,24995,0
13110,24995,0
13111,24995,0
13112,24995,0
13113,24995,0
13114,24995,0
13115,24995,9
13116,24998,318
13117,24995,0
13118,24995,0
13119,24995,0
13120,24995,0
13121,24995,0
13122,24995,0
13123,24995,0
13124,24995,0
13125,25063,7129
13126,24995,0
13127,24995,0
13128,24995,0
13129,24995,0
13130,24995,0
13131,24995,0
13132,24995,0
13133,24995,0
13134,24995,0
13135,24995,0
13136,24995,0
13137,24995,0
13138,24996,179
13139,24995,0
13140,24995,0
13141,24995,0
13142,24995,0
13143,24995,0
13144,24995,0
13145,24995,0
13146,24995,0
13147,25009,1509
13148,24995,0
13149,24995,0
13150,24995,0
13151,24995,0
13152,24995,0
13153,24995,0
13154,24995,0
13155,24995,0
13156,24995,0
13157,24995,0
13158,24995,0
13159,24998,349
13160,24995,0
13161,24995,0
13162,24995,0
13163,24995,0
13164,25001,663
13165,24995,0
13166,24995,0
13167,24995,0
13168,24995,0
13169,24998,379
13170,24995,0
13171,24995,0
13172,24995,0
13173,24995,9
13174,24999,459
13175,24995,0
13176,24999,479
13177,24995,0
13178,24995,0
13179,24995,0
13180,24995,0
13181,24995,0
13182,25010,1617
13183,24995,0
13184,24995,0
13185,24995,0
13186,24995,0
13187,24995,0
13188,24995,0
13189,24995,0
13190,24995,0
13191,24995,0
13192,24995,0
13193,24995,0
13194,24995,0
13195,24995,0
13196,24995,0
13197,24995,0
13198,24995,0
13199,24995,0
13200,24995,0
13201,24995,0
13202,24995,0
13203,24997,209
13204,24995,0
13205,24995,0
13206,24995,0
13207,24995,0
13208,25014,2009
13209,24995,0
13210,24995,0
13211,24995,0
13212,24995,0
13213,24995,0
13214,24995,0
13215,24995,0
13216,24995,0
13217,24995,0
13218,24995,0
13219,24995,0
13220,24995,0
13221,24995,0
13222,25005,1045
13223,24995,0
13224,24995,9
13225,24995,0
13226,24995,0
13227,24995,0
13228,24995,0
13229,24995,0
13230,25009,1509
13231,25003,913
13232,24995,0
13233,24995,0
13234,24995,0
13235,24995,0
13236,24995,0
13237,24995,0
13238,24995,0
13239,24995,0
13240,25004,1009
13241,24995,0
13242,24995,0
13243,24995,0
13244,24995,0
13245,24995,0
13246,25050,5804
13247,24996,109
13248,24995,0
13249,24995,0
13250,24995,0
13251,24995,0
13252,24995,0
13253,25008,1429
13254,24995,0
13255,24995,0
13256,24995,0
13257,24995,0
13258,24995,0
13259,24995,0
13260,24995,0
13261,24995,0
13262,24995,59
13263,24995,0
13264,24995,0
13265,24995,9
13266,24995,0
13267,25003,856
13268,24995,0
13269,24995,0
13270,24995,0
13271,25002,788
13272,24995,0
13273,25006,1213
13274,24995,0
13275,25008,1413
13276,24995,0
13277,24995,0
13278,24995,0
13279,24995,0
13280,24995,0
13281,24995,0
13282,24995,0
13283,24995,9
13284,24995,0
13285,25020,2699
13286,24995,0
13287,24995,0
13288,25019,2529
13289,24995,0
13290,25000,579
13291,24995,0
13292,24995,0
13293,25234,25059
13294,24995,0
13295,24995,0
13296,24995,0
13297,25003,929
13298,24995,0
13299,24995,0
13300,24995,0
13301,24995,0
13302,24995,0
13303,25124,13596
13304,24995,9
13305,24995,0
13306,24995,0
13307,24995,0
13308,25000,613
13309,24995,0
13310,24995,0
13311,24995,0
13312,24995,0
13313,24995,0
13314,25010,1656
13315,24995,0
13316,24995,0
13317,24995,0
13318,24995,0
13319,24995,0
13320,24995,0
13321,24995,0
13322,24995,0
13323,24995,0
13324,24995,0
13325,24995,0
13326,24995,0
13327,24995,0
13328,24995,0
13329,25000,518
13330,24995,0
13331,24995,0
13332,25044,5145
13333,24995,0
13334,24995,0
13335,24995,0
13336,24995,0
13337,24995,0
13338,24998,359
13339,25000,609
13340,25043,5035
13341,24995,0
13342,24995,0
13343,25027,3409
13344,24995,0
13345,24995,0
13346,24995,0
13347,24995,0
13348,24995,0
13349,24995,0
13350,24995,0
13351,24995,0
13352,25009,1486
13353,24995,0
13354,24995,0
13355,24995,0
13356,24995,0
13357,24995,0
13358,24995,0
13359,24995,0
13360,24995,0
13361,24995,0
13362,24995,0
13363,24995,0
13364,24995,0
13365,25003,922
13366,25002,809
13367,24995,0
13368,24998,409
13369,25012,1809
13370,24995,0
13371,24995,0
13372,24995,0
13373,24995,0
13374,24995,0
13375,24995,0
13376,24995,0
13377,24995,0
13378,24995,0
13379,25003,885
13380,24995,0
13381,24995,0
13382,24995,0
13383,24995,0
13384,24995,0
13385,24999,509
13386,25019,2513
13387,24995,0
13388,24995,0
13389,24995,0
13390,24995,0
13391,24995,0
13392,24995,0
13393,24995,0
13394,24995,0
13395,24995,0
13396,24995,0
13397,24995,0
13398,24995,0
13399,24995,0
13400,24995,0
13401,24995,0
13402,24995,0
13403,24999,479
13404,24995,0
13405,25014,2009
13406,24995,0
13407,24995,0
13408,24995,0
13409,24995,0
13410,24995,0
13411,24995,0
13412,24995,0
13413,24995,0
13414,24995,0
13415,24995,0
13416,24995,0
13417,24995,0
13418,24995,0
13419,25001,633
13420,24995,0
13421,24995,0
13422,24995,0
13423,25010,1609
13424,24995,0
13425,24995,0
13426,25002,759
13427,24995,0
13428,24995,0
13429,24995,0
13430,24995,0
13431,24995,0
13432,24995,0
13433,24995,0
13434,24995,0
13435,24995,0
13436,24995,0
13437,24995,0
13438,24995,0
13439,24995,0
13440,24995,0
13441,24995,0
13442,24995,0
13443,24995,0
13444,24997,238
13445,24995,0
13446,24995,0
13447,24995,0
13448,24995,0
13449,24995,0
13450,25000,609
13451,25010,1582
13452,24995,0
13453,24995,0
13454,25019,2518
13455,24995,0
13456,24995,0
13457,24995,0
13458,24995,0
13459,25002,809
13460,24995,0
13461,24995,0
13462,24995,0
13463,25004,1009
13464,25256,27286
13465,24995,0
13466,24995,0
13467,24995,0
13468,24995,0
13469,24995,0
13470,24995,0
13471,24995,0
13472,24995,0
13473,24995,0
13474,24995,0
13475,24995,0
13476,24995,0
13477,24995,0
13478,24995,0
13479,24995,0
13480,24995,0
13481,24995,0
13482,24995,0
13483,24995,0
13484,24996,109
13485,24995,0
13486,24995,0
13487,24999,422
13488,24995,0
13489,24995,0
13490,24995,0
13491,24995,0
13492,24995,0
13493,24995,0
13494,24995,0
13495,24995,0
13496,24995,0
13497,24995,0
13498,24995,0
13499,25001,669
13500,25004,1029
13501,24995,0
13502,24995,0
13503,24995,0
13504,25033,4009
13505,24995,0
13506,24995,0
13507,24995,0
13508,24995,0
13509,24995,0
13510,24995,0
13511,24995,0
13512,24995,27
13513,24995,0
13514,25554,58138
13515,24995,0
13516,25022,2922
13517,24995,0
13518,24995,0
13519,24995,0
13520,24995,0
13521,24995,0
13522,24995,0
13523,25004,959
13524,24995,0
13525,24995,0
13526,24995,0
13527,24995,0
13528,24995,0
13529,25022,2829
13530,24995,0
13531,24995,0
13532,24995,0
13533,24995,0
13534,24995,0
13535,24995,0
13536,24995,0
13537,24995,0
13538,24995,0
13539,24995,0
13540,24995,0
13541,24995,0
13542,24995,0
13543,24995,0
13544,24997,209
13545,24995,0
13546,24995,0
13547,24995,0
13548,24995,0
13549,24995,0
13550,25007,1345
13551,24995,0
13552,24997,209
13553,24995,0
13554,25004,1018
13555,24995,0
13556,24995,0
13557,24995,0
13558,24995,58
13559,24995,0
13560,24995,0
13561,24995,0
13562,25091,10109
13563,24995,0
13564,24995,0
13565,24995,0
13566,24995,0
13567,25094,10409
13568,24995,0
13569,24995,0
13570,24995,0
13571,25091,10118
13572,24995,0
13573,24995,0
13574,24995,0
13575,24995,0
13576,24995,0
13577,25032,3929
13578,24995,0
13579,24995,0
13580,24995,0
13581,24995,0
13582,24997,218
13583,24995,0
13584,24995,0
13585,24995,0
13586,24995,0
13587,24995,0
13588,25020,2709
13589,24995,0
13590,24995,0
13591,24995,0
13592,24995,0
13593,24995,0
13594,24997,209
13595,24995,0
13596,24995,0
13597,25021,2759
13598,24995,0
13599,24995,18
13600,24995,0
13601,24995,0
13602,24995,0
13603,25012,1872
13604,24995,0
13605,24995,0
13606,24995,0
13607,24995,0
13608,24995,0
13609,24995,0
13610,24995,0
13611,24995,0
13612,24995,0
13613,24995,0
13614,24995,0
13615,24995,0
13616,24995,0
13617,24995,0
13618,24995,0
13619,24995,0
13620,24995,0
13621,24995,0
13622,24995,0
13623,24995,0
13624,24995,0
13625,24995,0
13626,24995,0
13627,24995,0
13628,24995,0
13629,24995,0
13630,24995,0
13631,24995,0
13632,24999,509
13633,24995,0
13634,24995,0
13635,24995,0
13636,24995,0
13637,24995,0
13638,24998,409
13639,24995,0
13640,24995,0
13641,24995,0
13642,24995,0
13643,24995,0
13644,24995,0
13645,25000,613
13646,24995,0
13647,25476,50059
13648,24995,0
13649,24995,0
13650,24995,0
13651,24995,0
13652,24995,0
13653,24995,0
13654,24995,0
13655,24995,0
13656,24995,0
13657,24995,0
13658,24995,0
13659,24995,0
13660,25006,1178
13661,24995,0
13662,24995,0
13663,24995,0
13664,24995,0
13665,24995,0
13666,24995,0
13667,24995,0
13668,24995,0
13669,24995,0
13670,24995,0
13671,24995,0
13672,24995,0
13673,24995,0
13674,24995,0
13675,24995,0
13676,24995,0
13677,25022,2844
13678,24995,0
13679,24995,0
13680,24995,0
13681,24995,0
13682,24995,0
13683,24995,0
13684,24995,0
13685,24995,0
13686,24995,0
13687,24995,0
13688,24995,0
13689,24995,0
13690,24995,0
13691,24995,0
13692,24995,0
13693,24995,0
13694,24995,0
13695,25041,4824
13696,24995,0
13697,25017,2336
13698,25048,5569
13699,25032,3918
13700,24995,0
13701,24995,0
13702,24995,0
13703,24999,413
13704,24995,0
13705,24995,0
13706,25045,5259
13707,24995,0
13708,24995,0
13709,24995,0
13710,25189,20331
13711,24995,0
13712,24995,0
13713,25001,622
13714,24995,0
13715,24995,0
13716,24995,0
13717,24995,0
13718,24995,0
13719,24995,0
13720,24995,0
13721,24995,0
13722,24995,0
13723,24995,0
13724,24995,0
13725,24995,0
13726,24995,0
13727,24995,0
13728,24995,0
13729,24995,0
13730,24995,0
13731,24995,0
13732,24995,0
13733,24995,0
13734,24995,0
13735,25486,51109
13736,24995,0
13737,24995,0
13738,24995,0
13739,24995,0
13740,24995,0
13741,24995,0
13742,24995,0
13743,24995,0
13744,24995,0
13745,24995,0
13746,24995,0
13747,24995,0
13748,24995,0
13749,24995,0
13750,24995,0
13751,24995,0
13752,24995,0
13753,24995,0
13754,24995,0
13755,24995,0
13756,24995,0
13757,24997,229
13758,24995,0
13759,24995,0
13760,24995,0
13761,24995,0
13762,24995,0
13763,24995,0
13764,24995,0
13765,25003,879
13766,24995,0
13767,24995,0
13768,24996,129
13769,24995,0
13770,24995,0
13771,25006,1163
13772,24995,13
13773,24995,0
13774,24995,0
13775,24995,0
13776,25018,2445
13777,24995,0
13778,25018,2409
13779,24995,0
13780,24995,0
13781,24998,309
13782,24995,33
13783,24995,0
13784,24995,0
13785,24995,0
13786,24995,0
13787,24995,0
13788,24995,0
13789,24999,509
13790,24995,0
13791,25013,1909
13792,24995,26
13793,24995,0
13794,24995,0
13795,25002,809
13796,24995,0
13797,24995,0
13798,24995,0
13799,25071,8009
13800,24995,0
13801,24995,0
13802,24995,0
13803,24995,0
13804,24995,0
13805,24995,0
13806,24995,0
13807,24995,0
13808,25002,804
13809,24995,0
13810,24995,0
13811,24995,0
13812,24995,0
13813,24995,0
13814,24995,0
13815,24995,0
13816,24995,0
13817,24995,0
13818,24995,0
13819,24995,0
13820,24995,0
13821,25000,609
13822,24995,0
13823,24995,0
13824,24995,0
13825,24995,0
13826,25002,733
13827,24995,0
13828,24995,0
13829,24995,0
13830,24995,0
13831,24995,18
13832,24995,0
13833,24995,0
13834,24995,0
13835,24995,0
13836,24995,0
13837,25010,1668
13838,24995,0
13839,24995,0
13840,24995,0
13841,24995,0
13842,24995,0
13843,24995,0
13844,24995,0
13845,25011,1736
13846,24995,0
13847,24995,0
13848,24995,0
13849,25014,2022
13850,24995,0
13851,24995,0
13852,24995,0
13853,24995,0
13854,24995,0
13855,24995,0
13856,24995,0
13857,25054,6238
13858,24995,0
13859,24995,0
13860,24995,0
13861,24995,0
13862,24995,0
13863,24995,0
13864,24995,0
13865,25000,554
13866,25016,2209
13867,24995,0
13868,24995,0
13869,24995,0
13870,24995,0
13871,24996,129
13872,25485,51029
13873,24999,429
13874,24995,0
13875,24995,0
13876,24995,0
13877,24995,0
13878,24995,0
13879,24996,145
13880,24995,0
13881,24995,0
13882,25004,1009
13883,25004,1018
13884,25004,1009
13885,24995,0
13886,24995,0
13887,24995,0
13888,24999,413
13889,24995,0
13890,24995,0
13891,24995,0
13892,24995,0
13893,24995,0
13894,25007,1318
13895,24995,0
13896,24995,0
13897,24995,0
13898,24995,0
13899,24995,0
13900,24995,0
13901,24995,0
13902,24995,0
13903,24995,0
13904,25005,1118
13905,24995,0
13906,25002,818
13907,24995,0
13908,24995,0
13909,24995,0
13910,24995,0
13911,25009,1559
13912,24995,0
13913,24998,309
13914,24995,0
13915,24996,159
13916,24995,0
13917,24995,0
13918,24996,109
13919,24995,18
13920,24995,0
13921,24995,0
13922,24998,309
13923,24995,0
13924,24995,0
13925,24995,0
13926,24995,0
13927,24995,0
13928,24995,0
13929,24995,0
13930,24995,0
13931,24995,0
13932,24995,0
13933,24995,0
13934,24995,0
13935,24995,0
13936,24995,0
13937,24995,0
13938,24995,0
13939,24995,0
13940,24995,0
13941,24995,0
13942,24995,0
13943,24995,0
13944,24995,0
13945,24995,0
13946,24995,0
13947,24995,0
13948,24995,0
13949,24995,0
13950,24995,0
13951,24995,0
13952,24995,0
13953,24995,0
13954,24995,0
13955,25047,5513
13956,24995,0
13957,24995,0
13958,25024,3108
13959,24995,0
13960,24995,0
13961,24999,468
13962,24995,0
13963,24995,0
13964,24995,0
13965,24995,0
13966,24995,0
13967,24995,62
13968,24995,0
13969,24995,62
13970,24995,0
13971,25009,1513
13972,24995,0
13973,25020,2640
13974,24995,0
13975,24995,0
13976,25018,2409
13977,24995,0
13978,25006,1211
13979,24995,0
13980,24999,459
13981,24995,0
13982,24995,0
13983,24995,0
13984,24995,0
13985,25000,538
13986,24995,0
13987,24995,0
13988,24995,0
13989,24995,0
13990,24995,0
13991,24995,0
13992,24995,0
13993,24995,0
13994,24995,0
13995,24995,0
13996,24995,0
13997,24995,0
13998,24995,0
13999,24995,0
14000,24995,0
14001,24998,309
14002,24995,0
14003,25005,1122
14004,24995,0
14005,24995,0
14006,24995,0
14007,24995,0
14008,24995,0
14009,24995,0
14010,24995,0
14011,24995,0
14012,24995,0
14013,24995,0
14014,24995,0
14015,24995,0
14016,25027,3409
14017,24995,0
14018,24995,0
14019,24995,0
14020,24995,0
14021,24995,0
14022,24995,0
14023,24995,0
14024,24995,0
14025,24995,0
14026,24995,0
14027,24995,0
14028,24995,0
14029,24995,0
14030,24995,0
14031,24995,0
14032,24995,0
14033,24995,0
14034,24995,0
14035,24995,0
14036,24995,0
14037,24995,0
14038,24995,0
14039,24995,0
14040,25011,1713
14041,24995,0
14042,24995,0
14043,24995,0
14044,24995,0
14045,24995,0
14046,24995,9
14047,25045,5306
14048,24995,0
14049,24995,0
14050,24995,0
14051,24995,0
14052,24995,0
14053,25018,2418
14054,24995,0
14055,24995,0
14056,24995,0
14057,24995,0
14058,24995,0
14059,24995,0
14060,24995,0
14061,24995,0
14062,24995,0
14063,24995,0
14064,24995,0
14065,24995,0
14066,24995,0
14067,24995,0
14068,24995,0
14069,24995,0
14070,24996,159
14071,24995,0
14072,24995,0
14073,24995,0
14074,24995,0
14075,24995,0
14076,24995,0
14077,25010,1659
14078,24995,0
14079,24995,0
14080,25024,3047
14081,24995,0
14082,24995,0
14083,24995,0
14084,24995,0
14085,24995,0
14086,24995,0
14087,24995,0
14088,24995,0
14089,24995,0
14090,25000,613
14091,24995,0
14092,24996,188
14093,24995,0
14094,24995,0
14095,24995,0
14096,24995,0
14097,24995,0
14098,24995,0
14099,24995,0
14100,25014,2049
14101,24995,0
14102,24995,0
14103,24995,0
14104,24995,0
14105,24995,0
14106,24995,0
14107,24995,0
14108,24995,0
14109,24995,0
14110,24995,0
14111,24999,459
14112,24995,0
14113,24999,513
14114,24999,468
14115,24995,0
14116,24995,0
14117,25003,909
14118,24995,0
14119,24995,0
14120,24995,0
14121,24995,0
14122,24995,0
14123,24995,0
14124,24995,0
14125,24995,0
14126,24995,0
14127,24995,0
14128,24995,0
14129,24995,0
14130,24995,0
14131,24995,0
14132,24995,0
14133,24995,0
14134,24995,0
14135,24995,0
14136,24995,0
14137,24995,0
14138,24996,109
14139,25010,1568
14140,24995,0
14141,24999,513
14142,24995,0
14143,24995,0
14144,24995,0
14145,24995,0
14146,24995,0
14147,24995,0
14148,24995,0
14149,24995,0
14150,24995,0
14151,25435,45853
14152,24995,0
14153,24995,0
14154,24995,0
14155,24995,0
14156,24995,0
14157,24995,0
14158,24995,0
14159,24995,0
14160,24995,0
14161,24995,0
14162,24995,0
14163,24995,0
14164,24995,0
14165,24995,0
14166,24995,0
14167,25009,1509
14168,24995,0
14169,24995,0
14170,24995,0
14171,24995,0
14172,24995,0
14173,24995,0
14174,24995,0
14175,24995,0
14176,24995,0
14177,24995,0
14178,24995,0
14179,24995,0
14180,24995,0
14181,24995,0
14182,24995,0
14183,24995,0
14184,24995,0
14185,24995,0
14186,24995,0
14187,24995,0
14188,24995,0
14189,24995,0
14190,24995,0
14191,24995,0
14192,24995,0
14193,24995,0
14194,24995,0
14195,25001,718
14196,24995,0
14197,24995,0
14198,24995,0
14199,24995,0
14200,25000,517
14201,24995,0
14202,24995,0
14203,24995,0
14204,24995,0
14205,24995,0
14206,24995,0
14207,24995,0
14208,24995,0
14209,24995,0
14210,24995,0
14211,24995,0
14212,24995,0
14213,24995,0
14214,24995,0
14215,24995,0
14216,24995,0
14217,24995,0
14218,24995,0
14219,24995,0
14220,24995,0
14221,24995,0
14222,25001,666
14223,24995,0
14224,24995,0
14225,24995,0
14226,24995,0
14227,25014,2009
14228,24995,0
14229,24995,0
14230,24995,0
14231,24995,0
14232,25021,2727
14233,25030,3709
14234,24995,0
14235,24995,0
14236,24995,0
14237,24995,0
14238,24995,0
14239,24995,0
14240,24995,0
14241,24995,0
14242,24995,0
14243,24995,0
14244,24995,0
14245,24995,0
14246,25016,2259
14247,24995,0
14248,24995,0
14249,24995,0
14250,25107,11768
14251,24995,0
14252,24995,0
14253,24995,0
14254,24995,0
14255,24995,0
14256,24995,18
14257,24995,0
14258,24995,0
14259,24995,0
14260,24995,0
14261,24995,0
14262,25006,1172
14263,24995,0
14264,25023,2974
14265,24995,0
14266,25023,3013
14267,24998,409
14268,24995,0
14269,24995,0
14270,24995,0
14271,24995,0
14272,24995,0
14273,24995,0
14274,24995,0
14275,24995,0
14276,24995,0
14277,24995,0
14278,24995,0
14279,24995,0
14280,24995,0
14281,24996,129
14282,24995,0
14283,24995,0
14284,24995,0
14285,24999,513
14286,24995,0
14287,24995,0
14288,25018,2418
14289,24995,0
14290,24995,0
14291,24995,0
14292,24995,0
14293,24995,0
14294,24995,0
14295,24995,0
14296,24995,0
14297,24995,0
14298,24995,0
14299,24995,0
14300,24995,0
14301,24995,0
14302,25015,2195
14303,25011,1688
14304,24995,0
14305,24995,0
14306,24995,0
14307,24995,0
14308,24995,0
14309,24995,0
14310,24995,0
14311,24995,0
14312,24995,0
14313,24995,0
14314,24995,0
14315,25018,2509
14316,25007,1329
14317,24995,0
14318,24995,0
14319,24995,0
14320,24995,0
14321,24995,0
14322,24995,0
14323,24995,0
14324,24995,0
14325,24995,0
14326,24997,259
14327,24995,0
14328,24995,0
14329,24995,0
14330,24995,0
14331,24995,0
14332,24995,0
14333,24995,0
14334,24995,0
14335,24995,0
14336,25023,3009
14337,24995,0
14338,24995,0
14339,24995,0
14340,24995,0
14341,25066,7513
14342,24995,0
14343,24995,0
14344,24995,0
14345,24995,0
14346,24995,0
14347,24995,0
14348,24995,0
14349,24995,0
14350,24995,0
14351,24995,0
14352,25004,1036
14353,24995,0
14354,24995,0
14355,24995,0
14356,25014,2009
14357,24995,0
14358,24995,0
14359,24995,0
14360,24995,0
14361,24995,0
14362,24997,218
14363,24995,0
14364,25199,21359
14365,25014,2068
14366,24995,0
14367,24995,0
14368,24995,0
14369,24998,409
14370,24995,0
14371,24995,0
14372,24998,322
14373,24998,349
14374,24995,0
14375,24999,438
14376,24995,0
14377,24995,0
14378,24995,0
14379,24995,0
14380,24995,0
14381,24995,0
14382,25007,1263
14383,24995,0
14384,24995,0
14385,24995,0
14386,24995,0
14387,24995,0
14388,25026,3344
14389,24995,0
14390,24995,0
14391,24995,0
14392,24995,0
14393,24995,0
14394,24995,0
14395,24995,0
14396,25011,1718
14397,24995,0
14398,24995,0
14399,24995,0
14400,24995,0
14401,24995,0
14402,24995,0
14403,24995,0
14404,24995,0
14405,24995,0
14406,24995,0
14407,24995,0
14408,24995,0
14409,24995,0
14410,24995,0
14411,24997,233
14412,24995,0
14413,24995,0
14414,25015,2109
14415,24995,0
14416,24995,0
14417,24995,0
14418,24995,0
14419,24995,0
14420,24995,0
14421,24995,0
14422,24995,9
14423,24995,0
14424,24995,0
14425,24995,0
14426,24995,0
14427,24995,0
14428,24995,0
14429,24995,0
14430,24995,0
14431,24995,0
14432,24995,0
14433,24995,0
14434,24995,0
14435,24995,0
14436,24995,0
14437,24995,0
14438,24995,0
14439,24995,0
14440,24995,0
14441,24995,0
14442,24995,0
14443,24995,0
14444,24995,0
14445,24995,0
14446,25010,1609
14447,24995,0
14448,25100,11018
14449,24995,0
14450,24995,0
14451,24995,0
14452,24995,0
14453,24995,0
14454,24995,0
14455,24995,0
14456,24995,0
14457,24995,0
14458,24995,0
14459,24995,0
14460,24995,0
14461,24995,0
14462,24995,0
14463,24998,309
14464,24995,0
14465,24995,0
14466,24995,0
14467,24995,0
14468,24995,0
14469,24995,0
14470,24995,0
14471,24995,0
14472,24995,0
14473,24995,0
14474,24995,0
14475,24995,0
14476,24995,0
14477,24995,0
14478,24995,0
14479,24995,0
14480,25109,12009
14481,24995,0
14482,24995,0
14483,24995,0
14484,24995,0
14485,25211,22618
14486,25018,2477
14487,24995,0
14488,24995,0
14489,24995,0
14490,24995,0
14491,25005,1109
14492,24995,0
14493,24995,0
14494,25090,10054
14495,24995,0
14496,24995,0
14497,25087,9646
14498,24997,218
14499,24995,0
14500,24995,0
14501,24995,0
14502,24995,0
14503,24995,0
14504,24995,0
14505,24995,0
14506,24995,0
14507,24995,0
14508,24995,0
14509,24995,0
14510,24995,0
14511,24995,0
14512,25012,1809
14513,24995,0
14514,24997,218
14515,24995,0
14516,24995,0
14517,24995,0
14518,24995,0
14519,24995,0
14520,24995,0
14521,24995,0
14522,24995,0
14523,24995,0
14524,24995,0
14525,24995,0
14526,24995,0
14527,24995,0
14528,24995,0
14529,25039,4613
14530,25001,659
14531,24995,0
14532,24995,0
14533,24995,0
14534,24995,0
14535,24995,9
14536,24995,0
14537,24995,0
14538,24995,0
14539,24995,0
14540,24995,0
14541,24995,0
14542,24995,0
14543,24995,0
14544,24995,0
14545,25083,9238
14546,24995,0
14547,24995,0
14548,24995,0
14549,24995,0
14550,24995,0
14551,24995,0
14552,24995,0
14553,24995,0
14554,24995,0
14555,24995,0
14556,25006,1238
14557,24995,0
14558,24995,0
14559,24999,509
14560,24995,0
14561,24995,0
14562,24995,0
14563,24995,0
14564,24995,0
14565,24995,0
14566,24995,0
14567,24995,0
14568,24995,0
14569,24995,0
14570,24995,29
14571,24995,0
14572,25008,1459
14573,25038,4509
14574,24995,0
14575,24995,0
14576,24995,0
14577,24995,0
14578,25024,3109
14579,24995,0
14580,24995,0
14581,24995,0
14582,24995,0
14583,24995,0
14584,24995,0
14585,24995,0
14586,25014,2022
14587,24995,0
14588,24995,0
14589,25001,709
14590,24995,0
14591,24995,0
14592,24995,0
14593,24995,0
14594,24995,0
14595,25000,572
14596,24995,0
14597,24995,0
14598,24995,0
14599,24995,0
14600,24995,0
14601,24995,0
14602,24995,0
14603,24995,0
14604,24995,0
14605,24995,0
14606,24995,0
14607,24995,0
14608,24995,0
14609,24995,0
14610,25061,6976
14611,24995,0
14612,24995,0
14613,24995,0
14614,24995,0
14615,24995,0
14616,24995,0
14617,24995,0
14618,25000,518
14619,24995,0
14620,24995,0
14621,24995,0
14622,24995,0
14623,24995,0
14624,24998,379
14625,24995,0
14626,24995,0
14627,24995,0
14628,25047,5498
14629,24995,0
14630,24995,0
14631,24995,0
14632,24995,0
14633,24995,0
14634,24995,0
14635,24995,0
14636,25066,7518
14637,24995,0
14638,24995,13
14639,24995,0
14640,25006,1238
14641,24995,0
14642,24995,0
14643,24995,0
14644,24995,0
14645,24995,0
14646,24995,0
14647,25034,4093
14648,24995,0
14649,24995,0
14650,25012,1786
14651,24995,0
14652,24995,0
14653,24995,0
14654,24995,0
14655,24995,0
14656,24995,0
14657,24995,0
14658,25007,1309
14659,24995,0
14660,24995,0
14661,24995,0
14662,25081,9018
14663,24995,0
14664,24995,0
14665,24995,0
14666,24995,0
14667,24995,0
14668,24995,0
14669,24995,0
14670,24995,9
14671,24998,409
14672,24995,0
14673,25000,526
14674,24995,0
14675,24995,0
14676,24995,0
14677,24995,0
14678,24995,0
14679,24995,0
14680,24995,0
14681,24995,0
14682,24995,0
14683,24995,0
14684,24995,0
14685,25090,10029
14686,24995,0
14687,24995,0
14688,24995,0
14689,24995,0
14690,24995,0
14691,24995,0
14692,24995,0
14693,24995,0
14694,24995,0
14695,24995,0
14696,24995,0
14697,24995,0
14698,24995,0
14699,24995,0
14700,25017,2309
14701,25046,5359
14702,24995,0
14703,24995,0
14704,24995,0
14705,24995,0
14706,24995,0
14707,24995,0
14708,24995,0
14709,24995,0
14710,24995,0
14711,24995,0
14712,24995,0
14713,25002,809
14714,24995,0
14715,24995,9
14716,24995,0
14717,24995,0
14718,24995,0
14719,24995,0
14720,24995,0
14721,24995,18
14722,24995,0
14723,24995,0
14724,24995,0
14725,25005,1109
14726,24995,0
14727,24995,0
14728,24995,0
14729,24995,0
14730,24995,0
14731,24999,433
14732,24995,0
14733,25017,2376
14734,24995,0
14735,24995,0
14736,24995,0
14737,24995,0
14738,24999,413
14739,25005,1049
14740,24995,0
14741,24995,0
14742,24995,0
14743,24995,0
14744,24995,0
14745,24995,0
14746,24995,0
14747,25007,1313
14748,25019,2568
14749,24995,0
14750,24995,0
14751,24995,0
14752,24995,0
14753,24995,9
14754,24995,0
14755,24995,0
14756,24995,0
14757,24995,0
14758,24995,0
14759,24995,0
14760,24995,0
14761,24995,0
14762,24995,0
14763,24995,0
14764,25065,7397
14765,24995,0
14766,24995,9
14767,24995,0
14768,24995,0
14769,24995,0
14770,24999,429
14771,24995,0
14772,24995,0
14773,24995,0
14774,24995,0
14775,24995,0
14776,24995,0
14777,24996,118
14778,24995,0
14779,24995,0
14780,24995,0
14781,24995,0
14782,24995,0
14783,24995,0
14784,25484,50952
14785,24995,0
14786,24995,0
14787,24995,0
14788,25481,50553
14789,24995,0
14790,24995,0
14791,24995,0
14792,24995,0
14793,24995,0
14794,24995,0
14795,24995,0
14796,24995,0
14797,24995,0
14798,24995,0
14799,24995,0
14800,24995,0
14801,24995,0
14802,24995,0
14803,24995,0
14804,24995,0
14805,24995,0
14806,24995,0
14807,24995,0
14808,24995,0
14809,24995,0
14810,25035,4209
14811,24995,0
14812,24995,0
14813,24995,0
14814,24995,0
14815,25001,709
14816,24995,0
14817,25000,609
14818,24995,0
14819,24995,0
14820,24995,0
14821,24995,0
14822,24995,0
14823,24995,0
14824,25047,5489
14825,24997,222
14826,24995,0
14827,24995,0
14828,24995,0
14829,24995,0
14830,24995,0
14831,24995,0
14832,24995,0
14833,24995,0
14834,24995,0
14835,24995,0
14836,25016,2259
14837,24995,0
14838,25004,1029
14839,24995,0
14840,24995,0
14841,24995,0
14842,24995,0
14843,24998,359
14844,24995,0
14845,24995,0
14846,24995,0
14847,24995,0
14848,25002,809
14849,24995,0
14850,24995,0
14851,24995,0
14852,24995,0
14853,24995,0
14854,24995,0
14855,24995,0
14856,25044,5218
14857,24995,0
14858,25168,18168
14859,24995,0
14860,24995,0
14861,25046,5354
14862,24995,0
14863,24995,0
14864,24995,0
14865,24995,0
14866,24995,0
14867,24995,0
14868,24995,0
14869,24995,0
14870,24995,0
14871,24995,0
14872,24995,0
14873,24995,0
14874,24995,59
14875,24995,0
14876,24995,0
14877,24995,0
14878,24995,0
14879,24995,0
14880,24995,0
14881,24995,0
14882,24995,0
14883,24995,0
14884,24995,0
14885,24995,0
14886,24995,9
14887,24995,0
14888,24995,0
14889,24995,0
14890,24995,0
14891,24995,0
14892,24995,0
14893,24995,0
14894,24995,0
14895,24995,0
14896,25043,5029
14897,24995,0
14898,24995,0
14899,24995,0
14900,24995,0
14901,24995,0
14902,24995,0
14903,24995,0
14904,24995,0
14905,24995,0
14906,24998,409
14907,24995,0
14908,24995,0
14909,24995,0
14910,24995,0
14911,25008,1418
14912,24995,0
14913,24995,0
14914,24995,0
14915,24995,0
14916,25000,545
14917,24995,0
14918,25002,809
14919,24995,0
14920,24995,0
14921,24995,0
14922,24995,0
14923,25044,5213
14924,24995,0
14925,24995,0
14926,24995,0
14927,25476,50109
14928,24995,0
14929,24995,0
14930,24995,0
14931,25001,649
14932,25000,618
14933,24995,0
14934,24995,0
14935,24995,0
14936,24995,0
14937,24995,0
14938,24995,0
14939,24995,0
14940,24995,0
14941,25004,1031
14942,25004,1009
14943,24995,0
14944,24995,0
14945,24997,213
14946,24995,0
14947,24995,0
14948,24995,0
14949,24995,0
14950,25003,909
14951,24995,0
14952,24995,0
14953,24995,0
14954,25000,519
14955,24995,0
14956,24995,0
14957,24995,0
14958,24995,0
14959,24995,0
14960,24995,0
14961,24995,0
14962,24995,0
14963,24995,0
14964,24995,0
14965,24995,0
14966,25013,1918
14967,24995,0
14968,24995,0
14969,24995,0
14970,24995,0
14971,24995,0
14972,24995,0
14973,24995,0
14974,24998,357
14975,24995,0
14976,25019,2609
14977,24995,0
14978,24995,0
14979,25008,1359
14980,24999,468
14981,24995,0
14982,24995,0
14983,24995,0
14984,24995,0
14985,24995,0
14986,24995,0
14987,25022,2829
14988,24995,0
14989,24995,0
14990,24995,0
14991,24995,0
14992,24995,0
14993,24995,0
14994,25011,1709
14995,24995,0
14996,24995,0
14997,24995,0
14998,24995,0
14999,25009,1513
15000,24995,0
15001,25001,709
15002,24995,0
15003,24995,0
15004,25006,1209
15005,24995,0
15006,24995,0
15007,24997,218
15008,24995,0
15009,24995,0
15010,24995,0
15011,24995,0
15012,24995,0
15013,24995,0
15014,24995,0
15015,24995,0
15016,24995,0
15017,24995,0
15018,24995,0
15019,24995,0
15020,24995,0
15021,24995,0
15022,24995,0
15023,24995,0
15024,24995,0
15025,24995,0
15026,24995,0
15027,25018,2427
15028,24995,0
15029,24995,0
15030,24995,0
15031,24995,0
15032,24995,0
15033,24995,0
15034,25010,1583
15035,24995,0
15036,24995,0
15037,24995,0
15038,24995,0
15039,24995,0
15040,24995,0
15041,24995,0
15042,24995,0
15043,25002,818
15044,25000,529
15045,24995,0
15046,24995,0
15047,24995,0
15048,24995,0
15049,24995,0
15050,24995,0
15051,24995,0
15052,24995,0
15053,24995,0
15054,24995,0
15055,24999,422
15056,24995,0
15057,24998,379
15058,24995,0
15059,24995,0
15060,24995,0
15061,24995,0
15062,24995,0
15063,24995,0
15064,24995,0
15065,24995,0
15066,25014,2018
15067,24995,0
15068,24995,0
15069,24995,0
15070,24995,0
15071,24995,0
15072,24995,0
15073,24995,0
15074,24995,0
15075,24995,0
15076,24995,0
15077,24995,0
15078,24995,0
15079,24995,0
15080,24995,0
15081,24995,0
15082,24995,0
15083,25002,809
15084,24995,0
15085,25033,3994
15086,24995,0
15087,24995,0
15088,25005,1140
15089,24995,0
15090,24995,0
15091,24995,0
15092,24995,0
15093,24995,0
15094,24995,0
15095,24995,0
15096,24995,0
15097,24995,0
15098,24995,0
15099,24999,449
15100,24995,0
15101,24995,0
15102,25003,909
15103,24995,0
15104,24995,0
15105,24995,0
15106,24995,0
15107,24995,27
15108,24995,0
15109,24995,0
15110,24995,0
15111,24995,0
15112,25033,4009
15113,24995,0
15114,24995,0
15115,24995,0
15116,24995,0
15117,24995,0
15118,24995,0
15119,24995,0
15120,24995,0
15121,24995,0
15122,24995,0
15123,24995,0
15124,24995,0
15125,25012,1809
15126,24997,259
15127,24995,0
15128,24995,0
15129,24995,0
15130,25005,1113
15131,24995,0
15132,24995,0
15133,24995,0
15134,24995,0
15135,24995,0
15136,24995,0
15137,24995,0
15138,24995,0
15139,24995,0
15140,24995,0
15141,24995,0
15142,24995,0
15143,24995,0
15144,24995,0
15145,24995,0
15146,24995,0
15147,24995,0
15148,24995,0
15149,24995,0
15150,24995,0
15151,24995,0
15152,24995,0
15153,24995,0
15154,24995,0
15155,24995,0
15156,24995,0
15157,24995,0
15158,24995,0
15159,24995,0
15160,25262,27936
15161,24995,0
15162,24995,0
15163,24995,0
15164,24995,0
15165,24995,0
15166,24995,0
15167,24995,0
15168,24995,0
15169,24995,0
15170,24995,0
15171,24995,0
15172,24995,0
15173,24995,0
15174,24996,109
15175,24995,0
15176,24995,0
15177,24995,0
15178,24995,0
15179,24995,0
15180,25015,2130
15181,24995,0
15182,24995,0
15183,24995,0
15184,24995,0
15185,25116,12709
15186,24995,0
15187,24995,0
15188,24995,0
15189,24995,0
15190,24995,0
15191,25047,5522
15192,24995,0
15193,25031,3809
15194,24995,0
15195,24995,0
15196,24995,0
15197,24995,0
15198,25035,4265
15199,24995,0
15200,24995,0
15201,24995,0
15202,25010,1609
15203,24995,0
15204,25000,609
15205,24995,0
15206,24995,0
15207,24995,0
15208,24995,0
15209,24995,0
15210,24995,0
15211,24995,0
15212,24995,0
15213,24995,0
15214,24995,0
15215,24995,0
15216,24995,0
15217,24995,0
15218,24995,0
15219,24995,0
15220,24995,0
15221,25002,759
15222,24995,0
15223,24995,0
15224,24995,0
15225,24995,0
15226,25477,50163
15227,24995,0
15228,24995,0
15229,24995,0
15230,24995,0
15231,24995,0
15232,24995,0
15233,24995,0
15234,24999,442
15235,24995,0
15236,24995,0
15237,24995,0
15238,24995,0
15239,24995,0
15240,24995,0
15241,24995,9
15242,24995,0
15243,24995,0
15244,25502,52731
15245,24995,0
15246,24995,0
15247,24995,0
15248,24995,0
15249,24995,0
15250,24995,0
15251,24995,0
15252,24995,0
15253,24995,0
15254,24995,59
15255,24995,0
15256,24995,0
15257,24996,109
15258,24995,0
15259,24995,0
15260,24995,0
15261,25001,709
15262,24995,0
15263,24995,0
15264,25240,25609
15265,24995,0
15266,24995,0
15267,24995,0
15268,24995,0
15269,24996,99
15270,24995,0
15271,24995,0
15272,24995,0
15273,24995,0
15274,24995,0
15275,24995,0
15276,24996,159
15277,24995,0
15278,24995,0
15279,24995,0
15280,24995,0
15281,24995,0
15282,24995,0
15283,24995,0
15284,24995,0
15285,24995,0
15286,24995,0
15287,24995,0
15288,24995,0
15289,24995,0
15290,24995,0
15291,24995,0
15292,24995,0
15293,24995,0
15294,24995,0
15295,25000,549
15296,24995,0
15297,24995,0
15298,24995,0
15299,24995,13
15300,24995,0
15301,24995,0
15302,24995,0
15303,24995,0
15304,24995,0
15305,24999,418
15306,25003,859
15307,24995,0
15308,24995,0
15309,24995,0
15310,24995,0
15311,24995,0
15312,24996,109
15313,24995,0
15314,24995,0
15315,24995,0
15316,24997,209
15317,24995,0
15318,24995,0
15319,24995,0
15320,24995,0
15321,24995,0
15322,24995,0
15323,24995,0
15324,24995,0
15325,24995,0
15326,24995,0
15327,24995,0
15328,24995,0
15329,24995,0
15330,24995,0
15331,25015,2113
15332,24995,0
15333,24995,0
15334,24995,0
15335,24995,0
15336,24995,0
15337,24995,0
15338,24995,0
15339,24995,0
15340,24995,0
15341,24995,0
15342,24995,0
15343,24995,0
15344,25000,535
15345,24995,72
15346,24995,0
15347,24995,0
15348,24995,0
15349,24995,0
15350,24995,0
15351,24995,0
15352,24998,409
15353,24995,29
15354,24995,0
15355,24995,0
15356,25018,2418
15357,24995,0
15358,24995,0
15359,24995,0
15360,24995,0
15361,24995,0
15362,24995,0
15363,24995,0
15364,25023,2984
15365,24995,0
15366,24995,0
15367,24995,0
15368,24995,0
15369,24995,0
15370,24995,0
15371,24995,0
15372,24995,0
15373,24995,0
15374,24995,0
15375,24995,0
15376,24995,0
15377,24998,318
15378,24997,259
15379,24995,0
15380,24995,0
15381,24995,0
15382,24995,0
15383,24995,0
15384,24995,0
15385,24995,0
15386,24995,0
15387,24995,0
15388,24995,0
15389,24995,0
15390,24995,0
15391,24995,0
15392,24995,0
15393,24995,0
15394,24995,0
15395,24995,0
15396,24995,0
15397,24995,0
15398,24995,0
15399,24995,0
15400,24995,0
15401,25065,7336
15402,24995,0
15403,24995,0
15404,25001,718
15405,24995,0
15406,24995,0
15407,24995,0
15408,25004,968
15409,24995,0
15410,24995,0
15411,24995,0
15412,24995,0
15413,24995,0
15414,24995,0
15415,24995,0
15416,24995,0
15417,25006,1149
15418,25255,27213
15419,24995,0
15420,24995,0
15421,24995,0
15422,24995,0
15423,24998,313
15424,24995,0
15425,24995,0
15426,24995,0
15427,24995,0
15428,24995,0
15429,24995,0
15430,24995,26
15431,24995,0
15432,25009,1509
15433,24995,0
15434,25018,2509
15435,24995,0
15436,24995,0
15437,24995,0
15438,25015,2163
15439,24995,0
15440,24995,0
15441,24995,0
15442,24995,0
15443,24995,0
15444,24995,0
15445,24995,0
15446,25093,10268
15447,24995,0
15448,24995,0
15449,24995,0
15450,24995,0
15451,24995,0
15452,24995,0
15453,24995,0
15454,24995,0
15455,24995,0
15456,24995,0
15457,24995,0
15458,24995,0
15459,24995,0
15460,24995,0
15461,24995,0
15462,24995,0
15463,24997,263
15464,24995,0
15465,24995,0
15466,24995,0
15467,24997,289
15468,24995,0
15469,24995,0
15470,24995,0
15471,24995,0
15472,25062,7118
15473,24995,0
15474,24995,0
15475,24995,0
15476,24995,0
15477,24995,0
15478,24995,0
15479,24995,0
15480,24995,0
15481,24995,0
15482,24995,0
15483,24995,0
15484,24995,0
15485,25009,1496
15486,24995,0
15487,24995,38
15488,25002,809
15489,24995,35
15490,24995,0
15491,24995,0
15492,24995,0
15493,24995,0
15494,24995,0
15495,24995,0
15496,24995,0
15497,24995,0
15498,24995,0
15499,24995,0
15500,24995,0
15501,24995,0
15502,25000,609
15503,24995,0
15504,24995,0
15505,24995,0
15506,24995,0
15507,24995,0
15508,24995,0
15509,24995,0
15510,25000,592
15511,25972,100749
15512,24995,0
15513,24995,0
15514,24995,0
15515,24995,0
15516,24995,0
15517,24995,0
15518,24995,0
15519,24995,0
15520,24995,0
15521,24995,0
15522,24995,0
15523,25085,9504
15524,24995,0
15525,24995,0
15526,24995,0
15527,24995,0
15528,25002,729
15529,24995,0
15530,24995,0
15531,24995,0
15532,24995,0
15533,24995,0
15534,24995,0
15535,24995,0
15536,24995,0
15537,24995,0
15538,24995,0
15539,24995,0
15540,24995,0
15541,24995,0
15542,24995,0
15543,24995,0
15544,24998,309
15545,24995,0
15546,24995,0
15547,24995,0
15548,24995,0
15549,24995,0
15550,24995,0
15551,24995,0
15552,24995,0
15553,24995,0
15554,24995,0
15555,24995,0
15556,24997,209
15557,24995,0
15558,24995,0
15559,24995,0
15560,25012,1809
15561,24995,0
15562,24995,0
15563,25018,2409
15564,24995,13
15565,24995,0
15566,24995,0
15567,24995,0
15568,24995,0
15569,24996,109
15570,24995,0
15571,25027,3409
15572,25150,16309
15573,24995,0
15574,24995,0
15575,24995,0
15576,24995,0
15577,24995,0
15578,25003,886
15579,24998,359
15580,25018,2509
15581,24995,0
15582,24995,0
15583,24995,0
15584,25008,1422
15585,24995,0
15586,24995,0
15587,25049,5689
15588,24995,0
15589,25011,1742
15590,24995,0
15591,24995,0
15592,24995,0
15593,24995,0
15594,24995,0
15595,24995,0
15596,24995,0
15597,24995,0
15598,24995,0
15599,24995,0
15600,24995,0
15601,24995,0
15602,24995,0
15603,24995,0
15604,24995,0
15605,24995,0
15606,24995,0
15607,24995,0
15608,24995,0
15609,24995,0
15610,24995,0
15611,25019,2558
15612,25002,809
15613,24995,0
15614,24995,0
15615,24995,0
15616,24995,0
15617,24995,0
15618,25004,999
15619,25012,1836
15620,24995,0
15621,24995,0
15622,24995,0
15623,24995,0
15624,24995,0
15625,24995,0
15626,24995,0
15627,24995,0
15628,24995,0
15629,24995,0
15630,24995,0
15631,24997,209
15632,25042,4977
15633,24995,0
15634,24995,0
15635,24995,0
15636,24995,0
15637,24995,0
15638,24995,0
15639,24995,0
15640,24995,0
15641,24995,0
15642,24995,0
15643,24995,0
15644,24999,509
15645,24995,0
15646,24995,0
15647,24997,209
15648,24995,0
15649,24995,0
15650,24995,0
15651,24995,0
15652,24995,0
15653,25002,829
15654,24998,322
15655,24995,0
15656,24995,0
15657,24995,0
15658,25004,953
15659,24995,0
15660,24995,0
15661,24995,0
15662,24995,0
15663,24999,453
15664,24995,0
15665,24995,0
15666,24995,0
15667,25017,2308
15668,24995,0
15669,24995,0
15670,25001,668
15671,24995,0
15672,24995,0
15673,24995,0
15674,24995,0
15675,24995,0
15676,25003,885
15677,24995,0
15678,24995,0
15679,24995,0
15680,24995,0
15681,24995,0
15682,24995,0
15683,24995,0
15684,24995,0
15685,24995,0
15686,24995,0
15687,24995,0
15688,24999,438
15689,24995,0
15690,24995,0
15691,24995,0
15692,24995,0
15693,24995,0
15694,24995,0
15695,24995,0
15696,24995,0
15697,24995,0
15698,24995,0
15699,24995,0
15700,24995,0
15701,24995,0
15702,24995,0
15703,24995,0
15704,24995,0
15705,24995,0
15706,25075,8418
15707,24995,0
15708,24995,0
15709,24995,0
15710,24995,0
15711,24995,0
15712,24995,0
15713,24995,0
15714,24995,0
15715,24995,0
15716,24995,0
15717,24995,0
15718,24995,0
15719,24995,0
15720,24995,0
15721,24995,0
15722,24995,0
15723,24995,0
15724,24995,0
15725,24995,0
15726,24995,0
15727,24995,0
15728,24995,0
15729,25005,1059
15730,24995,0
15731,24995,0
15732,25487,51217
15733,24995,0
15734,24995,0
15735,24995,0
15736,24995,49
15737,24995,0
15738,24999,429
15739,24995,0
15740,24995,0
15741,25033,4009
15742,24995,0
15743,24995,0
15744,24995,0
15745,24995,0
15746,25005,1109
15747,25030,3759
15748,24995,0
15749,24995,0
15750,24995,0
15751,24995,0
15752,24995,0
15753,24995,0
15754,24995,0
15755,24995,0
15756,24995,0
15757,25001,649
15758,24995,0
15759,24997,259
15760,24995,0
15761,25001,709
15762,25005,1129
15763,24995,0
15764,25047,5536
15765,24995,0
15766,24995,0
15767,24995,0
15768,24995,0
15769,24995,0
15770,24995,0
15771,24995,0
15772,24995,0
15773,24995,0
15774,24995,0
15775,24995,0
15776,24995,0
15777,24995,0
15778,24995,0
15779,24995,0
15780,24995,0
15781,24995,0
15782,24995,0
15783,24995,0
15784,24995,0
15785,24995,0
15786,24995,0
15787,24995,0
15788,24995,0
15789,24995,0
15790,24995,0
15791,25003,929
15792,24995,0
15793,24995,0
15794,24995,0
15795,24995,0
15796,24995,0
15797,24995,0
15798,24996,129
15799,24995,0
15800,25006,1209
15801,24995,0
15802,24995,0
15803,24995,0
15804,25007,1347
15805,24995,0
15806,24995,0
15807,24995,0
15808,24995,0
15809,24995,0
15810,24995,0
15811,24995,0
15812,24995,0
15813,24999,418
15814,24995,0
15815,24995,0
15816,24995,0
15817,25023,3009
15818,24995,0
15819,24995,0
15820,24995,0
15821,24995,0
15822,24995,0
15823,24995,0
15824,24998,409
15825,24995,0
15826,24995,0
15827,24995,0
15828,24995,0
15829,24995,0
15830,24995,0
15831,24999,459
15832,24995,0
15833,24995,0
15834,24995,0
15835,24995,0
15836,24995,0
15837,24995,0
15838,24995,0
15839,24995,0
15840,24995,0
15841,24999,422
15842,24995,0
15843,24995,0
15844,25009,1529
15845,24995,0
15846,24995,0
15847,24995,0
15848,24995,0
15849,24995,0
15850,25016,2209
15851,24995,0
15852,24995,0
15853,24995,0
15854,24995,0
15855,24995,0
15856,24995,0
15857,24995,0
15858,24995,0
15859,24995,0
15860,24995,0
15861,24997,209
15862,24995,0
15863,24995,0
15864,24995,0
15865,24995,0
15866,24998,409
15867,24995,0
15868,24995,0
15869,24996,129
15870,25088,9799
15871,24995,0
15872,24995,0
15873,24995,0
15874,24995,0
15875,24995,0
15876,24995,0
15877,24995,0
15878,24995,0
15879,25019,2536
15880,25030,3754
15881,24995,0
15882,25006,1209
15883,24995,0
15884,24995,0
15885,24995,0
15886,24995,0
15887,24995,0
15888,24995,0
15889,24995,0
15890,24995,0
15891,24995,0
15892,24995,0
15893,24995,0
15894,24995,0
15895,24995,0
15896,25002,809
15897,24995,9
15898,24998,409
15899,24995,0
15900,24995,0
15901,24995,0
15902,24995,0
15903,24995,0
15904,24995,0
15905,24995,40
15906,24995,0
15907,25001,635
15908,24995,0
15909,24995,0
15910,24995,0
15911,24995,0
15912,24995,0
15913,24995,0
15914,24995,0
15915,24995,0
15916,24995,0
15917,24995,0
15918,24995,0
15919,24995,0
15920,24995,0
15921,24995,0
15922,24995,0
15923,24995,0
15924,24995,0
15925,24995,0
15926,24995,0
15927,24995,0
15928,24995,0
15929,24995,0
15930,24995,0
15931,24995,0
15932,25018,2418
15933,24995,0
15934,24995,0
15935,24995,29
15936,24995,0
15937,24995,0
15938,24995,0
15939,25013,1968
15940,24995,0
15941,24995,0
15942,24995,0
15943,24995,0
15944,24995,0
15945,24995,0
15946,24995,0
15947,25000,609
15948,24995,0
15949,24995,0
15950,25053,6106
15951,25011,1727
15952,24995,0
15953,24995,0
15954,25015,2149
15955,25007,1309
15956,25012,1838
15957,24995,0
15958,25018,2409
15959,24995,0
15960,24995,0
15961,24995,0
15962,24995,0
15963,24995,0
15964,24995,0
15965,24995,0
15966,24995,0
15967,24995,0
15968,24995,0
15969,24995,0
15970,24995,0
15971,24995,0
15972,24995,0
15973,25007,1260
15974,24995,0
15975,24998,309
15976,24995,0
15977,25171,18509
15978,24995,0
15979,24995,0
15980,24995,0
15981,24995,0
15982,24998,379
15983,25006,1229
15984,24995,0
15985,24995,0
15986,24995,0
15987,24995,0
15988,24995,0
15989,24995,0
15990,24995,0
15991,24995,0
15992,24995,0
15993,25023,3017
15994,24995,0
15995,24995,0
15996,24995,0
15997,25000,522
15998,25002,785
15999,24995,0
16000,24995,0
16001,24995,0
16002,24995,0
16003,24995,0
16004,24995,0
16005,24995,0
16006,24995,0
16007,24995,0
16008,24995,0
16009,24995,0
16010,24995,0
16011,24995,0
16012,24995,0
16013,24995,0
16014,24995,59
16015,24995,0
16016,24995,0
16017,24995,0
16018,24995,0
16019,24995,0
16020,24995,0
16021,24995,0
16022,24995,0
16023,24995,0
16024,24995,0
16025,24995,0
16026,24995,0
16027,24998,313
16028,24995,0
16029,24995,0
16030,24995,0
16031,24995,0
16032,24995,0
16033,24995,0
16034,25013,1913
16035,24996,118
16036,24995,0
16037,24995,0
16038,24995,0
16039,24995,0
16040,24995,0
16041,24995,0
16042,24995,0
16043,24995,0
16044,24995,0
16045,24995,0
16046,24995,0
16047,24995,0
16048,24995,0
16049,24995,0
16050,24995,0
16051,24995,0
16052,24995,0
16053,24995,0
16054,24995,0
16055,24995,0
16056,24995,0
16057,24995,0
16058,24995,0
16059,24995,0
16060,24995,0
16061,24998,336
16062,24995,0
16063,24995,0
16064,24995,0
16065,24995,0
16066,24995,0
16067,24995,0
16068,24995,0
16069,24995,0
16070,24996,179
16071,24995,0
16072,24995,0
16073,24995,0
16074,25088,9756
16075,24995,0
16076,24995,0
16077,24995,0
16078,24995,0
16079,24995,0
16080,24995,0
16081,24995,0
16082,24995,0
16083,24995,0
16084,24995,0
16085,24995,0
16086,24995,0
16087,25000,538
16088,24995,0
16089,25015,2109
16090,24995,0
16091,24995,0
16092,24995,0
16093,24995,0
16094,24995,0
16095,25017,2309
16096,25011,1747
16097,24995,0
16098,24995,0
16099,24995,0
16100,24999,449
16101,24995,0
16102,24995,0
16103,24995,0
16104,24995,0
16105,24995,0
16106,25038,4509
16107,24995,0
16108,24995,0
16109,24995,0
16110,24995,0
16111,24995,0
16112,24995,0
16113,24995,0
16114,24995,0
16115,24995,0
16116,24995,0
16117,24999,459
16118,24995,0
16119,24995,0
16120,24995,0
16121,24995,0
16122,24995,0
16123,24995,0
16124,24995,0
16125,24995,0
16126,24995,0
16127,24995,26
16128,24995,0
16129,24995,0
16130,25003,922
16131,24995,0
16132,24995,0
16133,25047,5509
16134,25486,51129
16135,24995,0
16136,24995,0
16137,24995,40
16138,24995,0
16139,24995,0
16140,24995,0
16141,24995,0
16142,24995,0
16143,24995,0
16144,24995,0
16145,24995,0
16146,25021,2736
16147,24995,0
16148,24995,0
16149,24995,0
16150,24997,209
16151,24995,59
16152,24995,0
16153,24995,0
16154,24999,433
16155,24998,309
16156,24995,0
16157,24995,0
16158,24995,0
16159,24995,0
16160,24997,229
16161,24995,0
16162,24995,0
16163,24995,0
16164,24997,218
16165,24995,0
16166,25035,4218
16167,24995,0
16168,24995,0
16169,24999,509
16170,24995,0
16171,24995,0
16172,24995,0
16173,24995,0
16174,25014,2009
16175,25109,12035
16176,24995,0
16177,24995,0
16178,24995,0
16179,24995,0
16180,24995,0
16181,24995,0
16182,24995,0
16183,24995,0
16184,24995,0
16185,24995,0
16186,24995,0
16187,24995,0
16188,24995,0
16189,24995,0
16190,24995,0
16191,24996,129
16192,24995,0
16193,24995,0
16194,24995,0
16195,24995,0
16196,24995,0
16197,24995,0
16198,24995,0
16199,24995,0
16200,25002,742
16201,24995,0
16202,25057,6577
16203,24995,0
16204,24996,113
16205,24995,0
16206,24995,0
16207,24995,0
16208,24995,0
16209,25011,1749
16210,24995,0
16211,24995,0
16212,24995,0
16213,24995,0
16214,24995,0
16215,25003,909
16216,24995,0
16217,24995,0
16218,24995,0
16219,25023,2945
16220,24995,0
16221,24995,0
16222,25002,813
16223,24995,0
16224,24995,0
16225,24995,0
16226,25003,909
16227,24995,0
16228,25030,3668
16229,24995,0
16230,24995,0
16231,24995,0
16232,24995,0
16233,24995,0
16234,24995,0
16235,24995,0
16236,24995,0
16237,24995,0
16238,24995,0
16239,24995,0
16240,24995,0
16241,24995,0
16242,24995,0
16243,24995,0
16244,24995,0
16245,24995,0
16246,24995,0
16247,24995,0
16248,24995,0
16249,24995,0
16250,24995,0
16251,24995,0
16252,24995,0
16253,24995,0
16254,24995,0
16255,24995,0
16256,24995,0
16257,24995,0
16258,24995,0
16259,24995,0
16260,24995,0
16261,24995,0
16262,24995,0
16263,24995,0
16264,24995,0
16265,24995,0
16266,24995,0
16267,24995,0
16268,24995,0
16269,24995,0
16270,24995,0
16271,24995,0
16272,24995,0
16273,24995,0
16274,24995,0
16275,24995,0
16276,24995,0
16277,24995,0
16278,24995,0
16279,24995,0
16280,24995,0
16281,24995,0
16282,24995,0
16283,25009,1518
16284,24995,0
16285,24995,0
16286,24995,0
16287,24995,0
16288,24995,0
16289,24995,0
16290,24995,0
16291,24995,0
16292,25003,909
16293,24995,0
16294,25012,1809
16295,24995,0
16296,24995,0
16297,24995,0
16298,24995,0
16299,24995,0
16300,24995,0
16301,24995,0
16302,24995,0
16303,24995,0
16304,24995,0
16305,24998,338
16306,24995,0
16307,24999,418
16308,25041,4858
16309,25016,2209
16310,25002,818
16311,24999,483
16312,24995,0
16313,24995,0
16314,24995,0
16315,24995,0
16316,24995,0
16317,24995,0
16318,24995,0
16319,24995,0
16320,24995,0
16321,24999,429
16322,24995,0
16323,24995,0
16324,24998,409
16325,25000,609
16326,24995,0
16327,24995,0
16328,24995,0
16329,24995,0
16330,24995,0
16331,24995,0
16332,25010,1578
16333,24995,0
16334,24995,0
16335,24997,209
16336,24995,0
16337,24995,0
16338,24995,0
16339,24995,0
16340,24998,409
16341,24995,0
16342,24995,0
16343,24995,0
16344,24995,0
16345,24995,0
16346,24995,0
16347,24995,0
16348,24995,0
16349,24995,0
16350,24995,0
16351,24995,0
16352,24995,0
16353,24995,0
16354,24995,0
16355,24995,0
16356,24995,0
16357,24995,0
16358,24995,0
16359,24995,0
16360,24995,0
16361,25002,829
16362,24995,0
16363,24995,0
16364,24995,0
16365,25054,6216
16366,24995,0
16367,24995,0
16368,24995,0
16369,25063,7127
16370,24995,0
16371,24995,0
16372,24995,0
16373,24995,0
16374,24995,0
16375,24996,109
16376,24995,0
16377,25003,909
16378,24995,0
16379,24995,0
16380,24995,0
16381,24995,0
16382,25007,1309
16383,25023,3012
16384,24995,0
16385,24995,0
16386,24995,0
16387,24995,0
16388,24995,0
16389,25001,659
16390,24995,0
16391,24995,0
16392,24995,0
16393,24995,0
16394,25047,5509
16395,24995,0
16396,24995,0
16397,24995,0
16398,24995,0
16399,24995,0
16400,24995,0
16401,24995,0
16402,24995,0
16403,24995,0
16404,24995,0
16405,25005,1131
16406,24995,0
16407,24995,0
16408,24995,0
16409,24995,0
16410,24995,0
16411,24995,0
16412,24995,0
16413,24995,79
16414,24995,0
16415,24995,0
16416,24995,0
16417,24995,0
16418,24995,0
16419,24995,0
16420,25002,762
16421,24995,0
16422,24995,0
16423,24995,0
16424,24995,0
16425,24995,0
16426,24995,0
16427,24995,0
16428,24998,309
16429,24995,0
16430,24995,0
16431,24995,0
16432,24995,0
16433,24995,0
16434,24995,0
16435,24998,359
16436,24995,0
16437,24995,0
16438,24995,0
16439,24995,0
16440,24995,0
16441,24995,0
16442,24995,0
16443,24995,0
16444,24995,0
16445,24995,0
16446,24995,0
16447,24995,0
16448,24995,0
16449,24995,0
16450,24995,0
16451,24998,369
16452,24995,0
16453,25001,636
16454,24999,413
16455,24995,0
16456,24995,0
16457,24998,409
16458,24995,0
16459,24995,0
16460,24995,0
16461,24995,0
16462,24995,0
16463,24995,0
16464,24995,0
16465,24995,0
16466,25245,26209
16467,24995,0
16468,24995,0
16469,24995,0
16470,24995,0
16471,24995,0
16472,25066,7468
16473,24995,0
16474,24999,459
16475,24995,0
16476,24995,0
16477,24995,0
16478,24995,0
16479,24995,0
16480,25012,1809
16481,24995,0
16482,24995,0
16483,24995,0
16484,24995,0
16485,24995,0
16486,24995,0
16487,24995,0
16488,24995,0
16489,24995,0
16490,24995,0
16491,24995,0
16492,24995,0
16493,24995,0
16494,24997,209
16495,24995,0
16496,24995,0
16497,25006,1209
16498,24995,0
16499,24995,0
16500,24995,0
16501,24995,0
16502,24995,0
16503,24995,0
16504,24995,0
16505,25014,2026
16506,24995,0
16507,25004,1013
16508,24995,0
16509,24995,0
16510,24995,0
16511,24995,0
16512,24995,0
16513,24995,0
16514,24995,0
16515,24995,0
16516,24995,0
16517,24999,437
16518,24995,0
16519,24995,0
16520,24995,0
16521,25031,3835
16522,24995,0
16523,24995,0
16524,24995,0
16525,24995,0
16526,24995,0
16527,24995,0
16528,24995,0
16529,24995,0
16530,24995,0
16531,24995,0
16532,24995,0
16533,24995,0
16534,24995,0
16535,24995,0
16536,24995,0
16537,24995,0
16538,24995,0
16539,25017,2309
16540,24995,0
16541,24995,0
16542,24995,0
16543,24995,0
16544,24995,0
16545,24995,0
16546,24995,0
16547,24995,0
16548,24995,0
16549,24995,0
16550,24995,0
16551,24995,0
16552,24995,0
16553,24995,0
16554,24995,0
16555,24995,0
16556,24995,0
16557,24995,0
16558,24995,0
16559,24996,113
16560,24995,0
16561,24995,0
16562,24995,0
16563,24995,0
16564,24995,0
16565,24995,0
16566,24995,0
16567,25028,3527
16568,25001,709
16569,24995,0
16570,24995,0
16571,24995,0
16572,24995,0
16573,25007,1318
16574,25018,2436
16575,24995,0
16576,24995,0
16577,24995,0
16578,25018,2429
16579,24995,0
16580,24995,0
16581,24995,0
16582,24995,0
16583,24995,0
16584,24995,0
16585,24995,0
16586,25003,918
16587,24995,0
16588,24995,0
16589,24995,9
16590,24995,0
16591,24995,0
16592,25014,2063
16593,24995,0
16594,24995,0
16595,24995,0
16596,24995,0
16597,24995,0
16598,24995,0
16599,24995,0
16600,24995,0
16601,24995,0
16602,24995,0
16603,24998,359
16604,24995,0
16605,24995,0
16606,24995,0
16607,24995,0
16608,25064,7285
16609,24995,0
16610,24995,0
16611,24995,0
16612,24995,0
16613,24995,0
16614,24995,0
16615,24995,0
16616,24995,0
16617,24995,0
16618,24995,0
16619,25000,538
16620,24995,0
16621,24995,0
16622,25014,2059
16623,24995,0
16624,24995,0
16625,25114,12468
16626,24995,0
16627,24995,0
16628,24995,0
16629,24995,0
16630,24995,0
16631,24995,0
16632,24995,0
16633,24995,0
16634,24995,0
16635,24995,0
16636,24995,0
16637,24995,0
16638,24995,0
16639,24998,309
16640,24995,0
16641,24995,0
16642,24995,0
16643,24995,0
16644,24995,0
16645,24995,0
16646,24995,0
16647,25014,2013
16648,24999,472
16649,24995,0
16650,24995,0
16651,24995,0
16652,24995,0
16653,25002,809
16654,24995,0
16655,24995,0
16656,24995,0
16657,24995,0
16658,24995,0
16659,24995,0
16660,24995,0
16661,24995,0
16662,24995,0
16663,24995,0
16664,24995,0
16665,24995,0
16666,24995,0
16667,24995,0
16668,24995,0
16669,24995,0
16670,24995,0
16671,25008,1431
16672,24995,0
16673,24995,0
16674,24995,0
16675,24995,0
16676,24997,292
16677,24995,0
16678,24995,18
16679,24995,0
16680,24995,0
16681,24995,0
16682,24995,0
16683,24995,0
16684,24995,0
16685,24995,29
16686,25030,3759
16687,24996,159
16688,24995,0
16689,24995,0
16690,24995,0
16691,24995,0
16692,24995,0
16693,24995,0
16694,25005,1109
16695,24995,0
16696,24995,0
16697,24995,0
16698,24995,0
16699,24995,0
16700,24995,0
16701,24995,0
16702,24995,0
16703,24995,0
16704,24995,0
16705,24995,0
16706,24995,0
16707,24995,0
16708,24995,0
16709,24995,0
16710,24995,0
16711,24995,0
16712,24995,0
16713,24995,0
16714,24995,0
16715,24995,0
16716,25002,809
16717,25997,103233
16718,24995,0
16719,24995,0
16720,24995,0
16721,24995,0
16722,24995,0
16723,24995,0
16724,24995,0
16725,24995,0
16726,24995,0
16727,24995,0
16728,24995,0
16729,24995,0
16730,24995,0
16731,24995,0
16732,24995,0
16733,24995,0
16734,25038,4538
16735,24995,0
16736,24995,0
16737,24995,0
16738,24995,0
16739,24995,0
16740,24995,0
16741,25025,3227
16742,24995,0
16743,24995,0
16744,24995,0
16745,24995,0
16746,24995,0
16747,24995,0
16748,24995,0
16749,24995,0
16750,24995,0
16751,24995,0
16752,24995,0
16753,25008,1418
16754,24995,0
16755,25002,809
16756,24995,0
16757,24995,0
16758,24995,18
16759,24995,58
16760,25040,4751
16761,24995,0
16762,24995,0
16763,24995,0
16764,24995,0
16765,24995,0
16766,24995,0
16767,24995,0
16768,24995,0
16769,24995,0
16770,24995,0
16771,25008,1412
16772,25000,518
16773,24995,0
16774,24995,0
16775,24995,9
16776,24995,0
16777,24995,0
16778,24995,0
16779,24995,0
16780,24995,0
16781,24995,0
16782,24995,0
16783,25006,1159
16784,25013,1913
16785,24995,0
16786,25021,2809
16787,24995,0
16788,24995,0
16789,24995,0
16790,24995,0
16791,25062,7035
16792,24995,0
16793,24995,0
16794,24995,0
16795,24995,0
16796,24995,0
16797,24998,409
16798,24995,59
16799,24995,0
16800,24995,0
16801,24995,0
16802,24995,0
16803,24995,0
16804,24995,0
16805,24995,0
16806,24997,245
16807,24995,0
16808,25005,1136
16809,25060,6813
16810,24995,0
16811,24995,0
16812,25019,2529
16813,24995,0
16814,24995,18
16815,24998,409
16816,24995,0
16817,24995,0
16818,24995,0
16819,24995,0
16820,24995,0
16821,24995,0
16822,24995,0
16823,24995,0
16824,24995,0
16825,24995,0
16826,24995,0
16827,25010,1609
16828,24995,0
16829,24995,0
16830,25014,1999
16831,24995,0
16832,24995,0
16833,24995,0
16834,24995,0
16835,24995,0
16836,24995,0
16837,24995,0
16838,24995,0
16839,24995,0
16840,24995,0
16841,24995,0
16842,24995,0
16843,24995,0
16844,24995,0
16845,24995,0
16846,24995,0
16847,25000,522
16848,24995,0
16849,24995,0
16850,24995,0
16851,24995,0
16852,24995,0
16853,24995,0
16854,24997,218
16855,24995,0
16856,24995,0
16857,25052,6009
16858,24995,0
16859,24995,0
16860,24995,0
16861,24995,0
16862,24995,0
16863,24995,0
16864,24995,0
16865,24995,0
16866,24995,0
16867,24995,0
16868,24995,0
16869,24995,0
16870,24995,0
16871,24995,0
16872,24995,0
16873,25006,1229
16874,24995,0
16875,24995,0
16876,24995,0
16877,25031,3862
16878,24995,0
16879,25008,1392
16880,24995,0
16881,24995,0
16882,24995,0
16883,24995,0
16884,24995,0
16885,24995,0
16886,24996,149
16887,24995,0
16888,24995,0
16889,24995,0
16890,24995,0
16891,24995,0
16892,24995,0
16893,24995,0
16894,24995,0
16895,24995,0
16896,24995,0
16897,24995,0
16898,24995,0
16899,25002,783
16900,24995,0
16901,24995,0
16902,25013,1959
16903,24995,0
16904,24995,0
16905,25002,809
16906,24995,0
16907,25027,3418
16908,24995,0
16909,25007,1318
16910,24995,0
16911,24995,0
16912,24995,0
16913,24995,0
16914,24995,0
16915,24995,0
16916,24995,0
16917,24995,0
16918,24995,0
16919,24995,0
16920,24995,0
16921,24995,0
16922,24995,0
16923,24995,0
16924,24995,0
16925,24995,0
16926,24995,0
16927,24995,0
16928,24995,0
16929,24995,0
16930,24995,0
16931,24995,0
16932,24995,0
16933,25887,92129
16934,24995,0
16935,25005,1113
16936,25000,588
16937,25002,749
16938,25076,8509
16939,24995,0
16940,24995,0
16941,24995,0
16942,24995,0
16943,24995,0
16944,25003,858
16945,24995,0
16946,24995,0
16947,24995,0
16948,24995,0
16949,24995,0
16950,24995,0
16951,24995,0
16952,24995,0
16953,24995,0
16954,24995,0
16955,24995,0
16956,24995,0
16957,24995,0
16958,24995,0
16959,24995,0
16960,24995,0
16961,24995,0
16962,24995,0
16963,24995,0
16964,25004,938
16965,24995,0
16966,24995,0
16967,24995,0
16968,24995,0
16969,25001,648
16970,24995,0
16971,24995,0
16972,25002,742
16973,24995,0
16974,25398,42009
16975,24995,0
16976,24995,0
16977,24995,0
16978,25023,3009
16979,24995,0
16980,24995,0
16981,24995,0
16982,24995,0
16983,24995,0
16984,24995,0
16985,24997,229
16986,24995,0
16987,24995,0
16988,24995,0
16989,24995,0
16990,24995,0
16991,24995,0
16992,24998,309
16993,24995,68
16994,24995,0
16995,24995,0
16996,24995,0
16997,24995,0
16998,24995,0
16999,24995,0
17000,24995,0
17001,24995,0
17002,24995,0
17003,24995,0
17004,24995,0
17005,24995,0
17006,24995,0
17007,24995,0
17008,24995,0
17009,24995,0
17010,24995,0
17011,24995,0
17012,25025,3210
17013,24995,0
17014,24995,0
17015,24995,0
17016,24995,0
17017,24995,0
17018,25154,16718
17019,24995,0
17020,24995,0
17021,24995,0
17022,24995,0
17023,24995,0
17024,24995,0
17025,24995,0
17026,24995,0
17027,24995,0
17028,24995,0
17029,24995,0
17030,24995,0
17031,24995,0
17032,24995,0
17033,24995,0
17034,24995,0
17035,24995,0
17036,24995,0
17037,24995,0
17038,24995,0
17039,24995,0
17040,24995,0
17041,24995,0
17042,24995,0
17043,24995,0
17044,24995,0
17045,24995,0
17046,24995,0
17047,24995,0
17048,25007,1326
17049,24995,0
17050,24995,0
17051,24995,0
17052,24995,0
17053,24995,0
17054,24995,0
17055,24995,0
17056,24995,0
17057,24995,0
17058,24995,0
17059,24995,0
17060,24995,0
17061,24995,0
17062,24995,0
17063,25001,709
17064,24995,0
17065,24995,0
17066,24995,0
17067,25011,1754
17068,24995,83
17069,24995,0
17070,25014,2013
17071,24995,0
17072,24998,329
17073,24995,0
17074,24995,0
17075,24995,0
17076,25012,1835
17077,24995,0
17078,24995,0
17079,24995,0
17080,24995,0
17081,24995,0
17082,24995,0
17083,24995,0
17084,25002,768
17085,24995,0
17086,24995,0
17087,24995,0
17088,24995,0
17089,24995,0
17090,24995,0
17091,24995,0
17092,24995,0
17093,24997,209
17094,24995,0
17095,24995,0
17096,24995,0
17097,24995,0
17098,24995,0
17099,24995,0
17100,24995,0
17101,24995,0
17102,24995,0
17103,24995,0
17104,24995,0
17105,24995,0
17106,24995,0
17107,24995,0
17108,24995,0
17109,24995,0
17110,24995,0
17111,24995,0
17112,24995,0
17113,24995,0
17114,24995,0
17115,24995,0
17116,24995,0
17117,24995,0
17118,24995,0
17119,24995,0
17120,24995,0
17121,24995,0
17122,24995,0
17123,25011,1709
17124,24995,0
17125,25034,4092
17126,24995,0
17127,24995,0
17128,24995,0
17129,24995,0
17130,24995,0
17131,25010,1659
17132,24995,0
17133,24995,0
17134,24995,0
17135,24995,0
17136,25019,2559
17137,24995,0
17138,24995,0
17139,24995,0
17140,24995,0
17141,24995,0
17142,24995,0
17143,24995,0
17144,24995,0
17145,24995,0
17146,24995,0
17147,24995,0
17148,25242,25859
17149,24995,0
17150,25019,2597
17151,24995,0
17152,24998,409
17153,24995,0
17154,24998,409
17155,24995,0
17156,24995,0
17157,24995,0
17158,25010,1613
17159,24995,0
17160,24995,0
17161,24995,0
17162,24995,0
17163,24995,0
17164,24995,0
17165,24995,0
17166,24995,0
17167,25004,1018
17168,24995,0
17169,24995,0
17170,24995,0
17171,24995,0
17172,24995,0
17173,24995,0
17174,24995,0
17175,24995,0
17176,24995,0
17177,24995,0
17178,24995,0
17179,24995,0
17180,25000,559
17181,24995,0
17182,24995,0
17183,24995,0
17184,24995,0
17185,24995,0
17186,24995,0
17187,24995,0
17188,24995,0
17189,25005,1068
17190,24995,0
17191,24995,0
17192,24995,0
17193,24995,0
17194,24995,0
17195,24995,0
17196,24995,0
17197,24995,0
17198,25024,3109
17199,24995,0
17200,24995,0
17201,24995,0
17202,25002,759
17203,24998,409
17204,24995,0
17205,24995,0
17206,24995,0
17207,24995,0
17208,24995,0
17209,24995,0
17210,25002,729
17211,24995,0
17212,24995,0
17213,24995,13
17214,24995,0
17215,24995,0
17216,25011,1753
17217,24995,0
17218,24995,0
17219,24995,0
17220,25016,2209
17221,24995,0
17222,24995,0
17223,24995,0
17224,24995,0
17225,24995,31
17226,24995,0
17227,24995,0
17228,24995,0
17229,24995,0
17230,24995,0
17231,24995,0
17232,24995,0
17233,24995,0
17234,24995,0
17235,25005,1129
17236,24995,0
17237,24995,0
17238,24995,0
17239,24995,0
17240,24995,0
17241,24999,433
17242,24995,0
17243,24997,295
17244,24995,0
17245,24995,0
17246,24995,0
17247,24995,0
17248,25022,2909
17249,24995,0
17250,24995,0
17251,24995,0
17252,24995,0
17253,24995,0
17254,25014,2059
17255,24995,0
17256,24995,0
17257,24995,0
17258,24995,0
17259,24995,0
17260,24995,0
17261,24995,0
17262,24995,0
17263,24995,0
17264,24995,0
17265,24999,459
17266,24995,0
17267,24995,0
17268,25002,809
17269,24995,0
17270,24995,0
17271,24995,0
17272,24995,0
17273,24995,0
17274,24995,0
17275,24995,13
17276,24995,0
17277,24995,0
17278,25015,2171
17279,24995,0
17280,24995,0
17281,24995,0
17282,24995,0
17283,25007,1279
17284,24995,0
17285,24995,0
17286,24995,0
17287,24995,0
17288,24995,0
17289,24995,0
17290,24995,0
17291,24995,0
17292,24995,9
17293,24995,0
17294,25034,4109
17295,24995,0
17296,24995,0
17297,24995,0
17298,24995,0
17299,24995,0
17300,24995,0
17301,24995,0
17302,25001,659
17303,24995,0
17304,24998,309
17305,24995,0
17306,24995,0
17307,24996,118
17308,24995,0
17309,24995,0
17310,24995,0
17311,24995,0
17312,24995,0
17313,24995,0
17314,24995,0
17315,24995,0
17316,24995,0
17317,24995,0
17318,24995,0
17319,25005,1049
17320,25011,1759
17321,24995,0
17322,24995,0
17323,24995,0
17324,25013,1959
17325,24995,0
17326,24995,0
17327,24995,0
17328,24995,0
17329,24995,0
17330,24995,0
17331,24995,0
17332,24995,0
17333,24995,0
17334,24995,0
17335,24995,0
17336,24995,0
17337,24995,0
17338,24995,0
17339,24995,0
17340,24995,0
17341,24995,0
17342,24995,0
17343,24995,0
17344,24995,0
17345,24995,0
17346,24995,0
17347,24995,0
17348,24998,359
17349,24995,0
17350,24995,0
17351,24995,0
17352,24995,0
17353,24995,0
17354,24996,109
17355,24995,0
17356,24995,0
17357,24995,0
17358,24995,0
17359,24995,0
17360,24995,0
17361,24995,0
17362,24995,0
17363,24995,0
17364,24995,0
17365,24995,0
17366,24995,0
17367,24995,0
17368,24995,0
17369,24995,0
17370,24995,0
17371,24995,0
17372,24995,0
17373,24995,0
17374,24995,0
17375,24995,0
17376,24995,0
17377,24995,0
17378,24995,0
17379,24995,0
17380,24995,0
17381,24995,0
17382,25127,13887
17383,24995,0
17384,24995,0
17385,24995,0
17386,24995,0
17387,24995,0
17388,24995,0
17389,24995,0
17390,24995,0
17391,24995,0
17392,24995,0
17393,24995,0
17394,24995,0
17395,24995,0
17396,24995,0
17397,24995,0
17398,25003,909
17399,24995,0
17400,25039,4691
17401,24995,0
17402,24995,0
17403,24995,0
17404,24995,0
17405,25011,1709
17406,24995,0
17407,24995,0
17408,24995,0
17409,24999,433
17410,24995,0
17411,24995,0
17412,24998,409
17413,24995,0
17414,24995,0
17415,24995,0
17416,24995,29
17417,24995,0
17418,24995,0
17419,24995,0
17420,24995,0
17421,24995,0
17422,24995,0
17423,24995,0
17424,24995,0
17425,24995,18
17426,24995,0
17427,24995,0
17428,24995,0
17429,24995,0
17430,24995,0
17431,24995,0
17432,24995,0
17433,24995,0
17434,24995,0
17435,24995,0
17436,24995,0
17437,24995,9
17438,24995,0
17439,24995,0
17440,24995,0
17441,24995,0
17442,24995,0
17443,24995,0
17444,24998,309
17445,24996,109
17446,24999,459
17447,24995,0
17448,24995,0
17449,24995,0
17450,24995,0
17451,24995,0
17452,24995,0
17453,24995,0
17454,25000,609
17455,24995,0
17456,24995,0
17457,24995,0
17458,24995,0
17459,24995,0
17460,24995,0
17461,24995,0
17462,25004,1009
17463,24995,0
17464,24995,0
17465,24995,0
17466,24995,0
17467,24995,0
17468,24995,0
17469,24995,0
17470,25008,1459
17471,24995,0
17472,24995,0
17473,24995,0
17474,24995,0
17475,24995,0
17476,24995,0
17477,24995,0
17478,24995,0
17479,24995,0
17480,24995,0
17481,25001,718
17482,25010,1583
17483,24995,0
17484,25000,533
17485,24995,0
17486,24995,0
17487,24995,0
17488,24995,0
17489,24995,0
17490,24995,0
17491,24995,0
17492,24995,0
17493,24995,0
17494,24995,0
17495,24995,0
17496,24995,0
17497,24995,0
17498,24995,0
17499,24995,0
17500,24995,0
17501,25020,2644
17502,25010,1613
17503,24995,0
17504,24996,188
17505,24995,0
17506,24995,0
17507,24995,0
17508,24995,0
17509,24995,0
17510,24995,0
17511,24995,0
17512,24995,0
17513,25267,28436
17514,24995,0
17515,24995,0
17516,24995,0
17517,24995,0
17518,24995,0
17519,24995,0
17520,24995,0
17521,24995,0
17522,24995,0
17523,25079,8842
17524,24995,0
17525,25006,1209
17526,24995,0
17527,24995,0
17528,24995,0
17529,24995,0
17530,24995,0
17531,24995,0
17532,24995,0
17533,24995,0
17534,24995,0
17535,24995,0
17536,24995,0
17537,24995,0
17538,24995,53
17539,24995,0
17540,24995,0
17541,24999,429
17542,24995,0
17543,24995,0
17544,24995,0
17545,25002,733
17546,24995,0
17547,24995,0
17548,24995,0
17549,24995,0
17550,24995,0
17551,24995,0
17552,24995,0
17553,24995,0
17554,24995,0
17555,24995,0
17556,25158,17129
17557,24995,0
17558,24995,0
17559,24995,0
17560,24995,0
17561,24995,0
17562,24995,0
17563,24995,0
17564,24995,0
17565,24995,0
17566,24995,0
17567,24995,0
17568,25062,7027
17569,24995,0
17570,24995,0
17571,24995,0
17572,24995,0
17573,24995,0
17574,25066,7495
17575,24995,0
17576,24995,0
17577,25100,11033
17578,24995,0
17579,24995,0
17580,24995,0
17581,24995,0
17582,24995,0
17583,25033,4009
17584,24995,0
17585,24995,0
17586,24995,0
17587,24995,0
17588,24995,0
17589,24995,18
17590,24995,0
17591,24995,0
17592,24995,0
17593,24995,0
17594,25002,822
17595,24995,0
17596,24995,0
17597,24995,0
17598,24995,0
17599,24995,0
17600,24995,0
17601,24999,449
17602,24995,0
17603,24995,9
17604,24995,0
17605,25015,2188
17606,24995,0
17607,24995,0
17608,24995,0
17609,24995,0
17610,25477,50168
17611,25062,7079
17612,24998,409
17613,24995,0
17614,24995,0
17615,24995,0
17616,24995,0
17617,24995,0
17618,24995,0
17619,25010,1629
17620,24995,0
17621,24995,0
17622,24995,0
17623,24995,0
17624,24995,0
17625,24995,0
17626,24995,0
17627,24995,0
17628,25000,609
17629,24995,0
17630,24995,0
17631,24995,0
17632,24995,0
17633,24995,0
17634,24995,0
17635,24995,0
17636,24995,0
17637,24995,0
17638,24995,0
17639,24995,0
17640,24995,0
17641,24995,0
17642,24995,0
17643,24995,0
17644,24995,0
17645,25024,3129
17646,24995,0
17647,24995,0
17648,24995,0
17649,24995,0
17650,24995,0
17651,25015,2113
17652,24995,0
17653,24995,0
17654,24995,0
17655,24995,0
17656,24995,0
17657,24995,0
17658,24995,0
17659,24995,0
17660,24995,0
17661,24995,0
17662,24995,0
17663,24995,0
17664,24995,0
17665,24995,0
17666,24995,0
17667,24998,309
17668,25012,1878
17669,25001,713
17670,24995,0
17671,24995,0
17672,24995,0
17673,24995,0
17674,24995,0
17675,24995,9
17676,24995,0
17677,24995,0
17678,24995,0
17679,24995,0
17680,24995,0
17681,24995,0
17682,24995,0
17683,24995,0
17684,24995,0
17685,24995,0
17686,24995,0
17687,24995,0
17688,25026,3306
17689,24995,0
17690,24995,0
17691,24995,0
17692,24995,0
17693,24995,0
17694,24995,0
17695,25004,1035
17696,24995,0
17697,24995,0
17698,24995,0
17699,24995,0
17700,24995,0
17701,24995,0
17702,24995,0
17703,24995,0
17704,25005,1049
17705,24995,0
17706,24995,0
17707,24995,0
17708,24995,0
17709,24995,0
17710,24995,0
17711,24995,0
17712,24995,0
17713,24995,0
17714,24995,0
17715,25003,909
17716,24995,0
17717,24995,0
17718,24995,0
17719,24995,33
17720,24995,0
17721,24995,0
17722,24995,0
17723,24995,0
17724,24995,0
17725,24995,0
17726,24995,0
17727,24995,0
17728,24995,0
17729,24995,0
17730,24995,0
17731,25014,2079
17732,24995,0
17733,24995,0
17734,24995,0
17735,24995,68
17736,24995,0
17737,24995,0
17738,24996,165
17739,24995,0
17740,24995,0
17741,24995,0
17742,24995,0
17743,24995,0
17744,24995,0
17745,24995,0
17746,24995,0
17747,24995,0
17748,24995,0
17749,25018,2472
17750,24995,0
17751,24995,0
17752,24995,0
17753,24995,0
17754,24995,0
17755,24999,413
17756,25008,1459
17757,24995,0
17758,24995,40
17759,24995,0
17760,24995,0
17761,24995,0
17762,24995,0
17763,24995,0
17764,24995,0
17765,25007,1333
17766,25002,777
17767,24995,0
17768,24995,0
17769,24995,0
17770,24995,0
17771,24995,0
17772,24995,0
17773,24995,0
17774,24995,0
17775,24995,0
17776,24995,0
17777,24995,0
17778,24995,0
17779,25019,2559
17780,24995,0
17781,24995,0
17782,24999,429
17783,24995,0
17784,24995,0
17785,24995,0
17786,24995,0
17787,24995,0
17788,24999,429
17789,24995,0
17790,24995,0
17791,24995,0
17792,24995,0
17793,24995,0
17794,24995,0
17795,24995,0
17796,24995,0
17797,24995,0
17798,24995,0
17799,24995,0
17800,24995,0
17801,24995,0
17802,24995,0
17803,24995,0
17804,24997,209
17805,24999,468
17806,24995,0
17807,24995,0
17808,24995,0
17809,24995,0
17810,24995,0
17811,24995,0
17812,24995,0
17813,24995,0
17814,24995,0
17815,24995,0
17816,24995,0
17817,24995,0
17818,25010,1663
17819,25006,1209
17820,24995,0
17821,24995,0
17822,25014,2009
17823,24995,0
17824,25023,3018
17825,24995,0
17826,24995,0
17827,24995,0
17828,25205,22009
17829,24995,0
17830,24995,0
17831,24995,0
17832,24995,0
17833,24995,0
17834,24995,0
17835,24995,0
17836,24995,0
17837,24995,0
17838,25007,1267
17839,24995,0
17840,24995,9
17841,24995,0
17842,24995,0
17843,25015,2092
17844,24995,0
17845,24995,0
17846,24998,408
17847,24995,0
17848,24998,409
17849,24995,0
17850,24998,318
17851,24995,0
17852,24995,0
17853,24995,0
17854,24995,0
17855,24995,0
17856,24995,0
17857,24995,0
17858,24995,0
17859,24995,0
17860,25010,1588
17861,24995,0
17862,24995,0
17863,24995,0
17864,24995,0
17865,24995,0
17866,24995,0
17867,24995,0
17868,25007,1309
17869,24995,0
17870,24995,0
17871,24995,0
17872,24995,0
17873,24995,0
17874,24995,0
17875,24995,0
17876,24996,118
17877,25245,26213
17878,24995,0
17879,24995,0
17880,24995,0
17881,24995,0
17882,24995,0
17883,24995,0
17884,24995,0
17885,25000,618
17886,24995,0
17887,24995,0
17888,24999,463
17889,24995,0
17890,24995,0
17891,24995,0
17892,24995,0
17893,24995,0
17894,24995,0
17895,24995,0
17896,24995,0
17897,24995,0
17898,24995,9
17899,24997,213
17900,24995,0
17901,24995,29
17902,24995,0
17903,25011,1709
17904,24995,0
17905,24995,0
17906,24995,0
17907,24995,0
17908,24995,0
17909,24995,0
17910,24995,0
17911,24995,0
17912,24999,426
17913,24996,129
17914,24995,0
17915,24995,0
17916,24995,0
17917,24995,0
17918,24995,0
17919,25004,945
17920,24995,0
17921,24995,0
17922,25014,1997
17923,25010,1633
17924,24995,0
17925,24995,0
17926,24995,0
17927,24995,0
17928,24995,0
17929,24995,0
17930,24995,0
17931,24997,209
17932,24995,0
17933,24995,0
17934,24995,0
17935,24995,0
17936,24995,0
17937,24995,0
17938,24995,0
17939,24995,0
17940,24995,0
17941,24995,0
17942,25009,1559
17943,24995,0
17944,25002,729
17945,24995,0
17946,24995,0
17947,24995,0
17948,24995,0
17949,24995,0
17950,24995,0
17951,24995,0
17952,24995,0
17953,25007,1309
17954,24995,13
17955,24995,0
17956,24995,0
17957,24995,0
17958,24995,0
17959,24995,0
17960,24995,0
17961,24995,0
17962,24995,0
17963,24995,0
17964,24999,477
17965,25011,1764
17966,24995,0
17967,24995,0
17968,24995,0
17969,24995,0
17970,24995,0
17971,24995,0
17972,25001,713
17973,24995,0
17974,24995,0
17975,24995,0
17976,24995,0
17977,24995,0
17978,24995,0
17979,25002,736
17980,24995,0
17981,24995,0
17982,24995,0
17983,24995,0
17984,25037,4449
17985,24995,0
17986,24995,0
17987,24998,409
17988,24995,0
17989,24995,0
17990,24995,0
17991,24995,0
17992,24995,0
17993,24995,0
17994,24995,0
17995,24995,0
17996,24995,0
17997,24995,0
17998,24995,0
17999,24995,0
18000,24995,0
18001,24995,0
18002,24995,0
18003,24995,0
18004,24998,409
18005,24995,0
18006,24995,0
18007,24995,0
18008,24995,0
18009,24995,0
18010,24995,0
18011,24998,329
18012,24995,0
18013,24995,0
18014,24995,0
18015,24995,0
18016,24995,0
18017,24995,0
18018,24995,0
18019,24995,38
18020,24995,0
18021,24995,0
18022,24995,0
18023,24995,0
18024,24995,0
18025,24995,0
18026,24995,0
18027,24995,0
18028,24995,0
18029,24995,0
18030,24995,0
18031,24995,0
18032,24995,0
18033,25019,2542
18034,24995,0
18035,24995,0
18036,24995,0
18037,24995,0
18038,24995,0
18039,24995,0
18040,24995,0
18041,24995,0
18042,24995,0
18043,24995,0
18044,24995,0
18045,25016,2213
18046,24995,0
18047,24995,0
18048,24995,0
18049,24995,0
18050,25002,813
18051,24995,0
18052,25028,3511
18053,25012,1809
18054,24995,0
18055,24995,0
18056,24995,0
18057,24995,0
18058,25007,1309
18059,24995,0
18060,24995,0
18061,24995,0
18062,24998,309
18063,24995,0
18064,24995,0
18065,24995,0
18066,24995,0
18067,24995,0
18068,24995,0
18069,24995,0
18070,24995,0
18071,24995,0
18072,24995,0
18073,25001,659
18074,24995,0
18075,25002,810
18076,24995,0
18077,24995,0
18078,25273,29036
18079,24995,0
18080,24995,0
18081,25026,3259
18082,24995,0
18083,24995,0
18084,24995,0
18085,24995,0
18086,24995,0
18087,25056,6438
18088,24995,0
18089,24995,0
18090,24995,0
18091,24995,0
18092,24999,486
18093,24995,0
18094,24995,0
18095,24995,0
18096,24995,0
18097,24995,0
18098,24995,0
18099,24995,0
18100,24995,0
18101,24995,0
18102,24995,0
18103,24995,0
18104,24995,0
18105,24995,0
18106,24995,0
18107,25030,3746
18108,24995,0
18109,24995,0
18110,24995,0
18111,25012,1813
18112,24995,0
18113,24995,0
18114,24995,0
18115,24995,0
18116,24995,0
18117,24995,0
18118,24995,0
18119,24995,0
18120,24995,0
18121,24995,0
18122,25002,759
18123,24995,0
18124,24995,0
18125,24995,0
18126,24995,0
18127,24995,0
18128,24995,0
18129,24995,0
18130,25000,545
18131,24995,0
18132,24995,0
18133,24995,0
18134,24995,0
18135,25058,6609
18136,24999,429
18137,24995,0
18138,24995,0
18139,24995,0
18140,24995,0
18141,24995,0
18142,24995,0
18143,24995,0
18144,25020,2672
18145,24995,0
18146,24995,0
18147,24995,0
18148,24995,0
18149,24995,0
18150,24995,0
18151,24995,0
18152,24995,0
18153,24995,0
18154,24995,0
18155,24995,0
18156,24995,0
18157,25001,638
18158,24995,0
18159,24995,0
18160,24995,0
18161,24995,0
18162,24995,0
18163,24995,0
18164,24995,0
18165,25009,1509
18166,24995,0
18167,24995,0
18168,24995,0
18169,24995,0
18170,24995,0
18171,24995,0
18172,24995,0
18173,24995,0
18174,25009,1518
18175,24995,0
18176,24995,0
18177,24995,0
18178,24995,0
18179,24995,0
18180,25041,4851
18181,25003,865
18182,24995,9
18183,24995,0
18184,24995,0
18185,24995,0
18186,24995,0
18187,24995,0
18188,24995,0
18189,24995,0
18190,24995,0
18191,24995,0
18192,24995,0
18193,24995,0
18194,24995,0
18195,24995,0
18196,25004,1013
18197,24995,0
18198,24995,0
18199,24995,0
18200,24995,0
18201,24995,0
18202,24995,0
18203,24995,0
18204,24995,0
18205,25014,2018
18206,25004,1009
18207,24995,76
18208,24995,0
18209,24995,0
18210,24999,509
18211,24995,0
18212,24995,0
18213,24995,0
18214,24995,9
18215,24995,0
18216,24995,0
18217,24995,0
18218,25005,1079
18219,24995,0
18220,24995,0
18221,24995,0
18222,24995,0
18223,24995,0
18224,24995,0
18225,24995,0
18226,24995,0
18227,24995,0
18228,24995,0
18229,24995,0
18230,24995,0
18231,24995,0
18232,24995,0
18233,24995,0
18234,24999,506
18235,24995,0
18236,24995,0
18237,24995,0
18238,24995,0
18239,24995,68
18240,24995,0
18241,25005,1118
18242,24995,0
18243,24995,0
18244,24995,0
18245,24995,0
18246,24995,0
18247,24995,0
18248,24995,0
18249,24995,0
18250,24995,0
18251,24995,0
18252,24995,0
18253,24995,0
18254,24995,0
18255,24995,13
18256,24995,0
18257,24995,0
18258,24999,429
18259,24995,0
18260,24995,0
18261,24995,0
18262,24995,0
18263,24995,0
18264,24995,0
18265,24995,0
18266,24997,229
18267,24995,0
18268,24995,0
18269,24995,0
18270,24995,0
18271,24995,0
18272,24995,0
18273,24995,0
18274,24995,0
18275,24995,0
18276,24995,0
18277,24995,0
18278,24995,0
18279,24995,0
18280,24995,0
18281,24997,209
18282,24995,0
18283,24995,0
18284,24995,0
18285,24995,0
18286,24995,0
18287,24995,0
18288,24995,0
18289,24995,0
18290,24995,0
18291,24995,0
18292,24995,0
18293,24995,0
18294,24995,0
18295,24995,0
18296,24995,0
18297,24995,0
18298,24995,0
18299,24995,0
18300,24995,0
18301,24995,0
18302,25003,858
18303,24995,29
18304,24995,0
18305,24995,0
18306,24995,0
18307,24995,0
18308,25000,536
18309,24995,0
18310,24995,0
18311,24995,0
18312,24995,0
18313,24995,0
18314,24995,0
18315,24999,413
18316,24995,0
18317,24995,0
18318,24995,0
18319,24995,0
18320,24995,0
18321,24995,0
18322,24995,0
18323,24995,0
18324,25004,1029
18325,24995,0
18326,24995,0
18327,24995,0
18328,24995,0
18329,24995,0
18330,24995,0
18331,24995,0
18332,24995,0
18333,24995,0
18334,24995,0
18335,24995,0
18336,24995,0
18337,24995,0
18338,25037,4409
18339,25477,50209
18340,24995,0
18341,24995,0
18342,24995,0
18343,24995,0
18344,25014,2009
18345,24995,0
18346,24995,0
18347,25025,3213
18348,24995,0
18349,25026,3329
18350,24995,0
18351,24995,0
18352,24995,0
18353,24995,0
18354,24995,0
18355,24995,0
18356,24995,0
18357,24995,0
18358,24995,0
18359,24995,0
18360,24995,0
18361,24995,0
18362,24995,0
18363,24995,0
18364,24995,0
18365,24995,0
18366,24995,0
18367,24995,0
18368,24995,0
18369,24995,0
18370,24995,0
18371,24995,0
18372,24995,0
18373,24995,0
18374,24995,0
18375,24995,0
18376,24995,13
18377,24995,0
18378,24995,0
18379,24995,0
18380,24995,0
18381,24995,0
18382,24995,0
18383,24995,0
18384,24995,0
18385,24995,0
18386,24995,0
18387,24995,9
18388,24995,0
18389,24996,109
18390,24995,0
18391,24995,0
18392,24995,0
18393,24995,0
18394,24995,0
18395,24995,0
18396,24995,0
18397,24995,0
18398,24995,0
18399,24995,0
18400,24998,359
18401,24995,0
18402,24995,0
18403,24995,0
18404,24995,0
18405,24995,0
18406,24995,0
18407,24995,0
18408,24995,0
18409,24996,189
18410,25010,1592
18411,24995,0
18412,24995,0
18413,24995,0
18414,24995,0
18415,24995,0
18416,24995,0
18417,24995,0
18418,25020,2709
18419,24995,0
18420,24995,0
18421,24995,0
18422,24995,0
18423,24998,363
18424,24995,0
18425,25010,1613
18426,24995,0
18427,24995,0
18428,24995,0
18429,24995,0
18430,24995,0
18431,24995,0
18432,24995,0
18433,25002,759
18434,24995,9
18435,24995,0
18436,25001,709
18437,24995,0
18438,24995,0
18439,24995,0
18440,24995,0
18441,24995,0
18442,24995,0
18443,24995,0
18444,24995,0
18445,24995,0
18446,24995,0
18447,24995,0
18448,24995,0
18449,24995,0
18450,25016,2209
18451,24995,0
18452,24995,0
18453,24995,0
18454,24995,0
18455,25069,7838
18456,24997,209
18457,24995,0
18458,24995,0
18459,24995,0
18460,24995,0
18461,24995,0
18462,24995,0
18463,24995,0
18464,24995,0
18465,24995,0
18466,24995,0
18467,24995,0
18468,24995,0
18469,24995,0
18470,24995,0
18471,24995,0
18472,24995,0
18473,24995,0
18474,24995,0
18475,24999,458
18476,24995,0
18477,24995,0
18478,24995,0
18479,24995,0
18480,24995,0
18481,24995,0
18482,24995,0
18483,24995,0
18484,24997,236
18485,24995,0
18486,24995,0
18487,24995,0
18488,24995,0
18489,24995,0
18490,24995,0
18491,24995,0
18492,24995,0
18493,24995,0
18494,24995,9
18495,24995,0
18496,24995,0
18497,24995,0
18498,24995,0
18499,24995,0
18500,24995,0
18501,24995,0
18502,24995,0
18503,24995,0
18504,24995,13
18505,24995,0
18506,24995,0
18507,25064,7309
18508,24995,0
18509,24995,0
18510,24995,0
18511,24995,0
18512,24995,0
18513,24995,0
18514,24995,0
18515,24995,0
18516,24995,54
18517,24995,0
18518,24995,0
18519,24995,0
18520,25020,2677
18521,24995,0
18522,24995,0
18523,25033,4047
18524,24995,0
18525,24995,0
18526,24995,0
18527,24995,0
18528,24995,0
18529,24995,0
18530,24995,0
18531,25030,3709
18532,24995,0
18533,24995,0
18534,24995,0
18535,24995,0
18536,24995,0
18537,24995,0
18538,24998,409
18539,24995,0
18540,24995,0
18541,24995,0
18542,24995,0
18543,24995,0
18544,24995,0
18545,24995,0
18546,24995,0
18547,24995,0
18548,24995,0
18549,24995,0
18550,24995,0
18551,24995,0
18552,24995,0
18553,24995,0
18554,24995,0
18555,24995,0
18556,24995,0
18557,24995,0
18558,24995,0
18559,25005,1122
18560,24995,0
18561,25000,529
18562,24995,0
18563,24995,0
18564,24995,0
18565,24995,0
18566,24995,0
18567,25006,1188
18568,24995,0
18569,25004,1009
18570,25018,2504
18571,24995,0
18572,24995,0
18573,24995,0
18574,24995,0
18575,24995,0
18576,24995,0
18577,24995,0
18578,24995,0
18579,24995,0
18580,24995,0
18581,24995,0
18582,24995,0
18583,24995,0
18584,24995,0
18585,24995,0
18586,24995,0
18587,24995,0
18588,24995,0
18589,24995,0
18590,24995,0
18591,24995,0
18592,24995,0
18593,24995,0
18594,24999,413
18595,24995,0
18596,24995,0
18597,24995,0
18598,24995,0
18599,25085,9476
18600,24995,0
18601,25176,19009
18602,25009,1518
18603,25000,522
18604,24995,0
18605,24995,0
18606,25002,759
18607,24995,0
18608,24995,0
18609,24995,0
18610,24998,409
18611,24995,0
18612,24995,0
18613,24995,0
18614,24995,0
18615,24995,0
18616,24995,0
18617,24995,0
18618,24995,0
18619,24995,0
18620,24995,0
18621,24995,0
18622,24995,0
18623,24995,0
18624,25006,1219
18625,24995,0
18626,24995,0
18627,24995,0
18628,24995,0
18629,25004,1009
18630,24995,0
18631,24995,0
18632,24995,0
18633,24995,0
18634,24997,209
18635,24995,0
18636,24995,0
18637,24995,0
18638,24995,0
18639,24995,0
18640,24995,0
18641,24995,0
18642,24995,0
18643,25000,609
18644,24995,0
18645,24995,0
18646,24995,0
18647,24998,409
18648,24995,0
18649,24995,0
18650,24995,0
18651,24997,218
18652,24995,0
18653,24995,0
18654,25017,2374
18655,24995,0
18656,24995,0
18657,24995,0
18658,24995,0
18659,24995,0
18660,24995,0
18661,24995,0
18662,25027,3359
18663,24995,0
18664,24995,0
18665,25077,8653
18666,24995,0
18667,24995,0
18668,24995,0
18669,24995,0
18670,24995,0
18671,24995,0
18672,24995,0
18673,24995,0
18674,24995,0
18675,24995,0
18676,24995,0
18677,24995,0
18678,24995,0
18679,24995,0
18680,24995,0
18681,24995,0
18682,24995,0
18683,24995,0
18684,24995,0
18685,24999,509
18686,24998,359
18687,24995,0
18688,24995,0
18689,24995,0
18690,24995,0
18691,24995,0
18692,24995,0
18693,24995,0
18694,24995,0
18695,24995,0
18696,24995,0
18697,24995,0
18698,24995,0
18699,25016,2298
18700,24995,0
18701,24995,0
18702,24995,0
18703,24995,0
18704,24995,0
18705,24995,0
18706,24995,0
18707,24995,0
18708,24995,0
18709,24995,0
18710,24995,0
18711,24995,0
18712,25004,959
18713,24995,0
18714,24995,0
18715,24995,29
18716,25024,3072
18717,24995,0
18718,24995,0
18719,24995,0
18720,24997,209
18721,24995,0
18722,24995,0
18723,24995,0
18724,24996,145
18725,24995,0
18726,24995,0
18727,25004,949
18728,25496,52159
18729,24995,0
18730,24995,0
18731,24995,0
18732,24995,0
18733,24995,0
18734,24995,18
18735,24995,0
18736,24997,259
18737,24995,0
18738,24995,0
18739,24995,0
18740,24997,233
18741,24995,0
18742,24995,0
18743,24995,0
18744,25022,2859
18745,24995,0
18746,24995,0
18747,24995,0
18748,24995,0
18749,24995,0
18750,25060,6829
18751,24995,0
18752,24995,0
18753,24995,0
18754,24995,0
18755,24995,0
18756,25000,559
18757,24995,0
18758,24995,0
18759,24995,0
18760,24995,0
18761,24995,0
18762,24995,0
18763,25012,1828
18764,24995,29
18765,24995,0
18766,24995,0
18767,24995,0
18768,24995,0
18769,24995,0
18770,24995,0
18771,24995,0
18772,24995,0
18773,24995,0
18774,25014,2059
18775,24997,229
18776,24995,0
18777,25033,4036
18778,24995,0
18779,24995,0
18780,24995,0
18781,24995,0
18782,25010,1633
18783,24998,409
18784,24995,0
18785,24995,0
18786,24995,0
18787,24995,0
18788,24995,0
18789,24995,0
18790,25015,2190
18791,24995,0
18792,24995,0
18793,24995,0
18794,25011,1768
18795,24995,0
18796,25009,1535
18797,24995,0
18798,24995,0
18799,24995,0
18800,24998,322
18801,25014,2053
18802,24995,0
18803,24998,329
18804,24995,0
18805,24995,0
18806,24995,0
18807,24995,0
18808,24995,0
18809,24995,0
18810,25038,4559
18811,24995,0
18812,24995,0
18813,25000,529
18814,24995,0
18815,24995,0
18816,25001,722
18817,25005,1059
18818,24995,0
18819,24995,0
18820,24995,0
18821,24995,0
18822,24995,0
18823,24995,0
18824,24995,0
18825,24995,0
18826,24995,0
18827,24995,0
18828,24995,0
18829,24995,0
18830,24995,0
18831,24995,0
18832,25000,529
18833,24995,0
18834,24995,0
18835,24995,0
18836,24995,0
18837,24995,0
18838,24995,0
18839,24995,0
18840,24995,0
18841,24995,0
18842,24995,0
18843,25017,2309
18844,24995,0
18845,24995,0
18846,24995,0
18847,24995,0
18848,24995,0
18849,25014,1988
18850,24995,0
18851,24995,0
18852,24995,0
18853,24995,0
18854,24995,0
18855,24995,0
18856,24995,0
18857,24995,0
18858,24995,0
18859,24995,0
18860,24995,0
18861,24995,0
18862,24995,0
18863,24995,0
18864,24995,0
18865,24995,0
18866,24995,0
18867,24995,0
18868,24995,0
18869,24995,0
18870,24995,0
18871,24995,0
18872,24995,0
18873,24995,0
18874,24995,0
18875,24995,0
18876,24995,0
18877,25022,2929
18878,24995,0
18879,25002,759
18880,24999,509
18881,24995,0
18882,25007,1318
18883,24995,0
18884,24995,0
18885,25001,688
18886,24995,0
18887,24995,0
18888,24995,0
18889,24995,0
18890,24995,0
18891,24998,338
18892,24995,0
18893,24995,0
18894,24995,0
18895,24995,0
18896,24995,0
18897,24995,0
18898,24995,0
18899,24995,0
18900,24997,229
18901,24995,0
18902,24998,409
18903,25014,2018
18904,24995,0
18905,24995,0
18906,24995,0
18907,24995,0
18908,24995,0
18909,24995,0
18910,24995,0
18911,24995,0
18912,24995,0
18913,24995,0
18914,24995,0
18915,24995,0
18916,24995,0
18917,24995,0
18918,24995,0
18919,24995,0
18920,24995,0
18921,24995,0
18922,24995,0
18923,24995,0
18924,24995,0
18925,24995,0
18926,24995,0
18927,24995,29
18928,24995,0
18929,24995,0
18930,24995,0
18931,24995,0
18932,25027,3409
18933,24995,0
18934,24995,0
18935,24995,0
18936,25002,809
18937,24995,0
18938,24995,0
18939,24995,0
18940,24995,0
18941,25046,5431
18942,24995,0
18943,24998,309
18944,24995,0
18945,25027,3422
18946,24995,0
18947,24995,0
18948,24995,0
18949,24995,0
18950,24997,288
18951,24995,0
18952,24995,0
18953,24995,0
18954,24995,0
18955,24995,0
18956,24995,0
18957,24995,0
18958,24995,0
18959,24995,0
18960,24995,0
18961,24995,0
18962,24995,0
18963,24995,0
18964,24995,0
18965,24995,0
18966,24999,422
18967,24995,0
18968,24995,0
18969,24995,0
18970,24995,0
18971,24995,0
18972,24995,0
18973,24995,0
18974,24995,0
18975,24995,0
18976,24995,0
18977,24995,0
18978,24995,0
18979,24995,0
18980,24995,0
18981,24995,0
18982,24995,0
18983,24995,0
18984,24995,0
18985,25017,2326
18986,24995,0
18987,24995,0
18988,24995,0
18989,24995,0
18990,24995,0
18991,24996,99
18992,24995,0
18993,24995,0
18994,25033,4013
18995,25046,5431
18996,24995,0
18997,24995,0
18998,24995,0
18999,24995,0
19000,24995,0
19001,24995,0
19002,24995,0
19003,24998,379
19004,25041,4833
19005,24995,0
19006,24995,0
19007,24995,0
19008,24995,0
19009,24995,0
19010,24998,409
19011,24995,0
19012,24995,0
19013,24995,0
19014,24995,0
19015,24995,0
19016,24995,0
19017,25022,2880
19018,25009,1527
19019,24995,0
19020,24995,0
19021,24995,0
19022,24995,0
19023,24995,0
19024,24995,0
19025,24995,0
19026,24995,0
19027,24995,0
19028,24995,0
19029,24995,0
19030,24995,0
19031,24998,333
19032,24995,0
19033,25042,4959
19034,24995,0
19035,24995,0
19036,24995,0
19037,24995,0
19038,24995,0
19039,25000,522
19040,24995,0
19041,24995,0
19042,24995,0
19043,24995,0
19044,24995,0
19045,24995,0
19046,24995,0
19047,24995,0
19048,24995,0
19049,24995,0
19050,24995,0
19051,24995,0
19052,24997,265
19053,24995,0
19054,24995,0
19055,24995,0
19056,24995,0
19057,24995,0
19058,24995,0
19059,24995,0
19060,24995,0
19061,24995,0
19062,24995,0
19063,24995,0
19064,24995,0
19065,24995,0
19066,24995,0
19067,25014,2009
19068,24995,0
19069,25000,539
19070,24995,0
19071,24995,0
19072,24995,0
19073,24995,0
19074,24995,0
19075,24995,0
19076,25025,3215
19077,24995,0
19078,24995,0
19079,24995,0
19080,24995,0
19081,24995,0
19082,24995,22
19083,24995,0
19084,25016,2292
19085,24995,0
19086,24995,0
19087,25004,1009
19088,24995,0
19089,24995,0
19090,24995,0
19091,24995,0
19092,24998,309
19093,24995,0
19094,24995,0
19095,24995,0
19096,24995,0
19097,24995,0
19098,24995,0
19099,25237,25340
19100,24995,0
19101,24995,0
19102,24995,0
19103,24995,0
19104,24995,0
19105,24995,0
19106,24995,0
19107,24995,0
19108,24995,0
19109,24995,0
19110,24995,0
19111,24995,0
19112,24995,0
19113,24997,218
19114,24998,388
19115,24995,59
19116,24995,0
19117,24995,0
19118,24995,0
19119,24995,0
19120,25000,618
19121,24995,0
19122,24995,0
19123,24995,0
19124,24995,0
19125,24995,0
19126,24995,0
19127,24995,0
19128,24995,0
19129,24995,0
19130,24995,0
19131,24995,0
19132,24995,0
19133,24995,0
19134,24995,0
19135,24995,0
19136,24995,0
19137,24999,438
19138,24995,0
19139,24995,0
19140,24995,0
19141,24995,0
19142,24995,0
19143,24995,0
19144,24999,509
19145,24995,0
19146,24995,0
19147,24995,0
19148,24995,0
19149,24995,0
19150,25006,1226
19151,24995,0
19152,24995,0
19153,24995,0
19154,24995,0
19155,24995,0
19156,24995,0
19157,24995,0
19158,24995,0
19159,24995,0
19160,24996,179
19161,24995,0
19162,24995,0
19163,24995,0
19164,24995,0
19165,24998,309
19166,25044,5135
19167,25040,4768
19168,24995,0
19169,24995,0
19170,25030,3736
19171,24995,0
19172,25235,25099
19173,24995,0
19174,24995,0
19175,24995,0
19176,24995,0
19177,24995,0
19178,24995,0
19179,24995,0
19180,25017,2340
19181,24995,0
19182,24995,0
19183,24996,105
19184,24995,0
19185,24995,0
19186,24995,0
19187,24995,0
19188,24995,0
19189,24995,59
19190,24995,0
19191,24995,0
19192,24995,0
19193,24995,0
19194,24995,0
19195,24995,0
19196,24995,0
19197,24995,0
19198,24995,0
19199,24995,0
19200,24995,13
19201,24995,0
19202,25001,673
19203,24995,0
19204,24995,0
19205,24995,0
19206,24995,0
19207,24995,0
19208,24995,0
19209,24995,0
19210,24995,0
19211,24995,0
19212,24995,0
19213,24995,0
19214,24995,0
19215,24995,0
19216,24995,0
19217,24995,0
19218,24995,0
19219,24995,0
19220,24995,0
19221,24995,0
19222,24995,0
19223,24995,0
19224,24995,0
19225,24995,0
19226,24995,0
19227,24995,0
19228,24995,38
19229,24995,0
19230,24995,0
19231,24995,27
19232,24995,0
19233,24995,0
19234,24995,0
19235,24995,0
19236,24995,0
19237,24995,0
19238,24995,0
19239,24995,0
19240,24995,0
19241,24995,0
19242,24995,0
19243,24995,0
19244,24995,0
19245,24995,0
19246,24996,109
19247,24995,0
19248,24995,0
19249,24995,0
19250,24995,0
19251,24995,0
19252,24995,0
19253,24995,0
19254,24995,0
19255,24998,309
19256,25002,829
19257,24995,0
19258,24995,0
19259,24995,0
19260,24995,0
19261,25008,1427
19262,24995,0
19263,24995,75
19264,24995,0
19265,24999,509
19266,24995,0
19267,25130,14149
19268,24995,0
19269,24995,0
19270,24995,0
19271,24995,0
19272,24995,0
19273,24995,0
19274,25000,592
19275,24995,0
19276,24995,0
19277,25040,4729
19278,24995,0
19279,24995,0
19280,24995,0
19281,24995,0
19282,24995,0
19283,24995,0
19284,24995,0
19285,24995,0
19286,25014,2038
19287,25011,1729
19288,24995,0
19289,24995,0
19290,24995,0
19291,24995,0
19292,24995,0
19293,24995,0
19294,24995,0
19295,24995,0
19296,24995,0
19297,24995,0
19298,24995,0
19299,25011,1759
19300,24995,0
19301,24995,0
19302,24995,0
19303,24995,0
19304,25017,2369
19305,25009,1559
19306,24998,359
19307,24995,0
19308,24995,0
19309,24995,0
19310,24995,0
19311,24995,0
19312,24995,0
19313,24997,229
19314,24995,0
19315,24995,0
19316,24995,0
19317,24995,0
19318,24995,0
19319,24995,0
19320,24995,0
19321,24995,0
19322,25010,1609
19323,25009,1529
19324,24995,0
19325,24995,0
19326,25014,2018
19327,25023,3009
19328,24995,0
19329,24995,0
19330,24995,0
19331,24995,0
19332,24995,0
19333,25027,3409
19334,24995,0
19335,24995,0
19336,24995,0
19337,24995,0
19338,24995,0
19339,24995,0
19340,25040,4795
19341,24995,0
19342,25006,1163
19343,24995,0
19344,24995,0
19345,24995,0
19346,24995,0
19347,24995,0
19348,24995,0
19349,24995,0
19350,25052,6013
19351,24995,0
19352,24995,0
19353,24995,35
19354,24995,0
19355,24995,0
19356,24995,0
19357,24995,0
19358,24995,0
19359,24995,0
19360,24995,0
19361,24995,0
19362,24995,0
19363,24995,0
19364,24995,0
19365,24998,363
19366,24995,0
19367,25019,2518
19368,24995,0
19369,24995,0
19370,24995,0
19371,24995,0
19372,25041,4847
19373,24995,0
19374,24995,0
19375,24995,59
19376,24995,0
19377,24995,0
19378,24995,0
19379,24995,0
19380,24995,0
19381,24995,0
19382,24995,0
19383,24995,0
19384,24995,0
19385,24997,229
19386,24995,0
19387,24995,0
19388,25001,633
19389,24995,0
19390,24995,0
19391,24995,0
19392,24995,0
19393,24995,0
19394,24995,0
19395,24995,0
19396,24995,0
19397,24995,0
19398,24995,0
19399,24995,0
19400,24995,0
19401,24995,0
19402,24995,0
19403,24995,0
19404,24995,0
19405,24995,0
19406,25081,9009
19407,24995,0
19408,24995,0
19409,24995,0
19410,24995,0
19411,24995,0
19412,24995,0
19413,24995,0
19414,24995,0
19415,24995,0
19416,24995,0
19417,24995,0
19418,24995,0
19419,25016,2209
19420,24995,0
19421,24995,0
19422,25004,1009
19423,24995,0
19424,24995,0
19425,27539,254509
19426,24995,0
19427,24995,0
19428,24995,0
19429,24995,0
19430,24998,309
19431,24995,0
19432,24995,0
19433,24995,0
19434,25026,3327
19435,24999,459
19436,24998,338
19437,24995,0
19438,24995,0
19439,24995,0
19440,24995,0
19441,24995,44
19442,24995,0
19443,24995,0
19444,25000,609
19445,24995,0
19446,25000,529
19447,24995,0
19448,24995,0
19449,24995,0
19450,24995,0
19451,24995,59
19452,24995,0
19453,24995,0
19454,24995,0
19455,24995,0
19456,24995,0
19457,24999,509
19458,24995,0
19459,24995,0
19460,24995,0
19461,25008,1418
19462,24995,0
19463,25012,1849
19464,24995,0
19465,24995,0
19466,24995,0
19467,24995,0
19468,24995,0
19469,24995,0
19470,24996,133
19471,24995,0
19472,24995,0
19473,25005,1138
19474,24995,0
19475,24995,0
19476,24995,0
19477,24995,0
19478,25004,944
19479,24995,0
19480,24995,0
19481,25008,1446
19482,24995,0
19483,24995,0
19484,24995,0
19485,24995,0
19486,24995,0
19487,24995,0
19488,24995,0
19489,24995,0
19490,25017,2309
19491,24995,0
19492,24995,0
19493,24995,0
19494,24995,0
19495,24995,0
19496,24995,0
19497,24995,0
19498,24995,0
19499,24995,0
19500,24995,0
19501,25022,2909
19502,24995,0
19503,24995,0
19504,24995,0
19505,24995,0
19506,24995,0
19507,24995,0
19508,24995,0
19509,24995,0
19510,24995,0
19511,24995,0
19512,24995,0
19513,24995,0
19514,24995,0
19515,24995,0
19516,24995,0
19517,24995,0
19518,24995,0
19519,24995,0
19520,24995,0
19521,24995,0
19522,24999,509
19523,24995,0
19524,24995,0
19525,24995,0
19526,24995,0
19527,24995,0
19528,24995,0
19529,24995,0
19530,24995,0
19531,24995,0
19532,25016,2229
19533,25016,2218
19534,25007,1318
19535,24995,0
19536,24995,0
19537,24995,0
19538,24995,0
19539,24997,209
19540,24995,0
19541,24995,0
19542,24995,0
19543,24995,0
19544,24995,0
19545,25000,529
19546,24995,0
19547,24995,0
19548,25019,2613
19549,24995,0
19550,24995,0
19551,24995,0
19552,24995,0
19553,24995,0
19554,24999,449
19555,24995,68
19556,24995,0
19557,24995,0
19558,24995,0
19559,25016,2229
19560,24995,0
19561,24995,0
19562,24995,0
19563,24995,0
19564,25007,1319
19565,24995,0
19566,24995,0
19567,24995,0
19568,24995,0
19569,24995,0
19570,24995,0
19571,24995,0
19572,24995,0
19573,24995,0
19574,24995,0
19575,24995,0
19576,24995,0
19577,24995,0
19578,24995,0
19579,24995,0
19580,24998,333
19581,24995,0
19582,24995,0
19583,24995,0
19584,24995,0
19585,24995,0
19586,24995,0
19587,24995,0
19588,24995,0
19589,24995,0
19590,24995,0
19591,25002,809
19592,24995,0
19593,24995,0
19594,24995,9
19595,24995,0
19596,24995,0
19597,24995,0
19598,24995,0
19599,25100,11009
19600,24995,0
19601,24995,0
19602,24995,0
19603,24995,0
19604,24995,0
19605,24995,29
19606,24995,0
19607,24995,0
19608,24996,145
19609,24995,0
19610,24995,0
19611,24995,0
19612,24995,0
19613,24995,0
19614,24995,0
19615,24995,0
19616,24995,0
19617,24995,0
19618,24995,0
19619,24995,0
19620,24995,0
19621,25026,3288
19622,24995,0
19623,24995,18
19624,24995,0
19625,24995,0
19626,25026,3349
19627,25018,2509
19628,24995,9
19629,24995,0
19630,24995,0
19631,24995,0
19632,24995,0
19633,24995,0
19634,24995,0
19635,24995,0
19636,24995,0
19637,24995,0
19638,24995,0
19639,24995,0
19640,24995,0
19641,24995,0
19642,24995,0
19643,25005,1114
19644,24999,464
19645,24995,0
19646,24995,0
19647,24995,0
19648,24995,0
19649,24995,0
19650,25007,1309
19651,24995,0
19652,24995,0
19653,24995,0
19654,24995,0
19655,24995,0
19656,24995,0
19657,24995,0
19658,24995,0
19659,24995,0
19660,24995,0
19661,24995,0
19662,24995,0
19663,24995,72
19664,24995,0
19665,24995,31
19666,25002,809
19667,24995,0
19668,24995,0
19669,24995,0
19670,24995,0
19671,24995,0
19672,24995,0
19673,24995,0
19674,24995,0
19675,24995,0
19676,24995,0
19677,25004,973
19678,24995,0
19679,25027,3409
19680,24995,0
19681,24995,0
19682,24995,9
19683,24995,0
19684,24995,0
19685,24995,0
19686,24995,0
19687,24995,0
19688,25019,2513
19689,24995,0
19690,24995,0
19691,24995,27
19692,24995,0
19693,24995,0
19694,24995,0
19695,24995,0
19696,24995,0
19697,24995,0
19698,24995,0
19699,24995,0
19700,24995,0
19701,24995,0
19702,24995,0
19703,24995,0
19704,25043,5129
19705,24995,0
19706,24995,0
19707,24995,0
19708,24995,0
19709,24995,0
19710,24995,0
19711,24995,0
19712,24995,0
19713,24995,0
19714,24995,0
19715,24995,0
19716,24995,0
19717,24999,433
19718,24995,0
19719,24995,0
19720,24995,0
19721,24995,0
19722,24995,0
19723,24995,0
19724,24995,0
19725,24995,0
19726,24995,0
19727,24995,0
19728,24995,0
19729,24999,499
19730,24995,0
19731,24995,0
19732,24995,0
19733,24995,0
19734,24995,0
19735,24995,0
19736,24995,0
19737,24995,0
19738,24995,0
19739,25011,1772
19740,25141,15318
19741,24995,0
19742,24995,0
19743,24997,209
19744,24995,0
19745,24995,0
19746,24995,0
19747,25037,4429
19748,24995,0
19749,25114,12513
19750,24995,18
19751,24995,0
19752,24995,0
19753,24995,0
19754,25612,64018
19755,25010,1572
19756,24995,0
19757,25009,1508
19758,24995,0
19759,25006,1238
19760,24995,0
19761,24995,0
19762,24995,0
19763,24995,0
19764,24995,0
19765,24998,309
19766,24995,0
19767,24995,0
19768,24995,0
19769,25011,1698
19770,24995,0
19771,24995,0
19772,24998,313
19773,24995,0
19774,24995,0
19775,24995,0
19776,24995,0
19777,24995,0
19778,24995,0
19779,24995,0
19780,24995,0
19781,24995,0
19782,25007,1318
19783,24995,0
19784,24995,0
19785,25002,736
19786,24995,0
19787,24995,0
19788,24995,0
19789,24995,0
19790,24995,0
19791,24995,0
19792,24995,0
19793,24995,0
19794,24999,422
19795,24995,0
19796,24995,0
19797,24995,0
19798,24995,0
19799,25001,709
19800,24995,0
19801,24995,0
19802,24995,0
19803,24995,0
19804,25020,2662
19805,24995,0
19806,24995,0
19807,24995,0
19808,25011,1689
19809,24995,0
19810,24995,0
19811,24995,0
19812,24995,0
19813,24995,0
19814,24995,0
19815,24995,29
19816,24997,297
19817,24995,0
19818,24995,35
19819,24995,0
19820,24995,0
19821,24995,0
19822,24995,0
19823,24995,0
19824,24995,0
19825,24995,0
19826,24995,0
19827,24995,0
19828,24995,0
19829,24995,0
19830,24995,0
19831,25071,8009
19832,24995,0
19833,24995,0
19834,24995,85
19835,24995,0
19836,25004,1009
19837,24995,0
19838,24995,0
19839,25002,809
19840,24995,0
19841,24995,0
19842,24995,0
19843,24995,0
19844,24995,0
19845,24995,0
19846,24995,0
19847,24995,0
19848,24997,229
19849,24995,0
19850,24995,0
19851,24995,0
19852,24995,0
19853,24995,0
19854,24995,0
19855,24997,209
19856,24995,0
19857,24995,0
19858,24995,0
19859,24997,259
19860,24995,0
19861,24995,0
19862,24995,0
19863,24995,0
19864,24995,0
19865,24995,0
19866,24995,0
19867,24995,0
19868,24995,0
19869,24995,0
19870,24995,0
19871,24995,0
19872,24995,0
19873,24995,0
19874,25144,15618
19875,25046,5359
19876,24995,0
19877,24996,168
19878,25000,518
19879,24995,0
19880,24996,109
19881,24995,0
19882,25271,28868
19883,24995,0
19884,24995,0
19885,24995,0
19886,24995,0
19887,24995,0
19888,24995,0
19889,24995,0
19890,24995,0
19891,24995,0
19892,24995,0
19893,24995,0
19894,24995,0
19895,24995,0
19896,24995,0
19897,24995,0
19898,24995,0
19899,24995,0
19900,24995,0
19901,24995,0
19902,24995,0
19903,24995,0
19904,24995,0
19905,24995,0
19906,24995,0
19907,24995,0
19908,24995,0
19909,24995,0
19910,24995,0
19911,24995,0
19912,24995,0
19913,24995,0
19914,24995,0
19915,24995,0
19916,25011,1709
19917,24995,0
19918,25011,1709
19919,24995,0
19920,24995,0
19921,24995,0
19922,24995,0
19923,24998,409
19924,24995,9
19925,24995,0
19926,24995,0
19927,24995,0
19928,24995,0
19929,24995,0
19930,24995,0
19931,24995,0
19932,24995,0
19933,24995,0
19934,24995,0
19935,24995,0
19936,25000,546
19937,24995,0
19938,24995,0
19939,24995,0
19940,24995,0
19941,24995,0
19942,25053,6131
19943,24997,209
19944,24995,0
19945,24995,0
19946,24995,0
19947,24995,0
19948,24995,0
19949,24995,0
19950,24995,0
19951,24995,0
19952,24995,0
19953,24995,0
19954,24995,0
19955,24995,0
19956,24995,0
19957,24995,0
19958,24995,0
19959,24995,0
19960,25018,2492
19961,24995,0
19962,24995,0
19963,24995,0
19964,24995,0
19965,24995,0
19966,24995,0
19967,24995,0
19968,24995,0
19969,24996,135
19970,24995,0
19971,24995,0
19972,24995,0
19973,24995,0
19974,25098,10867
19975,24995,0
19976,24995,0
19977,24995,0
19978,24995,0
19979,24995,0
19980,24998,409
19981,24998,409
19982,24995,0
19983,24995,0
19984,24995,0
19985,24995,0
19986,24995,0
19987,24995,0
19988,24995,0
19989,24995,0
19990,24995,0
19991,24995,0
19992,24995,0
19993,24995,0
19994,24995,0
19995,24995,0
19996,24995,0
19997,24995,0
19998,24995,0
19999,24995,0
20000,24995,0
20001,24998,359
20002,24995,0
20003,24995,0
20004,25001,629
20005,24995,0
20006,24995,0
20007,24995,0
20008,24995,0
20009,24995,0
20010,24995,0
20011,24995,0
20012,25018,2486
20013,25002,778
20014,24995,0
20015,24995,9
20016,24995,0
20017,24995,0
20018,24995,0
20019,24995,0
20020,24995,0
20021,24995,0
20022,24995,0
20023,24995,0
20024,24995,18
20025,24995,0
20026,25004,1009
20027,24995,0
20028,24995,0
20029,24995,0
20030,24995,0
20031,24995,0
20032,24995,0
20033,24995,0
20034,24995,0
20035,24995,0
20036,24995,0
20037,24995,0
20038,24995,0
20039,24995,0
20040,24995,0
20041,24995,0
20042,24995,0
20043,24998,309
20044,24995,0
20045,24995,0
20046,24995,0
20047,25013,1918
20048,24995,0
20049,24995,0
20050,24995,0
20051,24995,0
20052,25010,1629
20053,24995,0
20054,24995,0
20055,24995,0
20056,24995,0
20057,24995,0
20058,24995,0
20059,24995,0
20060,24995,0
20061,24995,0
20062,24995,0
20063,24995,0
20064,24995,0
20065,24995,0
20066,24995,0
20067,25010,1588
20068,24995,0
20069,24995,0
20070,24995,0
20071,24995,0
20072,24995,0
20073,24995,0
20074,24995,0
20075,24995,0
20076,24995,0
20077,24995,0
20078,24995,0
20079,24995,0
20080,24995,0
20081,24995,0
20082,24995,0
20083,24995,0
20084,24995,0
20085,25000,518
20086,24995,0
20087,24995,0
20088,24995,0
20089,24995,0
20090,24995,0
20091,24995,0
20092,24995,0
20093,24995,0
20094,24995,0
20095,24995,0
20096,24995,0
20097,24995,0
20098,24995,0
20099,25021,2756
20100,24995,0
20101,25042,5018
20102,25129,14036
20103,24995,0
20104,25029,3561
20105,24995,0
20106,24995,0
20107,25002,809
20108,24995,0
20109,24995,0
20110,24995,0
20111,25004,1029
20112,24995,0
20113,24995,0
20114,24995,0
20115,24997,229
20116,24995,0
20117,25000,588
20118,24995,0
20119,24995,0
20120,24995,0
20121,24995,0
20122,24995,0
20123,24995,0
20124,25001,659
20125,24995,0
20126,24995,0
20127,24995,0
20128,24995,0
20129,24995,0
20130,24995,0
20131,24995,0
20132,24995,0
20133,25015,2129
20134,24998,318
20135,24995,0
20136,24995,0
20137,24995,0
20138,24995,0
20139,24995,0
20140,24999,422
20141,24995,0
20142,24995,0
20143,24995,0
20144,24995,0
20145,24995,0
20146,24995,0
20147,24995,0
20148,24995,0
20149,24995,0
20150,24995,0
20151,24995,0
20152,24995,0
20153,24995,0
20154,24995,0
20155,24995,0
20156,24995,0
20157,24999,509
20158,24995,0
20159,25060,6909
20160,24995,0
20161,24995,0
20162,24995,0
20163,24995,0
20164,24995,0
20165,24995,0
20166,24995,0
20167,24995,0
20168,24995,0
20169,24995,0
20170,24997,242
20171,24995,0
20172,24995,0
20173,24995,0
20174,24995,0
20175,24995,0
20176,24995,0
20177,24995,0
20178,24995,0
20179,25013,1903
20180,24995,0
20181,24995,0
20182,25000,615
20183,24995,0
20184,24995,0
20185,24995,0
20186,24995,0
20187,25021,2760
20188,24995,0
20189,24995,0
20190,24995,0
20191,24995,0
20192,24995,0
20193,24995,0
20194,24995,0
20195,25003,918
20196,24995,0
20197,24995,0
20198,24995,0
20199,24995,0
20200,24995,0
20201,24995,18
20202,24995,0
20203,24995,0
20204,24995,0
20205,24995,0
20206,24995,0
20207,24995,0
20208,24995,0
20209,25029,3629
20210,24995,0
20211,24995,0
20212,24995,0
20213,24995,0
20214,24995,0
20215,24995,0
20216,25001,631
20217,24995,0
20218,24995,0
20219,24995,0
20220,24995,0
20221,25019,2513
20222,24995,0
20223,24995,0
20224,24995,0
20225,24995,0
20226,24995,0
20227,24995,0
20228,24995,0
20229,24995,0
20230,24995,0
20231,24995,0
20232,24995,0
20233,24996,129
20234,24995,0
20235,24995,0
20236,24995,0
20237,24995,0
20238,24995,0
20239,24995,33
20240,24995,0
20241,24995,0
20242,24995,0
20243,24997,218
20244,24995,0
20245,24995,0
20246,24995,0
20247,24995,0
20248,24995,0
20249,25003,922
20250,24995,0
20251,24995,0
20252,24995,0
20253,24995,0
20254,24995,0
20255,24995,0
20256,24995,0
20257,24995,0
20258,24995,0
20259,24995,0
20260,24995,0
20261,24995,0
20262,24995,0
20263,24995,0
20264,25014,2059
20265,24995,0
20266,24995,0
20267,24995,22
20268,25049,5751
20269,24995,0
20270,25010,1609
20271,24995,0
20272,24998,379
20273,24995,0
20274,24995,0
20275,24995,0
20276,24995,0
20277,24995,0
20278,24995,0
20279,24995,0
20280,24995,0
20281,24995,0
20282,24995,0
20283,24995,0
20284,24995,0
20285,24995,0
20286,24995,0
20287,24995,0
20288,24995,0
20289,24995,0
20290,24995,0
20291,24995,0
20292,24995,0
20293,24995,0
20294,24995,0
20295,24995,0
20296,24995,0
20297,25004,959
20298,24995,0
20299,24995,0
20300,24995,0
20301,24995,0
20302,24995,0
20303,24995,0
20304,24995,0
20305,24995,0
20306,24995,0
20307,24995,0
20308,24995,0
20309,24995,0
20310,24995,0
20311,24995,0
20312,24995,0
20313,24995,0
20314,24995,0
20315,26332,136840
20316,24995,0
20317,24995,0
20318,24995,0
20319,25031,3849
20320,24995,0
20321,25014,2046
20322,24998,309
20323,24995,0
20324,24995,0
20325,24995,0
20326,24995,0
20327,24995,0
20328,25005,1118
20329,24995,0
20330,24995,0
20331,24995,0
20332,24995,0
20333,24995,0
20334,24995,0
20335,24995,0
20336,24995,0
20337,24995,0
20338,24995,0
20339,24995,0
20340,24995,0
20341,24995,0
20342,24995,0
20343,24995,59
20344,24995,0
20345,24995,0
20346,25050,5768
20347,24995,0
20348,24995,0
20349,24995,0
20350,24996,146
20351,25025,3229
20352,24995,0
20353,24995,0
20354,25010,1609
20355,24995,0
20356,25054,6244
20357,24995,0
20358,24995,0
20359,24995,0
20360,24995,0
20361,24995,0
20362,24995,0
20363,24995,0
20364,24997,277
20365,24995,0
20366,24995,0
20367,24995,0
20368,24995,0
20369,24995,0
20370,24995,0
20371,24995,0
20372,24995,0
20373,24995,0
20374,24995,0
20375,24998,349
20376,24995,0
20377,24995,0
20378,24995,0
20379,24995,0
20380,24995,0
20381,24995,0
20382,25007,1259
20383,24995,0
20384,24995,0
20385,24995,0
20386,24995,0
20387,24995,0
20388,24995,0
20389,24995,0
20390,25002,809
20391,24995,0
20392,24995,0
20393,24995,0
20394,24995,0
20395,24995,0
20396,24995,0
20397,24995,0
20398,24995,0
20399,24995,0
20400,24995,0
20401,24995,0
20402,24995,0
20403,24995,0
20404,25028,3509
20405,24995,0
20406,24995,0
20407,24995,0
20408,24995,0
20409,24995,0
20410,24995,0
20411,24995,0
20412,24995,0
20413,24995,0
20414,24995,0
20415,24995,0
20416,24995,0
20417,25001,713
20418,25001,713
20419,25008,1381
20420,24995,0
20421,24995,0
20422,25017,2335
20423,24995,0
20424,24999,478
20425,24995,0
20426,24995,0
20427,24995,0
20428,24998,309
20429,25489,51409
20430,24995,0
20431,24995,0
20432,24999,509
20433,24998,409
20434,24995,0
20435,24995,0
20436,24995,0
20437,24995,0
20438,25042,5018
20439,24995,0
20440,24995,0
20441,24995,0
20442,24995,0
20443,24995,0
20444,24995,0
20445,24995,0
20446,24995,0
20447,24995,0
20448,24995,0
20449,25001,709
20450,24995,0
20451,24995,0
20452,24995,0
20453,24995,0
20454,24995,0
20455,24995,0
20456,24995,0
20457,24995,18
20458,24995,0
20459,24995,0
20460,24995,0
20461,24995,0
20462,24995,0
20463,24995,0
20464,24995,0
20465,24995,0
20466,24995,0
20467,24995,0
20468,24995,0
20469,24995,0
20470,25010,1609
20471,24995,0
20472,24995,0
20473,25000,579
20474,24995,0
20475,24995,0
20476,24995,0
20477,24995,0
20478,24995,0
20479,24995,0
20480,24995,0
20481,24995,0
20482,24995,0
20483,24995,0
20484,24995,0
20485,24995,0
20486,24995,0
20487,24995,0
20488,24995,0
20489,24995,0
20490,24995,0
20491,24995,0
20492,24995,0
20493,24995,0
20494,24995,0
20495,24995,0
20496,25034,4136
20497,24995,0
20498,24995,0
20499,25021,2809
20500,24995,0
20501,24995,0
20502,24995,0
20503,24995,0
20504,24995,0
20505,24995,0
20506,24995,0
20507,24995,0
20508,24995,0
20509,24995,0
20510,24995,0
20511,24995,0
20512,24995,0
20513,25042,5009
20514,24995,0
20515,24995,0
20516,24995,58
20517,24995,0
20518,24995,0
20519,24995,0
20520,24995,0
20521,24995,0
20522,24995,0
20523,24995,0
20524,25014,2059
20525,24995,0
20526,24995,0
20527,24995,0
20528,24995,0
20529,25001,709
20530,25027,3413
20531,24995,0
20532,24995,0
20533,24995,0
20534,24995,0
20535,24995,0
20536,24995,0
20537,24995,0
20538,24995,0
20539,24995,0
20540,24995,0
20541,24996,130
20542,24995,0
20543,24995,0
20544,24995,0
20545,24995,0
20546,24995,0
20547,24995,0
20548,24995,0
20549,24995,0
20550,25015,2113
20551,25007,1291
20552,24995,0
20553,24995,0
20554,24995,0
20555,25000,609
20556,24995,0
20557,24995,0
20558,25001,709
20559,24995,0
20560,24995,0
20561,24995,18
20562,24995,0
20563,24995,0
20564,24995,0
20565,24995,0
20566,24995,0
20567,24995,0
20568,24995,0
20569,24995,0
20570,25008,1394
20571,24995,0
20572,24995,0
20573,24995,0
20574,24995,0
20575,24995,0
20576,24995,0
20577,24995,0
20578,24995,0
20579,24995,0
20580,24995,0
20581,24995,0
20582,24998,409
20583,24995,0
20584,24995,0
20585,24995,0
20586,24995,0
20587,24995,0
20588,24995,0
20589,24995,22
20590,24995,0
20591,24995,0
20592,24995,0
20593,25019,2538
20594,24995,0
20595,24995,0
20596,24995,0
20597,24995,0
20598,24995,0
20599,24995,0
20600,24995,0
20601,24995,0
20602,24995,0
20603,24998,359
20604,24995,0
20605,24995,0
20606,24995,0
20607,24995,0
20608,24995,0
20609,24995,0
20610,24995,0
20611,25009,1529
20612,24995,0
20613,24995,0
20614,24995,0
20615,24995,0
20616,24995,0
20617,24995,0
20618,24995,0
20619,24995,0
20620,24998,309
20621,25026,3309
20622,24995,0
20623,24995,0
20624,24995,0
20625,24995,0
20626,24995,0
20627,25019,2568
20628,24995,0
20629,24995,0
20630,24995,0
20631,24998,409
20632,24995,0
20633,24995,0
20634,24995,0
20635,24995,0
20636,24995,0
20637,24995,0
20638,24995,0
20639,24995,0
20640,24995,0
20641,24995,0
20642,24995,0
20643,24995,0
20644,24995,0
20645,24995,0
20646,24995,0
20647,25023,3018
20648,24995,0
20649,25019,2559
20650,24995,0
20651,24995,0
20652,24995,0
20653,24995,0
20654,25002,756
20655,24995,0
20656,24995,0
20657,24995,0
20658,24995,0
20659,24995,0
20660,25003,879
20661,24995,0
20662,25061,7018
20663,24995,0
20664,24995,0
20665,24995,0
20666,24995,0
20667,24995,0
20668,24995,0
20669,24995,0
20670,24995,0
20671,24995,0
20672,24995,0
20673,24995,0
20674,24995,31
20675,24995,0
20676,24995,0
20677,24995,0
20678,24995,0
20679,24995,0
20680,24995,0
20681,24995,0
20682,24995,0
20683,24995,0
20684,24995,0
20685,24995,0
20686,24995,0
20687,24995,0
20688,24995,0
20689,25000,589
20690,24995,0
20691,25024,3109
20692,24995,0
20693,24995,67
20694,24995,0
20695,24995,0
20696,24995,0
20697,24995,0
20698,24995,0
20699,24995,0
20700,24997,265
20701,24995,0
20702,24995,0
20703,24995,0
20704,24995,0
20705,24995,0
20706,24995,0
20707,24995,0
20708,24995,0
20709,24995,0
20710,24995,0
20711,24995,63
20712,24995,0
20713,24995,0
20714,24995,0
20715,25095,10509
20716,24995,0
20717,24995,0
20718,24995,0
20719,24995,0
20720,25017,2306
20721,24995,0
20722,24997,295
20723,24995,0
20724,24995,0
20725,24995,0
20726,24995,0
20727,24995,0
20728,24995,0
20729,24995,0
20730,24995,0
20731,24995,0
20732,24995,0
20733,24995,0
20734,24995,0
20735,25004,1009
20736,24995,0
20737,24995,0
20738,24995,0
20739,24995,0
20740,24995,0
20741,25016,2209
20742,24995,0
20743,24995,0
20744,24995,0
20745,24995,0
20746,25004,1009
20747,24995,0
20748,24995,0
20749,25006,1213
20750,24995,0
20751,24999,468
20752,25009,1547
20753,24995,0
20754,25003,909
20755,24995,0
20756,24995,0
20757,24995,0
20758,24995,0
20759,24995,0
20760,24995,0
20761,24995,0
20762,24995,79
20763,24995,0
20764,24995,0
20765,24995,0
20766,25002,809
20767,24995,13
20768,24995,0
20769,24995,0
20770,24995,0
20771,24995,0
20772,24995,0
20773,24995,0
20774,24995,0
20775,24995,0
20776,24995,0
20777,24995,0
20778,24995,0
20779,24995,0
20780,24995,0
20781,24995,0
20782,24995,0
20783,24995,0
20784,24995,0
20785,24995,0
20786,25141,15309
20787,24995,0
20788,24995,0
20789,25022,2909
20790,24995,0
20791,25973,100829
20792,24995,0
20793,24995,0
20794,24995,0
20795,24995,0
20796,24995,0
20797,24995,0
20798,24995,0
20799,24995,0
20800,24995,0
20801,24995,0
20802,24995,0
20803,24995,0
20804,24995,0
20805,24995,0
20806,24995,0
20807,24995,0
20808,24995,0
20809,24995,0
20810,24995,0
20811,24995,0
20812,24995,0
20813,24995,0
20814,24995,0
20815,24995,0
20816,24995,0
20817,24995,0
20818,24995,0
20819,25002,759
20820,24995,0
20821,24995,0
20822,24995,0
20823,24995,0
20824,24995,0
20825,24995,0
20826,24995,0
20827,24995,0
20828,24995,0
20829,24995,0
20830,24995,0
20831,24995,0
20832,24995,0
20833,24995,0
20834,24995,0
20835,24995,0
20836,24995,0
20837,25011,1718
20838,24995,0
20839,24995,0
20840,24995,0
20841,24995,0
20842,24995,0
20843,24995,0
20844,24995,0
20845,24995,0
20846,24995,0
20847,24995,0
20848,24995,0
20849,24995,0
20850,25215,23085
20851,24995,0
20852,24995,0
20853,24995,0
20854,24995,0
20855,24995,0
20856,24995,0
20857,25001,686
20858,24995,0
20859,24995,0
20860,24995,0
20861,24995,0
20862,24995,0
20863,24995,0
20864,24995,0
20865,24995,0
20866,24995,0
20867,24995,0
20868,24995,0
20869,24995,0
20870,24995,0
20871,24995,0
20872,24995,0
20873,24995,0
20874,24995,0
20875,24995,0
20876,24995,0
20877,24995,0
20878,24995,0
20879,24995,0
20880,24995,0
20881,24995,0
20882,24995,0
20883,25027,3409
20884,24995,0
20885,24995,0
20886,24995,0
20887,25013,1976
20888,24995,0
20889,24995,0
20890,24995,0
20891,24995,0
20892,24995,0
20893,24995,0
20894,24995,0
20895,24995,0
20896,24995,0
20897,24995,0
20898,24995,0
20899,24995,0
20900,24995,0
20901,24995,0
20902,24995,0
20903,25018,2409
20904,24995,0
20905,24995,0
20906,25002,745
20907,24995,0
20908,24995,0
20909,24995,0
20910,24995,0
20911,24995,0
20912,24995,0
20913,25017,2309
20914,24995,0
20915,24995,0
20916,24995,0
20917,24995,0
20918,25006,1209
20919,24995,0
20920,24995,0
20921,24995,0
20922,24995,0
20923,25010,1599
20924,24995,0
20925,24998,409
20926,24995,0
20927,24995,0
20928,24995,0
20929,24995,0
20930,24995,0
20931,24995,0
20932,24995,0
20933,24995,0
20934,25012,1809
20935,24995,0
20936,24995,0
20937,24999,438
20938,24995,0
20939,24995,0
20940,24995,0
20941,25006,1159
20942,24995,0
20943,24995,0
20944,24995,0
20945,24995,0
20946,24995,0
20947,24995,0
20948,24997,289
20949,25014,2009
20950,24995,0
20951,24995,0
20952,24995,0
20953,24995,0
20954,24995,0
20955,24995,0
20956,24995,0
20957,24995,0
20958,25016,2208
20959,24998,359
20960,24995,0
20961,24995,0
20962,24995,0
20963,24995,0
20964,24995,0
20965,24995,0
20966,24996,129
20967,24995,0
20968,24995,0
20969,24995,0
20970,24995,0
20971,24995,0
20972,24995,0
20973,24995,0
20974,24995,0
20975,24995,0
20976,24995,0
20977,24995,0
20978,24995,0
20979,24995,0
20980,24995,0
20981,24995,0
20982,24995,0
20983,24995,0
20984,24995,0
20985,24995,0
20986,24995,0
20987,25011,1759
20988,24995,0
20989,25109,12009
20990,24995,0
20991,24995,0
20992,24995,0
20993,24995,0
20994,25020,2713
20995,24995,0
20996,24995,0
20997,24995,0
20998,24995,0
20999,24995,0
21000,24995,0
21001,24995,0
21002,24995,0
21003,24995,0
21004,24995,0
21005,24995,0
21006,24995,0
21007,24995,0
21008,24995,0
21009,24995,0
21010,24995,0
21011,24995,0
21012,25014,2009
21013,24999,459
21014,24995,0
21015,24995,0
21016,24995,0
21017,24995,0
21018,24995,0
21019,24995,0
21020,25016,2213
21021,24995,0
21022,24999,468
21023,24995,0
21024,24995,0
21025,24995,0
21026,24995,0
21027,24995,0
21028,24995,0
21029,24995,0
21030,24999,429
21031,24995,68
21032,24995,0
21033,24995,0
21034,24995,0
21035,24995,0
21036,24995,0
21037,24995,0
21038,24998,336
21039,24995,0
21040,24995,0
21041,24995,0
21042,24995,0
21043,24995,0
21044,25012,1829
21045,24995,0
21046,24995,0
21047,25013,1913
21048,24997,229
21049,24995,0
21050,24999,465
21051,24995,0
21052,24995,0
21053,24995,0
21054,24995,0
21055,24995,0
21056,24995,59
21057,24995,0
21058,24995,0
21059,24995,0
21060,24995,0
21061,24995,0
21062,25092,10236
21063,24995,0
21064,24995,0
21065,24995,0
21066,24995,0
21067,24998,309
21068,24995,0
21069,24995,0
21070,24995,0
21071,24995,0
21072,24995,0
21073,24998,409
21074,25026,3255
21075,24995,0
21076,24995,0
21077,24995,0
21078,24995,0
21079,24995,0
21080,24995,0
21081,24995,0
21082,24995,0
21083,25013,1958
21084,24995,0
21085,24995,0
21086,24995,0
21087,24995,0
21088,24995,0
21089,24995,0
21090,24995,0
21091,24995,0
21092,24995,0
21093,24995,0
21094,25003,886
21095,24995,9
21096,24995,0
21097,24995,0
21098,24995,0
21099,24995,0
21100,24995,0
21101,24995,0
21102,24995,0
21103,24995,0
21104,24995,0
21105,24995,0
21106,24995,0
21107,24995,0
21108,24995,0
21109,25003,859
21110,24995,0
21111,24999,418
21112,25074,8309
21113,24995,0
21114,24995,0
21115,24995,0
21116,24995,0
21117,24995,0
21118,24995,0
21119,24995,0
21120,24995,0
21121,24995,0
21122,24995,0
21123,24995,0
21124,25008,1409
21125,24995,0
21126,24995,0
21127,24995,0
21128,24995,0
21129,24995,0
21130,24995,0
21131,25091,10145
21132,24995,0
21133,24995,0
21134,24995,0
21135,24996,122
21136,24995,0
21137,24995,0
21138,24995,0
21139,24995,0
21140,24995,0
21141,24995,0
21142,24995,0
21143,24995,0
21144,24995,0
21145,24995,0
21146,24995,0
21147,24995,0
21148,24997,229
21149,24995,0
21150,24995,0
21151,24995,0
21152,24995,0
21153,25001,709
21154,24995,0
21155,24995,0
21156,25019,2559
21157,24995,0
21158,24995,0
21159,24995,0
21160,24995,0
21161,24995,0
21162,24995,0
21163,24995,0
21164,24995,0
21165,24995,0
21166,24995,0
21167,24995,0
21168,24995,0
21169,24995,0
21170,24995,0
21171,25016,2209
21172,24995,0
21173,24995,0
21174,24995,0
21175,24995,0
21176,24995,0
21177,25013,1913
21178,24995,0
21179,24995,0
21180,24995,0
21181,24995,0
21182,24995,0
21183,24995,0
21184,24995,0
21185,24995,0
21186,24995,0
21187,24995,0
21188,24995,0
21189,24995,0
21190,24995,0
21191,24995,0
21192,24995,0
21193,24995,0
21194,24995,0
21195,24995,0
21196,24995,0
21197,24995,0
21198,24995,0
21199,24995,0
21200,24995,0
21201,24998,309
21202,24999,418
21203,24995,0
21204,24995,0
21205,24995,0
21206,24995,0
21207,24995,0
21208,24995,0
21209,24995,0
21210,24995,0
21211,24995,0
21212,24995,0
21213,24995,0
21214,24995,0
21215,24995,0
21216,25008,1459
21217,24995,0
21218,24995,0
21219,25000,579
21220,24998,385
21221,24995,0
21222,24995,0
21223,24995,0
21224,24995,0
21225,25009,1553
21226,24995,0
21227,24995,0
21228,24995,0
21229,24995,0
21230,25006,1163
21231,24995,0
21232,25022,2859
21233,24995,0
21234,24995,0
21235,24995,0
21236,24995,0
21237,24995,0
21238,24995,0
21239,24995,0
21240,24995,0
21241,24995,0
21242,24995,0
21243,24995,0
21244,24995,0
21245,24995,0
21246,24995,0
21247,25019,2518
21248,24995,0
21249,24995,0
21250,24995,44
21251,24995,0
21252,24995,0
21253,24995,0
21254,24995,0
21255,24995,0
21256,24995,0
21257,25000,538
21258,24995,0
21259,24995,0
21260,25014,2009
21261,25005,1109
21262,24995,0
21263,24998,318
21264,24995,0
21265,24995,0
21266,24995,0
21267,24995,0
21268,24995,0
21269,24995,0
21270,25024,3047
21271,24995,0
21272,24995,0
21273,24995,0
21274,25063,7209
21275,24995,0
21276,24995,0
21277,24995,0
21278,24995,0
21279,24995,0
21280,24995,0
21281,24995,0
21282,24995,0
21283,24995,0
21284,24995,0
21285,24995,0
21286,24995,0
21287,24995,0
21288,25036,4359
21289,24995,0
21290,24995,0
21291,24995,0
21292,24999,459
21293,24995,0
21294,24995,0
21295,24995,0
21296,24995,0
21297,24995,0
21298,24995,0
21299,24995,0
21300,24995,0
21301,24995,0
21302,24995,0
21303,24995,0
21304,24995,0
21305,24995,0
21306,24995,0
21307,24995,0
21308,24995,0
21309,24995,0
21310,24995,0
21311,24995,0
21312,25021,2809
21313,24995,0
21314,25019,2609
21315,25015,2109
21316,24995,0
21317,24995,0
21318,24995,0
21319,24995,0
21320,24995,0
21321,24995,0
21322,24995,0
21323,24995,0
21324,24995,0
21325,24995,0
21326,24995,0
21327,24995,0
21328,24995,0
21329,25168,18159
21330,24995,0
21331,24998,359
21332,24995,0
21333,24995,0
21334,24995,0
21335,24995,0
21336,24995,0
21337,24995,13
21338,24995,0
21339,24995,0
21340,24995,0
21341,24995,0
21342,24995,0
21343,24998,309
21344,24995,0
21345,24995,0
21346,24995,0
21347,24995,0
21348,24995,0
21349,24995,0
21350,24998,309
21351,24995,0
21352,24995,0
21353,24995,0
21354,24995,0
21355,24995,0
21356,24995,0
21357,24995,0
21358,24995,0
21359,25019,2513
21360,24995,0
21361,24995,0
21362,24995,0
21363,24995,0
21364,24995,0
21365,24995,0
21366,24995,0
21367,24995,0
21368,24995,0
21369,24995,0
21370,24995,0
21371,24995,0
21372,24995,0
21373,25024,3122
21374,24995,0
21375,24995,0
21376,24995,0
21377,24995,0
21378,25003,909
21379,24995,0
21380,24995,0
21381,24995,0
21382,24995,0
21383,24995,0
21384,24995,0
21385,24995,0
21386,24995,0
21387,24995,0
21388,24995,0
21389,24995,0
21390,25002,768
21391,24995,0
21392,24995,0
21393,24995,9
21394,24995,0
21395,24995,0
21396,24995,0
21397,24995,0
21398,24995,0
21399,24995,0
21400,24995,0
21401,25007,1278
21402,24995,0
21403,24995,22
21404,24995,0
21405,25242,25809
21406,24995,0
21407,24995,0
21408,24995,0
21409,24995,0
21410,25008,1409
21411,24995,0
21412,24995,0
21413,24995,0
21414,24995,0
21415,24995,0
21416,24995,0
21417,24995,0
21418,24995,0
21419,24995,0
21420,25045,5245
21421,24995,0
21422,24995,0
21423,24995,0
21424,24995,0
21425,24995,0
21426,25001,709
21427,24999,438
21428,24995,0
21429,24995,0
21430,24995,0
21431,24995,0
21432,24995,0
21433,25014,2013
21434,24995,0
21435,24995,0
21436,24995,0
21437,24995,0
21438,24995,0
21439,24995,0
21440,24995,0
21441,24995,0
21442,24995,0
21443,25020,2653
21444,25070,7954
21445,24995,0
21446,25248,26529
21447,24995,0
21448,24995,0
21449,24995,0
21450,24995,0
21451,24995,0
21452,24995,0
21453,24995,0
21454,25033,4009
21455,24995,0
21456,24995,0
21457,24995,0
21458,24995,0
21459,24995,0
21460,24995,0
21461,24995,0
21462,24995,0
21463,24995,0
21464,24995,0
21465,24995,0
21466,24995,0
21467,24995,0
21468,24995,0
21469,25490,51503
21470,24995,0
21471,24995,0
21472,24995,9
21473,24995,0
21474,24995,0
21475,24995,0
21476,24995,0
21477,24995,0
21478,24995,0
21479,24995,0
21480,24995,0
21481,24995,0
21482,25009,1509
21483,24995,0
21484,25004,959
21485,24995,0
21486,24995,0
21487,25202,21656
21488,24995,0
21489,24997,209
21490,24995,0
21491,24995,0
21492,24995,0
21493,24995,0
21494,24995,0
21495,24995,0
21496,24995,0
21497,24995,0
21498,24995,0
21499,24995,0
21500,24997,259
21501,24995,0
21502,24995,0
21503,24995,0
21504,24995,0
21505,24995,0
21506,24995,0
21507,25006,1213
21508,24995,0
21509,24995,0
21510,24995,0
21511,24995,0
21512,24995,0
21513,24995,0
21514,24995,0
21515,25006,1209
21516,24995,0
21517,24995,0
21518,24995,0
21519,25010,1629
21520,24995,0
21521,24995,0
21522,24995,0
21523,24995,0
21524,24995,0
21525,24999,509
21526,24995,0
21527,24995,0
21528,24995,0
21529,24995,0
21530,24995,0
21531,24995,0
21532,24995,0
21533,24995,0
21534,24995,0
21535,24995,0
21536,24995,0
21537,24995,0
21538,24995,0
21539,24995,0
21540,24995,0
21541,24995,0
21542,25004,959
21543,24995,0
21544,24995,0
21545,24995,0
21546,24995,0
21547,24995,0
21548,24995,0
21549,24995,0
21550,25010,1609
21551,24995,0
21552,24995,0
21553,24995,0
21554,25000,559
21555,24995,0
21556,24995,0
21557,24995,0
21558,24995,0
21559,24995,0
21560,24995,0
21561,24995,0
21562,24995,0
21563,24995,0
21564,24995,9
21565,24995,0
21566,24995,0
21567,24995,0
21568,24995,0
21569,24995,0
21570,24995,0
21571,24995,0
21572,24995,0
21573,24995,0
21574,24995,0
21575,24995,0
21576,24995,0
21577,24995,0
21578,24995,0
21579,25005,1109
21580,24995,0
21581,24995,0
21582,24995,0
21583,24995,0
21584,24995,0
21585,24995,0
21586,25037,4418
21587,24995,0
21588,25015,2129
21589,24995,0
21590,24995,0
21591,24995,0
21592,24995,0
21593,24995,0
21594,25006,1209
21595,24995,0
21596,24995,0
21597,24995,0
21598,24995,0
21599,24995,0
21600,26018,105359
21601,24995,0
21602,24995,0
21603,24995,0
21604,24995,0
21605,24995,0
21606,24999,483
21607,24995,0
21608,25005,1095
21609,24995,0
21610,24995,0
21611,24995,0
21612,24995,0
21613,24995,0
21614,24995,0
21615,24995,0
21616,24995,0
21617,24995,0
21618,24995,0
21619,24995,0
21620,24995,0
21621,24995,0
21622,24995,0
21623,25017,2333
21624,24995,0
21625,24995,0
21626,24995,0
21627,24995,0
21628,24995,0
21629,24995,0
21630,24996,159
21631,24996,109
21632,24995,0
21633,24999,513
21634,24995,63
21635,24995,0
21636,24995,0
21637,25000,601
21638,24995,0
21639,24995,0
21640,24995,0
21641,24995,0
21642,24995,0
21643,25015,2115
21644,24995,0
21645,24995,0
21646,25006,1209
21647,24995,0
21648,24998,318
21649,24995,0
21650,24995,0
21651,24995,0
21652,24995,0
21653,24995,0
21654,24995,0
21655,24995,0
21656,24995,0
21657,24995,0
21658,24995,0
21659,24995,0
21660,24995,0
21661,24995,0
21662,24995,0
21663,24995,0
21664,24998,309
21665,24995,0
21666,24995,0
21667,24995,0
21668,24995,0
21669,24995,0
21670,24995,0
21671,24995,0
21672,24998,309
21673,24995,0
21674,24995,0
21675,24995,0
21676,25026,3309
21677,24995,0
21678,24995,0
21679,24995,0
21680,24995,0
21681,25066,7509
21682,24995,0
21683,24995,0
21684,24995,0
21685,25018,2409
21686,25007,1309
21687,24995,0
21688,24995,0
21689,24995,0
21690,24995,0
21691,24995,0
21692,24995,0
21693,24995,0
21694,24995,0
21695,24995,0
21696,24995,0
21697,24995,0
21698,24995,0
21699,24995,0
21700,24995,0
21701,25006,1151
21702,24995,0
21703,24995,0
21704,25009,1468
21705,24995,0
21706,24995,0
21707,24995,0
21708,24995,0
21709,24995,0
21710,24995,0
21711,24998,409
21712,24995,0
21713,24995,0
21714,24995,0
21715,25009,1509
21716,24995,0
21717,24995,0
21718,24995,0
21719,24995,0
21720,24995,0
21721,24995,0
21722,24995,0
21723,24995,0
21724,24995,0
21725,24995,0
21726,24995,0
21727,24995,0
21728,24995,0
21729,24995,0
21730,24995,0
21731,24995,0
21732,25002,818
21733,24995,0
21734,24995,0
21735,24995,0
21736,24995,0
21737,24995,0
21738,24995,0
21739,24999,413
21740,24995,0
21741,25020,2618
21742,24995,0
21743,24995,0
21744,24995,0
21745,24995,0
21746,24995,0
21747,24995,0
21748,24995,0
21749,24995,0
21750,24995,0
21751,24995,0
21752,24995,0
21753,24995,0
21754,25003,868
21755,24997,293
21756,24996,126
21757,24995,0
21758,24995,0
21759,24995,0
21760,24995,0
21761,24995,0
21762,24995,0
21763,24995,0
21764,24995,0
21765,24995,0
21766,24995,0
21767,24995,0
21768,24995,0
21769,24995,0
21770,24995,0
21771,24995,0
21772,24995,0
21773,24995,0
21774,24995,0
21775,24995,0
21776,24995,0
21777,24995,0
21778,24995,0
21779,24995,0
21780,24995,0
21781,24995,0
21782,24995,45
21783,24995,0
21784,24995,0
21785,24995,0
21786,24995,0
21787,24995,0
21788,25010,1609
21789,24995,0
21790,24999,418
21791,24995,0
21792,24995,0
21793,24995,0
21794,24995,0
21795,24995,0
21796,24995,0
21797,25002,813
21798,25004,959
21799,25055,6355
21800,24995,0
21801,24995,0
21802,24995,0
21803,24995,0
21804,24995,0
21805,24995,0
21806,24995,0
21807,24995,0
21808,24995,0
21809,24995,0
21810,24995,0
21811,24995,0
21812,24995,0
21813,24995,0
21814,24995,0
21815,24995,0
21816,24995,0
21817,24995,0
21818,25009,1509
21819,24995,0
21820,24995,0
21821,25000,555
21822,24995,0
21823,24998,309
21824,24995,0
21825,24998,363
21826,24995,0
21827,24995,0
21828,24995,0
21829,24995,0
21830,24995,0
21831,24995,0
21832,24995,0
21833,24998,309
21834,24995,0
21835,25002,759
21836,24995,0
21837,24995,0
21838,24997,209
21839,24995,0
21840,24995,0
21841,24995,0
21842,24995,0
21843,24995,0
21844,24995,0
21845,24995,0
21846,24995,0
21847,24995,0
21848,24995,0
21849,24995,0
21850,24995,0
21851,24995,0
21852,24995,0
21853,24995,0
21854,25023,3009
21855,24995,0
21856,24995,0
21857,24995,0
21858,24995,0
21859,24995,0
21860,24995,0
21861,24995,0
21862,25000,559
21863,24995,0
21864,24995,0
21865,25004,1038
21866,24995,0
21867,24996,133
21868,24995,0
21869,24995,0
21870,24995,0
21871,24995,0
21872,24995,0
21873,24995,0
21874,24995,0
21875,24995,0
21876,24995,0
21877,24995,0
21878,24995,0
21879,24995,0
21880,24995,0
21881,24995,0
21882,24995,0
21883,25004,1009
21884,24995,0
21885,24995,0
21886,24995,0
21887,25016,2218
21888,24995,0
21889,24995,0
21890,25000,549
21891,24995,0
21892,24995,0
21893,24995,0
21894,24995,0
21895,24995,0
21896,24995,0
21897,24995,0
21898,24995,0
21899,24995,0
21900,24995,0
21901,24995,0
21902,24995,18
21903,24995,0
21904,25010,1609
21905,24995,0
21906,24995,0
21907,24997,259
21908,24995,0
21909,24995,0
21910,24999,509
21911,24995,0
21912,24995,0
21913,24995,0
21914,24995,0
21915,24995,0
21916,24995,0
21917,24995,0
21918,24995,0
21919,24995,0
21920,24995,0
21921,25003,888
21922,24995,0
21923,24995,0
21924,24995,0
21925,24995,0
21926,24995,0
21927,24995,0
21928,24995,0
21929,24995,0
21930,24995,0
21931,24995,0
21932,25019,2529
21933,24995,0
21934,24995,0
21935,24995,0
21936,25014,2060
21937,24995,0
21938,24995,0
21939,24995,0
21940,24995,0
21941,24995,0
21942,24995,0
21943,24995,0
21944,24995,0
21945,24995,0
21946,24995,0
21947,24995,0
21948,24995,0
21949,24995,9
21950,24995,0
21951,24995,0
21952,24995,0
21953,24995,0
21954,24995,0
21955,24995,0
21956,24995,0
21957,25264,28118
21958,24995,36
21959,24995,0
21960,24995,0
21961,24995,0
21962,25025,3209
21963,24995,0
21964,24995,0
21965,24995,0
21966,24995,0
21967,24995,0
21968,24995,0
21969,24995,0
21970,24995,0
21971,24995,0
21972,24995,0
21973,24995,0
21974,24995,0
21975,25013,1909
21976,24995,0
21977,24995,0
21978,25004,942
21979,24995,0
21980,24995,0
21981,25013,1909
21982,24995,0
21983,24995,0
21984,24995,0
21985,24995,0
21986,24995,0
21987,24995,0
21988,25029,3609
21989,24995,0
21990,25006,1222
21991,24995,0
21992,24995,0
21993,24995,0
21994,24995,0
21995,24995,0
21996,24995,0
21997,24995,0
21998,24996,109
21999,24995,0
22000,24999,509
22001,24995,0
22002,24995,0
22003,24995,0
22004,24995,0
22005,24995,0
22006,24995,9
22007,24995,0
22008,24995,0
22009,24995,0
22010,24995,0
22011,25012,1827
22012,25014,2009
22013,24995,0
22014,24995,0
22015,24995,0
22016,24995,0
22017,24995,0
22018,24995,0
22019,25018,2429
22020,24995,0
22021,25014,2059
22022,24995,0
22023,24995,0
22024,24995,0
22025,24995,0
22026,24995,0
22027,24995,0
22028,25004,1009
22029,24995,0
22030,24995,0
22031,24995,0
22032,24995,0
22033,24995,0
22034,25005,1113
22035,24995,0
22036,24995,0
22037,24995,0
22038,24995,0
22039,24995,0
22040,24995,0
22041,24995,0
22042,24995,0
22043,24995,0
22044,24995,0
22045,24999,513
22046,24995,0
22047,24995,0
22048,24995,0
22049,24995,0
22050,24995,0
22051,24995,0
22052,25003,909
22053,25014,2009
22054,24995,0
22055,24995,0
22056,24995,0
22057,24995,0
22058,25107,11818
22059,25001,695
22060,24995,0
22061,24995,0
22062,24995,0
22063,24995,0
22064,24995,0
22065,24995,0
22066,24995,0
22067,24995,0
22068,24995,0
22069,24995,0
22070,24995,0
22071,24995,0
22072,24995,0
22073,24995,0
22074,27542,254818
22075,24995,0
22076,24995,0
22077,24995,0
22078,24995,0
22079,24995,0
22080,24995,0
22081,24995,0
22082,24995,0
22083,24995,0
22084,25046,5345
22085,24995,0
22086,24995,0
22087,24995,0
22088,24995,0
22089,24995,22
22090,24995,0
22091,24995,0
22092,25015,2106
22093,24996,113
22094,24995,0
22095,24995,0
22096,24995,0
22097,24995,0
22098,24995,0
22099,24995,0
22100,24995,0
22101,24995,0
22102,24995,0
22103,24995,0
22104,24995,0
22105,24995,0
22106,24995,0
22107,24995,0
22108,24995,0
22109,24995,0
22110,24995,0
22111,24995,0
22112,24995,0
22113,24995,0
22114,24995,0
22115,24995,0
22116,24995,0
22117,24995,0
22118,24995,0
22119,24995,0
22120,24995,0
22121,24995,0
22122,24995,0
22123,24995,0
22124,24995,0
22125,25014,2058
22126,24995,0
22127,25000,618
22128,24995,0
22129,24995,0
22130,24995,0
22131,24995,0
22132,25093,10359
22133,24995,0
22134,25015,2118
22135,24995,0
22136,24995,0
22137,24995,0
22138,24995,0
22139,24995,0
22140,24995,0
22141,24995,0
22142,24995,0
22143,24995,0
22144,24995,0
22145,24995,0
22146,24995,0
22147,24995,0
22148,25002,814
22149,24995,29
22150,25030,3729
22151,24995,0
22152,24995,0
22153,24995,0
22154,24995,0
22155,24995,0
22156,24995,13
22157,24995,0
22158,24995,0
22159,24995,0
22160,24995,0
22161,24995,0
22162,24995,0
22163,24995,0
22164,24995,0
22165,24995,0
22166,24995,0
22167,24995,0
22168,24995,0
22169,25009,1509
22170,24995,0
22171,24995,0
22172,24995,0
22173,24995,0
22174,24995,0
22175,24995,0
22176,24996,118
22177,24995,0
22178,24995,0
22179,24995,0
22180,24995,0
22181,24995,0
22182,24995,0
22183,24995,0
22184,24995,0
22185,24999,509
22186,24995,0
22187,24995,0
22188,24995,0
22189,24995,0
22190,24995,0
22191,24995,0
22192,24995,0
22193,24995,0
22194,24995,0
22195,24995,0
22196,24995,0
22197,24995,0
22198,24995,0
22199,24995,0
22200,25002,783
22201,24995,0
22202,24995,0
22203,24996,119
22204,24998,356
22205,24995,0
22206,24995,0
22207,24996,138
22208,24995,0
22209,24995,0
22210,24998,409
22211,24995,0
22212,24995,0
22213,24995,0
22214,24995,0
22215,24995,0
22216,24995,59
22217,24995,0
22218,24995,0
22219,24995,0
22220,24995,0
22221,24995,0
22222,24995,0
22223,24995,0
22224,24995,0
22225,24995,0
22226,25002,809
22227,24995,0
22228,24995,0
22229,24995,0
22230,25024,3088
22231,24995,0
22232,24995,0
22233,25012,1829
22234,24995,0
22235,24995,0
22236,24995,0
22237,24995,0
22238,24995,0
22239,24995,0
22240,24995,0
22241,25312,33169
22242,24995,0
22243,24995,0
22244,24995,0
22245,24995,0
22246,24995,0
22247,24995,0
22248,24995,0
22249,24995,0
22250,24995,0
22251,24999,413
22252,24995,0
22253,24995,0
22254,24995,0
22255,24995,0
22256,24995,0
22257,24995,0
22258,24995,0
22259,24995,0
22260,24995,0
22261,24995,0
22262,24995,0
22263,24995,0
22264,25029,3662
22265,24995,0
22266,24995,0
22267,24995,0
22268,24995,0
22269,24995,0
22270,24995,0
22271,24995,0
22272,24995,0
22273,25000,609
22274,24995,0
22275,24995,0
22276,24995,0
22277,24995,0
22278,24995,0
22279,24995,0
22280,24995,0
22281,24995,0
22282,24995,0
22283,24995,0
22284,24995,0
22285,24995,0
22286,24995,0
22287,24995,0
22288,25090,10018
22289,24995,0
22290,24995,0
22291,24995,0
22292,24995,0
22293,24995,0
22294,25004,1009
22295,24995,0
22296,24995,0
22297,24995,0
22298,24997,213
22299,24995,0
22300,25001,718
22301,24995,0
22302,24995,0
22303,25000,518
22304,25021,2756
22305,24995,0
22306,25187,20118
22307,24995,0
22308,24995,0
22309,24995,0
22310,25025,3209
22311,25014,1999
22312,24995,0
22313,24995,0
22314,24995,0
22315,24995,0
22316,24995,0
22317,24995,0
22318,24995,0
22319,25066,7518
22320,24995,0
22321,24995,0
22322,24995,0
22323,24995,0
22324,24995,0
22325,24995,0
22326,24995,0
22327,24995,0
22328,24995,0
22329,25225,24054
22330,24995,0
22331,24995,0
22332,24995,0
22333,24995,0
22334,24995,0
22335,25006,1209
22336,24995,0
22337,24995,0
22338,24995,0
22339,24995,0
22340,25001,622
22341,24995,0
22342,24995,0
22343,25247,26400
22344,25237,25319
22345,24995,0
22346,25005,1126
22347,24995,0
22348,24995,0
22349,24995,0
22350,24995,0
22351,24995,0
22352,24995,0
22353,24995,0
22354,24995,0
22355,25004,1018
22356,24995,0
22357,24995,0
22358,24995,0
22359,24995,0
22360,24995,0
22361,25479,50429
22362,24995,0
22363,24995,0
22364,24995,0
22365,24995,0
22366,24995,0
22367,25014,2009
22368,24995,0
22369,24995,0
22370,24995,0
22371,24995,0
22372,25000,533
22373,24995,0
22374,24995,0
22375,24995,0
22376,24995,0
22377,24999,510
22378,24995,0
22379,24995,0
22380,24995,0
22381,24995,0
22382,24995,0
22383,24995,0
22384,25074,8318
22385,24995,0
22386,24995,0
22387,24995,0
22388,24995,0
22389,25018,2444
22390,25237,25309
22391,24995,0
22392,24995,0
22393,24995,0
22394,24995,0
22395,24995,0
22396,24995,0
22397,24995,0
22398,24995,0
22399,24995,0
22400,24995,0
22401,25158,17136
22402,24995,0
22403,24995,0
22404,24995,0
22405,24995,0
22406,24995,0
22407,24995,0
22408,24995,0
22409,24995,0
22410,24995,0
22411,24995,0
22412,24995,0
22413,24995,0
22414,24995,0
22415,24995,0
22416,24995,0
22417,24995,0
22418,25000,543
22419,24995,0
22420,24995,0
22421,24995,0
22422,25006,1213
22423,24995,0
22424,24995,0
22425,25001,679
22426,24995,0
22427,24995,0
22428,24995,59
22429,24995,0
22430,24995,0
22431,24998,409
22432,24995,0
22433,24995,0
22434,24995,0
22435,24995,0
22436,24995,0
22437,24995,0
22438,24995,0
22439,24995,0
22440,24995,0
22441,24995,0
22442,24995,0
22443,24995,0
22444,24995,0
22445,24995,0
22446,24995,0
22447,24995,0
22448,24995,0
22449,24995,0
22450,24995,0
22451,24995,0
22452,24995,0
22453,24995,0
22454,24995,0
22455,24995,0
22456,24995,0
22457,24995,0
22458,24995,0
22459,25015,2153
22460,24995,0
22461,24995,0
22462,24995,0
22463,24995,0
22464,25002,738
22465,24995,0
22466,24996,129
22467,25012,1849
22468,24995,0
22469,25014,2009
22470,24995,18
22471,24995,0
22472,24995,0
22473,24995,0
22474,24995,0
22475,24995,0
22476,24995,0
22477,24995,0
22478,25000,613
22479,24995,0
22480,24995,0
22481,24995,0
22482,24995,0
22483,24995,0
22484,24995,0
22485,24995,0
22486,24995,0
22487,24995,0
22488,24995,0
22489,24995,0
22490,24995,0
22491,24995,0
22492,24995,0
22493,24995,0
22494,24995,0
22495,24995,0
22496,24995,0
22497,24995,33
22498,24995,0
22499,24995,0
22500,24995,0
22501,24995,0
22502,24995,0
22503,24995,0
22504,24995,0
22505,25003,929
22506,24995,0
22507,24995,0
22508,24995,0
22509,24995,0
22510,24995,0
22511,24995,0
22512,24995,0
22513,24995,0
22514,24995,0
22515,24995,0
22516,24995,0
22517,24995,0
22518,24995,0
22519,24995,0
22520,24995,0
22521,24995,0
22522,24995,31
22523,24995,0
22524,24995,0
22525,24995,0
22526,24995,0
22527,24995,0
22528,24995,0
22529,24995,0
22530,24995,0
22531,24995,0
22532,24995,0
22533,25016,2218
22534,25012,1779
22535,24995,0
22536,24995,0
22537,24995,0
22538,24995,0
22539,25005,1090
22540,24995,0
22541,24995,0
22542,24995,88
22543,24995,0
22544,24995,0
22545,24995,0
22546,24995,0
22547,24995,0
22548,24995,0
22549,24995,0
22550,24995,0
22551,24995,0
22552,24995,0
22553,24995,0
22554,25010,1584
22555,25001,653
22556,24998,409
22557,24995,0
22558,24995,0
22559,24995,0
22560,24995,0
22561,24995,0
22562,25014,2036
22563,24995,0
22564,24997,295
22565,24995,0
22566,24995,0
22567,24995,0
22568,24995,0
22569,24996,126
22570,24995,0
22571,24995,0
22572,24999,418
22573,24995,0
22574,24995,0
22575,24995,0
22576,25004,1038
22577,24995,0
22578,24995,0
22579,24995,0
22580,24995,0
22581,24995,0
22582,24997,209
22583,24995,0
22584,24995,0
22585,24995,0
22586,24995,0
22587,24995,0
22588,24995,0
22589,24995,0
22590,24995,0
22591,25019,2609
22592,24995,0
22593,24995,0
22594,24995,0
22595,24995,59
22596,24995,0
22597,24995,0
22598,24995,0
22599,24995,0
22600,24997,288
22601,24995,0
22602,24995,0
22603,24995,0
22604,24995,0
22605,25022,2886
22606,25002,809
22607,24995,0
22608,24995,0
22609,24995,0
22610,24995,0
22611,24995,0
22612,25021,2749
22613,24995,0
22614,25016,2295
22615,24995,0
22616,24995,0
22617,24995,0
22618,24995,0
22619,24995,0
22620,24995,0
22621,24995,0
22622,24995,0
22623,24995,0
22624,25009,1509
22625,24995,0
22626,24995,0
22627,24995,0
22628,24995,0
22629,24995,0
22630,24995,0
22631,24995,0
22632,24995,0
22633,24995,0
22634,24995,0
22635,24995,0
22636,24995,0
22637,24995,0
22638,24995,0
22639,24995,0
22640,25007,1268
22641,25013,1909
22642,25000,575
22643,24995,0
22644,24995,0
22645,24995,0
22646,24995,0
22647,24995,0
22648,24995,0
22649,24995,0
22650,24995,0
22651,24995,0
22652,24995,0
22653,24995,0
22654,24995,0
22655,24995,0
22656,24995,0
22657,24995,0
22658,25005,1068
22659,24995,0
22660,24995,0
22661,24995,0
22662,24995,0
22663,25017,2327
22664,24995,0
22665,24995,0
22666,24995,0
22667,24995,0
22668,24995,0
22669,24995,0
22670,24995,0
22671,24995,0
22672,24995,0
22673,24995,0
22674,24995,0
22675,24995,0
22676,24995,0
22677,24995,0
22678,25014,2082
22679,24995,0
22680,24995,0
22681,24995,0
22682,24995,0
22683,24995,0
22684,25012,1879
22685,24995,0
22686,24995,0
22687,24995,0
22688,25003,909
22689,24995,0
22690,24995,0
22691,25104,11509
22692,24995,0
22693,24995,0
22694,24995,0
22695,24995,0
22696,25014,2009
22697,24995,0
22698,24995,0
22699,25005,1136
22700,24995,0
22701,24995,63
22702,24997,209
22703,24995,0
22704,24995,0
22705,25008,1358
22706,24995,0
22707,24995,0
22708,24995,0
22709,24995,0
22710,24995,0
22711,24995,0
22712,24995,0
22713,24995,0
22714,24995,0
22715,25014,2068
22716,24995,0
22717,24995,0
22718,24995,0
22719,24995,0
22720,24995,0
22721,24995,0
22722,24995,0
22723,25002,759
22724,24995,0
22725,24995,0
22726,24995,0
22727,24995,0
22728,24995,0
22729,24995,0
22730,24995,0
22731,24995,0
22732,24995,0
22733,24995,0
22734,24995,18
22735,25015,2109
22736,24995,0
22737,24995,0
22738,24995,0
22739,24995,0
22740,24995,0
22741,24995,0
22742,24995,0
22743,24995,0
22744,24995,0
22745,24995,0
22746,24995,0
22747,24995,0
22748,24995,0
22749,24995,0
22750,24995,0
22751,24995,0
22752,24995,0
22753,24995,0
22754,24995,0
22755,24995,0
22756,24995,0
22757,24995,0
22758,24995,0
22759,25006,1233
22760,24995,0
22761,24995,0
22762,24995,0
22763,24995,0
22764,24995,0
22765,24998,309
22766,25019,2559
22767,24995,0
22768,24995,0
22769,24995,0
22770,25014,2059
22771,25005,1109
22772,24995,0
22773,24995,0
22774,24995,0
22775,24995,0
22776,24995,0
22777,24995,0
22778,24995,0
22779,24995,0
22780,24995,0
22781,24996,145
22782,24995,0
22783,24995,0
22784,24995,0
22785,24995,0
22786,24995,0
22787,24995,0
22788,24995,0
22789,24995,0
22790,24995,0
22791,24995,0
22792,24995,0
22793,24995,0
22794,24995,0
22795,24995,0
22796,24995,0
22797,24995,0
22798,24995,0
22799,24995,0
22800,24995,0
22801,24995,0
22802,24995,0
22803,24995,0
22804,25514,54035
22805,24995,0
22806,24995,0
22807,24995,0
22808,24995,0
22809,24995,0
22810,24995,0
22811,24995,0
22812,24995,0
22813,24995,0
22814,24995,0
22815,24995,0
22816,24995,0
22817,24995,0
22818,24995,0
22819,24995,0
22820,24995,0
22821,24995,0
22822,24995,0
22823,24995,0
22824,24995,0
22825,24995,0
22826,24995,0
22827,24995,0
22828,24995,0
22829,24995,0
22830,24996,163
22831,24995,0
22832,24999,463
22833,24995,0
22834,24995,0
22835,24995,0
22836,24995,0
22837,24995,0
22838,24995,0
22839,24995,0
22840,24995,0
22841,24995,0
22842,24995,0
22843,24995,0
22844,24995,0
22845,24995,0
22846,25048,5609
22847,25012,1833
22848,24995,0
22849,24995,0
22850,24995,0
22851,24995,0
22852,24995,0
22853,24995,0
22854,24995,0
22855,24995,0
22856,24995,0
22857,24995,0
22858,24995,0
22859,24995,0
22860,24995,29
22861,24995,0
22862,24995,0
22863,24995,0
22864,24995,0
22865,24995,0
22866,24995,0
22867,25001,645
22868,24995,0
22869,24995,0
22870,24995,0
22871,24995,0
22872,25009,1509
22873,24995,0
22874,24995,0
22875,24995,0
22876,24995,0
22877,24999,509
22878,24995,0
22879,24995,0
22880,24995,0
22881,24995,0
22882,24995,0
22883,24995,63
22884,24995,0
22885,24995,0
22886,24995,0
22887,24995,0
22888,24995,0
22889,24995,0
22890,25022,2929
22891,24995,0
22892,24995,0
22893,24995,0
22894,24995,0
22895,24995,0
22896,25081,9009
22897,24995,0
22898,25003,909
22899,24995,0
22900,24995,0
22901,24998,409
22902,24995,0
22903,24995,0
22904,24995,0
22905,24995,0
22906,24995,0
22907,24995,0
22908,24995,0
22909,24995,0
22910,24995,0
22911,24995,0
22912,24995,0
22913,24995,0
22914,24995,0
22915,24995,0
22916,24995,0
22917,25000,518
22918,24995,0
22919,24995,0
22920,24995,0
22921,24995,0
22922,24995,29
22923,24995,0
22924,25001,659
22925,24995,0
22926,24995,0
22927,24995,0
22928,24995,9
22929,24995,0
22930,25000,618
22931,25002,813
22932,24997,259
22933,24995,0
22934,24995,0
22935,24995,0
22936,24995,79
22937,24995,0
22938,24995,0
22939,24995,0
22940,24995,0
22941,24995,0
22942,24995,0
22943,24995,0
22944,24995,0
22945,24995,0
22946,24995,0
22947,24995,0
22948,24995,0
22949,24995,0
22950,24995,0
22951,24995,0
22952,24995,0
22953,24995,0
22954,24995,0
22955,24995,0
22956,24995,9
22957,24995,0
22958,24995,0
22959,24995,0
22960,24995,0
22961,24995,0
22962,24995,0
22963,24995,0
22964,24995,0
22965,24998,329
22966,25004,1022
22967,24996,139
22968,24995,0
22969,24995,0
22970,24995,0
22971,24995,0
22972,24995,0
22973,24995,0
22974,24995,0
22975,24995,0
22976,24995,0
22977,25002,777
22978,24995,0
22979,25001,709
22980,24995,0
22981,24995,0
22982,24995,0
22983,24995,0
22984,25009,1509
22985,24995,0
22986,25012,1863
22987,24995,0
22988,24995,0
22989,25000,522
22990,24995,0
22991,24995,0
22992,24995,0
22993,24995,0
22994,24995,0
22995,25089,9854
22996,24995,0
22997,24995,53
22998,25251,26822
22999,24995,0
23000,25000,609
23001,24995,0
23002,24995,0
23003,24995,0
23004,24995,0
23005,24995,0
23006,24995,0
23007,24995,29
23008,24995,0
23009,24995,0
23010,24995,0
23011,24995,0
23012,24995,0
23013,24995,22
23014,24995,0
23015,24995,0
23016,25044,5163
23017,24995,0
23018,24995,0
23019,24995,0
23020,24995,0
23021,24995,0
23022,24995,0
23023,24995,0
23024,24995,0
23025,25004,959
23026,24995,0
23027,24995,0
23028,24995,0
23029,24995,18
23030,24995,0
23031,24995,0
23032,24998,409
23033,24995,0
23034,24995,0
23035,24995,0
23036,25019,2536
23037,24995,0
23038,24995,0
23039,24995,0
23040,24995,0
23041,24995,0
23042,25176,19036
23043,24995,0
23044,24995,0
23045,24995,0
23046,24995,0
23047,24995,0
23048,24995,0
23049,24995,0
23050,24996,158
23051,24995,0
23052,24995,0
23053,24995,0
23054,24995,0
23055,24995,0
23056,25008,1458
23057,24995,0
23058,24995,0
23059,24995,0
23060,24995,0
23061,24995,0
23062,24995,0
23063,24998,409
23064,24995,0
23065,24995,9
23066,24995,0
23067,24995,0
23068,24995,0
23069,25028,3509
23070,25020,2618
23071,24995,0
23072,24995,0
23073,24995,0
23074,24995,0
23075,24995,0
23076,24995,0
23077,24995,0
23078,25004,959
23079,24995,0
23080,24995,0
23081,24995,0
23082,24995,0
23083,24995,9
23084,24995,0
23085,24995,0
23086,24995,0
23087,24995,0
23088,24995,0
23089,25004,1009
23090,24995,0
23091,24995,0
23092,24995,0
23093,24995,0
23094,24995,0
23095,24995,0
23096,24995,0
23097,24995,0
23098,24995,0
23099,24995,0
23100,24995,0
23101,24995,0
23102,24995,0
23103,24995,0
23104,24995,0
23105,24995,0
23106,24995,0
23107,24995,0
23108,24995,0
23109,24995,0
23110,24995,0
23111,24995,0
23112,24995,0
23113,24995,0
23114,24995,0
23115,24995,0
23116,25010,1657
23117,24995,0
23118,25003,909
23119,24995,0
23120,24995,0
23121,24995,0
23122,24995,0
23123,24995,0
23124,24995,0
23125,24995,0
23126,24995,0
23127,24995,0
23128,24995,0
23129,24995,0
23130,24995,0
23131,24995,0
23132,24995,0
23133,24995,0
23134,24995,0
23135,24995,0
23136,24995,0
23137,24995,0
23138,24995,0
23139,24995,0
23140,25006,1156
23141,24995,0
23142,24995,0
23143,25003,913
23144,24995,0
23145,25013,1903
23146,24995,0
23147,24995,0
23148,24995,0
23149,24995,0
23150,24995,0
23151,24995,0
23152,24995,0
23153,25483,50795
23154,24995,0
23155,24995,0
23156,24995,0
23157,24995,0
23158,24995,0
23159,24995,0
23160,25039,4664
23161,24995,0
23162,24995,0
23163,24995,0
23164,24995,0
23165,24996,138
23166,24995,0
23167,24995,0
23168,24995,0
23169,24995,0
23170,24995,0
23171,24995,0
23172,24997,222
23173,24995,0
23174,24995,0
23175,24995,0
23176,24995,0
23177,24995,0
23178,24995,0
23179,24999,459
23180,24995,0
23181,24995,0
23182,24995,0
23183,24995,0
23184,24995,0
23185,24995,0
23186,24995,0
23187,24995,0
23188,24995,0
23189,24995,0
23190,24995,0
23191,24995,0
23192,24995,0
23193,25025,3233
23194,24995,0
23195,24995,0
23196,24995,0
23197,24995,0
23198,24995,0
23199,24995,0
23200,24995,0
23201,24995,0
23202,24995,0
23203,24995,0
23204,24995,0
23205,24995,0
23206,24995,0
23207,24995,0
23208,24995,0
23209,24995,0
23210,24995,0
23211,24995,0
23212,24995,0
23213,24995,0
23214,24995,0
23215,24995,0
23216,24997,213
23217,24995,0
23218,24995,0
23219,24995,0
23220,24995,0
23221,24995,0
23222,24995,0
23223,24995,0
23224,24995,0
23225,24995,0
23226,24995,0
23227,24995,0
23228,24995,0
23229,24995,0
23230,25012,1853
23231,25023,3009
23232,25002,829
23233,24995,0
23234,24995,0
23235,25042,5013
23236,24995,0
23237,24995,0
23238,24995,0
23239,24995,0
23240,25017,2383
23241,24995,0
23242,24997,209
23243,24995,0
23244,24995,0
23245,24995,0
23246,24995,0
23247,25003,929
23248,24995,0
23249,24995,0
23250,24995,0
23251,24995,0
23252,24996,176
23253,24995,0
23254,24995,0
23255,24995,0
23256,24995,0
23257,24995,0
23258,24995,0
23259,24995,0
23260,24995,0
23261,24995,0
23262,24995,0
23263,24995,0
23264,24995,45
23265,24995,0
23266,24995,0
23267,24995,0
23268,24995,0
23269,24995,0
23270,24998,309
23271,24995,0
23272,24995,0
23273,24995,0
23274,24995,0
23275,24999,476
23276,26099,113547
23277,24995,0
23278,25004,1038
23279,24995,0
23280,24995,0
23281,24995,0
23282,24995,0
23283,24995,0
23284,24998,309
23285,24995,0
23286,24995,0
23287,24995,83
23288,24995,0
23289,25013,1933
23290,24995,0
23291,24995,0
23292,24995,0
23293,24995,0
23294,24995,0
23295,24995,0
23296,24995,0
23297,25015,2122
23298,24996,168
23299,24995,0
23300,24995,0
23301,24995,0
23302,24995,0
23303,24995,0
23304,24995,0
23305,24995,0
23306,24995,0
23307,24995,0
23308,24995,0
23309,24995,0
23310,25000,518
23311,24995,0
23312,24995,0
23313,24995,0
23314,24995,0
23315,24995,0
23316,25000,563
23317,24995,0
23318,24995,0
23319,24995,0
23320,24995,0
23321,24995,0
23322,24998,409
23323,24995,0
23324,24995,0
23325,24995,0
23326,24995,0
23327,24995,0
23328,24995,0
23329,24995,0
23330,24995,0
23331,24995,0
23332,24995,0
23333,24995,0
23334,24995,0
23335,24995,0
23336,24995,0
23337,24995,0
23338,24995,0
23339,24995,0
23340,24995,0
23341,24995,0
23342,24995,0
23343,24995,0
23344,24995,0
23345,24995,0
23346,24996,185
23347,24995,0
23348,24995,0
23349,24995,0
23350,25013,1909
23351,25069,7788
23352,24995,0
23353,24995,0
23354,24995,0
23355,24995,0
23356,24995,0
23357,24995,0
23358,24995,0
23359,24995,0
23360,24995,0
23361,24995,0
23362,24995,0
23363,24995,0
23364,24995,0
23365,24995,0
23366,24995,0
23367,24995,0
23368,25013,1909
23369,24995,0
23370,24995,0
23371,24995,0
23372,24995,0
23373,24995,0
23374,24995,0
23375,24995,0
23376,24995,0
23377,24995,0
23378,24995,0
23379,24995,0
23380,24997,263
23381,24996,109
23382,24995,0
23383,24995,0
23384,24995,0
23385,24995,0
23386,24995,0
23387,24995,0
23388,24995,0
23389,24995,0
23390,24995,0
23391,24998,329
23392,24995,0
23393,24995,0
23394,24995,0
23395,24995,0
23396,24995,0
23397,24995,0
23398,24995,0
23399,24995,0
23400,24995,0
23401,24995,0
23402,24995,0
23403,24998,409
23404,24995,0
23405,24995,0
23406,24995,0
23407,24995,0
23408,24995,0
23409,25001,709
23410,24999,468
23411,24995,0
23412,25007,1318
23413,24995,0
23414,24995,0
23415,24995,0
23416,24995,0
23417,24995,0
23418,24995,0
23419,24995,0
23420,24995,0
23421,24995,0
23422,24995,0
23423,24995,0
23424,24995,0
23425,24995,0
23426,24995,0
23427,25066,7509
23428,24995,0
23429,24995,0
23430,24995,0
23431,24995,0
23432,24995,0
23433,24995,0
23434,24995,0
23435,24995,0
23436,24998,409
23437,24995,0
23438,24995,63
23439,24995,0
23440,24995,0
23441,24995,0
23442,25001,683
23443,24995,0
23444,24995,0
23445,24995,0
23446,24995,0
23447,24995,0
23448,24995,0
23449,24995,0
23450,24995,0
23451,24995,0
23452,24995,0
23453,24995,0
23454,25017,2336
23455,24995,0
23456,24995,0
23457,24995,0
23458,24995,0
23459,24995,0
23460,24995,0
23461,24995,0
23462,24995,0
23463,24995,0
23464,24995,0
23465,24995,0
23466,25020,2659
23467,24995,0
23468,24995,0
23469,24995,0
23470,24995,0
23471,24995,0
23472,24995,0
23473,24995,0
23474,24995,0
23475,24995,0
23476,25000,609
23477,24995,0
23478,24995,0
23479,24995,0
23480,24995,0
23481,25049,5668
23482,24995,0
23483,24995,0
23484,24995,0
23485,24995,0
23486,25001,709
23487,24995,0
23488,24995,0
23489,24995,0
23490,24995,0
23491,24995,0
23492,24995,0
23493,24995,0
23494,24995,0
23495,24995,0
23496,24995,0
23497,24995,0
23498,25038,4535
23499,24995,0
23500,24995,0
23501,24995,0
23502,24995,0
23503,24995,0
23504,24995,0
23505,24995,0
23506,24995,0
23507,24995,0
23508,24995,0
23509,24995,0
23510,24995,0
23511,25021,2759
23512,24999,435
23513,24995,0
23514,24995,0
23515,24995,0
23516,25238,25429
23517,24995,0
23518,24995,0
23519,24995,0
23520,24995,0
23521,24996,112
23522,25009,1559
23523,24995,0
23524,24995,0
23525,24995,0
23526,24995,0
23527,24995,0
23528,24995,0
23529,24995,0
23530,25000,609
23531,24995,0
23532,24995,0
23533,25018,2409
23534,24995,0
23535,24995,0
23536,24995,0
23537,24995,0
23538,24995,9
23539,24995,0
23540,24995,0
23541,24995,0
23542,24995,0
23543,24995,0
23544,24995,0
23545,24995,0
23546,24995,0
23547,24995,0
23548,24995,0
23549,24995,0
23550,24995,0
23551,24995,0
23552,24995,0
23553,24997,233
23554,24995,0
23555,24997,296
23556,24995,0
23557,24995,0
23558,24995,0
23559,24995,0
23560,24995,0
23561,24995,0
23562,24995,0
23563,24995,0
23564,25013,1898
23565,24995,0
23566,24995,0
23567,24995,18
23568,24995,0
23569,24995,0
23570,24995,0
23571,24995,0
23572,24995,0
23573,24995,0
23574,24995,0
23575,24995,0
23576,24995,0
23577,24995,0
23578,24995,0
23579,25018,2435
23580,24995,0
23581,25002,779
23582,24995,0
23583,24995,0
23584,24995,0
23585,24995,0
23586,24995,0
23587,24995,0
23588,24995,0
23589,25017,2363
23590,24995,0
23591,24995,0
23592,24995,0
23593,24995,0
23594,24995,0
23595,24995,0
23596,24995,0
23597,25003,909
23598,24995,0
23599,24995,0
23600,24995,0
23601,24995,0
23602,24995,0
23603,24995,0
23604,24995,0
23605,24995,0
23606,24995,0
23607,24995,0
23608,24995,0
23609,24995,0
23610,25001,709
23611,24995,0
23612,24995,0
23613,25094,10418
23614,24995,0
23615,25013,1913
23616,24995,0
23617,24995,0
23618,24995,0
23619,24995,0
23620,24995,0
23621,24995,0
23622,24995,0
23623,24995,0
23624,24995,0
23625,27510,251711
23626,24995,0
23627,24995,0
23628,24995,0
23629,24995,0
23630,24999,509
23631,24995,0
23632,24995,0
23633,25001,709
23634,24998,339
23635,24995,0
23636,24997,259
23637,24995,0
23638,24995,9
23639,24996,183
23640,24995,0
23641,24995,0
23642,24995,0
23643,24995,0
23644,24995,0
23645,24995,0
23646,24995,0
23647,24995,0
23648,24995,0
23649,24995,0
23650,24995,0
23651,24995,0
23652,24995,0
23653,25010,1629
23654,24995,0
23655,24995,0
23656,24995,0
23657,24995,0
23658,24995,0
23659,24995,0
23660,24995,0
23661,24995,0
23662,24995,0
23663,24995,0
23664,24995,0
23665,25004,949
23666,25001,718
23667,24995,0
23668,24995,27
23669,24995,0
23670,25069,7836
23671,24995,0
23672,24995,0
23673,24995,0
23674,24995,0
23675,24995,0
23676,24995,0
23677,24995,0
23678,24995,0
23679,24995,0
23680,24995,0
23681,24995,0
23682,25035,4268
23683,24995,0
23684,24995,0
23685,24995,0
23686,24995,0
23687,24995,0
23688,24995,0
23689,25010,1665
23690,24995,0
23691,24995,0
23692,24995,0
23693,24995,0
23694,24995,0
23695,24995,0
23696,24995,0
23697,24995,0
23698,24995,0
23699,24995,0
23700,25009,1509
23701,24995,0
23702,24995,0
23703,24995,0
23704,24995,0
23705,24995,0
23706,24995,0
23707,24999,429
23708,24995,0
23709,24995,0
23710,24995,0
23711,24995,0
23712,24995,0
23713,24998,409
23714,24997,263
23715,24995,0
23716,24995,0
23717,24995,0
23718,24995,0
23719,24995,0
23720,24995,0
23721,24995,0
23722,24995,0
23723,25107,11831
23724,24995,0
23725,24995,0
23726,24995,0
23727,24995,0
23728,24995,0
23729,25008,1359
23730,24995,0
23731,24995,0
23732,24995,0
23733,24995,0
23734,24995,0
23735,24995,0
23736,24995,0
23737,24995,0
23738,24995,0
23739,24995,0
23740,24995,0
23741,24995,0
23742,24995,0
23743,24995,0
23744,24995,0
23745,24996,183
23746,24995,0
23747,25173,18695
23748,24995,0
23749,24995,0
23750,24995,0
23751,24995,0
23752,24995,0
23753,24995,0
23754,25002,822
23755,24995,0
23756,24995,0
23757,24995,0
23758,24995,0
23759,24995,0
23760,24995,0
23761,24995,0
23762,24995,0
23763,25042,5018
23764,24995,0
23765,24995,0
23766,24995,0
23767,24995,0
23768,24995,0
23769,24995,0
23770,24995,0
23771,24995,0
23772,24995,0
23773,24995,0
23774,24995,0
23775,24995,0
23776,24995,0
23777,24995,0
23778,24995,0
23779,25001,642
23780,24995,0
23781,24995,0
23782,24995,0
23783,24995,0
23784,24995,0
23785,24995,0
23786,24995,0
23787,24997,276
23788,25018,2449
23789,24995,0
23790,25015,2160
23791,24995,0
23792,24995,0
23793,24995,0
23794,25009,1513
23795,24995,0
23796,24995,0
23797,24995,0
23798,24995,0
23799,25015,2176
23800,24999,413
23801,24997,209
23802,24995,0
23803,24995,0
23804,24995,0
23805,24995,0
23806,24995,0
23807,24995,0
23808,24995,0
23809,24995,0
23810,24995,0
23811,24995,0
23812,24995,0
23813,24995,0
23814,24995,0
23815,24995,0
23816,24995,0
23817,24995,0
23818,24995,13
23819,24995,0
23820,24996,194
23821,24995,0
23822,24995,0
23823,24995,0
23824,24995,0
23825,24995,0
23826,24995,0
23827,24995,0
23828,24995,0
23829,24995,9
23830,24995,0
23831,25004,968
23832,24995,0
23833,24995,0
23834,24995,0
23835,24995,0
23836,24995,0
23837,24995,0
23838,24995,0
23839,24995,0
23840,24995,0
23841,24995,0
23842,24995,0
23843,25061,6924
23844,24995,0
23845,24995,0
23846,24995,58
23847,24995,0
23848,24995,0
23849,24995,0
23850,24995,0
23851,24995,0
23852,24995,0
23853,24995,0
23854,24995,0
23855,24995,0
23856,24995,0
23857,24995,0
23858,24995,0
23859,25005,1109
23860,25001,709
23861,24995,0
23862,24995,0
23863,24995,0
23864,24995,0
23865,24995,0
23866,24995,0
23867,24995,59
23868,24995,0
23869,24995,0
23870,24995,0
23871,24995,0
23872,24995,0
23873,24995,0
23874,24995,0
23875,24995,0
23876,24995,0
23877,24995,0
23878,24995,0
23879,25010,1668
23880,24995,0
23881,24995,0
23882,24995,0
23883,25000,559
23884,24995,0
23885,24995,0
23886,24995,0
23887,24995,0
23888,24995,0
23889,24995,0
23890,24995,0
23891,24995,0
23892,24995,0
23893,24995,0
23894,24995,0
23895,24995,0
23896,24995,0
23897,24995,0
23898,24995,0
23899,24995,0
23900,24995,0
23901,24995,0
23902,24995,0
23903,24995,0
23904,24995,0
23905,24995,0
23906,25238,25409
23907,24995,0
23908,25205,22029
23909,24995,0
23910,24995,0
23911,24995,0
23912,24995,0
23913,24995,0
23914,24995,0
23915,24995,0
23916,25201,21635
23917,24995,0
23918,24995,0
23919,24995,0
23920,25010,1568
23921,24995,0
23922,24995,0
23923,25014,1996
23924,24995,0
23925,25001,709
23926,24995,0
23927,24995,0
23928,24995,0
23929,24995,0
23930,24995,0
23931,24995,0
23932,24995,0
23933,24995,0
23934,25009,1533
23935,24995,0
23936,24995,0
23937,25005,1059
23938,24995,0
23939,24995,0
23940,24995,0
23941,24998,329
23942,24995,0
23943,24995,0
23944,24995,0
23945,24999,433
23946,24995,0
23947,24995,0
23948,24995,0
23949,25004,1013
23950,24995,0
23951,25015,2118
23952,24995,0
23953,24995,0
23954,24995,0
23955,24995,0
23956,24995,0
23957,24995,0
23958,24995,0
23959,24995,0
23960,24995,0
23961,24995,0
23962,24995,0
23963,24995,0
23964,24995,0
23965,24995,0
23966,24995,0
23967,24995,0
23968,24995,0
23969,24995,0
23970,24995,0
23971,24995,0
23972,24995,0
23973,24995,0
23974,24995,0
23975,24995,0
23976,25000,609
23977,24998,409
23978,24995,0
23979,24995,0
23980,24995,0
23981,24995,0
23982,25004,1013
23983,24995,0
23984,24995,0
23985,24995,0
23986,24995,0
23987,24995,0
23988,24995,0
23989,24995,0
23990,25246,26318
23991,24995,0
23992,24995,0
23993,24995,0
23994,24995,0
23995,24995,0
23996,24995,0
23997,24995,0
23998,24995,0
23999,24995,0
24000,24995,0
24001,24995,0
24002,25016,2209
24003,24995,0
24004,24995,0
24005,24995,0
24006,24995,13
24007,24995,0
24008,25000,613
24009,24995,0
24010,24995,0
24011,24995,0
24012,24995,0
24013,24995,0
24014,25008,1377
24015,24995,0
24016,25008,1359
24017,24995,0
24018,24995,0
24019,24995,0
24020,24995,0
24021,24995,0
24022,24995,0
24023,24995,0
24024,24995,0
24025,24995,0
24026,24995,0
24027,24995,0
24028,24995,0
24029,24995,0
24030,24995,0
24031,24995,0
24032,24995,0
24033,24995,0
24034,24995,0
24035,24995,0
24036,24995,0
24037,24995,0
24038,24995,0
24039,24995,0
24040,24995,0
24041,24996,122
24042,24995,0
24043,24995,0
24044,24995,0
24045,24995,0
24046,24995,0
24047,24995,0
24048,24995,0
24049,24995,0
24050,24995,0
24051,24995,0
24052,25081,9022
24053,24995,0
24054,24995,0
24055,24995,0
24056,24995,0
24057,24995,0
24058,24995,0
24059,24995,0
24060,24995,0
24061,24995,0
24062,24995,0
24063,25014,2049
24064,24995,0
24065,24995,0
24066,24995,0
24067,24995,0
24068,24995,0
24069,24995,0
24070,24995,0
24071,24995,0
24072,24995,0
24073,24995,0
24074,24999,479
24075,24995,0
24076,24995,0
24077,24995,0
24078,24995,0
24079,24995,0
24080,24995,0
24081,24995,0
24082,24995,0
24083,24995,0
24084,24995,0
24085,24996,129
24086,24995,0
24087,24995,0
24088,24995,0
24089,24995,0
24090,24996,109
24091,24995,0
24092,24995,0
24093,24995,0
24094,25018,2418
24095,24995,0
24096,24995,0
24097,24995,0
24098,24995,0
24099,24995,0
24100,24995,0
24101,24995,0
24102,24995,0
24103,24995,0
24104,24995,0
24105,24995,0
24106,24995,0
24107,24995,0
24108,24995,0
24109,24995,0
24110,24995,0
24111,24995,0
24112,25002,813
24113,25004,1009
24114,24995,0
24115,24995,0
24116,24995,0
24117,25020,2638
24118,24995,0
24119,24995,0
24120,24996,109
24121,24995,0
24122,24995,0
24123,24995,0
24124,24995,0
24125,24995,0
24126,24999,429
24127,24995,0
24128,25193,20800
24129,24995,0
24130,24995,0
24131,24995,0
24132,24995,0
24133,25017,2313
24134,25002,809
24135,24995,0
24136,24995,0
24137,24995,0
24138,24995,0
24139,24995,0
24140,25001,638
24141,24995,0
24142,24995,0
24143,24995,0
24144,24995,0
24145,24998,359
24146,24995,0
24147,24995,0
24148,24995,0
24149,24995,0
24150,24995,0
24151,25012,1813
24152,24995,0
24153,24995,0
24154,24995,0
24155,24995,0
24156,25004,959
24157,24995,0
24158,24995,0
24159,24995,0
24160,24995,0
24161,24995,0
24162,24995,0
24163,24995,0
24164,24995,0
24165,24995,0
24166,24995,0
24167,24995,0
24168,25028,3456
24169,24995,0
24170,24995,0
24171,25000,609
24172,24998,313
24173,24995,0
24174,24995,0
24175,24999,488
24176,24995,0
24177,24995,0
24178,24995,0
24179,24998,409
24180,24995,0
24181,24995,0
24182,24995,0
24183,24995,0
24184,24995,0
24185,24995,0
24186,24995,0
24187,24995,0
24188,24995,0
24189,24995,0
24190,24995,0
24191,25010,1609
24192,24995,0
24193,24995,0
24194,24995,0
24195,24995,0
24196,24995,0
24197,24995,0
24198,24995,0
24199,24995,0
24200,24995,0
24201,24995,0
24202,24995,0
24203,24995,0
24204,24995,0
24205,24995,0
24206,25066,7509
24207,24995,0
24208,24995,0
24209,24995,0
24210,24995,0
24211,24995,0
24212,24995,0
24213,24995,0
24214,24995,0
24215,25001,678
24216,24995,0
24217,24995,0
24218,24995,0
24219,24995,53
24220,25237,25329
24221,24995,0
24222,24995,0
24223,24995,0
24224,24995,0
24225,24995,0
24226,24995,0
24227,24995,0
24228,24995,0
24229,24995,0
24230,24995,0
24231,24998,309
24232,24998,409
24233,24995,0
24234,24995,0
24235,24995,0
24236,24995,0
24237,24995,0
24238,24995,0
24239,24995,0
24240,25012,1779
24241,24995,0
24242,24995,0
24243,24995,0
24244,24995,0
24245,24995,0
24246,24995,0
24247,24995,0
24248,24998,409
24249,24995,0
24250,25001,705
24251,24995,0
24252,24995,0
24253,24995,0
24254,24995,0
24255,24995,0
24256,24995,0
24257,24995,0
24258,24995,0
24259,24995,0
24260,24995,0
24261,24995,0
24262,24995,0
24263,24996,109
24264,24997,268
24265,24995,0
24266,24995,0
24267,24995,0
24268,24995,0
24269,24995,0
24270,24995,0
24271,25003,868
24272,24995,0
24273,24995,0
24274,24995,0
24275,24995,0
24276,24995,0
24277,25001,709
24278,24995,0
24279,24995,0
24280,24995,0
24281,24995,0
24282,24995,0
24283,24995,0
24284,24995,0
24285,24995,0
24286,25001,622
24287,24995,0
24288,25000,609
24289,24995,0
24290,24995,29
24291,24995,0
24292,24995,0
24293,24995,0
24294,24995,0
24295,24995,0
24296,24995,0
24297,24995,0
24298,24995,0
24299,24995,0
24300,24995,0
24301,24997,209
24302,24995,0
24303,24995,0
24304,24995,0
24305,25001,651
24306,24995,0
24307,24995,0
24308,24995,0
24309,24995,0
24310,24995,0
24311,24995,0
24312,24995,0
24313,24995,0
24314,25479,50409
24315,24995,0
24316,24995,0
24317,25014,2009
24318,24995,0
24319,25000,521
24320,24995,0
24321,24995,0
24322,24995,0
24323,24995,0
24324,24995,0
24325,24995,0
24326,24995,0
24327,24995,0
24328,24995,0
24329,25037,4418
24330,24995,0
24331,24995,0
24332,24995,0
24333,24995,0
24334,25058,6687
24335,24995,79
24336,24995,0
24337,24995,0
24338,24995,0
24339,24995,0
24340,25020,2718
24341,24995,0
24342,25097,10737
24343,24995,0
24344,24995,0
24345,24995,0
24346,24995,0
24347,24995,0
24348,24995,0
24349,24995,0
24350,24995,0
24351,25007,1267
24352,25321,34033
24353,24995,0
24354,24995,0
24355,24995,0
24356,25021,2731
24357,24995,0
24358,24995,0
24359,24995,0
24360,24995,0
24361,24995,0
24362,24995,0
24363,24995,0
24364,24995,0
24365,24995,0
24366,24995,0
24367,24995,0
24368,24995,0
24369,24995,0
24370,24995,13
24371,24995,0
24372,24995,0
24373,25006,1222
24374,24995,0
24375,24998,309
24376,25000,529
24377,24995,0
24378,24995,0
24379,24995,0
24380,24995,0
24381,24995,0
24382,25015,2169
24383,24995,0
24384,24995,0
24385,25035,4229
24386,24995,0
24387,24995,0
24388,24995,0
24389,24995,0
24390,24995,0
24391,24995,0
24392,24995,0
24393,24995,0
24394,24995,0
24395,24995,0
24396,24995,0
24397,24995,0
24398,24995,0
24399,24995,0
24400,24995,0
24401,24995,0
24402,24995,0
24403,25009,1513
24404,25031,3822
24405,24995,0
24406,24995,0
24407,24995,0
24408,24995,0
24409,24995,0
24410,24995,0
24411,24995,0
24412,24995,18
24413,24995,0
24414,25014,2013
24415,24995,0
24416,24995,0
24417,24995,0
24418,25023,3029
24419,25002,763
24420,24995,0
24421,24995,0
24422,25002,822
24423,24995,0
24424,24995,0
24425,24995,0
24426,24995,0
24427,24995,0
24428,24995,0
24429,24995,0
24430,24995,0
24431,24995,0
24432,24995,0
24433,24995,0
24434,24995,0
24435,24995,0
24436,24995,0
24437,24995,0
24438,24995,0
24439,24995,0
24440,24995,0
24441,24995,0
24442,25013,1931
24443,24995,0
24444,24995,0
24445,24995,0
24446,24995,0
24447,24998,329
24448,24995,0
24449,24995,0
24450,25006,1247
24451,24995,0
24452,24995,0
24453,24995,0
24454,24995,0
24455,24995,0
24456,24995,0
24457,24995,0
24458,24995,0
24459,24995,0
24460,24995,0
24461,24997,233
24462,24995,0
24463,24995,0
24464,24995,0
24465,24995,0
24466,24995,0
24467,24995,0
24468,24995,0
24469,24995,0
24470,24995,0
24471,24995,0
24472,24995,0
24473,24995,0
24474,24995,0
24475,24995,0
24476,24995,0
24477,25006,1199
24478,25000,559
24479,24995,0
24480,24995,0
24481,24995,0
24482,24995,0
24483,24995,0
24484,24995,0
24485,24995,0
24486,24995,0
24487,24995,0
24488,24995,0
24489,24995,0
24490,24995,0
24491,24995,0
24492,24995,0
24493,24995,0
24494,24995,0
24495,24995,0
24496,24995,0
24497,24995,0
24498,25019,2513
24499,24995,0
24500,25034,4149
24501,24995,0
24502,24995,0
24503,24995,0
24504,24995,0
24505,24995,0
24506,24995,0
24507,24995,0
24508,24995,0
24509,24995,0
24510,24995,0
24511,24995,0
24512,25009,1529
24513,24995,0
24514,24995,0
24515,24995,0
24516,25234,25059
24517,24995,0
24518,24995,0
24519,24995,0
24520,24995,0
24521,24995,0
24522,24995,0
24523,24999,459
24524,24995,0
24525,24995,0
24526,24995,0
24527,24995,0
24528,24995,0
24529,24996,109
24530,24995,0
24531,24995,0
24532,24995,0
24533,25003,913
24534,24995,0
24535,24998,329
24536,24995,0
24537,24995,53
24538,24995,0
24539,25000,609
24540,24995,0
24541,24995,0
24542,24995,0
24543,24995,0
24544,24995,0
24545,24995,0
24546,24995,0
24547,24995,0
24548,25017,2359
24549,24995,0
24550,24995,0
24551,24995,0
24552,24995,0
24553,24995,0
24554,24995,0
24555,24995,0
24556,24995,0
24557,24995,0
24558,24995,0
24559,24995,0
24560,24995,0
24561,24995,0
24562,24995,0
24563,25000,559
24564,24995,0
24565,24995,0
24566,24995,0
24567,24995,0
24568,24995,0
24569,24995,0
24570,24995,0
24571,24995,0
24572,25011,1756
24573,24995,0
24574,24995,0
24575,24995,0
24576,24995,0
24577,24995,0
24578,24995,0
24579,24995,0
24580,24995,0
24581,24995,0
24582,24995,0
24583,24995,0
24584,24995,0
24585,24995,0
24586,24995,0
24587,24995,0
24588,24995,0
24589,24995,0
24590,24995,0
24591,24995,0
24592,24995,0
24593,24995,0
24594,24995,0
24595,24995,0
24596,24995,0
24597,24995,0
24598,24995,0
24599,25042,5018
24600,24999,459
24601,25052,6029
24602,24995,0
24603,24995,0
24604,25009,1518
24605,24995,0
24606,24995,0
24607,24995,0
24608,24997,249
24609,24995,0
24610,24995,0
24611,24995,0
24612,24995,0
24613,24995,0
24614,24997,229
24615,24998,309
24616,24995,0
24617,25001,622
24618,24995,0
24619,24995,0
24620,24996,165
24621,25009,1509
24622,24995,0
24623,24995,0
24624,24995,0
24625,24995,0
24626,24995,0
24627,24995,0
24628,24995,0
24629,24995,0
24630,25063,7209
24631,24995,0
24632,24995,0
24633,24995,0
24634,24995,0
24635,24995,0
24636,24995,0
24637,24995,0
24638,24995,0
24639,24995,0
24640,24995,0
24641,25000,609
24642,25002,759
24643,24995,0
24644,24999,459
24645,24995,0
24646,25003,879
24647,24995,0
24648,24995,0
24649,24995,0
24650,24995,0
24651,25003,856
24652,25038,4568
24653,24998,338
24654,24995,0
24655,24995,0
24656,24995,0
24657,24995,0
24658,25014,2029
24659,24995,0
24660,24995,0
24661,24995,0
24662,25009,1472
24663,24995,0
24664,24995,0
24665,24995,0
24666,24995,0
24667,24995,0
24668,24995,0
24669,24995,0
24670,24995,0
24671,24995,0
24672,24995,0
24673,24995,0
24674,25107,11742
24675,24995,0
24676,24995,0
24677,24995,0
24678,24995,0
24679,24995,0
24680,24999,429
24681,24995,0
24682,24995,0
24683,24995,0
24684,24995,0
24685,24995,0
24686,24995,0
24687,24995,0
24688,24995,0
24689,24995,0
24690,25000,599
24691,24995,0
24692,25000,594
24693,24995,0
24694,24995,0
24695,25000,618
24696,24995,0
24697,25019,2588
24698,24995,0
24699,24999,488
24700,24995,0
24701,24995,0
24702,24995,0
24703,24995,0
24704,24995,0
24705,24995,0
24706,25007,1344
24707,24995,0
24708,24995,0
24709,24995,0
24710,24995,0
24711,24995,0
24712,24995,9
24713,25118,12970
24714,24995,0
24715,24995,0
24716,24995,0
24717,24995,0
24718,24995,0
24719,24995,0
24720,24995,0
24721,24997,209
24722,24995,0
24723,24995,0
24724,25023,3018
24725,24995,0
24726,24995,0
24727,24995,0
24728,24995,0
24729,24995,0
24730,24995,0
24731,24995,0
24732,24995,0
24733,24995,0
24734,25000,609
24735,24995,0
24736,24995,0
24737,24995,0
24738,24995,0
24739,24995,0
24740,24995,0
24741,24995,0
24742,24995,0
24743,24995,0
24744,24995,0
24745,24995,0
24746,24995,0
24747,25002,727
24748,24995,0
24749,25239,25546
24750,24995,0
24751,24995,0
24752,25014,2009
24753,24995,0
24754,24995,0
24755,24995,0
24756,24995,0
24757,24995,0
24758,24996,109
24759,25000,609
24760,25000,529
24761,24995,0
24762,24995,0
24763,24995,0
24764,24995,0
24765,24995,0
24766,24995,0
24767,25020,2638
24768,24995,0
24769,24995,0
24770,24995,0
24771,24995,0
24772,24995,0
24773,24995,0
24774,24995,0
24775,24995,0
24776,24995,0
24777,24999,509
24778,24995,0
24779,24995,0
24780,24995,0
24781,24995,0
24782,24995,0
24783,24995,0
24784,24995,0
24785,25011,1688
24786,24995,0
24787,24995,0
24788,24995,0
24789,24995,0
24790,25002,745
24791,25018,2510
24792,24995,0
24793,24995,0
24794,24995,0
24795,24995,0
24796,24995,0
24797,24995,0
24798,24995,0
24799,24995,0
24800,24995,0
24801,24995,0
24802,24995,0
24803,24995,0
24804,25014,2019
24805,24995,0
24806,24995,0
24807,24995,0
24808,24995,0
24809,24995,0
24810,24995,0
24811,24995,0
24812,24995,0
24813,25476,50079
24814,24995,0
24815,24995,0
24816,24995,0
24817,24995,0
24818,24995,0
24819,24995,0
24820,24995,0
24821,25001,649
24822,24995,0
24823,25003,883
24824,24995,0
24825,24995,0
24826,24996,129
24827,24995,0
24828,25012,1859
24829,24995,0
24830,24995,0
24831,24995,0
24832,25104,11518
24833,24995,0
24834,24995,0
24835,24995,0
24836,24995,0
24837,24995,0
24838,24995,0
24839,24995,0
24840,24995,0
24841,25002,809
24842,24995,0
24843,24995,0
24844,24995,0
24845,24995,0
24846,24995,0
24847,24995,0
24848,24995,0
24849,24995,0
24850,24995,0
24851,24995,0
24852,25014,2009
24853,24995,0
24854,24995,0
24855,24995,0
24856,24995,0
24857,24998,359
24858,24995,0
24859,24995,0
24860,24995,0
24861,24995,0
24862,25050,5859
24863,24995,0
24864,24995,0
24865,24995,0
24866,25019,2533
24867,24995,0
24868,24995,0
24869,24995,0
24870,25025,3142
24871,24995,0
24872,24995,0
24873,25178,19222
24874,24995,0
24875,24995,0
24876,24995,0
24877,24995,0
24878,24995,0
24879,24995,0
24880,24995,0
24881,25018,2409
24882,24995,0
24883,25017,2359
24884,24995,0
24885,25000,559
24886,24995,0
24887,24995,0
24888,24995,0
24889,24999,458
24890,24995,0
24891,25035,4218
24892,24995,0
24893,24995,0
24894,24995,0
24895,24995,0
24896,24995,0
24897,24995,0
24898,24995,0
24899,24995,0
24900,24995,0
24901,24995,0
24902,24995,0
24903,24995,0
24904,24995,0
24905,24995,0
24906,24995,0
24907,24995,0
24908,24995,0
24909,24995,0
24910,24995,0
24911,24995,0
24912,24995,0
24913,25010,1609
24914,24995,0
24915,24995,0
24916,24995,0
24917,24995,0
24918,24995,0
24919,24995,0
24920,24995,0
24921,24995,0
24922,24995,0
24923,24995,0
24924,25003,838
24925,25001,713
24926,24995,0
24927,24995,0
24928,24995,0
24929,24995,0
24930,24995,0
24931,24998,336
24932,24995,0
24933,24996,118
24934,25002,759
24935,24995,0
24936,24995,0
24937,24995,0
24938,24995,0
24939,24995,0
24940,24995,0
24941,24995,0
24942,24995,0
24943,24995,0
24944,24995,0
24945,24995,0
24946,24995,0
24947,24995,0
24948,24995,0
24949,24995,0
24950,24995,0
24951,24995,0
24952,24995,0
24953,24995,0
24954,25000,579
24955,25040,4726
24956,24995,54
24957,24995,0
24958,24995,0
24959,24995,0
24960,24995,0
24961,24995,0
24962,24995,0
24963,25001,718
24964,24995,0
24965,24995,0
24966,24995,0
24967,24995,0
24968,24995,0
24969,24995,0
24970,25003,909
24971,24995,0
24972,24995,0
24973,24996,118
24974,24995,0
24975,24995,0
24976,24995,0
24977,24995,63
24978,24995,0
24979,24995,0
24980,24995,0
24981,24995,0
24982,24995,0
24983,25031,3868
24984,24995,0
24985,24995,0
24986,24995,0
24987,24995,0
24988,24995,0
24989,25002,738
24990,24995,0
24991,24995,0
24992,24995,0
24993,24995,0
24994,24995,0
24995,24995,0
24996,24995,0
24997,24995,0
24998,24995,0
24999,24995,0
25000,24995,0
25001,24995,0
25002,24995,0
25003,24995,0
25004,24995,0
25005,24995,0
25006,24995,0
25007,24995,0
25008,24995,0
25009,24995,0
25010,24995,0
25011,24995,0
25012,24995,0
25013,24995,0
25014,24995,0
25015,24995,0
25016,24995,0
25017,25002,809
25018,25003,935
25019,24996,114
25020,24995,0
25021,24995,0
25022,24995,0
25023,24995,0
25024,24995,0
25025,25005,1044
25026,24995,0
25027,24995,0
25028,24995,0
25029,24995,0
25030,24995,0
25031,24995,0
25032,24995,0
25033,24995,0
25034,24995,0
25035,24995,0
25036,24995,0
25037,25096,10618
25038,24995,0
25039,24995,0
25040,24995,38
25041,24995,0
25042,24995,0
25043,25009,1488
25044,24995,0
25045,24995,0
25046,24995,0
25047,24995,0
25048,24995,0
25049,24995,0
25050,24995,0
25051,24998,318
25052,24995,22
25053,24995,0
25054,24995,0
25055,24995,0
25056,24995,0
25057,25013,1969
25058,24995,0
25059,24995,0
25060,24995,0
25061,25007,1349
25062,24995,0
25063,24995,0
25064,24995,0
25065,24995,0
25066,24995,0
25067,24995,0
25068,24995,0
25069,25001,629
25070,24995,0
25071,24995,0
25072,24995,0
25073,24995,0
25074,24995,0
25075,24995,0
25076,24995,0
25077,25023,2989
25078,24995,0
25079,25000,529
25080,25005,1059
25081,24995,0
25082,24995,0
25083,24997,258
25084,24995,0
25085,24995,0
25086,25007,1338
25087,24995,0
25088,24995,0
25089,24995,0
25090,24995,0
25091,24995,0
25092,24995,0
25093,24995,0
25094,24995,0
25095,25013,1906
25096,24995,0
25097,24995,0
25098,25005,1129
25099,24995,0
25100,24995,0
25101,24995,0
25102,24995,0
25103,24995,0
25104,24995,0
25105,24995,0
25106,24995,0
25107,24995,0
25108,24995,0
25109,24995,0
25110,24995,0
25111,24995,0
25112,24995,0
25113,24995,0
25114,25015,2126
25115,24999,413
25116,24995,0
25117,24995,0
25118,24995,0
25119,24998,372
25120,24995,0
25121,24995,0
25122,26236,127222
25123,24995,0
25124,24995,0
25125,24995,0
25126,24995,0
25127,24995,0
25128,25015,2172
25129,24995,0
25130,24995,0
25131,24995,0
25132,24995,0
25133,24995,0
25134,24995,0
25135,24995,0
25136,24995,0
25137,24995,0
25138,24995,0
25139,24995,0
25140,25003,868
25141,24995,0
25142,24995,0
25143,24995,0
25144,25010,1609
25145,24998,395
25146,24995,0
25147,24995,0
25148,24995,0
25149,24995,0
25150,24995,0
25151,24995,0
25152,24995,0
25153,24995,0
25154,24995,0
25155,24995,0
25156,24995,0
25157,24995,0
25158,24995,0
25159,24995,0
25160,24995,0
25161,24995,0
25162,24995,0
25163,25001,622
25164,24995,0
25165,25028,3518
25166,24995,0
25167,24995,0
25168,25016,2218
25169,24995,0
25170,24995,0
25171,24995,0
25172,24995,0
25173,25026,3263
25174,24995,0
25175,24995,0
25176,24995,0
25177,25047,5536
25178,25001,668
25179,24995,0
25180,24995,0
25181,24995,0
25182,24998,309
25183,24995,0
25184,25014,2059
25185,24995,0
25186,24995,0
25187,24995,0
25188,24995,0
25189,24995,0
25190,24995,0
25191,24995,0
25192,24995,0
25193,24995,0
25194,24995,0
25195,24995,0
25196,24995,0
25197,24995,0
25198,24995,0
25199,24995,0
25200,24995,0
25201,24995,29
25202,24995,0
25203,25499,52418
25204,25244,26018
25205,24997,268
25206,24995,0
25207,25013,1898
25208,24995,0
25209,24995,0
25210,24995,0
25211,24995,0
25212,24995,0
25213,24995,0
25214,24995,0
25215,24995,0
25216,24995,0
25217,24995,0
25218,24995,0
25219,24995,0
25220,24995,0
25221,24995,0
25222,24995,0
25223,24997,263
25224,24995,0
25225,24995,0
25226,24995,0
25227,24995,0
25228,24995,0
25229,25027,3390
25230,25010,1629
25231,24995,0
25232,25019,2568
25233,25975,101009
25234,24995,0
25235,24995,0
25236,24995,0
25237,24995,0
25238,24995,0
25239,24995,0
25240,24995,0
25241,24995,0
25242,24995,0
25243,24999,483
25244,24995,0
25245,24995,0
25246,24995,0
25247,24995,0
25248,24995,0
25249,24995,0
25250,24995,0
25251,24995,0
25252,24995,0
25253,24998,309
25254,25007,1313
25255,25008,1409
25256,24995,0
25257,24995,0
25258,24995,0
25259,24995,29
25260,24995,0
25261,24995,0
25262,24995,0
25263,24995,0
25264,24995,0
25265,24995,0
25266,24995,0
25267,24995,0
25268,25008,1359
25269,24998,329
25270,24995,0
25271,24995,0
25272,24995,0
25273,24995,0
25274,24995,0
25275,24995,0
25276,24995,0
25277,24995,0
25278,24995,0
25279,24995,0
25280,24995,0
25281,25002,829
25282,24995,0
25283,24995,0
25284,24995,0
25285,24995,0
25286,24995,0
25287,24995,0
25288,25018,2495
25289,24995,0
25290,24995,0
25291,24995,0
25292,24998,313
25293,24995,0
25294,24995,0
25295,24995,0
25296,24995,0
25297,24995,0
25298,24995,0
25299,25000,529
25300,24995,0
25301,24995,0
25302,24995,0
25303,24995,0
25304,24995,0
25305,24995,0
25306,24995,0
25307,24995,0
25308,25016,2209
25309,24995,0
25310,24995,0
25311,24995,0
25312,24995,0
25313,24995,0
25314,24995,0
25315,24996,149
25316,25010,1659
25317,24995,0
25318,24995,0
25319,24995,0
25320,24995,0
25321,24995,0
25322,24995,0
25323,24995,0
25324,25042,4936
25325,24995,0
25326,24995,0
25327,24995,0
25328,24995,0
25329,24995,0
25330,24995,0
25331,24995,0
25332,24995,0
25333,24995,0
25334,24995,0
25335,25004,1018
25336,24995,0
25337,24995,0
25338,24995,0
25339,25002,749
25340,24995,0
25341,25001,659
25342,24995,0
25343,24995,0
25344,24995,0
25345,24995,0
25346,24995,0
25347,24995,0
25348,24995,0
25349,24995,0
25350,24995,0
25351,24995,0
25352,24995,0
25353,24995,0
25354,24995,0
25355,24995,0
25356,24995,0
25357,24995,0
25358,24995,0
25359,24995,0
25360,24995,0
25361,24995,0
25362,24995,0
25363,24995,0
25364,24995,0
25365,24995,73
25366,24995,0
25367,24995,0
25368,24995,0
25369,24995,0
25370,24995,0
25371,24995,0
25372,24995,0
25373,24995,0
25374,24995,0
25375,24995,0
25376,24995,0
25377,24995,0
25378,24995,0
25379,24995,44
25380,25476,50063
25381,24995,0
25382,24995,0
25383,24995,0
25384,24995,0
25385,25079,8809
25386,24995,0
25387,24995,0
25388,24995,0
25389,24995,0
25390,24995,0
25391,24995,0
25392,24995,0
25393,24995,0
25394,24995,0
25395,24995,0
25396,24995,0
25397,24995,0
25398,24995,0
25399,24995,27
25400,24995,0
25401,24995,0
25402,24995,0
25403,24995,0
25404,24995,0
25405,24995,0
25406,24995,0
25407,24995,0
25408,24995,0
25409,24995,0
25410,25003,872
25411,24995,0
25412,24995,0
25413,24995,0
25414,24995,0
25415,24995,0
25416,24995,36
25417,24995,0
25418,24995,0
25419,24995,0
25420,24995,0
25421,25000,586
25422,24995,0
25423,24995,0
25424,24995,0
25425,24995,0
25426,24995,0
25427,24995,0
25428,24995,0
25429,24995,0
25430,25000,518
25431,24995,0
25432,24995,0
25433,24995,0
25434,24995,0
25435,25340,36009
25436,24995,0
25437,24995,0
25438,24995,0
25439,24995,0
25440,24995,9
25441,24995,0
25442,24995,0
25443,25000,549
25444,24995,0
25445,24995,0
25446,24995,0
25447,24995,0
25448,24995,0
25449,24995,0
25450,24997,229
25451,25032,3913
25452,24995,0
25453,24995,0
25454,24995,0
25455,24995,0
25456,24995,0
25457,24998,322
25458,24995,0
25459,25003,909
25460,24995,0
25461,24995,0
25462,24995,0
25463,24995,0
25464,24995,0
25465,24995,0
25466,24995,0
25467,24995,0
25468,24995,0
25469,24995,0
25470,24995,0
25471,24995,0
25472,25010,1609
25473,25003,879
25474,24995,0
25475,24995,0
25476,25027,3409
25477,24995,0
25478,24995,0
25479,24999,429
25480,24995,0
25481,24995,0
25482,24995,0
25483,24995,0
25484,24995,0
25485,24995,0
25486,24995,0
25487,24995,0
25488,25014,2013
25489,25002,829
25490,25044,5209
25491,24995,0
25492,24995,0
25493,24995,0
25494,24995,0
25495,24995,0
25496,24995,0
25497,24995,0
25498,24995,0
25499,24995,0
25500,24995,0
25501,25066,7486
25502,24995,0
25503,24995,0
25504,24995,0
25505,24995,0
25506,24995,0
25507,24995,0
25508,25091,10068
25509,24995,0
25510,24995,0
25511,24995,0
25512,24995,0
25513,24995,0
25514,24995,0
25515,24995,0
25516,24995,0
25517,24995,0
25518,24995,0
25519,24997,259
25520,24995,0
25521,24995,0
25522,24999,418
25523,24995,0
25524,24995,0
25525,24995,0
25526,24995,0
25527,24995,0
25528,24995,0
25529,24995,0
25530,24995,0
25531,24995,0
25532,24995,0
25533,24995,0
25534,24995,0
25535,24995,0
25536,25007,1336
25537,25009,1509
25538,24995,0
25539,24999,459
25540,24995,0
25541,24995,0
25542,24995,0
25543,24995,0
25544,24995,0
25545,25011,1759
25546,24995,0
25547,24995,0
25548,24995,0
25549,24996,127
25550,24995,0
25551,24998,409
25552,24995,0
25553,24995,0
25554,24995,0
25555,24995,0
25556,24995,0
25557,24995,0
25558,24995,0
25559,24995,0
25560,24995,0
25561,24995,0
25562,24995,0
25563,24995,0
25564,24995,0
25565,25014,2049
25566,24995,0
25567,24995,0
25568,24999,453
25569,24995,0
25570,24995,0
25571,24995,0
25572,24995,0
25573,24995,0
25574,25018,2409
25575,24995,0
25576,24995,0
25577,24995,0
25578,24995,0
25579,24995,0
25580,24995,0
25581,24995,0
25582,24995,0
25583,24998,318
25584,24995,0
25585,24995,0
25586,24995,0
25587,24995,0
25588,24995,0
25589,25023,3009
25590,24995,0
25591,24995,0
25592,24995,0
25593,24995,0
25594,24995,22
25595,24995,0
25596,24995,0
25597,24995,0
25598,25008,1409
25599,24995,0
25600,24995,0
25601,24995,0
25602,24995,0
25603,24995,0
25604,24995,0
25605,25006,1218
25606,25033,4072
25607,24995,0
25608,25012,1818
25609,25022,2879
25610,24995,0
25611,24995,0
25612,24995,0
25613,24995,0
25614,24998,329
25615,24995,0
25616,24995,0
25617,24995,0
25618,24995,0
25619,24995,0
25620,24995,0
25621,24995,0
25622,24995,33
25623,24995,0
25624,24995,0
25625,24995,0
25626,24995,0
25627,25001,709
25628,24995,0
25629,24995,0
25630,24995,0
25631,25023,3009
25632,24995,0
25633,24995,0
25634,24995,0
25635,24995,0
25636,24995,0
25637,24995,0
25638,24995,0
25639,24995,0
25640,24995,0
25641,24995,0
25642,24995,0
25643,25014,2009
25644,24995,0
25645,24995,18
25646,24995,0
25647,24995,0
25648,24995,0
25649,24995,0
25650,24995,0
25651,24995,0
25652,24995,0
25653,24995,0
25654,24995,0
25655,24995,0
25656,24995,0
25657,24995,29
25658,24995,0
25659,24995,0
25660,24995,0
25661,25015,2109
25662,24995,0
25663,24995,0
25664,24995,0
25665,24995,0
25666,24995,0
25667,24995,0
25668,24995,0
25669,24995,0
25670,24995,0
25671,24995,0
25672,24995,0
25673,24995,0
25674,24995,0
25675,25046,5409
25676,25015,2118
25677,24995,0
25678,24995,0
25679,24995,0
25680,24995,0
25681,24995,0
25682,24995,0
25683,24995,0
25684,24995,0
25685,24995,0
25686,24995,0
25687,25032,3909
25688,24995,0
25689,24995,0
25690,25014,2018
25691,24995,0
25692,24995,0
25693,24995,0
25694,24995,0
25695,24995,0
25696,24995,0
25697,24995,0
25698,24995,0
25699,24995,0
25700,24995,0
25701,24995,0
25702,24995,0
25703,24995,0
25704,24995,0
25705,24995,0
25706,24995,0
25707,24995,0
25708,24995,0
25709,24995,0
25710,24995,0
25711,24995,0
25712,24995,0
25713,24995,0
25714,25034,4109
25715,24997,213
25716,24995,0
25717,24995,0
25718,24995,0
25719,24998,329
25720,24995,0
25721,24995,0
25722,24995,0
25723,25004,1009
25724,24995,0
25725,24995,0
25726,25015,2156
25727,24995,0
25728,24995,0
25729,24995,0
25730,24995,0
25731,24995,0
25732,24995,0
25733,24995,0
25734,24995,0
25735,24995,0
25736,24995,0
25737,25004,1009
25738,24995,0
25739,24995,0
25740,24995,0
25741,24995,0
25742,24995,0
25743,24995,0
25744,24995,0
25745,24995,0
25746,24995,0
25747,24999,438
25748,24995,0
25749,24995,0
25750,24995,0
25751,24995,0
25752,24995,0
25753,24995,0
25754,25000,559
25755,24995,0
25756,24995,0
25757,24995,0
25758,24995,0
25759,24995,0
25760,24995,0
25761,24995,0
25762,24995,0
25763,25017,2345
25764,24995,0
25765,24995,0
25766,24995,0
25767,24995,0
25768,24995,0
25769,24995,0
25770,24995,0
25771,24995,0
25772,24995,0
25773,24995,0
25774,25023,3009
25775,25007,1287
25776,24995,0
25777,24995,0
25778,24995,0
25779,24995,0
25780,24995,0
25781,24999,463
25782,24995,0
25783,24995,0
25784,24995,0
25785,24995,0
25786,24998,379
25787,24995,0
25788,24995,0
25789,24995,0
25790,24995,0
25791,24995,0
25792,24995,0
25793,24995,0
25794,24995,0
25795,25009,1558
25796,24995,0
25797,24995,0
25798,24995,0
25799,24995,0
25800,24995,0
25801,24995,0
25802,24995,0
25803,24995,0
25804,24995,0
25805,24995,0
25806,24995,0
25807,24995,0
25808,24995,0
25809,24995,0
25810,25000,609
25811,24995,0
25812,24995,0
25813,24995,0
25814,24995,0
25815,24997,229
25816,24995,0
25817,24995,0
25818,24995,0
25819,24995,0
25820,25011,1709
25821,24995,0
25822,24995,0
25823,24995,0
25824,25009,1463
25825,24995,0
25826,24995,0
25827,24995,0
25828,24995,0
25829,24995,0
25830,24995,0
25831,24995,0
25832,24995,0
25833,24995,0
25834,24995,0
25835,24995,0
25836,24995,0
25837,24999,413
25838,24995,0
25839,24995,0
25840,25081,9068
25841,24995,0
25842,24995,0
25843,25009,1544
25844,24995,0
25845,24995,0
25846,25009,1509
25847,24995,0
25848,24995,0
25849,25034,4098
25850,25005,1108
25851,24995,0
25852,24995,0
25853,24999,438
25854,24995,0
25855,24995,0
25856,24995,0
25857,24995,0
25858,24995,59
25859,24995,0
25860,25072,8089
25861,24995,0
25862,24995,0
25863,24995,0
25864,24995,0
25865,24995,0
25866,24995,0
25867,25023,2984
25868,24995,0
25869,25020,2618
25870,24995,0
25871,24995,0
25872,24995,0
25873,25010,1579
25874,24995,0
25875,24995,0
25876,24995,0
25877,24995,0
25878,24995,0
25879,24995,0
25880,24995,0
25881,24995,0
25882,24995,0
25883,24995,0
25884,24995,0
25885,24995,0
25886,24995,0
25887,24995,0
25888,24995,0
25889,25022,2897
25890,24995,0
25891,24995,0
25892,25029,3589
25893,24997,218
25894,25009,1513
25895,24995,0
25896,24995,0
25897,24998,309
25898,24995,0
25899,24995,0
25900,24995,0
25901,24997,209
25902,24995,0
25903,24995,0
25904,24995,0
25905,24995,0
25906,24995,0
25907,24999,435
25908,25000,613
25909,25005,1118
25910,24995,0
25911,24995,0
25912,24995,0
25913,24995,0
25914,24995,0
25915,24996,109
25916,24995,0
25917,24995,0
25918,24995,0
25919,24995,0
25920,24995,0
25921,25009,1529
25922,24995,0
25923,24995,0
25924,25100,11058
25925,24995,0
25926,24995,0
25927,24995,0
25928,24995,0
25929,24995,0
25930,24995,0
25931,24995,0
25932,24995,0
25933,24995,0
25934,24995,0
25935,24995,0
25936,25020,2686
25937,24995,0
25938,24995,0
25939,24995,0
25940,24995,0
25941,25002,809
25942,24995,0
25943,24995,0
25944,24995,0
25945,24995,0
25946,24995,0
25947,24995,0
25948,24995,0
25949,24995,0
25950,24995,0
25951,24995,0
25952,24995,0
25953,24995,0
25954,24995,0
25955,24995,0
25956,24995,0
25957,25000,609
25958,24995,0
25959,24995,0
25960,24995,0
25961,24995,0
25962,24995,0
25963,24995,0
25964,24995,0
25965,24995,0
25966,24995,0
25967,24995,0
25968,24995,0
25969,24995,9
25970,24995,0
25971,24995,0
25972,24995,0
25973,24995,0
25974,24995,0
25975,24995,0
25976,24995,0
25977,24995,0
25978,24995,0
25979,24995,0
25980,24995,0
25981,25002,829
25982,24995,0
25983,24995,0
25984,24995,0
25985,24995,0
25986,24995,0
25987,24995,0
25988,24995,0
25989,24995,0
25990,24995,0
25991,25007,1269
25992,24995,0
25993,24995,0
25994,24995,0
25995,24995,0
25996,24995,0
25997,25000,518
25998,24995,0
25999,24995,0
26000,24995,0
26001,24995,0
26002,24995,0
26003,24995,0
26004,24995,0
26005,24998,409
26006,24995,0
26007,24995,0
26008,24995,0
26009,24995,0
26010,24995,0
26011,24995,0
26012,24995,0
26013,24995,0
26014,24995,0
26015,24995,0
26016,24995,0
26017,24995,0
26018,24995,0
26019,24995,0
26020,24995,0
26021,24995,0
26022,24995,0
26023,24995,0
26024,24995,0
26025,24995,0
26026,24995,62
26027,24995,0
26028,24999,429
26029,24996,199
26030,24995,0
26031,24995,0
26032,25018,2418
26033,24995,0
26034,24995,0
26035,25010,1585
26036,24995,0
26037,24995,0
26038,25003,868
26039,24995,0
26040,25005,1063
26041,24995,0
26042,24995,0
26043,25000,609
26044,24995,0
26045,24995,0
26046,24995,0
26047,24995,0
26048,24995,0
26049,24995,0
26050,24995,0
26051,25010,1615
26052,24995,0
26053,24995,0
26054,24995,0
26055,24995,0
26056,24995,0
26057,24995,0
26058,24995,0
26059,24995,0
26060,24995,0
26061,24995,0
26062,24995,0
26063,24995,0
26064,24995,0
26065,24995,0
26066,24995,0
26067,24995,0
26068,24995,0
26069,24995,0
26070,24995,0
26071,24995,0
26072,24995,0
26073,25004,1036
26074,24995,0
26075,24995,0
26076,24995,0
26077,24995,0
26078,24995,0
26079,24995,0
26080,24995,0
26081,24995,0
26082,24995,0
26083,24995,0
26084,24995,0
26085,24998,409
26086,24995,0
26087,24995,0
26088,24995,0
26089,24995,0
26090,24995,0
26091,24995,0
26092,24995,0
26093,24995,0
26094,24995,0
26095,24995,0
26096,24995,0
26097,24996,165
26098,25074,8286
26099,25081,9109
26100,24995,0
26101,24995,0
26102,24995,0
26103,25010,1568
26104,25033,4013
26105,25036,4309
26106,25010,1622
26107,24995,0
26108,24995,0
26109,24995,0
26110,25005,1138
26111,24995,0
26112,24999,429
26113,24995,0
26114,24995,0
26115,24995,0
26116,24995,0
26117,24995,0
26118,24995,0
26119,24995,0
26120,24995,0
26121,24995,0
26122,24995,0
26123,24995,0
26124,24995,0
26125,24995,0
26126,24995,0
26127,24995,0
26128,24995,0
26129,24995,0
26130,24995,0
26131,24995,0
26132,24995,0
26133,24995,0
26134,24995,0
26135,24995,0
26136,24995,0
26137,24995,0
26138,24995,0
26139,25000,609
26140,25239,25509
26141,24995,0
26142,24995,0
26143,24999,485
26144,24995,0
26145,24995,0
26146,24995,0
26147,24995,0
26148,24995,0
26149,24995,0
26150,24995,0
26151,25026,3258
26152,24995,0
26153,24995,0
26154,24995,0
26155,24995,0
26156,24995,0
26157,25138,15013
26158,24995,59
26159,24995,0
26160,24995,0
26161,25000,598
26162,24995,0
26163,24996,168
26164,24995,0
26165,24995,0
26166,24995,0
26167,25066,7509
26168,24995,0
26169,24995,0
26170,24995,0
26171,24995,0
26172,24995,0
26173,24995,0
26174,24995,0
26175,24995,0
26176,24995,0
26177,24995,0
26178,24995,0
26179,24995,0
26180,24995,0
26181,24995,0
26182,24995,0
26183,24995,0
26184,24995,0
26185,24995,0
26186,24995,0
26187,24995,0
26188,24995,0
26189,24995,0
26190,25001,663
26191,24995,0
26192,25055,6309
26193,24995,0
26194,24995,0
26195,24995,0
26196,24995,0
26197,24995,0
26198,24995,0
26199,24995,0
26200,24995,79
26201,24995,0
26202,24995,0
26203,24995,0
26204,24995,0
26205,24995,0
26206,24995,0
26207,24995,0
26208,24995,0
26209,24995,0
26210,24995,0
26211,24995,0
26212,24998,349
26213,25003,918
26214,24995,0
26215,24995,0
26216,24995,0
26217,24995,0
26218,24995,0
26219,25043,5109
26220,25003,868
26221,24995,0
26222,24995,0
26223,24995,0
26224,25000,618
26225,24995,0
26226,24995,0
26227,24995,0
26228,24995,0
26229,24995,0
26230,25027,3438
26231,24995,0
26232,24995,0
26233,24995,0
26234,24995,0
26235,24995,0
26236,24995,0
26237,25022,2904
26238,24995,0
26239,24995,0
26240,24995,0
26241,25009,1559
26242,24995,0
26243,24995,0
26244,24995,0
26245,24995,0
26246,24995,0
26247,24995,0
26248,24995,0
26249,24995,0
26250,24995,0
26251,24995,0
26252,24995,0
26253,24995,0
26254,24995,0
26255,24995,0
26256,24995,0
26257,24995,0
26258,24995,0
26259,24995,0
26260,24995,0
26261,24995,0
26262,24995,0
26263,25002,749
26264,24995,0
26265,24995,0
26266,24995,0
26267,24995,0
26268,25011,1759
26269,24995,0
26270,24995,0
26271,24995,0
26272,24995,0
26273,25241,25765
26274,24995,0
26275,24995,0
26276,25002,829
26277,24997,218
26278,24995,0
26279,24995,0
26280,24995,0
26281,24995,0
26282,24995,0
26283,24995,0
26284,24995,0
26285,24995,0
26286,25007,1277
26287,24995,0
26288,24995,0
26289,24995,0
26290,24995,0
26291,24995,0
26292,25004,1033
26293,24995,0
26294,24995,0
26295,24995,0
26296,24995,0
26297,24995,0
26298,24995,0
26299,24995,0
26300,24995,0
26301,24995,0
26302,25007,1283
26303,24995,0
26304,24995,0
26305,24995,0
26306,24995,0
26307,24995,0
26308,24995,0
26309,24995,0
26310,24998,409
26311,24995,0
26312,24995,0
26313,24995,0
26314,25047,5549
26315,24995,0
26316,24995,0
26317,24995,0
26318,24995,0
26319,24995,0
26320,24995,0
26321,24995,0
26322,24995,0
26323,24995,0
26324,24995,0
26325,24995,0
26326,24995,0
26327,24998,359
26328,24995,0
26329,24995,0
26330,24995,0
26331,24995,0
26332,24995,0
26333,24995,0
26334,24995,0
26335,24995,0
26336,24995,9
26337,24995,0
26338,24995,0
26339,24995,0
26340,24995,0
26341,24995,0
26342,24995,0
26343,25134,14554
26344,24995,0
26345,25000,529
26346,24995,0
26347,24995,0
26348,24995,0
26349,24995,0
26350,25034,4089
26351,24995,0
26352,24995,0
26353,24995,0
26354,24995,0
26355,24995,0
26356,24995,0
26357,25002,809
26358,24995,0
26359,24995,0
26360,24995,0
26361,24995,0
26362,24995,0
26363,24995,0
26364,24995,0
26365,24995,0
26366,24995,0
26367,24995,0
26368,24995,0
26369,24995,0
26370,24995,0
26371,24995,0
26372,24995,0
26373,24998,309
26374,25009,1506
26375,24995,0
26376,24995,0
26377,24995,0
26378,24995,0
26379,24995,0
26380,24995,0
26381,24995,0
26382,25017,2358
26383,24995,0
26384,24995,0
26385,24995,0
26386,24995,0
26387,24995,9
26388,24995,0
26389,24995,0
26390,24995,0
26391,24995,0
26392,24995,0
26393,24995,0
26394,24995,0
26395,24995,0
26396,24995,0
26397,24995,0
26398,24995,0
26399,24995,0
26400,25233,24914
26401,24995,0
26402,24995,0
26403,24995,0
26404,24995,0
26405,24995,0
26406,24995,0
26407,24995,0
26408,24995,0
26409,24995,0
26410,24995,0
26411,24995,0
26412,24995,0
26413,24995,0
26414,24995,13
26415,24995,0
26416,25003,918
26417,24995,0
26418,24995,0
26419,24995,0
26420,24995,0
26421,24995,0
26422,25548,57536
26423,24995,0
26424,24995,0
26425,24995,0
26426,25015,2101
26427,24995,0
26428,24995,0
26429,24995,0
26430,24995,0
26431,24995,0
26432,24995,0
26433,24998,359
26434,24997,279
26435,24995,0
26436,25239,25509
26437,24995,0
26438,25002,809
26439,24995,0
26440,24995,0
26441,25012,1854
26442,24995,0
26443,24995,0
26444,24995,0
26445,25013,1956
26446,24995,0
26447,24995,0
26448,24995,0
26449,24995,0
26450,24995,0
26451,24995,0
26452,24995,0
26453,24995,0
26454,25002,729
26455,24995,0
26456,24995,0
26457,24995,0
26458,24995,0
26459,24995,0
26460,25035,4272
26461,24995,0
26462,24995,0
26463,24995,0
26464,24995,0
26465,24995,0
26466,24995,0
26467,24995,0
26468,25003,833
26469,24995,0
26470,24995,0
26471,24995,0
26472,24995,0
26473,24995,0
26474,24995,0
26475,25176,18949
26476,24995,0
26477,24995,0
26478,24995,0
26479,24995,0
26480,25016,2209
26481,24995,0
26482,25004,1029
26483,24995,0
26484,25001,622
26485,24995,0
26486,24995,0
26487,24995,0
26488,24995,0
26489,24995,0
26490,24995,0
26491,24995,0
26492,25012,1809
26493,24995,9
26494,24999,472
26495,24995,0
26496,24995,0
26497,24995,0
26498,24995,0
26499,25004,959
26500,24995,0
26501,24999,509
26502,24995,0
26503,24995,0
26504,24995,0
26505,24996,136
26506,24995,0
26507,24995,0
26508,25003,934
26509,24995,0
26510,25007,1349
26511,24995,0
26512,24995,0
26513,24998,388
26514,24995,0
26515,24995,0
26516,24995,0
26517,25003,908
26518,24995,0
26519,24995,0
26520,24995,0
26521,24995,0
26522,24995,0
26523,24995,0
26524,24995,0
26525,24995,0
26526,24995,0
26527,24995,0
26528,24995,0
26529,24995,0
26530,24995,0
26531,25015,2136
26532,24995,0
26533,24995,0
26534,24995,0
26535,24995,0
26536,24995,0
26537,25018,2509
26538,24995,0
26539,24995,0
26540,24995,0
26541,24995,0
26542,24996,115
26543,24995,9
26544,24995,0
26545,24998,309
26546,24995,0
26547,24995,0
26548,24995,0
26549,25094,10459
26550,24995,0
26551,24995,0
26552,24995,0
26553,24995,0
26554,24995,0
26555,24995,0
26556,24995,9
26557,24995,0
26558,24995,0
26559,25028,3463
26560,24995,0
26561,24995,38
26562,24995,0
26563,24995,0
26564,24995,0
26565,24995,0
26566,24995,0
26567,24995,0
26568,24995,0
26569,24995,0
26570,24995,0
26571,24995,0
26572,24995,0
26573,24995,0
26574,24998,378
26575,24995,38
26576,24995,0
26577,24995,0
26578,24995,0
26579,25015,2118
26580,24995,0
26581,24995,0
26582,25021,2729
26583,25056,6485
26584,24995,0
26585,24995,0
26586,24995,0
26587,24995,0
26588,24995,0
26589,24995,0
26590,24998,388
26591,24995,0
26592,24995,0
26593,24995,0
26594,24995,0
26595,24995,0
26596,24995,0
26597,24995,0
26598,24995,0
26599,24995,0
26600,24995,0
26601,24995,0
26602,24995,0
26603,24995,0
26604,24995,0
26605,24995,0
26606,24995,0
26607,24995,0
26608,24995,0
26609,24995,0
26610,24995,0
26611,24995,0
26612,24995,0
26613,24995,0
26614,24995,0
26615,24996,109
26616,24995,49
26617,24995,0
26618,24995,0
26619,24999,429
26620,24995,0
26621,24995,0
26622,24995,33
26623,24997,213
26624,25032,3906
26625,24995,0
26626,25002,829
26627,24995,0
26628,24995,0
26629,24995,0
26630,24995,0
26631,24995,0
26632,24995,0
26633,24995,0
26634,25014,1995
26635,24995,0
26636,24995,0
26637,24995,0
26638,24997,219
26639,24995,0
26640,24995,0
26641,24995,0
26642,24995,0
26643,24995,0
26644,24995,0
26645,24995,0
26646,24995,0
26647,24995,0
26648,24995,0
26649,24995,0
26650,24995,0
26651,24995,0
26652,24995,0
26653,24995,0
26654,24995,0
26655,24997,213
26656,24995,0
26657,24995,0
26658,25051,5948
26659,24995,0
26660,24995,0
26661,24995,0
26662,24995,0
26663,24995,0
26664,24995,0
26665,24995,0
26666,24999,429
26667,24995,0
26668,24995,0
26669,25034,4188
26670,24998,313
26671,24995,0
26672,24995,0
26673,24995,0
26674,24995,0
26675,25012,1818
26676,24995,0
26677,24995,0
26678,24995,0
26679,24995,0
26680,24995,0
26681,24995,0
26682,24995,0
26683,24995,0
26684,24995,0
26685,24995,0
26686,24995,29
26687,24995,0
26688,24995,0
26689,24995,0
26690,24995,0
26691,24995,0
26692,24995,0
26693,24995,0
26694,24995,0
26695,24995,0
26696,24995,0
26697,24995,0
26698,24995,0
26699,24995,0
26700,24995,0
26701,24995,0
26702,24995,0
26703,24995,0
26704,24995,0
26705,24995,0
26706,24995,0
26707,24995,0
26708,24999,459
26709,24995,0
26710,24995,0
26711,24995,0
26712,24995,0
26713,24995,0
26714,24995,0
26715,24995,0
26716,25000,618
26717,24995,0
26718,24995,0
26719,24995,0
26720,24995,0
26721,24995,0
26722,24995,0
26723,24995,0
26724,24995,0
26725,25015,2127
26726,24995,0
26727,24995,0
26728,24995,0
26729,24995,59
26730,24995,0
26731,24995,0
26732,24995,0
26733,24995,0
26734,24996,118
26735,24995,0
26736,24995,0
26737,24995,0
26738,24995,0
26739,24995,0
26740,24995,18
26741,24995,0
26742,25014,2009
26743,24999,429
26744,24995,0
26745,24995,0
26746,24995,0
26747,24995,0
26748,24995,0
26749,25003,909
26750,24995,0
26751,24995,0
26752,24995,0
26753,24995,0
26754,24995,0
26755,24995,0
26756,24995,0
26757,24995,0
26758,24995,0
26759,24995,0
26760,24995,0
26761,24995,0
26762,24995,0
26763,25012,1809
26764,24995,0
26765,24995,0
26766,24995,0
26767,24995,0
26768,24995,0
26769,24995,0
26770,24999,513
26771,24995,0
26772,24995,0
26773,24995,0
26774,24995,0
26775,24995,0
26776,24995,0
26777,24995,0
26778,24995,0
26779,24995,0
26780,24995,0
26781,24995,0
26782,24996,109
26783,24995,0
26784,24995,0
26785,24995,0
26786,24995,0
26787,24995,0
26788,24995,0
26789,24995,0
26790,24995,0
26791,24995,0
26792,24995,0
26793,24995,0
26794,24995,0
26795,24995,0
26796,24995,0
26797,24995,0
26798,24995,0
26799,24995,0
26800,24995,0
26801,24995,0
26802,24995,0
26803,24996,109
26804,25001,709
26805,24995,0
26806,24995,0
26807,24995,0
26808,24995,0
26809,24995,0
26810,24995,0
26811,24995,0
26812,24995,0
26813,24995,0
26814,24995,0
26815,24997,209
26816,24995,0
26817,24995,0
26818,25001,709
26819,24995,0
26820,24995,0
26821,24995,0
26822,24995,0
26823,24995,0
26824,24995,0
26825,24995,0
26826,24995,0
26827,24995,0
26828,24995,0
26829,25001,709
26830,24995,0
26831,24995,0
26832,24995,0
26833,24995,0
26834,24995,18
26835,24995,0
26836,24995,0
26837,24995,0
26838,24995,0
26839,24995,0
26840,25084,9394
26841,24995,0
26842,24995,0
26843,24995,0
26844,24996,159
26845,25035,4259
26846,24995,0
26847,24995,0
26848,25012,1818
26849,25001,709
26850,24995,0
26851,24995,0
26852,24995,0
26853,24995,0
26854,24995,0
26855,24995,0
26856,24995,0
26857,24995,0
26858,24999,508
26859,25005,1059
26860,24995,0
26861,24995,0
26862,24995,0
26863,24995,0
26864,25000,563
26865,24995,0
26866,24995,0
26867,24995,0
26868,24995,0
26869,25000,518
26870,24995,0
26871,24995,0
26872,25014,2009
26873,24995,0
26874,24995,0
26875,24995,0
26876,24995,0
26877,24995,0
26878,24995,0
26879,24995,0
26880,24995,0
26881,24995,0
26882,24995,0
26883,24995,0
26884,24995,0
26885,25015,2159
26886,24995,0
26887,24995,0
26888,24995,0
26889,25002,822
26890,24995,0
26891,24995,0
26892,24995,0
26893,24995,0
26894,24995,0
26895,24995,0
26896,24995,0
26897,24995,0
26898,24995,0
26899,24995,0
26900,24995,0
26901,24995,0
26902,24995,0
26903,25002,829
26904,25010,1626
26905,24995,0
26906,24995,83
26907,24995,0
26908,24995,0
26909,24995,0
26910,24995,0
26911,24995,0
26912,24995,0
26913,24995,0
26914,24995,0
26915,24995,0
26916,24995,0
26917,24995,0
26918,24995,0
26919,24995,0
26920,24995,0
26921,24999,459
26922,25002,829
26923,24995,0
26924,24995,0
26925,24995,0
26926,24995,0
26927,24995,0
26928,24995,0
26929,24995,0
26930,24995,0
26931,24995,0
26932,24995,0
26933,24995,0
26934,24995,0
26935,24995,0
26936,24995,0
26937,24995,0
26938,24995,0
26939,24995,0
26940,24995,0
26941,24995,0
26942,24995,0
26943,24995,0
26944,24996,113
26945,24995,0
26946,24995,0
26947,24995,0
26948,25000,618
26949,24995,0
26950,24995,0
26951,24995,0
26952,24995,0
26953,24995,0
26954,24995,0
26955,25037,4445
26956,24995,0
26957,25014,2049
26958,24995,0
26959,24995,0
26960,24995,0
26961,24995,0
26962,24995,0
26963,24995,0
26964,24995,0
26965,24995,0
26966,24995,0
26967,24995,0
26968,24995,0
26969,24995,0
26970,24995,0
26971,25002,772
26972,24995,0
26973,24995,0
26974,24995,0
26975,24995,0
26976,24995,0
26977,24995,0
26978,24995,0
26979,24995,0
26980,24995,0
26981,24995,0
26982,24995,0
26983,24998,329
26984,24995,0
26985,24995,0
26986,24995,0
26987,24995,0
26988,24995,0
26989,24995,0
26990,25002,756
26991,25007,1329
26992,24995,0
26993,25018,2409
26994,24995,0
26995,24995,0
26996,24995,0
26997,24995,0
26998,24995,0
26999,24995,0
27000,24995,0
27001,24995,27
27002,25000,578
27003,24995,0
27004,24995,0
27005,24995,0
27006,24995,0
27007,24995,0
27008,24995,0
27009,24995,0
27010,24995,0
27011,24995,0
27012,24995,0
27013,24995,0
27014,24995,0
27015,24995,0
27016,24995,0
27017,24995,0
27018,24995,0
27019,24995,0
27020,24995,0
27021,24995,0
27022,24995,0
27023,25144,15609
27024,24995,0
27025,24995,0
27026,24995,0
27027,24995,0
27028,24997,229
27029,24995,0
27030,24995,0
27031,24995,0
27032,24995,0
27033,24995,0
27034,24995,0
27035,24995,0
27036,24995,0
27037,24995,0
27038,24995,0
27039,24995,0
27040,24995,0
27041,24995,0
27042,24995,0
27043,24995,0
27044,24995,0
27045,24995,0
27046,24995,0
27047,24995,0
27048,24995,0
27049,24997,229
27050,24995,0
27051,24995,0
27052,24995,0
27053,24995,0
27054,24995,0
27055,25005,1122
27056,25008,1359
27057,24995,0
27058,24995,0
27059,24995,0
27060,24995,0
27061,25002,759
27062,24995,0
27063,24998,409
27064,24995,0
27065,25014,2009
27066,24995,0
27067,24995,0
27068,24995,0
27069,24995,0
27070,24995,0
27071,24995,0
27072,24995,69
27073,24995,0
27074,24995,0
27075,24995,0
27076,24995,0
27077,24995,0
27078,24995,0
27079,25009,1522
27080,24995,0
27081,24995,0
27082,24995,0
27083,24995,0
27084,24995,0
27085,24995,0
27086,24995,0
27087,24995,0
27088,24995,0
27089,25003,909
27090,24995,0
27091,24995,0
27092,24995,0
27093,24995,0
27094,24995,0
27095,24995,0
27096,24995,0
27097,24995,0
27098,24995,0
27099,25094,10418
27100,24995,0
27101,24995,0
27102,24995,0
27103,24995,0
27104,24995,0
27105,24995,0
27106,24995,0
27107,24995,0
27108,24995,0
27109,24995,0
27110,24995,0
27111,24995,0
27112,24995,0
27113,24995,0
27114,24995,0
27115,24995,0
27116,24995,0
27117,24995,0
27118,24995,0
27119,24995,0
27120,24995,0
27121,24995,0
27122,24995,0
27123,24995,0
27124,24995,0
27125,24995,0
27126,24995,0
27127,24995,0
27128,25042,5010
27129,24995,0
27130,24995,0
27131,24995,0
27132,24995,0
27133,24995,0
27134,24995,0
27135,24995,0
27136,24995,0
27137,24995,0
27138,24995,0
27139,24998,409
27140,24995,0
27141,24995,0
27142,24995,0
27143,24995,0
27144,24995,0
27145,24995,0
27146,24995,0
27147,24995,0
27148,24995,0
27149,24995,0
27150,24995,0
27151,24995,0
27152,24995,0
27153,24995,0
27154,24995,0
27155,25044,5227
27156,24995,0
27157,24995,0
27158,24995,0
27159,24995,0
27160,24995,0
27161,24995,0
27162,24995,0
27163,24995,0
27164,24995,0
27165,24995,0
27166,24995,0
27167,24997,268
27168,24995,0
27169,24995,0
27170,24995,0
27171,25015,2118
27172,24995,0
27173,24995,0
27174,25000,559
27175,24995,0
27176,24995,0
27177,24997,259
27178,24998,329
27179,25000,518
27180,24995,0
27181,24995,0
27182,24995,0
27183,24995,0
27184,24995,0
27185,24995,0
27186,24995,0
27187,25044,5213
27188,24995,0
27189,24995,0
27190,25017,2318
27191,24995,0
27192,24995,0
27193,24995,0
27194,24997,259
27195,24995,0
27196,24995,0
27197,24995,0
27198,24995,0
27199,24995,0
27200,24995,0
27201,24998,313
27202,24995,0
27203,24995,0
27204,24995,0
27205,24995,0
27206,24995,0
27207,24995,0
27208,24995,0
27209,24995,0
27210,24995,0
27211,24995,0
27212,25009,1538
27213,24995,0
27214,24995,0
27215,24995,0
27216,24995,53
27217,24995,0
27218,24995,13
27219,25000,549
27220,24995,0
27221,24995,0
27222,24995,0
27223,24995,0
27224,24995,0
27225,24995,0
27226,24995,0
27227,25000,609
27228,24995,0
27229,25039,4622
27230,24995,0
27231,24995,0
27232,24995,0
27233,24995,0
27234,25001,638
27235,24995,0
27236,24995,0
27237,24995,0
27238,24995,0
27239,24995,0
27240,24995,0
27241,24995,0
27242,24995,0
27243,24995,0
27244,24995,0
27245,24995,0
27246,24995,0
27247,24995,0
27248,24995,0
27249,24995,0
27250,24995,0
27251,24998,409
27252,24995,0
27253,25018,2409
27254,24995,0
27255,24995,0
27256,24995,0
27257,24995,0
27258,24995,0
27259,24995,0
27260,24995,0
27261,24995,0
27262,24995,0
27263,24995,0
27264,24995,0
27265,24995,0
27266,24995,0
27267,24995,0
27268,24995,0
27269,24995,0
27270,24995,0
27271,24995,0
27272,24995,0
27273,24995,0
27274,24995,0
27275,25004,1018
27276,24996,188
27277,24995,0
27278,24995,0
27279,24995,0
27280,24995,0
27281,24995,0
27282,24995,0
27283,24995,0
27284,24995,0
27285,24995,0
27286,24995,0
27287,24995,0
27288,24995,0
27289,25095,10518
27290,24995,0
27291,24995,0
27292,24995,0
27293,24995,0
27294,24995,0
27295,24995,0
27296,24995,0
27297,24995,0
27298,24995,0
27299,24995,0
27300,24995,0
27301,24995,0
27302,24995,0
27303,24995,0
27304,24995,0
27305,24995,0
27306,24995,49
27307,24995,0
27308,24995,0
27309,24995,0
27310,24995,0
27311,24995,0
27312,25012,1809
27313,24995,0
27314,24995,0
27315,25033,4029
27316,24995,0
27317,24995,0
27318,24995,0
27319,24995,0
27320,25017,2309
27321,25020,2674
27322,24995,0
27323,24995,0
27324,24995,0
27325,24995,0
27326,24995,0
27327,24995,0
27328,24995,0
27329,24995,0
27330,24995,0
27331,24995,0
27332,24995,0
27333,24995,0
27334,24995,0
27335,24995,0
27336,24995,0
27337,24995,0
27338,24995,0
27339,24995,0
27340,24995,0
27341,24995,0
27342,24995,0
27343,24995,0
27344,24995,0
27345,24995,0
27346,25110,12054
27347,24995,0
27348,24995,0
27349,24995,0
27350,24995,0
27351,24995,0
27352,24995,0
27353,24995,0
27354,24995,0
27355,24995,0
27356,24995,0
27357,24995,0
27358,24995,0
27359,24995,0
27360,24995,0
27361,24995,0
27362,24995,0
27363,24995,0
27364,24995,0
27365,24995,0
27366,24995,0
27367,24995,0
27368,24995,0
27369,24995,0
27370,24995,0
27371,25014,2009
27372,24995,0
27373,24995,0
27374,24995,0
27375,24995,0
27376,24995,0
27377,24995,0
27378,24995,0
27379,24995,0
27380,24995,0
27381,24996,109
27382,24995,0
27383,24995,0
27384,24995,0
27385,24995,0
27386,24995,0
27387,25004,1013
27388,24995,0
27389,25014,2059
27390,25009,1463
27391,24995,0
27392,24995,0
27393,24995,0
27394,24995,0
27395,24995,0
27396,24995,0
27397,24995,0
27398,24995,0
27399,24995,0
27400,24995,0
27401,24995,0
27402,24995,0
27403,24995,0
27404,24995,0
27405,24995,0
27406,24995,0
27407,25034,4168
27408,24995,0
27409,24995,0
27410,24995,0
27411,24995,0
27412,25000,559
27413,24995,0
27414,24995,0
27415,24995,0
27416,24995,0
27417,24995,0
27418,24995,0
27419,24995,0
27420,24995,0
27421,24995,29
27422,24995,0
27423,24995,0
27424,24995,0
27425,24995,0
27426,24995,0
27427,24995,0
27428,24995,0
27429,24995,0
27430,24995,0
27431,24995,0
27432,25000,609
27433,24995,0
27434,24995,0
27435,24995,0
27436,24995,0
27437,24995,0
27438,24995,0
27439,24995,0
27440,25005,1095
27441,24999,468
27442,24995,0
27443,24995,0
27444,24995,0
27445,24995,0
27446,24995,0
27447,24995,0
27448,24995,0
27449,24995,0
27450,24995,0
27451,24995,0
27452,24995,0
27453,24995,0
27454,24995,0
27455,24995,0
27456,24995,0
27457,25008,1409
27458,24995,0
27459,24995,0
27460,24995,0
27461,24995,0
27462,24995,0
27463,24998,349
27464,24995,0
27465,24995,0
27466,24995,0
27467,24995,0
27468,24995,0
27469,25019,2579
27470,24995,0
27471,24999,479
27472,24995,0
27473,24995,0
27474,24995,0
27475,24995,0
27476,24995,0
27477,24995,0
27478,24995,0
27479,24995,0
27480,24995,0
27481,24995,0
27482,24995,0
27483,24995,0
27484,24995,0
27485,24995,76
27486,24995,0
27487,24995,0
27488,24995,0
27489,24995,0
27490,24995,0
27491,24995,0
27492,24995,0
27493,24995,0
27494,24995,0
27495,24995,0
27496,24995,0
27497,24995,0
27498,24995,0
27499,24995,0
27500,24995,0
27501,24995,0
27502,24995,0
27503,24995,0
27504,24995,0
27505,24995,0
27506,24995,0
27507,24995,0
27508,24995,0
27509,24995,0
27510,24995,0
27511,24995,0
27512,25028,3559
27513,24995,0
27514,24997,288
27515,24995,0
27516,24995,0
27517,24995,0
27518,24995,0
27519,25043,5099
27520,24995,0
27521,24995,0
27522,24995,0
27523,24995,0
27524,24995,0
27525,24995,0
27526,24995,0
27527,24995,0
27528,24995,0
27529,24995,0
27530,24995,0
27531,24995,0
27532,25008,1405
27533,24995,18
27534,24995,0
27535,24995,0
27536,24995,0
27537,24995,0
27538,24995,0
27539,24995,0
27540,24995,0
27541,24995,0
27542,24995,0
27543,24995,0
27544,24995,0
27545,24995,0
27546,24995,0
27547,24995,0
27548,25014,2036
27549,25167,18009
27550,24995,0
27551,24995,0
27552,24995,0
27553,24995,0
27554,24995,0
27555,24995,0
27556,24995,0
27557,24995,0
27558,24995,0
27559,24995,0
27560,24995,0
27561,24995,0
27562,24995,0
27563,24995,0
27564,24995,0
27565,24995,0
27566,24995,0
27567,24995,0
27568,24995,0
27569,24995,0
27570,25001,722
27571,24995,0
27572,24995,0
27573,24995,0
27574,24995,0
27575,25000,563
27576,24995,0
27577,24995,0
27578,24999,422
27579,24996,129
27580,24995,0
27581,24995,0
27582,24996,113
27583,24997,209
27584,24995,0
27585,24995,0
27586,24995,0
27587,24995,0
27588,24998,379
27589,24995,0
27590,24995,0
27591,24995,0
27592,24995,0
27593,24995,0
27594,24995,0
27595,24995,0
27596,25003,933
27597,24995,0
27598,24995,0
27599,24995,0
27600,24995,0
27601,24995,0
27602,24995,0
27603,24995,0
27604,24995,0
27605,24995,0
27606,24995,0
27607,24995,0
27608,24995,0
27609,24995,0
27610,24995,0
27611,24995,0
27612,24995,0
27613,25023,3018
27614,24995,0
27615,24995,0
27616,24995,0
27617,24995,0
27618,24995,0
27619,24995,0
27620,24995,0
27621,24995,0
27622,24995,0
27623,24995,0
27624,24998,359
27625,24995,0
27626,24995,0
27627,24995,0
27628,24995,0
27629,24995,0
27630,24995,0
27631,25020,2638
27632,25004,946
27633,24995,0
27634,24996,189
27635,24995,0
27636,24995,0
27637,24995,0
27638,24995,0
27639,24995,0
27640,24995,0
27641,24995,0
27642,24995,0
27643,25015,2159
27644,24995,0
27645,24995,0
27646,24995,0
27647,24995,0
27648,24995,0
27649,24995,0
27650,24995,0
27651,24995,0
27652,24995,0
27653,24999,499
27654,24995,0
27655,24995,0
27656,24995,0
27657,24995,0
27658,24995,0
27659,24995,0
27660,24995,0
27661,24995,59
27662,24995,0
27663,24995,0
27664,24995,0
27665,24995,0
27666,24995,0
27667,24995,0
27668,24995,0
27669,24995,0
27670,24995,0
27671,24995,0
27672,24995,0
27673,24995,0
27674,24995,0
27675,24995,0
27676,24995,0
27677,24995,0
27678,24995,0
27679,24995,0
27680,24995,0
27681,24995,0
27682,25014,2013
27683,24995,0
27684,24995,0
27685,24995,0
27686,24999,459
27687,24995,0
27688,24995,0
27689,24995,0
27690,24995,0
27691,24995,0
27692,25000,568
27693,24995,0
27694,24995,0
27695,24995,0
27696,24999,459
27697,24995,0
27698,24995,0
27699,24995,0
27700,24995,0
27701,24995,0
27702,24995,0
27703,24995,0
27704,24995,0
27705,24995,0
27706,24995,0
27707,24995,0
27708,24995,0
27709,25018,2434
27710,24995,0
27711,24995,0
27712,24995,0
27713,24995,0
27714,24995,0
27715,25497,52251
27716,24995,0
27717,24995,0
27718,24995,0
27719,24995,0
27720,25052,6031
27721,24995,0
27722,24995,0
27723,24995,0
27724,24995,0
27725,24995,0
27726,24995,0
27727,24995,0
27728,24995,0
27729,24995,0
27730,24995,0
27731,24995,0
27732,24995,0
27733,25479,50409
27734,24995,0
27735,24995,0
27736,24995,0
27737,24995,0
27738,24995,0
27739,25004,1018
27740,24995,0
27741,24995,0
27742,24995,0
27743,24995,0
27744,24995,0
27745,25052,6059
27746,24995,0
27747,24995,0
27748,24995,0
27749,24995,0
27750,24998,379
27751,24995,0
27752,24995,0
27753,24995,0
27754,24998,363
27755,24995,0
27756,24995,0
27757,24995,0
27758,24995,0
27759,24995,0
27760,24995,0
27761,24995,0
27762,24995,0
27763,24995,0
27764,24995,0
27765,24995,0
27766,24995,0
27767,24995,0
27768,24995,0
27769,24995,0
27770,24995,0
27771,24995,0
27772,24995,0
27773,24995,0
27774,24995,0
27775,24995,0
27776,24995,0
27777,24995,0
27778,25009,1509
27779,24995,0
27780,25023,3009
27781,24995,0
27782,25049,5687
27783,24995,0
27784,24995,0
27785,24995,0
27786,24995,0
27787,24995,0
27788,24998,359
27789,24995,0
27790,24995,0
27791,24995,0
27792,24995,0
27793,24995,0
27794,24995,0
27795,24995,0
27796,24995,0
27797,24995,0
27798,24995,0
27799,24995,0
27800,24995,0
27801,25040,4718
27802,24995,0
27803,24995,0
27804,24995,0
27805,24995,0
27806,24995,0
27807,24995,0
27808,24995,0
27809,24995,0
27810,24995,0
27811,24995,0
27812,24995,0
27813,24995,0
27814,24995,0
27815,24998,359
27816,24995,0
27817,24995,0
27818,25002,783
27819,24995,0
27820,24995,0
27821,24995,0
27822,24995,0
27823,24995,0
27824,25017,2335
27825,24995,0
27826,24995,0
27827,24995,0
27828,24995,0
27829,25002,809
27830,24995,0
27831,24995,0
27832,24995,0
27833,24995,0
27834,24995,0
27835,24995,0
27836,24995,0
27837,24995,0
27838,24995,0
27839,24995,0
27840,25017,2309
27841,24995,0
27842,24995,0
27843,24995,0
27844,24995,0
27845,24995,0
27846,24995,0
27847,24995,0
27848,24995,0
27849,24995,0
27850,24995,0
27851,24995,0
27852,24995,0
27853,24998,409
27854,24995,0
27855,24995,0
27856,24995,0
27857,24995,0
27858,24995,0
27859,24995,0
27860,25003,869
27861,24995,0
27862,24995,0
27863,24995,0
27864,24995,0
27865,24995,0
27866,24995,0
27867,24995,0
27868,24995,0
27869,24995,0
27870,24995,0
27871,24995,0
27872,24995,0
27873,24995,0
27874,24995,0
27875,24998,309
27876,24995,0
27877,24995,0
27878,24995,0
27879,24995,0
27880,24995,0
27881,24998,359
27882,24995,0
27883,24995,0
27884,24995,0
27885,24998,329
27886,25037,4435
27887,24995,0
27888,24995,0
27889,24995,0
27890,24995,0
27891,24995,0
27892,24995,0
27893,24995,0
27894,24995,0
27895,24995,0
27896,24995,0
27897,24995,0
27898,24995,0
27899,24995,0
27900,24995,0
27901,24995,0
27902,24995,18
27903,24995,0
27904,24995,0
27905,24996,149
27906,24995,0
27907,24997,218
27908,24995,0
27909,24995,0
27910,24995,0
27911,24995,0
27912,24995,72
27913,24995,0
27914,24995,0
27915,24995,0
27916,24995,0
27917,24995,0
27918,24995,0
27919,24995,0
27920,25024,3118
27921,24995,0
27922,24995,0
27923,25005,1059
27924,24995,0
27925,24995,0
27926,24995,0
27927,24997,218
27928,24995,0
27929,25014,2026
27930,24995,0
27931,24995,0
27932,24995,0
27933,24995,0
27934,24995,0
27935,24995,0
27936,24995,0
27937,24995,0
27938,24995,0
27939,25736,76709
27940,24995,0
27941,24995,0
27942,24995,0
27943,24995,0
27944,24995,0
27945,24995,0
27946,24995,0
27947,24995,0
27948,24995,0
27949,24995,0
27950,25011,1744
27951,24995,0
27952,24995,0
27953,24995,0
27954,24995,0
27955,25012,1829
27956,24995,0
27957,24995,0
27958,25012,1818
27959,24995,0
27960,24995,0
27961,24995,0
27962,24995,0
27963,24995,0
27964,24995,0
27965,24996,109
27966,24995,0
27967,24995,0
27968,24997,244
27969,24995,0
27970,24995,0
27971,24995,0
27972,24995,0
27973,24995,0
27974,24995,0
27975,25061,7007
27976,24995,0
27977,24995,0
27978,24995,0
27979,24995,0
27980,24995,0
27981,24995,0
27982,24995,0
27983,24995,0
27984,24995,0
27985,24995,0
27986,24995,0
27987,24995,0
27988,24995,0
27989,24995,0
27990,24995,0
27991,24995,0
27992,24995,0
27993,25001,685
27994,24995,0
27995,25003,918
27996,24995,0
27997,24995,0
27998,24995,0
27999,24995,0
28000,24995,0
28001,24995,0
28002,24995,0
28003,24995,0
28004,24995,0
28005,25020,2690
28006,24995,0
28007,24995,0
28008,24995,0
28009,24995,0
28010,24995,0
28011,24995,0
28012,24995,0
28013,24995,0
28014,24995,0
28015,25005,1072
28016,24995,0
28017,24995,0
28018,24995,0
28019,24998,409
28020,24995,0
28021,24995,0
28022,24995,0
28023,24995,0
28024,24995,0
28025,24995,0
28026,24995,0
28027,24995,0
28028,24995,0
28029,24995,0
28030,25002,813
28031,24995,0
28032,24995,0
28033,24995,0
28034,24995,0
28035,24995,0
28036,24995,0
28037,24995,0
28038,24995,0
28039,24995,0
28040,24995,0
28041,24995,0
28042,24995,0
28043,24995,0
28044,24995,0
28045,24995,0
28046,24995,0
28047,24995,0
28048,24999,468
28049,24995,0
28050,24995,0
28051,24996,109
28052,24995,0
28053,24995,0
28054,24995,0
28055,24995,0
28056,24995,0
28057,24995,0
28058,25012,1818
28059,24996,109
28060,24995,0
28061,24995,0
28062,24999,459
28063,24995,0
28064,24995,0
28065,24995,0
28066,24995,0
28067,25001,659
28068,25015,2122
28069,24995,0
28070,24995,0
28071,24995,0
28072,24995,0
28073,24995,0
28074,24995,0
28075,24995,0
28076,24995,0
28077,25000,618
28078,24995,0
28079,24995,0
28080,24995,0
28081,25019,2576
28082,24995,0
28083,24995,0
28084,24998,379
28085,24995,0
28086,24995,0
28087,24995,0
28088,24995,0
28089,24995,0
28090,24995,0
28091,24995,0
28092,24995,0
28093,24995,0
28094,25013,1909
28095,25002,809
28096,25005,1129
28097,24995,0
28098,24995,0
28099,24995,0
28100,24995,0
28101,24995,0
28102,24995,0
28103,24995,0
28104,24995,0
28105,24995,0
28106,24995,0
28107,24995,0
28108,24995,0
28109,24995,0
28110,24995,0
28111,24995,0
28112,24995,0
28113,24995,0
28114,24995,0
28115,24995,0
28116,25003,929
28117,24995,0
28118,24995,0
28119,24995,0
28120,25023,3009
28121,24995,0
28122,24995,0
28123,24995,0
28124,24995,0
28125,24995,0
28126,24995,0
28127,24995,0
28128,24995,0
28129,24995,0
28130,24995,0
28131,24995,0
28132,25028,3536
28133,24995,0
28134,24995,0
28135,24995,0
28136,24995,0
28137,24995,0
28138,24995,0
28139,24995,0
28140,24995,0
28141,24995,0
28142,24995,0
28143,24995,0
28144,24995,0
28145,24995,0
28146,24995,0
28147,24995,0
28148,24995,0
28149,25022,2877
28150,24995,0
28151,24996,109
28152,24995,0
28153,24996,168
28154,24995,0
28155,24995,0
28156,24995,0
28157,24995,0
28158,24995,0
28159,24995,0
28160,24995,0
28161,24995,0
28162,24995,0
28163,24995,0
28164,24995,0
28165,24995,0
28166,25025,3229
28167,24995,0
28168,24995,0
28169,24995,0
28170,24995,0
28171,24995,0
28172,24995,0
28173,24995,0
28174,24995,0
28175,24995,0
28176,24995,0
28177,24995,0
28178,25012,1829
28179,24995,0
28180,24995,0
28181,24995,0
28182,24995,0
28183,24995,0
28184,24995,0
28185,24995,0
28186,25016,2245
28187,24995,0
28188,24995,0
28189,24995,0
28190,24995,0
28191,25001,627
28192,25037,4418
28193,24996,144
28194,24995,0
28195,24995,0
28196,24995,0
28197,24995,0
28198,24995,0
28199,24995,0
28200,24995,0
28201,24995,0
28202,24995,0
28203,25002,818
28204,24995,0
28205,25015,2113
28206,24995,0
28207,25012,1813
28208,24995,0
28209,24995,0
28210,25033,3985
28211,25018,2418
28212,24995,0
28213,24995,0
28214,24995,0
28215,24995,0
28216,24995,0
28217,24995,0
28218,24995,0
28219,24995,0
28220,24995,0
28221,24995,0
28222,24995,0
28223,24995,0
28224,24996,133
28225,24995,0
28226,24995,0
28227,25002,809
28228,24995,0
28229,24995,0
28230,24995,0
28231,24995,0
28232,24995,0
28233,24995,0
28234,25011,1709
28235,24995,0
28236,24995,0
28237,24995,0
28238,24995,0
28239,24995,0
28240,24995,0
28241,24995,0
28242,24996,159
28243,24995,0
28244,24995,0
28245,24995,0
28246,24995,0
28247,24995,0
28248,24995,0
28249,24995,0
28250,24995,0
28251,24995,0
28252,25000,583
28253,24995,0
28254,25017,2309
28255,25003,909
28256,25018,2499
28257,25010,1609
28258,24995,0
28259,24999,418
28260,24995,0
28261,24995,0
28262,24995,0
28263,24996,129
28264,24995,0
28265,24995,0
28266,25005,1118
28267,24995,0
28268,24995,0
28269,24995,0
28270,24995,0
28271,24995,0
28272,24995,55
28273,24995,0
28274,24995,0
28275,25004,1013
28276,24995,0
28277,24997,233
28278,24995,0
28279,24995,0
28280,24995,0
28281,24995,0
28282,24995,0
28283,24995,0
28284,25009,1535
28285,24995,0
28286,24995,0
28287,24995,0
28288,24995,0
28289,24995,0
28290,24995,0
28291,24995,0
28292,25029,3609
28293,24995,0
28294,24995,0
28295,24995,0
28296,24995,0
28297,24995,0
28298,24995,0
28299,24995,0
28300,24995,0
28301,24998,313
28302,24995,0
28303,24995,0
28304,24995,0
28305,24995,29
28306,24995,0
28307,24995,0
28308,24995,0
28309,24998,329
28310,24995,0
28311,24995,0
28312,24995,0
28313,25044,5206
28314,24995,0
28315,24995,0
28316,24995,0
28317,24995,0
28318,24995,0
28319,24995,0
28320,24995,0
28321,24995,0
28322,24998,379
28323,24995,0
28324,24995,0
28325,24995,0
28326,24995,0
28327,24995,0
28328,24995,0
28329,24995,0
28330,24995,0
28331,24995,0
28332,24995,0
28333,24995,0
28334,24995,0
28335,24995,0
28336,24995,0
28337,24995,0
28338,24995,0
28339,24995,0
28340,24995,0
28341,24995,0
28342,25005,1079
28343,24995,0
28344,24995,0
28345,24999,459
28346,24995,0
28347,24995,0
28348,24995,0
28349,24995,74
28350,24995,0
28351,24995,0
28352,24995,0
28353,24995,0
28354,24995,0
28355,24995,0
28356,24995,0
28357,24995,0
28358,25014,2009
28359,24995,0
28360,24995,0
28361,24995,0
28362,24995,0
28363,24995,0
28364,24995,0
28365,24995,0
28366,24995,0
28367,24995,0
28368,24995,0
28369,24995,0
28370,24995,0
28371,24995,0
28372,24995,0
28373,24995,0
28374,24995,0
28375,24995,0
28376,24995,0
28377,24995,0
28378,24995,0
28379,25000,518
28380,24998,409
28381,24995,0
28382,24995,0
28383,24995,0
28384,24995,0
28385,24995,0
28386,24995,0
28387,24995,0
28388,24995,0
28389,24999,459
28390,24995,0
28391,24995,0
28392,24995,0
28393,24995,0
28394,24995,0
28395,24995,0
28396,24995,0
28397,24995,0
28398,24995,0
28399,24995,0
28400,24995,0
28401,24995,0
28402,24995,0
28403,24995,0
28404,24995,0
28405,25014,2029
28406,24995,0
28407,24995,0
28408,25056,6409
28409,24995,0
28410,24999,509
28411,24995,0
28412,24995,0
28413,24995,0
28414,25000,609
28415,24995,0
28416,24995,0
28417,24995,0
28418,25019,2556
28419,25018,2463
28420,24995,0
28421,24995,0
28422,24997,218
28423,24995,0
28424,24995,0
28425,24997,218
28426,24995,0
28427,24995,0
28428,24995,0
28429,24995,0
28430,24995,9
28431,24995,0
28432,24995,0
28433,24995,0
28434,24995,0
28435,24995,0
28436,24995,0
28437,24995,0
28438,24995,0
28439,24995,0
28440,24995,0
28441,25000,568
28442,24995,0
28443,24995,0
28444,24995,0
28445,24995,0
28446,24995,0
28447,24995,0
28448,24995,0
28449,24995,0
28450,24995,0
28451,24995,0
28452,24996,159
28453,24995,0
28454,24995,0
28455,24995,0
28456,24995,0
28457,24995,0
28458,24995,0
28459,24995,0
28460,24995,0
28461,24995,0
28462,24995,0
28463,24995,0
28464,24995,0
28465,24995,59
28466,24995,0
28467,24995,0
28468,24995,18
28469,24995,0
28470,24995,0
28471,24995,0
28472,24995,0
28473,24995,0
28474,24995,0
28475,24995,0
28476,24996,109
28477,25001,709
28478,24995,0
28479,25235,25159
28480,24995,0
28481,24995,0
28482,25023,3009
28483,24995,0
28484,24995,9
28485,25083,9277
28486,24995,0
28487,24995,0
28488,24998,359
28489,24995,0
28490,24995,0
28491,24995,0
28492,24995,0
28493,24995,0
28494,24995,0
28495,24995,0
28496,24995,0
28497,24995,0
28498,24995,0
28499,24995,0
28500,24995,0
28501,24995,0
28502,24995,0
28503,24995,0
28504,24995,0
28505,24995,0
28506,24995,0
28507,24995,0
28508,24995,0
28509,24996,133
28510,24995,0
28511,24995,0
28512,24995,0
28513,24995,0
28514,24995,0
28515,24995,0
28516,24995,0
28517,25003,869
28518,24995,0
28519,24995,0
28520,24995,0
28521,24995,0
28522,25500,52509
28523,24995,0
28524,24995,0
28525,24995,0
28526,24995,0
28527,25005,1118
28528,24995,0
28529,24995,0
28530,24995,0
28531,24995,0
28532,25005,1079
28533,24995,0
28534,24995,0
28535,24995,0
28536,24999,513
28537,24995,0
28538,24995,0
28539,25008,1359
28540,24995,0
28541,24995,0
28542,24995,0
28543,24995,0
28544,24995,0
28545,25014,2009
28546,24995,0
28547,25014,2038
28548,24995,0
28549,24995,0
28550,24995,0
28551,24995,0
28552,24995,0
28553,24995,0
28554,25004,1031
28555,24998,409
28556,25009,1513
28557,25001,688
28558,24995,0
28559,24995,0
28560,24995,0
28561,24995,0
28562,24995,0
28563,25137,14917
28564,24995,0
28565,24999,442
28566,24995,0
28567,24995,0
28568,24995,0
28569,24995,0
28570,24995,0
28571,24995,0
28572,24995,13
28573,24995,0
28574,24995,0
28575,24995,0
28576,24995,0
28577,24995,0
28578,25004,1029
28579,24995,0
28580,25034,4149
28581,24995,0
28582,24995,0
28583,25077,8629
28584,24995,0
28585,24995,0
28586,24995,0
28587,24995,0
28588,24995,0
28589,24995,0
28590,24995,0
28591,24995,0
28592,24995,0
28593,24995,0
28594,24995,0
28595,24995,0
28596,24995,0
28597,24995,0
28598,24995,0
28599,24995,0
28600,24995,0
28601,24995,0
28602,25026,3273
28603,25069,7809
28604,24995,0
28605,24995,0
28606,24995,0
28607,24995,0
28608,24995,0
28609,24995,0
28610,24995,0
28611,24995,0
28612,24995,0
28613,24995,0
28614,24995,0
28615,24995,0
28616,24995,0
28617,24998,379
28618,25002,768
28619,24995,0
28620,25029,3568
28621,25108,11909
28622,24995,0
28623,24995,0
28624,24995,0
28625,24995,0
28626,24995,0
28627,24995,0
28628,24995,0
28629,24995,0
28630,24995,0
28631,24995,0
28632,24995,0
28633,24995,0
28634,24995,0
28635,24995,0
28636,25001,635
28637,24995,0
28638,24995,0
28639,24995,0
28640,24995,0
28641,24995,0
28642,24995,0
28643,24995,0
28644,25009,1509
28645,24995,0
28646,24995,0
28647,24999,413
28648,24995,0
28649,24995,0
28650,24995,0
28651,24995,0
28652,24995,0
28653,24995,0
28654,24995,0
28655,24995,0
28656,24997,235
28657,24995,0
28658,24995,0
28659,24995,0
28660,24995,0
28661,24995,0
28662,24998,409
28663,24995,0
28664,24995,0
28665,25050,5836
28666,25012,1874
28667,24995,0
28668,25001,633
28669,24995,0
28670,24995,0
28671,24995,0
28672,25055,6309
28673,24995,0
28674,24996,179
28675,24995,0
28676,24997,209
28677,24995,0
28678,24995,0
28679,24995,0
28680,24995,0
28681,24995,0
28682,24995,0
28683,25001,709
28684,24995,0
28685,24995,0
28686,24998,309
28687,24995,0
28688,24995,0
28689,24995,0
28690,24995,0
28691,25000,538
28692,24995,0
28693,24995,0
28694,25072,8116
28695,24995,0
28696,24995,0
28697,24995,0
28698,24997,259
28699,24995,0
28700,24995,0
28701,24995,0
28702,24995,0
28703,24997,218
28704,24995,0
28705,25005,1059
28706,24995,0
28707,24995,0
28708,24995,0
28709,24995,0
28710,24995,0
28711,24995,0
28712,24995,0
28713,24995,0
28714,24995,0
28715,24995,0
28716,24995,0
28717,25046,5409
28718,24995,0
28719,24995,0
28720,24999,468
28721,24995,0
28722,24995,0
28723,24995,0
28724,24995,0
28725,24995,0
28726,24995,0
28727,24995,0
28728,24995,0
28729,24995,0
28730,24995,0
28731,24995,0
28732,24995,0
28733,24995,0
28734,24995,0
28735,24995,0
28736,24995,0
28737,24995,0
28738,24995,0
28739,24995,0
28740,24995,0
28741,24995,0
28742,24995,0
28743,24995,0
28744,24995,0
28745,24995,0
28746,24995,0
28747,24995,0
28748,24995,0
28749,24995,0
28750,24995,0
28751,24995,68
28752,24995,29
28753,24995,0
28754,24995,0
28755,25085,9438
28756,24995,0
28757,24995,0
28758,24995,0
28759,24995,0
28760,24995,0
28761,24995,0
28762,25003,859
28763,24995,0
28764,24995,0
28765,24997,218
28766,24995,0
28767,24995,0
28768,24999,509
28769,24995,0
28770,24995,0
28771,24995,0
28772,24995,0
28773,24995,0
28774,24995,0
28775,24995,0
28776,24995,0
28777,24995,0
28778,24999,429
28779,25005,1109
28780,24995,0
28781,24995,0
28782,25000,609
28783,24995,0
28784,24995,0
28785,24995,0
28786,24995,0
28787,24995,0
28788,24995,0
28789,24995,0
28790,24995,0
28791,25027,3436
28792,24995,0
28793,24995,0
28794,24995,0
28795,24995,9
28796,24995,0
28797,24995,0
28798,24995,0
28799,24995,0
28800,24998,309
28801,24995,9
28802,24999,429
28803,25001,722
28804,24995,0
28805,24995,0
28806,25011,1768
28807,25014,2053
28808,24995,0
28809,24995,0
28810,24995,0
28811,24995,0
28812,25131,14259
28813,24995,0
28814,24995,0
28815,24995,0
28816,24995,0
28817,24995,0
28818,24995,0
28819,24995,0
28820,24995,0
28821,24995,0
28822,24995,0
28823,24995,0
28824,24995,0
28825,24995,0
28826,24995,0
28827,24995,0
28828,25004,1029
28829,24995,0
28830,24995,0
28831,24995,0
28832,24995,0
28833,24995,0
28834,25057,6513
28835,24995,0
28836,24995,0
28837,24995,0
28838,24995,0
28839,24995,0
28840,24995,0
28841,24995,0
28842,24995,0
28843,24995,0
28844,24995,0
28845,24995,0
28846,24995,0
28847,24995,0
28848,24995,0
28849,24995,0
28850,24995,0
28851,24995,0
28852,24999,483
28853,24996,159
28854,24995,0
28855,24995,0
28856,24995,0
28857,24995,0
28858,24995,0
28859,24995,0
28860,24995,0
28861,24995,0
28862,24995,0
28863,24995,0
28864,24995,0
28865,24995,0
28866,24995,0
28867,24995,0
28868,24995,0
28869,24995,0
28870,24995,0
28871,24995,0
28872,24995,0
28873,24995,0
28874,24995,0
28875,24995,0
28876,24995,0
28877,24995,0
28878,24995,0
28879,24995,0
28880,24995,0
28881,24995,0
28882,24995,0
28883,24995,0
28884,24995,0
28885,24995,0
28886,24995,0
28887,24995,0
28888,24995,0
28889,24995,0
28890,24995,0
28891,24995,0
28892,24995,0
28893,25032,3913
28894,24995,0
28895,25032,3918
28896,24995,0
28897,24995,0
28898,24995,0
28899,24995,0
28900,24997,277
28901,24995,0
28902,24995,0
28903,24995,0
28904,24995,0
28905,24995,0
28906,24995,0
28907,24995,0
28908,24995,0
28909,24995,0
28910,24995,0
28911,24995,0
28912,24995,0
28913,24995,53
28914,24995,0
28915,24997,218
28916,24995,0
28917,24995,0
28918,24995,0
28919,24995,0
28920,25028,3532
28921,24995,0
28922,24995,0
28923,24995,0
28924,24995,0
28925,24995,0
28926,24995,0
28927,24995,0
28928,24995,0
28929,24995,0
28930,24995,0
28931,24998,329
28932,24995,0
28933,24995,38
28934,25495,52042
28935,24995,0
28936,24995,0
28937,24995,0
28938,24995,0
28939,24995,0
28940,24995,0
28941,24995,0
28942,24995,0
28943,24995,0
28944,24995,0
28945,24995,0
28946,24995,0
28947,25004,1013
28948,24995,0
28949,24995,0
28950,24995,0
28951,24995,0
28952,24995,0
28953,24995,0
28954,24996,142
28955,24995,0
28956,24995,0
28957,24995,0
28958,24995,0
28959,24995,0
28960,24995,0
28961,24995,0
28962,25005,1109
28963,24995,0
28964,24995,0
28965,24995,27
28966,24995,0
28967,24995,0
28968,24995,0
28969,24995,0
28970,24995,0
28971,24995,0
28972,24995,0
28973,24995,0
28974,24995,0
28975,24995,0
28976,24995,0
28977,24995,0
28978,25002,818
28979,24995,0
28980,25014,2009
28981,24998,309
28982,24995,0
28983,24998,409
28984,24995,0
28985,24995,0
28986,24995,0
28987,24995,0
28988,24995,0
28989,24995,0
28990,24995,0
28991,24995,0
28992,24995,0
28993,24995,0
28994,24995,0
28995,24995,0
28996,24995,0
28997,24995,0
28998,24995,0
28999,24995,0
29000,24995,0
29001,24995,0
29002,24995,0
29003,24995,0
29004,24995,0
29005,24995,0
29006,24999,429
29007,24995,0
29008,24995,0
29009,24995,0
29010,24995,0
29011,25021,2809
29012,24995,0
29013,24995,27
29014,24995,0
29015,24995,0
29016,24995,0
29017,25021,2727
29018,24995,0
29019,24995,0
29020,24995,0
29021,25018,2478
29022,24995,0
29023,24995,0
29024,24995,0
29025,24995,0
29026,25093,10309
29027,24995,0
29028,24995,0
29029,24995,0
29030,24995,0
29031,24995,0
29032,24995,0
29033,24995,0
29034,24996,158
29035,25018,2433
29036,24995,0
29037,24995,0
29038,24995,0
29039,24995,0
29040,24995,0
29041,24999,418
29042,24995,0
29043,24995,0
29044,24995,0
29045,24995,0
29046,24995,0
29047,24995,0
29048,25014,2018
29049,24995,0
29050,24995,0
29051,24995,0
29052,24995,0
29053,25001,626
29054,24995,0
29055,24995,0
29056,25016,2238
29057,24995,0
29058,24995,0
29059,24995,0
29060,24995,0
29061,24995,0
29062,24995,0
29063,24995,0
29064,24996,129
29065,25094,10418
29066,24995,0
29067,24995,0
29068,24995,0
29069,24995,0
29070,24995,0
29071,24995,0
29072,24995,63
29073,24995,0
29074,24999,468
29075,24995,0
29076,24995,0
29077,24995,0
29078,24995,0
29079,24995,9
29080,24995,0
29081,24995,0
29082,25076,8559
29083,24995,0
29084,24995,0
29085,24995,0
29086,24995,0
29087,24995,0
29088,24995,0
29089,24995,0
29090,24995,45
29091,24995,0
29092,24995,0
29093,24995,0
29094,24995,0
29095,24995,0
29096,24995,0
29097,24995,0
29098,24995,0
29099,24995,0
29100,24995,0
29101,24995,0
29102,24995,0
29103,24995,0
29104,24995,0
29105,24995,0
29106,24995,0
29107,24995,0
29108,25014,2068
29109,24995,0
29110,24995,0
29111,24995,0
29112,24995,0
29113,24995,0
29114,24995,0
29115,24995,0
29116,25004,1029
29117,24995,0
29118,24995,0
29119,25052,6009
29120,24999,468
29121,24999,479
29122,24995,0
29123,24998,318
29124,24995,0
29125,24995,0
29126,24995,0
29127,25003,849
29128,24995,0
29129,24995,0
29130,24995,0
29131,24995,0
29132,24995,0
29133,24995,0
29134,25014,2009
29135,24995,0
29136,24995,0
29137,24995,0
29138,24995,0
29139,25005,1118
29140,24998,409
29141,24995,0
29142,24995,0
29143,25012,1819
29144,24995,0
29145,24995,0
29146,24995,0
29147,24995,0
29148,24995,0
29149,24995,0
29150,24995,0
29151,24995,0
29152,24995,0
29153,24995,0
29154,24995,0
29155,24995,0
29156,24995,0
29157,24999,472
29158,24995,0
29159,24995,0
29160,25007,1259
29161,24995,0
29162,24995,0
29163,25019,2568
29164,24995,0
29165,24995,0
29166,24995,0
29167,24995,0
29168,24995,0
29169,24995,0
29170,24995,0
29171,24995,0
29172,24995,0
29173,24995,0
29174,24995,0
29175,24995,0
29176,24995,0
29177,24995,0
29178,24995,0
29179,24995,0
29180,24995,0
29181,24995,0
29182,24995,0
29183,24995,0
29184,24995,0
29185,24995,0
29186,24995,0
29187,24995,0
29188,24995,0
29189,24995,0
29190,24995,0
29191,24995,0
29192,24995,0
29193,24995,0
29194,24995,0
29195,24995,0
29196,24995,0
29197,24995,0
29198,24995,0
29199,24995,0
29200,24995,0
29201,24997,259
29202,24995,0
29203,24995,0
29204,24995,0
29205,24995,0
29206,25038,4513
29207,24995,0
29208,24995,0
29209,24995,0
29210,24995,0
29211,24995,0
29212,24995,0
29213,24995,0
29214,24995,0
29215,24995,0
29216,24995,0
29217,24995,0
29218,24995,0
29219,24995,0
29220,24995,0
29221,24995,0
29222,25010,1656
29223,24995,0
29224,24995,0
29225,24995,0
29226,24995,0
29227,24995,0
29228,24995,0
29229,24995,0
29230,24995,0
29231,24995,0
29232,24995,0
29233,24995,0
29234,24995,0
29235,24995,0
29236,25003,918
29237,24995,0
29238,24995,0
29239,24995,0
29240,24995,0
29241,24995,0
29242,24995,0
29243,25006,1229
29244,24995,9
29245,24995,0
29246,24995,0
29247,24995,0
29248,25016,2209
29249,24995,0
29250,24995,0
29251,25045,5246
29252,24995,0
29253,25002,818
29254,24995,0
29255,24995,0
29256,24995,0
29257,24995,0
29258,24995,0
29259,24995,0
29260,25013,1918
29261,25016,2265
29262,24995,0
29263,25234,25009
29264,24995,0
29265,24999,438
29266,24995,0
29267,25002,809
29268,24997,268
29269,24995,0
29270,24995,0
29271,24995,0
29272,24995,0
29273,25000,524
29274,24995,0
29275,25018,2418
29276,25005,1138
29277,24995,0
29278,25000,559
29279,24995,0
29280,24995,0
29281,24995,0
29282,24995,0
29283,24995,0
29284,24995,0
29285,24995,0
29286,24995,0
29287,24995,0
29288,24995,0
29289,24995,0
29290,25014,2089
29291,24995,0
29292,24995,0
29293,24995,0
29294,24995,0
29295,25012,1809
29296,24995,0
29297,24995,0
29298,24995,0
29299,24995,0
29300,24995,0
29301,24995,0
29302,24995,0
29303,24995,0
29304,24995,0
29305,24995,0
29306,24995,0
29307,24995,0
29308,24995,85
29309,24995,0
29310,24995,0
29311,25013,1959
29312,24995,0
29313,24995,0
29314,24995,0
29315,24995,0
29316,24995,0
29317,24995,0
29318,24995,0
29319,24995,0
29320,24995,0
29321,24995,0
29322,25002,818
29323,24995,0
29324,25044,5136
29325,24995,0
29326,24995,0
29327,24995,0
29328,24995,0
29329,25298,31655
29330,24995,0
29331,24995,0
29332,24995,0
29333,25003,859
29334,24995,0
29335,24995,0
29336,24995,0
29337,25013,1922
29338,25016,2229
29339,24995,0
29340,24995,0
29341,24999,509
29342,24995,0
29343,24995,0
29344,24995,0
29345,24995,0
29346,24995,0
29347,24995,0
29348,24999,413
29349,24995,0
29350,24995,0
29351,24995,0
29352,24995,0
29353,24995,0
29354,24995,0
29355,24995,0
29356,25001,638
29357,24995,0
29358,24995,59
29359,24995,0
29360,24995,0
29361,24995,0
29362,24995,0
29363,24995,0
29364,24995,0
29365,24995,0
29366,24995,29
29367,24995,0
29368,24995,0
29369,24995,0
29370,24995,0
29371,24995,0
29372,24995,0
29373,24995,0
29374,24995,0
29375,24995,0
29376,24995,0
29377,24995,0
29378,24995,0
29379,24997,209
29380,24995,0
29381,25000,518
29382,24995,0
29383,24995,0
29384,25010,1663
29385,24995,0
29386,24995,0
29387,24995,0
29388,24995,0
29389,24995,0
29390,24995,0
29391,24995,0
29392,24995,0
29393,24995,0
29394,24995,0
29395,24995,0
29396,24995,0
29397,24995,0
29398,24999,509
29399,24995,0
29400,24995,0
29401,24998,409
29402,24995,0
29403,24999,447
29404,24995,0
29405,25005,1126
29406,24995,0
29407,24995,0
29408,25017,2309
29409,24995,0
29410,24995,0
29411,24995,0
29412,24995,0
29413,24995,0
29414,24995,0
29415,25043,5029
29416,25018,2445
29417,24995,0
29418,24995,13
29419,24995,0
29420,24995,0
29421,24995,0
29422,24995,0
29423,24995,0
29424,24995,0
29425,24995,0
29426,25025,3209
29427,24995,0
29428,24995,0
29429,24995,0
29430,24995,0
29431,24995,0
29432,24995,0
29433,24995,0
29434,24995,0
29435,24995,0
29436,24995,0
29437,24995,0
29438,24996,129
29439,24995,0
29440,24995,0
29441,24995,0
29442,24997,229
29443,24995,0
29444,24995,0
29445,24995,0
29446,24995,0
29447,24995,0
29448,24995,0
29449,24995,0
29450,24995,0
29451,24995,0
29452,24995,0
29453,24995,0
29454,24995,0
29455,25014,2018
29456,24995,0
29457,24995,0
29458,24995,0
29459,24995,0
29460,24995,0
29461,24995,0
29462,24995,0
29463,24995,0
29464,24998,309
29465,24995,0
29466,24995,0
29467,24995,0
29468,24995,0
29469,24995,0
29470,24995,0
29471,24995,0
29472,24995,0
29473,24995,0
29474,24995,0
29475,24995,0
29476,24995,0
29477,24995,0
29478,24995,0
29479,24995,0
29480,24995,0
29481,24995,0
29482,24995,0
29483,24995,0
29484,24995,0
29485,24995,0
29486,24995,0
29487,25346,36627
29488,24995,0
29489,24995,0
29490,24995,0
29491,24999,493
29492,24995,0
29493,24995,0
29494,24995,0
29495,24995,0
29496,24995,0
29497,25005,1109
29498,24995,0
29499,24995,0
29500,24995,0
29501,24995,0
29502,24995,0
29503,24995,0
29504,25012,1809
29505,24995,0
29506,24995,0
29507,24995,0
29508,24995,0
29509,25000,585
29510,24995,0
29511,24995,0
29512,24998,409
29513,24995,0
29514,24995,0
29515,25018,2468
29516,24995,0
29517,24995,0
29518,24995,0
29519,25019,2513
29520,24995,0
29521,24995,0
29522,24995,0
29523,24995,0
29524,24995,0
29525,24995,0
29526,24995,0
29527,24995,0
29528,24995,0
29529,24995,0
29530,24995,0
29531,24995,0
29532,24995,0
29533,25018,2459
29534,24995,0
29535,24995,0
29536,24995,0
29537,24995,0
29538,24995,0
29539,24999,509
29540,24995,0
29541,24995,0
29542,24995,0
29543,24995,0
29544,24995,0
29545,24995,0
29546,24995,0
29547,24995,0
29548,24995,0
29549,24995,0
29550,24995,0
29551,24995,0
29552,24995,0
29553,25002,829
29554,25010,1568
29555,24995,0
29556,25023,3009
29557,24995,0
29558,24995,0
29559,24995,0
29560,24995,0
29561,24995,0
29562,24995,0
29563,24995,0
29564,24995,0
29565,24995,0
29566,24995,0
29567,25000,609
29568,25016,2235
29569,24995,0
29570,24995,18
29571,24995,0
29572,24995,0
29573,24995,0
29574,24995,0
29575,24995,0
29576,24995,0
29577,24995,0
29578,24995,0
29579,24995,0
29580,24995,0
29581,24995,0
29582,24995,0
29583,24995,0
29584,24995,0
29585,24995,0
29586,24995,0
29587,24995,0
29588,24995,0
29589,24995,0
29590,24995,0
29591,24995,0
29592,24995,0
29593,24995,0
29594,24995,0
29595,24995,0
29596,24995,0
29597,24995,0
29598,24995,0
29599,24995,0
29600,24999,459
29601,24995,0
29602,24995,0
29603,24995,0
29604,24995,0
29605,24995,0
29606,24995,0
29607,24995,0
29608,24995,0
29609,24995,0
29610,24995,0
29611,24995,0
29612,24995,0
29613,24995,0
29614,24995,0
29615,24995,0
29616,24995,0
29617,24995,0
29618,24995,0
29619,24995,0
29620,25022,2913
29621,24995,0
29622,24995,0
29623,24995,0
29624,25027,3358
29625,24995,0
29626,24995,0
29627,24995,0
29628,24995,0
29629,24995,0
29630,25049,5722
29631,24995,0
29632,24999,509
29633,24995,0
29634,24995,0
29635,24995,0
29636,24995,0
29637,24995,0
29638,24995,0
29639,25014,2018
29640,24995,0
29641,24995,0
29642,24995,0
29643,24995,0
29644,24995,0
29645,24995,0
29646,24995,0
29647,24995,0
29648,24995,0
29649,24995,0
29650,24995,0
29651,24995,0
29652,24995,0
29653,24995,0
29654,25005,1119
29655,24995,0
29656,24998,318
29657,24995,0
29658,24995,0
29659,24995,0
29660,24995,0
29661,24995,0
29662,24995,0
29663,25020,2709
29664,24995,0
29665,24995,0
29666,24995,0
29667,24995,0
29668,24995,0
29669,24995,0
29670,25000,565
29671,24995,0
29672,24995,0
29673,24995,0
29674,24995,0
29675,24995,0
29676,24995,0
29677,24995,0
29678,24995,0
29679,24998,318
29680,24995,0
29681,24995,0
29682,25104,11509
29683,25032,3949
29684,24995,0
29685,25136,14779
29686,24995,0
29687,24995,0
29688,24995,0
29689,24995,0
29690,24995,0
29691,24995,0
29692,24995,0
29693,24995,0
29694,24995,0
29695,24995,0
29696,24995,0
29697,24997,218
29698,24995,0
29699,25009,1545
29700,24995,0
29701,25051,5909
29702,24995,0
29703,24995,0
29704,24995,0
29705,24995,0
29706,24995,0
29707,24995,0
29708,24995,0
29709,25000,559
29710,24995,0
29711,24995,0
29712,24995,0
29713,24995,0
29714,24995,0
29715,24995,0
29716,25041,4918
29717,25006,1249
29718,24995,0
29719,24995,0
29720,24995,0
29721,24995,0
29722,24995,0
29723,24995,18
29724,24995,0
29725,24995,0
29726,24995,0
29727,24995,0
29728,25015,2159
29729,24995,0
29730,24995,0
29731,24995,0
29732,25000,539
29733,24995,0
29734,24995,0
29735,24995,0
29736,24995,0
29737,24995,0
29738,25037,4435
29739,24995,0
29740,25000,614
29741,24995,0
29742,24995,0
29743,24995,0
29744,24995,0
29745,24995,0
29746,24995,0
29747,24995,0
29748,24995,0
29749,24995,0
29750,24995,0
29751,24995,0
29752,24995,0
29753,24995,0
29754,24995,0
29755,24995,0
29756,24995,0
29757,24995,0
29758,24995,0
29759,24995,0
29760,24995,0
29761,24995,0
29762,24995,0
29763,24995,0
29764,24997,209
29765,24995,0
29766,24995,0
29767,24995,0
29768,25003,859
29769,25007,1356
29770,24995,0
29771,24995,0
29772,24995,0
29773,24995,0
29774,25007,1309
29775,24995,0
29776,24995,0
29777,24995,0
29778,24995,0
29779,24995,0
29780,25001,686
29781,25000,563
29782,24995,0
29783,24995,0
29784,24995,0
29785,24995,0
29786,24995,0
29787,24995,0
29788,24995,0
29789,24995,0
29790,24995,0
29791,24995,0
29792,24995,0
29793,24996,129
29794,24995,0
29795,24995,0
29796,24995,0
29797,24995,0
29798,24995,0
29799,24995,0
29800,24995,0
29801,24995,0
29802,24995,0
29803,25018,2409
29804,24995,0
29805,24995,0
29806,24995,0
29807,24995,0
29808,25003,926
29809,24995,0
29810,24995,0
29811,24995,0
29812,24995,0
29813,24995,0
29814,24995,0
29815,24995,0
29816,24995,0
29817,24995,0
29818,24995,0
29819,24995,29
29820,24995,0
29821,25015,2129
29822,25033,4009
29823,24995,0
29824,24995,0
29825,24995,0
29826,24995,0
29827,24995,0
29828,24995,0
29829,24995,0
29830,24995,0
29831,24995,0
29832,24995,0
29833,24997,209
29834,24995,0
29835,24995,0
29836,24995,0
29837,24995,0
29838,24995,0
29839,24995,0
29840,24995,27
29841,24995,0
29842,24995,0
29843,24995,0
29844,24999,418
29845,24995,0
29846,25006,1213
29847,24995,0
29848,25001,629
29849,24995,0
29850,24995,0
29851,24995,0
29852,24995,0
29853,24995,83
29854,24995,0
29855,25076,8509
29856,25011,1709
29857,24995,0
29858,24995,0
29859,24995,0
29860,24995,0
29861,24999,429
29862,24995,0
29863,24995,0
29864,24995,0
29865,24995,0
29866,25093,10365
29867,24995,0
29868,24995,0
29869,24995,0
29870,24995,0
29871,24995,0
29872,24995,0
29873,24995,0
29874,24999,438
29875,24995,0
29876,24995,0
29877,24995,0
29878,24995,0
29879,24995,0
29880,24995,0
29881,24995,0
29882,24995,0
29883,24995,0
29884,24995,0
29885,24995,0
29886,24997,209
29887,25041,4920
29888,24995,0
29889,24995,0
29890,24995,0
29891,25098,10843
29892,24995,0
29893,24995,0
29894,24995,0
29895,24995,0
29896,25012,1829
29897,24995,0
29898,24995,0
29899,25005,1077
29900,24995,0
29901,24995,0
29902,24995,0
29903,25000,529
29904,24995,0
29905,24995,0
29906,24995,0
29907,24995,0
29908,24995,0
29909,24995,0
29910,24995,0
29911,24995,0
29912,24995,0
29913,24995,0
29914,25021,2822
29915,24995,0
29916,24995,0
29917,24995,0
29918,25002,795
29919,24998,409
29920,24995,0
29921,25003,868
29922,24995,0
29923,24995,0
29924,25000,609
29925,24995,0
29926,24995,0
29927,24995,0
29928,24995,0
29929,24995,0
29930,24995,0
29931,24995,0
29932,24995,0
29933,24995,0
29934,24995,0
29935,24995,0
29936,25000,518
29937,24995,0
29938,24995,0
29939,25000,613
29940,24995,0
29941,25069,7851
29942,24995,0
29943,25011,1768
29944,24995,0
29945,24995,0
29946,24995,0
29947,24996,109
29948,25003,909
29949,24995,0
29950,24995,0
29951,24995,0
29952,24999,459
29953,24995,0
29954,24995,0
29955,25049,5727
29956,24995,0
29957,24995,0
29958,24995,0
29959,25002,813
29960,25043,5109
29961,24995,0
29962,24995,0
29963,25017,2383
29964,24995,0
29965,24995,0
29966,24995,9
29967,24995,0
29968,24995,0
29969,25088,9755
29970,24995,0
29971,24995,0
29972,24997,259
29973,25007,1342
29974,24995,0
29975,24995,0
29976,24995,0
29977,24995,0
29978,24996,113
29979,24995,0
29980,24995,0
29981,24995,0
29982,24995,0
29983,24995,0
29984,24998,349
29985,25033,4019
29986,24995,0
29987,24995,0
29988,24995,0
29989,24999,479
29990,24995,0
29991,24995,0
29992,24995,0
29993,24995,0
29994,24995,0
29995,24995,0
29996,24995,36
29997,24995,0
29998,24995,0
29999,24998,409
30000,24995,0
30001,24995,0
30002,24995,0
30003,25017,2368
30004,24995,0
30005,24995,0
30006,24995,0
30007,24995,0
30008,24995,0
30009,24995,0
30010,24995,0
30011,24995,0
30012,24995,0
30013,24995,0
30014,24995,0
30015,25235,25109
30016,25001,659
30017,24995,0
30018,24995,0
30019,25003,863
30020,24995,0
30021,24995,0
30022,24995,0
30023,24998,329
30024,24995,0
30025,24995,0
30026,24995,0
30027,24995,0
30028,24995,0
30029,24995,0
30030,24995,0
30031,24995,0
30032,24995,0
30033,24995,0
30034,25050,5851
30035,25010,1575
30036,24995,0
30037,24995,0
30038,24995,0
30039,24995,0
30040,24997,233
30041,24995,0
30042,24995,0
30043,24995,0
30044,25004,1009
30045,24995,0
30046,24995,0
30047,24995,0
30048,24995,0
30049,24995,0
30050,24995,0
30051,24995,0
30052,24999,486
30053,24995,0
30054,24995,0
30055,24995,0
30056,24995,0
30057,24995,0
30058,24995,0
30059,24995,0
30060,24995,0
30061,25020,2709
30062,24995,0
30063,24995,0
30064,24995,0
30065,24995,0
30066,24995,0
30067,24995,0
30068,24995,0
30069,24995,0
30070,24995,0
30071,24995,0
30072,24995,0
30073,24995,0
30074,24995,0
30075,24995,0
30076,24995,0
30077,24995,0
30078,24995,0
30079,24995,0
30080,24995,0
30081,24995,0
30082,24995,0
30083,24995,0
30084,24995,0
30085,24995,0
30086,24995,0
30087,25477,50209
30088,24995,0
30089,24995,0
30090,24995,0
30091,24995,0
30092,24995,0
30093,24995,0
30094,24995,0
30095,24995,0
30096,24995,0
30097,25000,609
30098,24995,0
30099,24995,0
30100,24995,0
30101,24995,0
30102,24995,0
30103,24995,0
30104,25160,17354
30105,24995,0
30106,24995,0
30107,24995,0
30108,24995,0
30109,24995,0
30110,24995,0
30111,24995,0
30112,25000,618
30113,24995,0
30114,24995,0
30115,24995,0
30116,24995,0
30117,25001,713
30118,24995,0
30119,24995,0
30120,24995,0
30121,24995,0
30122,24995,0
30123,24995,0
30124,24995,0
30125,24995,0
30126,24999,509
30127,24995,0
30128,24995,0
30129,25023,3029
30130,24995,0
30131,24995,0
30132,24995,0
30133,24995,0
30134,24995,0
30135,24995,0
30136,24995,0
30137,24997,258
30138,24995,0
30139,24995,0
30140,24995,0
30141,24995,0
30142,25000,538
30143,24995,0
30144,24995,89
30145,24995,0
30146,24995,0
30147,24995,0
30148,24995,0
30149,24995,0
30150,24995,0
30151,24995,0
30152,24995,0
30153,24995,0
30154,24995,0
30155,24995,0
30156,24995,0
30157,24995,0
30158,24995,0
30159,25043,5029
30160,24995,0
30161,24995,0
30162,24995,0
30163,25008,1369
30164,24995,0
30165,24999,429
30166,24995,0
30167,24995,0
30168,24995,0
30169,24997,259
30170,24995,0
30171,24995,0
30172,24995,0
30173,24995,0
30174,24995,0
30175,24995,0
30176,24995,0
30177,24995,0
30178,24995,0
30179,24995,0
30180,24995,0
30181,24995,18
30182,24995,0
30183,24995,0
30184,24997,213
30185,24995,0
30186,24995,0
30187,24995,0
30188,24995,0
30189,25088,9748
30190,24995,0
30191,25187,20109
30192,24995,0
30193,24995,0
30194,24995,0
30195,24995,0
30196,24995,0
30197,24995,0
30198,24995,0
30199,24995,0
30200,24995,0
30201,24995,0
30202,24995,0
30203,24995,0
30204,24995,0
30205,24995,0
30206,24995,0
30207,24995,0
30208,24995,0
30209,24995,0
30210,24995,0
30211,24995,0
30212,24995,0
30213,24995,0
30214,24995,0
30215,24995,0
30216,24995,0
30217,25001,663
30218,25029,3629
30219,24995,0
30220,25006,1209
30221,24995,0
30222,24995,0
30223,24995,0
30224,24995,0
30225,24995,0
30226,24995,0
30227,24995,0
30228,25006,1213
30229,24995,0
30230,24995,0
30231,24995,0
30232,24995,0
30233,24995,0
30234,24995,0
30235,25009,1509
30236,24995,0
30237,25006,1233
30238,24995,0
30239,25000,579
30240,24995,0
30241,24995,0
30242,24995,0
30243,24995,0
30244,24995,0
30245,25057,6582
30246,24995,0
30247,24995,0
30248,24995,0
30249,24995,0
30250,24995,0
30251,24995,0
30252,24995,0
30253,24995,0
30254,24995,0
30255,24995,0
30256,24995,0
30257,24995,0
30258,24995,0
30259,24995,0
30260,24995,0
30261,24995,0
30262,24995,0
30263,24995,0
30264,24999,513
30265,24995,0
30266,24995,0
30267,24995,0
30268,24995,0
30269,24995,0
30270,24995,0
30271,24995,0
30272,24995,0
30273,24995,0
30274,25058,6613
30275,24995,0
30276,24995,0
30277,24995,0
30278,24995,0
30279,24995,0
30280,24995,0
30281,24995,0
30282,24995,0
30283,24995,9
30284,24995,0
30285,24996,158
30286,24995,0
30287,25007,1309
30288,24995,0
30289,24995,0
30290,24995,0
30291,24995,0
30292,24995,0
30293,25005,1122
30294,24995,0
30295,25001,713
30296,24995,0
30297,24995,0
30298,24995,0
30299,24995,0
30300,25000,529
30301,24995,0
30302,24995,0
30303,24999,429
30304,24995,0
30305,25004,1009
30306,25054,6213
30307,25001,709
30308,25011,1709
30309,24995,0
30310,24995,0
30311,24995,0
30312,24995,0
30313,24995,0
30314,24995,0
30315,24995,79
30316,24995,0
30317,24995,0
30318,24995,0
30319,24995,0
30320,24998,309
30321,24995,0
30322,24995,0
30323,24995,0
30324,24995,0
30325,24995,0
30326,24995,0
30327,24995,0
30328,24995,18
30329,24995,9
30330,24995,0
30331,24995,0
30332,24995,0
30333,24995,0
30334,25047,5535
30335,24995,0
30336,24995,0
30337,24995,0
30338,24995,0
30339,24995,0
30340,24995,0
30341,25000,579
30342,25016,2263
30343,24995,0
30344,24995,0
30345,24995,0
30346,24995,0
30347,24995,0
30348,24995,0
30349,24995,0
30350,24995,0
30351,24995,0
30352,24995,0
30353,24995,0
30354,24995,62
30355,24995,0
30356,24995,0
30357,24995,0
30358,24995,0
30359,24995,0
30360,24995,0
30361,25009,1518
30362,24995,0
30363,24997,229
30364,24998,318
30365,24995,0
30366,24995,0
30367,24995,0
30368,24995,0
30369,24995,0
30370,24995,0
30371,25012,1804
30372,24995,0
30373,24995,0
30374,24995,0
30375,24995,0
30376,24995,0
30377,24995,0
30378,25000,518
30379,24995,0
30380,24995,0
30381,24995,0
30382,24995,0
30383,24995,0
30384,24995,0
30385,24995,0
30386,24995,0
30387,24995,0
30388,24995,0
30389,24995,0
30390,25002,829
30391,24995,0
30392,24995,0
30393,24995,0
30394,24995,0
30395,24995,0
30396,24995,0
30397,24995,0
30398,24995,0
30399,24995,0
30400,24995,0
30401,24995,0
30402,24995,0
30403,24995,0
30404,24995,0
30405,24995,0
30406,24995,0
30407,24995,0
30408,24995,0
30409,24995,0
30410,24995,0
30411,24995,0
30412,24995,0
30413,24995,0
30414,24995,0
30415,24999,468
30416,24995,0
30417,24995,0
30418,24997,217
30419,24995,0
30420,24995,0
30421,24995,79
30422,24995,0
30423,24995,0
30424,25111,12199
30425,24995,0
30426,24995,0
30427,24995,0
30428,24995,0
30429,24995,0
30430,24995,18
30431,24995,0
30432,24995,0
30433,24995,0
30434,24995,0
30435,24995,18
30436,24995,0
30437,24995,0
30438,24995,0
30439,24995,0
30440,24995,0
30441,24995,0
30442,25008,1449
30443,24995,0
30444,24995,0
30445,24995,0
30446,24995,0
30447,24995,0
30448,24995,0
30449,24995,0
30450,24995,0
30451,24995,0
30452,24995,0
30453,24995,0
30454,24995,0
30455,24995,0
30456,24996,122
30457,24995,0
30458,24995,0
30459,24995,0
30460,24995,0
30461,24999,488
30462,24995,0
30463,24995,0
30464,24995,0
30465,24997,288
30466,24995,0
30467,24998,409
30468,24995,0
30469,24995,0
30470,25011,1709
30471,24995,0
30472,25032,3918
30473,24995,0
30474,24998,318
30475,24995,9
30476,24995,0
30477,24995,0
30478,24995,0
30479,24995,0
30480,24995,0
30481,24995,0
30482,25000,609
30483,24995,0
30484,24995,0
30485,24995,0
30486,24995,0
30487,24995,0
30488,24995,0
30489,24995,0
30490,24995,0
30491,24995,0
30492,24995,0
30493,24995,0
30494,24998,309
30495,24995,0
30496,24995,0
30497,24995,0
30498,24995,0
30499,24995,0
30500,24995,0
30501,24995,0
30502,24995,0
30503,24995,0
30504,24995,0
30505,24995,0
30506,24995,0
30507,24998,409
30508,24995,0
30509,25151,16386
30510,24995,0
30511,24995,0
30512,24995,0
30513,24995,0
30514,24995,0
30515,24995,0
30516,24995,0
30517,24995,0
30518,24995,0
30519,24995,0
30520,24998,363
30521,24995,0
30522,24996,160
30523,24995,0
30524,25000,609
30525,24995,0
30526,24995,0
30527,24995,0
30528,24995,0
30529,25011,1718
30530,24995,0
30531,24995,0
30532,24995,0
30533,24995,0
30534,24995,0
30535,24995,0
30536,25009,1509
30537,24995,0
30538,25004,1009
30539,24995,0
30540,25019,2538
30541,24995,0
30542,24995,0
30543,25018,2485
30544,25006,1229
30545,24995,0
30546,24995,0
30547,24995,0
30548,24995,0
30549,24995,0
30550,24995,0
30551,24995,27
30552,24995,0
30553,24995,0
30554,24995,0
30555,25021,2809
30556,24995,0
30557,24995,0
30558,24996,148
30559,24995,0
30560,24995,0
30561,24998,318
30562,24995,0
30563,24995,0
30564,24995,0
30565,24995,0
30566,24995,0
30567,24995,0
30568,24995,0
30569,24995,0
30570,24995,0
30571,25000,518
30572,24995,0
30573,25005,1109
30574,24995,29
30575,24995,0
30576,25006,1168
30577,24995,0
30578,24995,0
30579,24995,0
30580,25014,2009
30581,25013,1959
30582,24995,0
30583,24995,29
30584,24996,149
30585,24995,0
30586,24995,18
30587,24995,0
30588,24995,0
30589,24995,0
30590,24995,0
30591,24995,0
30592,24995,0
30593,24995,0
30594,24995,0
30595,25002,809
30596,24995,0
30597,24999,509
30598,24995,0
30599,24995,0
30600,24995,0
30601,24995,0
30602,24995,0
30603,24995,0
30604,24995,0
30605,24995,0
30606,24995,0
30607,24995,0
30608,24995,0
30609,24999,429
30610,24995,0
30611,24995,0
30612,24995,0
30613,24995,0
30614,24995,0
30615,25026,3318
30616,25004,1022
30617,24995,0
30618,24995,0
30619,24995,0
30620,24995,0
30621,24995,0
30622,24995,0
30623,24995,0
30624,24995,0
30625,24995,0
30626,24995,0
30627,24995,0
30628,25123,13459
30629,24995,0
30630,24995,0
30631,24995,0
30632,24995,0
30633,24995,0
30634,24995,0
30635,24995,0
30636,24995,0
30637,24995,0
30638,24995,0
30639,24995,0
30640,24995,0
30641,25006,1229
30642,24995,0
30643,24995,0
30644,24995,0
30645,24995,0
30646,24995,0
30647,24995,0
30648,24995,0
30649,24995,0
30650,24995,0
30651,24995,0
30652,25036,4383
30653,24995,0
30654,24995,0
30655,24995,0
30656,24995,0
30657,24995,0
30658,24995,0
30659,24995,0
30660,24995,0
30661,24995,0
30662,24995,0
30663,24995,0
30664,24995,0
30665,24995,0
30666,24995,0
30667,24995,0
30668,24995,0
30669,24995,0
30670,25002,777
30671,24999,479
30672,24995,0
30673,24995,0
30674,24995,0
30675,24995,0
30676,24995,0
30677,24995,0
30678,24995,0
30679,24995,0
30680,24995,0
30681,24997,218
30682,24995,0
30683,24995,0
30684,25000,533
30685,24995,0
30686,25033,4009
30687,24995,0
30688,24995,0
30689,24995,0
30690,24995,0
30691,24995,0
30692,24995,0
30693,24995,0
30694,24999,459
30695,24995,0
30696,24995,0
30697,25079,8871
30698,24995,0
30699,25046,5404
30700,24995,0
30701,24995,0
30702,25011,1731
30703,24995,0
30704,25072,8079
30705,24995,0
30706,24995,0
30707,24995,0
30708,24995,0
30709,24995,0
30710,24995,0
30711,24995,0
30712,24995,0
30713,24999,468
30714,24995,0
30715,24995,0
30716,24995,0
30717,24995,0
30718,24995,0
30719,24995,0
30720,24995,0
30721,24995,0
30722,24995,0
30723,24995,0
30724,24995,0
30725,24995,0
30726,24995,0
30727,24995,0
30728,24995,0
30729,24995,0
30730,24995,0
30731,24995,0
30732,24995,0
30733,24995,0
30734,24995,0
30735,24995,0
30736,24995,0
30737,24995,0
30738,24995,0
30739,24995,0
30740,24995,0
30741,24995,0
30742,24995,0
30743,24995,0
30744,25016,2209
30745,24995,0
30746,24995,0
30747,25003,879
30748,24995,0
30749,24995,0
30750,24995,0
30751,24995,0
30752,24995,0
30753,24995,0
30754,24995,0
30755,24995,0
30756,24995,0
30757,24995,0
30758,24995,0
30759,24995,0
30760,24995,0
30761,25015,2133
30762,24995,0
30763,24995,0
30764,24995,0
30765,24995,0
30766,24995,0
30767,24995,0
30768,24995,0
30769,24995,0
30770,25019,2536
30771,24995,0
30772,24995,0
30773,24995,0
30774,24995,0
30775,25043,5049
30776,24995,45
30777,25000,522
30778,24995,0
30779,24995,0
30780,24995,0
30781,24995,0
30782,24995,0
30783,24995,0
30784,24995,0
30785,24995,0
30786,24995,0
30787,24995,0
30788,24995,0
30789,24995,0
30790,24995,0
30791,24995,0
30792,24995,0
30793,24995,0
30794,25004,1013
30795,24999,509
30796,24995,0
30797,25234,25013
30798,24995,0
30799,24995,0
30800,24995,0
30801,24999,476
30802,24995,0
30803,24995,0
30804,24995,0
30805,25032,3949
30806,24995,0
30807,24995,0
30808,24995,68
30809,25019,2609
30810,25095,10522
30811,24995,0
30812,24995,0
30813,24995,0
30814,24995,0
30815,24995,0
30816,25004,1009
30817,24995,0
30818,24995,0
30819,24995,0
30820,24995,0
30821,24995,0
30822,24995,0
30823,24995,0
30824,24995,0
30825,24995,0
30826,25044,5226
30827,24995,0
30828,24995,0
30829,24995,0
30830,24995,0
30831,25022,2929
30832,24995,0
30833,24995,0
30834,25005,1073
30835,24995,0
30836,24995,0
30837,24995,0
30838,24995,0
30839,24996,118
30840,24995,0
30841,24995,0
30842,24995,0
30843,24995,0
30844,24995,0
30845,25006,1209
30846,24995,0
30847,24995,0
30848,25024,3135
30849,24995,0
30850,24995,0
30851,24995,0
30852,24995,0
30853,24995,0
30854,24995,0
30855,25025,3164
30856,25001,633
30857,24995,0
30858,24995,0
30859,24995,0
30860,24995,0
30861,24995,0
30862,24995,0
30863,24995,0
30864,24995,0
30865,24995,0
30866,24995,0
30867,24995,0
30868,24995,0
30869,24995,0
30870,24995,0
30871,24995,0
30872,24995,0
30873,24995,0
30874,24995,0
30875,24995,0
30876,24995,0
30877,24995,0
30878,24995,0
30879,24995,0
30880,24995,0
30881,24995,0
30882,24995,0
30883,24995,0
30884,24995,0
30885,24995,0
30886,24995,0
30887,24995,0
30888,24995,0
30889,24995,0
30890,24995,0
30891,24995,0
30892,24998,318
30893,24995,0
30894,24995,0
30895,24995,0
30896,24995,0
30897,24995,0
30898,24995,0
30899,24995,0
30900,24995,0
30901,24995,0
30902,24995,0
30903,24995,0
30904,24995,0
30905,24998,318
30906,25012,1845
30907,24995,0
30908,24995,0
30909,25090,10013
30910,24995,0
30911,25045,5259
30912,24995,0
30913,24995,0
30914,24995,0
30915,24995,0
30916,24995,0
30917,24995,0
30918,24995,0
30919,24995,0
30920,24995,0
30921,24995,0
30922,24995,0
30923,24995,0
30924,24995,0
30925,24995,0
30926,24995,0
30927,24995,0
30928,24995,0
30929,24995,0
30930,24995,0
30931,24995,45
30932,24995,0
30933,24995,0
30934,25000,609
30935,24995,0
30936,24995,0
30937,25006,1209
30938,24995,0
30939,24995,0
30940,24995,0
30941,24995,0
30942,24995,0
30943,24995,0
30944,24995,0
30945,24995,0
30946,24995,0
30947,24995,0
30948,24995,0
30949,25499,52413
30950,24995,0
30951,24995,0
30952,24995,0
30953,24997,209
30954,24995,0
30955,24995,0
30956,24995,0
30957,24995,0
30958,24995,0
30959,25015,2122
30960,25010,1613
30961,24995,0
30962,24995,0
30963,24995,0
30964,25021,2738
30965,24995,0
30966,24995,0
30967,24995,0
30968,24995,0
30969,24995,0
30970,24995,0
30971,24995,0
30972,24995,0
30973,24995,0
30974,24995,0
30975,25016,2229
30976,25014,2009
30977,24995,0
30978,24995,0
30979,24995,0
30980,24995,0
30981,24995,0
30982,24995,0
30983,24995,0
30984,24995,0
30985,24995,9
30986,24995,0
30987,24995,0
30988,24995,0
30989,24995,0
30990,25000,563
30991,24995,0
30992,24995,0
30993,24996,129
30994,24995,0
30995,24995,0
30996,25001,638
30997,24995,0
30998,24995,0
30999,24995,0
31000,24995,0
31001,24995,0
31002,24995,0
31003,24995,0
31004,24995,0
31005,24995,68
31006,24995,0
31007,24995,0
31008,24999,513
31009,24995,0
31010,24995,0
31011,24995,0
31012,24995,0
31013,24995,0
31014,24995,0
31015,25057,6579
31016,24995,0
31017,25008,1364
31018,24995,0
31019,24995,0
31020,24995,0
31021,24995,0
31022,24995,0
31023,24995,0
31024,24995,9
31025,24995,0
31026,24995,0
31027,24995,0
31028,24995,0
31029,24995,0
31030,24995,0
31031,24995,0
31032,25005,1086
31033,25009,1509
31034,24995,0
31035,24995,0
31036,25000,522
31037,25012,1868
31038,24995,0
31039,25004,945
31040,24999,513
31041,24995,0
31042,24995,0
31043,24995,0
31044,24999,509
31045,24995,0
31046,24995,0
31047,24995,0
31048,24995,0
31049,24995,0
31050,24995,0
31051,25001,718
31052,24995,0
31053,24995,0
31054,24995,0
31055,24998,318
31056,24995,0
31057,24995,0
31058,24995,0
31059,24995,0
31060,24995,0
31061,24995,0
31062,25009,1533
31063,24995,0
31064,24995,0
31065,25003,909
31066,24995,0
31067,24995,0
31068,24995,0
31069,24995,0
31070,25004,1018
31071,24995,0
31072,24995,0
31073,24995,0
31074,24997,289
31075,24995,0
31076,24995,0
31077,25009,1564
31078,24995,0
31079,25017,2318
31080,24995,0
31081,24995,0
31082,24995,0
31083,24997,286
31084,24995,0
31085,24995,0
31086,24995,0
31087,24995,0
31088,24998,409
31089,24995,0
31090,24995,0
31091,24995,0
31092,25031,3813
31093,24996,109
31094,24995,0
31095,24995,0
31096,25476,50059
31097,24995,0
31098,24995,0
31099,24998,409
31100,24995,0
31101,24995,0
31102,24995,0
31103,24995,0
31104,24995,0
31105,24995,0
31106,24995,0
31107,24995,0
31108,24995,0
31109,24995,0
31110,24995,0
31111,24995,0
31112,24995,0
31113,24995,0
31114,24995,0
31115,24995,0
31116,24995,0
31117,24995,0
31118,24995,0
31119,24995,0
31120,24995,0
31121,24995,0
31122,24995,0
31123,24995,0
31124,24995,0
31125,25011,1713
31126,24995,0
31127,24995,0
31128,24995,0
31129,24995,0
31130,24995,0
31131,24995,0
31132,24995,0
31133,24995,18
31134,25032,3890
31135,24995,0
31136,24995,0
31137,24995,0
31138,24995,0
31139,24995,0
31140,24995,0
31141,24995,0
31142,24995,0
31143,25001,709
31144,24995,0
31145,24995,0
31146,24995,0
31147,24995,0
31148,24995,0
31149,24995,0
31150,24995,0
31151,25018,2409
31152,24995,0
31153,24995,0
31154,24995,0
31155,24998,309
31156,24995,0
31157,24995,0
31158,24995,0
31159,24995,0
31160,24995,0
31161,24995,0
31162,24995,0
31163,24995,0
31164,24995,0
31165,24995,0
31166,25002,829
31167,24995,0
31168,24995,0
31169,24995,0
31170,24995,0
31171,24995,0
31172,24995,0
31173,24995,0
31174,24995,0
31175,24995,0
31176,24995,0
31177,24995,0
31178,24995,0
31179,24995,0
31180,24995,0
31181,24995,0
31182,24995,0
31183,24995,0
31184,24995,0
31185,24995,9
31186,24995,0
31187,24995,0
31188,24995,0
31189,25003,868
31190,24995,18
31191,24995,0
31192,24995,0
31193,24995,0
31194,24995,0
31195,25001,668
31196,24995,0
31197,25006,1159
31198,24995,0
31199,24995,0
31200,24995,0
31201,24995,0
31202,24995,0
31203,24995,0
31204,24995,0
31205,24995,0
31206,25021,2778
31207,25030,3738
31208,24995,0
31209,24995,0
31210,24995,0
31211,24995,0
31212,24995,0
31213,24995,0
31214,24995,0
31215,25002,809
31216,25118,12909
31217,24995,0
31218,24995,0
31219,24997,209
31220,25000,609
31221,24995,0
31222,24995,0
31223,24995,0
31224,24995,0
31225,25011,1685
31226,24995,0
31227,24995,0
31228,24995,0
31229,24995,0
31230,24995,59
31231,24995,0
31232,24995,0
31233,24995,0
31234,24995,0
31235,24995,0
31236,24995,49
31237,24995,0
31238,24995,0
31239,24995,0
31240,24995,0
31241,24999,426
31242,24995,0
31243,24995,0
31244,24995,0
31245,24995,0
31246,24995,0
31247,24995,0
31248,24995,0
31249,25092,10218
31250,24995,0
31251,24995,0
31252,24995,0
31253,24995,0
31254,24996,109
31255,24995,0
31256,24995,0
31257,24995,0
31258,24995,0
31259,24995,0
31260,24995,0
31261,24995,0
31262,24995,0
31263,24995,0
31264,24995,0
31265,24995,0
31266,24995,0
31267,24995,0
31268,24998,401
31269,25007,1292
31270,24995,0
31271,24995,0
31272,24995,0
31273,24995,0
31274,24995,0
31275,24995,0
31276,24995,0
31277,24995,0
31278,24995,0
31279,24995,0
31280,24995,0
31281,24995,0
31282,24999,506
31283,25011,1754
31284,24995,0
31285,24995,0
31286,24995,0
31287,24995,0
31288,25022,2913
31289,24995,0
31290,24995,0
31291,25121,13195
31292,24995,0
31293,24995,0
31294,24995,0
31295,24995,0
31296,24995,0
31297,24995,0
31298,24995,0
31299,24995,0
31300,25003,858
31301,24995,0
31302,24995,0
31303,24995,0
31304,24995,0
31305,24995,18
31306,24995,0
31307,24995,0
31308,25007,1356
31309,25007,1318
31310,24995,0
31311,24995,0
31312,24995,0
31313,24995,0
31314,25065,7336
31315,24995,0
31316,24995,0
31317,24995,0
31318,24995,0
31319,24995,0
31320,24995,0
31321,25013,1936
31322,24995,0
31323,24995,0
31324,24995,0
31325,24995,0
31326,24995,0
31327,25008,1414
31328,24995,0
31329,24995,0
31330,24995,0
31331,24995,0
31332,24995,0
31333,24995,0
31334,24995,0
31335,24995,0
31336,24995,0
31337,25018,2413
31338,24995,0
31339,24995,0
31340,24995,0
31341,24995,0
31342,24995,0
31343,24995,0
31344,24995,0
31345,24995,0
31346,24995,0
31347,24995,0
31348,24995,0
31349,24995,0
31350,24995,0
31351,24995,0
31352,25257,27421
31353,24995,0
31354,24995,0
31355,24997,279
31356,24995,0
31357,24995,0
31358,24995,0
31359,24996,153
31360,24995,0
31361,24995,0
31362,24995,0
31363,24995,0
31364,24995,0
31365,24995,0
31366,24995,0
31367,24995,0
31368,24995,0
31369,24995,0
31370,24995,0
31371,24995,0
31372,24995,0
31373,24995,0
31374,24995,0
31375,24995,0
31376,24995,0
31377,24995,0
31378,24995,0
31379,24995,0
31380,24995,0
31381,24995,0
31382,24995,0
31383,24995,0
31384,24995,0
31385,24995,0
31386,24995,0
31387,24995,0
31388,24995,0
31389,24995,0
31390,24998,359
31391,24997,213
31392,24995,0
31393,24995,0
31394,24995,0
31395,24995,0
31396,24995,0
31397,24995,0
31398,24995,0
31399,24995,0
31400,24995,0
31401,24995,0
31402,25001,718
31403,24995,0
31404,24995,0
31405,24995,0
31406,24995,0
31407,24995,0
31408,24995,0
31409,24995,9
31410,24995,0
31411,24995,0
31412,24995,0
31413,24995,0
31414,24995,9
31415,24995,0
31416,24995,0
31417,24995,0
31418,24995,0
31419,24995,0
31420,24995,0
31421,25001,623
31422,24995,0
31423,24995,0
31424,24995,0
31425,24995,0
31426,24995,0
31427,24995,0
31428,24995,0
31429,24995,0
31430,24995,0
31431,24995,0
31432,24995,0
31433,24995,0
31434,24995,0
31435,24995,0
31436,24995,0
31437,24995,0
31438,24995,0
31439,24995,0
31440,24995,0
31441,24995,0
31442,24995,0
31443,25018,2462
31444,24995,0
31445,24995,0
31446,24995,0
31447,24995,0
31448,25004,1038
31449,24995,0
31450,24995,0
31451,24995,0
31452,24995,0
31453,24995,0
31454,24995,0
31455,25006,1222
31456,24995,0
31457,24995,0
31458,25030,3759
31459,24995,0
31460,25072,8133
31461,24995,0
31462,24995,0
31463,24995,0
31464,25020,2638
31465,24996,109
31466,24995,0
31467,24995,0
31468,25000,618
31469,24995,0
31470,24995,0
31471,24995,0
31472,24995,0
31473,24995,0
31474,24995,0
31475,25013,1963
31476,24995,0
31477,25002,759
31478,24995,0
31479,24995,0
31480,24995,0
31481,24995,0
31482,24995,0
31483,24995,0
31484,24995,0
31485,24995,0
31486,25000,563
31487,24995,0
31488,24995,0
31489,24995,0
31490,24995,0
31491,24995,0
31492,24995,0
31493,24995,0
31494,24995,0
31495,24995,0
31496,24995,0
31497,24995,0
31498,24995,0
31499,24995,0
31500,24995,0
31501,24995,0
31502,24995,0
31503,24995,0
31504,24995,0
31505,24995,0
31506,25000,526
31507,24995,0
31508,24995,0
31509,24998,322
31510,24995,0
31511,24995,0
31512,24995,0
31513,24995,0
31514,24995,0
31515,25012,1809
31516,24995,9
31517,24995,0
31518,24998,368
31519,25006,1209
31520,24995,0
31521,24998,313
31522,24995,0
31523,24995,0
31524,24995,0
31525,24995,0
31526,24995,0
31527,24995,0
31528,24999,509
31529,24995,0
31530,24995,0
31531,24995,0
31532,25004,1029
31533,24995,0
31534,25001,649
31535,24995,0
31536,24995,0
31537,24995,0
31538,25002,809
31539,24995,0
31540,24995,0
31541,24995,0
31542,24995,0
31543,24995,0
31544,24995,0
31545,24995,0
31546,24995,0
31547,24995,0
31548,24995,0
31549,24995,0
31550,24995,0
31551,25028,3547
31552,24995,0
31553,24995,0
31554,25009,1509
31555,24995,0
31556,24995,0
31557,24995,0
31558,24995,0
31559,24997,209
31560,24995,0
31561,24995,0
31562,24995,0
31563,24995,0
31564,24995,0
31565,25004,1033
31566,24995,0
31567,24995,9
31568,24995,0
31569,24995,0
31570,24995,0
31571,24995,0
31572,24995,0
31573,24996,109
31574,25020,2636
31575,24995,0
31576,24995,0
31577,24995,0
31578,24995,0
31579,25476,50059
31580,25016,2259
31581,24995,0
31582,24995,0
31583,24995,0
31584,24995,0
31585,24995,0
31586,24995,0
31587,24995,0
31588,24995,0
31589,25026,3309
31590,24995,0
31591,24995,0
31592,24995,0
31593,24995,0
31594,24995,0
31595,24995,0
31596,24995,0
31597,24995,0
31598,24995,0
31599,25000,588
31600,24995,0
31601,24995,0
31602,24995,0
31603,24995,0
31604,24995,0
31605,24995,0
31606,24995,0
31607,24995,0
31608,24995,0
31609,24995,0
31610,24995,0
31611,24995,0
31612,24995,0
31613,24995,0
31614,25002,829
31615,24995,0
31616,24995,0
31617,24995,0
31618,24995,0
31619,24995,0
31620,24995,0
31621,24995,0
31622,24995,0
31623,24995,0
31624,24995,0
31625,24995,18
31626,24995,0
31627,24995,0
31628,24995,0
31629,24995,0
31630,24995,0
31631,25005,1078
31632,24995,0
31633,24995,0
31634,24995,0
31635,25001,709
31636,25067,7568
31637,25018,2409
31638,24995,0
31639,24998,409
31640,24995,0
31641,24995,0
31642,24995,0
31643,24995,0
31644,24995,0
31645,24995,0
31646,24995,0
31647,24995,0
31648,24995,0
31649,24995,0
31650,24995,0
31651,24995,0
31652,24995,0
31653,24995,0
31654,24995,0
31655,24999,509
31656,24995,0
31657,24995,0
31658,24995,0
31659,25024,3127
31660,24995,0
31661,24995,0
31662,24995,0
31663,24995,0
31664,24995,0
31665,24995,0
31666,24995,0
31667,24995,0
31668,24995,0
31669,24995,0
31670,25013,1977
31671,24995,0
31672,24995,0
31673,24995,0
31674,24995,13
31675,24995,0
31676,24995,0
31677,24998,359
31678,24995,0
31679,24995,0
31680,24995,0
31681,24995,0
31682,24996,109
31683,24995,0
31684,24995,0
31685,24995,0
31686,24995,0
31687,24995,0
31688,24998,368
31689,24995,0
31690,24995,0
31691,24995,0
31692,24995,0
31693,25014,2018
31694,24997,209
31695,25005,1138
31696,24995,0
31697,24995,0
31698,24995,9
31699,24995,0
31700,24995,0
31701,24995,0
31702,24995,0
31703,24995,0
31704,24995,0
31705,24995,0
31706,24995,0
31707,24995,0
31708,24995,0
31709,24995,0
31710,24995,0
31711,24995,0
31712,24995,0
31713,24995,0
31714,24995,0
31715,24995,0
31716,24995,0
31717,24995,0
31718,24995,0
31719,24995,0
31720,24995,0
31721,24995,0
31722,24995,0
31723,24995,0
31724,24997,209
31725,24995,0
31726,24995,0
31727,24995,0
31728,24995,0
31729,24995,0
31730,25002,818
31731,24995,0
31732,24995,0
31733,24995,0
31734,24995,0
31735,24995,0
31736,24995,0
31737,24995,0
31738,24995,0
31739,24995,0
31740,24995,0
31741,24995,0
31742,24995,0
31743,25014,1996
31744,24995,0
31745,24995,0
31746,24995,0
31747,24995,0
31748,24995,0
31749,24995,0
31750,24995,0
31751,24995,0
31752,24995,0
31753,24995,0
31754,24995,0
31755,24995,0
31756,24995,0
31757,24995,0
31758,24995,0
31759,24995,0
31760,24995,59
31761,24995,0
31762,24997,259
31763,24995,0
31764,24995,0
31765,24995,0
31766,24995,33
31767,24995,0
31768,25001,663
31769,24995,0
31770,24995,0
31771,24995,0
31772,24995,0
31773,24995,0
31774,24995,0
31775,24995,0
31776,24995,0
31777,24995,0
31778,24995,0
31779,24995,0
31780,24995,0
31781,24995,0
31782,24995,0
31783,24995,0
31784,24995,0
31785,24995,0
31786,24995,0
31787,24995,0
31788,24995,0
31789,25034,4129
31790,24995,0
31791,25004,979
31792,24995,0
31793,24995,0
31794,24996,129
31795,24995,0
31796,24995,0
31797,24995,0
31798,24995,0
31799,24995,0
31800,25009,1509
31801,24995,0
31802,25004,963
31803,24995,0
31804,24995,0
31805,24995,0
31806,24995,0
31807,24995,0
31808,24995,0
31809,24995,0
31810,24995,0
31811,25000,536
31812,24995,0
31813,24995,0
31814,24995,0
31815,24995,0
31816,24995,0
31817,24995,0
31818,24995,0
31819,24995,0
31820,24995,0
31821,24995,0
31822,24995,0
31823,24995,0
31824,24995,0
31825,24995,0
31826,24995,0
31827,24995,0
31828,25001,709
31829,24995,0
31830,24995,0
31831,24995,0
31832,24998,409
31833,24995,0
31834,24995,0
31835,24995,0
31836,24998,368
31837,24995,0
31838,24995,0
31839,24995,0
31840,24995,0
31841,25027,3453
31842,25020,2668
31843,25000,588
31844,24995,0
31845,24995,0
31846,24995,0
31847,24995,0
31848,24999,429
31849,24995,0
31850,24995,0
31851,24995,0
31852,24995,0
31853,24995,0
31854,24995,0
31855,25014,2038
31856,25003,909
31857,24996,163
31858,24997,209
31859,24995,0
31860,24995,0
31861,24995,0
31862,24995,0
31863,25032,3909
31864,24995,0
31865,24995,0
31866,24995,0
31867,24995,0
31868,24995,0
31869,24995,0
31870,24995,0
31871,24995,0
31872,24995,9
31873,24995,0
31874,24995,0
31875,24995,0
31876,24995,0
31877,24995,0
31878,24995,0
31879,24995,0
31880,24995,0
31881,25021,2809
31882,24995,0
31883,24995,0
31884,25009,1563
31885,24995,0
31886,25034,4163
31887,24995,0
31888,24995,0
31889,24995,0
31890,24995,0
31891,24995,0
31892,24995,0
31893,24995,0
31894,24995,0
31895,24995,29
31896,24995,0
31897,24995,0
31898,24999,433
31899,24995,0
31900,24999,422
31901,24995,0
31902,24995,0
31903,24996,179
31904,24995,9
31905,24995,0
31906,24995,0
31907,24995,0
31908,24995,0
31909,24995,0
31910,24995,0
31911,24995,0
31912,24995,0
31913,24995,0
31914,24995,0
31915,24995,0
31916,24995,0
31917,24995,0
31918,24995,0
31919,24995,0
31920,24995,0
31921,24995,0
31922,24995,0
31923,24995,0
31924,24995,0
31925,24995,0
31926,24995,0
31927,24998,388
31928,24995,0
31929,25015,2118
31930,24995,0
31931,25004,1009
31932,24995,0
31933,24995,0
31934,24995,0
31935,24995,0
31936,24995,0
31937,24995,0
31938,25008,1363
31939,24995,0
31940,24995,0
31941,25017,2309
31942,24995,0
31943,24995,0
31944,25020,2633
31945,24995,0
31946,24995,0
31947,24995,0
31948,25016,2218
31949,24995,0
31950,24995,0
31951,24995,0
31952,24995,0
31953,24995,0
31954,25004,938
31955,24995,0
31956,24995,0
31957,24995,0
31958,24995,0
31959,24995,0
31960,25036,4318
31961,24995,0
31962,24995,0
31963,24995,0
31964,24995,0
31965,24995,0
31966,24995,0
31967,24995,0
31968,24995,0
31969,24995,0
31970,24995,0
31971,24995,0
31972,24995,0
31973,24995,0
31974,24995,0
31975,24995,0
31976,24995,0
31977,24995,0
31978,24995,0
31979,25007,1313
31980,25003,909
31981,24995,0
31982,24995,0
31983,24995,0
31984,24995,0
31985,24995,0
31986,24995,0
31987,24997,218
31988,24995,0
31989,24995,0
31990,24995,0
31991,24995,0
31992,24995,0
31993,25034,4119
31994,24995,0
31995,24995,0
31996,24995,0
31997,24995,0
31998,24995,0
31999,24995,0
32000,25000,609
32001,24995,0
32002,24995,0
32003,24995,0
32004,24995,0
32005,24995,0
32006,24995,0
32007,24995,0
32008,24995,0
32009,24999,512
32010,24995,0
32011,24995,0
32012,24995,0
32013,24995,0
32014,24995,0
32015,24995,0
32016,24995,0
32017,24995,0
32018,24995,0
32019,24995,0
32020,24995,0
32021,24995,0
32022,24995,0
32023,24995,0
32024,24995,0
32025,24995,0
32026,24995,0
32027,24995,0
32028,24995,0
32029,24995,0
32030,24995,0
32031,24995,0
32032,24995,0
32033,24995,0
32034,24995,0
32035,24995,0
32036,24995,0
32037,24995,0
32038,24995,0
32039,24995,0
32040,24995,0
32041,24995,0
32042,24995,0
32043,24995,0
32044,24995,0
32045,24995,0
32046,24995,0
32047,24995,0
32048,24995,0
32049,24995,0
32050,25006,1213
32051,24999,509
32052,24995,0
32053,25007,1318
32054,24995,0
32055,24995,0
32056,24995,0
32057,24995,0
32058,24995,0
32059,24995,0
32060,24995,0
32061,24995,0
32062,24995,31
32063,24995,0
32064,24995,0
32065,24995,0
32066,24995,0
32067,24995,0
32068,24995,0
32069,24996,159
32070,24995,0
32071,24995,0
32072,24995,0
32073,24995,0
32074,24995,0
32075,25003,849
32076,24995,0
32077,24995,0
32078,25019,2583
32079,24995,0
32080,24995,0
32081,24997,233
32082,25025,3213
32083,24995,0
32084,24995,0
32085,25041,4913
32086,24995,0
32087,24999,438
32088,24995,0
32089,24995,0
32090,24998,318
32091,24995,0
32092,24995,0
32093,24995,0
32094,24995,0
32095,24995,0
32096,24995,0
32097,24995,0
32098,24995,0
32099,24995,0
32100,24995,0
32101,24995,0
32102,25003,929
32103,24995,0
32104,24995,0
32105,24995,0
32106,24995,0
32107,24995,0
32108,24995,0
32109,24995,0
32110,25050,5818
32111,24995,0
32112,25012,1809
32113,24995,0
32114,24995,0
32115,24995,0
32116,24995,0
32117,25047,5518
32118,25043,5029
32119,24995,0
32120,24995,0
32121,24995,0
32122,24995,0
32123,24995,0
32124,24995,0
32125,24995,0
32126,24995,0
32127,24995,0
32128,25010,1579
32129,24995,0
32130,24995,0
32131,24995,0
32132,24995,0
32133,24995,0
32134,24995,0
32135,24995,0
32136,24995,0
32137,24995,0
32138,24995,0
32139,24995,0
32140,24995,0
32141,25039,4713
32142,24995,0
32143,24995,0
32144,24995,0
32145,24995,0
32146,24995,0
32147,24995,0
32148,24995,0
32149,24995,0
32150,24995,0
32151,24995,0
32152,24995,0
32153,24995,0
32154,24995,0
32155,24995,0
32156,24998,359
32157,24995,0
32158,24995,0
32159,24995,0
32160,24995,0
32161,25001,649
32162,24995,0
32163,24995,0
32164,24995,0
32165,24995,0
32166,24995,0
32167,25004,976
32168,24995,0
32169,24995,0
32170,24995,0
32171,25004,1038
32172,24995,0
32173,24995,0
32174,24995,0
32175,24995,0
32176,24995,0
32177,24995,0
32178,24995,0
32179,24995,0
32180,24995,0
32181,24995,0
32182,24995,0
32183,24995,0
32184,24995,0
32185,24995,0
32186,24995,0
32187,24995,0
32188,24995,0
32189,24995,0
32190,25003,859
32191,24995,0
32192,24995,0
32193,24995,0
32194,24995,0
32195,24995,0
32196,24995,0
32197,24997,263
32198,24995,0
32199,24995,0
32200,24995,0
32201,24995,0
32202,24995,0
32203,24995,0
32204,24995,0
32205,24995,0
32206,24995,0
32207,24995,0
32208,24995,0
32209,24995,0
32210,24995,0
32211,24995,0
32212,24995,0
32213,24995,0
32214,24995,0
32215,24995,0
32216,24995,0
32217,24999,459
32218,24995,0
32219,25102,11306
32220,24995,0
32221,24995,0
32222,24995,0
32223,24995,0
32224,24995,0
32225,24995,0
32226,24995,0
32227,24997,268
32228,24995,0
32229,24995,0
32230,24995,0
32231,24995,0
32232,24995,0
32233,24995,0
32234,24995,0
32235,24995,0
32236,24998,329
32237,24995,0
32238,24995,0
32239,24995,0
32240,24995,0
32241,24995,0
32242,24995,0
32243,24995,0
32244,25014,2059
32245,24995,0
32246,24995,0
32247,24995,0
32248,24996,109
32249,24995,0
32250,24995,0
32251,24995,0
32252,24995,0
32253,24995,0
32254,24995,0
32255,24998,333
32256,24995,0
32257,24995,0
32258,24995,0
32259,24995,0
32260,24995,0
32261,25029,3609
32262,24995,0
32263,24995,0
32264,24995,0
32265,24995,0
32266,24995,0
32267,24995,0
32268,24995,0
32269,24995,0
32270,24995,0
32271,24995,0
32272,24995,0
32273,24995,0
32274,24995,0
32275,24995,0
32276,24995,0
32277,24995,0
32278,24995,0
32279,24995,0
32280,24995,0
32281,24995,0
32282,24995,0
32283,24995,0
32284,24995,0
32285,24995,0
32286,24995,0
32287,24995,0
32288,24995,0
32289,24995,0
32290,24995,0
32291,24995,0
32292,24995,0
32293,24995,0
32294,25001,709
32295,24995,0
32296,24995,0
32297,25031,3805
32298,24995,0
32299,24995,0
32300,24995,0
32301,24995,0
32302,24995,0
32303,24995,0
32304,24995,0
32305,24995,0
32306,24995,0
32307,24995,0
32308,24995,0
32309,24995,0
32310,24995,0
32311,25000,559
32312,24995,0
32313,24995,0
32314,24995,0
32315,24995,0
32316,24995,0
32317,25016,2229
32318,24995,0
32319,24995,0
32320,24995,0
32321,24995,0
32322,24995,0
32323,24995,0
32324,24995,0
32325,24995,0
32326,25013,1909
32327,24995,0
32328,24995,0
32329,24995,0
32330,25002,809
32331,24995,0
32332,24995,0
32333,24995,0
32334,24995,0
32335,25014,2074
32336,25003,909
32337,24995,0
32338,24995,0
32339,24995,0
32340,24995,0
32341,24995,0
32342,24995,0
32343,24995,0
32344,24995,0
32345,24995,0
32346,24995,0
32347,24995,0
32348,25009,1509
32349,24995,0
32350,24995,0
32351,25003,913
32352,24995,0
32353,24995,0
32354,24995,0
32355,24995,0
32356,24995,0
32357,24995,0
32358,24995,0
32359,24995,0
32360,25014,2079
32361,24995,0
32362,24995,0
32363,24995,0
32364,24995,0
32365,24995,0
32366,24995,0
32367,24995,0
32368,24995,0
32369,24995,0
32370,24995,0
32371,24995,0
32372,24995,9
32373,24995,0
32374,25158,17127
32375,24995,0
32376,24995,0
32377,24995,0
32378,24995,0
32379,25033,4009
32380,24995,0
32381,24995,0
32382,24995,0
32383,24995,0
32384,24995,0
32385,24995,0
32386,24995,0
32387,24995,0
32388,24995,0
32389,24995,0
32390,24995,0
32391,24995,0
32392,24995,0
32393,24995,0
32394,24995,13
32395,24995,0
32396,24995,0
32397,24995,47
32398,24995,0
32399,24995,0
32400,24995,0
32401,24995,0
32402,24995,0
32403,24995,0
32404,25017,2313
32405,24995,0
32406,24995,0
32407,24995,0
32408,24995,0
32409,24995,0
32410,24995,0
32411,24995,0
32412,24997,209
32413,24995,0
32414,24995,0
32415,24995,0
32416,24995,0
32417,24998,309
32418,24995,0
32419,24995,0
32420,24995,0
32421,25020,2712
32422,24995,0
32423,24995,0
32424,24995,0
32425,24995,0
32426,24995,0
32427,24995,0
32428,24995,0
32429,24995,0
32430,25009,1513
32431,24995,0
32432,24995,0
32433,24996,163
32434,24995,0
32435,24995,0
32436,24995,0
32437,24995,0
32438,24995,0
32439,24995,0
32440,24995,0
32441,24995,0
32442,24995,0
32443,24995,0
32444,24995,0
32445,24997,259
32446,24995,0
32447,24995,0
32448,24995,0
32449,24995,0
32450,24995,0
32451,24995,0
32452,24995,0
32453,24995,0
32454,24995,29
32455,24995,9
32456,24995,0
32457,24995,0
32458,24995,0
32459,24995,0
32460,24995,0
32461,24995,0
32462,24995,0
32463,24995,0
32464,24995,0
32465,24995,0
32466,24998,309
32467,24995,0
32468,24995,0
32469,24998,383
32470,25007,1263
32471,24995,0
32472,24995,0
32473,24995,0
32474,25006,1172
32475,24995,0
32476,24995,0
32477,24995,0
32478,24995,0
32479,24995,0
32480,24995,0
32481,25032,3909
32482,24995,0
32483,24995,0
32484,24995,0
32485,24995,0
32486,24995,0
32487,24995,0
32488,24995,0
32489,24995,0
32490,24995,0
32491,24995,0
32492,24995,0
32493,24995,0
32494,24995,0
32495,24995,0
32496,24995,0
32497,24995,0
32498,24995,0
32499,24995,0
32500,24995,0
32501,24995,0
32502,24995,0
32503,24995,0
32504,24995,0
32505,25010,1572
32506,24995,0
32507,24995,0
32508,24995,0
32509,25002,809
32510,24995,0
32511,24995,0
32512,24995,0
32513,24995,0
32514,25000,605
32515,24995,0
32516,25000,609
32517,24995,0
32518,24995,0
32519,24998,359
32520,25003,840
32521,24995,0
32522,24996,112
32523,24995,0
32524,24997,259
32525,24995,0
32526,24995,0
32527,24995,0
32528,24995,0
32529,24995,0
32530,24995,0
32531,24995,0
32532,24995,0
32533,24995,0
32534,24995,0
32535,25023,3009
32536,24995,0
32537,24995,0
32538,24995,0
32539,24995,0
32540,24995,0
32541,24995,0
32542,24998,409
32543,24995,0
32544,24995,0
32545,25000,533
32546,24995,0
32547,24995,0
32548,25003,868
32549,24995,0
32550,24995,0
32551,24995,0
32552,24995,0
32553,24995,0
32554,24995,0
32555,24995,0
32556,24995,0
32557,24998,309
32558,24995,0
32559,24995,0
32560,24995,0
32561,24995,0
32562,24995,0
32563,24995,0
32564,24995,0
32565,24995,0
32566,24995,0
32567,24995,0
32568,24995,0
32569,24995,0
32570,24998,409
32571,24995,0
32572,24995,0
32573,24995,0
32574,24995,0
32575,24995,0
32576,24995,0
32577,24995,0
32578,24995,0
32579,24997,213
32580,24995,0
32581,24995,0
32582,24995,0
32583,24995,0
32584,24995,0
32585,24995,0
32586,24999,509
32587,24995,0
32588,24995,0
32589,25004,968
32590,24995,0
32591,24995,0
32592,24995,0
32593,24995,0
32594,24995,0
32595,24995,0
32596,24995,0
32597,24995,0
32598,24995,0
32599,24995,0
32600,24995,0
32601,24995,0
32602,24995,0
32603,25000,609
32604,24995,0
32605,24998,347
32606,24995,0
32607,24995,0
32608,24995,0
32609,24995,0
32610,24995,0
32611,24995,0
32612,24995,0
32613,24995,0
32614,25000,609
32615,24999,468
32616,24995,0
32617,24995,0
32618,24995,0
32619,24995,0
32620,24995,0
32621,24995,0
32622,24995,0
32623,24995,0
32624,24995,0
32625,24995,0
32626,24995,0
32627,24995,0
32628,24995,0
32629,24995,0
32630,24995,0
32631,24995,0
32632,24995,0
32633,24995,0
32634,24995,0
32635,24995,0
32636,24995,0
32637,24995,0
32638,24995,0
32639,24995,0
32640,24995,0
32641,24995,0
32642,25006,1159
32643,24995,0
32644,24995,0
32645,24995,0
32646,24995,0
32647,24995,0
32648,24995,0
32649,24995,0
32650,24995,0
32651,24995,0
32652,24995,0
32653,24995,0
32654,24995,0
32655,24995,0
32656,24995,0
32657,24995,0
32658,24995,0
32659,24995,0
32660,25004,1018
32661,24995,0
32662,24995,0
32663,24995,0
32664,24995,0
32665,24995,9
32666,24995,49
32667,24995,0
32668,24995,0
32669,24995,0
32670,24995,0
32671,24995,0
32672,24995,0
32673,24995,0
32674,24995,0
32675,24995,0
32676,24995,0
32677,24995,18
32678,24995,0
32679,24995,0
32680,24995,0
32681,24995,0
32682,25021,2779
32683,24995,0
32684,24995,0
32685,24995,0
32686,24995,0
32687,24995,0
32688,24995,0
32689,25106,11693
32690,24997,303
32691,24995,0
32692,24995,0
32693,24995,0
32694,24995,0
32695,24995,0
32696,25003,849
32697,24995,0
32698,24995,0
32699,24995,0
32700,24995,0
32701,24995,0
32702,25019,2579
32703,24995,0
32704,24995,0
32705,24999,479
32706,25011,1709
32707,24995,0
32708,24995,0
32709,24995,0
32710,24995,0
32711,24995,0
32712,24995,0
32713,24995,0
32714,24995,0
32715,24995,0
32716,24995,0
32717,24995,0
32718,24995,0
32719,24995,0
32720,24995,0
32721,24995,0
32722,24995,0
32723,24995,0
32724,24995,0
32725,24995,0
32726,24995,0
32727,24995,0
32728,24995,0
32729,24995,0
32730,24995,0
32731,24995,0
32732,24995,0
32733,24995,0
32734,24995,0
32735,24995,0
32736,24995,0
32737,24995,0
32738,24995,0
32739,24995,0
32740,24995,0
32741,24995,0
32742,24995,0
32743,24995,0
32744,24995,0
32745,24995,0
32746,24995,0
32747,24995,0
32748,25002,809
32749,24995,0
32750,24995,0
32751,24995,0
32752,24995,0
32753,24999,438
32754,24995,0
32755,24995,13
32756,24995,0
32757,24995,0
32758,24996,109
32759,24995,0
32760,24995,0
32761,25003,859
32762,24997,209
32763,24995,0
32764,24995,0
32765,24995,0
32766,24995,0
32767,24995,0
32768,24995,0
32769,24995,0
32770,25006,1191
32771,24995,0
32772,24995,0
32773,24995,0
32774,24995,0
32775,24995,0
32776,24995,0
32777,24995,59
32778,24995,0
32779,24995,0
32780,24995,0
32781,24995,0
32782,24995,0
32783,24995,0
32784,24995,0
32785,24995,0
32786,24995,0
32787,24995,0
32788,24995,0
32789,24995,0
32790,25008,1409
32791,25009,1518
32792,24995,0
32793,24995,0
32794,24995,0
32795,24995,0
32796,24995,0
32797,24999,444
32798,24995,0
32799,24995,0
32800,24995,0
32801,24995,0
32802,24995,0
32803,24995,0
32804,24995,0
32805,24995,0
32806,24995,0
32807,24995,0
32808,24995,0
32809,24995,0
32810,24995,0
32811,24995,0
32812,24995,0
32813,24995,0
32814,24995,0
32815,24995,0
32816,25114,12509
32817,24995,0
32818,24995,0
32819,25014,2009
32820,24995,0
32821,25004,963
32822,25010,1613
32823,24995,0
32824,24995,0
32825,24995,0
32826,24995,0
32827,24997,213
32828,24995,0
32829,24995,0
32830,24995,0
32831,24995,0
32832,24995,0
32833,24995,0
32834,24995,59
32835,24995,0
32836,24995,0
32837,24995,0
32838,24995,0
32839,24995,0
32840,24995,0
32841,24995,0
32842,24995,0
32843,24995,0
32844,24995,0
32845,24995,0
32846,24995,59
32847,24995,0
32848,25003,833
32849,24995,0
32850,24995,0
32851,25007,1303
32852,24995,0
32853,24995,0
32854,24995,0
32855,24995,0
32856,24995,0
32857,24995,0
32858,24995,0
32859,24995,0
32860,24995,0
32861,24995,0
32862,24995,0
32863,25002,738
32864,24995,0
32865,24995,0
32866,24995,0
32867,24995,0
32868,24995,0
32869,24995,0
32870,24995,0
32871,25004,1009
32872,25057,6509
32873,24995,0
32874,24995,0
32875,25478,50309
32876,24995,0
32877,24995,0
32878,24995,0
32879,24995,0
32880,24995,0
32881,24995,0
32882,24995,0
32883,24995,0
32884,24995,0
32885,24995,0
32886,24995,0
32887,24995,0
32888,24995,0
32889,24995,0
32890,24995,0
32891,24995,0
32892,24995,0
32893,24995,0
32894,24995,0
32895,24995,0
32896,24995,0
32897,24995,0
32898,24995,0
32899,24995,0
32900,24995,0
32901,24995,0
32902,24995,18
32903,24995,0
32904,24995,0
32905,24995,0
32906,24995,0
32907,24995,0
32908,24995,0
32909,24995,0
32910,24995,0
32911,24995,0
32912,24995,0
32913,24995,13
32914,24995,0
32915,24995,0
32916,24995,0
32917,24995,0
32918,24995,0
32919,24995,0
32920,24995,0
32921,24995,0
32922,24995,0
32923,24995,0
32924,24995,0
32925,24995,0
32926,24995,0
32927,24995,0
32928,24995,0
32929,24995,0
32930,24995,0
32931,24995,0
32932,24995,0
32933,24995,0
32934,24995,0
32935,24995,0
32936,24995,0
32937,24995,0
32938,24995,0
32939,24995,0
32940,24995,0
32941,24995,0
32942,25008,1429
32943,24995,0
32944,24995,0
32945,24995,36
32946,24995,0
32947,24995,0
32948,24995,0
32949,24995,0
32950,24995,0
32951,24995,0
32952,24995,0
32953,24995,0
32954,24995,0
32955,24995,0
32956,24995,0
32957,24997,209
32958,24995,0
32959,24995,0
32960,24995,0
32961,24995,0
32962,24995,0
32963,24995,0
32964,24995,0
32965,24995,0
32966,24995,0
32967,24995,9
32968,24995,0
32969,25008,1409
32970,24995,0
32971,25010,1663
32972,24999,458
32973,24995,0
32974,24995,0
32975,24995,0
32976,24995,0
32977,24995,0
32978,25018,2436
32979,24995,0
32980,24995,0
32981,24999,459
32982,24995,0
32983,24995,0
32984,24995,0
32985,24995,0
32986,24995,0
32987,25001,709
32988,24995,0
32989,24995,0
32990,24995,0
32991,24995,0
32992,24998,379
32993,24995,0
32994,24998,309
32995,25019,2609
32996,25004,1009
32997,24995,0
32998,24995,0
32999,24995,0
33000,24999,418
33001,24995,0
33002,24995,0
33003,24995,0
33004,24995,0
33005,25000,609
33006,24995,0
33007,24995,0
33008,24995,0
33009,24995,0
33010,24995,0
33011,24995,0
33012,24995,0
33013,24995,0
33014,24995,0
33015,24995,0
33016,24995,9
33017,24995,0
33018,24995,0
33019,24995,0
33020,25244,26109
33021,24995,0
33022,24995,0
33023,24995,0
33024,24995,0
33025,24995,0
33026,25004,1009
33027,24995,0
33028,24995,0
33029,24995,0
33030,25162,17488
33031,24995,0
33032,24995,0
33033,24995,0
33034,24995,0
33035,24995,0
33036,24995,0
33037,24995,0
33038,24995,0
33039,24995,27
33040,24995,0
33041,24995,0
33042,24995,0
33043,24995,0
33044,24996,109
33045,24995,0
33046,24995,0
33047,24995,0
33048,25015,2161
33049,24995,0
33050,24995,0
33051,24995,0
33052,24995,0
33053,24995,0
33054,24995,0
33055,24995,0
33056,24995,0
33057,24995,0
33058,24995,0
33059,25000,609
33060,24995,0
33061,24995,0
33062,24995,0
33063,24995,0
33064,24995,0
33065,24995,0
33066,24995,0
33067,25002,729
33068,24995,0
33069,24995,0
33070,24995,0
33071,25002,736
33072,24995,0
33073,25010,1613
33074,25036,4322
33075,24998,322
33076,24995,0
33077,24995,13
33078,24995,0
33079,24995,0
33080,24995,0
33081,24995,0
33082,24995,0
33083,24995,0
33084,24995,0
33085,25015,2109
33086,24995,0
33087,24995,0
33088,24995,0
33089,24995,0
33090,24995,0
33091,24995,0
33092,24995,0
33093,24995,0
33094,24995,0
33095,24995,0
33096,24995,0
33097,24995,0
33098,24995,0
33099,24995,0
33100,24995,0
33101,24995,0
33102,24995,0
33103,24995,0
33104,24995,0
33105,24995,0
33106,24995,0
33107,24995,0
33108,24995,9
33109,24995,0
33110,25009,1559
33111,24995,0
33112,24995,0
33113,24995,0
33114,24995,0
33115,24995,0
33116,24995,0
33117,24995,0
33118,24996,129
33119,25003,890
33120,24995,0
33121,24995,0
33122,24995,0
33123,24995,0
33124,24995,0
33125,24995,0
33126,24995,0
33127,24995,0
33128,24995,0
33129,25060,6909
33130,24995,0
33131,24995,0
33132,24995,0
33133,24995,0
33134,24995,0
33135,24995,0
33136,24999,509
33137,24995,0
33138,24995,0
33139,24995,0
33140,24995,0
33141,25001,718
33142,24995,0
33143,24995,0
33144,24998,403
33145,24995,0
33146,24995,0
33147,24995,0
33148,24995,0
33149,24995,0
33150,24995,0
33151,24995,0
33152,24995,0
33153,24995,0
33154,25000,609
33155,25017,2309
33156,24995,0
33157,24995,0
33158,24995,0
33159,24995,0
33160,24995,0
33161,24995,0
33162,24995,0
33163,24995,0
33164,24995,0
33165,24995,0
33166,24995,0
33167,24995,0
33168,24995,0
33169,24995,0
33170,24995,0
33171,24995,0
33172,24995,0
33173,24995,0
33174,24995,0
33175,24995,0
33176,25002,809
33177,24995,0
33178,24999,438
33179,25002,759
33180,24999,509
33181,24995,0
33182,24995,0
33183,25009,1518
33184,24995,0
33185,24995,0
33186,24995,0
33187,24995,0
33188,24995,0
33189,24995,0
33190,24995,0
33191,24995,0
33192,24995,0
33193,24995,0
33194,24996,131
33195,24995,0
33196,25002,729
33197,24995,0
33198,24995,0
33199,24999,459
33200,24995,0
33201,24995,0
33202,24995,0
33203,24995,0
33204,24995,0
33205,24995,0
33206,25006,1176
33207,25063,7209
33208,24995,0
33209,24995,0
33210,24995,0
33211,24997,209
33212,24995,0
33213,24995,0
33214,24995,0
33215,24995,0
33216,24995,0
33217,24995,0
33218,24995,0
33219,24995,0
33220,24995,0
33221,24995,0
33222,24995,0
33223,24995,0
33224,24995,0
33225,24995,0
33226,24995,0
33227,24995,0
33228,24995,0
33229,24995,0
33230,24995,0
33231,24995,0
33232,24995,0
33233,24995,0
33234,24995,0
33235,24995,0
33236,24995,0
33237,24995,0
33238,24995,0
33239,24995,0
33240,24995,0
33241,24995,0
33242,24995,0
33243,24995,0
33244,24998,372
33245,24995,0
33246,24995,0
33247,24995,0
33248,24995,0
33249,24995,0
33250,24995,0
33251,25056,6409
33252,25001,709
33253,24995,0
33254,24997,209
33255,24995,0
33256,24995,0
33257,24995,0
33258,24995,0
33259,24995,0
33260,24995,0
33261,24997,209
33262,24995,0
33263,24995,0
33264,24995,0
33265,24995,0
33266,24995,0
33267,24995,0
33268,24995,0
33269,25008,1425
33270,24995,0
33271,24995,0
33272,24995,0
33273,24995,0
33274,24995,0
33275,24995,0
33276,24995,0
33277,24995,0
33278,25002,797
33279,24995,0
33280,25006,1245
33281,25002,738
33282,24995,0
33283,24995,0
33284,24995,0
33285,24995,0
33286,24995,0
33287,24995,0
33288,24995,0
33289,24995,0
33290,24995,0
33291,24995,0
33292,24996,133
33293,24995,0
33294,24995,0
33295,24995,0
33296,24995,0
33297,24995,0
33298,24995,0
33299,24995,0
33300,24995,0
33301,24995,0
33302,24995,0
33303,24995,0
33304,24995,0
33305,25001,633
33306,24995,0
33307,24995,0
33308,25001,679
33309,24999,506
33310,24995,0
33311,24995,0
33312,25034,4109
33313,24995,0
33314,24995,0
33315,24995,0
33316,25010,1596
33317,24995,0
33318,25002,822
33319,24995,0
33320,24995,0
33321,24995,0
33322,24995,0
33323,24995,0
33324,24995,0
33325,25019,2613
33326,24995,0
33327,24995,0
33328,24995,0
33329,25133,14452
33330,24995,0
33331,24995,0
33332,24995,0
33333,24995,0
33334,24995,0
33335,24995,0
33336,24995,0
33337,24995,0
33338,25010,1609
33339,24995,0
33340,24995,0
33341,24995,0
33342,24995,0
33343,25002,822
33344,24995,0
33345,25002,759
33346,24995,0
33347,24995,0
33348,24995,0
33349,24995,0
33350,24995,0
33351,24999,423
33352,24995,0
33353,24995,0
33354,24995,0
33355,24995,0
33356,24995,0
33357,24999,447
33358,24995,0
33359,25010,1668
33360,24995,0
33361,24999,422
33362,25018,2409
33363,24997,229
33364,24995,0
33365,24995,0
33366,24995,0
33367,24995,0
33368,24995,27
33369,24995,0
33370,24995,0
33371,24995,0
33372,24995,0
33373,24995,0
33374,24995,0
33375,24995,0
33376,24995,0
33377,24995,0
33378,24995,0
33379,24995,0
33380,24995,0
33381,24995,0
33382,24995,0
33383,24995,0
33384,24995,0
33385,24995,0
33386,24995,0
33387,24995,0
33388,24995,0
33389,24995,0
33390,24995,0
33391,24995,0
33392,24995,0
33393,25034,4183
33394,24995,0
33395,24995,0
33396,24995,0
33397,24995,0
33398,24995,0
33399,24995,0
33400,24995,0
33401,24995,0
33402,24995,0
33403,24995,0
33404,24995,0
33405,24995,0
33406,24995,0
33407,24995,0
33408,24995,0
33409,24995,0
33410,24999,418
33411,24995,0
33412,24995,0
33413,24995,0
33414,25006,1198
33415,24995,0
33416,24995,0
33417,24995,0
33418,25020,2659
33419,24995,0
33420,24995,0
33421,24995,0
33422,24995,0
33423,24995,0
33424,24995,0
33425,24995,0
33426,24995,0
33427,24995,0
33428,24995,0
33429,24995,0
33430,24995,0
33431,24995,0
33432,24995,0
33433,24995,0
33434,24995,0
33435,24995,0
33436,24995,0
33437,24995,0
33438,24995,0
33439,24995,0
33440,24995,0
33441,24995,0
33442,24995,0
33443,24995,0
33444,24995,0
33445,24995,0
33446,24995,0
33447,24995,0
33448,24995,0
33449,25002,731
33450,24995,0
33451,24995,0
33452,24995,0
33453,24995,0
33454,24995,0
33455,24995,0
33456,24995,0
33457,24995,0
33458,24995,0
33459,24995,0
33460,24995,0
33461,24995,0
33462,24995,0
33463,24995,0
33464,24995,0
33465,24995,0
33466,24995,0
33467,24995,0
33468,25033,4042
33469,24995,0
33470,24995,0
33471,24995,0
33472,24995,0
33473,24995,0
33474,25001,663
33475,24995,0
33476,24995,0
33477,24995,0
33478,24995,0
33479,24995,0
33480,24995,0
33481,24995,0
33482,24995,0
33483,24995,0
33484,24995,0
33485,24995,0
33486,24995,0
33487,24995,0
33488,24995,0
33489,24995,0
33490,24995,0
33491,24995,0
33492,24995,0
33493,24995,0
33494,24995,0
33495,24995,0
33496,24995,0
33497,24995,0
33498,24995,31
33499,24995,0
33500,24995,0
33501,24995,0
33502,24995,0
33503,24995,0
33504,24995,0
33505,25017,2338
33506,24995,0
33507,24995,0
33508,24995,0
33509,24995,0
33510,24995,0
33511,24995,0
33512,24996,179
33513,24995,0
33514,24995,0
33515,24995,0
33516,24995,0
33517,24995,0
33518,24995,0
33519,24995,0
33520,25042,4938
33521,24995,0
33522,24995,0
33523,24996,129
33524,24995,0
33525,24995,0
33526,24995,0
33527,24995,0
33528,24995,0
33529,24995,0
33530,24995,0
33531,24995,0
33532,24995,0
33533,24995,0
33534,24995,0
33535,24995,0
33536,24995,0
33537,24997,233
33538,24995,0
33539,24995,0
33540,24995,0
33541,24995,0
33542,24995,0
33543,24995,0
33544,24995,0
33545,24995,0
33546,24995,0
33547,24995,0
33548,24995,0
33549,24995,0
33550,24995,0
33551,24995,0
33552,25012,1822
33553,24995,0
33554,24995,0
33555,25004,1009
33556,24995,0
33557,24995,0
33558,24995,0
33559,24995,0
33560,24995,0
33561,24995,0
33562,24995,0
33563,24995,0
33564,24995,0
33565,24995,0
33566,24995,0
33567,24995,0
33568,24995,0
33569,24995,0
33570,24995,0
33571,24995,0
33572,25003,913
33573,24995,0
33574,24995,0
33575,25000,518
33576,25062,7051
33577,24995,0
33578,24995,0
33579,24995,0
33580,24995,0
33581,24995,0
33582,24998,389
33583,24995,0
33584,24995,0
33585,24995,0
33586,24995,0
33587,24995,0
33588,24995,0
33589,24995,0
33590,24995,0
33591,24995,0
33592,24995,0
33593,24995,0
33594,24995,0
33595,24995,0
33596,24995,0
33597,24995,0
33598,24995,0
33599,24995,0
33600,24995,0
33601,24995,0
33602,24995,0
33603,24995,36
33604,25068,7709
33605,24995,0
33606,24995,0
33607,24995,0
33608,24995,0
33609,24995,0
33610,25039,4618
33611,24995,0
33612,24995,0
33613,24995,0
33614,24995,0
33615,24995,0
33616,24995,0
33617,24995,0
33618,24995,0
33619,25000,599
33620,24995,0
33621,24995,0
33622,24995,0
33623,24995,0
33624,24995,0
33625,24995,0
33626,24995,0
33627,24995,0
33628,24995,0
33629,24995,0
33630,24995,0
33631,24995,0
33632,24995,0
33633,24995,0
33634,24995,0
33635,24995,0
33636,24995,0
33637,24995,0
33638,24995,0
33639,24995,0
33640,24995,0
33641,24995,0
33642,24995,0
33643,24995,0
33644,24995,0
33645,24995,0
33646,25020,2709
33647,25015,2118
33648,24995,0
33649,24995,0
33650,24995,0
33651,24995,0
33652,24995,0
33653,24995,9
33654,24995,0
33655,24995,0
33656,25235,25140
33657,24995,0
33658,24995,0
33659,24995,0
33660,24999,433
33661,25002,768
33662,25007,1318
33663,24996,109
33664,24995,0
33665,24995,0
33666,24995,0
33667,24995,0
33668,24995,0
33669,24995,0
33670,24995,0
33671,24995,0
33672,24995,0
33673,24998,379
33674,24995,0
33675,24995,0
33676,24995,0
33677,24995,0
33678,24997,209
33679,25002,818
33680,24995,0
33681,24995,0
33682,24995,0
33683,24995,0
33684,24995,0
33685,24995,0
33686,24995,0
33687,24995,0
33688,25005,1109
33689,24995,0
33690,24998,409
33691,24995,0
33692,24995,0
33693,24995,0
33694,24998,313
33695,24995,0
33696,24995,0
33697,24995,0
33698,24995,0
33699,24995,0
33700,24995,0
33701,24995,0
33702,24995,0
33703,24995,0
33704,24995,0
33705,24995,0
33706,24995,0
33707,24995,0
33708,24995,0
33709,24995,0
33710,24995,0
33711,24995,0
33712,24999,429
33713,24995,0
33714,24995,0
33715,24995,0
33716,24995,0
33717,24995,0
33718,24995,0
33719,24995,0
33720,24995,0
33721,24995,0
33722,24995,0
33723,24995,0
33724,24995,0
33725,24995,0
33726,24995,0
33727,24995,0
33728,24995,0
33729,24995,0
33730,24995,0
33731,24999,509
33732,24995,0
33733,24995,0
33734,24995,0
33735,24997,209
33736,24995,0
33737,25005,1072
33738,24995,0
33739,24995,0
33740,24995,0
33741,24995,0
33742,24995,0
33743,24999,459
33744,24995,0
33745,24995,0
33746,24995,49
33747,24995,0
33748,24995,0
33749,24995,22
33750,24995,0
33751,24995,0
33752,25199,21349
33753,24995,0
33754,24995,0
33755,24995,22
33756,24995,0
33757,24995,0
33758,24995,0
33759,24995,0
33760,24995,0
33761,24995,0
33762,25043,5127
33763,24995,0
33764,24995,0
33765,24995,0
33766,24995,0
33767,24995,0
33768,24995,0
33769,24995,0
33770,24995,0
33771,24995,0
33772,24995,0
33773,24995,0
33774,24995,0
33775,24995,0
33776,24995,0
33777,25017,2333
33778,24995,0
33779,24995,0
33780,25007,1309
33781,24995,0
33782,24995,0
33783,24995,0
33784,24995,0
33785,24995,0
33786,24995,0
33787,24995,0
33788,24995,0
33789,24995,0
33790,24995,0
33791,24995,0
33792,24995,0
33793,24995,0
33794,24995,0
33795,25016,2209
33796,24995,0
33797,24995,0
33798,24995,0
33799,24995,0
33800,24995,0
33801,24995,0
33802,24995,0
33803,24995,0
33804,24995,0
33805,24995,0
33806,24995,0
33807,24995,0
33808,24995,0
33809,24995,0
33810,24995,0
33811,24995,0
33812,24995,0
33813,24995,0
33814,24995,0
33815,24998,363
33816,24995,0
33817,24995,0
33818,24995,0
33819,24995,0
33820,24995,0
33821,24995,0
33822,24995,0
33823,24995,0
33824,25063,7168
33825,24995,0
33826,24995,0
33827,24995,0
33828,24995,0
33829,24999,463
33830,24995,0
33831,24995,0
33832,24995,0
33833,24995,0
33834,24995,0
33835,24995,0
33836,24995,0
33837,24995,0
33838,25000,522
33839,24995,0
33840,24995,0
33841,24995,0
33842,24995,0
33843,24995,0
33844,24995,0
33845,24995,0
33846,24995,0
33847,24995,0
33848,24996,149
33849,24995,0
33850,24995,0
33851,24995,0
33852,24995,0
33853,24995,0
33854,24995,0
33855,24995,0
33856,24995,0
33857,24995,0
33858,24995,0
33859,24995,0
33860,24995,0
33861,24995,0
33862,24998,409
33863,24995,0
33864,24995,0
33865,24995,0
33866,25000,518
33867,25392,41391
33868,25004,1009
33869,24995,0
33870,24995,0
33871,24995,0
33872,24995,0
33873,25004,1008
33874,24995,0
33875,24995,0
33876,25009,1509
33877,24995,0
33878,24995,0
33879,24995,0
33880,24995,0
33881,24995,0
33882,24995,0
33883,24995,0
33884,24995,0
33885,24995,0
33886,24995,0
33887,24995,0
33888,24995,0
33889,24995,0
33890,24995,0
33891,24995,0
33892,24995,0
33893,24995,0
33894,24995,0
33895,24995,0
33896,24995,0
33897,24995,0
33898,24995,0
33899,24995,0
33900,24995,0
33901,24995,0
33902,24995,0
33903,25020,2709
33904,24995,0
33905,24995,0
33906,25014,2029
33907,24995,0
33908,25021,2818
33909,24995,0
33910,24995,0
33911,24995,0
33912,24995,0
33913,24995,0
33914,24995,0
33915,24995,0
33916,24995,0
33917,24995,0
33918,24995,0
33919,25048,5574
33920,24995,0
33921,24995,0
33922,24995,0
33923,24995,0
33924,24995,0
33925,24995,0
33926,24995,0
33927,24995,0
33928,24995,0
33929,24995,0
33930,24995,0
33931,24995,0
33932,24995,0
33933,25021,2809
33934,24995,0
33935,24995,0
33936,24995,0
33937,25029,3626
33938,24995,0
33939,24995,0
33940,24995,0
33941,24995,0
33942,24995,0
33943,24995,0
33944,24995,0
33945,24995,0
33946,25010,1633
33947,24995,0
33948,24995,0
33949,24995,0
33950,24995,0
33951,24995,0
33952,24995,0
33953,24995,0
33954,24995,0
33955,24995,0
33956,24995,0
33957,25005,1088
33958,24995,0
33959,24995,0
33960,24995,0
33961,24995,0
33962,24995,0
33963,24995,0
33964,24995,0
33965,24995,0
33966,24995,0
33967,24995,0
33968,24995,0
33969,25015,2102
33970,24995,0
33971,24995,0
33972,24995,0
33973,24995,0
33974,25001,636
33975,24995,0
33976,24995,0
33977,24995,0
33978,24995,0
33979,24995,0
33980,24995,0
33981,24995,0
33982,24995,0
33983,24995,0
33984,24995,0
33985,24995,0
33986,24995,0
33987,24995,0
33988,24995,0
33989,24995,0
33990,24995,0
33991,24995,0
33992,24995,0
33993,24995,0
33994,24995,0
33995,24995,0
33996,24995,0
33997,24995,0
33998,24995,0
33999,24995,0
34000,24995,0
34001,24995,0
34002,24995,0
34003,24999,418
34004,24995,0
34005,25016,2259
34006,24995,0
34007,24995,0
34008,25037,4481
34009,24995,0
34010,24995,0
34011,24995,0
34012,24995,0
34013,24995,0
34014,24995,0
34015,24995,0
34016,24995,0
34017,24995,0
34018,24995,0
34019,24995,0
34020,24995,0
34021,25018,2506
34022,24995,0
34023,24995,0
34024,24995,0
34025,24995,0
34026,24995,0
34027,24999,438
34028,24995,0
34029,24995,0
34030,24995,0
34031,24995,0
34032,24995,0
34033,24995,0
34034,25018,2509
34035,24995,0
34036,24995,0
34037,24995,0
34038,24995,0
34039,24997,209
34040,24995,33
34041,24995,0
34042,24995,0
34043,24995,0
34044,24995,0
34045,24995,0
34046,24995,0
34047,24995,0
34048,24995,0
34049,24995,0
34050,24995,0
34051,24995,0
34052,24995,0
34053,25004,1013
34054,24995,0
34055,24995,0
34056,24995,0
34057,24995,0
34058,24995,0
34059,24995,0
34060,24995,0
34061,24995,0
34062,24995,0
34063,24995,0
34064,24995,0
34065,25140,15213
34066,25024,3059
34067,24995,0
34068,24995,0
34069,24995,0
34070,24995,0
34071,25006,1209
34072,24998,318
34073,24995,0
34074,24995,0
34075,24995,33
34076,24995,0
34077,24995,0
34078,24995,0
34079,24995,0
34080,24995,0
34081,24995,0
34082,24995,0
34083,24995,0
34084,24995,0
34085,25000,518
34086,24995,0
34087,24995,0
34088,24995,0
34089,24995,0
34090,24995,0
34091,24995,0
34092,24995,0
34093,24995,0
34094,24995,0
34095,24995,0
34096,24995,0
34097,24995,0
34098,24995,0
34099,24995,0
34100,24997,209
34101,24995,0
34102,24995,0
34103,24995,0
34104,24995,0
34105,24995,0
34106,24995,0
34107,24995,0
34108,24995,0
34109,24995,0
34110,24995,0
34111,25011,1689
34112,24995,0
34113,24995,0
34114,24995,0
34115,24995,0
34116,24995,0
34117,25002,729
34118,24995,0
34119,25003,859
34120,24995,0
34121,24995,0
34122,24995,0
34123,24995,0
34124,24995,0
34125,24995,0
34126,24995,0
34127,24995,0
34128,25002,729
34129,24995,0
34130,24995,0
34131,24995,0
34132,24995,0
34133,25046,5386
34134,24995,0
34135,24995,0
34136,24995,0
34137,24995,0
34138,24995,29
34139,24995,0
34140,24995,0
34141,24995,0
34142,24995,0
34143,24995,0
34144,24995,0
34145,24995,0
34146,24997,259
34147,25039,4667
34148,24995,0
34149,24995,0
34150,24995,0
34151,24995,0
34152,24995,0
34153,25001,709
34154,24995,0
34155,24995,0
34156,24995,0
34157,24995,0
34158,25007,1309
34159,25002,742
34160,24995,0
34161,24995,0
34162,24999,509
34163,25090,10027
34164,24995,0
34165,24995,0
34166,24997,279
34167,24995,59
34168,24995,0
34169,24995,0
34170,25009,1518
34171,24999,459
34172,24995,0
34173,24995,9
34174,24995,0
34175,24995,0
34176,25017,2338
34177,24995,0
34178,24995,0
34179,24995,0
34180,24995,0
34181,24995,0
34182,24995,0
34183,24995,0
34184,24995,0
34185,24995,0
34186,24995,0
34187,24995,0
34188,24995,0
34189,24995,0
34190,24995,0
34191,24995,0
34192,25000,593
34193,24995,0
34194,24995,0
34195,24995,0
34196,24995,0
34197,24995,0
34198,24995,0
34199,25000,522
34200,24995,0
34201,24995,0
34202,24995,0
34203,24995,0
34204,25007,1349
34205,24995,0
34206,24995,0
34207,24995,0
34208,24995,0
34209,24995,0
34210,24995,0
34211,24995,0
34212,24995,0
34213,24995,0
34214,24995,0
34215,24995,0
34216,24995,0
34217,24995,0
34218,24995,0
34219,24995,0
34220,24995,0
34221,24995,0
34222,24995,0
34223,24995,0
34224,24995,0
34225,24995,0
34226,24995,0
34227,24995,0
34228,24995,0
34229,24995,0
34230,25036,4303
34231,25475,50022
34232,24998,329
34233,24995,0
34234,24995,0
34235,24995,0
34236,24995,0
34237,24995,0
34238,24995,0
34239,24995,0
34240,25003,922
34241,24999,509
34242,24995,0
34243,24995,0
34244,24997,234
34245,24995,0
34246,24995,0
34247,24995,0
34248,24995,0
34249,25003,918
34250,24995,0
34251,24995,0
34252,24995,0
34253,24995,0
34254,24995,0
34255,24995,0
34256,25000,538
34257,24995,0
34258,24995,0
34259,24995,0
34260,24995,0
34261,24995,0
34262,24995,0
34263,24995,0
34264,24995,0
34265,24995,0
34266,24996,168
34267,24995,0
34268,24995,0
34269,24995,0
34270,24997,233
34271,24995,0
34272,24995,0
34273,24995,0
34274,24995,0
34275,24995,0
34276,24995,0
34277,24995,0
34278,24995,0
34279,24995,0
34280,24995,0
34281,24995,0
34282,24995,0
34283,24995,0
34284,24995,0
34285,24999,513
34286,24995,0
34287,24995,0
34288,24995,0
34289,24995,0
34290,24995,31
34291,25039,4609
34292,25174,18763
34293,24995,0
34294,24995,0
34295,24995,0
34296,25005,1072
34297,24995,0
34298,24995,0
34299,24995,0
34300,24995,0
34301,24995,0
34302,24995,0
34303,24995,0
34304,24995,0
34305,25045,5323
34306,25006,1209
34307,24995,0
34308,25005,1089
34309,24995,0
34310,24995,0
34311,24995,0
34312,24995,0
34313,25002,813
34314,24995,0
34315,24995,0
34316,24995,0
34317,24995,0
34318,24995,0
34319,24995,0
34320,24995,0
34321,25007,1252
34322,24995,0
34323,25037,4409
34324,24995,0
34325,24995,0
34326,24995,0
34327,24995,0
34328,24995,0
34329,24995,0
34330,24995,0
34331,24995,0
34332,24995,0
34333,24995,0
34334,24995,0
34335,24995,0
34336,24995,0
34337,24995,0
34338,24995,0
34339,24995,0
34340,24995,0
34341,24995,0
34342,24995,0
34343,24995,0
34344,25099,10932
34345,24995,0
34346,24995,0
34347,25012,1782
34348,24995,0
34349,25002,759
34350,24995,0
34351,24995,0
34352,24995,0
34353,24995,0
34354,24995,89
34355,24995,0
34356,24996,149
34357,24995,0
34358,24995,0
34359,25021,2795
34360,24995,0
34361,24995,0
34362,25012,1875
34363,24995,0
34364,25014,2013
34365,24995,0
34366,24996,109
34367,24995,0
34368,24995,0
34369,24995,0
34370,24995,0
34371,24995,0
34372,24995,0
34373,24995,0
34374,24995,13
34375,25036,4347
34376,24995,0
34377,24995,0
34378,24995,0
34379,25033,4013
34380,24995,0
34381,24995,0
34382,24995,0
34383,24995,0
34384,24995,0
34385,24995,0
34386,24995,0
34387,25016,2213
34388,24995,0
34389,24995,0
34390,25489,51413
34391,24995,0
34392,24995,0
34393,24995,0
34394,24995,0
34395,24995,0
34396,24995,0
34397,25052,5998
34398,24995,0
34399,24995,0
34400,24995,0
34401,25008,1365
34402,24995,0
34403,24995,0
34404,25029,3627
34405,24995,0
34406,24995,0
34407,24995,0
34408,24995,0
34409,24995,0
34410,24995,0
34411,24995,0
34412,24995,0
34413,24995,0
34414,24995,0
34415,24995,0
34416,24995,0
34417,24995,0
34418,24995,0
34419,24995,0
34420,24995,0
34421,24995,0
34422,24995,0
34423,24995,0
34424,24995,0
34425,24995,0
34426,24995,0
34427,25004,1018
34428,24999,438
34429,24999,438
34430,24995,0
34431,24995,0
34432,24995,0
34433,24995,0
34434,24995,0
34435,24998,309
34436,25005,1129
34437,24995,0
34438,24995,0
34439,24995,0
34440,25478,50313
34441,24995,0
34442,24995,0
34443,24995,0
34444,24995,0
34445,24995,0
34446,24995,0
34447,24995,0
34448,24995,0
34449,24995,0
34450,24995,0
34451,24995,9
34452,24995,0
34453,24995,0
34454,24995,0
34455,24995,0
34456,24995,0
34457,24995,0
34458,24995,0
34459,24995,0
34460,24995,0
34461,24995,0
34462,24995,9
34463,24995,0
34464,24995,0
34465,25000,609
34466,24995,0
34467,24995,0
34468,24995,0
34469,24995,0
34470,24995,0
34471,24995,0
34472,24995,0
34473,24995,0
34474,24995,0
34475,24999,468
34476,24995,0
34477,24995,0
34478,25002,749
34479,24995,0
34480,24995,0
34481,24995,0
34482,24995,0
34483,24995,0
34484,24998,313
34485,24995,0
34486,24995,0
34487,24995,0
34488,24995,0
34489,24995,0
34490,24995,0
34491,24995,0
34492,24995,0
34493,24998,313
34494,24995,0
34495,24995,0
34496,24995,0
34497,24995,0
34498,24995,0
34499,24995,0
34500,24995,0
34501,24995,0
34502,24995,0
34503,24995,0
34504,24995,0
34505,24996,142
34506,24995,0
34507,24995,0
34508,24995,0
34509,24995,22
34510,24995,0
34511,24995,0
34512,24995,0
34513,24995,0
34514,24995,33
34515,24995,0
34516,25009,1563
34517,25001,709
34518,24995,0
34519,24998,309
34520,24995,0
34521,24995,0
34522,24995,0
34523,24995,0
34524,24995,0
34525,24995,0
34526,24995,0
34527,24995,0
34528,24995,0
34529,24995,0
34530,24999,459
34531,24995,0
34532,25034,4142
34533,24995,0
34534,24995,0
34535,24995,0
34536,24995,0
34537,24995,0
34538,24995,0
34539,24995,0
34540,24995,0
34541,24995,0
34542,24995,0
34543,24995,0
34544,24995,0
34545,24995,0
34546,24995,0
34547,24995,0
34548,24995,69
34549,24995,0
34550,24995,0
34551,24995,0
34552,24995,0
34553,24995,0
34554,24995,0
34555,24995,0
34556,24995,0
34557,24995,0
34558,24995,0
34559,24995,0
34560,24995,0
34561,24995,0
34562,25003,909
34563,25010,1613
34564,24995,0
34565,24995,0
34566,24995,0
34567,24995,0
34568,24995,0
34569,24995,0
34570,25016,2218
34571,24995,0
34572,24995,0
34573,24995,0
34574,24995,0
34575,24995,0
34576,24995,0
34577,24995,0
34578,24999,459
34579,25061,7009
34580,24995,0
34581,33274,751169
34582,24995,0
34583,24995,0
34584,24995,59
34585,24995,0
34586,24995,0
34587,24995,0
34588,24995,0
34589,24995,0
34590,25114,12544
34591,24995,0
34592,24995,0
34593,24995,0
34594,24995,0
34595,24995,0
34596,24995,0
34597,24995,0
34598,24995,0
34599,24999,418
34600,24995,0
34601,24995,0
34602,24995,0
34603,24995,0
34604,24995,49
34605,24995,0
34606,24995,0
34607,24995,0
34608,24995,0
34609,24995,0
34610,25005,1109
34611,25021,2813
34612,24995,0
34613,24995,0
34614,24995,0
34615,24995,0
34616,24995,0
34617,24995,0
34618,24995,0
34619,24995,0
34620,24995,0
34621,24995,0
34622,24995,0
34623,24995,0
34624,24995,0
34625,24995,0
34626,24995,0
34627,24995,0
34628,24995,0
34629,24995,0
34630,24995,0
34631,24995,0
34632,24995,0
34633,24995,0
34634,24995,0
34635,24995,0
34636,24995,0
34637,24995,0
34638,24995,0
34639,24995,0
34640,25015,2159
34641,24995,0
34642,24995,0
34643,24995,0
34644,30304,505655
34645,24995,0
34646,24995,0
34647,24995,0
34648,24995,0
34649,24995,0
34650,24995,0
34651,24995,0
34652,24995,0
34653,25067,7622
34654,24995,0
34655,24995,0
34656,24995,0
34657,24995,0
34658,24995,0
34659,24995,0
34660,24995,0
34661,24995,0
34662,25016,2259
34663,24995,0
34664,24995,0
34665,25007,1322
34666,25002,809
34667,24995,0
34668,24995,0
34669,25015,2126
34670,25021,2809
34671,24995,0
34672,24995,0
34673,24995,0
34674,24995,0
34675,24995,0
34676,24995,0
34677,24995,0
34678,24995,0
34679,24995,0
34680,25000,559
34681,24998,329
34682,24995,0
34683,24995,0
34684,24995,0
34685,24995,0
34686,24995,0
34687,25004,1018
34688,25038,4509
34689,25000,609
34690,24995,9
34691,24995,0
34692,24995,0
34693,24995,0
34694,24995,0
34695,24995,0
34696,24995,0
34697,24995,0
34698,24995,0
34699,24995,0
34700,24995,0
34701,24995,0
34702,24995,0
34703,24995,0
34704,24995,0
34705,24995,0
34706,24995,0
34707,25007,1335
34708,25082,9172
34709,24995,0
34710,24995,0
34711,24995,0
34712,24995,0
34713,24995,0
34714,24995,0
34715,24995,0
34716,24995,0
34717,24995,0
34718,24995,0
34719,25006,1209
34720,24995,0
34721,25040,4813
34722,24995,0
34723,24995,0
34724,24995,0
34725,24995,0
34726,24995,0
34727,24995,0
34728,24995,0
34729,24995,0
34730,24995,0
34731,24995,0
34732,24995,0
34733,24995,0
34734,24995,0
34735,24995,0
34736,24995,0
34737,24995,0
34738,24995,0
34739,25481,50609
34740,24995,0
34741,24995,0
34742,24995,0
34743,24995,0
34744,24995,0
34745,24995,0
34746,24996,109
34747,24995,0
34748,24995,0
34749,24995,0
34750,24995,0
34751,24995,0
34752,24995,0
34753,24995,0
34754,24995,0
34755,25000,529
34756,24995,0
34757,24995,0
34758,24995,0
34759,24995,0
34760,25017,2309
34761,24995,0
34762,24998,409
34763,24995,0
34764,24995,0
34765,24995,0
34766,25017,2405
34767,24995,0
34768,24995,0
34769,24995,0
34770,24995,0
34771,24995,0
34772,24995,0
34773,24995,0
34774,24995,0
34775,24995,0
34776,24995,0
34777,24995,0
34778,25001,709
34779,24995,0
34780,24995,0
34781,24995,0
34782,24995,0
34783,24995,0
34784,24995,0
34785,24995,0
34786,24995,0
34787,24995,0
34788,24999,448
34789,25013,1959
34790,24995,0
34791,25101,11108
34792,24995,0
34793,24995,0
34794,24995,0
34795,24995,0
34796,24995,0
34797,24995,0
34798,24995,0
34799,24995,0
34800,24995,0
34801,24995,0
34802,24995,0
34803,24995,0
34804,25002,792
34805,24996,138
34806,24995,0
34807,24999,413
34808,24999,498
34809,24995,0
34810,25006,1188
34811,24995,0
34812,24995,0
34813,24995,0
34814,24995,0
34815,24995,0
34816,24995,0
34817,24995,0
34818,24995,0
34819,24995,0
34820,24995,0
34821,24995,0
34822,24995,0
34823,25006,1159
34824,24995,0
34825,24995,0
34826,24995,0
34827,24995,0
34828,24995,0
34829,24995,0
34830,24995,0
34831,24995,0
34832,25003,909
34833,24995,0
34834,24995,0
34835,24995,0
34836,24995,0
34837,24995,0
34838,24995,0
34839,24995,0
34840,24995,0
34841,24995,0
34842,24995,0
34843,24995,0
34844,24995,0
34845,24995,0
34846,25021,2727
34847,24995,0
34848,24995,0
34849,24995,0
34850,24995,0
34851,24995,0
34852,24995,0
34853,24995,0
34854,24995,0
34855,24995,0
34856,24995,0
34857,24995,0
34858,24995,0
34859,24995,0
34860,24998,313
34861,24995,0
34862,24995,0
34863,24995,0
34864,24995,0
34865,25010,1581
34866,24995,0
34867,24998,409
34868,24995,29
34869,24995,0
34870,25004,1018
34871,24995,0
34872,24995,0
34873,24995,0
34874,24995,0
34875,24995,0
34876,24996,103
34877,25010,1618
34878,24995,0
34879,24995,0
34880,24995,0
34881,24995,0
34882,24995,0
34883,24995,0
34884,24995,0
34885,24995,0
34886,25000,559
34887,24999,429
34888,24995,0
34889,24995,0
34890,24995,0
34891,24995,0
34892,25003,909
34893,24995,0
34894,24995,0
34895,24995,0
34896,24995,0
34897,24995,0
34898,24995,0
34899,24995,0
34900,24995,0
34901,24995,0
34902,24995,0
34903,24995,0
34904,24995,0
34905,24995,0
34906,24997,209
34907,24995,0
34908,24995,0
34909,24995,0
34910,24995,0
34911,24996,109
34912,24995,0
34913,24995,0
34914,24995,0
34915,24995,0
34916,24995,0
34917,24995,0
34918,24998,409
34919,24995,0
34920,24995,0
34921,24995,0
34922,24995,0
34923,24995,0
34924,24995,0
34925,24995,0
34926,24995,0
34927,24995,0
34928,25045,5329
34929,24995,0
34930,24995,0
34931,24995,0
34932,24995,0
34933,24995,0
34934,24995,0
34935,24995,0
34936,24995,0
34937,24995,0
34938,24995,0
34939,24995,0
34940,24995,0
34941,24995,0
34942,24995,0
34943,24995,0
34944,25010,1659
34945,24995,0
34946,24997,285
34947,24995,0
34948,24995,0
34949,25005,1109
34950,24995,0
34951,24995,0
34952,24995,0
34953,24995,0
34954,24995,0
34955,24995,0
34956,25006,1229
34957,24995,0
34958,24995,0
34959,24995,0
34960,24995,0
34961,25008,1446
34962,24995,0
34963,24995,38
34964,24995,0
34965,24995,0
34966,24995,0
34967,25001,722
34968,24995,0
34969,24995,0
34970,24995,0
34971,24995,0
34972,24995,0
34973,24995,0
34974,24995,0
34975,24995,0
34976,24995,0
34977,24995,0
34978,24996,176
34979,24995,0
34980,24995,0
34981,24995,0
34982,24995,0
34983,24995,0
34984,24995,82
34985,24995,0
34986,24995,0
34987,24995,0
34988,24995,0
34989,24995,0
34990,24995,0
34991,24995,0
34992,24995,0
34993,25002,742
34994,24995,0
34995,24995,0
34996,24995,0
34997,24995,0
34998,24995,0
34999,24996,118
35000,24995,0
35001,24995,0
35002,24995,0
35003,24995,0
35004,24995,0
35005,24995,0
35006,24995,0
35007,24995,0
35008,24995,0
35009,24995,0
35010,24995,0
35011,24995,0
35012,24995,0
35013,24995,0
35014,24995,0
35015,25008,1418
35016,24995,0
35017,24995,0
35018,24995,0
35019,25021,2822
35020,25001,679
35021,24995,0
35022,24995,0
35023,24995,0
35024,24995,0
35025,24995,0
35026,24995,0
35027,24995,0
35028,24995,36
35029,24995,0
35030,24995,0
35031,24995,0
35032,24995,0
35033,24995,0
35034,24995,0
35035,24995,0
35036,24995,0
35037,24995,0
35038,24995,0
35039,24995,0
35040,24995,0
35041,24995,0
35042,24995,0
35043,24995,0
35044,24995,0
35045,24995,0
35046,25006,1222
35047,24995,0
35048,24995,0
35049,24995,0
35050,24995,0
35051,24995,0
35052,24995,0
35053,24995,0
35054,24995,0
35055,24995,0
35056,24995,0
35057,25005,1059
35058,24995,0
35059,24995,0
35060,25043,5126
35061,24999,513
35062,24995,0
35063,24995,0
35064,24995,0
35065,24995,0
35066,24995,0
35067,24995,0
35068,24995,0
35069,24995,0
35070,24995,0
35071,24995,0
35072,25002,768
35073,24995,0
35074,24995,0
35075,25006,1159
35076,24995,0
35077,24995,0
35078,25003,865
35079,24999,513
35080,24995,0
35081,24995,0
35082,24995,0
35083,24995,0
35084,24995,18
35085,24995,0
35086,24995,0
35087,24995,0
35088,24995,0
35089,24995,0
35090,24995,0
35091,24995,0
35092,24995,0
35093,24995,0
35094,24995,0
35095,24995,0
35096,24995,0
35097,24995,0
35098,24995,0
35099,24995,0
35100,24995,0
35101,24995,0
35102,24995,0
35103,24995,0
35104,25030,3731
35105,25002,809
35106,24995,0
35107,24995,0
35108,24995,0
35109,24995,0
35110,24995,0
35111,24995,0
35112,24995,0
35113,24995,0
35114,25010,1609
35115,24997,277
35116,24996,163
35117,25268,28609
35118,24995,0
35119,24995,0
35120,24995,0
35121,24995,0
35122,24995,0
35123,24997,209
35124,24995,0
35125,24995,0
35126,24995,0
35127,24995,0
35128,24995,0
35129,24995,0
35130,24995,0
35131,24995,0
35132,24995,0
35133,24995,0
35134,24995,0
35135,24995,0
35136,24995,0
35137,24995,0
35138,24995,0
35139,24995,0
35140,24995,0
35141,24995,0
35142,24995,0
35143,24995,0
35144,24995,0
35145,24995,0
35146,24995,0
35147,24995,0
35148,24995,0
35149,24995,63
35150,24995,0
35151,24995,0
35152,25007,1268
35153,24995,0
35154,24995,0
35155,24995,0
35156,24995,0
35157,24995,0
35158,25002,788
35159,24995,0
35160,24995,0
35161,24995,0
35162,25000,529
35163,24995,0
35164,24995,0
35165,24995,0
35166,24998,359
35167,24998,409
35168,24995,0
35169,24995,0
35170,24995,0
35171,24996,109
35172,24995,0
35173,24995,0
35174,24995,0
35175,24995,0
35176,24995,0
35177,24995,0
35178,24995,0
35179,24995,0
35180,24995,0
35181,24995,0
35182,24995,0
35183,24995,0
35184,24995,0
35185,24995,0
35186,24995,0
35187,24995,0
35188,24995,0
35189,25029,3636
35190,25006,1209
35191,24995,0
35192,24995,0
35193,24995,0
35194,24995,0
35195,24995,0
35196,24995,0
35197,24995,0
35198,24995,0
35199,24995,0
35200,24995,0
35201,24995,0
35202,24995,88
35203,24995,0
35204,24995,13
35205,24995,0
35206,24995,0
35207,25000,618
35208,24997,279
35209,24995,0
35210,24995,0
35211,24995,0
35212,24995,0
35213,24995,0
35214,24995,0
35215,24995,0
35216,25007,1259
35217,25002,799
35218,24995,0
35219,24995,0
35220,24995,0
35221,24995,0
35222,24995,0
35223,24999,513
35224,24995,0
35225,24995,0
35226,24995,0
35227,24995,0
35228,24995,0
35229,24995,0
35230,24995,0
35231,24995,0
35232,24995,0
35233,24995,0
35234,24995,0
35235,24995,0
35236,24995,0
35237,24995,0
35238,24995,0
35239,24995,0
35240,24995,0
35241,24995,0
35242,24995,0
35243,24995,0
35244,24995,0
35245,24995,0
35246,24995,0
35247,24995,0
35248,24995,0
35249,25013,1959
35250,24995,0
35251,24995,0
35252,24995,0
35253,24995,0
35254,25060,6909
35255,24995,0
35256,24995,0
35257,24995,0
35258,24995,0
35259,24995,0
35260,24995,0
35261,24995,0
35262,24998,392
35263,24995,0
35264,24995,0
35265,24995,0
35266,25004,979
35267,24995,0
35268,24995,0
35269,24995,0
35270,24997,238
35271,24995,0
35272,24995,0
35273,24995,0
35274,25138,15009
35275,24995,0
35276,24995,0
35277,24995,0
35278,25019,2595
35279,24995,0
35280,24995,0
35281,24995,0
35282,24995,0
35283,24995,0
35284,24995,0
35285,24995,0
35286,24995,0
35287,24995,0
35288,24995,0
35289,24995,0
35290,24995,0
35291,24995,0
35292,24995,0
35293,24995,0
35294,24995,0
35295,24995,0
35296,24995,0
35297,24995,0
35298,25002,826
35299,24995,0
35300,24995,0
35301,24995,0
35302,24996,109
35303,25002,829
35304,24995,0
35305,24995,0
35306,24995,0
35307,25001,718
35308,24995,0
35309,24995,0
35310,25008,1385
35311,24995,0
35312,24995,0
35313,24995,0
35314,24995,0
35315,24995,0
35316,24995,0
35317,24995,0
35318,24995,0
35319,24995,0
35320,24995,0
35321,24995,0
35322,24998,318
35323,25040,4809
35324,24995,0
35325,24999,431
35326,24995,0
35327,24995,0
35328,24995,0
35329,24995,0
35330,24995,0
35331,24995,0
35332,24995,0
35333,24995,0
35334,24995,0
35335,24995,0
35336,24995,0
35337,24995,0
35338,25027,3438
35339,24995,0
35340,24995,0
35341,24995,0
35342,24995,0
35343,24995,0
35344,24995,0
35345,24995,0
35346,24996,173
35347,24995,0
35348,24995,0
35349,24995,0
35350,24995,0
35351,25035,4229
35352,24995,0
35353,25001,709
35354,24995,0
35355,24995,0
35356,24998,338
35357,24995,0
35358,24995,0
35359,24995,0
35360,24995,0
35361,24995,0
35362,24995,0
35363,25075,8418
35364,24995,9
35365,25014,2059
35366,24995,0
35367,24995,0
35368,24995,0
35369,25011,1677
35370,24995,0
35371,24995,0
35372,25006,1159
35373,24995,0
35374,24995,0
35375,24995,0
35376,24995,0
35377,24995,0
35378,24999,429
35379,24995,0
35380,25016,2213
35381,25040,4809
35382,24995,0
35383,24995,0
35384,24995,0
35385,24995,0
35386,24998,309
35387,24995,0
35388,24995,0
35389,24995,0
35390,24995,0
35391,24995,0
35392,24995,0
35393,24995,0
35394,25000,609
35395,24995,27
35396,24999,458
35397,24995,0
35398,25064,7309
35399,24995,0
35400,24995,0
35401,24995,0
35402,24995,0
35403,24995,0
35404,24995,0
35405,24995,0
35406,24995,0
35407,24995,0
35408,24995,0
35409,24995,0
35410,24995,0
35411,24995,0
35412,24995,0
35413,24995,0
35414,24995,0
35415,24995,0
35416,24995,0
35417,24995,0
35418,24995,0
35419,24995,0
35420,24995,0
35421,24995,0
35422,24995,0
35423,24995,0
35424,24995,0
35425,24995,0
35426,24995,0
35427,24995,0
35428,24995,0
35429,25484,50935
35430,24995,0
35431,25021,2813
35432,24995,0
35433,24995,0
35434,24995,0
35435,24995,0
35436,24995,0
35437,24995,0
35438,24995,0
35439,24995,0
35440,24995,0
35441,24995,0
35442,24995,0
35443,24995,0
35444,24995,0
35445,24995,0
35446,25073,8249
35447,25014,2059
35448,24995,0
35449,24995,0
35450,24995,0
35451,24995,0
35452,24995,0
35453,24995,0
35454,24995,0
35455,24995,0
35456,24995,0
35457,24995,0
35458,24995,0
35459,24995,0
35460,24995,0
35461,24995,0
35462,24995,0
35463,24996,109
35464,24995,0
35465,24995,0
35466,24995,0
35467,24995,0
35468,24995,0
35469,24995,0
35470,24995,0
35471,25002,729
35472,24995,0
35473,24997,251
35474,24995,0
35475,24995,0
35476,24995,0
35477,24995,0
35478,24995,0
35479,24995,0
35480,24995,0
35481,24995,0
35482,24995,0
35483,24995,0
35484,24995,0
35485,24995,0
35486,24995,0
35487,24995,0
35488,24995,0
35489,24995,0
35490,24995,0
35491,24995,0
35492,24995,0
35493,24995,0
35494,24995,0
35495,24995,0
35496,25000,609
35497,25005,1136
35498,24995,0
35499,24995,0
35500,24995,9
35501,24995,0
35502,24997,222
35503,24995,0
35504,24995,0
35505,24995,0
35506,24995,0
35507,24995,0
35508,24995,0
35509,24995,0
35510,24995,0
35511,24995,0
35512,24995,0
35513,24995,0
35514,24995,0
35515,24995,0
35516,24995,0
35517,25052,5999
35518,24995,0
35519,24995,0
35520,24995,0
35521,25000,609
35522,24995,0
35523,24995,0
35524,24995,0
35525,24995,0
35526,24995,0
35527,24995,0
35528,24996,138
35529,24995,0
35530,24995,0
35531,24995,0
35532,24995,0
35533,24995,0
35534,25005,1051
35535,24995,0
35536,24995,0
35537,24995,0
35538,24995,0
35539,24995,0
35540,24995,0
35541,24995,0
35542,24995,0
35543,24995,0
35544,24995,0
35545,24995,0
35546,24995,0
35547,24999,416
35548,24995,0
35549,24995,0
35550,24995,0
35551,24995,0
35552,24995,0
35553,24995,0
35554,24995,0
35555,24995,0
35556,24995,0
35557,24995,0
35558,24995,0
35559,24995,0
35560,24995,0
35561,24995,0
35562,25018,2509
35563,24995,0
35564,24995,0
35565,25017,2309
35566,24995,0
35567,24995,0
35568,24995,0
35569,24995,0
35570,24995,0
35571,25002,729
35572,24995,0
35573,25003,918
35574,24995,0
35575,24995,0
35576,24995,0
35577,24995,0
35578,24995,0
35579,24995,0
35580,24995,0
35581,24995,0
35582,24995,0
35583,24995,0
35584,24995,0
35585,24995,0
35586,24995,0
35587,24995,0
35588,24995,0
35589,24995,0
35590,24995,0
35591,24995,0
35592,24995,0
35593,24995,0
35594,24995,0
35595,24995,0
35596,24995,0
35597,24995,0
35598,24995,0
35599,24995,0
35600,24999,429
35601,24995,0
35602,25011,1675
35603,24995,0
35604,24995,0
35605,24995,0
35606,24995,0
35607,24995,0
35608,24995,0
35609,24995,0
35610,25014,2049
35611,24995,0
35612,24995,0
35613,25066,7509
35614,24995,27
35615,25081,9081
35616,24995,0
35617,24995,0
35618,24995,0
35619,25026,3318
35620,24995,0
35621,24995,0
35622,24995,0
35623,24995,0
35624,24995,0
35625,24995,0
35626,24995,0
35627,24995,0
35628,24995,0
35629,24995,0
35630,24995,0
35631,24995,0
35632,25015,2147
35633,24995,0
35634,24995,0
35635,24995,0
35636,24995,0
35637,24995,0
35638,24995,0
35639,24995,0
35640,24995,0
35641,24995,0
35642,24995,0
35643,24995,9
35644,24995,0
35645,24995,0
35646,24995,0
35647,24995,0
35648,24995,0
35649,24995,0
35650,24995,0
35651,25123,13427
35652,24995,0
35653,24995,0
35654,24995,0
35655,24995,0
35656,24995,0
35657,24995,0
35658,24995,0
35659,24995,0
35660,24995,0
35661,24995,29
35662,24995,0
35663,24995,0
35664,24995,0
35665,24995,0
35666,24995,0
35667,24995,0
35668,24999,509
35669,24997,263
35670,25003,929
35671,24995,0
35672,25032,3959
35673,24995,0
35674,24995,0
35675,24995,0
35676,24995,0
35677,24995,0
35678,24995,0
35679,24995,0
35680,24995,0
35681,24995,0
35682,25033,4018
35683,24995,0
35684,24995,59
35685,24995,0
35686,24995,0
35687,24995,0
35688,24995,0
35689,24995,0
35690,24995,0
35691,24995,0
35692,24995,0
35693,24995,0
35694,24995,0
35695,24995,0
35696,24995,9
35697,24995,0
35698,24995,0
35699,24995,0
35700,24995,0
35701,24995,0
35702,24995,0
35703,24995,0
35704,24995,0
35705,24995,0
35706,24995,0
35707,24995,0
35708,24995,0
35709,24995,0
35710,25069,7855
35711,24995,0
35712,24998,349
35713,24995,0
35714,24995,0
35715,25022,2881
35716,24995,0
35717,24999,426
35718,24995,9
35719,24995,0
35720,24995,0
35721,24995,0
35722,24995,0
35723,24995,0
35724,24995,0
35725,24995,0
35726,24995,0
35727,24995,0
35728,25007,1259
35729,24998,326
35730,24995,0
35731,24995,0
35732,24995,0
35733,24995,0
35734,24995,0
35735,25097,10709
35736,24995,0
35737,24995,0
35738,24995,0
35739,24995,0
35740,24995,0
35741,24995,0
35742,24995,0
35743,24995,0
35744,24995,0
35745,24996,159
35746,24995,0
35747,24999,413
35748,24995,0
35749,24995,0
35750,24997,229
35751,25012,1818
35752,24995,0
35753,24995,0
35754,24995,0
35755,24995,9
35756,24995,0
35757,24995,0
35758,24995,0
35759,24995,0
35760,24995,0
35761,24995,0
35762,24995,0
35763,24995,0
35764,24995,0
35765,24995,0
35766,24995,0
35767,24995,0
35768,24995,0
35769,25016,2233
35770,24995,0
35771,24995,0
35772,24995,0
35773,24995,0
35774,24995,0
35775,24995,0
35776,24995,0
35777,24995,0
35778,24995,0
35779,24995,0
35780,24995,0
35781,24995,0
35782,24998,368
35783,24995,0
35784,24995,0
35785,24995,0
35786,24995,0
35787,24995,0
35788,24995,0
35789,24995,0
35790,24995,0
35791,24995,0
35792,24995,0
35793,24995,0
35794,25015,2179
35795,24995,0
35796,24995,0
35797,24995,0
35798,24995,0
35799,24995,0
35800,24995,0
35801,24995,0
35802,24995,0
35803,24995,0
35804,24995,0
35805,24995,0
35806,24995,0
35807,24995,0
35808,24995,0
35809,24995,0
35810,25013,1955
35811,24995,0
35812,25018,2509
35813,25001,709
35814,24995,9
35815,24995,0
35816,24995,0
35817,24999,459
35818,24995,0
35819,24995,0
35820,24995,0
35821,24995,0
35822,24995,0
35823,24995,0
35824,24995,0
35825,24995,0
35826,24995,0
35827,24995,0
35828,24995,0
35829,24995,0
35830,24995,0
35831,24995,0
35832,24995,0
35833,24995,0
35834,24995,0
35835,24998,359
35836,24995,0
35837,24995,0
35838,24995,9
35839,25002,777
35840,25002,768
35841,24995,0
35842,24995,0
35843,24995,0
35844,24995,0
35845,24995,0
35846,24995,0
35847,24995,0
35848,24995,0
35849,24995,0
35850,24998,382
35851,24995,0
35852,24995,0
35853,24995,0
35854,24995,0
35855,24995,0
35856,24995,0
35857,24995,0
35858,24995,0
35859,24995,0
35860,24995,0
35861,24995,0
35862,24995,0
35863,24995,0
35864,24995,0
35865,25005,1049
35866,25008,1418
35867,24995,0
35868,24995,0
35869,24995,0
35870,24995,49
35871,24995,0
35872,24995,0
35873,24995,0
35874,25092,10209
35875,25001,630
35876,24995,0
35877,24995,0
35878,24999,429
35879,24995,0
35880,24995,0
35881,24996,109
35882,24995,0
35883,24995,0
35884,24995,0
35885,25090,10018
35886,24995,0
35887,24995,0
35888,24998,309
35889,24995,0
35890,24995,0
35891,24995,0
35892,24995,0
35893,24995,0
35894,24995,0
35895,24995,0
35896,24995,0
35897,24995,0
35898,24995,0
35899,25012,1818
35900,24999,413
35901,24995,0
35902,24995,0
35903,25041,4909
35904,24995,29
35905,24995,0
35906,24995,0
35907,24995,0
35908,24995,0
35909,24995,0
35910,25000,518
35911,24995,0
35912,24995,0
35913,24995,0
35914,24995,0
35915,24995,0
35916,24995,0
35917,24995,0
35918,24999,449
35919,24995,0
35920,24995,0
35921,24995,0
35922,24997,213
35923,24995,0
35924,24995,0
35925,24995,0
35926,24995,0
35927,24995,0
35928,24995,0
35929,24999,509
35930,24997,213
35931,24995,0
35932,24995,0
35933,24995,0
35934,24995,0
35935,24995,0
35936,24995,0
35937,24995,0
35938,24995,0
35939,24995,0
35940,24995,0
35941,24995,0
35942,24995,0
35943,24995,0
35944,25012,1863
35945,24997,209
35946,24995,0
35947,24995,0
35948,24995,0
35949,24995,0
35950,24995,0
35951,24995,0
35952,24995,0
35953,24995,0
35954,24995,0
35955,24995,0
35956,24998,309
35957,24998,409
35958,24995,29
35959,24995,0
35960,24995,0
35961,24995,0
35962,24995,0
35963,24995,0
35964,24996,109
35965,24995,0
35966,24995,0
35967,24995,0
35968,24995,0
35969,24995,0
35970,24995,0
35971,24995,0
35972,24995,0
35973,24995,0
35974,24995,0
35975,24995,0
35976,24995,0
35977,25033,4053
35978,24995,0
35979,25002,826
35980,24995,0
35981,24995,0
35982,24995,0
35983,24995,0
35984,24995,0
35985,24995,0
35986,24995,0
35987,24995,0
35988,24995,0
35989,24995,0
35990,24995,0
35991,24995,0
35992,24995,0
35993,24995,0
35994,24995,0
35995,25001,640
35996,24995,0
35997,24995,0
35998,24995,0
35999,24995,0
36000,24995,0
36001,24995,0
36002,24995,90
36003,25010,1649
36004,24995,0
36005,24995,0
36006,24995,0
36007,24995,0
36008,24995,0
36009,24995,0
36010,24995,0
36011,24995,0
36012,24996,163
36013,24995,0
36014,24995,0
36015,24999,513
36016,24995,0
36017,24995,0
36018,24995,0
36019,24995,0
36020,24995,0
36021,24995,0
36022,24995,0
36023,24995,0
36024,24995,0
36025,24995,0
36026,24995,0
36027,24998,329
36028,24995,0
36029,24995,0
36030,24995,0
36031,24995,0
36032,25009,1509
36033,24995,0
36034,24995,0
36035,24995,0
36036,24995,0
36037,24995,0
36038,24995,0
36039,24995,0
36040,24995,0
36041,24995,0
36042,24995,0
36043,24995,0
36044,24999,418
36045,24995,0
36046,24995,0
36047,24995,0
36048,24995,0
36049,24995,0
36050,24995,0
36051,24995,0
36052,24995,0
36053,24995,0
36054,24995,0
36055,24995,0
36056,24995,0
36057,25020,2718
36058,24995,0
36059,24995,0
36060,24995,0
36061,24995,0
36062,24995,0
36063,24998,409
36064,25004,938
36065,24995,0
36066,25037,4429
36067,24995,0
36068,24995,0
36069,24995,0
36070,24995,0
36071,24995,0
36072,24995,0
36073,24995,0
36074,24995,0
36075,24995,0
36076,24995,0
36077,24995,0
36078,25019,2563
36079,24995,0
36080,24995,0
36081,24995,0
36082,24995,0
36083,24995,0
36084,24995,0
36085,24995,0
36086,24995,0
36087,24995,0
36088,24995,0
36089,24995,0
36090,24995,0
36091,24995,0
36092,24995,0
36093,24995,0
36094,24995,0
36095,24995,9
36096,24997,209
36097,24995,0
36098,24995,0
36099,24995,0
36100,24995,0
36101,24995,0
36102,25015,2176
36103,24995,0
36104,24995,0
36105,25029,3586
36106,24995,0
36107,25001,629
36108,24995,0
36109,24995,0
36110,24995,0
36111,24995,0
36112,24995,0
36113,24995,0
36114,24995,0
36115,24995,0
36116,24995,0
36117,24995,0
36118,24995,0
36119,24995,0
36120,24995,0
36121,24995,0
36122,25161,17427
36123,24995,0
36124,24995,0
36125,24995,0
36126,24995,0
36127,24995,0
36128,25005,1068
36129,24995,0
36130,24995,0
36131,24995,0
36132,25019,2549
36133,24995,0
36134,24995,0
36135,25015,2159
36136,24995,29
36137,24995,0
36138,24995,0
36139,24995,0
36140,24995,0
36141,24995,0
36142,24995,0
36143,24995,0
36144,24995,0
36145,24995,0
36146,24995,0
36147,24995,0
36148,24995,0
36149,24995,0
36150,24995,0
36151,24995,0
36152,24995,0
36153,24995,0
36154,24995,0
36155,24995,0
36156,25069,7818
36157,24995,0
36158,24995,0
36159,24995,0
36160,24995,0
36161,24995,0
36162,24995,0
36163,24995,0
36164,24995,0
36165,25014,2029
36166,25009,1559
36167,24995,0
36168,24995,0
36169,24995,0
36170,24995,0
36171,24995,0
36172,24995,0
36173,24995,0
36174,24995,0
36175,24995,0
36176,24995,0
36177,24995,9
36178,24995,0
36179,24995,0
36180,24995,0
36181,24995,0
36182,25010,1609
36183,25025,3168
36184,24995,0
36185,24995,0
36186,24995,0
36187,24995,0
36188,24995,0
36189,24995,0
36190,24995,0
36191,24995,0
36192,24995,0
36193,24995,0
36194,24995,0
36195,24995,0
36196,24995,22
36197,25037,4447
36198,24995,0
36199,24995,0
36200,24995,0
36201,25042,5009
36202,24995,0
36203,24995,0
36204,24995,0
36205,24995,0
36206,24995,0
36207,25033,4055
36208,24995,0
36209,25014,2009
36210,24995,0
36211,24995,0
36212,25015,2109
36213,24995,0
36214,24995,0
36215,24995,0
36216,24995,0
36217,24995,0
36218,24998,359
36219,24995,0
36220,24996,122
36221,25237,25359
36222,24995,0
36223,25001,659
36224,24995,0
36225,24997,259
36226,24995,0
36227,24998,318
36228,24995,0
36229,24995,0
36230,24995,0
36231,24995,0
36232,24995,0
36233,24995,0
36234,24995,0
36235,24995,0
36236,24995,0
36237,24995,0
36238,24995,0
36239,25005,1129
36240,24999,509
36241,24995,0
36242,24995,0
36243,24995,0
36244,24998,359
36245,24995,0
36246,24995,0
36247,24995,0
36248,24995,0
36249,24995,0
36250,24995,0
36251,24995,0
36252,24995,0
36253,24995,0
36254,24995,0
36255,24995,0
36256,24995,0
36257,24995,0
36258,24995,0
36259,24995,0
36260,24995,0
36261,24995,0
36262,24995,0
36263,24995,0
36264,25000,613
36265,24998,309
36266,24995,0
36267,24995,0
36268,24995,0
36269,24995,0
36270,24995,0
36271,25120,13118
36272,24995,0
36273,24995,0
36274,24995,0
36275,24995,0
36276,24995,0
36277,24995,0
36278,24995,0
36279,24995,0
36280,24998,309
36281,24995,0
36282,24995,0
36283,24999,479
36284,25019,2554
36285,24995,0
36286,24995,0
36287,24995,0
36288,24995,0
36289,24995,0
36290,24995,0
36291,24995,0
36292,24995,0
36293,26008,104391
36294,24997,213
36295,24995,0
36296,24995,0
36297,24996,129
36298,24995,0
36299,24995,0
36300,24995,0
36301,24995,58
36302,25003,833
36303,24995,0
36304,24995,0
36305,24995,0
36306,24995,0
36307,24995,0
36308,24995,0
36309,24995,0
36310,24995,0
36311,24995,0
36312,24995,0
36313,24995,0
36314,24995,0
36315,24995,0
36316,24995,0
36317,24995,0
36318,24995,0
36319,24995,0
36320,24995,0
36321,24995,0
36322,24995,0
36323,24995,0
36324,24995,0
36325,24995,0
36326,24995,0
36327,24995,0
36328,24995,0
36329,24995,0
36330,25004,1029
36331,24995,0
36332,24995,0
36333,24995,0
36334,24995,0
36335,24995,0
36336,24995,0
36337,24995,0
36338,24995,0
36339,24995,0
36340,24995,0
36341,24995,0
36342,24995,0
36343,25018,2509
36344,24995,0
36345,24995,0
36346,25013,1898
36347,24995,0
36348,24995,0
36349,24995,49
36350,24995,0
36351,24995,0
36352,24995,0
36353,24995,0
36354,24995,0
36355,24995,0
36356,24995,0
36357,24995,0
36358,24995,0
36359,25009,1562
36360,24995,0
36361,24995,0
36362,24995,0
36363,24995,0
36364,24995,0
36365,24995,0
36366,24995,0
36367,24995,0
36368,24995,0
36369,24995,0
36370,24995,0
36371,24995,0
36372,24995,0
36373,24995,0
36374,24995,0
36375,24995,0
36376,24998,309
36377,24995,0
36378,25015,2113
36379,24996,109
36380,24995,0
36381,24995,0
36382,28079,305459
36383,25052,6026
36384,25021,2818
36385,24995,0
36386,24995,0
36387,24995,0
36388,25020,2672
36389,24995,0
36390,24995,0
36391,24995,0
36392,24995,0
36393,24995,0
36394,24995,0
36395,24995,0
36396,24995,0
36397,24995,0
36398,24995,0
36399,24995,0
36400,24995,0
36401,24995,0
36402,24995,0
36403,24995,0
36404,24995,0
36405,24995,0
36406,24995,0
36407,24995,0
36408,24995,0
36409,24995,0
36410,24995,9
36411,24995,0
36412,24995,0
36413,24995,0
36414,24995,0
36415,24995,0
36416,24995,0
36417,24995,0
36418,24995,0
36419,24995,0
36420,24995,0
36421,24995,0
36422,24995,0
36423,24995,0
36424,24995,0
36425,24999,413
36426,24995,0
36427,24995,0
36428,24995,0
36429,24995,0
36430,24995,0
36431,24995,0
36432,24995,0
36433,24995,0
36434,24995,0
36435,24995,0
36436,24995,0
36437,24995,0
36438,25001,647
36439,24995,0
36440,24995,0
36441,24995,0
36442,24995,0
36443,24995,0
36444,24995,0
36445,24995,0
36446,24995,0
36447,24995,0
36448,24995,0
36449,24995,0
36450,25004,1009
36451,24995,0
36452,24995,0
36453,24995,0
36454,25004,1009
36455,24995,0
36456,24995,0
36457,24995,0
36458,25052,6009
36459,24995,0
36460,24995,0
36461,24995,0
36462,24995,0
36463,24995,0
36464,24995,0
36465,24995,0
36466,24995,0
36467,24995,0
36468,25008,1459
36469,24995,0
36470,24995,0
36471,24995,0
36472,24995,0
36473,24995,0
36474,24999,459
36475,24995,0
36476,24995,0
36477,24995,0
36478,24995,0
36479,25004,959
36480,24995,0
36481,24995,0
36482,24995,0
36483,24995,0
36484,24995,0
36485,24995,0
36486,24995,0
36487,24995,0
36488,24995,18
36489,24995,0
36490,24995,0
36491,24995,0
36492,24995,0
36493,24995,0
36494,24995,0
36495,24995,0
36496,24995,0
36497,24995,0
36498,25014,2049
36499,24995,0
36500,24995,0
36501,24995,0
36502,24995,0
36503,24995,0
36504,24995,0
36505,24995,0
36506,24995,0
36507,24995,0
36508,24995,0
36509,25004,1018
36510,24998,309
36511,24995,0
36512,24995,0
36513,24995,0
36514,24995,0
36515,24995,0
36516,24995,0
36517,24995,0
36518,24995,0
36519,24995,0
36520,24995,0
36521,24995,0
36522,24995,0
36523,24995,0
36524,24995,0
36525,24995,0
36526,24995,0
36527,24995,0
36528,24995,0
36529,24995,0
36530,24995,0
36531,25001,652
36532,25013,1929
36533,24995,0
36534,24995,0
36535,24995,0
36536,24995,0
36537,24995,0
36538,24995,0
36539,24995,0
36540,24995,0
36541,24995,0
36542,24995,9
36543,24995,0
36544,24995,0
36545,24995,0
36546,24995,0
36547,24995,0
36548,24995,0
36549,24995,0
36550,25013,1943
36551,24995,0
36552,24995,0
36553,24995,0
36554,24995,0
36555,24995,0
36556,24995,0
36557,24995,0
36558,24995,0
36559,24995,0
36560,24995,0
36561,25010,1609
36562,24995,0
36563,24995,0
36564,25000,559
36565,24995,0
36566,24995,0
36567,24995,0
36568,24995,0
36569,24995,0
36570,24995,0
36571,24995,0
36572,24995,0
36573,24995,0
36574,24995,0
36575,24996,109
36576,24995,0
36577,24995,0
36578,24995,0
36579,24995,0
36580,24995,0
36581,24999,513
36582,24995,0
36583,24995,0
36584,24995,0
36585,24995,0
36586,24995,0
36587,24995,0
36588,24995,0
36589,24995,0
36590,24995,0
36591,24995,0
36592,24995,0
36593,24995,0
36594,24995,0
36595,24995,0
36596,24995,0
36597,24995,0
36598,24995,0
36599,24997,279
36600,24995,0
36601,24995,0
36602,24995,0
36603,24995,33
36604,25059,6809
36605,24995,0
36606,24995,0
36607,24995,0
36608,24995,0
36609,24995,0
36610,24995,0
36611,24998,409
36612,24995,0
36613,24995,0
36614,24995,0
36615,24995,0
36616,24995,0
36617,24995,0
36618,24995,0
36619,24995,0
36620,24995,0
36621,24995,0
36622,24995,0
36623,24995,0
36624,24995,0
36625,24995,0
36626,24995,0
36627,24995,0
36628,24995,0
36629,24995,0
36630,24999,429
36631,24998,318
36632,24995,0
36633,24995,0
36634,24995,0
36635,24995,0
36636,25008,1418
36637,24995,0
36638,24995,0
36639,24995,0
36640,24995,0
36641,24995,0
36642,24995,0
36643,24995,0
36644,24995,0
36645,24995,0
36646,24995,0
36647,25044,5209
36648,24995,0
36649,24996,122
36650,24995,0
36651,24995,0
36652,24995,0
36653,24995,0
36654,24995,0
36655,24998,329
36656,25005,1127
36657,24995,0
36658,24995,0
36659,24995,0
36660,24995,0
36661,25010,1613
36662,24995,0
36663,24995,0
36664,24995,0
36665,24995,0
36666,24995,0
36667,24995,0
36668,24995,0
36669,25057,6518
36670,24995,0
36671,24995,0
36672,24995,0
36673,24995,0
36674,24995,0
36675,26479,151509
36676,24995,0
36677,24995,0
36678,24995,0
36679,24995,0
36680,25003,913
36681,24995,0
36682,25013,1975
36683,24995,0
36684,24995,0
36685,24997,249
36686,25013,1918
36687,24995,0
36688,24995,0
36689,24995,0
36690,25009,1559
36691,24995,0
36692,24995,0
36693,24995,0
36694,24995,9
36695,24995,0
36696,24995,0
36697,24995,0
36698,24995,0
36699,25020,2718
36700,24995,0
36701,24995,0
36702,24995,0
36703,24995,0
36704,24995,0
36705,24999,513
36706,25027,3436
36707,24995,0
36708,24995,0
36709,24995,9
36710,24995,0
36711,24995,0
36712,25010,1609
36713,25009,1509
36714,24995,0
36715,24995,0
36716,25002,805
36717,24998,392
36718,25033,4068
36719,24995,0
36720,24995,0
36721,24995,0
36722,24995,0
36723,25020,2618
36724,24996,188
36725,25017,2329
36726,24995,0
36727,24995,0
36728,24995,0
36729,24995,0
36730,24995,0
36731,24995,0
36732,24995,0
36733,24995,0
36734,24995,0
36735,24995,0
36736,24995,0
36737,24995,0
36738,24995,0
36739,24995,0
36740,24995,0
36741,24995,0
36742,24995,0
36743,24995,22
36744,24995,0
36745,24995,0
36746,24995,0
36747,24995,0
36748,24995,0
36749,24997,253
36750,24998,409
36751,24995,0
36752,24995,0
36753,25003,909
36754,24995,0
36755,24995,72
36756,24995,0
36757,24995,0
36758,24995,0
36759,24995,0
36760,24995,0
36761,24995,0
36762,24998,409
36763,25093,10295
36764,25008,1449
36765,24995,0
36766,25152,16518
36767,24995,0
36768,24995,0
36769,24995,0
36770,24995,0
36771,24995,0
36772,24995,0
36773,24995,0
36774,24995,62
36775,24995,0
36776,25004,1013
36777,24995,0
36778,24995,0
36779,24995,0
36780,24995,0
36781,25008,1438
36782,24995,0
36783,24995,0
36784,24995,0
36785,24995,0
36786,24995,0
36787,24995,0
36788,24998,409
36789,24997,229
36790,24995,0
36791,24995,0
36792,24995,0
36793,24995,0
36794,24995,0
36795,24995,0
36796,24995,0
36797,24995,0
36798,24995,0
36799,24995,0
36800,24995,0
36801,24995,0
36802,24995,0
36803,24995,0
36804,24995,53
36805,24995,0
36806,24995,0
36807,24995,0
36808,24995,0
36809,24995,0
36810,24995,0
36811,24995,0
36812,24995,0
36813,25001,629
36814,24995,0
36815,24995,0
36816,24995,0
36817,24995,0
36818,24995,0
36819,24995,0
36820,24995,0
36821,24995,0
36822,24995,0
36823,24995,0
36824,24995,0
36825,24995,0
36826,24995,0
36827,24995,0
36828,24995,0
36829,24995,0
36830,25034,4109
36831,25240,25618
36832,25011,1709
36833,25000,613
36834,24995,0
36835,24995,0
36836,24995,0
36837,24995,0
36838,24995,0
36839,24995,0
36840,24995,0
36841,25009,1526
36842,24995,0
36843,24995,0
36844,24995,0
36845,24995,0
36846,24995,0
36847,24995,0
36848,24995,0
36849,24995,0
36850,24995,0
36851,25002,729
36852,24997,229
36853,24998,313
36854,24995,0
36855,24995,0
36856,24995,0
36857,24995,0
36858,25002,759
36859,24995,0
36860,24995,0
36861,24995,0
36862,24995,0
36863,24995,0
36864,25066,7492
36865,24995,0
36866,25005,1055
36867,24995,0
36868,24995,0
36869,24995,0
36870,24995,0
36871,24995,18
36872,24995,0
36873,25043,5123
36874,24995,9
36875,24995,0
36876,24995,0
36877,25005,1122
36878,24995,0
36879,24995,0
36880,24995,0
36881,24995,0
36882,24995,0
36883,24995,0
36884,24995,0
36885,24995,0
36886,24995,0
36887,24995,0
36888,25006,1209
36889,24995,0
36890,24995,0
36891,24995,0
36892,24995,0
36893,24995,0
36894,24995,0
36895,24995,0
36896,24995,0
36897,24995,0
36898,24995,0
36899,25001,622
36900,24995,0
36901,24995,0
36902,24995,0
36903,24995,0
36904,25001,668
36905,24995,0
36906,24995,0
36907,24995,9
36908,24995,0
36909,24995,0
36910,24995,0
36911,24995,0
36912,24995,0
36913,24995,0
36914,24995,0
36915,24995,0
36916,24995,0
36917,24995,0
36918,24995,0
36919,24995,0
36920,24995,0
36921,24995,0
36922,24995,0
36923,24995,0
36924,25024,3109
36925,24995,0
36926,24999,459
36927,24995,0
36928,24995,0
36929,24995,0
36930,24995,0
36931,25005,1047
36932,24995,0
36933,24995,0
36934,24997,238
36935,24995,0
36936,24995,0
36937,24995,0
36938,25000,527
36939,24995,0
36940,24995,0
36941,24995,0
36942,24995,0
36943,24995,0
36944,24995,0
36945,24995,0
36946,24995,0
36947,24995,0
36948,24995,0
36949,24995,0
36950,24995,0
36951,24995,0
36952,24995,0
36953,24995,0
36954,24995,0
36955,24997,218
36956,24995,0
36957,24995,0
36958,24995,0
36959,24995,0
36960,25010,1668
36961,25052,6072
36962,24995,0
36963,24995,0
36964,24995,0
36965,24995,59
36966,24995,0
36967,24995,0
36968,24995,0
36969,25035,4209
36970,24998,309
36971,24995,0
36972,24995,0
36973,24995,0
36974,24995,0
36975,24995,0
36976,24995,0
36977,24995,0
36978,24995,0
36979,24995,0
36980,24995,0
36981,24995,0
36982,24995,0
36983,24995,9
36984,24995,0
36985,24995,0
36986,24995,0
36987,24995,0
36988,24995,0
36989,24995,0
36990,24995,0
36991,24995,0
36992,24999,468
36993,24995,0
36994,24995,0
36995,24995,0
36996,24995,0
36997,24995,0
36998,24995,0
36999,24995,0
37000,24995,0
37001,24995,0
37002,25013,1933
37003,24995,0
37004,24995,0
37005,24995,79
37006,24995,0
37007,24995,0
37008,24998,309
37009,24995,0
37010,24995,0
37011,24995,0
37012,24995,0
37013,24995,0
37014,24995,0
37015,24995,0
37016,24995,0
37017,24995,0
37018,24995,0
37019,24995,0
37020,24995,0
37021,25038,4559
37022,24995,0
37023,24995,0
37024,24999,413
37025,24995,0
37026,24997,259
37027,25038,4509
37028,24998,309
37029,24995,0
37030,25078,8721
37031,24995,0
37032,24996,138
37033,25033,3988
37034,24999,489
37035,24995,0
37036,25000,559
37037,24995,0
37038,24995,0
37039,24995,0
37040,25012,1858
37041,25009,1559
37042,24995,33
37043,25515,54129
37044,24995,0
37045,24995,0
37046,24995,0
37047,24995,0
37048,24995,0
37049,24995,0
37050,24995,0
37051,24995,0
37052,24995,0
37053,24995,0
37054,24995,0
37055,24995,0
37056,25002,729
37057,25101,11149
37058,24995,0
37059,24995,0
37060,24995,18
37061,24995,0
37062,24995,0
37063,25007,1309
37064,24995,0
37065,24995,0
37066,24995,0
37067,24995,0
37068,24995,0
37069,24995,0
37070,24995,0
37071,24995,0
37072,24995,0
37073,24995,0
37074,24995,0
37075,24995,0
37076,24995,0
37077,24995,0
37078,24995,0
37079,24995,0
37080,24995,0
37081,24995,0
37082,24995,0
37083,24995,0
37084,24995,0
37085,25033,4070
37086,24995,0
37087,25032,3940
37088,25044,5159
37089,24995,0
37090,24995,0
37091,24995,0
37092,24995,0
37093,24995,0
37094,24995,0
37095,24995,0
37096,25005,1083
37097,24998,363
37098,24995,0
37099,24995,0
37100,24995,0
37101,24995,0
37102,24995,0
37103,24995,0
37104,24995,0
37105,24995,0
37106,24995,13
37107,24995,0
37108,24995,0
37109,24995,0
37110,24995,0
37111,25004,1009
37112,24995,0
37113,24995,0
37114,24995,0
37115,24995,0
37116,25024,3059
37117,25009,1535
37118,24995,0
37119,25025,3218
37120,24995,0
37121,25053,6152
37122,24995,0
37123,24995,0
37124,24995,0
37125,24995,0
37126,24995,0
37127,24995,0
37128,24995,0
37129,24995,0
37130,24995,0
37131,24995,0
37132,24995,59
37133,24995,0
37134,24995,0
37135,24995,0
37136,24995,0
37137,24995,0
37138,25047,5509
37139,24995,0
37140,24995,0
37141,24995,0
37142,24995,0
37143,24995,0
37144,24995,0
37145,24995,0
37146,24995,0
37147,25186,20009
37148,24995,0
37149,24995,0
37150,24995,0
37151,25006,1225
37152,24995,0
37153,24998,329
37154,24995,0
37155,24995,0
37156,24995,0
37157,24995,0
37158,24995,0
37159,24995,0
37160,24995,0
37161,24995,0
37162,25235,25113
37163,24995,0
37164,24995,0
37165,24995,0
37166,24995,0
37167,24995,0
37168,24995,0
37169,24995,0
37170,24995,0
37171,24995,0
37172,24995,0
37173,24995,0
37174,24995,0
37175,24995,0
37176,24995,0
37177,24995,0
37178,24995,0
37179,24995,0
37180,24995,0
37181,24995,0
37182,24995,0
37183,25002,818
37184,24995,0
37185,24995,0
37186,25010,1635
37187,24995,0
37188,24995,0
37189,24995,0
37190,24995,0
37191,24995,0
37192,24995,0
37193,24995,0
37194,24995,0
37195,24995,0
37196,24999,422
37197,24995,0
37198,24995,0
37199,25039,4622
37200,24998,329
37201,24995,0
37202,24995,0
37203,24995,0
37204,24995,0
37205,24995,0
37206,24995,0
37207,25006,1218
37208,24995,44
37209,24998,309
37210,24995,0
37211,24995,0
37212,24995,0
37213,24995,0
37214,24995,0
37215,25001,664
37216,24995,68
37217,24998,409
37218,24995,0
37219,24995,0
37220,24995,0
37221,24995,0
37222,24995,0
37223,24995,0
37224,24995,0
37225,24995,0
37226,24995,0
37227,24995,0
37228,24995,0
37229,25000,518
37230,24995,0
37231,24995,0
37232,24995,0
37233,24995,0
37234,25006,1249
37235,24995,0
37236,24995,0
37237,24995,0
37238,24995,0
37239,24995,0
37240,24995,0
37241,24995,0
37242,25002,809
37243,24995,0
37244,24995,0
37245,24995,0
37246,24995,0
37247,24995,0
37248,24995,0
37249,24995,0
37250,24995,0
37251,24995,0
37252,24995,0
37253,24995,0
37254,25006,1213
37255,24995,0
37256,24995,0
37257,24995,0
37258,24995,0
37259,24995,0
37260,24995,0
37261,24995,0
37262,24995,0
37263,24995,0
37264,24995,0
37265,24995,0
37266,25007,1329
37267,24995,0
37268,24995,0
37269,24995,0
37270,24995,0
37271,24995,0
37272,24995,0
37273,24995,0
37274,24995,0
37275,24995,0
37276,24995,0
37277,24995,0
37278,24995,0
37279,24995,0
37280,24995,0
37281,24995,59
37282,24995,0
37283,24995,0
37284,25002,729
37285,24995,0
37286,25002,809
37287,24995,0
37288,24995,0
37289,24995,0
37290,24995,0
37291,24995,0
37292,24995,0
37293,24995,0
37294,24995,0
37295,24995,0
37296,24995,0
37297,25607,63518
37298,24995,0
37299,24995,0
37300,25039,4667
37301,24995,0
37302,25000,609
37303,24995,0
37304,24995,0
37305,24995,0
37306,24995,0
37307,24995,0
37308,24995,0
37309,24995,0
37310,24995,0
37311,24995,0
37312,24995,0
37313,24995,0
37314,24995,0
37315,24995,0
37316,25013,1968
37317,24995,0
37318,24995,0
37319,24995,0
37320,24995,0
37321,24995,0
37322,24995,0
37323,24995,0
37324,24995,0
37325,24995,0
37326,24995,0
37327,24995,0
37328,24995,0
37329,25007,1259
37330,24995,0
37331,24995,0
37332,24995,0
37333,24995,0
37334,24995,0
37335,24995,0
37336,24995,0
37337,24995,0
37338,24999,413
37339,25022,2918
37340,24995,0
37341,24995,0
37342,24995,0
37343,25006,1213
37344,24995,0
37345,24995,0
37346,24995,0
37347,24995,0
37348,24995,0
37349,24995,0
37350,24995,0
37351,24995,0
37352,24995,0
37353,24995,0
37354,24995,0
37355,25005,1072
37356,24995,0
37357,24995,0
37358,24995,0
37359,24995,0
37360,24995,0
37361,24995,0
37362,24995,0
37363,24995,0
37364,24995,0
37365,24995,0
37366,24995,0
37367,24995,0
37368,24995,0
37369,24995,0
37370,24995,0
37371,24995,0
37372,25479,50359
37373,24995,0
37374,24995,0
37375,24995,0
37376,24995,0
37377,24995,0
37378,24995,0
37379,24995,0
37380,24995,0
37381,24995,0
37382,24995,0
37383,24995,0
37384,24995,0
37385,24995,0
37386,25111,12187
37387,24995,9
37388,24995,0
37389,25042,4950
37390,24995,0
37391,24995,0
37392,24995,0
37393,24995,0
37394,24995,0
37395,24995,0
37396,24995,0
37397,25003,833
37398,24995,0
37399,24995,0
37400,24995,0
37401,24995,0
37402,24995,0
37403,24995,0
37404,24995,0
37405,24995,0
37406,24995,0
37407,24995,0
37408,25009,1515
37409,24995,0
37410,25006,1209
37411,24995,0
37412,24999,418
37413,24995,0
37414,25015,2188
37415,24995,0
37416,24995,0
37417,25013,1909
37418,24995,0
37419,24995,0
37420,24995,0
37421,24995,0
37422,24995,0
37423,24995,0
37424,24995,0
37425,24995,0
37426,24995,0
37427,24995,0
37428,24995,0
37429,24995,0
37430,24995,0
37431,24995,0
37432,24995,0
37433,24995,0
37434,24995,0
37435,24995,0
37436,24995,0
37437,24995,0
37438,24995,0
37439,24995,0
37440,24995,0
37441,24995,0
37442,24995,0
37443,25014,2090
37444,24995,0
37445,24995,0
37446,24995,0
37447,24995,0
37448,24995,0
37449,24995,0
37450,24995,0
37451,24995,0
37452,24995,0
37453,24995,0
37454,25052,6009
37455,24995,0
37456,24995,0
37457,24995,0
37458,24995,0
37459,24995,0
37460,24995,0
37461,24995,0
37462,24995,0
37463,24995,0
37464,24995,0
37465,24995,0
37466,24995,0
37467,24995,0
37468,24995,0
37469,25009,1509
37470,24995,0
37471,24995,0
37472,24995,0
37473,25000,613
37474,24995,0
37475,24995,9
37476,24995,0
37477,25028,3544
37478,24995,0
37479,25001,713
37480,24995,0
37481,24995,0
37482,24995,0
37483,24995,0
37484,24995,0
37485,24995,0
37486,24995,0
37487,24995,0
37488,24995,0
37489,24995,0
37490,24995,0
37491,24995,0
37492,24995,0
37493,25026,3309
37494,24995,0
37495,24995,0
37496,24995,0
37497,24995,0
37498,24995,0
37499,24998,309
37500,25000,618
37501,24995,0
37502,24995,0
37503,24995,0
37504,24995,0
37505,24995,0
37506,24995,0
37507,24995,0
37508,24995,0
37509,25027,3369
37510,24995,0
37511,24995,0
37512,24995,0
37513,24995,0
37514,24995,0
37515,24995,9
37516,24995,0
37517,24995,0
37518,25018,2440
37519,25012,1811
37520,25000,533
37521,24995,0
37522,24995,0
37523,24995,0
37524,24995,0
37525,24995,0
37526,24995,0
37527,24995,0
37528,24995,0
37529,25005,1109
37530,24995,0
37531,24995,0
37532,24995,0
37533,24995,0
37534,24995,0
37535,24995,0
37536,24995,0
37537,24995,0
37538,24995,0
37539,24995,0
37540,24995,0
37541,24999,413
37542,24995,0
37543,24995,0
37544,24995,0
37545,24995,0
37546,24995,0
37547,24995,0
37548,24995,0
37549,24995,0
37550,25013,1913
37551,24995,0
37552,24995,0
37553,24995,0
37554,24995,0
37555,24995,0
37556,24995,0
37557,24995,0
37558,24995,0
37559,24995,0
37560,24995,0
37561,24995,0
37562,24995,0
37563,24995,0
37564,24995,0
37565,24995,0
37566,24995,0
37567,25000,533
37568,24995,0
37569,24995,0
37570,24995,0
37571,24995,0
37572,24995,0
37573,24995,0
37574,24997,209
37575,24995,0
37576,24995,0
37577,24995,0
37578,24995,0
37579,24995,0
37580,25013,1904
37581,24995,0
37582,24995,0
37583,25019,2609
37584,24995,0
37585,24995,0
37586,24995,0
37587,25023,3018
37588,24995,0
37589,24995,0
37590,24995,0
37591,24995,0
37592,24995,0
37593,24995,0
37594,24995,0
37595,24995,0
37596,24995,0
37597,24995,0
37598,24995,0
37599,24995,0
37600,24995,0
37601,24995,0
37602,24995,0
37603,24998,309
37604,24995,0
37605,24995,0
37606,24998,329
37607,24995,0
37608,24998,329
37609,24995,0
37610,24995,0
37611,24995,0
37612,24995,0
37613,24995,0
37614,24995,0
37615,24995,0
37616,24995,0
37617,24995,0
37618,24995,0
37619,24995,0
37620,25003,913
37621,24995,0
37622,24995,0
37623,24995,0
37624,24995,0
37625,25001,659
37626,24995,0
37627,25054,6209
37628,24995,0
37629,24995,0
37630,24995,0
37631,24995,0
37632,24995,0
37633,25001,709
37634,24995,0
37635,24995,0
37636,25009,1522
37637,24995,0
37638,25007,1333
37639,25013,1918
37640,24995,0
37641,24998,409
37642,24995,0
37643,24995,0
37644,24995,0
37645,25014,2033
37646,24995,0
37647,24995,0
37648,25001,709
37649,24995,0
37650,24995,0
37651,24995,0
37652,25007,1272
37653,24995,0
37654,24995,0
37655,24995,0
37656,24995,0
37657,24995,0
37658,24995,0
37659,24995,0
37660,24997,209
37661,25026,3318
37662,24995,0
37663,25042,5009
37664,24995,0
37665,24995,0
37666,24995,0
37667,24995,0
37668,24995,0
37669,24995,0
37670,24995,0
37671,24995,0
37672,24995,0
37673,24995,0
37674,24995,0
37675,24995,0
37676,24995,0
37677,24996,159
37678,25083,9309
37679,25001,709
37680,24995,0
37681,24995,0
37682,24995,0
37683,24995,0
37684,24995,0
37685,24995,0
37686,24995,0
37687,24995,0
37688,25008,1435
37689,24995,0
37690,24995,0
37691,24995,0
37692,24995,0
37693,24995,0
37694,24999,463
37695,24995,0
37696,25008,1409
37697,24998,379
37698,24995,0
37699,24995,0
37700,24995,0
37701,24995,0
37702,24995,0
37703,24995,0
37704,24995,0
37705,24995,0
37706,24995,0
37707,24995,0
37708,24995,0
37709,24995,0
37710,25002,829
37711,24995,0
37712,24995,0
37713,24995,0
37714,24995,0
37715,24995,0
37716,25147,16009
37717,24995,0
37718,24998,409
37719,24995,0
37720,24995,0
37721,24995,9
37722,24995,0
37723,25013,1909
37724,24995,0
37725,24995,0
37726,24995,0
37727,24995,0
37728,24995,0
37729,25018,2409
37730,24995,0
37731,24995,0
37732,24995,0
37733,24995,0
37734,24995,0
37735,24995,0
37736,24995,0
37737,25014,2009
37738,24995,0
37739,24995,0
37740,24995,0
37741,24995,0
37742,24995,0
37743,24995,0
37744,24995,0
37745,24995,0
37746,24995,0
37747,24995,0
37748,24995,0
37749,24995,0
37750,24998,409
37751,24995,0
37752,24995,0
37753,24995,0
37754,24995,0
37755,24995,0
37756,24995,0
37757,24995,0
37758,25009,1478
37759,24995,0
37760,24995,0
37761,24995,0
37762,24995,0
37763,24995,0
37764,24995,0
37765,24995,0
37766,25063,7209
37767,24995,0
37768,24995,0
37769,24995,0
37770,24998,318
37771,24995,0
37772,24995,0
37773,24995,0
37774,24995,0
37775,24995,0
37776,25062,7113
37777,24995,0
37778,24995,0
37779,24995,0
37780,24995,0
37781,24995,0
37782,24995,0
37783,24996,113
37784,24995,0
37785,24995,0
37786,24995,0
37787,24995,0
37788,25006,1209
37789,24995,0
37790,24995,0
37791,24995,0
37792,24995,0
37793,24995,0
37794,24995,0
37795,24995,0
37796,24995,0
37797,24995,0
37798,24995,0
37799,24995,0
37800,24995,0
37801,24995,0
37802,24995,0
37803,24995,0
37804,24995,0
37805,24995,0
37806,24995,0
37807,24995,0
37808,24995,0
37809,24995,0
37810,24995,0
37811,25016,2238
37812,24995,0
37813,24995,0
37814,24995,0
37815,24995,0
37816,24995,0
37817,24995,0
37818,24995,18
37819,24995,0
37820,25052,6018
37821,24995,0
37822,24995,0
37823,24995,0
37824,24995,0
37825,25010,1659
37826,24995,0
37827,24995,36
37828,24998,322
37829,24999,418
37830,25004,1009
37831,24995,33
37832,24995,0
37833,24995,0
37834,24995,0
37835,24995,0
37836,24995,0
37837,24995,0
37838,24995,0
37839,24995,0
37840,25043,5083
37841,24995,0
37842,24995,0
37843,24995,0
37844,24995,0
37845,24995,0
37846,24995,0
37847,25018,2409
37848,24995,0
37849,24995,0
37850,24995,0
37851,25023,2968
37852,24995,0
37853,25000,618
37854,24995,0
37855,24995,0
37856,24995,0
37857,24995,0
37858,24995,0
37859,24995,0
37860,24995,0
37861,24995,0
37862,24995,0
37863,24995,0
37864,24995,0
37865,24995,0
37866,24995,0
37867,24995,0
37868,24995,0
37869,24995,0
37870,24995,0
37871,24995,0
37872,24995,0
37873,24995,0
37874,24995,0
37875,24995,0
37876,24995,0
37877,24995,0
37878,24995,0
37879,24995,0
37880,24995,0
37881,24995,0
37882,24995,0
37883,25011,1697
37884,24995,0
37885,24995,0
37886,24995,0
37887,24995,0
37888,24998,409
37889,24995,0
37890,24995,0
37891,25001,718
37892,25578,60625
37893,24995,0
37894,24995,0
37895,24995,0
37896,24995,0
37897,24995,63
37898,25003,868
37899,24995,0
37900,24995,0
37901,24995,0
37902,24995,0
37903,24995,0
37904,24998,309
37905,24995,0
37906,24995,0
37907,24995,0
37908,24995,0
37909,24995,13
37910,24995,0
37911,24995,0
37912,24998,365
37913,24995,0
37914,25008,1409
37915,24995,0
37916,24995,0
37917,24995,0
37918,24995,0
37919,24995,0
37920,25041,4918
37921,24995,0
37922,24995,0
37923,24995,0
37924,25024,3094
37925,24995,0
37926,24995,0
37927,24995,0
37928,24995,0
37929,24995,0
37930,24995,0
37931,24995,0
37932,24995,0
37933,24995,0
37934,24995,0
37935,24999,489
37936,24995,0
37937,24995,0
37938,24995,0
37939,24995,0
37940,24995,0
37941,24995,0
37942,24995,0
37943,24995,0
37944,24995,0
37945,25001,709
37946,24995,0
37947,25008,1431
37948,24995,0
37949,24995,0
37950,24995,0
37951,24995,0
37952,24995,0
37953,24995,0
37954,24995,0
37955,24995,0
37956,24995,0
37957,24995,0
37958,24995,0
37959,24995,0
37960,24995,0
37961,24999,429
37962,24995,0
37963,24995,0
37964,24995,0
37965,24995,0
37966,24995,0
37967,24995,0
37968,25009,1559
37969,24995,0
37970,24995,0
37971,24995,0
37972,24995,0
37973,24995,0
37974,24995,0
37975,24995,0
37976,25010,1613
37977,24995,0
37978,24995,0
37979,24995,0
37980,24995,0
37981,24995,0
37982,24995,0
37983,24995,0
37984,24995,0
37985,24995,0
37986,24995,0
37987,24995,0
37988,24995,0
37989,24995,0
37990,24995,0
37991,24995,0
37992,24995,0
37993,24995,0
37994,24995,0
37995,25003,925
37996,24995,0
37997,24995,0
37998,24995,0
37999,24995,0
38000,25011,1719
38001,24995,0
38002,24995,0
38003,24995,0
38004,24995,0
38005,24995,0
38006,24995,9
38007,24995,0
38008,24995,0
38009,24995,0
38010,24995,0
38011,24995,0
38012,24995,0
38013,25045,5309
38014,24995,0
38015,24995,0
38016,25020,2647
38017,24995,0
38018,24995,0
38019,24995,0
38020,24997,206
38021,25001,659
38022,24995,0
38023,24995,0
38024,24995,0
38025,24995,35
38026,24995,0
38027,24995,0
38028,24995,0
38029,24995,0
38030,24995,0
38031,24995,0
38032,24995,0
38033,24995,0
38034,24995,0
38035,24995,0
38036,24995,0
38037,24995,0
38038,24995,0
38039,25007,1326
38040,25000,609
38041,24995,0
38042,24996,159
38043,24995,0
38044,24995,0
38045,24995,0
38046,24995,0
38047,24995,0
38048,24995,0
38049,24995,0
38050,24995,0
38051,24995,0
38052,24995,0
38053,24995,0
38054,24995,0
38055,24995,0
38056,24995,0
38057,24995,0
38058,24995,0
38059,24996,122
38060,24995,0
38061,24995,0
38062,25009,1513
38063,24995,59
38064,25092,10209
38065,25035,4218
38066,24995,0
38067,24995,0
38068,24995,0
38069,24995,0
38070,24995,0
38071,24995,0
38072,24995,0
38073,24995,0
38074,24995,0
38075,24995,0
38076,25006,1238
38077,24995,0
38078,24995,0
38079,24995,0
38080,24995,0
38081,24995,0
38082,24995,0
38083,24995,0
38084,24999,429
38085,24995,0
38086,24995,0
38087,24995,0
38088,25002,733
38089,24995,0
38090,24995,0
38091,24995,0
38092,24995,0
38093,24999,472
38094,24995,0
38095,24995,0
38096,24995,0
38097,24995,0
38098,24995,0
38099,24995,0
38100,24995,0
38101,24995,0
38102,24995,0
38103,24995,0
38104,24995,0
38105,24995,0
38106,24995,0
38107,25009,1530
38108,25002,772
38109,24995,0
38110,24995,0
38111,24995,0
38112,24995,0
38113,25017,2309
38114,24995,0
38115,24995,0
38116,24995,0
38117,24995,0
38118,24995,0
38119,24995,0
38120,24995,0
38121,24995,0
38122,24995,0
38123,25017,2329
38124,24995,0
38125,25001,718
38126,25015,2135
38127,24995,0
38128,24995,0
38129,24995,0
38130,24995,0
38131,24995,0
38132,24999,436
38133,24995,0
38134,24995,0
38135,24998,329
38136,24995,0
38137,24995,0
38138,24995,0
38139,24995,0
38140,25010,1586
38141,24995,29
38142,25064,7235
38143,24995,0
38144,24995,0
38145,24995,0
38146,24995,0
38147,24995,0
38148,24995,0
38149,24995,0
38150,24995,0
38151,24995,0
38152,25029,3659
38153,24995,0
38154,24995,0
38155,24995,0
38156,24995,0
38157,24995,0
38158,24995,0
38159,25005,1118
38160,24995,0
38161,24995,9
38162,24995,0
38163,24995,0
38164,24995,0
38165,24995,0
38166,24995,0
38167,24995,0
38168,24995,0
38169,25032,3896
38170,24995,0
38171,24995,0
38172,24995,0
38173,24995,0
38174,24995,0
38175,24995,0
38176,24998,309
38177,24995,0
38178,24995,0
38179,24995,0
38180,24995,0
38181,24995,0
38182,24995,0
38183,24995,0
38184,24995,0
38185,24995,0
38186,24995,0
38187,24995,0
38188,24995,0
38189,24995,0
38190,24995,0
38191,24995,0
38192,24995,0
38193,24995,0
38194,24995,0
38195,24995,0
38196,24995,0
38197,24995,0
38198,24995,69
38199,25041,4915
38200,24995,0
38201,24995,0
38202,24995,0
38203,24995,0
38204,24995,0
38205,24995,0
38206,24995,0
38207,24999,449
38208,24995,0
38209,24995,0
38210,24995,0
38211,24995,0
38212,24995,0
38213,24995,0
38214,24995,0
38215,24995,0
38216,24995,0
38217,25037,4413
38218,24995,0
38219,24995,0
38220,24995,0
38221,24995,0
38222,24995,0
38223,25023,2949
38224,24995,0
38225,24995,0
38226,24995,0
38227,25000,553
38228,24995,0
38229,24995,0
38230,24995,0
38231,25006,1209
38232,24995,0
38233,24995,0
38234,24995,0
38235,24996,113
38236,24995,0
38237,25023,3018
38238,24995,0
38239,24995,0
38240,24995,0
38241,24995,0
38242,24995,0
38243,24995,0
38244,25001,634
38245,24995,0
38246,24995,0
38247,25004,1009
38248,24995,0
38249,24995,0
38250,24995,0
38251,24995,0
38252,24995,0
38253,24995,0
38254,24995,0
38255,24995,0
38256,25004,1038
38257,24995,0
38258,24995,0
38259,24995,0
38260,24995,0
38261,24995,0
38262,24995,0
38263,24995,0
38264,24995,0
38265,24995,0
38266,24995,0
38267,24995,0
38268,24995,0
38269,24995,0
38270,24995,0
38271,24995,0
38272,24995,0
38273,24995,0
38274,24995,0
38275,24995,0
38276,24995,0
38277,24995,0
38278,24995,0
38279,24995,0
38280,24995,0
38281,24995,0
38282,24995,0
38283,24995,0
38284,24995,0
38285,24995,0
38286,24995,0
38287,24995,0
38288,24995,0
38289,24995,0
38290,24995,0
38291,24995,0
38292,24995,0
38293,24995,0
38294,24998,368
38295,24995,0
38296,24995,0
38297,24995,0
38298,24995,0
38299,24995,0
38300,24995,0
38301,24995,0
38302,25009,1549
38303,24995,0
38304,24995,0
38305,24995,0
38306,24995,0
38307,24995,0
38308,24995,0
38309,24995,0
38310,24995,0
38311,24995,0
38312,24995,0
38313,24995,0
38314,24995,0
38315,24995,0
38316,24995,0
38317,24995,0
38318,25002,783
38319,24995,0
38320,24995,0
38321,24995,0
38322,24995,0
38323,24995,0
38324,24995,0
38325,24995,0
38326,24995,0
38327,24995,0
38328,24995,0
38329,24995,0
38330,24995,0
38331,24999,492
38332,24995,0
38333,24995,0
38334,24995,0
38335,24995,0
38336,24995,0
38337,24995,0
38338,24995,0
38339,24995,0
38340,24995,0
38341,24995,0
38342,25177,19040
38343,24995,0
38344,24995,0
38345,24995,0
38346,24995,0
38347,24995,0
38348,24995,0
38349,24995,0
38350,24995,0
38351,24995,0
38352,24995,0
38353,24995,0
38354,24995,0
38355,24995,0
38356,25001,726
38357,24995,0
38358,24995,0
38359,24995,0
38360,24995,0
38361,24995,0
38362,24995,0
38363,24996,129
38364,24995,0
38365,24995,0
38366,24995,0
38367,24995,0
38368,24995,0
38369,24995,0
38370,24995,0
38371,24995,0
38372,24995,0
38373,25018,2438
38374,24995,0
38375,24995,0
38376,24995,0
38377,25011,1729
38378,24995,0
38379,24995,0
38380,24995,0
38381,24995,0
38382,24995,0
38383,24995,0
38384,24995,0
38385,24995,0
38386,24995,0
38387,24995,0
38388,24995,0
38389,24995,0
38390,24998,409
38391,25006,1199
38392,24995,0
38393,24995,0
38394,24995,0
38395,24995,0
38396,24995,0
38397,25003,929
38398,24995,0
38399,24995,0
38400,24995,0
38401,24995,0
38402,24995,0
38403,25005,1073
38404,24995,0
38405,24995,0
38406,24995,0
38407,24995,0
38408,24995,0
38409,24995,0
38410,24995,0
38411,24995,0
38412,24995,0
38413,25090,10009
38414,24995,0
38415,24995,0
38416,24995,0
38417,24995,0
38418,24995,0
38419,25005,1095
38420,25004,988
38421,24995,0
38422,25042,5018
38423,24995,0
38424,24995,0
38425,24995,0
38426,24995,0
38427,24995,0
38428,24995,0
38429,24995,0
38430,24995,0
38431,24995,0
38432,24995,0
38433,24995,0
38434,24995,0
38435,24995,0
38436,24995,0
38437,25000,559
38438,24995,0
38439,24995,0
38440,24995,0
38441,24995,0
38442,24995,0
38443,24995,0
38444,24995,0
38445,24995,0
38446,25014,2074
38447,24995,0
38448,24995,0
38449,24998,309
38450,24995,0
38451,24995,0
38452,24995,0
38453,24995,0
38454,24995,0
38455,24995,0
38456,24995,0
38457,24995,0
38458,24999,509
38459,24995,0
38460,25001,709
38461,24995,0
38462,24995,29
38463,24995,0
38464,24995,0
38465,24995,0
38466,24995,0
38467,25041,4909
38468,25005,1068
38469,24995,0
38470,24997,209
38471,24995,0
38472,24995,0
38473,24996,159
38474,25050,5849
38475,24995,0
38476,24995,0
38477,24995,0
38478,24995,0
38479,24995,0
38480,25015,2155
38481,24995,0
38482,24995,0
38483,24995,0
38484,25013,1985
38485,24995,0
38486,24995,0
38487,24995,0
38488,25002,809
38489,24995,0
38490,24995,0
38491,24995,0
38492,24995,0
38493,24995,0
38494,24995,0
38495,24995,0
38496,24995,0
38497,24995,0
38498,24995,0
38499,24995,0
38500,24995,0
38501,24995,0
38502,24995,0
38503,25017,2363
38504,24995,0
38505,24995,0
38506,24995,0
38507,24995,0
38508,24995,49
38509,24995,0
38510,24995,0
38511,24995,0
38512,24995,0
38513,24995,0
38514,24995,0
38515,24995,0
38516,25039,4668
38517,24995,0
38518,24995,0
38519,24995,0
38520,24995,0
38521,24995,0
38522,24995,0
38523,24995,0
38524,25000,529
38525,24999,447
38526,24995,0
38527,24995,0
38528,24995,0
38529,24995,0
38530,25005,1119
38531,24995,0
38532,24995,0
38533,24995,0
38534,24995,0
38535,24995,0
38536,24995,0
38537,24995,0
38538,24995,0
38539,24995,0
38540,24995,0
38541,24995,0
38542,24995,0
38543,24995,0
38544,25019,2609
38545,24995,0
38546,24995,0
38547,24995,0
38548,24995,0
38549,24995,0
38550,24995,0
38551,25021,2809
38552,24995,0
38553,24995,0
38554,24995,0
38555,24998,359
38556,24995,0
38557,24995,0
38558,24995,0
38559,24995,0
38560,24995,0
38561,24995,0
38562,24995,0
38563,24995,0
38564,24995,0
38565,24995,0
38566,24995,0
38567,24995,0
38568,25017,2363
38569,25000,568
38570,24995,0
38571,24995,0
38572,24995,0
38573,24995,0
38574,24995,0
38575,24995,0
38576,24995,0
38577,24995,0
38578,24995,0
38579,24998,309
38580,24995,0
38581,24995,0
38582,25079,8858
38583,24995,0
38584,24995,0
38585,24995,0
38586,24995,0
38587,24999,433
38588,24995,0
38589,24995,0
38590,24995,0
38591,24995,0
38592,24995,0
38593,24995,0
38594,24995,0
38595,24995,0
38596,24995,0
38597,24995,0
38598,24995,0
38599,24999,509
38600,24995,0
38601,24995,0
38602,25014,2018
38603,24995,0
38604,24995,0
38605,24995,0
38606,24995,0
38607,24995,0
38608,24995,0
38609,24995,0
38610,24995,0
38611,24995,0
38612,24995,0
38613,24995,0
38614,24995,0
38615,24995,0
38616,24995,0
38617,24995,0
38618,24995,0
38619,25157,17009
38620,24995,0
38621,24995,0
38622,24995,0
38623,24995,0
38624,24995,0
38625,24995,0
38626,25016,2288
38627,24995,0
38628,24995,0
38629,24995,0
38630,24995,0
38631,24995,0
38632,24995,0
38633,24995,0
38634,24995,0
38635,24995,0
38636,24995,0
38637,24995,0
38638,24995,0
38639,24995,0
38640,24995,0
38641,24995,0
38642,24995,0
38643,24995,0
38644,24995,0
38645,24995,0
38646,24995,0
38647,24995,0
38648,24995,0
38649,24995,0
38650,24995,0
38651,24995,0
38652,24995,0
38653,24995,0
38654,24995,0
38655,25014,2063
38656,24995,0
38657,24995,0
38658,25031,3829
38659,24995,0
38660,24995,0
38661,24995,0
38662,24995,0
38663,24995,0
38664,25079,8835
38665,24995,0
38666,24995,0
38667,24995,0
38668,24995,0
38669,24995,0
38670,24995,0
38671,25001,713
38672,24995,0
38673,24995,0
38674,24995,0
38675,24995,0
38676,24995,0
38677,24995,0
38678,24995,0
38679,24995,0
38680,24995,0
38681,24995,0
38682,24995,0
38683,24995,0
38684,24995,0
38685,24995,0
38686,25010,1629
38687,24995,0
38688,25091,10066
38689,24995,0
38690,24995,0
38691,24995,0
38692,24995,0
38693,24995,0
38694,24995,0
38695,24997,238
38696,24995,0
38697,24995,0
38698,24995,0
38699,24995,0
38700,24995,0
38701,24995,0
38702,24995,0
38703,24995,0
38704,24995,0
38705,24995,42
38706,24995,0
38707,24995,0
38708,24995,0
38709,24995,0
38710,24995,0
38711,24995,0
38712,24995,9
38713,24995,0
38714,24995,0
38715,24995,0
38716,24995,0
38717,24995,0
38718,24995,0
38719,24995,0
38720,25018,2449
38721,24995,0
38722,24995,0
38723,24995,0
38724,25005,1118
38725,24995,0
38726,24995,0
38727,24998,359
38728,24995,0
38729,24995,0
38730,24995,0
38731,24995,0
38732,24995,0
38733,24995,0
38734,24995,0
38735,24995,0
38736,24995,0
38737,24999,479
38738,25042,5009
38739,24995,0
38740,24995,0
38741,24995,0
38742,24995,0
38743,24995,0
38744,24995,27
38745,24995,85
38746,24995,0
38747,24995,9
38748,24995,0
38749,24995,9
38750,24995,0
38751,24995,0
38752,24995,0
38753,24995,0
38754,24995,0
38755,24995,0
38756,24995,0
38757,25242,25891
38758,25002,758
38759,24995,0
38760,24995,0
38761,24995,0
38762,24995,0
38763,25001,629
38764,24995,0
38765,24995,0
38766,24995,0
38767,24995,0
38768,24995,0
38769,24995,0
38770,24995,0
38771,24995,0
38772,24995,9
38773,24995,0
38774,25000,613
38775,25081,9017
38776,24995,0
38777,24995,0
38778,24995,0
38779,24995,0
38780,24995,0
38781,24995,0
38782,24995,35
38783,24995,0
38784,24995,0
38785,24995,0
38786,24995,0
38787,24995,0
38788,24999,468
38789,24998,409
38790,24995,0
38791,24995,0
38792,25004,1002
38793,25012,1859
38794,24995,18
38795,25002,759
38796,24995,0
38797,25005,1112
38798,24995,0
38799,24995,0
38800,24995,0
38801,24995,0
38802,24995,0
38803,24995,0
38804,24995,0
38805,25002,729
38806,24995,0
38807,24995,0
38808,24995,0
38809,24995,0
38810,24995,0
38811,24995,0
38812,24995,0
38813,24995,0
38814,24995,0
38815,24995,0
38816,24995,0
38817,24995,0
38818,24995,0
38819,24995,0
38820,25000,522
38821,25002,809
38822,24998,409
38823,24995,0
38824,24995,0
38825,24995,0
38826,25009,1559
38827,24995,0
38828,24995,0
38829,24995,0
38830,25022,2913
38831,24995,0
38832,24995,0
38833,24995,0
38834,24995,0
38835,24995,0
38836,24995,0
38837,25021,2729
38838,24998,313
38839,25003,859
38840,24995,0
38841,24995,0
38842,24995,0
38843,24995,0
38844,25006,1244
38845,24999,509
38846,24995,0
38847,24995,0
38848,24995,0
38849,25007,1259
38850,24995,0
38851,24995,0
38852,24995,0
38853,24995,0
38854,24997,218
38855,25015,2176
38856,24995,0
38857,24995,0
38858,24995,0
38859,24995,0
38860,24995,0
38861,24995,0
38862,24995,0
38863,24995,0
38864,25028,3469
38865,24995,0
38866,24995,0
38867,24995,0
38868,24995,0
38869,24995,0
38870,25003,909
38871,24995,0
38872,24995,0
38873,24995,0
38874,24995,0
38875,24995,0
38876,24995,0
38877,24995,0
38878,24995,0
38879,24995,0
38880,24995,0
38881,24995,0
38882,24995,0
38883,24995,0
38884,24995,0
38885,24995,0
38886,24995,0
38887,24995,0
38888,24995,0
38889,24995,0
38890,24995,0
38891,24995,0
38892,24995,0
38893,24995,0
38894,24995,0
38895,24995,0
38896,25033,4009
38897,24997,258
38898,24995,0
38899,25001,627
38900,24995,0
38901,24995,0
38902,24995,0
38903,24995,0
38904,24995,0
38905,24995,0
38906,24995,0
38907,24995,0
38908,24995,0
38909,24995,0
38910,24995,0
38911,24995,0
38912,24995,0
38913,24995,0
38914,24995,0
38915,24995,0
38916,24995,0
38917,24995,0
38918,24995,0
38919,24995,0
38920,24995,0
38921,24995,0
38922,24995,0
38923,24995,0
38924,24995,0
38925,24995,0
38926,24995,0
38927,24995,0
38928,25000,518
38929,24995,0
38930,24995,0
38931,24995,0
38932,24995,0
38933,24995,0
38934,24995,0
38935,24995,0
38936,24995,0
38937,24995,0
38938,24995,0
38939,24995,0
38940,24995,0
38941,24995,0
38942,24995,0
38943,24995,0
38944,24995,0
38945,24995,0
38946,24995,0
38947,24995,0
38948,24995,0
38949,24995,0
38950,24995,0
38951,24995,0
38952,24995,0
38953,24995,0
38954,24995,0
38955,24998,409
38956,24998,338
38957,24995,0
38958,24995,0
38959,24995,0
38960,24995,0
38961,24995,22
38962,24995,0
38963,25008,1409
38964,24995,0
38965,24995,0
38966,24995,0
38967,24995,0
38968,25001,709
38969,24995,0
38970,24995,0
38971,24995,0
38972,24996,129
38973,25028,3509
38974,24995,0
38975,24995,0
38976,24995,0
38977,25011,1731
38978,24998,359
38979,25020,2709
38980,24995,0
38981,24995,0
38982,24995,0
38983,25012,1779
38984,24995,0
38985,24995,0
38986,24995,0
38987,24995,0
38988,24995,0
38989,24995,0
38990,24995,0
38991,24995,0
38992,24995,0
38993,24995,0
38994,24995,0
38995,24995,0
38996,24995,0
38997,24995,0
38998,25014,2013
38999,24995,0
39000,24995,0
39001,24995,0
39002,24995,0
39003,24995,0
39004,24995,0
39005,24995,0
39006,24995,0
39007,24995,0
39008,24995,0
39009,24995,0
39010,25118,12929
39011,25015,2168
39012,24995,0
39013,24995,0
39014,24995,0
39015,24995,0
39016,24995,0
39017,24995,0
39018,24995,0
39019,24997,263
39020,24995,0
39021,24995,0
39022,24995,0
39023,24995,0
39024,24995,0
39025,24995,0
39026,24995,0
39027,24995,0
39028,24995,0
39029,25001,722
39030,24995,0
39031,24995,0
39032,24995,0
39033,24995,0
39034,24995,0
39035,24995,0
39036,24995,0
39037,24995,0
39038,24995,0
39039,24995,0
39040,24995,0
39041,24995,0
39042,24995,0
39043,24995,0
39044,24995,0
39045,24995,0
39046,24995,0
39047,24995,0
39048,24995,0
39049,24995,0
39050,25007,1259
39051,24995,0
39052,24995,0
39053,24995,0
39054,24995,0
39055,24995,0
39056,24995,0
39057,24995,0
39058,25004,1022
39059,24995,0
39060,24995,0
39061,24995,0
39062,25017,2309
39063,24996,118
39064,24995,0
39065,24995,0
39066,24995,0
39067,24995,0
39068,24995,0
39069,24995,0
39070,24995,0
39071,24995,0
39072,24995,0
39073,24995,0
39074,24995,0
39075,24995,0
39076,24995,0
39077,24995,0
39078,24995,0
39079,24995,0
39080,24995,9
39081,24995,0
39082,25014,2013
39083,24997,259
39084,25012,1822
39085,24995,0
39086,24995,0
39087,24995,0
39088,24995,0
39089,24995,0
39090,24995,0
39091,24997,213
39092,24995,0
39093,24995,0
39094,24995,0
39095,24995,0
39096,24995,0
39097,24995,0
39098,24995,0
39099,24995,0
39100,24995,0
39101,24995,0
39102,24995,0
39103,24995,0
39104,25031,3830
39105,24995,0
39106,24995,0
39107,24995,0
39108,24995,0
39109,25001,709
39110,24995,0
39111,24995,0
39112,25017,2309
39113,24995,0
39114,24995,0
39115,24995,0
39116,24995,0
39117,24995,0
39118,24995,0
39119,24995,0
39120,24995,0
39121,25018,2509
39122,24995,0
39123,24995,0
39124,24995,0
39125,24995,0
39126,24995,0
39127,24995,0
39128,24995,0
39129,24995,0
39130,24995,0
39131,24999,459
39132,24995,0
39133,24995,0
39134,24995,0
39135,24995,0
39136,24995,0
39137,24995,0
39138,24995,0
39139,24995,0
39140,24995,0
39141,24995,0
39142,24995,0
39143,24995,0
39144,24995,0
39145,25016,2238
39146,24995,0
39147,24995,0
39148,24995,0
39149,24995,0
39150,24995,0
39151,24995,0
39152,24995,0
39153,24995,0
39154,24995,0
39155,24995,0
39156,25018,2409
39157,24995,63
39158,24995,0
39159,24995,0
39160,24995,0
39161,24995,0
39162,24995,0
39163,24995,0
39164,24995,0
39165,24995,0
39166,24995,9
39167,24995,0
39168,25017,2327
39169,24995,0
39170,24995,0
39171,24995,0
39172,24995,18
39173,24995,0
39174,24995,0
39175,24995,0
39176,24995,0
39177,24995,0
39178,24995,0
39179,24995,0
39180,24995,0
39181,24995,0
39182,25017,2309
39183,25056,6409
39184,24995,18
39185,24995,0
39186,24995,0
39187,24995,0
39188,24995,0
39189,24995,0
39190,24995,0
39191,24995,0
39192,25010,1568
39193,24995,0
39194,24995,0
39195,24996,118
39196,24997,222
39197,24995,0
39198,24995,0
39199,24995,0
39200,24995,0
39201,25091,10109
39202,25006,1153
39203,24995,0
39204,24995,0
39205,24995,0
39206,25001,638
39207,24995,0
39208,24995,0
39209,24995,0
39210,24995,0
39211,24995,0
39212,24995,0
39213,24995,0
39214,24995,0
39215,24995,0
39216,24995,0
39217,24995,0
39218,24995,29
39219,24995,0
39220,24995,0
39221,25027,3358
39222,24995,0
39223,24995,0
39224,24995,0
39225,24995,0
39226,24995,0
39227,24995,0
39228,24995,0
39229,24995,0
39230,24995,0
39231,24995,0
39232,24995,0
39233,24995,0
39234,24995,0
39235,24995,0
39236,24995,0
39237,24995,0
39238,24995,0
39239,24995,0
39240,24995,0
39241,24995,0
39242,24995,0
39243,24995,0
39244,24995,0
39245,24995,0
39246,24995,0
39247,24995,0
39248,24995,13
39249,24995,0
39250,24995,0
39251,24995,0
39252,24995,0
39253,24995,0
39254,24995,0
39255,24995,0
39256,24995,0
39257,25018,2459
39258,25001,668
39259,25014,2009
39260,25023,3009
39261,24995,0
39262,24995,0
39263,24995,0
39264,24995,0
39265,24995,0
39266,24995,0
39267,24995,0
39268,24995,0
39269,24995,0
39270,24995,0
39271,24995,0
39272,24995,0
39273,24995,0
39274,24995,0
39275,24995,0
39276,24995,0
39277,24995,0
39278,25035,4249
39279,24995,0
39280,24995,0
39281,24995,0
39282,24995,0
39283,24995,0
39284,24995,0
39285,24995,0
39286,24995,0
39287,24995,0
39288,24995,0
39289,24995,0
39290,24995,0
39291,24995,0
39292,24995,0
39293,24995,0
39294,24995,0
39295,24995,0
39296,24995,13
39297,24995,0
39298,24995,0
39299,24995,0
39300,24995,0
39301,24995,0
39302,24995,0
39303,24995,0
39304,24995,0
39305,24999,413
39306,24995,0
39307,24995,0
39308,24995,0
39309,24995,0
39310,24995,0
39311,24995,0
39312,24995,0
39313,25031,3853
39314,24995,0
39315,24995,0
39316,24995,0
39317,24995,0
39318,24996,113
39319,24995,0
39320,24995,0
39321,24995,0
39322,24995,0
39323,24995,0
39324,24995,0
39325,24995,0
39326,24995,68
39327,24995,0
39328,24995,0
39329,25025,3209
39330,24998,309
39331,24995,0
39332,24995,0
39333,24995,0
39334,25282,30049
39335,24995,0
39336,24995,59
39337,24995,13
39338,24995,0
39339,25000,613
39340,24995,0
39341,24995,0
39342,24995,0
39343,24995,0
39344,25000,529
39345,24995,0
39346,24995,0
39347,24995,0
39348,24995,0
39349,24995,0
39350,24995,0
39351,24995,0
39352,24995,0
39353,24995,0
39354,24995,0
39355,25000,559
39356,24995,0
39357,24995,0
39358,24995,0
39359,25008,1418
39360,24995,0
39361,24998,359
39362,24995,0
39363,24995,0
39364,24995,0
39365,24995,0
39366,24995,0
39367,25008,1418
39368,24995,0
39369,24995,0
39370,27492,250029
39371,24995,0
39372,24995,0
39373,24995,0
39374,24995,0
39375,24995,0
39376,24995,0
39377,24995,0
39378,24995,0
39379,24998,409
39380,24995,0
39381,24995,0
39382,24995,0
39383,24995,0
39384,24995,0
39385,24995,0
39386,24995,0
39387,24995,0
39388,24995,0
39389,24995,0
39390,24995,0
39391,24995,0
39392,24995,0
39393,24995,0
39394,24995,0
39395,24995,0
39396,24995,0
39397,24995,0
39398,24995,0
39399,25007,1259
39400,24995,0
39401,24998,329
39402,24995,0
39403,24995,0
39404,24995,0
39405,25005,1059
39406,24995,0
39407,24995,83
39408,24995,0
39409,24995,0
39410,24995,0
39411,24995,0
39412,24995,0
39413,24995,0
39414,24995,0
39415,24995,0
39416,24995,0
39417,24995,0
39418,24995,0
39419,24995,0
39420,24995,0
39421,24995,0
39422,24995,9
39423,24995,0
39424,24995,0
39425,24995,0
39426,24995,0
39427,24995,0
39428,24995,0
39429,24995,0
39430,24995,0
39431,24997,219
39432,25002,768
39433,24995,0
39434,24998,367
39435,25261,27809
39436,24995,0
39437,24995,0
39438,24995,0
39439,24995,0
39440,24995,0
39441,24995,0
39442,24995,0
39443,24995,0
39444,24995,0
39445,24995,0
39446,24995,0
39447,25004,1035
39448,24995,0
39449,25009,1473
39450,24995,0
39451,24995,0
39452,24995,0
39453,24995,0
39454,24995,0
39455,24995,0
39456,24995,0
39457,24995,0
39458,24995,0
39459,24995,0
39460,24995,0
39461,24995,0
39462,24995,0
39463,24995,0
39464,24995,0
39465,24995,0
39466,24995,0
39467,24995,0
39468,24995,0
39469,24995,0
39470,25012,1836
39471,24995,0
39472,24995,0
39473,24995,0
39474,24995,0
39475,24995,0
39476,24995,0
39477,24995,0
39478,24995,0
39479,24995,0
39480,24995,0
39481,24995,0
39482,25020,2647
39483,24995,0
39484,24995,0
39485,24995,0
39486,24995,0
39487,24995,0
39488,24995,0
39489,24995,0
39490,24995,0
39491,24995,0
39492,25013,1956
39493,24995,0
39494,24995,0
39495,24995,0
39496,25019,2518
39497,24998,379
39498,24995,0
39499,24995,0
39500,24995,0
39501,25073,8209
39502,24995,0
39503,24995,0
39504,24995,0
39505,24995,0
39506,24995,0
39507,24995,0
39508,24995,0
39509,24995,0
39510,24995,0
39511,24995,0
39512,24995,0
39513,24995,0
39514,24995,0
39515,24995,0
39516,25033,4009
39517,24995,0
39518,24995,0
39519,24995,79
39520,24995,0
39521,24995,0
39522,24995,0
39523,24995,0
39524,24995,0
39525,24995,0
39526,25004,1018
39527,24995,0
39528,24995,0
39529,24995,0
39530,25042,5009
39531,24995,0
39532,24995,0
39533,24995,0
39534,24995,0
39535,24995,0
39536,24995,0
39537,24995,0
39538,24995,0
39539,24995,0
39540,24995,0
39541,24995,0
39542,24995,0
39543,24995,0
39544,24995,0
39545,24995,0
39546,24995,0
39547,24995,0
39548,24997,209
39549,24995,0
39550,24995,0
39551,24995,0
39552,24995,0
39553,24995,0
39554,24995,0
39555,24995,0
39556,24995,13
39557,25000,609
39558,24995,0
39559,25008,1409
39560,24995,0
39561,24995,0
39562,24995,0
39563,24995,0
39564,24995,0
39565,24995,0
39566,24995,0
39567,24995,0
39568,24995,0
39569,24995,0
39570,24999,427
39571,25011,1681
39572,24995,0
39573,24995,0
39574,24995,0
39575,25005,1138
39576,24995,0
39577,24995,0
39578,24995,0
39579,24995,0
39580,24995,0
39581,25002,809
39582,24995,0
39583,24995,0
39584,25031,3813
39585,24995,0
39586,24995,0
39587,24995,0
39588,24995,0
39589,24995,0
39590,29198,408088
39591,24995,0
39592,24995,0
39593,24995,0
39594,24995,0
39595,25003,913
39596,24995,0
39597,24999,418
39598,24997,218
39599,24995,0
39600,24995,0
39601,24995,0
39602,24995,9
39603,24995,0
39604,24995,0
39605,24995,0
39606,24995,0
39607,24995,0
39608,24995,0
39609,25024,3113
39610,24995,0
39611,24995,0
39612,24995,0
39613,24995,0
39614,24997,229
39615,24995,0
39616,25019,2531
39617,24995,0
39618,25001,709
39619,24995,0
39620,24995,0
39621,24995,0
39622,24995,29
39623,24995,0
39624,24995,0
39625,24995,0
39626,24995,0
39627,24995,0
39628,24995,0
39629,24995,0
39630,24995,0
39631,24995,0
39632,24995,0
39633,24995,0
39634,24995,0
39635,24995,0
39636,24995,0
39637,24995,0
39638,24995,0
39639,24995,0
39640,24995,0
39641,24995,0
39642,24995,0
39643,24995,0
39644,24995,0
39645,24995,0
39646,24995,0
39647,24995,0
39648,24995,0
39649,24995,0
39650,24995,0
39651,24995,0
39652,24995,0
39653,24995,0
39654,24995,0
39655,24995,0
39656,25002,738
39657,24995,0
39658,24995,0
39659,24995,0
39660,24995,0
39661,24995,0
39662,24995,0
39663,24995,0
39664,25041,4835
39665,24995,0
39666,24995,0
39667,24995,0
39668,24995,0
39669,24995,0
39670,24995,0
39671,24995,0
39672,24995,0
39673,24995,0
39674,24995,0
39675,25008,1379
39676,24995,0
39677,24995,0
39678,24995,0
39679,24998,313
39680,24997,251
39681,25000,559
39682,24995,0
39683,24995,0
39684,24995,0
39685,24995,0
39686,24995,0
39687,24995,0
39688,24995,0
39689,24995,0
39690,25005,1058
39691,24995,0
39692,24995,0
39693,25001,654
39694,24995,0
39695,24995,0
39696,25039,4635
39697,24995,0
39698,24995,0
39699,24995,0
39700,24995,0
39701,24995,0
39702,24995,0
39703,24995,0
39704,24995,0
39705,24995,0
39706,24995,0
39707,24995,0
39708,24995,0
39709,25000,609
39710,24995,0
39711,24995,0
39712,24995,0
39713,25042,5009
39714,24998,359
39715,24995,0
39716,24995,0
39717,24995,0
39718,24995,0
39719,24995,0
39720,24995,0
39721,24995,0
39722,24995,0
39723,24995,0
39724,25008,1409
39725,24995,0
39726,24995,0
39727,25012,1879
39728,24995,0
39729,24995,0
39730,24995,0
39731,25113,12402
39732,24995,0
39733,25019,2613
39734,24995,0
39735,24995,0
39736,24995,0
39737,24995,0
39738,24995,0
39739,24995,0
39740,24995,0
39741,24995,0
39742,24995,0
39743,24996,159
39744,24995,0
39745,24995,0
39746,24995,0
39747,24995,0
39748,24995,0
39749,24995,0
39750,25001,718
39751,24995,0
39752,24995,0
39753,24995,0
39754,24995,0
39755,24995,0
39756,24995,0
39757,24995,0
39758,25020,2627
39759,24995,0
39760,24995,0
39761,24995,0
39762,24995,0
39763,24995,0
39764,24995,0
39765,25022,2929
39766,24995,0
39767,24995,0
39768,25033,4009
39769,24995,0
39770,24997,238
39771,24995,0
39772,24995,0
39773,24995,0
39774,24995,0
39775,24995,0
39776,24995,0
39777,24995,0
39778,24995,0
39779,25002,735
39780,24995,0
39781,24995,0
39782,24995,0
39783,24995,0
39784,24995,0
39785,24995,0
39786,25011,1718
39787,24995,0
39788,24999,479
39789,24995,0
39790,24995,0
39791,24995,0
39792,25009,1533
39793,24999,438
39794,24995,0
39795,24995,0
39796,24995,0
39797,24995,0
39798,24995,0
39799,24995,0
39800,24995,0
39801,24995,0
39802,24995,0
39803,24995,0
39804,24995,0
39805,24995,0
39806,24995,0
39807,24995,0
39808,24995,0
39809,24995,0
39810,24995,0
39811,24995,0
39812,24995,0
39813,24995,0
39814,24995,0
39815,24995,0
39816,24995,0
39817,24995,0
39818,24995,0
39819,24995,0
39820,24995,0
39821,24995,0
39822,24995,0
39823,24995,0
39824,24995,0
39825,24995,0
39826,24995,0
39827,24995,0
39828,24995,0
39829,24995,0
39830,24995,0
39831,24995,0
39832,24995,0
39833,24995,0
39834,24995,0
39835,24998,309
39836,24995,0
39837,24995,0
39838,24995,0
39839,24995,0
39840,25011,1759
39841,24995,0
39842,24995,0
39843,24995,0
39844,25000,529
39845,24995,0
39846,24995,0
39847,24995,0
39848,24995,0
39849,24995,0
39850,24995,0
39851,24995,0
39852,25020,2679
39853,24998,359
39854,24995,0
39855,24995,0
39856,24995,0
39857,25024,3113
39858,24995,0
39859,24995,0
39860,24995,13
39861,24995,0
39862,24998,309
39863,24995,0
39864,24995,0
39865,25060,6875
39866,24995,0
39867,24995,0
39868,24995,0
39869,24995,0
39870,24995,0
39871,25010,1579
39872,24995,0
39873,25018,2509
39874,24995,0
39875,24995,0
39876,24995,0
39877,25007,1309
39878,24995,0
39879,24995,0
39880,24995,0
39881,24999,509
39882,24995,0
39883,24995,0
39884,24995,0
39885,24995,0
39886,24995,0
39887,24995,0
39888,24995,0
39889,24995,0
39890,25205,22045
39891,24995,0
39892,24995,0
39893,24995,0
39894,24995,0
39895,24995,0
39896,24995,0
39897,24995,0
39898,24995,0
39899,24995,0
39900,24995,0
39901,24995,0
39902,24995,0
39903,24995,0
39904,24995,0
39905,24995,0
39906,24995,0
39907,24995,0
39908,24995,0
39909,24995,0
39910,24995,0
39911,24995,0
39912,24995,0
39913,24995,0
39914,24995,0
39915,24995,0
39916,24995,0
39917,24998,333
39918,24995,0
39919,24995,0
39920,24995,0
39921,24995,0
39922,25007,1309
39923,24995,0
39924,24995,0
39925,24995,0
39926,24995,0
39927,24995,0
39928,24995,0
39929,24995,0
39930,24995,0
39931,24995,0
39932,24995,0
39933,24998,309
39934,24995,0
39935,24995,0
39936,25002,753
39937,24995,0
39938,24995,0
39939,24995,0
39940,25004,981
39941,24995,0
39942,24995,0
39943,24995,0
39944,24995,0
39945,24995,0
39946,24995,0
39947,24995,0
39948,25001,627
39949,25005,1113
39950,24995,0
39951,24995,0
39952,24995,27
39953,24995,13
39954,24995,0
39955,24995,0
39956,25000,529
39957,24995,0
39958,24995,0
39959,24995,0
39960,24995,0
39961,24995,0
39962,24995,0
39963,24995,0
39964,25005,1109
39965,24995,0
39966,25001,709
39967,24995,0
39968,24995,0
39969,24995,0
39970,25000,559
39971,24998,409
39972,24995,0
39973,24995,0
39974,24995,0
39975,25035,4218
39976,24995,0
39977,24995,0
39978,24995,0
39979,25238,25429
39980,24995,0
39981,25016,2259
39982,24995,0
39983,24995,0
39984,24995,0
39985,24995,0
39986,25298,31694
39987,24995,0
39988,24995,0
39989,24995,0
39990,24995,0
39991,25001,672
39992,24995,0
39993,24998,318
39994,24995,0
39995,24995,0
39996,24995,0
39997,24995,0
39998,24995,0
39999,24995,0
40000,24995,0
