1,25602,0
2,23389,2116
3,25602,0
4,25602,0
5,25602,0
6,25576,24
7,25602,0
8,25602,0
9,25602,0
10,24638,898
11,25602,0
12,25602,0
13,25602,0
14,25602,0
15,25602,0
16,25602,0
17,25602,0
18,25602,0
19,25602,0
20,25602,0
21,25602,0
22,25576,24
23,25602,0
24,25602,0
25,25602,0
26,25602,0
27,24231,1288
28,25602,0
29,25602,0
30,25602,0
31,25550,48
32,25602,0
33,25602,0
34,24548,984
35,25602,0
36,24397,1128
37,25602,0
38,25602,0
39,25576,24
40,25602,0
41,25497,96
42,25602,0
43,25602,0
44,25550,48
45,25602,0
46,24928,624
47,25534,62
48,25602,0
49,25602,0
50,20753,4914
51,25602,0
52,25602,0
53,25602,0
54,25602,0
55,25602,0
56,17392,9048
57,25602,0
58,25602,0
59,25602,0
60,25602,0
61,21008,4628
62,25576,24
63,23988,1524
64,25602,0
65,25602,0
66,25602,0
67,25602,0
68,25602,0
69,24194,1324
70,25602,0
71,15647,11522
72,25354,228
73,25602,0
74,25602,0
75,25602,0
76,25602,0
77,25602,0
78,25602,0
79,25602,0
80,25602,0
81,25602,0
82,25602,0
83,25602,0
84,25572,28
85,25602,0
86,25602,0
87,25602,0
88,25602,0
89,23881,1628
90,20291,5440
91,25602,0
92,25067,494
93,23610,1896
94,21283,4324
95,25602,0
96,24485,1044
97,25602,0
98,25602,0
99,25602,0
100,25602,0
101,25602,0
102,25602,0
103,25576,24
104,25572,28
105,25602,0
106,25602,0
107,25576,24
108,25602,0
109,25602,0
110,25602,0
111,25602,0
112,25602,0
113,22357,3172
114,25602,0
115,25602,0
116,25602,0
117,23700,1806
118,22986,2522
119,25371,212
120,25602,0
121,25602,0
122,25602,0
123,25602,0
124,25602,0
125,25602,0
126,23231,2274
127,25602,0
128,25602,0
129,25602,0
130,25602,0
131,25602,0
132,25602,0
133,25602,0
134,25602,0
135,25602,0
136,25602,0
137,25602,0
138,25602,0
139,25452,138
140,25602,0
141,25602,0
142,25602,0
143,25602,0
144,25602,0
145,25602,0
146,25602,0
147,25576,24
148,24691,848
149,25602,0
150,25602,0
151,25576,24
152,25602,0
153,22166,3372
154,25602,0
155,25602,0
156,25602,0
157,25602,0
158,25576,24
159,25602,0
160,25602,0
161,25602,0
162,25602,0
163,25602,0
164,25602,0
165,25602,0
166,25602,0
167,24598,936
168,25602,0
169,25554,44
170,25576,24
171,25203,368
172,25602,0
173,25602,0
174,25602,0
175,25358,224
176,25602,0
177,24916,636
178,25602,0
179,25602,0
180,25602,0
181,25523,72
182,25602,0
183,25602,0
184,25602,0
185,25602,0
186,25602,0
187,25602,0
188,25602,0
189,25412,174
190,25602,0
191,25602,0
192,25602,0
193,25602,0
194,22456,3068
195,24406,1120
196,25602,0
197,25602,0
198,22785,2728
199,24903,648
200,25602,0
201,25576,24
202,25371,212
203,25602,0
204,25602,0
205,2741,52280
206,25572,28
207,25602,0
208,25602,0
209,25480,112
210,25602,0
211,25602,0
212,25602,0
213,25602,0
214,25602,0
215,25602,0
216,12560,16664
217,25014,544
218,25602,0
219,25602,0
220,21421,4172
221,25602,0
222,25602,0
223,25602,0
224,17765,8552
225,25602,0
226,25602,0
227,25602,0
228,25602,0
229,25602,0
230,25602,0
231,23628,1878
232,25367,216
233,25602,0
234,25602,0
235,25602,0
236,25602,0
237,25602,0
238,25602,0
239,23481,2024
240,24481,1048
241,25602,0
242,25602,0
243,25602,0
244,25602,0
245,25467,124
246,25602,0
247,18494,7610
248,25602,0
249,25602,0
250,25602,0
251,25602,0
252,25602,0
253,25602,0
254,23886,1624
255,25602,0
256,25602,0
257,25602,0
258,25602,0
259,25602,0
260,25602,0
261,25467,124
262,25001,556
263,25602,0
264,20119,5640
265,25602,0
266,25602,0
267,25602,0
268,25376,208
269,25602,0
270,25602,0
271,25602,0
272,25224,348
273,22034,3512
274,25602,0
275,24142,1374
276,25602,0
277,25602,0
278,25031,528
279,25602,0
280,25602,0
281,25602,0
282,25602,0
283,25602,0
284,25497,96
285,25602,0
286,25602,0
287,25602,0
288,25462,128
289,25602,0
290,25602,0
291,25602,0
292,25602,0
293,24716,824
294,19305,6606
295,25602,0
296,25602,0
297,25602,0
298,25602,0
299,25572,28
300,25602,0
301,25602,0
302,25602,0
303,25602,0
304,25602,0
305,25345,236
306,24091,1424
307,25443,146
308,25602,0
309,25602,0
310,25602,0
311,25602,0
312,25602,0
313,25602,0
314,25545,52
315,25022,536
316,21194,4422
317,25415,172
318,25563,36
319,19883,5916
320,25602,0
321,25602,0
322,25602,0
323,25602,0
324,25602,0
325,25602,0
326,24797,748
327,25602,0
328,25602,0
329,25602,0
330,25602,0
331,25602,0
332,23853,1656
333,25602,0
334,25602,0
335,25602,0
336,25602,0
337,25602,0
338,25602,0
339,16815,9838
340,25602,0
341,25602,0
342,25602,0
343,25602,0
344,25602,0
345,25602,0
346,22929,2580
347,25602,0
348,25602,0
349,25602,0
350,22816,2696
351,25602,0
352,25602,0
353,25602,0
354,25602,0
355,25602,0
356,24297,1224
357,25602,0
358,23407,2098
359,25602,0
360,25602,0
361,24378,1146
362,25602,0
363,25602,0
364,25602,0
365,24649,888
366,25117,448
367,24788,756
368,25602,0
369,25602,0
370,25602,0
371,25602,0
372,25602,0
373,25602,0
374,23079,2428
375,25602,0
376,25602,0
377,25576,24
378,25602,0
379,25554,44
380,25602,0
381,25602,0
382,25602,0
383,25602,0
384,22984,2524
385,25550,48
386,25534,62
387,25602,0
388,25602,0
389,25602,0
390,25602,0
391,17380,9064
392,25602,0
393,25602,0
394,20103,5658
395,25602,0
396,25602,0
397,25602,0
398,25602,0
399,25602,0
400,25602,0
401,25602,0
402,25602,0
403,25602,0
404,25602,0
405,25550,48
406,24223,1296
407,25602,0
408,25602,0
409,25602,0
410,25602,0
411,25602,0
412,25602,0
413,25602,0
414,25602,0
415,25087,476
416,25602,0
417,25602,0
418,25602,0
419,25602,0
420,25358,224
421,13242,15428
422,25602,0
423,25602,0
424,25602,0
425,25602,0
426,25602,0
427,25602,0
428,25602,0
429,25602,0
430,25550,48
431,25602,0
432,25550,48
433,24716,824
434,25602,0
435,25445,144
436,25602,0
437,25602,0
438,25602,0
439,25602,0
440,25602,0
441,25602,0
442,25550,48
443,20215,5528
444,25602,0
445,25602,0
446,24401,1124
447,25576,24
448,25602,0
449,25602,0
450,25602,0
451,24091,1424
452,25602,0
453,25497,96
454,25497,96
455,25035,524
456,25602,0
457,25602,0
458,25602,0
459,25602,0
460,25602,0
461,25602,0
462,23477,2028
463,25602,0
464,25602,0
465,25602,0
466,25454,136
467,25602,0
468,25602,0
469,25602,0
470,19167,6774
471,25602,0
472,25602,0
473,25602,0
474,25602,0
475,3006,50122
476,25602,0
477,25602,0
478,25602,0
479,25602,0
480,25602,0
481,25576,24
482,24843,704
483,25602,0
484,25602,0
485,25602,0
486,23477,2028
487,25602,0
488,25602,0
489,25602,0
490,25602,0
491,22816,2696
492,25602,0
493,25602,0
494,25602,0
495,25467,124
496,24875,674
497,25602,0
498,25602,0
499,13495,14984
500,25602,0
501,25602,0
502,23481,2024
503,25602,0
504,25602,0
505,25602,0
506,25602,0
507,25602,0
508,25602,0
509,25304,274
510,25602,0
511,25602,0
512,25576,24
513,25602,0
514,25602,0
515,25602,0
516,25602,0
517,25576,24
518,25602,0
519,25602,0
520,25517,78
521,25602,0
522,25563,36
523,20578,5112
524,25602,0
525,25602,0
526,25602,0
527,25602,0
528,25602,0
529,25602,0
530,25436,152
531,25602,0
532,25602,0
533,25519,76
534,25602,0
535,25602,0
536,25602,0
537,25602,0
538,23794,1714
539,25576,24
540,25602,0
541,25250,324
542,25602,0
543,25602,0
544,25602,0
545,25602,0
546,24909,642
547,25602,0
548,25602,0
549,25515,80
550,25304,274
551,25550,48
552,25602,0
553,25602,0
554,25602,0
555,25602,0
556,19781,6036
557,25602,0
558,25602,0
559,25602,0
560,22117,3424
561,25602,0
562,25602,0
563,25602,0
564,25602,0
565,25563,36
566,22401,3126
567,25602,0
568,25576,24
569,25339,242
570,25602,0
571,25572,28
572,25602,0
573,25602,0
574,25602,0
575,25602,0
576,25602,0
577,25602,0
578,25602,0
579,25602,0
580,25602,0
581,25602,0
582,25354,228
583,25196,374
584,25602,0
585,25602,0
586,25602,0
587,25602,0
588,24600,934
589,25602,0
590,25602,0
591,25602,0
592,25602,0
593,25602,0
594,25602,0
595,22448,3076
596,25076,486
597,24651,886
598,25602,0
599,25602,0
600,24041,1472
601,25602,0
602,25602,0
603,25602,0
604,25602,0
605,25358,224
606,25602,0
607,25602,0
608,24368,1156
609,8977,24524
610,23413,2092
611,25602,0
612,24882,668
613,25602,0
614,25602,0
615,25572,28
616,25602,0
617,25602,0
618,24389,1136
619,25602,0
620,25602,0
621,25602,0
622,25471,120
623,25602,0
624,25602,0
625,25602,0
626,25602,0
627,25602,0
628,25602,0
629,25602,0
630,25572,28
631,25371,212
632,25563,36
633,25602,0
634,25602,0
635,25467,124
636,25602,0
637,25602,0
638,25602,0
639,25502,92
640,25602,0
641,25576,24
642,25550,48
643,25602,0
644,25602,0
645,25602,0
646,25602,0
647,25602,0
648,25602,0
649,25602,0
650,25602,0
651,25602,0
652,25602,0
653,25602,0
654,25602,0
655,23963,1548
656,25602,0
657,25602,0
658,25602,0
659,25602,0
660,25602,0
661,25602,0
662,25602,0
663,25602,0
664,18963,7024
665,24958,596
666,25602,0
667,25602,0
668,25602,0
669,25602,0
670,25602,0
671,23411,2094
672,25602,0
673,25576,24
674,25602,0
675,25602,0
676,25572,28
677,25602,0
678,23079,2428
679,25602,0
680,8748,25128
681,25602,0
682,25602,0
683,25602,0
684,25602,0
685,25602,0
686,25602,0
687,25602,0
688,25602,0
689,25602,0
690,25602,0
691,24454,1074
692,23337,2168
693,25602,0
694,25602,0
695,25602,0
696,25467,124
697,24903,648
698,25602,0
699,25602,0
700,25602,0
701,25480,112
702,25602,0
703,25602,0
704,25602,0
705,25602,0
706,25602,0
707,25602,0
708,25602,0
709,25576,24
710,25602,0
711,25602,0
712,25602,0
713,25602,0
714,25602,0
715,25602,0
716,25602,0
717,25602,0
718,25563,36
719,25602,0
720,22337,3192
721,25602,0
722,24565,968
723,25602,0
724,25602,0
725,22826,2686
726,25602,0
727,25602,0
728,25602,0
729,25602,0
730,25602,0
731,25602,0
732,25602,0
733,25602,0
734,24818,728
735,24640,896
736,24801,744
737,25602,0
738,25602,0
739,25602,0
740,24241,1278
741,25602,0
742,25602,0
743,25602,0
744,25602,0
745,25602,0
746,25513,82
747,25602,0
748,25576,24
749,22479,3044
750,25576,24
751,23622,1884
752,25602,0
753,25602,0
754,25519,76
755,25602,0
756,25602,0
757,23182,2324
758,25602,0
759,24729,812
760,25602,0
761,25602,0
762,25602,0
763,25602,0
764,25602,0
765,25602,0
766,25602,0
767,25445,144
768,25602,0
769,25602,0
770,23281,2224
771,25602,0
772,24924,628
773,24916,636
774,25550,48
775,25399,186
776,25602,0
777,25602,0
778,25602,0
779,25602,0
780,25602,0
781,25602,0
782,25354,228
783,25572,28
784,25602,0
785,25602,0
786,25602,0
787,25602,0
788,25602,0
789,25602,0
790,25602,0
791,25602,0
792,25550,48
793,25602,0
794,25602,0
795,25572,28
796,24272,1248
797,23079,2428
798,25602,0
799,25602,0
800,25602,0
801,25602,0
802,25563,36
803,25602,0
804,25117,448
805,25602,0
806,25576,24
807,25602,0
808,25576,24
809,25602,0
810,25602,0
811,25602,0
812,25602,0
813,25602,0
814,25541,56
815,25602,0
816,25602,0
817,21778,3786
818,25602,0
819,25602,0
820,25602,0
821,25489,104
822,25602,0
823,25602,0
824,25602,0
825,25602,0
826,25602,0
827,25602,0
828,25602,0
829,25602,0
830,25602,0
831,25192,378
832,25602,0
833,25602,0
834,24169,1348
835,25541,56
836,25315,264
837,24086,1428
838,25602,0
839,24002,1510
840,25602,0
841,25602,0
842,25428,160
843,25112,452
844,25602,0
845,18642,7424
846,25602,0
847,25563,36
848,25602,0
849,25602,0
850,25602,0
851,7020,30278
852,25521,74
853,25541,56
854,25602,0
855,25602,0
856,23984,1528
857,25138,428
858,25602,0
859,25602,0
860,25130,436
861,25037,522
862,25216,356
863,25602,0
864,25602,0
865,25358,224
866,25602,0
867,25602,0
868,25602,0
869,25602,0
870,20655,5024
871,25602,0
872,7914,27472
873,25602,0
874,25602,0
875,25602,0
876,24801,744
877,25602,0
878,25602,0
879,25602,0
880,25602,0
881,25602,0
882,12572,16642
883,25192,378
884,25602,0
885,22980,2528
886,25602,0
887,25602,0
888,25602,0
889,25602,0
890,25602,0
891,25563,36
892,25138,428
893,25602,0
894,25602,0
895,25602,0
896,25602,0
897,25602,0
898,25602,0
899,25602,0
900,25602,0
901,25602,0
902,25602,0
903,25602,0
904,25602,0
905,25576,24
906,25602,0
907,24716,824
908,25602,0
909,25354,228
910,25572,28
911,25602,0
912,25602,0
913,25602,0
914,25602,0
915,24871,678
916,25602,0
917,25602,0
918,25602,0
919,25508,86
920,25602,0
921,25602,0
922,25576,24
923,24086,1428
924,25602,0
925,25602,0
926,25602,0
927,25602,0
928,24712,828
929,21535,4048
930,25563,36
931,23937,1574
932,25602,0
933,25602,0
934,25572,28
935,25602,0
936,25602,0
937,25602,0
938,25602,0
939,25602,0
940,25602,0
941,25602,0
942,22079,3464
943,25515,80
944,25602,0
945,25602,0
946,25602,0
947,25602,0
948,24420,1106
949,25602,0
950,25602,0
951,25602,0
952,25602,0
953,24502,1028
954,25602,0
955,25602,0
956,25602,0
957,25602,0
958,25506,88
959,25602,0
960,25602,0
961,25602,0
962,24748,794
963,25602,0
964,25602,0
965,25602,0
966,24905,646
967,25602,0
968,25602,0
969,25602,0
970,25602,0
971,25602,0
972,25602,0
973,25602,0
974,25602,0
975,25602,0
976,25602,0
977,24611,924
978,16340,10508
979,25550,48
980,25602,0
981,25602,0
982,25602,0
983,25515,80
984,25497,96
985,25602,0
986,25602,0
987,25602,0
988,25602,0
989,23745,1762
990,25602,0
991,25602,0
992,25454,136
993,25602,0
994,25602,0
995,25358,224
996,25602,0
997,25602,0
998,25602,0
999,25602,0
1000,25602,0
1001,25602,0
1002,25138,428
1003,25602,0
1004,25602,0
1005,25602,0
1006,25602,0
1007,25602,0
1008,25602,0
1009,23610,1896
1010,25602,0
1011,25602,0
1012,25550,48
1013,25602,0
1014,25602,0
1015,25602,0
1016,25602,0
1017,25602,0
1018,25550,48
1019,25602,0
1020,24822,724
1021,25602,0
1022,25130,436
1023,25602,0
1024,25602,0
1025,25602,0
1026,25602,0
1027,25602,0
1028,25602,0
1029,24506,1024
1030,25602,0
1031,25602,0
1032,25572,28
1033,23937,1574
1034,25602,0
1035,25602,0
1036,25602,0
1037,25354,228
1038,25602,0
1039,25602,0
1040,24558,974
1041,25602,0
1042,25602,0
1043,25454,136
1044,24241,1278
1045,25602,0
1046,25602,0
1047,25602,0
1048,25602,0
1049,25602,0
1050,24716,824
1051,16517,10256
1052,21929,3624
1053,25602,0
1054,25602,0
1055,25523,72
1056,25602,0
1057,24368,1156
1058,25602,0
1059,25602,0
1060,24395,1130
1061,25602,0
1062,25602,0
1063,25602,0
1064,25602,0
1065,25602,0
1066,25602,0
1067,25602,0
1068,25354,228
1069,25602,0
1070,25497,96
1071,25602,0
1072,25602,0
1073,25602,0
1074,25602,0
1075,25572,28
1076,25602,0
1077,25602,0
1078,25602,0
1079,25602,0
1080,25541,56
1081,25602,0
1082,25602,0
1083,25602,0
1084,25602,0
1085,25602,0
1086,25602,0
1087,25602,0
1088,9561,23048
1089,25602,0
1090,25602,0
1091,25602,0
1092,25602,0
1093,25412,174
1094,25602,0
1095,19791,6024
1096,24506,1024
1097,25602,0
1098,7751,27960
1099,25602,0
1100,24818,728
1101,24672,866
1102,25602,0
1103,25602,0
1104,25576,24
1105,25602,0
1106,25602,0
1107,25602,0
1108,22121,3420
1109,25550,48
1110,23443,2062
1111,25089,474
1112,25602,0
1113,25602,0
1114,25602,0
1115,25602,0
1116,25602,0
1117,25602,0
1118,25602,0
1119,25602,0
1120,25602,0
1121,25602,0
1122,25602,0
1123,24506,1024
1124,25602,0
1125,25602,0
1126,25602,0
1127,25602,0
1128,25602,0
1129,25576,24
1130,25576,24
1131,25602,0
1132,25602,0
1133,25602,0
1134,25602,0
1135,25602,0
1136,25010,548
1137,25602,0
1138,25602,0
1139,23835,1674
1140,25550,48
1141,25602,0
1142,25572,28
1143,25602,0
1144,25602,0
1145,25602,0
1146,20708,4964
1147,25602,0
1148,24452,1076
1149,24329,1194
1150,25602,0
1151,25602,0
1152,25602,0
1153,25602,0
1154,25602,0
1155,25602,0
1156,25550,48
1157,25602,0
1158,25550,48
1159,25602,0
1160,23990,1522
1161,25602,0
1162,25602,0
1163,25602,0
1164,25602,0
1165,25602,0
1166,24017,1496
1167,25138,428
1168,25602,0
1169,25602,0
1170,25602,0
1171,25602,0
1172,25278,298
1173,25602,0
1174,25142,424
1175,25278,298
1176,23363,2142
1177,25602,0
1178,23381,2124
1179,25602,0
1180,25602,0
1181,25602,0
1182,25602,0
1183,25602,0
1184,25602,0
1185,25602,0
1186,25602,0
1187,25602,0
1188,25523,72
1189,25602,0
1190,24928,624
1191,23881,1628
1192,25602,0
1193,25602,0
1194,25602,0
1195,25602,0
1196,25602,0
1197,25602,0
1198,25602,0
1199,25602,0
1200,25602,0
1201,25602,0
1202,24454,1074
1203,25572,28
1204,25602,0
1205,25330,250
1206,25602,0
1207,25602,0
1208,25602,0
1209,25602,0
1210,25602,0
1211,25602,0
1212,25602,0
1213,25602,0
1214,25142,424
1215,25602,0
1216,25602,0
1217,25602,0
1218,25602,0
1219,25602,0
1220,20811,4848
1221,23481,2024
1222,25602,0
1223,25602,0
1224,25602,0
1225,25602,0
1226,25443,146
1227,25602,0
1228,25166,402
1229,25602,0
1230,25602,0
1231,21188,4428
1232,25602,0
1233,25602,0
1234,25602,0
1235,25602,0
1236,24691,848
1237,25602,0
1238,25602,0
1239,25602,0
1240,25237,336
1241,25278,298
1242,25602,0
1243,25035,524
1244,25602,0
1245,25572,28
1246,25550,48
1247,25602,0
1248,25602,0
1249,25304,274
1250,24194,1324
1251,25602,0
1252,25602,0
1253,25602,0
1254,24924,628
1255,25602,0
1256,25602,0
1257,25602,0
1258,23043,2464
1259,24903,648
1260,25602,0
1261,25602,0
1262,25602,0
1263,25602,0
1264,25207,364
1265,25602,0
1266,25602,0
1267,25602,0
1268,25602,0
1269,25602,0
1270,25602,0
1271,25541,56
1272,25140,426
1273,24822,724
1274,25602,0
1275,25031,528
1276,25602,0
1277,25602,0
1278,22591,2928
1279,24750,792
1280,20539,5156
1281,25602,0
1282,25602,0
1283,22595,2924
1284,25602,0
1285,23761,1746
1286,25602,0
1287,25419,168
1288,25602,0
1289,25602,0
1290,25602,0
1291,16390,10436
1292,21308,4296
1293,25602,0
1294,25602,0
1295,25602,0
1296,25602,0
1297,25602,0
1298,25602,0
1299,25602,0
1300,8601,25525
1301,25576,24
1302,25602,0
1303,25602,0
1304,25602,0
1305,25602,0
1306,25602,0
1307,22292,3240
1308,25602,0
1309,25602,0
1310,25602,0
1311,25602,0
1312,25602,0
1313,25602,0
1314,22257,3276
1315,24756,786
1316,14167,13848
1317,25602,0
1318,25602,0
1319,21443,4148
1320,25563,36
1321,17370,9078
1322,25602,0
1323,25602,0
1324,25602,0
1325,25602,0
1326,25602,0
1327,25471,120
1328,25602,0
1329,25602,0
1330,25602,0
1331,24395,1130
1332,25602,0
1333,24712,828
1334,25602,0
1335,25602,0
1336,25229,344
1337,25602,0
1338,25602,0
1339,23158,2348
1340,22777,2736
1341,25602,0
1342,25576,24
1343,25602,0
1344,25602,0
1345,25602,0
1346,23784,1724
1347,25602,0
1348,25602,0
1349,25572,28
1350,25602,0
1351,25602,0
1352,25602,0
1353,25602,0
1354,25602,0
1355,25510,84
1356,25602,0
1357,25602,0
1358,25602,0
1359,25602,0
1360,25602,0
1361,25602,0
1362,25602,0
1363,25602,0
1364,25510,84
1365,25602,0
1366,25602,0
1367,25602,0
1368,25602,0
1369,24454,1074
1370,25602,0
1371,25602,0
1372,25602,0
1373,25602,0
1374,25576,24
1375,25602,0
1376,25602,0
1377,25602,0
1378,25602,0
1379,25572,28
1380,25332,248
1381,25602,0
1382,25602,0
1383,25602,0
1384,25602,0
1385,25554,44
1386,25602,0
1387,25602,0
1388,25602,0
1389,22006,3542
1390,25602,0
1391,25602,0
1392,25519,76
1393,25602,0
1394,25602,0
1395,25602,0
1396,25602,0
1397,25602,0
1398,10499,20858
1399,25602,0
1400,25602,0
1401,25602,0
1402,25602,0
1403,25602,0
1404,25602,0
1405,23427,2078
1406,25602,0
1407,25602,0
1408,24163,1354
1409,23110,2396
1410,25602,0
1411,24928,624
1412,25572,28
1413,25602,0
1414,25602,0
1415,25602,0
1416,25554,44
1417,25602,0
1418,25602,0
1419,25602,0
1420,25602,0
1421,25602,0
1422,24506,1024
1423,25602,0
1424,21443,4148
1425,25602,0
1426,25089,474
1427,25602,0
1428,25572,28
1429,25602,0
1430,25602,0
1431,25602,0
1432,24454,1074
1433,25602,0
1434,25089,474
1435,25602,0
1436,25602,0
1437,25602,0
1438,25602,0
1439,25602,0
1440,25602,0
1441,25602,0
1442,25602,0
1443,25345,236
1444,25602,0
1445,25602,0
1446,25602,0
1447,25576,24
1448,25563,36
1449,25602,0
1450,25602,0
1451,25602,0
1452,25602,0
1453,25602,0
1454,25602,0
1455,25602,0
1456,25602,0
1457,25089,474
1458,25602,0
1459,25602,0
1460,25467,124
1461,25602,0
1462,24956,598
1463,24401,1124
1464,25602,0
1465,25602,0
1466,24506,1024
1467,25602,0
1468,25602,0
1469,25602,0
1470,25602,0
1471,25602,0
1472,25602,0
1473,25602,0
1474,25602,0
1475,25602,0
1476,25602,0
1477,25602,0
1478,25602,0
1479,25602,0
1480,25602,0
1481,25602,0
1482,25495,98
1483,25602,0
1484,25602,0
1485,25602,0
1486,25602,0
1487,25602,0
1488,25035,524
1489,25602,0
1490,25602,0
1491,25602,0
1492,25602,0
1493,25602,0
1494,25089,474
1495,25602,0
1496,25602,0
1497,25576,24
1498,25602,0
1499,25602,0
1500,25602,0
1501,25563,36
1502,25602,0
1503,25602,0
1504,25602,0
1505,25602,0
1506,25602,0
1507,25602,0
1508,24763,780
1509,25602,0
1510,25602,0
1511,25602,0
1512,25354,228
1513,25278,298
1514,25602,0
1515,25602,0
1516,25602,0
1517,24506,1024
1518,25602,0
1519,25602,0
1520,25602,0
1521,25602,0
1522,25602,0
1523,15286,12068
1524,25602,0
1525,25602,0
1526,25602,0
1527,21646,3928
1528,25602,0
1529,25602,0
1530,23441,2064
1531,25602,0
1532,25602,0
1533,25602,0
1534,25602,0
1535,25602,0
1536,25576,24
1537,25602,0
1538,25602,0
1539,25602,0
1540,25602,0
1541,25602,0
1542,25517,78
1543,25602,0
1544,25602,0
1545,25602,0
1546,22448,3076
1547,20129,5628
1548,25602,0
1549,25602,0
1550,25602,0
1551,25602,0
1552,25602,0
1553,25142,424
1554,25183,386
1555,25602,0
1556,25602,0
1557,23429,2076
1558,25576,24
1559,25412,174
1560,25602,0
1561,25602,0
1562,25602,0
1563,25602,0
1564,25602,0
1565,25602,0
1566,25572,28
1567,25602,0
1568,25031,528
1569,25602,0
1570,25521,74
1571,25602,0
1572,25602,0
1573,25602,0
1574,25602,0
1575,25602,0
1576,25602,0
1577,25602,0
1578,25602,0
1579,25602,0
1580,20198,5548
1581,25602,0
1582,25602,0
1583,25602,0
1584,24161,1356
1585,25602,0
1586,25521,74
1587,23477,2028
1588,25602,0
1589,25572,28
1590,24472,1056
1591,25602,0
1592,20382,5336
1593,25576,24
1594,25272,304
1595,25602,0
1596,25499,94
1597,25602,0
1598,25602,0
1599,25602,0
1600,25602,0
1601,25602,0
1602,25521,74
1603,25602,0
1604,25267,308
1605,25602,0
1606,25602,0
1607,25602,0
1608,25602,0
1609,25602,0
1610,25602,0
1611,25602,0
1612,25602,0
1613,25602,0
1614,25602,0
1615,25602,0
1616,25602,0
1617,25602,0
1618,25602,0
1619,25602,0
1620,25602,0
1621,25602,0
1622,25602,0
1623,25602,0
1624,25602,0
1625,25602,0
1626,25602,0
1627,25602,0
1628,25602,0
1629,25602,0
1630,24502,1028
1631,25237,336
1632,25602,0
1633,25602,0
1634,25602,0
1635,25602,0
1636,25602,0
1637,24192,1326
1638,25602,0
1639,25602,0
1640,22924,2586
1641,24924,628
1642,24066,1448
1643,25550,48
1644,25602,0
1645,25602,0
1646,25602,0
1647,25602,0
1648,25602,0
1649,25602,0
1650,25602,0
1651,24801,744
1652,25602,0
1653,25602,0
1654,25602,0
1655,25576,24
1656,21832,3728
1657,25602,0
1658,25602,0
1659,25602,0
1660,25602,0
1661,25602,0
1662,25602,0
1663,25602,0
1664,25572,28
1665,25602,0
1666,25602,0
1667,25602,0
1668,25602,0
1669,25602,0
1670,25602,0
1671,25602,0
1672,25576,24
1673,25602,0
1674,24256,1264
1675,25602,0
1676,25602,0
1677,25602,0
1678,25602,0
1679,25602,0
1680,25602,0
1681,25602,0
1682,25602,0
1683,25602,0
1684,25550,48
1685,25602,0
1686,25602,0
1687,25602,0
1688,25602,0
1689,25602,0
1690,25602,0
1691,25602,0
1692,25563,36
1693,25602,0
1694,25576,24
1695,25602,0
1696,25602,0
1697,24078,1436
1698,25602,0
1699,22496,3026
1700,25602,0
1701,25602,0
1702,25602,0
1703,25602,0
1704,22789,2724
1705,25117,448
1706,25602,0
1707,25602,0
1708,25602,0
1709,25419,168
1710,25602,0
1711,25602,0
1712,25602,0
1713,6684,31424
1714,25404,182
1715,25602,0
1716,25602,0
1717,25602,0
1718,25576,24
1719,25602,0
1720,25602,0
1721,21631,3944
1722,25602,0
1723,25602,0
1724,25602,0
1725,25602,0
1726,24992,564
1727,25602,0
1728,25602,0
1729,25602,0
1730,25602,0
1731,25602,0
1732,25602,0
1733,25602,0
1734,25602,0
1735,25602,0
1736,25602,0
1737,25602,0
1738,25602,0
1739,25602,0
1740,25602,0
1741,25602,0
1742,25576,24
1743,25602,0
1744,25602,0
1745,25602,0
1746,25602,0
1747,25602,0
1748,25602,0
1749,25602,0
1750,25602,0
1751,22961,2548
1752,25602,0
1753,25550,48
1754,24977,578
1755,25602,0
1756,25465,126
1757,25602,0
1758,25602,0
1759,25602,0
1760,25602,0
1761,21768,3796
1762,25576,24
1763,25602,0
1764,21539,4044
1765,24293,1228
1766,25289,288
1767,25602,0
1768,25602,0
1769,25602,0
1770,25602,0
1771,25602,0
1772,25602,0
1773,25602,0
1774,25602,0
1775,24297,1224
1776,25602,0
1777,25602,0
1778,25602,0
1779,25602,0
1780,25572,28
1781,25602,0
1782,25602,0
1783,25602,0
1784,25602,0
1785,25602,0
1786,25602,0
1787,25602,0
1788,25572,28
1789,25602,0
1790,25572,28
1791,25462,128
1792,25602,0
1793,25602,0
1794,25117,448
1795,25602,0
1796,25519,76
1797,25602,0
1798,24086,1428
1799,23632,1874
1800,25602,0
1801,17740,8584
1802,25602,0
1803,25602,0
1804,25602,0
1805,25602,0
1806,25602,0
1807,25602,0
1808,23301,2204
1809,24401,1124
1810,25602,0
1811,25602,0
1812,25602,0
1813,22498,3024
1814,25572,28
1815,25602,0
1816,25602,0
1817,24704,836
1818,23369,2136
1819,25572,28
1820,25602,0
1821,25602,0
1822,25602,0
1823,25602,0
1824,25602,0
1825,24907,644
1826,25602,0
1827,24235,1284
1828,25602,0
1829,25602,0
1830,25602,0
1831,25602,0
1832,23933,1578
1833,23937,1574
1834,24712,828
1835,25602,0
1836,25602,0
1837,25602,0
1838,25572,28
1839,25576,24
1840,25602,0
1841,25602,0
1842,25602,0
1843,25602,0
1844,25602,0
1845,25602,0
1846,25602,0
1847,25602,0
1848,25602,0
1849,25576,24
1850,25602,0
1851,25602,0
1852,25602,0
1853,25602,0
1854,25602,0
1855,25602,0
1856,25602,0
1857,25602,0
1858,25602,0
1859,25602,0
1860,25602,0
1861,25521,74
1862,25602,0
1863,25541,56
1864,8526,25730
1865,25602,0
1866,25602,0
1867,25576,24
1868,25602,0
1869,25367,216
1870,25602,0
1871,25602,0
1872,25441,148
1873,25602,0
1874,25576,24
1875,25602,0
1876,25576,24
1877,24982,574
1878,25602,0
1879,25602,0
1880,25576,24
1881,25602,0
1882,25576,24
1883,25602,0
1884,25572,28
1885,25602,0
1886,25602,0
1887,25602,0
1888,25602,0
1889,25602,0
1890,25602,0
1891,25602,0
1892,25576,24
1893,25602,0
1894,25602,0
1895,25602,0
1896,25602,0
1897,25602,0
1898,25602,0
1899,25358,224
1900,23549,1956
1901,25550,48
1902,25602,0
1903,19403,6488
1904,25602,0
1905,25602,0
1906,25576,24
1907,25602,0
1908,25602,0
1909,25602,0
1910,25602,0
1911,25602,0
1912,25602,0
1913,25602,0
1914,25541,56
1915,25572,28
1916,25602,0
1917,25602,0
1918,20117,5642
1919,25602,0
1920,25602,0
1921,24712,828
1922,25602,0
1923,25602,0
1924,25602,0
1925,25602,0
1926,25476,116
1927,22380,3148
1928,25602,0
1929,25602,0
1930,25602,0
1931,25602,0
1932,25602,0
1933,25602,0
1934,25602,0
1935,25602,0
1936,25602,0
1937,25602,0
1938,25602,0
1939,25602,0
1940,25602,0
1941,25602,0
1942,22771,2742
1943,25602,0
1944,25602,0
1945,25602,0
1946,25602,0
1947,25602,0
1948,24795,750
1949,25602,0
1950,25602,0
1951,25602,0
1952,25602,0
1953,25576,24
1954,25602,0
1955,25602,0
1956,7833,27712
1957,24285,1236
1958,25602,0
1959,25602,0
1960,25602,0
1961,24506,1024
1962,25602,0
1963,25602,0
1964,20760,4906
1965,25602,0
1966,25602,0
1967,25602,0
1968,25602,0
1969,25602,0
1970,25602,0
1971,25602,0
1972,25602,0
1973,25602,0
1974,25602,0
1975,23485,2020
1976,25602,0
1977,25602,0
1978,25602,0
1979,25250,324
1980,23955,1556
1981,24347,1176
1982,25602,0
1983,25602,0
1984,25602,0
1985,25602,0
1986,25602,0
1987,25602,0
1988,25602,0
1989,25602,0
1990,25602,0
1991,25602,0
1992,25602,0
1993,25602,0
1994,25602,0
1995,25602,0
1996,25035,524
1997,23257,2248
1998,25602,0
1999,25576,24
2000,25602,0
2001,25602,0
2002,25602,0
2003,25445,144
2004,25602,0
2005,25550,48
2006,25602,0
2007,25602,0
2008,25602,0
2009,25572,28
2010,25602,0
2011,25602,0
2012,25602,0
2013,25602,0
2014,25602,0
2015,25602,0
2016,24252,1268
2017,25130,436
2018,25602,0
2019,25602,0
2020,25602,0
2021,24565,968
2022,25602,0
2023,25602,0
2024,25602,0
2025,25572,28
2026,25602,0
2027,22572,2948
2028,23912,1598
2029,25576,24
2030,25602,0
2031,24297,1224
2032,25602,0
2033,25602,0
2034,25602,0
2035,25602,0
2036,25602,0
2037,16531,10236
2038,25602,0
2039,25602,0
2040,25602,0
2041,25602,0
2042,15567,11642
2043,8778,25048
2044,25602,0
2045,25602,0
2046,25602,0
2047,25519,76
2048,25602,0
2049,24401,1124
2050,25602,0
2051,8001,27216
2052,23421,2084
2053,25602,0
2054,25602,0
2055,23481,2024
2056,25602,0
2057,25602,0
2058,24695,844
2059,25602,0
2060,25602,0
2061,25354,228
2062,24091,1424
2063,25602,0
2064,25602,0
2065,25563,36
2066,25602,0
2067,25602,0
2068,25602,0
2069,25523,72
2070,24581,952
2071,25602,0
2072,25602,0
2073,25602,0
2074,25602,0
2075,25602,0
2076,25576,24
2077,24697,842
2078,25602,0
2079,21062,4568
2080,25602,0
2081,25602,0
2082,25001,556
2083,24138,1378
2084,24397,1128
2085,25602,0
2086,25602,0
2087,25602,0
2088,18928,7068
2089,25602,0
2090,25602,0
2091,25602,0
2092,22980,2528
2093,25602,0
2094,25602,0
2095,25602,0
2096,23630,1876
2097,25572,28
2098,25602,0
2099,25602,0
2100,25602,0
2101,25602,0
2102,25602,0
2103,25602,0
2104,25602,0
2105,25602,0
2106,25572,28
2107,25602,0
2108,23612,1894
2109,25462,128
2110,25602,0
2111,25602,0
2112,25250,324
2113,25602,0
2114,25014,544
2115,25602,0
2116,25602,0
2117,23469,2036
2118,23255,2250
2119,25602,0
2120,25602,0
2121,25602,0
2122,25602,0
2123,25602,0
2124,25602,0
2125,25602,0
2126,25602,0
2127,25602,0
2128,25602,0
2129,25602,0
2130,25602,0
2131,25602,0
2132,25602,0
2133,25602,0
2134,25602,0
2135,25602,0
2136,25554,44
2137,25602,0
2138,25602,0
2139,25602,0
2140,25602,0
2141,25602,0
2142,25602,0
2143,25602,0
2144,25602,0
2145,25602,0
2146,25550,48
2147,25602,0
2148,25602,0
2149,21792,3770
2150,25602,0
2151,25602,0
2152,25602,0
2153,25602,0
2154,25550,48
2155,25602,0
2156,25563,36
2157,25602,0
2158,25602,0
2159,25550,48
2160,25602,0
2161,25602,0
2162,25576,24
2163,25602,0
2164,21993,3556
2165,25602,0
2166,25386,198
2167,23881,1628
2168,25602,0
2169,25572,28
2170,25602,0
2171,25576,24
2172,25276,300
2173,25602,0
2174,25602,0
2175,25602,0
2176,25602,0
2177,25602,0
2178,23865,1644
2179,24875,674
2180,25602,0
2181,25602,0
2182,24291,1230
2183,25602,0
2184,25602,0
2185,25602,0
2186,25602,0
2187,17677,8668
2188,25602,0
2189,25602,0
2190,25602,0
2191,25602,0
2192,25602,0
2193,25602,0
2194,25031,528
2195,25602,0
2196,25602,0
2197,25602,0
2198,25602,0
2199,25602,0
2200,25602,0
2201,25602,0
2202,24982,574
2203,25602,0
2204,25602,0
2205,25602,0
2206,23984,1528
2207,23861,1648
2208,25563,36
2209,25602,0
2210,25602,0
2211,25602,0
2212,25602,0
2213,25602,0
2214,23481,2024
2215,25602,0
2216,25602,0
2217,25602,0
2218,25602,0
2219,25602,0
2220,25602,0
2221,25602,0
2222,25602,0
2223,25602,0
2224,25602,0
2225,25602,0
2226,25602,0
2227,25602,0
2228,25602,0
2229,25602,0
2230,25602,0
2231,25576,24
2232,25602,0
2233,25576,24
2234,25602,0
2235,25602,0
2236,25602,0
2237,24433,1094
2238,25602,0
2239,25576,24
2240,25602,0
2241,25563,36
2242,16279,10596
2243,25602,0
2244,25602,0
2245,25602,0
2246,25602,0
2247,25602,0
2248,25602,0
2249,25602,0
2250,25602,0
2251,25602,0
2252,25602,0
2253,25602,0
2254,25602,0
2255,25602,0
2256,25602,0
2257,25602,0
2258,25319,260
2259,25602,0
2260,25602,0
2261,25602,0
2262,25576,24
2263,25250,324
2264,25602,0
2265,25602,0
2266,25010,548
2267,25602,0
2268,25602,0
2269,23634,1872
2270,23188,2318
2271,25602,0
2272,25602,0
2273,25602,0
2274,8775,25056
2275,25602,0
2276,25602,0
2277,25602,0
2278,25602,0
2279,25602,0
2280,25602,0
2281,14985,12534
2282,25602,0
2283,25534,62
2284,25602,0
2285,25602,0
2286,22402,3124
2287,7239,29560
2288,25602,0
2289,25602,0
2290,25602,0
2291,25602,0
2292,25602,0
2293,25203,368
2294,25602,0
2295,25412,174
2296,25602,0
2297,25602,0
2298,25602,0
2299,25576,24
2300,25358,224
2301,25534,62
2302,25602,0
2303,25602,0
2304,25602,0
2305,25576,24
2306,25602,0
2307,25602,0
2308,25602,0
2309,25602,0
2310,25572,28
2311,25602,0
2312,25602,0
2313,25602,0
2314,25602,0
2315,25602,0
2316,25602,0
2317,25602,0
2318,25602,0
2319,25602,0
2320,25602,0
2321,25602,0
2322,24068,1446
2323,25602,0
2324,23182,2324
2325,25602,0
2326,25602,0
2327,24661,876
2328,25602,0
2329,25602,0
2330,25602,0
2331,25250,324
2332,25454,136
2333,25602,0
2334,25602,0
2335,25602,0
2336,25602,0
2337,25602,0
2338,25602,0
2339,25602,0
2340,25602,0
2341,23089,2418
2342,25203,368
2343,25602,0
2344,25602,0
2345,24611,924
2346,25035,524
2347,25602,0
2348,25602,0
2349,24801,744
2350,25602,0
2351,25602,0
2352,23182,2324
2353,25572,28
2354,25602,0
2355,25602,0
2356,25602,0
2357,25602,0
2358,25602,0
2359,21074,4554
2360,23361,2144
2361,25480,112
2362,25602,0
2363,25602,0
2364,25602,0
2365,25602,0
2366,25602,0
2367,25602,0
2368,25602,0
2369,2866,51244
2370,25602,0
2371,25602,0
2372,25602,0
2373,25602,0
2374,25602,0
2375,25602,0
2376,2943,50624
2377,25602,0
2378,23079,2428
2379,25602,0
2380,25602,0
2381,25138,428
2382,25497,96
2383,25602,0
2384,25602,0
2385,25602,0
2386,25602,0
2387,25602,0
2388,24716,824
2389,25602,0
2390,24214,1304
2391,25602,0
2392,25576,24
2393,25602,0
2394,25572,28
2395,25602,0
2396,24029,1484
2397,25602,0
2398,25602,0
2399,24871,678
2400,25602,0
2401,24822,724
2402,25602,0
2403,25602,0
2404,25602,0
2405,25602,0
2406,25337,244
2407,25602,0
2408,24611,924
2409,25602,0
2410,25602,0
2411,25572,28
2412,24383,1142
2413,25550,48
2414,25602,0
2415,25602,0
2416,25602,0
2417,25602,0
2418,25602,0
2419,25602,0
2420,25602,0
2421,25602,0
2422,25602,0
2423,25602,0
2424,25602,0
2425,25602,0
2426,25602,0
2427,25576,24
2428,25602,0
2429,25572,28
2430,25602,0
2431,25602,0
2432,25602,0
2433,25358,224
2434,25250,324
2435,25602,0
2436,25602,0
2437,25602,0
2438,25602,0
2439,22583,2936
2440,25602,0
2441,25602,0
2442,25602,0
2443,20236,5504
2444,25602,0
2445,25602,0
2446,25602,0
2447,25602,0
2448,25602,0
2449,25602,0
2450,25495,98
2451,25602,0
2452,25602,0
2453,25602,0
2454,25602,0
2455,25602,0
2456,25602,0
2457,25602,0
2458,19295,6618
2459,25602,0
2460,25602,0
2461,25602,0
2462,25602,0
2463,25602,0
2464,25602,0
2465,25602,0
2466,25602,0
2467,25513,82
2468,25602,0
2469,25602,0
2470,25602,0
2471,24714,826
2472,24775,768
2473,25602,0
2474,25602,0
2475,24607,928
2476,25602,0
2477,25602,0
2478,25602,0
2479,25602,0
2480,25602,0
2481,25576,24
2482,25602,0
2483,25602,0
2484,25602,0
2485,25602,0
2486,25602,0
2487,25602,0
2488,24980,576
2489,25602,0
2490,25602,0
2491,25602,0
2492,24907,644
2493,25602,0
2494,25602,0
2495,25602,0
2496,25602,0
2497,25602,0
2498,25602,0
2499,25550,48
2500,25602,0
2501,25602,0
2502,25602,0
2503,25602,0
2504,25602,0
2505,25602,0
2506,25602,0
2507,25216,356
2508,25521,74
2509,25602,0
2510,23457,2048
2511,11594,18538
2512,25602,0
2513,25602,0
2514,25602,0
2515,25602,0
2516,25602,0
2517,25602,0
2518,25572,28
2519,25602,0
2520,25354,228
2521,25602,0
2522,25602,0
2523,25602,0
2524,25602,0
2525,25602,0
2526,22299,3232
2527,25602,0
2528,24460,1068
2529,25602,0
2530,25462,128
2531,19123,6828
2532,25602,0
2533,25602,0
2534,25602,0
2535,25602,0
2536,25550,48
2537,25602,0
2538,25602,0
2539,25602,0
2540,25550,48
2541,25602,0
2542,23373,2132
2543,25602,0
2544,25602,0
2545,25572,28
2546,25602,0
2547,25602,0
2548,25602,0
2549,25602,0
2550,25602,0
2551,25602,0
2552,25602,0
2553,20229,5512
2554,24982,574
2555,25572,28
2556,25602,0
2557,25602,0
2558,25602,0
2559,25602,0
2560,25602,0
2561,25602,0
2562,8778,25048
2563,25602,0
2564,25602,0
2565,23992,1520
2566,25602,0
2567,25602,0
2568,25602,0
2569,25602,0
2570,25602,0
2571,25602,0
2572,25130,436
2573,25602,0
2574,25602,0
2575,25203,368
2576,25602,0
2577,25602,0
2578,25602,0
2579,25602,0
2580,25602,0
2581,25602,0
2582,23996,1516
2583,25602,0
2584,24818,728
2585,25602,0
2586,24121,1394
2587,25602,0
2588,25602,0
2589,25602,0
2590,25602,0
2591,24111,1404
2592,25602,0
2593,25602,0
2594,25602,0
2595,25602,0
2596,25602,0
2597,25332,248
2598,24376,1148
2599,25602,0
2600,25602,0
2601,25602,0
2602,25602,0
2603,25602,0
2604,25602,0
2605,25602,0
2606,25397,188
2607,25602,0
2608,25602,0
2609,25602,0
2610,22064,3480
2611,25076,486
2612,25602,0
2613,25602,0
2614,25602,0
2615,25602,0
2616,25602,0
2617,25602,0
2618,25602,0
2619,21642,3932
2620,25302,276
2621,25602,0
2622,25602,0
2623,25602,0
2624,24765,778
2625,25602,0
2626,25602,0
2627,25332,248
2628,25602,0
2629,25602,0
2630,24769,774
2631,25602,0
2632,25602,0
2633,24297,1224
2634,21203,4412
2635,25602,0
2636,25602,0
2637,25602,0
2638,25602,0
2639,25602,0
2640,25602,0
2641,24481,1048
2642,25358,224
2643,25602,0
2644,25572,28
2645,25602,0
2646,25602,0
2647,25602,0
2648,25602,0
2649,25602,0
2650,25602,0
2651,25138,428
2652,25602,0
2653,23257,2248
2654,25523,72
2655,25602,0
2656,25602,0
2657,20634,5048
2658,25602,0
2659,25602,0
2660,25454,136
2661,25602,0
2662,25602,0
2663,25602,0
2664,25602,0
2665,25602,0
2666,25602,0
2667,25602,0
2668,25602,0
2669,25042,518
2670,25602,0
2671,25602,0
2672,25602,0
2673,25602,0
2674,25602,0
2675,25602,0
2676,25602,0
2677,16461,10336
2678,18767,7268
2679,25602,0
2680,23682,1824
2681,25602,0
2682,25515,80
2683,25576,24
2684,24809,736
2685,25602,0
2686,25602,0
2687,25602,0
2688,25602,0
2689,25602,0
2690,16329,10524
2691,18145,8056
2692,25602,0
2693,25602,0
2694,25602,0
2695,25602,0
2696,25602,0
2697,25602,0
2698,25602,0
2699,25602,0
2700,24431,1096
2701,25576,24
2702,25602,0
2703,25602,0
2704,17556,8828
2705,25602,0
2706,22705,2810
2707,25602,0
2708,24454,1074
2709,25445,144
2710,23028,2480
2711,25602,0
2712,25602,0
2713,25602,0
2714,25602,0
2715,25246,328
2716,25602,0
2717,16833,9812
2718,25602,0
2719,25602,0
2720,25602,0
2721,25602,0
2722,25602,0
2723,25602,0
2724,25602,0
2725,25602,0
2726,25602,0
2727,25602,0
2728,25467,124
2729,25602,0
2730,25576,24
2731,25602,0
2732,22836,2676
2733,25602,0
2734,25602,0
2735,2891,51036
2736,25602,0
2737,25602,0
2738,25602,0
2739,24756,786
2740,25602,0
2741,25602,0
2742,25224,348
2743,25602,0
2744,24297,1224
2745,25602,0
2746,25602,0
2747,20219,5524
2748,25602,0
2749,25602,0
2750,25602,0
2751,21856,3702
2752,15431,11848
2753,25602,0
2754,25602,0
2755,3006,50124
2756,25602,0
2757,25602,0
2758,25035,524
2759,25602,0
2760,25602,0
2761,25602,0
2762,25602,0
2763,25602,0
2764,25602,0
2765,25602,0
2766,25602,0
2767,25602,0
2768,25602,0
2769,25602,0
2770,25602,0
2771,25602,0
2772,25602,0
2773,25602,0
2774,12962,15928
2775,25602,0
2776,25602,0
2777,25576,24
2778,25576,24
2779,25602,0
2780,25602,0
2781,25602,0
2782,25602,0
2783,25602,0
2784,25121,444
2785,25602,0
2786,20272,5462
2787,25602,0
2788,25563,36
2789,25602,0
2790,25506,88
2791,25602,0
2792,25602,0
2793,25602,0
2794,25602,0
2795,25515,80
2796,25602,0
2797,25602,0
2798,25602,0
2799,25602,0
2800,25602,0
2801,25602,0
2802,25541,56
2803,24045,1468
2804,25602,0
2805,24136,1380
2806,25602,0
2807,25602,0
2808,25602,0
2809,25602,0
2810,23257,2248
2811,25550,48
2812,25602,0
2813,25602,0
2814,25602,0
2815,25602,0
2816,25602,0
2817,25602,0
2818,25602,0
2819,25602,0
2820,25602,0
2821,24590,944
2822,23132,2374
2823,25602,0
2824,25602,0
2825,23792,1716
2826,25602,0
2827,24223,1296
2828,25602,0
2829,25602,0
2830,25602,0
2831,25602,0
2832,25563,36
2833,25602,0
2834,24956,598
2835,25602,0
2836,21574,4006
2837,25602,0
2838,25246,328
2839,25602,0
2840,25602,0
2841,18170,8024
2842,25602,0
2843,25602,0
2844,25541,56
2845,25602,0
2846,25602,0
2847,25576,24
2848,25602,0
2849,25602,0
2850,25602,0
2851,25602,0
2852,25602,0
2853,25602,0
2854,25602,0
2855,25602,0
2856,24000,1512
2857,25237,336
2858,25602,0
2859,25602,0
2860,25576,24
2861,25602,0
2862,24537,994
2863,25602,0
2864,25576,24
2865,25602,0
2866,17772,8542
2867,24252,1268
2868,25602,0
2869,25602,0
2870,25602,0
2871,25532,64
2872,25602,0
2873,25602,0
2874,25602,0
2875,25602,0
2876,25602,0
2877,22740,2774
2878,25602,0
2879,25602,0
2880,25602,0
2881,25602,0
2882,25602,0
2883,25602,0
2884,25602,0
2885,23984,1528
2886,19441,6442
2887,25602,0
2888,25602,0
2889,25602,0
2890,22282,3250
2891,25602,0
2892,25602,0
2893,25602,0
2894,25602,0
2895,25602,0
2896,25602,0
2897,25602,0
2898,24716,824
2899,25602,0
2900,25602,0
2901,24607,928
2902,25602,0
2903,25602,0
2904,25602,0
2905,25602,0
2906,25572,28
2907,25602,0
2908,25521,74
2909,25602,0
2910,16792,9870
2911,25602,0
2912,25602,0
2913,24871,678
2914,25602,0
2915,25602,0
2916,25602,0
2917,25602,0
2918,25602,0
2919,23984,1528
2920,25602,0
2921,23984,1528
2922,25602,0
2923,25602,0
2924,25602,0
2925,18127,8080
2926,25089,474
2927,25602,0
2928,25602,0
2929,25602,0
2930,25602,0
2931,25602,0
2932,25192,378
2933,25602,0
2934,25602,0
2935,25602,0
2936,25602,0
2937,25602,0
2938,25602,0
2939,25550,48
2940,25576,24
2941,25602,0
2942,25602,0
2943,25602,0
2944,25602,0
2945,25523,72
2946,25602,0
2947,25602,0
2948,25602,0
2949,25602,0
2950,25602,0
2951,24980,576
2952,24710,830
2953,25602,0
2954,25602,0
2955,2961,50474
2956,25602,0
2957,25602,0
2958,25602,0
2959,25602,0
2960,25602,0
2961,25602,0
2962,25602,0
2963,25602,0
2964,25602,0
2965,25563,36
2966,25602,0
2967,25602,0
2968,23313,2192
2969,25602,0
2970,25572,28
2971,25602,0
2972,25576,24
2973,25602,0
2974,25572,28
2975,25602,0
2976,25602,0
2977,25602,0
2978,25602,0
2979,25602,0
2980,25550,48
2981,25572,28
2982,25602,0
2983,25602,0
2984,25602,0
2985,25602,0
2986,25602,0
2987,25602,0
2988,25602,0
2989,25602,0
2990,25550,48
2991,25602,0
2992,25602,0
2993,25602,0
2994,22303,3228
2995,24882,668
2996,25393,192
2997,25602,0
2998,25084,478
2999,25602,0
3000,25602,0
3001,25602,0
3002,25602,0
3003,25602,0
3004,25602,0
3005,24272,1248
3006,25602,0
3007,25602,0
3008,25602,0
3009,25602,0
3010,25478,114
3011,25497,96
3012,25602,0
3013,25602,0
3014,21463,4126
3015,21951,3600
3016,25550,48
3017,25602,0
3018,25602,0
3019,25602,0
3020,25602,0
3021,25602,0
3022,25602,0
3023,25602,0
3024,25602,0
3025,25602,0
3026,24161,1356
3027,14966,12564
3028,20652,5028
3029,25602,0
3030,25602,0
3031,25478,114
3032,25602,0
3033,25602,0
3034,25602,0
3035,10113,21736
3036,25602,0
3037,24797,748
3038,25602,0
3039,25602,0
3040,24907,644
3041,25602,0
3042,25602,0
3043,25602,0
3044,25602,0
3045,25602,0
3046,18167,8028
3047,25602,0
3048,25602,0
3049,25602,0
3050,23144,2362
3051,21080,4548
3052,25576,24
3053,25602,0
3054,25602,0
3055,25541,56
3056,25602,0
3057,25602,0
3058,22525,2996
3059,25602,0
3060,25602,0
3061,25602,0
3062,25250,324
3063,25602,0
3064,25602,0
3065,25576,24
3066,25602,0
3067,24882,668
3068,24694,845
3069,25602,0
3070,25602,0
3071,24903,648
3072,25602,0
3073,25602,0
3074,25602,0
3075,23682,1824
3076,18583,7498
3077,25602,0
3078,25602,0
3079,22765,2748
3080,25550,48
3081,25602,0
3082,25602,0
3083,25602,0
3084,25602,0
3085,25602,0
3086,25602,0
3087,25602,0
3088,25602,0
3089,25602,0
3090,25602,0
3091,25602,0
3092,25602,0
3093,25602,0
3094,22721,2794
3095,22971,2538
3096,25602,0
3097,25192,378
3098,22734,2780
3099,25602,0
3100,24268,1252
3101,25467,124
3102,25602,0
3103,25602,0
3104,25602,0
3105,25602,0
3106,25602,0
3107,25602,0
3108,24729,812
3109,25602,0
3110,25602,0
3111,2980,50324
3112,25602,0
3113,25602,0
3114,25602,0
3115,25572,28
3116,25602,0
3117,24279,1242
3118,25304,274
3119,25602,0
3120,25602,0
3121,25602,0
3122,25602,0
3123,25250,324
3124,25602,0
3125,25602,0
3126,25602,0
3127,25602,0
3128,25130,436
3129,25602,0
3130,25602,0
3131,2665,52940
3132,25602,0
3133,25602,0
3134,25175,394
3135,25602,0
3136,25602,0
3137,25602,0
3138,25602,0
3139,25031,528
3140,19599,6252
3141,24477,1052
3142,25602,0
3143,9733,22632
3144,25602,0
3145,25541,56
3146,25602,0
3147,21440,4152
3148,22933,2576
3149,24130,1386
3150,25602,0
3151,25602,0
3152,25602,0
3153,25602,0
3154,25602,0
3155,25602,0
3156,25602,0
3157,25602,0
3158,25602,0
3159,25354,228
3160,25602,0
3161,25602,0
3162,25602,0
3163,25602,0
3164,25602,0
3165,23457,2048
3166,25602,0
3167,25602,0
3168,25602,0
3169,25602,0
3170,25602,0
3171,25602,0
3172,25602,0
3173,21650,3924
3174,25054,506
3175,4364,41400
3176,25541,56
3177,25602,0
3178,25602,0
3179,25602,0
3180,25602,0
3181,25602,0
3182,25602,0
3183,25576,24
3184,25602,0
3185,25602,0
3186,20326,5400
3187,25602,0
3188,25602,0
3189,25523,72
3190,25602,0
3191,25602,0
3192,25014,544
3193,25602,0
3194,25602,0
3195,18444,7674
3196,25602,0
3197,25602,0
3198,25576,24
3199,25572,28
3200,25602,0
3201,25572,28
3202,25602,0
3203,25602,0
3204,25602,0
3205,25550,48
3206,25602,0
3207,25602,0
3208,25602,0
3209,25602,0
3210,24472,1056
3211,25602,0
3212,25602,0
3213,25602,0
3214,24502,1028
3215,25602,0
3216,25602,0
3217,25602,0
3218,2856,51324
3219,25602,0
3220,25602,0
3221,25550,48
3222,25602,0
3223,25602,0
3224,25602,0
3225,25602,0
3226,25602,0
3227,25602,0
3228,25602,0
3229,25602,0
3230,25602,0
3231,25602,0
3232,25602,0
3233,23784,1724
3234,25602,0
3235,25602,0
3236,25602,0
3237,25602,0
3238,25602,0
3239,25602,0
3240,25602,0
3241,25602,0
3242,25602,0
3243,25602,0
3244,25602,0
3245,25602,0
3246,25602,0
3247,21535,4048
3248,25602,0
3249,25602,0
3250,25602,0
3251,2831,51524
3252,24828,718
3253,23116,2390
3254,25550,48
3255,25602,0
3256,25602,0
3257,25602,0
3258,25602,0
3259,25602,0
3260,25602,0
3261,20345,5378
3262,19992,5788
3263,25602,0
3264,25602,0
3265,25332,248
3266,25602,0
3267,25523,72
3268,25602,0
3269,18464,7648
3270,25602,0
3271,25602,0
3272,24831,716
3273,22746,2768
3274,25602,0
3275,24452,1076
3276,25602,0
3277,25602,0
3278,25602,0
3279,25602,0
3280,25054,506
3281,25602,0
3282,25602,0
3283,25602,0
3284,25142,424
3285,25602,0
3286,25602,0
3287,25602,0
3288,25602,0
3289,25602,0
3290,25602,0
3291,25602,0
3292,22123,3418
3293,25602,0
3294,25602,0
3295,25602,0
3296,25602,0
3297,24414,1112
3298,25602,0
3299,25576,24
3300,25602,0
3301,25602,0
3302,25602,0
3303,25602,0
3304,24903,648
3305,21581,3998
3306,25576,24
3307,25602,0
3308,25602,0
3309,25537,60
3310,25117,448
3311,25602,0
3312,25602,0
3313,25602,0
3314,25602,0
3315,25345,236
3316,25602,0
3317,25224,348
3318,25602,0
3319,25602,0
3320,25602,0
3321,16058,10916
3322,25602,0
3323,18543,7548
3324,25602,0
3325,25510,84
3326,25602,0
3327,25572,28
3328,25602,0
3329,25602,0
3330,14384,13492
3331,25602,0
3332,25602,0
3333,25602,0
3334,25602,0
3335,25602,0
3336,25602,0
3337,25602,0
3338,25602,0
3339,25602,0
3340,25602,0
3341,25602,0
3342,23409,2096
3343,25572,28
3344,25300,278
3345,21746,3820
3346,25602,0
3347,25602,0
3348,25602,0
3349,25602,0
3350,25602,0
3351,25602,0
3352,25602,0
3353,25138,428
3354,25602,0
3355,25602,0
3356,25602,0
3357,24611,924
3358,25602,0
3359,25602,0
3360,25602,0
3361,25602,0
3362,25602,0
3363,25602,0
3364,25602,0
3365,25602,0
3366,25602,0
3367,25602,0
3368,25602,0
3369,25602,0
3370,25602,0
3371,25602,0
3372,25602,0
3373,25602,0
3374,25602,0
3375,25602,0
3376,25602,0
3377,25602,0
3378,25602,0
3379,25196,374
3380,25602,0
3381,25114,450
3382,25602,0
3383,25602,0
3384,25423,164
3385,25602,0
3386,25602,0
3387,25602,0
3388,25602,0
3389,25602,0
3390,25278,298
3391,24560,972
3392,25602,0
3393,25602,0
3394,25602,0
3395,25602,0
3396,24928,624
3397,25602,0
3398,25602,0
3399,25563,36
3400,25602,0
3401,25602,0
3402,25602,0
3403,22765,2748
3404,25602,0
3405,25602,0
3406,25602,0
3407,25602,0
3408,25602,0
3409,25576,24
3410,25602,0
3411,25602,0
3412,25602,0
3413,25602,0
3414,25246,328
3415,21929,3624
3416,25602,0
3417,25602,0
3418,25602,0
3419,25602,0
3420,25602,0
3421,25602,0
3422,25602,0
3423,25563,36
3424,25602,0
3425,25602,0
3426,25497,96
3427,25602,0
3428,25602,0
3429,25602,0
3430,25602,0
3431,24297,1224
3432,25602,0
3433,25602,0
3434,25602,0
3435,25602,0
3436,24245,1274
3437,25164,404
3438,25602,0
3439,25602,0
3440,25602,0
3441,24784,760
3442,25602,0
3443,25602,0
3444,23184,2322
3445,25602,0
3446,25602,0
3447,25602,0
3448,25602,0
3449,25576,24
3450,25602,0
3451,25602,0
3452,25602,0
3453,25602,0
3454,25602,0
3455,25602,0
3456,24659,878
3457,25602,0
3458,25602,0
3459,23670,1836
3460,25602,0
3461,24916,636
3462,25602,0
3463,25602,0
3464,25602,0
3465,25602,0
3466,25602,0
3467,25602,0
3468,23079,2428
3469,25602,0
3470,25534,62
3471,25602,0
3472,25602,0
3473,25602,0
3474,25602,0
3475,25602,0
3476,24239,1280
3477,25602,0
3478,25602,0
3479,25602,0
3480,25554,44
3481,25602,0
3482,25602,0
3483,25602,0
3484,21949,3602
3485,25602,0
3486,21156,4464
3487,25602,0
3488,25602,0
3489,25602,0
3490,25602,0
3491,25602,0
3492,25602,0
3493,25602,0
3494,25602,0
3495,25602,0
3496,25602,0
3497,25602,0
3498,25602,0
3499,25563,36
3500,25602,0
3501,25602,0
3502,25602,0
3503,25602,0
3504,25602,0
3505,25563,36
3506,23293,2212
3507,25602,0
3508,25602,0
3509,25602,0
3510,25602,0
3511,25550,48
3512,25602,0
3513,25602,0
3514,25602,0
3515,25102,462
3516,25602,0
3517,24611,924
3518,25550,48
3519,25602,0
3520,25304,274
3521,25602,0
3522,25216,356
3523,25602,0
3524,25602,0
3525,25602,0
3526,25602,0
3527,25602,0
3528,24871,678
3529,25602,0
3530,25602,0
3531,25354,228
3532,25602,0
3533,25602,0
3534,25550,48
3535,25602,0
3536,25602,0
3537,25602,0
3538,25602,0
3539,25602,0
3540,25602,0
3541,22941,2568
3542,25602,0
3543,25602,0
3544,25602,0
3545,25602,0
3546,25602,0
3547,25602,0
3548,25602,0
3549,25602,0
3550,25602,0
3551,25572,28
3552,25602,0
3553,25078,484
3554,25602,0
3555,25602,0
3556,25602,0
3557,25602,0
3558,23682,1824
3559,25602,0
3560,25196,374
3561,12849,16132
3562,22626,2892
3563,24397,1128
3564,25602,0
3565,25602,0
3566,2686,52758
3567,23481,2024
3568,25550,48
3569,25602,0
3570,25439,150
3571,23933,1578
3572,24611,924
3573,25602,0
3574,25602,0
3575,25602,0
3576,25602,0
3577,25563,36
3578,25602,0
3579,25467,124
3580,25563,36
3581,25602,0
3582,25602,0
3583,25602,0
3584,25602,0
3585,23674,1832
3586,25576,24
3587,25602,0
3588,25576,24
3589,25170,398
3590,25602,0
3591,25602,0
3592,24581,952
3593,25602,0
3594,25602,0
3595,21929,3624
3596,25563,36
3597,25602,0
3598,25602,0
3599,21546,4036
3600,24695,844
3601,25432,156
3602,25602,0
3603,25602,0
3604,25602,0
3605,25602,0
3606,25602,0
3607,25602,0
3608,24140,1376
3609,25550,48
3610,25602,0
3611,25602,0
3612,25602,0
3613,25576,24
3614,25602,0
3615,25602,0
3616,25602,0
3617,25602,0
3618,25602,0
3619,25602,0
3620,24924,628
3621,25602,0
3622,25602,0
3623,24521,1010
3624,25602,0
3625,25602,0
3626,25602,0
3627,25602,0
3628,24279,1242
3629,25602,0
3630,25130,436
3631,25602,0
3632,25576,24
3633,25602,0
3634,25602,0
3635,25602,0
3636,25602,0
3637,25602,0
3638,25149,418
3639,25089,474
3640,25602,0
3641,25602,0
3642,25602,0
3643,25602,0
3644,25602,0
3645,25602,0
3646,23033,2474
3647,2890,51048
3648,25602,0
3649,25467,124
3650,16320,10536
3651,24066,1448
3652,25602,0
3653,25602,0
3654,25602,0
3655,25602,0
3656,25602,0
3657,25602,0
3658,25602,0
3659,25602,0
3660,25602,0
3661,25602,0
3662,25035,524
3663,25602,0
3664,25602,0
3665,25576,24
3666,25602,0
3667,22218,3318
3668,25602,0
3669,25602,0
3670,25602,0
3671,25602,0
3672,25602,0
3673,25602,0
3674,25602,0
3675,25576,24
3676,25602,0
3677,23449,2056
3678,23780,1728
3679,25602,0
3680,18020,8218
3681,25554,44
3682,25602,0
3683,25602,0
3684,25602,0
3685,25602,0
3686,25138,428
3687,25291,286
3688,25602,0
3689,25602,0
3690,25602,0
3691,25602,0
3692,24651,886
3693,25602,0
3694,25602,0
3695,25602,0
3696,25602,0
3697,25602,0
3698,25602,0
3699,24716,824
3700,25602,0
3701,24136,1380
3702,25602,0
3703,25602,0
3704,25602,0
3705,25602,0
3706,25602,0
3707,25602,0
3708,25602,0
3709,25602,0
3710,25602,0
3711,25602,0
3712,25602,0
3713,25602,0
3714,25602,0
3715,22984,2524
3716,25602,0
3717,22296,3236
3718,25121,444
3719,25602,0
3720,25602,0
3721,25602,0
3722,25602,0
3723,21835,3724
3724,25602,0
3725,25602,0
3726,25602,0
3727,25602,0
3728,25602,0
3729,25602,0
3730,25602,0
3731,25602,0
3732,25602,0
3733,25563,36
3734,25602,0
3735,25572,28
3736,25602,0
3737,25454,136
3738,20936,4708
3739,25602,0
3740,25602,0
3741,24454,1074
3742,25602,0
3743,25602,0
3744,25602,0
3745,25602,0
3746,25602,0
3747,24882,668
3748,25602,0
3749,25602,0
3750,24594,940
3751,25550,48
3752,25602,0
3753,25602,0
3754,25602,0
3755,25602,0
3756,25138,428
3757,25602,0
3758,25300,278
3759,25602,0
3760,25602,0
3761,25602,0
3762,25602,0
3763,25602,0
3764,25602,0
3765,25602,0
3766,24588,946
3767,25014,544
3768,25602,0
3769,25602,0
3770,25602,0
3771,25602,0
3772,25572,28
3773,25602,0
3774,25602,0
3775,25121,444
3776,25602,0
3777,25602,0
3778,23967,1544
3779,25602,0
3780,25602,0
3781,25602,0
3782,25519,76
3783,25602,0
3784,25602,0
3785,25602,0
3786,24590,944
3787,25602,0
3788,25602,0
3789,25602,0
3790,25602,0
3791,17804,8500
3792,25602,0
3793,25602,0
3794,25602,0
3795,25602,0
3796,8198,26648
3797,25602,0
3798,25602,0
3799,25602,0
3800,24950,604
3801,25602,0
3802,25602,0
3803,23597,1908
3804,25602,0
3805,23678,1828
3806,25602,0
3807,25602,0
3808,19724,6104
3809,25602,0
3810,25602,0
3811,21261,4348
3812,25602,0
3813,25602,0
3814,25602,0
3815,25602,0
3816,25142,424
3817,25602,0
3818,25602,0
3819,25602,0
3820,25602,0
3821,25510,84
3822,25602,0
3823,25602,0
3824,24737,804
3825,8471,25882
3826,23682,1824
3827,25602,0
3828,25602,0
3829,25602,0
3830,25576,24
3831,25602,0
3832,25602,0
3833,25602,0
3834,25602,0
3835,22053,3492
3836,25602,0
3837,25117,448
3838,25602,0
3839,25602,0
3840,25602,0
3841,25576,24
3842,25602,0
3843,25602,0
3844,25602,0
3845,25602,0
3846,25602,0
3847,25602,0
3848,25602,0
3849,25602,0
3850,25550,48
3851,25602,0
3852,25602,0
3853,25541,56
3854,25602,0
3855,25602,0
3856,25602,0
3857,25250,324
3858,25602,0
3859,25572,28
3860,25602,0
3861,23079,2428
3862,25602,0
3863,25602,0
3864,9041,24356
3865,25602,0
3866,24716,824
3867,25602,0
3868,25602,0
3869,23415,2090
3870,25250,324
3871,25576,24
3872,25602,0
3873,25602,0
3874,25602,0
3875,25602,0
3876,25572,28
3877,25602,0
3878,25602,0
3879,25602,0
3880,25602,0
3881,25576,24
3882,25602,0
3883,25602,0
3884,25576,24
3885,25602,0
3886,25602,0
3887,25602,0
3888,25177,392
3889,25602,0
3890,24410,1116
3891,25602,0
3892,25572,28
3893,25602,0
3894,25224,348
3895,25602,0
3896,25602,0
3897,25602,0
3898,22303,3228
3899,25602,0
3900,25602,0
3901,25602,0
3902,25602,0
3903,25602,0
3904,25550,48
3905,25576,24
3906,23531,1974
3907,25602,0
3908,25572,28
3909,25602,0
3910,25602,0
3911,25462,128
3912,25602,0
3913,25602,0
3914,25602,0
3915,3018,50028
3916,25602,0
3917,25602,0
3918,25602,0
3919,25602,0
3920,25602,0
3921,22399,3128
3922,25602,0
3923,25602,0
3924,25576,24
3925,25602,0
3926,25602,0
3927,25602,0
3928,25602,0
3929,25602,0
3930,25602,0
3931,25602,0
3932,11383,18966
3933,25602,0
3934,25602,0
3935,25602,0
3936,23976,1536
3937,25563,36
3938,25602,0
3939,25602,0
3940,25602,0
3941,25602,0
3942,25602,0
3943,25602,0
3944,25602,0
3945,25412,174
3946,24485,1044
3947,25602,0
3948,25602,0
3949,25602,0
3950,25194,376
3951,25602,0
3952,25602,0
3953,25602,0
3954,25602,0
3955,25602,0
3956,25602,0
3957,25602,0
3958,25602,0
3959,25576,24
3960,25602,0
3961,25602,0
3962,25602,0
3963,25386,198
3964,24502,1028
3965,25602,0
3966,25602,0
3967,25031,528
3968,25602,0
3969,22008,3540
3970,23365,2140
3971,25250,324
3972,21192,4424
3973,25602,0
3974,25602,0
3975,25378,206
3976,25602,0
3977,25602,0
3978,25203,368
3979,24475,1054
3980,25602,0
3981,24602,932
3982,25602,0
3983,25602,0
3984,25523,72
3985,25602,0
3986,25602,0
3987,25602,0
3988,25602,0
3989,25602,0
3990,25602,0
3991,25602,0
3992,25302,276
3993,23041,2466
3994,25602,0
3995,10880,20024
3996,25602,0
3997,25602,0
3998,23477,2028
3999,25602,0
4000,25602,0
4001,25602,0
4002,25602,0
4003,25602,0
4004,25602,0
4005,25602,0
4006,25602,0
4007,25602,0
4008,21145,4476
4009,25602,0
4010,25602,0
4011,22066,3478
4012,25602,0
4013,25602,0
4014,25304,274
4015,25602,0
4016,24988,568
4017,25602,0
4018,25602,0
4019,17850,8440
4020,25602,0
4021,16679,10028
4022,25602,0
4023,22653,2864
4024,25602,0
4025,25602,0
4026,25563,36
4027,25602,0
4028,25602,0
4029,25602,0
4030,25602,0
4031,25602,0
4032,25602,0
4033,25602,0
4034,25602,0
4035,23059,2448
4036,25602,0
4037,25602,0
4038,25602,0
4039,25602,0
4040,25572,28
4041,25602,0
4042,25602,0
4043,25602,0
4044,25572,28
4045,25550,48
4046,25602,0
4047,25602,0
4048,25602,0
4049,25602,0
4050,25602,0
4051,25602,0
4052,25602,0
4053,25142,424
4054,25602,0
4055,25602,0
4056,24769,774
4057,25602,0
4058,25602,0
4059,25602,0
4060,25602,0
4061,25035,524
4062,25602,0
4063,25602,0
4064,23581,1924
4065,25602,0
4066,23822,1686
4067,25031,528
4068,25563,36
4069,25602,0
4070,25576,24
4071,25602,0
4072,25602,0
4073,23299,2206
4074,25602,0
4075,25519,76
4076,25486,106
4077,25602,0
4078,25602,0
4079,23477,2028
4080,24664,874
4081,25602,0
4082,25035,524
4083,25602,0
4084,25602,0
4085,25196,374
4086,22746,2768
4087,25602,0
4088,25515,80
4089,25602,0
4090,25602,0
4091,25602,0
4092,25602,0
4093,21332,4270
4094,25602,0
4095,25602,0
4096,25602,0
4097,25602,0
4098,25602,0
4099,25602,0
4100,25602,0
4101,25602,0
4102,23616,1890
4103,25602,0
4104,25602,0
4105,25602,0
4106,25602,0
4107,24903,648
4108,25602,0
4109,25602,0
4110,25602,0
4111,25602,0
4112,8348,26224
4113,14480,13336
4114,25602,0
4115,25602,0
4116,25224,348
4117,25602,0
4118,25469,122
4119,25602,0
4120,25602,0
4121,7623,28348
4122,25602,0
4123,17159,9364
4124,25602,0
4125,25550,48
4126,25602,0
4127,25602,0
4128,25602,0
4129,25602,0
4130,25602,0
4131,25602,0
4132,25602,0
4133,25602,0
4134,25602,0
4135,25602,0
4136,24452,1076
4137,25602,0
4138,25602,0
4139,25602,0
4140,25138,428
4141,24194,1324
4142,25602,0
4143,25602,0
4144,25602,0
4145,23804,1704
4146,24882,668
4147,25602,0
4148,23409,2096
4149,25602,0
4150,25602,0
4151,25497,96
4152,25576,24
4153,25602,0
4154,25602,0
4155,25602,0
4156,25602,0
4157,25602,0
4158,25358,224
4159,25602,0
4160,25602,0
4161,25602,0
4162,25602,0
4163,24194,1324
4164,25602,0
4165,25602,0
4166,25602,0
4167,22867,2644
4168,25602,0
4169,16143,10792
4170,25602,0
4171,25602,0
4172,25602,0
4173,25602,0
4174,25602,0
4175,23035,2472
4176,25572,28
4177,25602,0
4178,25602,0
4179,25602,0
4180,25602,0
4181,25602,0
4182,25602,0
4183,25010,548
4184,25602,0
4185,20226,5516
4186,25602,0
4187,25602,0
4188,25602,0
4189,22318,3212
4190,25602,0
4191,24252,1268
4192,23201,2304
4193,25602,0
4194,25602,0
4195,23014,2494
4196,25602,0
4197,25602,0
4198,25602,0
4199,25602,0
4200,25602,0
4201,25602,0
4202,25602,0
4203,25602,0
4204,25602,0
4205,25087,476
4206,25602,0
4207,24095,1420
4208,25602,0
4209,25602,0
4210,25602,0
4211,24809,736
4212,25602,0
4213,25602,0
4214,25602,0
4215,21976,3574
4216,24875,674
4217,20997,4640
4218,25602,0
4219,25602,0
4220,25602,0
4221,25602,0
4222,25602,0
4223,25576,24
4224,25602,0
4225,25602,0
4226,16568,10184
4227,25602,0
4228,25602,0
4229,25602,0
4230,25602,0
4231,25602,0
4232,25602,0
4233,25602,0
4234,25602,0
4235,25602,0
4236,25602,0
4237,25602,0
4238,25602,0
4239,25602,0
4240,25602,0
4241,25602,0
4242,25602,0
4243,25602,0
4244,25602,0
4245,25602,0
4246,25602,0
4247,25602,0
4248,25602,0
4249,25602,0
4250,25576,24
4251,25602,0
4252,25602,0
4253,25602,0
4254,25602,0
4255,25602,0
4256,25602,0
4257,25602,0
4258,25602,0
4259,25602,0
4260,25602,0
4261,25576,24
4262,25408,178
4263,25602,0
4264,25602,0
4265,25602,0
4266,25602,0
4267,25602,0
4268,25602,0
4269,25602,0
4270,25602,0
4271,25602,0
4272,25602,0
4273,25602,0
4274,22364,3164
4275,25602,0
4276,25602,0
4277,25602,0
4278,25602,0
4279,25602,0
4280,25602,0
4281,24481,1048
4282,25602,0
4283,23853,1656
4284,24383,1142
4285,25572,28
4286,25602,0
4287,25563,36
4288,25602,0
4289,25602,0
4290,25602,0
4291,25602,0
4292,25602,0
4293,25602,0
4294,25602,0
4295,25602,0
4296,25602,0
4297,24822,724
4298,25393,192
4299,25602,0
4300,25602,0
4301,24636,900
4302,25602,0
4303,25602,0
4304,25602,0
4305,21283,4324
4306,25602,0
4307,25602,0
4308,25602,0
4309,25602,0
4310,25602,0
4311,24822,724
4312,25602,0
4313,25572,28
4314,24797,748
4315,24903,648
4316,25602,0
4317,25495,98
4318,25602,0
4319,25602,0
4320,25602,0
4321,25602,0
4322,25602,0
4323,25576,24
4324,25602,0
4325,21813,3748
4326,24896,654
4327,25541,56
4328,25121,444
4329,25602,0
4330,25521,74
4331,25550,48
4332,25602,0
4333,25602,0
4334,25602,0
4335,25602,0
4336,25602,0
4337,25602,0
4338,24297,1224
4339,25602,0
4340,25572,28
4341,24977,578
4342,25576,24
4343,25602,0
4344,25602,0
4345,25602,0
4346,25534,62
4347,22904,2606
4348,24045,1468
4349,25602,0
4350,25602,0
4351,25602,0
4352,25602,0
4353,25602,0
4354,25602,0
4355,22002,3546
4356,25602,0
4357,25602,0
4358,25602,0
4359,25602,0
4360,25602,0
4361,25602,0
4362,25563,36
4363,25602,0
4364,25602,0
4365,25602,0
4366,25602,0
4367,25602,0
4368,23581,1924
4369,25602,0
4370,25602,0
4371,25602,0
4372,24285,1236
4373,25602,0
4374,25513,82
4375,25602,0
4376,25602,0
4377,25602,0
4378,25602,0
4379,25602,0
4380,25602,0
4381,25602,0
4382,24775,768
4383,21405,4190
4384,25602,0
4385,25602,0
4386,25602,0
4387,25602,0
4388,25602,0
4389,25602,0
4390,25602,0
4391,25602,0
4392,25602,0
4393,25602,0
4394,25519,76
4395,25576,24
4396,25602,0
4397,25602,0
4398,25563,36
4399,25160,408
4400,25602,0
4401,25572,28
4402,25142,424
4403,25602,0
4404,214,111916
4405,25602,0
4406,25602,0
4407,25602,0
4408,25602,0
4409,24397,1128
4410,25602,0
4411,25602,0
4412,25563,36
4413,25602,0
4414,25602,0
4415,8401,26076
4416,25602,0
4417,25576,24
4418,25497,96
4419,25142,424
4420,25412,174
4421,25602,0
4422,25602,0
4423,25602,0
4424,25602,0
4425,25554,44
4426,25602,0
4427,25602,0
4428,24113,1402
4429,25602,0
4430,25602,0
4431,25602,0
4432,25602,0
4433,25602,0
4434,25572,28
4435,24956,598
4436,25602,0
4437,25602,0
4438,25602,0
4439,2689,52728
4440,24506,1024
4441,25602,0
4442,25572,28
4443,25602,0
4444,25602,0
4445,25602,0
4446,25602,0
4447,25602,0
4448,25523,72
4449,25602,0
4450,25602,0
4451,25576,24
4452,25602,0
4453,25572,28
4454,24293,1228
4455,25572,28
4456,25602,0
4457,25602,0
4458,25602,0
4459,25602,0
4460,25602,0
4461,25480,112
4462,25602,0
4463,22439,3086
4464,25602,0
4465,25602,0
4466,25602,0
4467,25602,0
4468,25602,0
4469,25602,0
4470,25602,0
4471,25602,0
4472,25602,0
4473,25576,24
4474,25572,28
4475,25572,28
4476,25602,0
4477,25602,0
4478,25602,0
4479,25602,0
4480,25545,52
4481,24651,886
4482,24607,928
4483,25541,56
4484,25602,0
4485,25602,0
4486,25550,48
4487,25602,0
4488,25602,0
4489,25572,28
4490,25602,0
4491,25602,0
4492,25602,0
4493,25602,0
4494,25454,136
4495,25602,0
4496,25602,0
4497,25250,324
4498,25602,0
4499,25602,0
4500,25602,0
4501,25602,0
4502,25602,0
4503,25117,448
4504,25602,0
4505,25602,0
4506,25602,0
4507,25602,0
4508,25412,174
4509,25142,424
4510,25354,228
4511,25602,0
4512,25602,0
4513,25602,0
4514,25602,0
4515,25602,0
4516,25602,0
4517,25602,0
4518,23032,2476
4519,25183,386
4520,25602,0
4521,25602,0
4522,24414,1112
4523,25602,0
4524,25337,244
4525,25602,0
4526,24797,748
4527,25602,0
4528,25602,0
4529,25602,0
4530,25602,0
4531,25602,0
4532,25602,0
4533,25315,264
4534,25602,0
4535,25602,0
4536,25602,0
4537,24586,948
4538,25602,0
4539,25602,0
4540,25602,0
4541,25602,0
4542,14864,12724
4543,25602,0
4544,25602,0
4545,25602,0
4546,25602,0
4547,25602,0
4548,25602,0
4549,25602,0
4550,16312,10548
4551,19859,5944
4552,25602,0
4553,18712,7336
4554,25602,0
4555,24607,928
4556,25602,0
4557,24882,668
4558,25602,0
4559,25602,0
4560,25602,0
4561,25602,0
4562,25550,48
4563,14522,13268
4564,25602,0
4565,25602,0
4566,25602,0
4567,20132,5624
4568,25602,0
4569,21555,4026
4570,25602,0
4571,25602,0
4572,25306,272
4573,25602,0
4574,25602,0
4575,25602,0
4576,25602,0
4577,2512,54328
4578,25602,0
4579,25576,24
4580,25602,0
4581,25602,0
4582,23485,2020
4583,25602,0
4584,25602,0
4585,23686,1820
4586,25360,222
4587,25602,0
4588,25602,0
4589,25602,0
4590,25602,0
4591,25602,0
4592,25602,0
4593,25602,0
4594,25602,0
4595,25602,0
4596,25602,0
4597,25602,0
4598,22042,3504
4599,23371,2134
4600,25602,0
4601,24977,578
4602,25311,268
4603,25576,24
4604,25602,0
4605,25602,0
4606,25602,0
4607,25142,424
4608,25602,0
4609,25602,0
4610,25602,0
4611,25602,0
4612,25602,0
4613,25602,0
4614,25602,0
4615,25602,0
4616,25602,0
4617,25108,456
4618,25602,0
4619,25602,0
4620,25602,0
4621,24493,1036
4622,25602,0
4623,25576,24
4624,25602,0
4625,25602,0
4626,25602,0
4627,25602,0
4628,25602,0
4629,25576,24
4630,25602,0
4631,25602,0
4632,25602,0
4633,25602,0
4634,25602,0
4635,25602,0
4636,17639,8718
4637,25602,0
4638,25602,0
4639,25602,0
4640,22738,2776
4641,25602,0
4642,25602,0
4643,25602,0
4644,25602,0
4645,25602,0
4646,25602,0
4647,25602,0
4648,25602,0
4649,25602,0
4650,24443,1084
4651,19764,6056
4652,25602,0
4653,22886,2624
4654,25602,0
4655,25602,0
4656,25602,0
4657,23967,1544
4658,25602,0
4659,23935,1576
4660,23158,2348
4661,25602,0
4662,25602,0
4663,25602,0
4664,25602,0
4665,23481,2024
4666,25602,0
4667,25602,0
4668,25602,0
4669,25602,0
4670,25602,0
4671,25602,0
4672,25602,0
4673,21919,3634
4674,25602,0
4675,25602,0
4676,25497,96
4677,25602,0
4678,25545,52
4679,25602,0
4680,23963,1548
4681,24169,1348
4682,25495,98
4683,25602,0
4684,25602,0
4685,24691,848
4686,25602,0
4687,25550,48
4688,16404,10416
4689,23967,1544
4690,25602,0
4691,25602,0
4692,25602,0
4693,24558,974
4694,25602,0
4695,25572,28
4696,25014,544
4697,25602,0
4698,25602,0
4699,25602,0
4700,23120,2386
4701,13051,15768
4702,25521,74
4703,25602,0
4704,25602,0
4705,25602,0
4706,25602,0
4707,25602,0
4708,19581,6274
4709,25602,0
4710,25602,0
4711,25602,0
4712,25602,0
4713,25602,0
4714,25358,224
4715,21946,3606
4716,25602,0
4717,25602,0
4718,22399,3128
4719,25602,0
4720,25572,28
4721,25602,0
4722,25602,0
4723,25602,0
4724,25602,0
4725,25602,0
4726,25602,0
4727,25576,24
4728,25602,0
4729,23527,1978
4730,25602,0
4731,25386,198
4732,25602,0
4733,25602,0
4734,25602,0
4735,25602,0
4736,24882,668
4737,25602,0
4738,25602,0
4739,25602,0
4740,24822,724
4741,25602,0
4742,25602,0
4743,25602,0
4744,25510,84
4745,25602,0
4746,25602,0
4747,24498,1032
4748,25602,0
4749,25602,0
4750,25602,0
4751,25022,536
4752,24907,644
4753,25602,0
4754,24351,1172
4755,25602,0
4756,23713,1794
4757,25602,0
4758,25602,0
4759,25602,0
4760,25602,0
4761,25499,94
4762,25602,0
4763,25602,0
4764,25602,0
4765,25602,0
4766,25358,224
4767,25602,0
4768,25602,0
4769,25602,0
4770,25602,0
4771,25602,0
4772,25602,0
4773,25602,0
4774,25602,0
4775,21592,3986
4776,25602,0
4777,25602,0
4778,25602,0
4779,25602,0
4780,25602,0
4781,25602,0
4782,25602,0
4783,25602,0
4784,25602,0
4785,25031,528
4786,25602,0
4787,25602,0
4788,25602,0
4789,25602,0
4790,22812,2700
4791,25602,0
4792,25602,0
4793,25602,0
4794,25602,0
4795,25602,0
4796,25602,0
4797,25602,0
4798,25602,0
4799,22853,2658
4800,25602,0
4801,25261,314
4802,24670,868
4803,25602,0
4804,25602,0
4805,25602,0
4806,25602,0
4807,25602,0
4808,25602,0
4809,25602,0
4810,25602,0
4811,25572,28
4812,25602,0
4813,25602,0
4814,25130,436
4815,25602,0
4816,25602,0
4817,25602,0
4818,25602,0
4819,25602,0
4820,25602,0
4821,24956,598
4822,25602,0
4823,25602,0
4824,25602,0
4825,22554,2966
4826,25602,0
4827,25602,0
4828,25602,0
4829,25602,0
4830,25602,0
4831,25576,24
4832,25602,0
4833,25602,0
4834,25229,344
4835,25602,0
4836,25014,544
4837,25602,0
4838,25602,0
4839,24256,1264
4840,25602,0
4841,25602,0
4842,25602,0
4843,25602,0
4844,25602,0
4845,24245,1274
4846,25602,0
4847,25602,0
4848,24746,796
4849,8638,25424
4850,25602,0
4851,25602,0
4852,25602,0
4853,25602,0
4854,25602,0
4855,25602,0
4856,25602,0
4857,24691,848
4858,25602,0
4859,25550,48
4860,25602,0
4861,25216,356
4862,25602,0
4863,25602,0
4864,25602,0
4865,25602,0
4866,25602,0
4867,24299,1222
4868,25602,0
4869,25602,0
4870,25602,0
4871,25602,0
4872,25602,0
4873,25602,0
4874,25602,0
4875,24797,748
4876,25441,148
4877,25576,24
4878,25602,0
4879,25602,0
4880,25602,0
4881,17838,8456
4882,25602,0
4883,25602,0
4884,25602,0
4885,21359,4240
4886,25602,0
4887,25602,0
4888,25602,0
4889,25602,0
4890,25602,0
4891,25602,0
4892,25602,0
4893,25229,344
4894,22380,3148
4895,25602,0
4896,25602,0
4897,22145,3394
4898,25602,0
4899,24389,1136
4900,25602,0
4901,21103,4522
4902,25550,48
4903,25602,0
4904,25602,0
4905,25257,318
4906,25602,0
4907,23928,1582
4908,18642,7424
4909,25602,0
4910,25541,56
4911,19791,6024
4912,25602,0
4913,25602,0
4914,22094,3448
4915,25602,0
4916,25602,0
4917,25528,68
4918,25602,0
4919,25471,120
4920,25602,0
4921,25602,0
4922,22906,2604
4923,25602,0
4924,25602,0
4925,25602,0
4926,25602,0
4927,25147,420
4928,25035,524
4929,25550,48
4930,25602,0
4931,25602,0
4932,25602,0
4933,25602,0
4934,23293,2212
4935,25602,0
4936,25602,0
4937,25563,36
4938,25602,0
4939,22376,3152
4940,25602,0
4941,25602,0
4942,25602,0
4943,25602,0
4944,24128,1388
4945,23682,1824
4946,24045,1468
4947,25602,0
4948,25602,0
4949,25602,0
4950,25602,0
4951,25602,0
4952,25602,0
4953,25602,0
4954,25358,224
4955,25602,0
4956,25602,0
4957,25151,416
4958,25602,0
4959,25602,0
4960,25602,0
4961,25602,0
4962,25602,0
4963,23091,2416
4964,25602,0
4965,24691,848
4966,25563,36
4967,25602,0
4968,25602,0
4969,25602,0
4970,25602,0
4971,22066,3478
4972,25602,0
4973,25602,0
4974,25602,0
4975,25602,0
4976,25602,0
4977,25602,0
4978,25602,0
4979,25602,0
4980,25602,0
4981,23607,1898
4982,25602,0
4983,25602,0
4984,25602,0
4985,25602,0
4986,25602,0
4987,25602,0
4988,25602,0
4989,25602,0
4990,25484,108
4991,24262,1258
4992,25602,0
4993,12474,16826
4994,25441,148
4995,25602,0
4996,25354,228
4997,25602,0
4998,25572,28
4999,25550,48
5000,25602,0
5001,25602,0
5002,25602,0
5003,25602,0
5004,25602,0
5005,24418,1108
5006,25602,0
5007,25576,24
5008,25602,0
5009,25602,0
5010,22961,2548
5011,25602,0
5012,25237,336
5013,25550,48
5014,25602,0
5015,25602,0
5016,25602,0
5017,25602,0
5018,25602,0
5019,25602,0
5020,25441,148
5021,24119,1396
5022,25602,0
5023,24769,774
5024,25602,0
5025,21210,4404
5026,25602,0
5027,25602,0
5028,20754,4912
5029,25602,0
5030,25602,0
5031,25602,0
5032,25602,0
5033,25572,28
5034,25602,0
5035,25602,0
5036,25602,0
5037,25602,0
5038,22961,2548
5039,25602,0
5040,25602,0
5041,25602,0
5042,25602,0
5043,25602,0
5044,25602,0
5045,24903,648
5046,25602,0
5047,17920,8348
5048,25602,0
5049,25602,0
5050,23984,1528
5051,25545,52
5052,25572,28
5053,25602,0
5054,25138,428
5055,19881,5918
5056,25602,0
5057,25602,0
5058,25602,0
5059,25602,0
5060,25602,0
5061,25602,0
5062,25563,36
5063,25602,0
5064,25602,0
5065,25602,0
5066,25602,0
5067,25602,0
5068,19771,6048
5069,25602,0
5070,25576,24
5071,25602,0
5072,25602,0
5073,25602,0
5074,23237,2268
5075,25602,0
5076,25602,0
5077,25602,0
5078,25602,0
5079,25602,0
5080,25602,0
5081,25602,0
5082,25602,0
5083,25602,0
5084,25602,0
5085,25576,24
5086,25602,0
5087,25602,0
5088,25602,0
5089,24822,724
5090,25602,0
5091,25602,0
5092,23170,2336
5093,25602,0
5094,25602,0
5095,25602,0
5096,24206,1312
5097,25602,0
5098,25602,0
5099,25119,446
5100,25602,0
5101,25602,0
5102,25602,0
5103,25602,0
5104,25602,0
5105,25602,0
5106,25602,0
5107,25602,0
5108,25602,0
5109,25602,0
5110,25602,0
5111,25602,0
5112,25602,0
5113,25602,0
5114,25602,0
5115,25602,0
5116,25602,0
5117,20634,5048
5118,16279,10596
5119,25602,0
5120,25602,0
5121,25280,296
5122,24695,844
5123,24506,1024
5124,25602,0
5125,25602,0
5126,25602,0
5127,25602,0
5128,25602,0
5129,25602,0
5130,25602,0
5131,25602,0
5132,25602,0
5133,25602,0
5134,25602,0
5135,25602,0
5136,25602,0
5137,25602,0
5138,25602,0
5139,25602,0
5140,25602,0
5141,25602,0
5142,25602,0
5143,25576,24
5144,25602,0
5145,25602,0
5146,25602,0
5147,25602,0
5148,25602,0
5149,25602,0
5150,25550,48
5151,25602,0
5152,25602,0
5153,25602,0
5154,23227,2278
5155,25602,0
5156,21906,3648
5157,24822,724
5158,25454,136
5159,22695,2820
5160,25602,0
5161,25572,28
5162,25602,0
5163,25602,0
5164,25576,24
5165,25602,0
5166,25014,544
5167,25602,0
5168,25341,240
5169,25602,0
5170,25224,348
5171,24429,1098
5172,25602,0
5173,25386,198
5174,25602,0
5175,25602,0
5176,18831,7188
5177,25602,0
5178,25602,0
5179,25563,36
5180,25602,0
5181,25602,0
5182,25602,0
5183,25035,524
5184,25602,0
5185,25602,0
5186,25508,86
5187,25602,0
5188,25602,0
5189,25602,0
5190,25489,104
5191,24607,928
5192,25602,0
5193,25602,0
5194,25250,324
5195,25602,0
5196,25602,0
5197,25576,24
5198,25602,0
5199,25602,0
5200,25602,0
5201,24903,648
5202,24607,928
5203,13131,15624
5204,25576,24
5205,25602,0
5206,25602,0
5207,25563,36
5208,25602,0
5209,25602,0
5210,24651,886
5211,25602,0
5212,25363,220
5213,25393,192
5214,25541,56
5215,25602,0
5216,25602,0
5217,25602,0
5218,25602,0
5219,24928,624
5220,25602,0
5221,25602,0
5222,25602,0
5223,25602,0
5224,24982,574
5225,16595,10146
5226,25602,0
5227,13327,15278
5228,25602,0
5229,25602,0
5230,25602,0
5231,25602,0
5232,25602,0
5233,25602,0
5234,22402,3124
5235,25602,0
5236,25602,0
5237,25602,0
5238,25554,44
5239,25602,0
5240,25602,0
5241,25602,0
5242,25602,0
5243,25602,0
5244,25602,0
5245,25602,0
5246,25602,0
5247,25602,0
5248,25602,0
5249,21906,3648
5250,25602,0
5251,25602,0
5252,25602,0
5253,25321,258
5254,25602,0
5255,25602,0
5256,25337,244
5257,25602,0
5258,25602,0
5259,25576,24
5260,25602,0
5261,25602,0
5262,25602,0
5263,25602,0
5264,25550,48
5265,23517,1988
5266,25602,0
5267,25602,0
5268,24907,644
5269,25602,0
5270,25602,0
5271,25345,236
5272,23433,2072
5273,25602,0
5274,25602,0
5275,25602,0
5276,25602,0
5277,25602,0
5278,25602,0
5279,23784,1724
5280,24907,644
5281,25602,0
5282,23180,2326
5283,25602,0
5284,25602,0
5285,25354,228
5286,22746,2768
5287,25602,0
5288,25332,248
5289,25602,0
5290,23784,1724
5291,25515,80
5292,25602,0
5293,25602,0
5294,25602,0
5295,25602,0
5296,25602,0
5297,25164,404
5298,23186,2320
5299,25495,98
5300,25554,44
5301,25602,0
5302,25602,0
5303,25602,0
5304,22166,3372
5305,25300,278
5306,25602,0
5307,25602,0
5308,25602,0
5309,25602,0
5310,25602,0
5311,25419,168
5312,25602,0
5313,25602,0
5314,25602,0
5315,25602,0
5316,25537,60
5317,20534,5162
5318,25602,0
5319,25602,0
5320,25602,0
5321,23509,1996
5322,25602,0
5323,25602,0
5324,25602,0
5325,25602,0
5326,25602,0
5327,21694,3876
5328,25602,0
5329,25602,0
5330,23032,2476
5331,25602,0
5332,25550,48
5333,25602,0
5334,25602,0
5335,20495,5206
5336,25602,0
5337,22984,2524
5338,25602,0
5339,25602,0
5340,25602,0
5341,22688,2828
5342,20886,4764
5343,25602,0
5344,25317,262
5345,25602,0
5346,25602,0
5347,25602,0
5348,25602,0
5349,25602,0
5350,25602,0
5351,25602,0
5352,25602,0
5353,25602,0
5354,25602,0
5355,25602,0
5356,25602,0
5357,25602,0
5358,23933,1578
5359,22789,2724
5360,25602,0
5361,25576,24
5362,25602,0
5363,25602,0
5364,10718,20376
5365,25602,0
5366,25602,0
5367,25602,0
5368,25497,96
5369,24142,1374
5370,25602,0
5371,25602,0
5372,25576,24
5373,25602,0
5374,25602,0
5375,24598,936
5376,25602,0
5377,23688,1818
5378,25541,56
5379,25602,0
5380,25602,0
5381,25602,0
5382,25391,194
5383,25602,0
5384,25602,0
5385,25467,124
5386,2695,52684
5387,25602,0
5388,25602,0
5389,25602,0
5390,25602,0
5391,20098,5664
5392,25602,0
5393,25602,0
5394,25602,0
5395,25602,0
5396,25602,0
5397,25602,0
5398,25602,0
5399,25602,0
5400,25602,0
5401,25602,0
5402,25602,0
5403,25602,0
5404,25462,128
5405,25250,324
5406,25602,0
5407,25602,0
5408,25602,0
5409,25602,0
5410,25602,0
5411,25602,0
5412,25602,0
5413,25602,0
5414,25602,0
5415,25602,0
5416,25550,48
5417,25602,0
5418,25102,462
5419,24664,874
5420,25602,0
5421,25602,0
5422,25602,0
5423,25602,0
5424,25602,0
5425,25602,0
5426,24506,1024
5427,23581,1924
5428,25602,0
5429,24748,794
5430,18248,7924
5431,25572,28
5432,25497,96
5433,25602,0
5434,25602,0
5435,25602,0
5436,25602,0
5437,25602,0
5438,25602,0
5439,25602,0
5440,25602,0
5441,25602,0
5442,25602,0
5443,25602,0
5444,25545,52
5445,25602,0
5446,25576,24
5447,25602,0
5448,25602,0
5449,25602,0
5450,25602,0
5451,25602,0
5452,25550,48
5453,25602,0
5454,18553,7536
5455,25602,0
5456,25602,0
5457,25602,0
5458,25602,0
5459,25602,0
5460,25300,278
5461,25602,0
5462,25602,0
5463,24142,1374
5464,25602,0
5465,25602,0
5466,25602,0
5467,25602,0
5468,25602,0
5469,25602,0
5470,25602,0
5471,25576,24
5472,25602,0
5473,25602,0
5474,25602,0
5475,25602,0
5476,25602,0
5477,25602,0
5478,25602,0
5479,25602,0
5480,25602,0
5481,25602,0
5482,1,509696
5483,23937,1574
5484,25602,0
5485,25602,0
5486,25602,0
5487,25602,0
5488,25602,0
5489,25602,0
5490,25602,0
5491,25602,0
5492,25602,0
5493,25602,0
5494,25471,120
5495,25602,0
5496,25602,0
5497,25602,0
5498,25441,148
5499,25602,0
5500,24716,824
5501,25602,0
5502,25602,0
5503,25602,0
5504,25602,0
5505,25602,0
5506,22233,3302
5507,25602,0
5508,25602,0
5509,25602,0
5510,25602,0
5511,25602,0
5512,25602,0
5513,25602,0
5514,25602,0
5515,25576,24
5516,25602,0
5517,24818,728
5518,25076,486
5519,25602,0
5520,25602,0
5521,25519,76
5522,25602,0
5523,25602,0
5524,25602,0
5525,12956,15938
5526,25602,0
5527,25602,0
5528,25602,0
5529,25602,0
5530,25602,0
5531,19399,6492
5532,24708,832
5533,25602,0
5534,25602,0
5535,25602,0
5536,25602,0
5537,25602,0
5538,25602,0
5539,24992,564
5540,25602,0
5541,25315,264
5542,25602,0
5543,25602,0
5544,25602,0
5545,17443,8980
5546,25602,0
5547,25602,0
5548,25602,0
5549,25602,0
5550,25602,0
5551,25602,0
5552,25063,498
5553,25602,0
5554,25602,0
5555,25602,0
5556,25602,0
5557,25602,0
5558,25602,0
5559,25572,28
5560,25602,0
5561,25497,96
5562,25602,0
5563,25602,0
5564,25602,0
5565,25602,0
5566,25602,0
5567,25602,0
5568,25602,0
5569,25602,0
5570,25602,0
5571,25142,424
5572,25602,0
5573,25298,280
5574,25602,0
5575,25602,0
5576,25121,444
5577,1823,61822
5578,25602,0
5579,25602,0
5580,25541,56
5581,25602,0
5582,25602,0
5583,25550,48
5584,25576,24
5585,25602,0
5586,25602,0
5587,21528,4056
5588,25602,0
5589,25602,0
5590,25602,0
5591,25563,36
5592,24907,644
5593,25602,0
5594,23577,1928
5595,25602,0
5596,25602,0
5597,24630,906
5598,20546,5148
5599,24928,624
5600,25602,0
5601,24485,1044
5602,21011,4624
5603,25602,0
5604,25410,176
5605,25602,0
5606,25602,0
5607,25602,0
5608,25602,0
5609,25576,24
5610,24888,662
5611,25602,0
5612,25541,56
5613,25576,24
5614,25602,0
5615,25602,0
5616,25541,56
5617,25602,0
5618,25576,24
5619,25602,0
5620,24611,924
5621,25550,48
5622,25602,0
5623,25563,36
5624,22498,3024
5625,25602,0
5626,25602,0
5627,25602,0
5628,24903,648
5629,25602,0
5630,25602,0
5631,22485,3038
5632,25602,0
5633,25602,0
5634,23437,2068
5635,25602,0
5636,25308,270
5637,24797,748
5638,22498,3024
5639,25602,0
5640,25602,0
5641,25602,0
5642,25602,0
5643,25602,0
5644,25602,0
5645,25602,0
5646,15482,11770
5647,25602,0
5648,25445,144
5649,25602,0
5650,25602,0
5651,25602,0
5652,25602,0
5653,25602,0
5654,25484,108
5655,22498,3024
5656,25602,0
5657,25602,0
5658,25602,0
5659,25602,0
5660,25602,0
5661,25602,0
5662,25602,0
5663,25602,0
5664,25602,0
5665,25602,0
5666,25602,0
5667,25602,0
5668,25602,0
5669,16291,10578
5670,25602,0
5671,25602,0
5672,7198,29692
5673,24214,1304
5674,25602,0
5675,25602,0
5676,25602,0
5677,23481,2024
5678,25602,0
5679,25602,0
5680,25519,76
5681,25602,0
5682,25541,56
5683,25602,0
5684,22800,2712
5685,25602,0
5686,25602,0
5687,25541,56
5688,25117,448
5689,23381,2124
5690,25602,0
5691,25602,0
5692,25523,72
5693,25602,0
5694,25602,0
5695,25519,76
5696,25602,0
5697,25602,0
5698,25602,0
5699,25602,0
5700,25602,0
5701,25576,24
5702,16074,10892
5703,25371,212
5704,25602,0
5705,25602,0
5706,24737,804
5707,23784,1724
5708,25602,0
5709,25022,536
5710,25602,0
5711,25602,0
5712,25602,0
5713,24716,824
5714,25602,0
5715,25602,0
5716,25602,0
5717,25602,0
5718,25554,44
5719,25602,0
5720,25602,0
5721,25602,0
5722,25602,0
5723,25602,0
5724,25602,0
5725,25602,0
5726,25602,0
5727,25602,0
5728,25602,0
5729,25602,0
5730,25602,0
5731,25602,0
5732,25602,0
5733,25602,0
5734,25602,0
5735,25602,0
5736,25602,0
5737,21101,4524
5738,25602,0
5739,25602,0
5740,25358,224
5741,25602,0
5742,25602,0
5743,25602,0
5744,25142,424
5745,25602,0
5746,25602,0
5747,25602,0
5748,25602,0
5749,25602,0
5750,25602,0
5751,25576,24
5752,25332,248
5753,25602,0
5754,25602,0
5755,25602,0
5756,25602,0
5757,25602,0
5758,25602,0
5759,25602,0
5760,25602,0
5761,25602,0
5762,25602,0
5763,25602,0
5764,25602,0
5765,25602,0
5766,25602,0
5767,21700,3870
5768,25602,0
5769,25602,0
5770,25602,0
5771,25602,0
5772,25550,48
5773,25602,0
5774,25602,0
5775,25602,0
5776,25602,0
5777,25602,0
5778,19566,6292
5779,25602,0
5780,25173,396
5781,25602,0
5782,24988,568
5783,25602,0
5784,25602,0
5785,23703,1804
5786,25602,0
5787,25576,24
5788,25602,0
5789,25602,0
5790,25602,0
5791,25602,0
5792,23063,2444
5793,6487,32124
5794,25602,0
5795,25602,0
5796,25602,0
5797,25602,0
5798,25576,24
5799,25602,0
5800,25602,0
5801,25602,0
5802,23087,2420
5803,25602,0
5804,25563,36
5805,25602,0
5806,25602,0
5807,9008,24442
5808,25602,0
5809,25602,0
5810,23569,1936
5811,22025,3522
5812,25246,328
5813,25602,0
5814,25602,0
5815,25602,0
5816,25602,0
5817,25602,0
5818,25345,236
5819,25365,218
5820,25602,0
5821,25065,496
5822,25602,0
5823,25602,0
5824,25602,0
5825,25300,278
5826,25602,0
5827,25380,204
5828,25602,0
5829,25602,0
5830,25541,56
5831,25602,0
5832,25602,0
5833,25602,0
5834,25602,0
5835,25602,0
5836,25602,0
5837,25602,0
5838,25602,0
5839,25602,0
5840,25602,0
5841,25602,0
5842,20072,5694
5843,25602,0
5844,25602,0
5845,25602,0
5846,25602,0
5847,25602,0
5848,25602,0
5849,25185,384
5850,20356,5366
5851,22315,3216
5852,25602,0
5853,25602,0
5854,25354,228
5855,25602,0
5856,25602,0
5857,25602,0
5858,25495,98
5859,25602,0
5860,25602,0
5861,25602,0
5862,25602,0
5863,25602,0
5864,25602,0
5865,25602,0
5866,21509,4076
5867,25192,378
5868,25602,0
5869,23733,1774
5870,25602,0
5871,25602,0
5872,25246,328
5873,25602,0
5874,25602,0
5875,25602,0
5876,25142,424
5877,25563,36
5878,25602,0
5879,23967,1544
5880,25602,0
5881,25563,36
5882,25576,24
5883,25602,0
5884,23481,2024
5885,25602,0
5886,25602,0
5887,16848,9792
5888,25352,230
5889,25602,0
5890,25602,0
5891,25602,0
5892,17505,8896
5893,22789,2724
5894,25515,80
5895,25602,0
5896,25602,0
5897,25602,0
5898,25602,0
5899,25602,0
5900,25602,0
5901,25602,0
5902,25602,0
5903,25602,0
5904,23963,1548
5905,25563,36
5906,25602,0
5907,25602,0
5908,24163,1354
5909,25602,0
5910,25602,0
5911,25337,244
5912,25602,0
5913,25602,0
5914,25602,0
5915,25602,0
5916,25602,0
5917,16540,10224
5918,25602,0
5919,25602,0
5920,25229,344
5921,25602,0
5922,25602,0
5923,25142,424
5924,25602,0
5925,25602,0
5926,24729,812
5927,25602,0
5928,25432,156
5929,25572,28
5930,25576,24
5931,25602,0
5932,25602,0
5933,25602,0
5934,25602,0
5935,25602,0
5936,25602,0
5937,25602,0
5938,25602,0
5939,25602,0
5940,25602,0
5941,25602,0
5942,25602,0
5943,25602,0
5944,25602,0
5945,25602,0
5946,25602,0
5947,25602,0
5948,25602,0
5949,25602,0
5950,25528,68
5951,25602,0
5952,25602,0
5953,25428,160
5954,23682,1824
5955,25602,0
5956,25602,0
5957,25602,0
5958,25130,436
5959,25602,0
5960,25602,0
5961,17039,9528
5962,25602,0
5963,25602,0
5964,25602,0
5965,24245,1274
5966,25399,186
5967,25602,0
5968,25576,24
5969,25572,28
5970,25602,0
5971,25602,0
5972,14935,12612
5973,25602,0
5974,20911,4736
5975,6757,31172
5976,25602,0
5977,25602,0
5978,25602,0
5979,25602,0
5980,23213,2292
5981,25602,0
5982,25216,356
5983,25602,0
5984,25602,0
5985,25523,72
5986,25489,104
5987,25602,0
5988,25602,0
5989,25602,0
5990,25602,0
5991,25602,0
5992,25602,0
5993,25602,0
5994,25602,0
5995,25602,0
5996,25576,24
5997,25602,0
5998,25602,0
5999,25602,0
6000,25602,0
6001,25602,0
6002,25602,0
6003,25602,0
6004,25602,0
6005,25194,376
6006,24401,1124
6007,25602,0
6008,25602,0
6009,25602,0
6010,25602,0
6011,25602,0
6012,25576,24
6013,25602,0
6014,25602,0
6015,25602,0
6016,25602,0
6017,21923,3630
6018,25497,96
6019,25602,0
6020,25602,0
6021,24297,1224
6022,24769,774
6023,25576,24
6024,8339,26248
6025,25495,98
6026,25602,0
6027,25602,0
6028,25602,0
6029,23988,1524
6030,25602,0
6031,25602,0
6032,25602,0
6033,25602,0
6034,25602,0
6035,25231,342
6036,25602,0
6037,25602,0
6038,24818,728
6039,25602,0
6040,25121,444
6041,25602,0
6042,25229,344
6043,25095,468
6044,23705,1802
6045,25602,0
6046,25602,0
6047,25602,0
6048,25602,0
6049,25602,0
6050,351,100372
6051,25602,0
6052,25602,0
6053,25602,0
6054,25602,0
6055,23822,1686
6056,19317,6592
6057,24995,562
6058,25602,0
6059,25602,0
6060,25602,0
6061,25550,48
6062,25602,0
6063,25602,0
6064,25602,0
6065,25602,0
6066,25602,0
6067,25602,0
6068,25602,0
6069,25602,0
6070,25602,0
6071,25602,0
6072,23988,1524
6073,25602,0
6074,25602,0
6075,25602,0
6076,25602,0
6077,25602,0
6078,25602,0
6079,25602,0
6080,25602,0
6081,25602,0
6082,25602,0
6083,25602,0
6084,25602,0
6085,25602,0
6086,25602,0
6087,25576,24
6088,25602,0
6089,25602,0
6090,24293,1228
6091,25602,0
6092,25602,0
6093,25576,24
6094,25602,0
6095,25602,0
6096,25602,0
6097,25602,0
6098,25602,0
6099,25602,0
6100,25602,0
6101,25224,348
6102,25515,80
6103,25602,0
6104,25576,24
6105,23884,1626
6106,25602,0
6107,25602,0
6108,25602,0
6109,24935,618
6110,25602,0
6111,25602,0
6112,25602,0
6113,25602,0
6114,25576,24
6115,25602,0
6116,25602,0
6117,25602,0
6118,25576,24
6119,25602,0
6120,25602,0
6121,25523,72
6122,25602,0
6123,24285,1236
6124,25602,0
6125,25602,0
6126,25602,0
6127,25602,0
6128,25602,0
6129,25602,0
6130,25602,0
6131,25602,0
6132,25602,0
6133,24980,576
6134,25602,0
6135,25602,0
6136,25602,0
6137,25602,0
6138,25602,0
6139,25602,0
6140,25489,104
6141,25602,0
6142,25602,0
6143,25576,24
6144,25602,0
6145,25602,0
6146,24091,1424
6147,25576,24
6148,25602,0
6149,25576,24
6150,25576,24
6151,25602,0
6152,17410,9024
6153,25602,0
6154,25602,0
6155,25602,0
6156,25226,346
6157,25602,0
6158,25602,0
6159,25602,0
6160,25602,0
6161,25602,0
6162,25602,0
6163,25602,0
6164,25602,0
6165,24460,1068
6166,25602,0
6167,25576,24
6168,20326,5400
6169,25602,0
6170,25602,0
6171,25602,0
6172,25497,96
6173,25192,378
6174,25168,400
6175,25602,0
6176,25602,0
6177,25602,0
6178,25602,0
6179,25602,0
6180,25602,0
6181,25576,24
6182,25602,0
6183,25602,0
6184,25576,24
6185,25602,0
6186,25602,0
6187,24822,724
6188,25278,298
6189,23877,1632
6190,23700,1806
6191,25602,0
6192,25602,0
6193,19529,6336
6194,25602,0
6195,25602,0
6196,25602,0
6197,24924,628
6198,25602,0
6199,25602,0
6200,24977,578
6201,25602,0
6202,25602,0
6203,25602,0
6204,25602,0
6205,24716,824
6206,25602,0
6207,25602,0
6208,22402,3124
6209,25602,0
6210,25602,0
6211,25572,28
6212,3827,44472
6213,25602,0
6214,25602,0
6215,25602,0
6216,23081,2426
6217,25602,0
6218,23477,2028
6219,25602,0
6220,24691,848
6221,25602,0
6222,25602,0
6223,25602,0
6224,25602,0
6225,25602,0
6226,25602,0
6227,25084,478
6228,25602,0
6229,25602,0
6230,25602,0
6231,25602,0
6232,24017,1496
6233,25602,0
6234,25602,0
6235,20330,5396
6236,25602,0
6237,24640,896
6238,22238,3296
6239,25602,0
6240,25602,0
6241,25602,0
6242,25602,0
6243,25602,0
6244,25602,0
6245,25602,0
6246,25602,0
6247,25602,0
6248,25602,0
6249,25602,0
6250,25602,0
6251,25602,0
6252,25010,548
6253,25602,0
6254,25602,0
6255,25602,0
6256,25602,0
6257,25282,294
6258,25602,0
6259,25602,0
6260,25602,0
6261,25035,524
6262,25602,0
6263,25602,0
6264,19546,6316
6265,25602,0
6266,25602,0
6267,25602,0
6268,25602,0
6269,25602,0
6270,25602,0
6271,25602,0
6272,25602,0
6273,25602,0
6274,25602,0
6275,25602,0
6276,25602,0
6277,2625,53296
6278,25602,0
6279,25602,0
6280,25270,306
6281,25602,0
6282,25317,262
6283,25602,0
6284,25602,0
6285,25602,0
6286,25602,0
6287,25602,0
6288,25602,0
6289,25602,0
6290,25602,0
6291,25602,0
6292,25602,0
6293,25602,0
6294,25602,0
6295,25602,0
6296,25602,0
6297,21806,3756
6298,25602,0
6299,25602,0
6300,22892,2618
6301,25602,0
6302,25602,0
6303,25602,0
6304,25602,0
6305,25602,0
6306,22742,2772
6307,25602,0
6308,25550,48
6309,25576,24
6310,25602,0
6311,25602,0
6312,25602,0
6313,25602,0
6314,25602,0
6315,25602,0
6316,25602,0
6317,25602,0
6318,24744,798
6319,25602,0
6320,25602,0
6321,22863,2648
6322,9374,23510
6323,25602,0
6324,25224,348
6325,25602,0
6326,25602,0
6327,25602,0
6328,25602,0
6329,25602,0
6330,25602,0
6331,25602,0
6332,25602,0
6333,25602,0
6334,25602,0
6335,25602,0
6336,24401,1124
6337,25602,0
6338,25602,0
6339,25602,0
6340,25602,0
6341,23886,1624
6342,25602,0
6343,25572,28
6344,25602,0
6345,25304,274
6346,25602,0
6347,25602,0
6348,25097,466
6349,24045,1468
6350,25602,0
6351,21722,3846
6352,25216,356
6353,25602,0
6354,25602,0
6355,25602,0
6356,25602,0
6357,25602,0
6358,25602,0
6359,25602,0
6360,25602,0
6361,25602,0
6362,25602,0
6363,25602,0
6364,19270,6648
6365,25602,0
6366,24818,728
6367,25602,0
6368,25576,24
6369,25602,0
6370,25602,0
6371,25602,0
6372,25602,0
6373,25502,92
6374,25602,0
6375,25602,0
6376,25602,0
6377,22996,2512
6378,25602,0
6379,25602,0
6380,25602,0
6381,25602,0
6382,22875,2636
6383,25602,0
6384,25602,0
6385,25602,0
6386,25602,0
6387,25602,0
6388,25602,0
6389,23393,2112
6390,25602,0
6391,25602,0
6392,25602,0
6393,25602,0
6394,25602,0
6395,25550,48
6396,25602,0
6397,25602,0
6398,25602,0
6399,25602,0
6400,25576,24
6401,25602,0
6402,25602,0
6403,23784,1724
6404,25602,0
6405,25602,0
6406,25602,0
6407,25393,192
6408,2498,54456
6409,24903,648
6410,25602,0
6411,25602,0
6412,24822,724
6413,25602,0
6414,25602,0
6415,25602,0
6416,25572,28
6417,25602,0
6418,25602,0
6419,25602,0
6420,25602,0
6421,25602,0
6422,25602,0
6423,25602,0
6424,25035,524
6425,25602,0
6426,25602,0
6427,25602,0
6428,25576,24
6429,25602,0
6430,25572,28
6431,25576,24
6432,25602,0
6433,25602,0
6434,25602,0
6435,25602,0
6436,25602,0
6437,25602,0
6438,25602,0
6439,25246,328
6440,25602,0
6441,25602,0
6442,25602,0
6443,25602,0
6444,25602,0
6445,25523,72
6446,25602,0
6447,25602,0
6448,25010,548
6449,25602,0
6450,25602,0
6451,25602,0
6452,25602,0
6453,25602,0
6454,25602,0
6455,25602,0
6456,25602,0
6457,25462,128
6458,25550,48
6459,25602,0
6460,25602,0
6461,25576,24
6462,25602,0
6463,25602,0
6464,25602,0
6465,25602,0
6466,25602,0
6467,24712,828
6468,25602,0
6469,25602,0
6470,25602,0
6471,25035,524
6472,25602,0
6473,25602,0
6474,25602,0
6475,25602,0
6476,24590,944
6477,25602,0
6478,25602,0
6479,25497,96
6480,25602,0
6481,25602,0
6482,24243,1276
6483,25521,74
6484,25602,0
6485,25602,0
6486,25602,0
6487,25602,0
6488,25602,0
6489,8256,26484
6490,25602,0
6491,25602,0
6492,4319,41644
6493,25602,0
6494,24854,694
6495,25602,0
6496,25476,116
6497,25602,0
6498,25602,0
6499,21662,3910
6500,25602,0
6501,25117,448
6502,25602,0
6503,25602,0
6504,25602,0
6505,25602,0
6506,25602,0
6507,25602,0
6508,25602,0
6509,21886,3670
6510,25343,238
6511,25602,0
6512,24907,644
6513,24385,1140
6514,25602,0
6515,25602,0
6516,25602,0
6517,25602,0
6518,25602,0
6519,25576,24
6520,25602,0
6521,25602,0
6522,25523,72
6523,25602,0
6524,25602,0
6525,25602,0
6526,25602,0
6527,19744,6080
6528,25602,0
6529,25602,0
6530,25602,0
6531,25602,0
6532,25602,0
6533,25602,0
6534,25602,0
6535,25602,0
6536,25602,0
6537,25602,0
6538,25602,0
6539,20048,5722
6540,25602,0
6541,25602,0
6542,25602,0
6543,25602,0
6544,15546,11674
6545,25602,0
6546,25602,0
6547,23437,2068
6548,25602,0
6549,25458,132
6550,25602,0
6551,25602,0
6552,25246,328
6553,25602,0
6554,25602,0
6555,25602,0
6556,25419,168
6557,25602,0
6558,25602,0
6559,25602,0
6560,25602,0
6561,25495,98
6562,25602,0
6563,25458,132
6564,25602,0
6565,25602,0
6566,25602,0
6567,25602,0
6568,25602,0
6569,25602,0
6570,25602,0
6571,24095,1420
6572,25602,0
6573,25602,0
6574,25602,0
6575,25602,0
6576,25602,0
6577,24383,1142
6578,25602,0
6579,25602,0
6580,25602,0
6581,25602,0
6582,25602,0
6583,25523,72
6584,25572,28
6585,25602,0
6586,25602,0
6587,25602,0
6588,25602,0
6589,25602,0
6590,25602,0
6591,25602,0
6592,25602,0
6593,25602,0
6594,25602,0
6595,25602,0
6596,25602,0
6597,23881,1628
6598,25602,0
6599,25602,0
6600,25602,0
6601,25602,0
6602,781,81654
6603,25602,0
6604,25602,0
6605,25602,0
6606,25602,0
6607,25602,0
6608,25602,0
6609,25602,0
6610,25602,0
6611,25602,0
6612,25602,0
6613,25602,0
6614,25602,0
6615,25250,324
6616,25515,80
6617,25602,0
6618,25602,0
6619,25602,0
6620,25602,0
6621,25602,0
6622,25602,0
6623,25602,0
6624,21414,4180
6625,25602,0
6626,23441,2064
6627,25602,0
6628,25602,0
6629,25602,0
6630,23988,1524
6631,25602,0
6632,25602,0
6633,25602,0
6634,25602,0
6635,25602,0
6636,25602,0
6637,25602,0
6638,25602,0
6639,25602,0
6640,25602,0
6641,25602,0
6642,25358,224
6643,25602,0
6644,24809,736
6645,25602,0
6646,25602,0
6647,23477,2028
6648,25602,0
6649,25602,0
6650,25602,0
6651,25550,48
6652,25602,0
6653,25602,0
6654,25014,544
6655,25602,0
6656,21471,4118
6657,25602,0
6658,24161,1356
6659,23682,1824
6660,25602,0
6661,25602,0
6662,23493,2012
6663,24565,968
6664,25602,0
6665,25602,0
6666,17795,8512
6667,25602,0
6668,25545,52
6669,24928,624
6670,25602,0
6671,25602,0
6672,25602,0
6673,25602,0
6674,25576,24
6675,25602,0
6676,25602,0
6677,25602,0
6678,25358,224
6679,25602,0
6680,25602,0
6681,25602,0
6682,22456,3068
6683,25250,324
6684,25602,0
6685,25602,0
6686,25497,96
6687,25563,36
6688,25089,474
6689,25602,0
6690,25602,0
6691,25602,0
6692,25142,424
6693,23567,1938
6694,25602,0
6695,24272,1248
6696,25602,0
6697,25602,0
6698,23886,1624
6699,25602,0
6700,25602,0
6701,21092,4534
6702,25602,0
6703,25602,0
6704,25523,72
6705,25602,0
6706,25412,174
6707,25602,0
6708,25602,0
6709,25602,0
6710,25602,0
6711,25602,0
6712,25602,0
6713,25602,0
6714,25602,0
6715,25229,344
6716,24272,1248
6717,25602,0
6718,25602,0
6719,25602,0
6720,25602,0
6721,25138,428
6722,24756,786
6723,24235,1284
6724,25602,0
6725,25602,0
6726,25602,0
6727,9989,22024
6728,25602,0
6729,24080,1434
6730,25602,0
6731,25602,0
6732,25602,0
6733,25602,0
6734,25602,0
6735,25602,0
6736,25602,0
6737,25602,0
6738,25602,0
6739,25602,0
6740,25602,0
6741,25121,444
6742,24716,824
6743,24306,1216
6744,25602,0
6745,25602,0
6746,25602,0
6747,25602,0
6748,25602,0
6749,25602,0
6750,25602,0
6751,25602,0
6752,24194,1324
6753,25602,0
6754,25576,24
6755,23158,2348
6756,25602,0
6757,25602,0
6758,23138,2368
6759,25602,0
6760,25602,0
6761,25069,492
6762,25602,0
6763,25602,0
6764,25602,0
6765,338,101280
6766,25602,0
6767,25602,0
6768,25602,0
6769,25602,0
6770,25602,0
6771,25602,0
6772,25602,0
6773,25602,0
6774,25602,0
6775,25602,0
6776,25602,0
6777,25602,0
6778,25602,0
6779,25602,0
6780,25576,24
6781,25602,0
6782,25602,0
6783,15660,11502
6784,25602,0
6785,25554,44
6786,25602,0
6787,25602,0
6788,24531,1000
6789,25602,0
6790,25602,0
6791,25602,0
6792,25602,0
6793,25602,0
6794,25602,0
6795,25602,0
6796,25602,0
6797,22705,2810
6798,25602,0
6799,25602,0
6800,25602,0
6801,25602,0
6802,23461,2044
6803,25602,0
6804,25602,0
6805,25497,96
6806,19320,6588
6807,25602,0
6808,23289,2216
6809,25602,0
6810,25602,0
6811,17659,8692
6812,25602,0
6813,21440,4152
6814,25602,0
6815,25484,108
6816,25602,0
6817,25602,0
6818,25563,36
6819,25602,0
6820,25602,0
6821,25010,548
6822,25602,0
6823,25412,174
6824,25602,0
6825,15564,11646
6826,21087,4540
6827,25602,0
6828,25602,0
6829,25602,0
6830,25576,24
6831,25541,56
6832,25602,0
6833,25602,0
6834,25602,0
6835,25602,0
6836,24017,1496
6837,23912,1598
6838,24714,826
6839,25602,0
6840,20655,5024
6841,25602,0
6842,25602,0
6843,25602,0
6844,25602,0
6845,17496,8908
6846,25602,0
6847,25602,0
6848,25602,0
6849,25602,0
6850,24621,914
6851,25602,0
6852,24447,1080
6853,25541,56
6854,25602,0
6855,25602,0
6856,24769,774
6857,25602,0
6858,25602,0
6859,25602,0
6860,25602,0
6861,25602,0
6862,25576,24
6863,25602,0
6864,25602,0
6865,25602,0
6866,24792,752
6867,25302,276
6868,12902,16036
6869,25602,0
6870,25602,0
6871,25602,0
6872,25576,24
6873,25602,0
6874,25602,0
6875,25035,524
6876,25515,80
6877,25602,0
6878,25602,0
6879,25602,0
6880,25602,0
6881,25602,0
6882,25602,0
6883,24704,836
6884,25350,232
6885,25602,0
6886,25602,0
6887,25602,0
6888,25602,0
6889,25602,0
6890,25576,24
6891,25602,0
6892,25602,0
6893,25602,0
6894,25602,0
6895,25602,0
6896,25602,0
6897,25602,0
6898,25602,0
6899,24982,574
6900,25602,0
6901,25602,0
6902,25602,0
6903,25602,0
6904,25602,0
6905,25142,424
6906,25476,116
6907,25550,48
6908,23959,1552
6909,25602,0
6910,22355,3174
6911,25602,0
6912,25602,0
6913,25602,0
6914,25576,24
6915,25602,0
6916,25602,0
6917,25602,0
6918,22402,3124
6919,25602,0
6920,25274,302
6921,25576,24
6922,25602,0
6923,25602,0
6924,24039,1474
6925,25602,0
6926,25602,0
6927,25089,474
6928,25602,0
6929,25602,0
6930,25602,0
6931,22808,2704
6932,24960,594
6933,25572,28
6934,25602,0
6935,25602,0
6936,25602,0
6937,25602,0
6938,25300,278
6939,25602,0
6940,25602,0
6941,25419,168
6942,25602,0
6943,25602,0
6944,25602,0
6945,25602,0
6946,25250,324
6947,25602,0
6948,25602,0
6949,25602,0
6950,25602,0
6951,25010,548
6952,25602,0
6953,25602,0
6954,25602,0
6955,25602,0
6956,25415,172
6957,25602,0
6958,25602,0
6959,21949,3602
6960,25602,0
6961,25602,0
6962,25602,0
6963,25602,0
6964,25602,0
6965,24712,828
6966,23772,1736
6967,18170,8024
6968,25602,0
6969,25602,0
6970,25572,28
6971,25602,0
6972,25602,0
6973,25412,174
6974,25602,0
6975,25602,0
6976,25572,28
6977,24619,916
6978,25602,0
6979,25602,0
6980,24468,1060
6981,25602,0
6982,25602,0
6983,25602,0
6984,25602,0
6985,19849,5956
6986,25602,0
6987,25602,0
6988,25602,0
6989,25602,0
6990,18952,7038
6991,25602,0
6992,25602,0
6993,25602,0
6994,25602,0
6995,25602,0
6996,25602,0
6997,23784,1724
6998,25602,0
6999,25602,0
7000,25602,0
7001,25602,0
7002,25602,0
7003,25576,24
7004,25248,326
7005,25602,0
7006,25563,36
7007,25121,444
7008,25602,0
7009,25602,0
7010,25602,0
7011,25010,548
7012,25602,0
7013,25602,0
7014,20459,5248
7015,25602,0
7016,25602,0
7017,25602,0
7018,25541,56
7019,25602,0
7020,25602,0
7021,24670,868
7022,25602,0
7023,25572,28
7024,25602,0
7025,25602,0
7026,25602,0
7027,25602,0
7028,25436,152
7029,25602,0
7030,25602,0
7031,25035,524
7032,25602,0
7033,25602,0
7034,19690,6144
7035,25602,0
7036,21310,4294
7037,25602,0
7038,25602,0
7039,25550,48
7040,25602,0
7041,25602,0
7042,25563,36
7043,25602,0
7044,25602,0
7045,25473,118
7046,25602,0
7047,25602,0
7048,25304,274
7049,25576,24
7050,25602,0
7051,25602,0
7052,25602,0
7053,3000,50172
7054,25454,136
7055,25602,0
7056,25602,0
7057,25602,0
7058,22837,2674
7059,25602,0
7060,23898,1612
7061,25480,112
7062,25602,0
7063,25602,0
7064,25602,0
7065,7306,29344
7066,25602,0
7067,25602,0
7068,25602,0
7069,25602,0
7070,25602,0
7071,25602,0
7072,25602,0
7073,25602,0
7074,25602,0
7075,25572,28
7076,25602,0
7077,25602,0
7078,25602,0
7079,25602,0
7080,23108,2398
7081,25602,0
7082,25602,0
7083,24988,568
7084,25602,0
7085,25332,248
7086,25602,0
7087,25602,0
7088,25602,0
7089,25602,0
7090,25602,0
7091,25602,0
7092,23287,2218
7093,24982,574
7094,23515,1990
7095,23063,2444
7096,25602,0
7097,25602,0
7098,23477,2028
7099,25602,0
7100,25602,0
7101,25602,0
7102,25602,0
7103,25532,64
7104,25602,0
7105,25602,0
7106,25554,44
7107,25602,0
7108,25602,0
7109,25602,0
7110,25332,248
7111,25602,0
7112,25602,0
7113,25602,0
7114,25035,524
7115,25042,518
7116,23457,2048
7117,25602,0
7118,25602,0
7119,25246,328
7120,25602,0
7121,25602,0
7122,25602,0
7123,25602,0
7124,25602,0
7125,25602,0
7126,25602,0
7127,25602,0
7128,25602,0
7129,25602,0
7130,25602,0
7131,25576,24
7132,25602,0
7133,25602,0
7134,25602,0
7135,25602,0
7136,25602,0
7137,24871,678
7138,25602,0
7139,25550,48
7140,25602,0
7141,24809,736
7142,23162,2344
7143,25602,0
7144,22311,3220
7145,25229,344
7146,25510,84
7147,25602,0
7148,25602,0
7149,25602,0
7150,25602,0
7151,25089,474
7152,25602,0
7153,24483,1046
7154,25602,0
7155,23381,2124
7156,25602,0
7157,25602,0
7158,25532,64
7159,25602,0
7160,25602,0
7161,23761,1746
7162,25602,0
7163,25602,0
7164,23800,1708
7165,25602,0
7166,25602,0
7167,25602,0
7168,25602,0
7169,25602,0
7170,25602,0
7171,25341,240
7172,25602,0
7173,25602,0
7174,25602,0
7175,18984,6998
7176,24963,592
7177,25572,28
7178,25576,24
7179,25196,374
7180,25602,0
7181,24223,1296
7182,25602,0
7183,25515,80
7184,25602,0
7185,24716,824
7186,25602,0
7187,25602,0
7188,25602,0
7189,25602,0
7190,25602,0
7191,25602,0
7192,25602,0
7193,25602,0
7194,25602,0
7195,25602,0
7196,22334,3196
7197,25404,182
7198,25602,0
7199,25602,0
7200,25602,0
7201,25602,0
7202,25602,0
7203,25484,108
7204,25602,0
7205,25602,0
7206,25602,0
7207,25602,0
7208,25602,0
7209,22424,3102
7210,25602,0
7211,25602,0
7212,25602,0
7213,25602,0
7214,25454,136
7215,25602,0
7216,25602,0
7217,25572,28
7218,25602,0
7219,25602,0
7220,25602,0
7221,25602,0
7222,25602,0
7223,25602,0
7224,25602,0
7225,25602,0
7226,25602,0
7227,25576,24
7228,25602,0
7229,25602,0
7230,24924,628
7231,24326,1196
7232,25602,0
7233,25534,62
7234,20371,5348
7235,25602,0
7236,25550,48
7237,25602,0
7238,25602,0
7239,25602,0
7240,25602,0
7241,25602,0
7242,25602,0
7243,25602,0
7244,25602,0
7245,25602,0
7246,25602,0
7247,25237,336
7248,25602,0
7249,25602,0
7250,25602,0
7251,25576,24
7252,25602,0
7253,25572,28
7254,22303,3228
7255,25602,0
7256,25602,0
7257,2886,51080
7258,25602,0
7259,25572,28
7260,24928,624
7261,25602,0
7262,25602,0
7263,25602,0
7264,25419,168
7265,25602,0
7266,24401,1124
7267,25602,0
7268,24456,1072
7269,25602,0
7270,25084,478
7271,25142,424
7272,25602,0
7273,25602,0
7274,25576,24
7275,23307,2198
7276,25602,0
7277,25602,0
7278,25602,0
7279,25602,0
7280,25602,0
7281,25550,48
7282,25602,0
7283,25602,0
7284,25602,0
7285,21611,3966
7286,25602,0
7287,25602,0
7288,25602,0
7289,25602,0
7290,25602,0
7291,25602,0
7292,25602,0
7293,25602,0
7294,25602,0
7295,25602,0
7296,25602,0
7297,25602,0
7298,25602,0
7299,25602,0
7300,25602,0
7301,25602,0
7302,25602,0
7303,25602,0
7304,25602,0
7305,25602,0
7306,23126,2380
7307,23079,2428
7308,25602,0
7309,23407,2098
7310,25602,0
7311,25602,0
7312,25602,0
7313,25572,28
7314,25602,0
7315,25550,48
7316,25550,48
7317,25602,0
7318,25602,0
7319,17532,8860
7320,25602,0
7321,25602,0
7322,25602,0
7323,25602,0
7324,25602,0
7325,25602,0
7326,17514,8884
7327,15583,11618
7328,25602,0
7329,25602,0
7330,21965,3586
7331,25602,0
7332,25602,0
7333,25602,0
7334,24169,1348
7335,25534,62
7336,25602,0
7337,25602,0
7338,25602,0
7339,25602,0
7340,25602,0
7341,25602,0
7342,25602,0
7343,25602,0
7344,23101,2406
7345,25572,28
7346,212,112210
7347,25602,0
7348,24607,928
7349,25602,0
7350,25602,0
7351,25602,0
7352,14571,13190
7353,19613,6236
7354,25602,0
7355,25572,28
7356,25602,0
7357,23886,1624
7358,25010,548
7359,25121,444
7360,25602,0
7361,25602,0
7362,25602,0
7363,25445,144
7364,25576,24
7365,25576,24
7366,25550,48
7367,25602,0
7368,23277,2228
7369,24623,912
7370,23541,1964
7371,25602,0
7372,25602,0
7373,25563,36
7374,25014,544
7375,25602,0
7376,24963,592
7377,25173,396
7378,25602,0
7379,23682,1824
7380,25602,0
7381,25602,0
7382,25602,0
7383,25602,0
7384,25010,548
7385,25602,0
7386,25602,0
7387,25602,0
7388,3006,50124
7389,25602,0
7390,25602,0
7391,25602,0
7392,25602,0
7393,25602,0
7394,25602,0
7395,25602,0
7396,24894,656
7397,25602,0
7398,25602,0
7399,25602,0
7400,25602,0
7401,25602,0
7402,25602,0
7403,25010,548
7404,25602,0
7405,14783,12852
7406,22212,3324
7407,25602,0
7408,25602,0
7409,25602,0
7410,25602,0
7411,5628,35448
7412,25602,0
7413,24850,698
7414,25602,0
7415,25602,0
7416,24695,844
7417,25602,0
7418,25602,0
7419,25602,0
7420,25602,0
7421,25602,0
7422,25602,0
7423,25602,0
7424,25576,24
7425,25497,96
7426,25602,0
7427,25441,148
7428,25602,0
7429,25576,24
7430,25602,0
7431,25602,0
7432,25602,0
7433,25602,0
7434,25602,0
7435,25602,0
7436,25224,348
7437,25602,0
7438,23569,1936
7439,25602,0
7440,25499,94
7441,25602,0
7442,25602,0
7443,24818,728
7444,25602,0
7445,25216,356
7446,24318,1204
7447,25602,0
7448,25602,0
7449,25602,0
7450,25602,0
7451,25602,0
7452,25602,0
7453,25602,0
7454,25602,0
7455,25602,0
7456,25602,0
7457,25602,0
7458,25602,0
7459,25602,0
7460,25602,0
7461,25602,0
7462,25602,0
7463,24850,698
7464,25602,0
7465,25602,0
7466,25602,0
7467,25602,0
7468,25602,0
7469,25602,0
7470,25602,0
7471,25602,0
7472,25602,0
7473,25576,24
7474,25602,0
7475,25602,0
7476,23431,2074
7477,25602,0
7478,25602,0
7479,25602,0
7480,25602,0
7481,25602,0
7482,25602,0
7483,25602,0
7484,25602,0
7485,25602,0
7486,25602,0
7487,25602,0
7488,25602,0
7489,25602,0
7490,25602,0
7491,25550,48
7492,25602,0
7493,25602,0
7494,25602,0
7495,25602,0
7496,25602,0
7497,25602,0
7498,25602,0
7499,25602,0
7500,25602,0
7501,24963,592
7502,25602,0
7503,25389,196
7504,25602,0
7505,23569,1936
7506,25550,48
7507,25523,72
7508,23557,1948
7509,25572,28
7510,25602,0
7511,23571,1934
7512,25602,0
7513,25602,0
7514,21554,4028
7515,24769,774
7516,25602,0
7517,25602,0
7518,22935,2574
7519,25602,0
7520,25602,0
7521,25602,0
7522,24809,736
7523,25602,0
7524,25602,0
7525,25602,0
7526,25519,76
7527,25602,0
7528,25602,0
7529,25602,0
7530,25602,0
7531,25602,0
7532,22886,2624
7533,25602,0
7534,25602,0
7535,25602,0
7536,25602,0
7537,25602,0
7538,25602,0
7539,25602,0
7540,25515,80
7541,17008,9570
7542,25602,0
7543,25602,0
7544,25602,0
7545,25563,36
7546,25602,0
7547,25602,0
7548,25602,0
7549,25602,0
7550,25602,0
7551,25602,0
7552,25602,0
7553,25602,0
7554,25602,0
7555,25602,0
7556,25541,56
7557,24272,1248
7558,25602,0
7559,25602,0
7560,25602,0
7561,25602,0
7562,25602,0
7563,25576,24
7564,25602,0
7565,25602,0
7566,25602,0
7567,25602,0
7568,24882,668
7569,25602,0
7570,25572,28
7571,25602,0
7572,23988,1524
7573,25602,0
7574,25602,0
7575,25602,0
7576,25602,0
7577,25602,0
7578,24611,924
7579,25602,0
7580,25602,0
7581,25602,0
7582,25576,24
7583,25602,0
7584,25602,0
7585,25602,0
7586,25602,0
7587,25602,0
7588,25602,0
7589,25550,48
7590,25480,112
7591,25602,0
7592,25602,0
7593,25441,148
7594,22212,3324
7595,25602,0
7596,25602,0
7597,25602,0
7598,25602,0
7599,23735,1772
7600,25602,0
7601,25602,0
7602,25602,0
7603,24148,1368
7604,25602,0
7605,25508,86
7606,25602,0
7607,24822,724
7608,25602,0
7609,25602,0
7610,25602,0
7611,25541,56
7612,25602,0
7613,25602,0
7614,25576,24
7615,25602,0
7616,25602,0
7617,25602,0
7618,25602,0
7619,25602,0
7620,25602,0
7621,25602,0
7622,25576,24
7623,25602,0
7624,25602,0
7625,25602,0
7626,25602,0
7627,25602,0
7628,25602,0
7629,25602,0
7630,16280,10594
7631,25602,0
7632,25130,436
7633,25602,0
7634,16040,10942
7635,25602,0
7636,25602,0
7637,25602,0
7638,25602,0
7639,25550,48
7640,25602,0
7641,22789,2724
7642,25602,0
7643,25602,0
7644,24590,944
7645,25602,0
7646,22798,2714
7647,25602,0
7648,25602,0
7649,24533,998
7650,25602,0
7651,25602,0
7652,25602,0
7653,25602,0
7654,25602,0
7655,25449,140
7656,24710,830
7657,25519,76
7658,25602,0
7659,25602,0
7660,25602,0
7661,25602,0
7662,25602,0
7663,25602,0
7664,21055,4576
7665,25602,0
7666,25602,0
7667,25554,44
7668,25602,0
7669,25602,0
7670,25602,0
7671,24822,724
7672,25602,0
7673,25602,0
7674,25602,0
7675,25602,0
7676,25602,0
7677,25602,0
7678,25602,0
7679,24091,1424
7680,25550,48
7681,25602,0
7682,25602,0
7683,25602,0
7684,25602,0
7685,25602,0
7686,25519,76
7687,25602,0
7688,25602,0
7689,24148,1368
7690,22420,3106
7691,25576,24
7692,25063,498
7693,25602,0
7694,25602,0
7695,25602,0
7696,25602,0
7697,25602,0
7698,25602,0
7699,25602,0
7700,25602,0
7701,25550,48
7702,25602,0
7703,15682,11470
7704,25602,0
7705,25602,0
7706,25602,0
7707,25602,0
7708,25602,0
7709,24822,724
7710,24297,1224
7711,25602,0
7712,23881,1628
7713,25602,0
7714,25602,0
7715,3019,50024
7716,9325,23634
7717,25602,0
7718,25550,48
7719,25602,0
7720,25602,0
7721,25602,0
7722,25246,328
7723,25602,0
7724,25602,0
7725,25602,0
7726,25602,0
7727,25550,48
7728,25602,0
7729,25602,0
7730,25602,0
7731,25602,0
7732,25602,0
7733,24372,1152
7734,25602,0
7735,25602,0
7736,25576,24
7737,24506,1024
7738,25443,146
7739,25602,0
7740,25602,0
7741,23012,2496
7742,25602,0
7743,25602,0
7744,25602,0
7745,25602,0
7746,25602,0
7747,25602,0
7748,25306,272
7749,25602,0
7750,25602,0
7751,25602,0
7752,25602,0
7753,24322,1200
7754,24078,1436
7755,24822,724
7756,25602,0
7757,25602,0
7758,25602,0
7759,23397,2108
7760,25035,524
7761,24822,724
7762,25602,0
7763,21906,3648
7764,25602,0
7765,25602,0
7766,25602,0
7767,25602,0
7768,25602,0
7769,10863,20062
7770,25602,0
7771,25602,0
7772,19818,5992
7773,25602,0
7774,25602,0
7775,406,96948
7776,25602,0
7777,25602,0
7778,24716,824
7779,25602,0
7780,25602,0
7781,25602,0
7782,25602,0
7783,22481,3042
7784,25602,0
7785,25602,0
7786,25602,0
7787,25602,0
7788,25550,48
7789,25602,0
7790,24924,628
7791,25602,0
7792,25602,0
7793,25602,0
7794,25602,0
7795,25602,0
7796,25602,0
7797,25602,0
7798,25602,0
7799,25515,80
7800,25602,0
7801,25602,0
7802,25602,0
7803,25602,0
7804,25602,0
7805,23670,1836
7806,25602,0
7807,25376,208
7808,25602,0
7809,25602,0
7810,25602,0
7811,25454,136
7812,25602,0
7813,25602,0
7814,25602,0
7815,2980,50324
7816,25602,0
7817,25602,0
7818,25602,0
7819,25602,0
7820,24429,1098
7821,25602,0
7822,25602,0
7823,25602,0
7824,25602,0
7825,25602,0
7826,25602,0
7827,25602,0
7828,25534,62
7829,25576,24
7830,25142,424
7831,25602,0
7832,25602,0
7833,25602,0
7834,22655,2862
7835,11688,18348
7836,25602,0
7837,25602,0
7838,25602,0
7839,25602,0
7840,25602,0
7841,25602,0
7842,25602,0
7843,25602,0
7844,25419,168
7845,25602,0
7846,23845,1664
7847,24735,806
7848,25602,0
7849,25602,0
7850,25602,0
7851,25572,28
7852,25602,0
7853,25602,0
7854,25602,0
7855,25602,0
7856,25602,0
7857,25602,0
7858,25602,0
7859,25602,0
7860,16399,10424
7861,25602,0
7862,22690,2826
7863,25602,0
7864,25602,0
7865,23195,2310
7866,25602,0
7867,19818,5992
7868,25563,36
7869,25237,336
7870,25445,144
7871,25602,0
7872,25602,0
7873,23477,2028
7874,25602,0
7875,25602,0
7876,25602,0
7877,25602,0
7878,25602,0
7879,25602,0
7880,25138,428
7881,25602,0
7882,25602,0
7883,25602,0
7884,25602,0
7885,25602,0
7886,25602,0
7887,25602,0
7888,25602,0
7889,23557,1948
7890,25602,0
7891,25389,196
7892,25602,0
7893,25602,0
7894,25572,28
7895,25602,0
7896,25602,0
7897,25471,120
7898,25602,0
7899,25602,0
7900,25378,206
7901,25602,0
7902,25602,0
7903,25602,0
7904,25602,0
7905,25602,0
7906,25576,24
7907,25602,0
7908,25602,0
7909,25550,48
7910,25602,0
7911,25602,0
7912,25602,0
7913,25602,0
7914,25031,528
7915,25602,0
7916,25602,0
7917,25602,0
7918,25602,0
7919,8778,25048
7920,25602,0
7921,24299,1222
7922,8771,25068
7923,25602,0
7924,25602,0
7925,24245,1274
7926,23481,2024
7927,25484,108
7928,25602,0
7929,25493,100
7930,25602,0
7931,25602,0
7932,25602,0
7933,25602,0
7934,24716,824
7935,25602,0
7936,25602,0
7937,25576,24
7938,25602,0
7939,25384,200
7940,23967,1544
7941,25602,0
7942,22830,2682
7943,25602,0
7944,25602,0
7945,25602,0
7946,24664,874
7947,25602,0
7948,25602,0
7949,25602,0
7950,25010,548
7951,25602,0
7952,25602,0
7953,25441,148
7954,25602,0
7955,25602,0
7956,25602,0
7957,24769,774
7958,25550,48
7959,25602,0
7960,20349,5374
7961,25602,0
7962,25602,0
7963,25602,0
7964,25216,356
7965,25602,0
7966,25602,0
7967,16245,10644
7968,25602,0
7969,25602,0
7970,25084,478
7971,25602,0
7972,21557,4024
7973,25602,0
7974,15121,12322
7975,25602,0
7976,25602,0
7977,25602,0
7978,25602,0
7979,25532,64
7980,25602,0
7981,25602,0
7982,25602,0
7983,25602,0
7984,25304,274
7985,22898,2612
7986,25602,0
7987,25576,24
7988,25602,0
7989,24977,578
7990,25563,36
7991,25602,0
7992,25602,0
7993,25602,0
7994,25602,0
7995,25602,0
7996,25602,0
7997,25602,0
7998,19346,6556
7999,25602,0
8000,25602,0
8001,25602,0
8002,23184,2322
8003,25576,24
8004,23557,1948
8005,24875,674
8006,25602,0
8007,25602,0
8008,25602,0
8009,25602,0
8010,25602,0
8011,25602,0
8012,25602,0
8013,25602,0
8014,23937,1574
8015,25572,28
8016,16276,10600
8017,23961,1550
8018,25602,0
8019,25602,0
8020,25602,0
8021,18967,7020
8022,25480,112
8023,25572,28
8024,25493,100
8025,25602,0
8026,25602,0
8027,24924,628
8028,25602,0
8029,25602,0
8030,25602,0
8031,25602,0
8032,25602,0
8033,25602,0
8034,25602,0
8035,25602,0
8036,25602,0
8037,25602,0
8038,25602,0
8039,25602,0
8040,25602,0
8041,25602,0
8042,25602,0
8043,25602,0
8044,25602,0
8045,25602,0
8046,25602,0
8047,25602,0
8048,2726,52416
8049,25602,0
8050,25602,0
8051,25602,0
8052,25602,0
8053,25576,24
8054,25602,0
8055,25602,0
8056,25602,0
8057,25462,128
8058,25602,0
8059,25602,0
8060,25602,0
8061,25602,0
8062,25563,36
8063,21583,3996
8064,25602,0
8065,25602,0
8066,25602,0
8067,25602,0
8068,22087,3456
8069,24481,1048
8070,25602,0
8071,25602,0
8072,25602,0
8073,25602,0
8074,25602,0
8075,25602,0
8076,25576,24
8077,25602,0
8078,25541,56
8079,24190,1328
8080,25602,0
8081,25602,0
8082,25467,124
8083,25467,124
8084,24716,824
8085,25554,44
8086,21978,3572
8087,22091,3452
8088,25563,36
8089,25602,0
8090,25602,0
8091,25602,0
8092,25572,28
8093,25602,0
8094,22649,2868
8095,25602,0
8096,25602,0
8097,25602,0
8098,24928,624
8099,23581,1924
8100,24712,828
8101,25087,476
8102,24198,1320
8103,25602,0
8104,23557,1948
8105,24089,1426
8106,25602,0
8107,25010,548
8108,25602,0
8109,25602,0
8110,25602,0
8111,25602,0
8112,25602,0
8113,25602,0
8114,25602,0
8115,25602,0
8116,22606,2912
8117,25541,56
8118,25602,0
8119,25602,0
8120,25602,0
8121,25067,494
8122,25602,0
8123,25602,0
8124,25602,0
8125,25602,0
8126,25602,0
8127,25602,0
8128,25602,0
8129,25602,0
8130,24668,870
8131,25602,0
8132,25602,0
8133,25602,0
8134,25602,0
8135,25602,0
8136,17890,8388
8137,25602,0
8138,7605,28406
8139,25602,0
8140,24190,1328
8141,25602,0
8142,25602,0
8143,25602,0
8144,3016,50048
8145,25602,0
8146,25602,0
8147,22713,2802
8148,25602,0
8149,24841,706
8150,25602,0
8151,25354,228
8152,25602,0
8153,25576,24
8154,25602,0
8155,24351,1172
8156,25602,0
8157,25602,0
8158,25602,0
8159,25602,0
8160,25602,0
8161,25602,0
8162,25602,0
8163,25602,0
8164,25003,554
8165,23351,2154
8166,24894,656
8167,24506,1024
8168,25602,0
8169,25602,0
8170,25602,0
8171,25304,274
8172,25602,0
8173,25602,0
8174,25602,0
8175,25602,0
8176,24818,728
8177,25602,0
8178,25602,0
8179,25602,0
8180,24502,1028
8181,25602,0
8182,25602,0
8183,25602,0
8184,25602,0
8185,25602,0
8186,25602,0
8187,25602,0
8188,25563,36
8189,25602,0
8190,25602,0
8191,25602,0
8192,25602,0
8193,25602,0
8194,25515,80
8195,25497,96
8196,25602,0
8197,25602,0
8198,25602,0
8199,25602,0
8200,24607,928
8201,25602,0
8202,25602,0
8203,25602,0
8204,25602,0
8205,25602,0
8206,25563,36
8207,25602,0
8208,25602,0
8209,25602,0
8210,25602,0
8211,25602,0
8212,25602,0
8213,25602,0
8214,23784,1724
8215,25012,546
8216,25471,120
8217,25602,0
8218,24091,1424
8219,25602,0
8220,24194,1324
8221,25602,0
8222,25602,0
8223,25304,274
8224,25602,0
8225,25602,0
8226,25602,0
8227,25602,0
8228,25076,486
8229,25602,0
8230,25602,0
8231,25602,0
8232,25576,24
8233,25602,0
8234,25602,0
8235,25602,0
8236,25602,0
8237,25035,524
8238,25602,0
8239,25602,0
8240,25602,0
8241,25602,0
8242,25467,124
8243,25602,0
8244,25602,0
8245,25602,0
8246,24716,824
8247,25576,24
8248,21520,4064
8249,25572,28
8250,25602,0
8251,22957,2552
8252,25602,0
8253,25602,0
8254,25602,0
8255,25602,0
8256,25602,0
8257,25229,344
8258,25602,0
8259,25602,0
8260,25602,0
8261,25602,0
8262,25602,0
8263,25602,0
8264,25602,0
8265,25550,48
8266,22164,3374
8267,25602,0
8268,22125,3416
8269,25576,24
8270,24790,754
8271,25602,0
8272,25493,100
8273,25602,0
8274,25602,0
8275,24429,1098
8276,25471,120
8277,25602,0
8278,25224,348
8279,24091,1424
8280,25602,0
8281,25289,288
8282,25602,0
8283,25497,96
8284,25602,0
8285,25602,0
8286,25602,0
8287,25602,0
8288,25602,0
8289,25550,48
8290,25602,0
8291,25602,0
8292,12364,17032
8293,25602,0
8294,25602,0
8295,25602,0
8296,25602,0
8297,25602,0
8298,25576,24
8299,25602,0
8300,25602,0
8301,25602,0
8302,25602,0
8303,23381,2124
8304,25602,0
8305,25602,0
8306,25142,424
8307,25602,0
8308,22886,2624
8309,25576,24
8310,25572,28
8311,25602,0
8312,24035,1478
8313,19071,6892
8314,25602,0
8315,25602,0
8316,25602,0
8317,25602,0
8318,25576,24
8319,24297,1224
8320,23459,2046
8321,25602,0
8322,14259,13696
8323,24871,678
8324,25602,0
8325,25602,0
8326,25602,0
8327,24712,828
8328,25602,0
8329,25602,0
8330,25602,0
8331,17013,9564
8332,25602,0
8333,23028,2480
8334,24822,724
8335,25489,104
8336,25602,0
8337,25142,424
8338,25602,0
8339,25602,0
8340,25602,0
8341,25602,0
8342,25602,0
8343,25602,0
8344,25602,0
8345,25550,48
8346,25602,0
8347,25602,0
8348,24401,1124
8349,25602,0
8350,25563,36
8351,25602,0
8352,23888,1622
8353,25602,0
8354,25602,0
8355,25602,0
8356,25602,0
8357,25602,0
8358,25602,0
8359,25602,0
8360,13384,15178
8361,25014,544
8362,25602,0
8363,25602,0
8364,22090,3453
8365,25602,0
8366,25602,0
8367,24214,1304
8368,25602,0
8369,25602,0
8370,25602,0
8371,19891,5906
8372,25602,0
8373,25602,0
8374,25602,0
8375,25602,0
8376,25602,0
8377,25572,28
8378,22631,2886
8379,24472,1056
8380,25389,196
8381,25602,0
8382,25602,0
8383,25602,0
8384,25602,0
8385,25602,0
8386,25576,24
8387,25602,0
8388,25602,0
8389,25602,0
8390,25602,0
8391,25602,0
8392,24871,678
8393,25499,94
8394,22023,3524
8395,24506,1024
8396,24535,996
8397,25602,0
8398,25602,0
8399,25142,424
8400,22626,2892
8401,25602,0
8402,25602,0
8403,25572,28
8404,25602,0
8405,23457,2048
8406,25602,0
8407,25602,0
8408,25602,0
8409,25602,0
8410,25117,448
8411,25602,0
8412,25602,0
8413,25602,0
8414,25237,336
8415,25563,36
8416,25428,160
8417,25399,186
8418,25602,0
8419,25602,0
8420,25602,0
8421,25602,0
8422,25602,0
8423,25576,24
8424,19988,5792
8425,25602,0
8426,25572,28
8427,25602,0
8428,25550,48
8429,25602,0
8430,25602,0
8431,25602,0
8432,25602,0
8433,25602,0
8434,25602,0
8435,25554,44
8436,23759,1748
8437,25602,0
8438,25602,0
8439,25602,0
8440,25602,0
8441,25602,0
8442,25602,0
8443,25602,0
8444,25602,0
8445,25602,0
8446,25602,0
8447,25602,0
8448,13528,14928
8449,25602,0
8450,25602,0
8451,25602,0
8452,25602,0
8453,25602,0
8454,25602,0
8455,22961,2548
8456,25278,298
8457,25602,0
8458,25602,0
8459,25602,0
8460,25602,0
8461,25602,0
8462,25250,324
8463,25602,0
8464,21037,4596
8465,25345,236
8466,25602,0
8467,25602,0
8468,25602,0
8469,25602,0
8470,25602,0
8471,25602,0
8472,25602,0
8473,25602,0
8474,25602,0
8475,25602,0
8476,25185,384
8477,25602,0
8478,25602,0
8479,25602,0
8480,25602,0
8481,25602,0
8482,25602,0
8483,25602,0
8484,25602,0
8485,25602,0
8486,25602,0
8487,25602,0
8488,25602,0
8489,21248,4362
8490,25602,0
8491,25602,0
8492,23481,2024
8493,24360,1164
8494,25602,0
8495,25602,0
8496,25602,0
8497,25602,0
8498,25602,0
8499,23441,2064
8500,23610,1896
8501,25602,0
8502,25602,0
8503,25602,0
8504,25602,0
8505,25602,0
8506,25602,0
8507,25602,0
8508,25602,0
8509,25602,0
8510,24248,1272
8511,25602,0
8512,25602,0
8513,25602,0
8514,25226,346
8515,25602,0
8516,25602,0
8517,25602,0
8518,25602,0
8519,25602,0
8520,25602,0
8521,24227,1292
8522,25602,0
8523,25602,0
8524,21152,4468
8525,25602,0
8526,25602,0
8527,25602,0
8528,25602,0
8529,25602,0
8530,25602,0
8531,25602,0
8532,25602,0
8533,25602,0
8534,25602,0
8535,25602,0
8536,25602,0
8537,25602,0
8538,25602,0
8539,25602,0
8540,25602,0
8541,25602,0
8542,25602,0
8543,23886,1624
8544,25602,0
8545,25602,0
8546,25142,424
8547,25602,0
8548,25224,348
8549,25602,0
8550,25117,448
8551,25572,28
8552,25602,0
8553,25602,0
8554,25306,272
8555,25602,0
8556,25602,0
8557,25602,0
8558,23543,1962
8559,25602,0
8560,25602,0
8561,24822,724
8562,25602,0
8563,25602,0
8564,25602,0
8565,25602,0
8566,25602,0
8567,25602,0
8568,25602,0
8569,25602,0
8570,25499,94
8571,25602,0
8572,24797,748
8573,23118,2388
8574,25602,0
8575,25602,0
8576,25602,0
8577,25550,48
8578,25602,0
8579,25541,56
8580,23881,1628
8581,25602,0
8582,25576,24
8583,25576,24
8584,25602,0
8585,25602,0
8586,24401,1124
8587,25602,0
8588,25602,0
8589,25602,0
8590,24636,900
8591,25602,0
8592,25602,0
8593,25602,0
8594,25162,406
8595,25602,0
8596,25602,0
8597,25602,0
8598,25550,48
8599,25602,0
8600,25602,0
8601,25602,0
8602,25602,0
8603,25183,386
8604,25602,0
8605,25602,0
8606,25576,24
8607,25602,0
8608,25576,24
8609,25602,0
8610,22758,2756
8611,25602,0
8612,25602,0
8613,25602,0
8614,25550,48
8615,23780,1728
8616,15646,11524
8617,25602,0
8618,25602,0
8619,25602,0
8620,25602,0
8621,25602,0
8622,25602,0
8623,25602,0
8624,25602,0
8625,25602,0
8626,19436,6448
8627,25602,0
8628,25602,0
8629,25576,24
8630,25602,0
8631,24297,1224
8632,25602,0
8633,25602,0
8634,24401,1124
8635,25602,0
8636,25177,392
8637,25576,24
8638,23527,1978
8639,25602,0
8640,25602,0
8641,25602,0
8642,25576,24
8643,25602,0
8644,25602,0
8645,25602,0
8646,25602,0
8647,25602,0
8648,25602,0
8649,25602,0
8650,25602,0
8651,25602,0
8652,25602,0
8653,25602,0
8654,25602,0
8655,25602,0
8656,25602,0
8657,25602,0
8658,25602,0
8659,25576,24
8660,25602,0
8661,25602,0
8662,25602,0
8663,25602,0
8664,25602,0
8665,25602,0
8666,25602,0
8667,25602,0
8668,25602,0
8669,25602,0
8670,25602,0
8671,25602,0
8672,20779,4884
8673,25602,0
8674,25602,0
8675,25602,0
8676,25602,0
8677,25602,0
8678,25300,278
8679,25602,0
8680,25602,0
8681,25602,0
8682,17115,9424
8683,25602,0
8684,25031,528
8685,1037,75028
8686,19389,6504
8687,25602,0
8688,25602,0
8689,25602,0
8690,25602,0
8691,25602,0
8692,25602,0
8693,25602,0
8694,25035,524
8695,25602,0
8696,24506,1024
8697,25602,0
8698,24797,748
8699,25602,0
8700,25602,0
8701,25602,0
8702,20815,4844
8703,25602,0
8704,25602,0
8705,25602,0
8706,25602,0
8707,25602,0
8708,25602,0
8709,24801,744
8710,25602,0
8711,24678,860
8712,23039,2468
8713,25602,0
8714,25602,0
8715,25602,0
8716,25602,0
8717,25602,0
8718,25602,0
8719,25602,0
8720,25602,0
8721,23162,2344
8722,23507,1998
8723,25602,0
8724,25572,28
8725,10773,20256
8726,25602,0
8727,25237,336
8728,25602,0
8729,25203,368
8730,25602,0
8731,25602,0
8732,25602,0
8733,25519,76
8734,25602,0
8735,25602,0
8736,25602,0
8737,25534,62
8738,25406,180
8739,25602,0
8740,25602,0
8741,22777,2736
8742,25602,0
8743,25602,0
8744,25602,0
8745,25602,0
8746,25602,0
8747,24017,1496
8748,25602,0
8749,25602,0
8750,25602,0
8751,25602,0
8752,25602,0
8753,25602,0
8754,25541,56
8755,25602,0
8756,25602,0
8757,24896,654
8758,15378,11928
8759,25602,0
8760,24928,624
8761,25602,0
8762,24206,1312
8763,25406,180
8764,24449,1078
8765,25576,24
8766,25441,148
8767,25602,0
8768,25602,0
8769,25602,0
8770,25602,0
8771,25602,0
8772,24907,644
8773,25602,0
8774,25602,0
8775,23095,2412
8776,25602,0
8777,25602,0
8778,25602,0
8779,25142,424
8780,25602,0
8781,19,168814
8782,25162,406
8783,25602,0
8784,24596,938
8785,25602,0
8786,23678,1828
8787,25602,0
8788,18863,7148
8789,25602,0
8790,25602,0
8791,25563,36
8792,25602,0
8793,19941,5848
8794,25602,0
8795,25602,0
8796,25602,0
8797,25602,0
8798,25602,0
8799,25576,24
8800,25602,0
8801,25602,0
8802,25602,0
8803,25061,500
8804,25602,0
8805,25602,0
8806,25550,48
8807,25602,0
8808,25602,0
8809,25602,0
8810,25602,0
8811,25602,0
8812,25602,0
8813,25358,224
8814,25602,0
8815,25602,0
8816,25602,0
8817,25602,0
8818,25563,36
8819,25602,0
8820,25602,0
8821,25602,0
8822,25602,0
8823,21101,4524
8824,25102,462
8825,25602,0
8826,25602,0
8827,25602,0
8828,25602,0
8829,25550,48
8830,25602,0
8831,23835,1674
8832,25602,0
8833,25602,0
8834,23963,1548
8835,25602,0
8836,25602,0
8837,25602,0
8838,25576,24
8839,25602,0
8840,25602,0
8841,25602,0
8842,25572,28
8843,25602,0
8844,25602,0
8845,25602,0
8846,25602,0
8847,25602,0
8848,25602,0
8849,25358,224
8850,25602,0
8851,25035,524
8852,16681,10024
8853,25602,0
8854,25602,0
8855,25602,0
8856,25602,0
8857,25602,0
8858,25602,0
8859,25602,0
8860,25602,0
8861,25602,0
8862,25602,0
8863,25602,0
8864,25602,0
8865,25576,24
8866,25602,0
8867,25602,0
8868,25602,0
8869,25602,0
8870,24607,928
8871,23581,1924
8872,25602,0
8873,24691,848
8874,25602,0
8875,25563,36
8876,25515,80
8877,25602,0
8878,15120,12324
8879,20781,4882
8880,25602,0
8881,25541,56
8882,25602,0
8883,25602,0
8884,25602,0
8885,25602,0
8886,25602,0
8887,25602,0
8888,25602,0
8889,25602,0
8890,23361,2144
8891,25602,0
8892,25602,0
8893,25602,0
8894,9561,23048
8895,25602,0
8896,25602,0
8897,25576,24
8898,25602,0
8899,25602,0
8900,20198,5548
8901,25602,0
8902,25602,0
8903,25602,0
8904,25563,36
8905,25602,0
8906,25602,0
8907,25602,0
8908,25602,0
8909,25602,0
8910,25602,0
8911,25602,0
8912,25602,0
8913,25602,0
8914,25602,0
8915,25602,0
8916,25602,0
8917,25602,0
8918,23886,1624
8919,25602,0
8920,25602,0
8921,19218,6712
8922,25602,0
8923,25142,424
8924,22206,3330
8925,25602,0
8926,25250,324
8927,25602,0
8928,25602,0
8929,25602,0
8930,25602,0
8931,25602,0
8932,25602,0
8933,25602,0
8934,25572,28
8935,25602,0
8936,25602,0
8937,25602,0
8938,25602,0
8939,25572,28
8940,23423,2082
8941,25602,0
8942,25602,0
8943,25602,0
8944,25602,0
8945,23967,1544
8946,25602,0
8947,25602,0
8948,24506,1024
8949,25602,0
8950,25602,0
8951,25541,56
8952,25602,0
8953,25602,0
8954,25602,0
8955,25602,0
8956,25602,0
8957,25602,0
8958,25602,0
8959,25602,0
8960,25441,148
8961,25523,72
8962,25602,0
8963,25602,0
8964,25196,374
8965,25602,0
8966,25602,0
8967,25602,0
8968,25602,0
8969,16646,10074
8970,25602,0
8971,25602,0
8972,21815,3746
8973,25300,278
8974,25602,0
8975,25602,0
8976,25602,0
8977,25602,0
8978,25550,48
8979,25602,0
8980,25602,0
8981,25602,0
8982,25602,0
8983,25602,0
8984,25602,0
8985,25602,0
8986,25602,0
8987,25602,0
8988,25602,0
8989,25602,0
8990,24820,726
8991,25602,0
8992,23006,2502
8993,25602,0
8994,25602,0
8995,23557,1948
8996,25035,524
8997,25602,0
8998,25602,0
8999,23638,1868
9000,25324,256
9001,25602,0
9002,25602,0
9003,20893,4756
9004,25602,0
9005,25602,0
9006,25602,0
9007,25602,0
9008,25602,0
9009,25602,0
9010,25602,0
9011,25602,0
9012,25489,104
9013,25602,0
9014,25602,0
9015,25602,0
9016,25602,0
9017,25602,0
9018,25602,0
9019,25541,56
9020,25550,48
9021,25311,268
9022,23083,2424
9023,25602,0
9024,20122,5636
9025,25602,0
9026,25602,0
9027,25602,0
9028,25602,0
9029,25602,0
9030,25550,48
9031,25602,0
9032,25602,0
9033,25142,424
9034,25602,0
9035,25602,0
9036,25602,0
9037,25412,174
9038,25602,0
9039,22800,2712
9040,25602,0
9041,25602,0
9042,25084,478
9043,25602,0
9044,25602,0
9045,25602,0
9046,25467,124
9047,25602,0
9048,24464,1064
9049,20655,5024
9050,25602,0
9051,24969,586
9052,25602,0
9053,25602,0
9054,25602,0
9055,25602,0
9056,25602,0
9057,25602,0
9058,25602,0
9059,25523,72
9060,25602,0
9061,25602,0
9062,25602,0
9063,25602,0
9064,25602,0
9065,25602,0
9066,25602,0
9067,25602,0
9068,25602,0
9069,25602,0
9070,25602,0
9071,25602,0
9072,25602,0
9073,25121,444
9074,25602,0
9075,25602,0
9076,25602,0
9077,25602,0
9078,25602,0
9079,25602,0
9080,25602,0
9081,25117,448
9082,25602,0
9083,25602,0
9084,25602,0
9085,25576,24
9086,25550,48
9087,25602,0
9088,22212,3324
9089,25602,0
9090,25602,0
9091,25602,0
9092,19251,6672
9093,25576,24
9094,24245,1274
9095,25576,24
9096,25602,0
9097,25602,0
9098,25602,0
9099,25602,0
9100,23457,2048
9101,20302,5428
9102,23231,2274
9103,25602,0
9104,25602,0
9105,25602,0
9106,25602,0
9107,25602,0
9108,25602,0
9109,25602,0
9110,25602,0
9111,25602,0
9112,25602,0
9113,25602,0
9114,25602,0
9115,25602,0
9116,25602,0
9117,24797,748
9118,25602,0
9119,25602,0
9120,25602,0
9121,25602,0
9122,25282,294
9123,24293,1228
9124,25304,274
9125,25246,328
9126,25602,0
9127,25602,0
9128,25602,0
9129,25602,0
9130,25602,0
9131,24142,1374
9132,25602,0
9133,25291,286
9134,25602,0
9135,25602,0
9136,25602,0
9137,25602,0
9138,25602,0
9139,25602,0
9140,25602,0
9141,25602,0
9142,25602,0
9143,25602,0
9144,25602,0
9145,25576,24
9146,25602,0
9147,25602,0
9148,25602,0
9149,25602,0
9150,25602,0
9151,25602,0
9152,25602,0
9153,25602,0
9154,25602,0
9155,25602,0
9156,25602,0
9157,25515,80
9158,24977,578
9159,25576,24
9160,25130,436
9161,22606,2912
9162,25035,524
9163,25602,0
9164,25602,0
9165,25602,0
9166,25602,0
9167,25602,0
9168,24822,724
9169,25602,0
9170,25196,374
9171,25602,0
9172,23431,2074
9173,25602,0
9174,25602,0
9175,25602,0
9176,23162,2344
9177,25602,0
9178,25602,0
9179,25602,0
9180,25602,0
9181,25602,0
9182,25602,0
9183,25602,0
9184,25602,0
9185,25602,0
9186,25602,0
9187,25602,0
9188,23357,2148
9189,25602,0
9190,24502,1028
9191,25576,24
9192,25602,0
9193,25550,48
9194,25602,0
9195,25576,24
9196,25602,0
9197,25602,0
9198,25602,0
9199,25602,0
9200,25602,0
9201,25602,0
9202,25602,0
9203,25602,0
9204,25602,0
9205,25602,0
9206,25602,0
9207,25602,0
9208,25602,0
9209,25563,36
9210,25602,0
9211,25602,0
9212,25602,0
9213,25602,0
9214,22318,3212
9215,25602,0
9216,25203,368
9217,22125,3416
9218,25602,0
9219,24797,748
9220,25602,0
9221,25602,0
9222,25142,424
9223,25602,0
9224,25602,0
9225,25602,0
9226,25602,0
9227,25602,0
9228,25237,336
9229,25602,0
9230,25602,0
9231,23457,2048
9232,25602,0
9233,23281,2224
9234,22261,3272
9235,25602,0
9236,25602,0
9237,25602,0
9238,25602,0
9239,25332,248
9240,25550,48
9241,25602,0
9242,25602,0
9243,25602,0
9244,25602,0
9245,25602,0
9246,25602,0
9247,24877,672
9248,25602,0
9249,25246,328
9250,25497,96
9251,25602,0
9252,25602,0
9253,23022,2486
9254,25576,24
9255,25602,0
9256,25602,0
9257,25602,0
9258,25602,0
9259,25602,0
9260,25602,0
9261,25602,0
9262,25602,0
9263,24803,742
9264,25602,0
9265,24716,824
9266,25602,0
9267,25602,0
9268,25602,0
9269,25602,0
9270,25602,0
9271,25602,0
9272,25576,24
9273,25602,0
9274,25602,0
9275,25602,0
9276,10739,20330
9277,25602,0
9278,25602,0
9279,25510,84
9280,22202,3334
9281,25602,0
9282,25602,0
9283,25602,0
9284,25602,0
9285,25057,504
9286,25602,0
9287,25550,48
9288,25541,56
9289,25602,0
9290,25602,0
9291,25602,0
9292,24742,800
9293,24852,696
9294,22527,2994
9295,22789,2724
9296,25602,0
9297,25035,524
9298,25602,0
9299,25010,548
9300,25602,0
9301,25602,0
9302,25576,24
9303,25602,0
9304,25602,0
9305,21742,3824
9306,25576,24
9307,25602,0
9308,25602,0
9309,25602,0
9310,25602,0
9311,25602,0
9312,25602,0
9313,23485,2020
9314,25602,0
9315,25550,48
9316,25515,80
9317,25602,0
9318,25563,36
9319,23481,2024
9320,25337,244
9321,25602,0
9322,25602,0
9323,25602,0
9324,23257,2248
9325,25602,0
9326,25602,0
9327,12283,17186
9328,25602,0
9329,25602,0
9330,25602,0
9331,23083,2424
9332,25572,28
9333,25602,0
9334,25602,0
9335,24888,662
9336,25602,0
9337,24748,794
9338,25602,0
9339,25602,0
9340,25602,0
9341,25602,0
9342,25602,0
9343,25602,0
9344,25602,0
9345,25602,0
9346,25602,0
9347,25602,0
9348,22996,2512
9349,25602,0
9350,25576,24
9351,25602,0
9352,25602,0
9353,25602,0
9354,25572,28
9355,25602,0
9356,25602,0
9357,25602,0
9358,25602,0
9359,25602,0
9360,22890,2620
9361,25602,0
9362,8234,26544
9363,25602,0
9364,25602,0
9365,25602,0
9366,25602,0
9367,25602,0
9368,22797,2716
9369,25602,0
9370,25602,0
9371,25602,0
9372,25602,0
9373,13417,15120
9374,25602,0
9375,25602,0
9376,25572,28
9377,25602,0
9378,25602,0
9379,25602,0
9380,25602,0
9381,25602,0
9382,25602,0
9383,25602,0
9384,25602,0
9385,25602,0
9386,25602,0
9387,25224,348
9388,25602,0
9389,25602,0
9390,25602,0
9391,25602,0
9392,25035,524
9393,25602,0
9394,25541,56
9395,23937,1574
9396,25602,0
9397,25576,24
9398,25602,0
9399,25602,0
9400,25602,0
9401,25602,0
9402,25602,0
9403,25602,0
9404,22961,2548
9405,25602,0
9406,25602,0
9407,25576,24
9408,25602,0
9409,25602,0
9410,25602,0
9411,25602,0
9412,25602,0
9413,25602,0
9414,25386,198
9415,25602,0
9416,25602,0
9417,25602,0
9418,25602,0
9419,25602,0
9420,25602,0
9421,25602,0
9422,25550,48
9423,25602,0
9424,25602,0
9425,24924,628
9426,25602,0
9427,25035,524
9428,25602,0
9429,25602,0
9430,25602,0
9431,25572,28
9432,25602,0
9433,24814,732
9434,25602,0
9435,25602,0
9436,25602,0
9437,25602,0
9438,25602,0
9439,25602,0
9440,25576,24
9441,25291,286
9442,25537,60
9443,25602,0
9444,25602,0
9445,21537,4046
9446,22496,3026
9447,25602,0
9448,25602,0
9449,23690,1816
9450,25537,60
9451,25602,0
9452,25602,0
9453,25602,0
9454,25031,528
9455,25602,0
9456,25602,0
9457,25602,0
9458,25602,0
9459,25602,0
9460,25602,0
9461,25602,0
9462,25602,0
9463,5846,34558
9464,24809,736
9465,25602,0
9466,25602,0
9467,25465,126
9468,25602,0
9469,25576,24
9470,25602,0
9471,24818,728
9472,25602,0
9473,25602,0
9474,24272,1248
9475,25602,0
9476,23381,2124
9477,24956,598
9478,25602,0
9479,25602,0
9480,25576,24
9481,25602,0
9482,25602,0
9483,21275,4332
9484,25602,0
9485,25602,0
9486,25572,28
9487,25602,0
9488,18357,7784
9489,25602,0
9490,25576,24
9491,25602,0
9492,24852,696
9493,25138,428
9494,25602,0
9495,25602,0
9496,25602,0
9497,25602,0
9498,6065,33700
9499,25576,24
9500,25602,0
9501,24903,648
9502,25602,0
9503,25602,0
9504,25602,0
9505,25602,0
9506,23337,2168
9507,25602,0
9508,25031,528
9509,4693,39700
9510,22433,3092
9511,25602,0
9512,25602,0
9513,25602,0
9514,25576,24
9515,25602,0
9516,25602,0
9517,25602,0
9518,2769,52048
9519,25602,0
9520,25602,0
9521,25602,0
9522,25576,24
9523,25602,0
9524,25602,0
9525,25576,24
9526,25602,0
9527,25602,0
9528,25602,0
9529,25602,0
9530,25602,0
9531,2906,50914
9532,25602,0
9533,25602,0
9534,25602,0
9535,25602,0
9536,25602,0
9537,25493,100
9538,25576,24
9539,25358,224
9540,25602,0
9541,25602,0
9542,25602,0
9543,25332,248
9544,25602,0
9545,25602,0
9546,25602,0
9547,25602,0
9548,25602,0
9549,25602,0
9550,25602,0
9551,25602,0
9552,25602,0
9553,25602,0
9554,25602,0
9555,25602,0
9556,25602,0
9557,25602,0
9558,25602,0
9559,25602,0
9560,21750,3816
9561,25576,24
9562,25404,182
9563,25602,0
9564,25602,0
9565,25602,0
9566,25602,0
9567,25602,0
9568,25602,0
9569,24809,736
9570,24712,828
9571,25602,0
9572,25602,0
9573,21235,4376
9574,25602,0
9575,25572,28
9576,25572,28
9577,25602,0
9578,25010,548
9579,25602,0
9580,25602,0
9581,25602,0
9582,25563,36
9583,25602,0
9584,21798,3764
9585,25576,24
9586,25602,0
9587,25602,0
9588,25602,0
9589,25602,0
9590,25602,0
9591,24169,1348
9592,25602,0
9593,25602,0
9594,25602,0
9595,25602,0
9596,25602,0
9597,25576,24
9598,25289,288
9599,25602,0
9600,24586,948
9601,25602,0
9602,25602,0
9603,25602,0
9604,25602,0
9605,25602,0
9606,25602,0
9607,25602,0
9608,25602,0
9609,25602,0
9610,25602,0
9611,25602,0
9612,25602,0
9613,25602,0
9614,24822,724
9615,25602,0
9616,21918,3636
9617,25602,0
9618,25576,24
9619,25602,0
9620,25037,522
9621,25602,0
9622,20371,5348
9623,25602,0
9624,25602,0
9625,25602,0
9626,25467,124
9627,25602,0
9628,25602,0
9629,25602,0
9630,25602,0
9631,25602,0
9632,23138,2368
9633,16463,10332
9634,14674,13024
9635,24882,668
9636,25572,28
9637,25602,0
9638,25602,0
9639,25602,0
9640,8799,24992
9641,21740,3826
9642,25602,0
9643,25138,428
9644,25602,0
9645,25602,0
9646,25602,0
9647,25602,0
9648,25602,0
9649,25278,298
9650,25602,0
9651,24194,1324
9652,24525,1006
9653,25572,28
9654,25602,0
9655,25550,48
9656,25602,0
9657,25602,0
9658,25602,0
9659,25602,0
9660,5,200336
9661,25576,24
9662,25602,0
9663,24293,1228
9664,25602,0
9665,25602,0
9666,25602,0
9667,25602,0
9668,25602,0
9669,25602,0
9670,25602,0
9671,23577,1928
9672,25602,0
9673,25602,0
9674,25602,0
9675,25602,0
9676,25602,0
9677,25602,0
9678,25602,0
9679,23124,2382
9680,25250,324
9681,25602,0
9682,23083,2424
9683,24822,724
9684,25602,0
9685,25602,0
9686,25602,0
9687,25602,0
9688,25602,0
9689,22212,3324
9690,22723,2792
9691,25576,24
9692,25602,0
9693,25602,0
9694,25572,28
9695,25537,60
9696,25602,0
9697,25602,0
9698,25602,0
9699,25602,0
9700,25602,0
9701,25602,0
9702,25602,0
9703,25495,98
9704,24535,996
9705,25602,0
9706,25602,0
9707,25166,402
9708,25602,0
9709,25602,0
9710,25602,0
9711,25602,0
9712,25602,0
9713,25484,108
9714,25602,0
9715,25602,0
9716,25196,374
9717,22404,3122
9718,25602,0
9719,25576,24
9720,25602,0
9721,25602,0
9722,24506,1024
9723,25497,96
9724,15630,11548
9725,25602,0
9726,25602,0
9727,25602,0
9728,25602,0
9729,25602,0
9730,25602,0
9731,25602,0
9732,25602,0
9733,21035,4598
9734,25602,0
9735,25602,0
9736,25602,0
9737,25602,0
9738,25515,80
9739,25602,0
9740,22653,2864
9741,25602,0
9742,25602,0
9743,25602,0
9744,25602,0
9745,25602,0
9746,25602,0
9747,25317,262
9748,25602,0
9749,20043,5728
9750,25602,0
9751,25563,36
9752,19472,6404
9753,19883,5916
9754,25602,0
9755,25602,0
9756,25393,192
9757,25602,0
9758,25602,0
9759,25563,36
9760,25563,36
9761,25121,444
9762,25602,0
9763,24171,1346
9764,25602,0
9765,25602,0
9766,25602,0
9767,25602,0
9768,25602,0
9769,25602,0
9770,25602,0
9771,25602,0
9772,25602,0
9773,25602,0
9774,25602,0
9775,25602,0
9776,25602,0
9777,10750,20305
9778,25602,0
9779,25602,0
9780,25602,0
9781,25602,0
9782,25576,24
9783,25031,528
9784,25602,0
9785,25602,0
9786,25602,0
9787,25602,0
9788,25602,0
9789,25602,0
9790,25602,0
9791,25602,0
9792,25602,0
9793,25602,0
9794,25602,0
9795,25602,0
9796,22661,2856
9797,25602,0
9798,25602,0
9799,25602,0
9800,25602,0
9801,25602,0
9802,22832,2680
9803,25602,0
9804,23162,2344
9805,24716,824
9806,25602,0
9807,3147,49052
9808,25602,0
9809,25602,0
9810,25602,0
9811,25602,0
9812,25602,0
9813,25602,0
9814,25602,0
9815,25602,0
9816,25602,0
9817,24638,898
9818,25602,0
9819,25602,0
9820,25550,48
9821,16681,10024
9822,25602,0
9823,25602,0
9824,25602,0
9825,25602,0
9826,25602,0
9827,25602,0
9828,25602,0
9829,25572,28
9830,25602,0
9831,25121,444
9832,25602,0
9833,25602,0
9834,25602,0
9835,25602,0
9836,25563,36
9837,25602,0
9838,25572,28
9839,25602,0
9840,25602,0
9841,25602,0
9842,14672,13028
9843,24181,1336
9844,25493,100
9845,25602,0
9846,25602,0
9847,23784,1724
9848,25602,0
9849,25519,76
9850,25602,0
9851,25602,0
9852,25602,0
9853,22583,2936
9854,25602,0
9855,25602,0
9856,25602,0
9857,25602,0
9858,25602,0
9859,16868,9764
9860,25602,0
9861,25602,0
9862,25602,0
9863,25602,0
9864,25602,0
9865,25602,0
9866,23996,1516
9867,25602,0
9868,25602,0
9869,25602,0
9870,25602,0
9871,25602,0
9872,25602,0
9873,25602,0
9874,25356,226
9875,25602,0
9876,25602,0
9877,25602,0
9878,25602,0
9879,25602,0
9880,25602,0
9881,25576,24
9882,25576,24
9883,25602,0
9884,25602,0
9885,20337,5388
9886,25602,0
9887,25602,0
9888,25602,0
9889,25602,0
9890,25602,0
9891,23083,2424
9892,25602,0
9893,25602,0
9894,25142,424
9895,25602,0
9896,24852,696
9897,16504,10274
9898,25602,0
9899,23865,1644
9900,25602,0
9901,25602,0
9902,25602,0
9903,25563,36
9904,25602,0
9905,25602,0
9906,25602,0
9907,25602,0
9908,25602,0
9909,25602,0
9910,25602,0
9911,25602,0
9912,25602,0
9913,25602,0
9914,25602,0
9915,25602,0
9916,25602,0
9917,25602,0
9918,25602,0
9919,25602,0
9920,25550,48
9921,25576,24
9922,25550,48
9923,25602,0
9924,2174,57702
9925,25602,0
9926,25602,0
9927,23095,2412
9928,25602,0
9929,21976,3574
9930,25572,28
9931,24248,1272
9932,25602,0
9933,25602,0
9934,25602,0
9935,25602,0
9936,25602,0
9937,25602,0
9938,25563,36
9939,23269,2236
9940,25602,0
9941,25602,0
9942,25602,0
9943,25602,0
9944,25229,344
9945,25602,0
9946,25602,0
9947,25602,0
9948,25576,24
9949,25602,0
9950,25602,0
9951,25576,24
9952,25602,0
9953,25602,0
9954,25602,0
9955,24401,1124
9956,25602,0
9957,25541,56
9958,24345,1178
9959,25602,0
9960,25602,0
9961,25246,328
9962,25602,0
9963,25602,0
9964,2820,51616
9965,25602,0
9966,25602,0
9967,24822,724
9968,25602,0
9969,25602,0
9970,25602,0
9971,25419,168
9972,25602,0
9973,25602,0
9974,25572,28
9975,25602,0
9976,24954,600
9977,25602,0
9978,23477,2028
9979,25602,0
9980,25602,0
9981,25602,0
9982,25602,0
9983,25602,0
9984,25602,0
9985,25170,398
9986,25602,0
9987,25602,0
9988,14127,13914
9989,25602,0
9990,25602,0
9991,25602,0
9992,25602,0
9993,25602,0
9994,25602,0
9995,24928,624
9996,24691,848
9997,25602,0
9998,25602,0
9999,25602,0
10000,25602,0
10001,25602,0
10002,25602,0
10003,25602,0
10004,25602,0
10005,25602,0
10006,24173,1344
10007,23033,2474
10008,25602,0
10009,25602,0
10010,25602,0
10011,25602,0
10012,25602,0
10013,25602,0
10014,25602,0
10015,25602,0
10016,25602,0
10017,25602,0
10018,25602,0
10019,25602,0
10020,25602,0
10021,25576,24
10022,24801,744
10023,25602,0
10024,25602,0
10025,25602,0
10026,25602,0
10027,25602,0
10028,25576,24
10029,25602,0
10030,25602,0
10031,25602,0
10032,25031,528
10033,2883,51100
10034,25602,0
10035,25010,548
10036,25602,0
10037,24682,856
10038,24318,1204
10039,25576,24
10040,25602,0
10041,25602,0
10042,25250,324
10043,22498,3024
10044,25602,0
10045,25602,0
10046,25602,0
10047,25602,0
10048,25602,0
10049,25602,0
10050,25602,0
10051,25602,0
10052,25430,158
10053,24485,1044
10054,25602,0
10055,25602,0
10056,25602,0
10057,25602,0
10058,25278,298
10059,19041,6928
10060,25602,0
10061,25602,0
10062,25602,0
10063,25602,0
10064,25602,0
10065,25602,0
10066,25602,0
10067,25074,488
10068,25602,0
10069,25602,0
10070,25602,0
10071,25602,0
10072,25602,0
10073,25602,0
10074,25602,0
10075,25602,0
10076,25602,0
10077,25602,0
10078,25602,0
10079,25602,0
10080,25602,0
10081,23457,2048
10082,25602,0
10083,25602,0
10084,25602,0
10085,25602,0
10086,25602,0
10087,25602,0
10088,25602,0
10089,25602,0
10090,25602,0
10091,23713,1794
10092,25602,0
10093,25602,0
10094,25602,0
10095,25602,0
10096,25602,0
10097,25471,120
10098,25602,0
10099,25602,0
10100,25602,0
10101,25602,0
10102,25602,0
10103,25602,0
10104,25602,0
10105,25602,0
10106,25014,544
10107,24875,674
10108,25602,0
10109,25602,0
10110,25602,0
10111,25602,0
10112,25576,24
10113,25602,0
10114,25602,0
10115,24704,836
10116,25517,78
10117,18131,8074
10118,25602,0
10119,24788,756
10120,25602,0
10121,25602,0
10122,25602,0
10123,25602,0
10124,25602,0
10125,22117,3424
10126,25602,0
10127,25602,0
10128,25602,0
10129,25572,28
10130,25602,0
10131,25550,48
10132,25602,0
10133,25602,0
10134,25602,0
10135,25602,0
10136,25602,0
10137,24506,1024
10138,25602,0
10139,25602,0
10140,25602,0
10141,25602,0
10142,25332,248
10143,24349,1174
10144,25602,0
10145,25576,24
10146,21237,4374
10147,25602,0
10148,25519,76
10149,25602,0
10150,25087,476
10151,25602,0
10152,25602,0
10153,25602,0
10154,25602,0
10155,25602,0
10156,25602,0
10157,25602,0
10158,25517,78
10159,25602,0
10160,25602,0
10161,25602,0
10162,25602,0
10163,25602,0
10164,25602,0
10165,16382,10448
10166,25602,0
10167,24769,774
10168,25602,0
10169,25080,482
10170,25602,0
10171,24062,1452
10172,25602,0
10173,25345,236
10174,25602,0
10175,25602,0
10176,25602,0
10177,25602,0
10178,25602,0
10179,25602,0
10180,25602,0
10181,25602,0
10182,25602,0
10183,25550,48
10184,25602,0
10185,25602,0
10186,25602,0
10187,25602,0
10188,25572,28
10189,18483,7624
10190,25602,0
10191,25602,0
10192,25602,0
10193,18430,7692
10194,25602,0
10195,25602,0
10196,25602,0
10197,25602,0
10198,25602,0
10199,25602,0
10200,25602,0
10201,25602,0
10202,24506,1024
10203,25572,28
10204,25602,0
10205,25602,0
10206,22023,3524
10207,25602,0
10208,25602,0
10209,25602,0
10210,25602,0
10211,25602,0
10212,25602,0
10213,25602,0
10214,25454,136
10215,25602,0
10216,25602,0
10217,25602,0
10218,25602,0
10219,25602,0
10220,25602,0
10221,25563,36
10222,25602,0
10223,25602,0
10224,25602,0
10225,25602,0
10226,25602,0
10227,25602,0
10228,25602,0
10229,25602,0
10230,25497,96
10231,25419,168
10232,25602,0
10233,25602,0
10234,25602,0
10235,25602,0
10236,25602,0
10237,22043,3502
10238,25602,0
10239,25602,0
10240,25602,0
10241,25602,0
10242,25602,0
10243,25576,24
10244,25602,0
10245,25602,0
10246,17616,8748
10247,25602,0
10248,25602,0
10249,25572,28
10250,25493,100
10251,25602,0
10252,25467,124
10253,22498,3024
10254,25602,0
10255,21910,3644
10256,25354,228
10257,24119,1396
10258,25602,0
10259,25428,160
10260,25602,0
10261,25602,0
10262,24397,1128
10263,25563,36
10264,25602,0
10265,25602,0
10266,25602,0
10267,25602,0
10268,25576,24
10269,25602,0
10270,25602,0
10271,25602,0
10272,25486,106
10273,25602,0
10274,25602,0
10275,25602,0
10276,25602,0
10277,25602,0
10278,25602,0
10279,22622,2896
10280,20543,5152
10281,24124,1392
10282,25602,0
10283,21554,4028
10284,25602,0
10285,24704,836
10286,25602,0
10287,23660,1846
10288,25602,0
10289,23010,2498
10290,25602,0
10291,25602,0
10292,25602,0
10293,25510,84
10294,25602,0
10295,25602,0
10296,25602,0
10297,25602,0
10298,25602,0
10299,25602,0
10300,25602,0
10301,25602,0
10302,25602,0
10303,25602,0
10304,25602,0
10305,25602,0
10306,25602,0
10307,25602,0
10308,25602,0
10309,25602,0
10310,25602,0
10311,25602,0
10312,25602,0
10313,25602,0
10314,25541,56
10315,25602,0
10316,25602,0
10317,25602,0
10318,25602,0
10319,25576,24
10320,25602,0
10321,25602,0
10322,25602,0
10323,25020,538
10324,25602,0
10325,25602,0
10326,25602,0
10327,25602,0
10328,25602,0
10329,24297,1224
10330,24716,824
10331,25602,0
10332,25602,0
10333,25602,0
10334,24502,1028
10335,25602,0
10336,24045,1468
10337,25541,56
10338,25602,0
10339,25602,0
10340,25602,0
10341,25602,0
10342,25602,0
10343,25576,24
10344,25602,0
10345,25602,0
10346,25602,0
10347,19256,6666
10348,24933,620
10349,25602,0
10350,25602,0
10351,25602,0
10352,25602,0
10353,25602,0
10354,25602,0
10355,25602,0
10356,19497,6374
10357,25602,0
10358,25602,0
10359,24324,1198
10360,25602,0
10361,25602,0
10362,25602,0
10363,25602,0
10364,25541,56
10365,23810,1698
10366,25602,0
10367,25602,0
10368,25602,0
10369,25572,28
10370,23083,2424
10371,25602,0
10372,25602,0
10373,25602,0
10374,25246,328
10375,25142,424
10376,25602,0
10377,25602,0
10378,25602,0
10379,25602,0
10380,25497,96
10381,25602,0
10382,25602,0
10383,23481,2024
10384,25602,0
10385,16229,10668
10386,25138,428
10387,25602,0
10388,25602,0
10389,25576,24
10390,25572,28
10391,25602,0
10392,25602,0
10393,25602,0
10394,20478,5226
10395,25576,24
10396,25602,0
10397,25602,0
10398,25602,0
10399,25602,0
10400,25602,0
10401,25602,0
10402,25602,0
10403,25602,0
10404,25602,0
10405,25428,160
10406,25602,0
10407,24691,848
10408,24822,724
10409,10730,20350
10410,23457,2048
10411,25602,0
10412,23830,1678
10413,25602,0
10414,24268,1252
10415,25602,0
10416,25602,0
10417,25602,0
10418,25602,0
10419,25602,0
10420,25602,0
10421,24535,996
10422,25602,0
10423,25602,0
10424,23030,2478
10425,25602,0
10426,25602,0
10427,25602,0
10428,25602,0
10429,25550,48
10430,25550,48
10431,25602,0
10432,25602,0
10433,25602,0
10434,25602,0
10435,25550,48
10436,25602,0
10437,25523,72
10438,25602,0
10439,25602,0
10440,25031,528
10441,25602,0
10442,25602,0
10443,25602,0
10444,25602,0
10445,25602,0
10446,25572,28
10447,25602,0
10448,25602,0
10449,25602,0
10450,23529,1976
10451,25602,0
10452,25602,0
10453,25602,0
10454,15166,12252
10455,24401,1124
10456,23083,2424
10457,24485,1044
10458,25602,0
10459,23790,1718
10460,25602,0
10461,16636,10088
10462,25602,0
10463,25602,0
10464,25602,0
10465,25602,0
10466,25602,0
10467,25602,0
10468,23933,1578
10469,25602,0
10470,25602,0
10471,25602,0
10472,24822,724
10473,24767,776
10474,25602,0
10475,25602,0
10476,21546,4036
10477,25602,0
10478,25602,0
10479,25602,0
10480,25572,28
10481,25602,0
10482,25602,0
10483,25523,72
10484,25602,0
10485,25602,0
10486,25602,0
10487,25602,0
10488,25576,24
10489,25602,0
10490,23178,2328
10491,25602,0
10492,25602,0
10493,24982,574
10494,25602,0
10495,24487,1042
10496,25602,0
10497,25576,24
10498,25602,0
10499,25602,0
10500,25454,136
10501,25602,0
10502,25602,0
10503,15611,11576
10504,25602,0
10505,25602,0
10506,25602,0
10507,25602,0
10508,25250,324
10509,25563,36
10510,25602,0
10511,25602,0
10512,25602,0
10513,25602,0
10514,25602,0
10515,25602,0
10516,25602,0
10517,25602,0
10518,25602,0
10519,25602,0
10520,25602,0
10521,25602,0
10522,25602,0
10523,25602,0
10524,25602,0
10525,25517,78
10526,25602,0
10527,24716,824
10528,25602,0
10529,25554,44
10530,25602,0
10531,23753,1754
10532,25602,0
10533,25602,0
10534,25497,96
10535,25576,24
10536,25602,0
10537,25602,0
10538,25602,0
10539,25602,0
10540,25572,28
10541,25602,0
10542,25602,0
10543,22164,3374
10544,25521,74
10545,24894,656
10546,25602,0
10547,25602,0
10548,25602,0
10549,25602,0
10550,18524,7572
10551,25602,0
10552,25602,0
10553,25602,0
10554,25602,0
10555,25602,0
10556,25602,0
10557,25602,0
10558,25602,0
10559,25602,0
10560,25602,0
10561,8049,27076
10562,25602,0
10563,25554,44
10564,25602,0
10565,25278,298
10566,25602,0
10567,25602,0
10568,25602,0
10569,25602,0
10570,23457,2048
10571,25602,0
10572,25602,0
10573,25572,28
10574,25602,0
10575,25602,0
10576,25534,62
10577,25602,0
10578,25602,0
10579,25602,0
10580,25602,0
10581,25602,0
10582,25550,48
10583,25399,186
10584,25602,0
10585,25602,0
10586,25229,344
10587,23461,2044
10588,14976,12548
10589,24449,1078
10590,25602,0
10591,25602,0
10592,24091,1424
10593,25602,0
10594,24682,856
10595,25602,0
10596,25602,0
10597,25602,0
10598,25572,28
10599,25602,0
10600,25408,178
10601,25602,0
10602,20492,5210
10603,25602,0
10604,25117,448
10605,25602,0
10606,25602,0
10607,25602,0
10608,21535,4048
10609,25602,0
10610,25602,0
10611,25602,0
10612,25602,0
10613,25563,36
10614,19905,5890
10615,25602,0
10616,22653,2864
10617,25602,0
10618,25602,0
10619,25602,0
10620,25602,0
10621,24742,800
10622,25602,0
10623,25602,0
10624,25541,56
10625,25602,0
10626,25602,0
10627,21273,4334
10628,25602,0
10629,22738,2776
10630,25602,0
10631,25337,244
10632,25602,0
10633,25602,0
10634,25602,0
10635,25602,0
10636,25602,0
10637,25602,0
10638,25602,0
10639,25602,0
10640,25602,0
10641,25602,0
10642,25602,0
10643,25602,0
10644,2979,50336
10645,25602,0
10646,25602,0
10647,25550,48
10648,25602,0
10649,25602,0
10650,25602,0
10651,25117,448
10652,22914,2596
10653,24748,794
10654,25602,0
10655,25576,24
10656,25602,0
10657,23988,1524
10658,24287,1234
10659,25602,0
10660,23628,1878
10661,25576,24
10662,25602,0
10663,22789,2724
10664,25602,0
10665,25602,0
10666,25602,0
10667,25602,0
10668,25602,0
10669,25602,0
10670,25602,0
10671,25563,36
10672,25602,0
10673,25602,0
10674,24797,748
10675,25602,0
10676,25014,544
10677,25246,328
10678,24691,848
10679,25602,0
10680,25602,0
10681,25602,0
10682,25602,0
10683,24586,948
10684,23401,2104
10685,25602,0
10686,25602,0
10687,25602,0
10688,25602,0
10689,25602,0
10690,25576,24
10691,25602,0
10692,25602,0
10693,25602,0
10694,25602,0
10695,25602,0
10696,25602,0
10697,25550,48
10698,25602,0
10699,25602,0
10700,16259,10624
10701,25602,0
10702,25602,0
10703,24788,756
10704,25602,0
10705,25602,0
10706,25602,0
10707,25602,0
10708,25484,108
10709,25602,0
10710,24956,598
10711,25602,0
10712,25602,0
10713,25602,0
10714,25550,48
10715,25602,0
10716,25602,0
10717,25602,0
10718,25602,0
10719,25602,0
10720,25572,28
10721,25602,0
10722,25602,0
10723,25602,0
10724,25345,236
10725,24602,932
10726,22572,2948
10727,25602,0
10728,25602,0
10729,24592,942
10730,21744,3822
10731,25602,0
10732,25602,0
10733,25572,28
10734,25602,0
10735,23976,1536
10736,25602,0
10737,25602,0
10738,25602,0
10739,25602,0
10740,25602,0
10741,25602,0
10742,25602,0
10743,25602,0
10744,25142,424
10745,25602,0
10746,25602,0
10747,25550,48
10748,25602,0
10749,25602,0
10750,25602,0
10751,19871,5930
10752,25602,0
10753,25602,0
10754,25602,0
10755,25602,0
10756,21374,4224
10757,11046,19670
10758,25602,0
10759,25602,0
10760,25602,0
10761,25467,124
10762,25602,0
10763,25602,0
10764,25602,0
10765,25602,0
10766,22961,2548
10767,25138,428
10768,25602,0
10769,25602,0
10770,25602,0
10771,25602,0
10772,25602,0
10773,21891,3664
10774,25602,0
10775,25602,0
10776,23931,1580
10777,25602,0
10778,64,140280
10779,25602,0
10780,25602,0
10781,22273,3260
10782,25563,36
10783,22164,3374
10784,25602,0
10785,25602,0
10786,17313,9154
10787,25602,0
10788,23437,2068
10789,25602,0
10790,25602,0
10791,24015,1498
10792,25602,0
10793,25602,0
10794,24632,904
10795,25602,0
10796,24763,780
10797,25550,48
10798,25602,0
10799,25602,0
10800,24645,892
10801,25602,0
10802,25602,0
10803,25602,0
10804,25497,96
10805,25602,0
10806,25602,0
10807,23658,1848
10808,25572,28
10809,25602,0
10810,25602,0
10811,25602,0
10812,25602,0
10813,25602,0
10814,25602,0
10815,24609,926
10816,25602,0
10817,23902,1608
10818,24670,868
10819,24590,944
10820,23030,2478
10821,25602,0
10822,24293,1228
10823,25602,0
10824,25155,412
10825,25192,378
10826,25602,0
10827,25164,404
10828,25572,28
10829,25602,0
10830,25602,0
10831,24992,564
10832,25602,0
10833,25602,0
10834,25602,0
10835,25602,0
10836,25563,36
10837,25602,0
10838,21929,3624
10839,25602,0
10840,25602,0
10841,23599,1906
10842,25602,0
10843,23079,2428
10844,25602,0
10845,25602,0
10846,25576,24
10847,25602,0
10848,25602,0
10849,25602,0
10850,25602,0
10851,25602,0
10852,20191,5556
10853,25602,0
10854,25602,0
10855,25602,0
10856,25602,0
10857,25203,368
10858,25602,0
10859,25602,0
10860,25602,0
10861,25602,0
10862,25602,0
10863,24506,1024
10864,24493,1036
10865,24723,818
10866,25550,48
10867,24068,1446
10868,17919,8350
10869,25541,56
10870,25572,28
10871,24277,1244
10872,25602,0
10873,25602,0
10874,25602,0
10875,25602,0
10876,25602,0
10877,25602,0
10878,24822,724
10879,25602,0
10880,25602,0
10881,25602,0
10882,25497,96
10883,25406,180
10884,25602,0
10885,25602,0
10886,25602,0
10887,25572,28
10888,25602,0
10889,25602,0
10890,25602,0
10891,25563,36
10892,25576,24
10893,22475,3048
10894,25602,0
10895,25602,0
10896,25602,0
10897,25602,0
10898,25602,0
10899,25602,0
10900,25602,0
10901,25602,0
10902,25576,24
10903,23279,2226
10904,24212,1306
10905,23943,1568
10906,25142,424
10907,25602,0
10908,25537,60
10909,25602,0
10910,25602,0
10911,25602,0
10912,25602,0
10913,25576,24
10914,25537,60
10915,25602,0
10916,25602,0
10917,25534,62
10918,25602,0
10919,25602,0
10920,25602,0
10921,25602,0
10922,25602,0
10923,25602,0
10924,25602,0
10925,25602,0
10926,25602,0
10927,25602,0
10928,25602,0
10929,25602,0
10930,25576,24
10931,25602,0
10932,25602,0
10933,25602,0
10934,25602,0
10935,25497,96
10936,25602,0
10937,25602,0
10938,25495,98
10939,25602,0
10940,25602,0
10941,25576,24
10942,25602,0
10943,25602,0
10944,25602,0
10945,25602,0
10946,25602,0
10947,25602,0
10948,23413,2092
10949,24078,1436
10950,25576,24
10951,25602,0
10952,24433,1094
10953,25602,0
10954,25602,0
10955,554,89712
10956,25602,0
10957,25602,0
10958,25602,0
10959,25602,0
10960,25602,0
10961,24809,736
10962,25602,0
10963,25602,0
10964,25602,0
10965,25602,0
10966,25497,96
10967,25602,0
10968,25576,24
10969,25602,0
10970,24928,624
10971,24875,674
10972,24854,694
10973,25602,0
10974,25602,0
10975,25602,0
10976,25602,0
10977,25602,0
10978,25602,0
10979,20219,5524
10980,25602,0
10981,25602,0
10982,25602,0
10983,25602,0
10984,25602,0
10985,25602,0
10986,25602,0
10987,23178,2328
10988,25602,0
10989,25602,0
10990,22795,2718
10991,23772,1736
10992,25602,0
10993,25602,0
10994,25067,494
10995,25602,0
10996,25119,446
10997,25602,0
10998,25602,0
10999,18186,8004
11000,25602,0
11001,25602,0
11002,21436,4156
11003,25602,0
11004,25358,224
11005,25602,0
11006,25142,424
11007,24960,594
11008,25602,0
11009,25576,24
11010,25602,0
11011,25602,0
11012,25602,0
11013,25602,0
11014,24924,628
11015,25602,0
11016,25602,0
11017,25602,0
11018,25031,528
11019,25602,0
11020,25602,0
11021,25497,96
11022,25602,0
11023,25602,0
11024,25493,100
11025,25602,0
11026,25550,48
11027,25602,0
11028,24605,930
11029,25602,0
11030,25576,24
11031,25523,72
11032,25602,0
11033,25602,0
11034,25108,456
11035,25602,0
11036,25602,0
11037,25602,0
11038,25602,0
11039,25602,0
11040,25602,0
11041,25121,444
11042,25602,0
11043,25602,0
11044,21419,4174
11045,25602,0
11046,25602,0
11047,24916,636
11048,25602,0
11049,25480,112
11050,25602,0
11051,25602,0
11052,23277,2228
11053,25602,0
11054,25602,0
11055,25602,0
11056,25602,0
11057,25602,0
11058,25602,0
11059,25602,0
11060,25602,0
11061,25602,0
11062,25602,0
11063,25602,0
11064,25602,0
11065,25572,28
11066,25602,0
11067,25602,0
11068,25602,0
11069,25602,0
11070,25602,0
11071,25602,0
11072,25602,0
11073,23772,1736
11074,24871,678
11075,25289,288
11076,25602,0
11077,25602,0
11078,25602,0
11079,25602,0
11080,24822,724
11081,25602,0
11082,16524,10246
11083,25602,0
11084,23569,1936
11085,25602,0
11086,25576,24
11087,24653,884
11088,25602,0
11089,25602,0
11090,25602,0
11091,25602,0
11092,25093,470
11093,25602,0
11094,25602,0
11095,25602,0
11096,25602,0
11097,25602,0
11098,25602,0
11099,22688,2828
11100,25602,0
11101,25602,0
11102,25602,0
11103,25602,0
11104,25602,0
11105,25602,0
11106,24882,668
11107,25602,0
11108,25602,0
11109,24017,1496
11110,25602,0
11111,25602,0
11112,21031,4602
11113,25602,0
11114,25602,0
11115,25508,86
11116,25602,0
11117,25602,0
11118,25602,0
11119,25602,0
11120,25602,0
11121,25602,0
11122,25602,0
11123,25602,0
11124,16592,10150
11125,25602,0
11126,24245,1274
11127,25602,0
11128,25602,0
11129,25602,0
11130,25602,0
11131,25001,556
11132,24404,1122
11133,22902,2608
11134,25602,0
11135,25602,0
11136,25602,0
11137,25602,0
11138,25602,0
11139,25572,28
11140,25572,28
11141,25602,0
11142,25602,0
11143,25602,0
11144,25602,0
11145,25602,0
11146,24091,1424
11147,25602,0
11148,25602,0
11149,25602,0
11150,25602,0
11151,21008,4628
11152,25532,64
11153,24285,1236
11154,25602,0
11155,25550,48
11156,25602,0
11157,25602,0
11158,25602,0
11159,25602,0
11160,25602,0
11161,25602,0
11162,25602,0
11163,25602,0
11164,25602,0
11165,25602,0
11166,25602,0
11167,25602,0
11168,25602,0
11169,25602,0
11170,25291,286
11171,25602,0
11172,25602,0
11173,23739,1768
11174,25602,0
11175,25602,0
11176,25602,0
11177,25602,0
11178,25602,0
11179,25602,0
11180,25602,0
11181,25602,0
11182,25602,0
11183,25602,0
11184,25602,0
11185,25602,0
11186,25602,0
11187,25602,0
11188,25602,0
11189,25572,28
11190,25602,0
11191,25602,0
11192,25602,0
11193,25035,524
11194,25117,448
11195,25602,0
11196,25602,0
11197,25138,428
11198,25602,0
11199,25602,0
11200,25602,0
11201,25602,0
11202,25602,0
11203,25602,0
11204,25602,0
11205,25602,0
11206,25602,0
11207,25602,0
11208,25602,0
11209,25563,36
11210,25550,48
11211,25602,0
11212,25602,0
11213,25602,0
11214,23630,1876
11215,25602,0
11216,24695,844
11217,25602,0
11218,25602,0
11219,25602,0
11220,25250,324
11221,25576,24
11222,25602,0
11223,25602,0
11224,25602,0
11225,25602,0
11226,25602,0
11227,25602,0
11228,25602,0
11229,25534,62
11230,25550,48
11231,25602,0
11232,25550,48
11233,25602,0
11234,25602,0
11235,25441,148
11236,25576,24
11237,25602,0
11238,25515,80
11239,25602,0
11240,25602,0
11241,25602,0
11242,25602,0
11243,25602,0
11244,25602,0
11245,25602,0
11246,25602,0
11247,25602,0
11248,25602,0
11249,25563,36
11250,25602,0
11251,25602,0
11252,24045,1468
11253,21688,3882
11254,25602,0
11255,25602,0
11256,25602,0
11257,25519,76
11258,25602,0
11259,25550,48
11260,25602,0
11261,25130,436
11262,25602,0
11263,25602,0
11264,25602,0
11265,25602,0
11266,25602,0
11267,25602,0
11268,25308,270
11269,25602,0
11270,25602,0
11271,25142,424
11272,25602,0
11273,25563,36
11274,25602,0
11275,25602,0
11276,25602,0
11277,25602,0
11278,25602,0
11279,24725,816
11280,25602,0
11281,25602,0
11282,25602,0
11283,25602,0
11284,25602,0
11285,24586,948
11286,24894,656
11287,23124,2382
11288,25602,0
11289,25563,36
11290,25602,0
11291,25602,0
11292,25602,0
11293,25602,0
11294,23307,2198
11295,25602,0
11296,25572,28
11297,25602,0
11298,25602,0
11299,25602,0
11300,25602,0
11301,25602,0
11302,25602,0
11303,25602,0
11304,25602,0
11305,25602,0
11306,24397,1128
11307,25602,0
11308,25602,0
11309,25358,224
11310,25602,0
11311,25602,0
11312,25602,0
11313,25602,0
11314,25602,0
11315,13472,15024
11316,25173,396
11317,25602,0
11318,25602,0
11319,25602,0
11320,25602,0
11321,25602,0
11322,25602,0
11323,25572,28
11324,24886,664
11325,25602,0
11326,25602,0
11327,25602,0
11328,25602,0
11329,25410,176
11330,25010,548
11331,25602,0
11332,25602,0
11333,25602,0
11334,25602,0
11335,24070,1444
11336,25602,0
11337,25602,0
11338,25602,0
11339,25602,0
11340,25602,0
11341,25602,0
11342,25572,28
11343,24903,648
11344,25602,0
11345,25602,0
11346,25602,0
11347,25602,0
11348,25602,0
11349,25602,0
11350,23243,2262
11351,24454,1074
11352,25576,24
11353,23988,1524
11354,25602,0
11355,25602,0
11356,25602,0
11357,25602,0
11358,25602,0
11359,25602,0
11360,25602,0
11361,25602,0
11362,25602,0
11363,25602,0
11364,25602,0
11365,25602,0
11366,25541,56
11367,25602,0
11368,2906,50918
11369,25602,0
11370,25425,162
11371,7019,30280
11372,25602,0
11373,25602,0
11374,23357,2148
11375,25602,0
11376,25602,0
11377,25602,0
11378,23010,2498
11379,25602,0
11380,25602,0
11381,25602,0
11382,25602,0
11383,24297,1224
11384,21401,4194
11385,25602,0
11386,25576,24
11387,25602,0
11388,24611,924
11389,25563,36
11390,25545,52
11391,25602,0
11392,25602,0
11393,25602,0
11394,25602,0
11395,25602,0
11396,25602,0
11397,25602,0
11398,25572,28
11399,25602,0
11400,25563,36
11401,25602,0
11402,25602,0
11403,14859,12732
11404,25602,0
11405,25602,0
11406,4460,40892
11407,25602,0
11408,25602,0
11409,25602,0
11410,25602,0
11411,25602,0
11412,25602,0
11413,25602,0
11414,25076,486
11415,25602,0
11416,25602,0
11417,25602,0
11418,25602,0
11419,25602,0
11420,25602,0
11421,25602,0
11422,25602,0
11423,25602,0
11424,25602,0
11425,25602,0
11426,18259,7910
11427,25602,0
11428,25602,0
11429,22257,3276
11430,25602,0
11431,25602,0
11432,25602,0
11433,25602,0
11434,25602,0
11435,22867,2644
11436,25602,0
11437,25602,0
11438,25602,0
11439,25602,0
11440,25602,0
11441,25602,0
11442,25602,0
11443,25602,0
11444,24822,724
11445,22307,3224
11446,25602,0
11447,25602,0
11448,25602,0
11449,25602,0
11450,19693,6140
11451,25229,344
11452,25602,0
11453,25602,0
11454,25602,0
11455,25602,0
11456,25602,0
11457,25602,0
11458,25076,486
11459,25602,0
11460,25602,0
11461,25576,24
11462,25602,0
11463,25602,0
11464,22935,2574
11465,25602,0
11466,25602,0
11467,25602,0
11468,25497,96
11469,25602,0
11470,25602,0
11471,25563,36
11472,25602,0
11473,25445,144
11474,25602,0
11475,25576,24
11476,25602,0
11477,25602,0
11478,25602,0
11479,25510,84
11480,25602,0
11481,25602,0
11482,25572,28
11483,25602,0
11484,25602,0
11485,25467,124
11486,25602,0
11487,25602,0
11488,24926,626
11489,25602,0
11490,25198,372
11491,23871,1638
11492,25229,344
11493,25602,0
11494,25602,0
11495,25602,0
11496,25602,0
11497,25602,0
11498,25576,24
11499,25602,0
11500,25602,0
11501,25602,0
11502,25602,0
11503,25602,0
11504,25602,0
11505,25602,0
11506,25602,0
11507,25602,0
11508,25602,0
11509,25602,0
11510,25576,24
11511,25259,316
11512,25602,0
11513,25602,0
11514,25602,0
11515,25563,36
11516,25602,0
11517,25602,0
11518,25497,96
11519,21675,3896
11520,25602,0
11521,25602,0
11522,25602,0
11523,16600,10138
11524,25602,0
11525,25602,0
11526,25602,0
11527,25602,0
11528,25497,96
11529,25415,172
11530,24790,754
11531,25602,0
11532,23733,1774
11533,25576,24
11534,25602,0
11535,20198,5548
11536,25602,0
11537,25602,0
11538,25602,0
11539,25602,0
11540,25602,0
11541,25602,0
11542,25602,0
11543,25602,0
11544,25602,0
11545,25602,0
11546,25602,0
11547,25602,0
11548,24607,928
11549,25602,0
11550,25602,0
11551,24223,1296
11552,25602,0
11553,25602,0
11554,25602,0
11555,25519,76
11556,24326,1196
11557,25121,444
11558,25602,0
11559,25602,0
11560,24916,636
11561,25602,0
11562,25602,0
11563,25602,0
11564,24865,684
11565,25602,0
11566,25515,80
11567,25602,0
11568,23735,1772
11569,25602,0
11570,25602,0
11571,25602,0
11572,25602,0
11573,25602,0
11574,25576,24
11575,25602,0
11576,25602,0
11577,25358,224
11578,25602,0
11579,25602,0
11580,25001,556
11581,25602,0
11582,23682,1824
11583,23237,2268
11584,25602,0
11585,25576,24
11586,25602,0
11587,23931,1580
11588,25602,0
11589,20883,4768
11590,25602,0
11591,25602,0
11592,25602,0
11593,25602,0
11594,25515,80
11595,25602,0
11596,25602,0
11597,25602,0
11598,25602,0
11599,22695,2820
11600,25602,0
11601,24221,1298
11602,25602,0
11603,25602,0
11604,24716,824
11605,25602,0
11606,25602,0
11607,25602,0
11608,25572,28
11609,21261,4348
11610,25602,0
11611,25194,376
11612,25602,0
11613,25602,0
11614,25602,0
11615,25602,0
11616,25602,0
11617,25602,0
11618,23624,1882
11619,22427,3098
11620,25602,0
11621,25602,0
11622,25602,0
11623,25602,0
11624,25602,0
11625,25602,0
11626,25602,0
11627,25467,124
11628,25602,0
11629,25602,0
11630,25602,0
11631,24297,1224
11632,25267,308
11633,25602,0
11634,25602,0
11635,25602,0
11636,25602,0
11637,25602,0
11638,25602,0
11639,25602,0
11640,25602,0
11641,25519,76
11642,25602,0
11643,25602,0
11644,25602,0
11645,23305,2200
11646,25602,0
11647,25602,0
11648,25602,0
11649,25602,0
11650,25602,0
11651,23980,1532
11652,25602,0
11653,25497,96
11654,25602,0
11655,25602,0
11656,24765,778
11657,24797,748
11658,25602,0
11659,25602,0
11660,25602,0
11661,25097,466
11662,25602,0
11663,25602,0
11664,23225,2280
11665,25602,0
11666,25602,0
11667,25602,0
11668,25602,0
11669,25602,0
11670,25602,0
11671,25602,0
11672,25602,0
11673,25602,0
11674,25602,0
11675,25602,0
11676,25602,0
11677,25602,0
11678,25602,0
11679,25572,28
11680,25602,0
11681,25602,0
11682,25602,0
11683,24928,624
11684,25602,0
11685,25602,0
11686,25563,36
11687,25602,0
11688,25602,0
11689,25142,424
11690,25602,0
11691,25602,0
11692,25602,0
11693,25602,0
11694,25602,0
11695,25602,0
11696,25576,24
11697,25602,0
11698,25602,0
11699,25602,0
11700,25602,0
11701,25602,0
11702,25602,0
11703,25602,0
11704,25602,0
11705,25602,0
11706,25572,28
11707,24928,624
11708,23461,2044
11709,25602,0
11710,25602,0
11711,25602,0
11712,25602,0
11713,25602,0
11714,25576,24
11715,25497,96
11716,25602,0
11717,25602,0
11718,23357,2148
11719,25602,0
11720,23091,2416
11721,25602,0
11722,25576,24
11723,23399,2106
11724,25602,0
11725,25602,0
11726,25179,390
11727,25602,0
11728,25602,0
11729,25602,0
11730,24801,744
11731,25572,28
11732,25602,0
11733,25602,0
11734,25602,0
11735,24782,762
11736,25602,0
11737,25602,0
11738,25602,0
11739,25602,0
11740,25602,0
11741,25602,0
11742,25602,0
11743,25602,0
11744,25602,0
11745,25602,0
11746,25534,62
11747,25602,0
11748,25602,0
11749,25602,0
11750,25602,0
11751,19956,5830
11752,25602,0
11753,25602,0
11754,25602,0
11755,22992,2516
11756,24928,624
11757,25602,0
11758,25602,0
11759,25602,0
11760,25602,0
11761,25602,0
11762,25602,0
11763,25602,0
11764,25576,24
11765,25602,0
11766,25497,96
11767,24533,998
11768,25602,0
11769,25602,0
11770,25602,0
11771,25602,0
11772,8787,25024
11773,25602,0
11774,25602,0
11775,25602,0
11776,25602,0
11777,24245,1274
11778,25602,0
11779,25576,24
11780,25602,0
11781,25576,24
11782,25602,0
11783,25602,0
11784,25602,0
11785,25576,24
11786,25602,0
11787,25602,0
11788,25602,0
11789,25602,0
11790,25602,0
11791,25602,0
11792,25602,0
11793,25602,0
11794,25602,0
11795,25602,0
11796,23910,1600
11797,25602,0
11798,23227,2278
11799,25602,0
11800,25602,0
11801,25142,424
11802,25602,0
11803,25602,0
11804,25602,0
11805,25602,0
11806,25602,0
11807,21062,4568
11808,11340,19056
11809,25602,0
11810,21554,4028
11811,25576,24
11812,25602,0
11813,25602,0
11814,25602,0
11815,24809,736
11816,25602,0
11817,25602,0
11818,25602,0
11819,25274,302
11820,25602,0
11821,25602,0
11822,25602,0
11823,23381,2124
11824,25602,0
11825,25602,0
11826,23016,2492
11827,25602,0
11828,25602,0
11829,25602,0
11830,23477,2028
11831,25602,0
11832,25192,378
11833,25602,0
11834,25602,0
11835,25602,0
11836,22208,3328
11837,25602,0
11838,25602,0
11839,25563,36
11840,25602,0
11841,25602,0
11842,25602,0
11843,25602,0
11844,25602,0
11845,25602,0
11846,25602,0
11847,25602,0
11848,25602,0
11849,25602,0
11850,25067,494
11851,25602,0
11852,24078,1436
11853,25602,0
11854,25602,0
11855,25602,0
11856,25602,0
11857,25602,0
11858,25602,0
11859,25117,448
11860,25602,0
11861,25602,0
11862,25602,0
11863,13659,14702
11864,25602,0
11865,22221,3314
11866,25602,0
11867,25602,0
11868,25602,0
11869,25602,0
11870,25602,0
11871,25541,56
11872,25497,96
11873,25602,0
11874,25602,0
11875,25602,0
11876,25576,24
11877,25602,0
11878,25216,356
11879,25602,0
11880,25541,56
11881,25550,48
11882,25602,0
11883,25602,0
11884,25602,0
11885,25602,0
11886,25602,0
11887,25602,0
11888,25602,0
11889,25602,0
11890,25602,0
11891,25602,0
11892,25602,0
11893,25602,0
11894,25602,0
11895,25602,0
11896,25602,0
11897,25602,0
11898,25602,0
11899,25602,0
11900,25550,48
11901,25602,0
11902,25572,28
11903,25602,0
11904,25602,0
11905,25602,0
11906,24958,596
11907,24670,868
11908,25602,0
11909,25602,0
11910,25545,52
11911,25035,524
11912,25419,168
11913,25602,0
11914,25602,0
11915,25541,56
11916,24611,924
11917,25602,0
11918,25602,0
11919,25602,0
11920,25602,0
11921,25602,0
11922,19589,6264
11923,25602,0
11924,25602,0
11925,25602,0
11926,25602,0
11927,25602,0
11928,24928,624
11929,25510,84
11930,25602,0
11931,24748,794
11932,25031,528
11933,25602,0
11934,23529,1976
11935,25602,0
11936,25602,0
11937,25602,0
11938,25602,0
11939,25602,0
11940,25602,0
11941,25602,0
11942,25541,56
11943,25602,0
11944,25602,0
11945,25602,0
11946,24924,628
11947,24894,656
11948,25602,0
11949,25602,0
11950,25602,0
11951,25602,0
11952,25602,0
11953,25572,28
11954,25602,0
11955,25602,0
11956,25602,0
11957,25602,0
11958,25602,0
11959,25602,0
11960,25602,0
11961,25602,0
11962,25602,0
11963,25602,0
11964,22130,3410
11965,25602,0
11966,25602,0
11967,25602,0
11968,25602,0
11969,25602,0
11970,24651,886
11971,23461,2044
11972,25602,0
11973,25602,0
11974,25602,0
11975,25602,0
11976,25602,0
11977,25602,0
11978,25602,0
11979,25164,404
11980,25576,24
11981,25602,0
11982,25602,0
11983,25602,0
11984,25602,0
11985,25602,0
11986,25602,0
11987,25602,0
11988,25602,0
11989,25602,0
11990,25602,0
11991,25576,24
11992,25602,0
11993,25602,0
11994,25602,0
11995,25563,36
11996,25602,0
11997,25602,0
11998,25602,0
11999,25602,0
12000,25602,0
12001,25602,0
12002,25602,0
12003,25602,0
12004,25602,0
12005,25602,0
12006,25602,0
12007,25510,84
12008,25550,48
12009,25602,0
12010,25602,0
12011,25572,28
12012,25602,0
12013,25602,0
12014,25602,0
12015,25089,474
12016,25602,0
12017,25602,0
12018,25602,0
12019,25602,0
12020,25602,0
12021,25602,0
12022,25602,0
12023,25602,0
12024,25554,44
12025,25576,24
12026,25602,0
12027,25602,0
12028,25602,0
12029,25602,0
12030,25602,0
12031,25602,0
12032,25602,0
12033,22812,2700
12034,25602,0
12035,25576,24
12036,25602,0
12037,25602,0
12038,25602,0
12039,25602,0
12040,25602,0
12041,25545,52
12042,25602,0
12043,25480,112
12044,25602,0
12045,24704,836
12046,25602,0
12047,25117,448
12048,25602,0
12049,25602,0
12050,25602,0
12051,25602,0
12052,25602,0
12053,21374,4224
12054,22380,3148
12055,20389,5328
12056,23865,1644
12057,25572,28
12058,24214,1304
12059,25602,0
12060,25602,0
12061,25602,0
12062,25602,0
12063,15349,11972
12064,25572,28
12065,25602,0
12066,25602,0
12067,25602,0
12068,25602,0
12069,25602,0
12070,25602,0
12071,25602,0
12072,25602,0
12073,25563,36
12074,25602,0
12075,24801,744
12076,25602,0
12077,25602,0
12078,25602,0
12079,25602,0
12080,25602,0
12081,25602,0
12082,25602,0
12083,25602,0
12084,23108,2398
12085,25602,0
12086,25576,24
12087,25602,0
12088,23389,2116
12089,10880,20024
12090,25602,0
12091,25602,0
12092,25576,24
12093,25602,0
12094,25602,0
12095,25541,56
12096,23967,1544
12097,25354,228
12098,25602,0
12099,25602,0
12100,25602,0
12101,25602,0
12102,25602,0
12103,25602,0
12104,25602,0
12105,25602,0
12106,25602,0
12107,25602,0
12108,25602,0
12109,16504,10274
12110,25602,0
12111,23933,1578
12112,25373,210
12113,25602,0
12114,25602,0
12115,25602,0
12116,25602,0
12117,25602,0
12118,25602,0
12119,25602,0
12120,25602,0
12121,25602,0
12122,25602,0
12123,25602,0
12124,25602,0
12125,25602,0
12126,25602,0
12127,25602,0
12128,25602,0
12129,25602,0
12130,25521,74
12131,25602,0
12132,25602,0
12133,25602,0
12134,24533,998
12135,25602,0
12136,25602,0
12137,25602,0
12138,25602,0
12139,25602,0
12140,25602,0
12141,25602,0
12142,25602,0
12143,18868,7142
12144,15189,12218
12145,25576,24
12146,25602,0
12147,25332,248
12148,25471,120
12149,25602,0
12150,25515,80
12151,25602,0
12152,25602,0
12153,25602,0
12154,25602,0
12155,25602,0
12156,25602,0
12157,25602,0
12158,25563,36
12159,25602,0
12160,25602,0
12161,25602,0
12162,25602,0
12163,25602,0
12164,25602,0
12165,25602,0
12166,25602,0
12167,25602,0
12168,22401,3126
12169,25602,0
12170,25563,36
12171,22789,2724
12172,25602,0
12173,25602,0
12174,24289,1232
12175,25602,0
12176,25602,0
12177,25602,0
12178,25203,368
12179,25602,0
12180,25602,0
12181,24916,636
12182,25602,0
12183,25576,24
12184,25602,0
12185,25602,0
12186,25602,0
12187,25602,0
12188,25602,0
12189,25602,0
12190,25602,0
12191,25602,0
12192,25602,0
12193,25602,0
12194,25602,0
12195,25602,0
12196,25602,0
12197,25602,0
12198,25602,0
12199,25602,0
12200,25602,0
12201,25602,0
12202,25602,0
12203,25572,28
12204,20629,5054
12205,20132,5624
12206,25576,24
12207,22163,3376
12208,25602,0
12209,25602,0
12210,25602,0
12211,25602,0
12212,25602,0
12213,25572,28
12214,25602,0
12215,19512,6356
12216,24941,612
12217,25602,0
12218,25572,28
12219,25602,0
12220,25602,0
12221,24569,964
12222,22427,3098
12223,25602,0
12224,25602,0
12225,25602,0
12226,25602,0
12227,25602,0
12228,22789,2724
12229,25602,0
12230,25602,0
12231,25602,0
12232,24389,1136
12233,24401,1124
12234,25602,0
12235,25550,48
12236,21462,4128
12237,25602,0
12238,24809,736
12239,25602,0
12240,25602,0
12241,25523,72
12242,25497,96
12243,2945,50606
12244,25602,0
12245,23723,1784
12246,13566,14862
12247,25602,0
12248,25602,0
12249,25602,0
12250,23099,2408
12251,25602,0
12252,25602,0
12253,25602,0
12254,25602,0
12255,19978,5804
12256,25602,0
12257,25550,48
12258,25602,0
12259,25602,0
12260,25602,0
12261,25602,0
12262,25048,512
12263,23886,1624
12264,25602,0
12265,25602,0
12266,25563,36
12267,25602,0
12268,25602,0
12269,25602,0
12270,25602,0
12271,25602,0
12272,25602,0
12273,25602,0
12274,25602,0
12275,25602,0
12276,25602,0
12277,25602,0
12278,25602,0
12279,25602,0
12280,25602,0
12281,25576,24
12282,20390,5326
12283,25602,0
12284,25602,0
12285,25602,0
12286,25572,28
12287,25602,0
12288,24653,884
12289,25602,0
12290,25602,0
12291,25602,0
12292,25602,0
12293,25602,0
12294,25602,0
12295,25602,0
12296,25602,0
12297,25602,0
12298,25550,48
12299,23873,1636
12300,25246,328
12301,25602,0
12302,23425,2080
12303,25602,0
12304,25602,0
12305,25602,0
12306,25602,0
12307,25602,0
12308,25602,0
12309,25602,0
12310,23166,2340
12311,25602,0
12312,21824,3736
12313,25480,112
12314,25602,0
12315,25602,0
12316,25602,0
12317,25572,28
12318,24506,1024
12319,25602,0
12320,25465,126
12321,25175,394
12322,25602,0
12323,25602,0
12324,25602,0
12325,25602,0
12326,25602,0
12327,25602,0
12328,25499,94
12329,24822,724
12330,25602,0
12331,25602,0
12332,25602,0
12333,24552,980
12334,25602,0
12335,23261,2244
12336,25602,0
12337,25602,0
12338,25602,0
12339,22402,3124
12340,25602,0
12341,25602,0
12342,25602,0
12343,25602,0
12344,22479,3044
12345,25237,336
12346,25602,0
12347,25602,0
12348,25602,0
12349,25602,0
12350,25602,0
12351,25602,0
12352,25602,0
12353,25576,24
12354,24926,626
12355,25602,0
12356,25602,0
12357,25602,0
12358,25602,0
12359,25602,0
12360,25293,284
12361,25534,62
12362,25602,0
12363,25602,0
12364,25602,0
12365,25523,72
12366,25602,0
12367,24907,644
12368,25602,0
12369,25602,0
12370,25602,0
12371,25602,0
12372,25602,0
12373,25602,0
12374,21651,3922
12375,25602,0
12376,24483,1046
12377,25345,236
12378,25602,0
12379,25602,0
12380,25602,0
12381,25602,0
12382,25602,0
12383,25602,0
12384,25602,0
12385,25602,0
12386,25602,0
12387,24506,1024
12388,25602,0
12389,25602,0
12390,25602,0
12391,18696,7356
12392,25602,0
12393,25602,0
12394,25602,0
12395,24848,700
12396,25602,0
12397,25602,0
12398,25602,0
12399,24822,724
12400,25602,0
12401,25602,0
12402,25602,0
12403,24801,744
12404,25602,0
12405,25602,0
12406,25602,0
12407,25602,0
12408,25602,0
12409,25602,0
12410,25602,0
12411,25602,0
12412,25602,0
12413,25063,498
12414,25602,0
12415,25602,0
12416,25602,0
12417,24586,948
12418,25602,0
12419,24544,988
12420,25602,0
12421,25602,0
12422,25602,0
12423,25602,0
12424,25278,298
12425,25602,0
12426,25602,0
12427,25572,28
12428,25602,0
12429,25602,0
12430,25602,0
12431,25602,0
12432,25602,0
12433,25602,0
12434,25602,0
12435,24243,1276
12436,24623,912
12437,25602,0
12438,25229,344
12439,25602,0
12440,25602,0
12441,25602,0
12442,25130,436
12443,23083,2424
12444,25576,24
12445,25602,0
12446,25602,0
12447,25576,24
12448,25602,0
12449,24225,1294
12450,25541,56
12451,25602,0
12452,20536,5160
12453,8619,25476
12454,25602,0
12455,25602,0
12456,25031,528
12457,25602,0
12458,25602,0
12459,22816,2696
12460,25576,24
12461,24960,594
12462,25602,0
12463,25602,0
12464,25602,0
12465,25602,0
12466,25602,0
12467,25495,98
12468,25602,0
12469,25563,36
12470,25602,0
12471,25602,0
12472,3005,50136
12473,25602,0
12474,25602,0
12475,24173,1344
12476,21098,4528
12477,25602,0
12478,21352,4248
12479,23733,1774
12480,25035,524
12481,25602,0
12482,307,103548
12483,25602,0
12484,23377,2128
12485,25602,0
12486,25602,0
12487,25224,348
12488,16455,10344
12489,25602,0
12490,25602,0
12491,25602,0
12492,25602,0
12493,25602,0
12494,23483,2022
12495,24615,920
12496,25602,0
12497,24389,1136
12498,25602,0
12499,25602,0
12500,25517,78
12501,25602,0
12502,25602,0
12503,25602,0
12504,25602,0
12505,25576,24
12506,25563,36
12507,25602,0
12508,23369,2136
12509,25602,0
12510,25576,24
12511,25602,0
12512,25602,0
12513,25602,0
12514,25602,0
12515,25602,0
12516,25602,0
12517,25602,0
12518,25602,0
12519,25602,0
12520,21157,4462
12521,25602,0
12522,24716,824
12523,25602,0
12524,25602,0
12525,25602,0
12526,25602,0
12527,11797,18132
12528,25602,0
12529,25602,0
12530,25602,0
12531,25602,0
12532,25602,0
12533,25602,0
12534,25602,0
12535,25602,0
12536,25602,0
12537,25602,0
12538,25602,0
12539,25602,0
12540,25576,24
12541,25602,0
12542,25602,0
12543,25602,0
12544,25572,28
12545,25602,0
12546,25602,0
12547,24376,1148
12548,25602,0
12549,25602,0
12550,25550,48
12551,25602,0
12552,25602,0
12553,25602,0
12554,25602,0
12555,24937,616
12556,25602,0
12557,25576,24
12558,25602,0
12559,25602,0
12560,25602,0
12561,25602,0
12562,25602,0
12563,25246,328
12564,25250,324
12565,25602,0
12566,23877,1632
12567,25602,0
12568,23207,2298
12569,25602,0
12570,23150,2356
12571,25358,224
12572,25602,0
12573,24426,1100
12574,25602,0
12575,25602,0
12576,20476,5228
12577,24797,748
12578,25602,0
12579,25602,0
12580,25602,0
12581,25602,0
12582,25602,0
12583,22547,2974
12584,25602,0
12585,23507,1998
12586,25541,56
12587,25602,0
12588,25602,0
12589,25602,0
12590,25602,0
12591,25602,0
12592,25576,24
12593,25602,0
12594,25602,0
12595,25602,0
12596,25602,0
12597,20497,5204
12598,25602,0
12599,25602,0
12600,25602,0
12601,25572,28
12602,25602,0
12603,24659,878
12604,25602,0
12605,25602,0
12606,25602,0
12607,25550,48
12608,25602,0
12609,25602,0
12610,24297,1224
12611,25602,0
12612,25602,0
12613,25602,0
12614,25602,0
12615,25602,0
12616,25576,24
12617,25576,24
12618,25602,0
12619,25602,0
12620,25602,0
12621,24414,1112
12622,25602,0
12623,25602,0
12624,25602,0
12625,25576,24
12626,25250,324
12627,25602,0
12628,25602,0
12629,25602,0
12630,25602,0
12631,25602,0
12632,25602,0
12633,25572,28
12634,25576,24
12635,25602,0
12636,21283,4324
12637,194,114200
12638,25602,0
12639,25602,0
12640,25602,0
12641,16613,10120
12642,25602,0
12643,25602,0
12644,25602,0
12645,25563,36
12646,25602,0
12647,25602,0
12648,25572,28
12649,25304,274
12650,25550,48
12651,25602,0
12652,25602,0
12653,25602,0
12654,25497,96
12655,25572,28
12656,25602,0
12657,25484,108
12658,25602,0
12659,25602,0
12660,25602,0
12661,21929,3624
12662,25602,0
12663,25602,0
12664,25602,0
12665,22855,2656
12666,25602,0
12667,25602,0
12668,25541,56
12669,25602,0
12670,25602,0
12671,25576,24
12672,25602,0
12673,25602,0
12674,25602,0
12675,25250,324
12676,25602,0
12677,25602,0
12678,25602,0
12679,25602,0
12680,25602,0
12681,25014,544
12682,25602,0
12683,25602,0
12684,25602,0
12685,25602,0
12686,25602,0
12687,25602,0
12688,25602,0
12689,25602,0
12690,25602,0
12691,25497,96
12692,24136,1380
12693,25602,0
12694,24869,680
12695,24401,1124
12696,25602,0
12697,25602,0
12698,25602,0
12699,25572,28
12700,25602,0
12701,21841,3718
12702,25602,0
12703,25521,74
12704,25462,128
12705,25602,0
12706,25602,0
12707,25602,0
12708,25602,0
12709,25602,0
12710,25602,0
12711,25602,0
12712,25602,0
12713,23309,2196
12714,25602,0
12715,25550,48
12716,25602,0
12717,25602,0
12718,25602,0
12719,25602,0
12720,22855,2656
12721,25602,0
12722,25337,244
12723,25602,0
12724,21286,4320
12725,25602,0
12726,25602,0
12727,25602,0
12728,23678,1828
12729,25602,0
12730,25602,0
12731,25602,0
12732,25602,0
12733,25576,24
12734,25602,0
12735,25138,428
12736,25572,28
12737,25572,28
12738,25602,0
12739,25602,0
12740,25602,0
12741,25602,0
12742,25602,0
12743,25602,0
12744,25602,0
12745,25602,0
12746,25602,0
12747,25602,0
12748,25117,448
12749,25332,248
12750,25550,48
12751,25602,0
12752,25602,0
12753,25602,0
12754,25602,0
12755,25602,0
12756,25554,44
12757,24378,1146
12758,25602,0
12759,25602,0
12760,25602,0
12761,21650,3924
12762,25602,0
12763,25602,0
12764,25602,0
12765,25602,0
12766,25602,0
12767,25602,0
12768,25602,0
12769,25602,0
12770,25602,0
12771,25063,498
12772,25602,0
12773,25572,28
12774,25602,0
12775,25602,0
12776,24822,724
12777,25602,0
12778,20424,5288
12779,25602,0
12780,25602,0
12781,25602,0
12782,25602,0
12783,25602,0
12784,25602,0
12785,25602,0
12786,25602,0
12787,25602,0
12788,25602,0
12789,22027,3520
12790,25602,0
12791,25602,0
12792,25602,0
12793,25602,0
12794,25602,0
12795,11992,17748
12796,24693,846
12797,25602,0
12798,25602,0
12799,25602,0
12800,25602,0
12801,25602,0
12802,25602,0
12803,25419,168
12804,18908,7092
12805,25089,474
12806,25602,0
12807,25602,0
12808,25602,0
12809,25602,0
12810,25602,0
12811,25602,0
12812,25170,398
12813,25602,0
12814,25576,24
12815,25602,0
12816,25602,0
12817,25602,0
12818,25602,0
12819,23409,2096
12820,25602,0
12821,25602,0
12822,25602,0
12823,25602,0
12824,25602,0
12825,25572,28
12826,25602,0
12827,25602,0
12828,25602,0
12829,25576,24
12830,25602,0
12831,25602,0
12832,25602,0
12833,25602,0
12834,25602,0
12835,25519,76
12836,24871,678
12837,25550,48
12838,25358,224
12839,25354,228
12840,25602,0
12841,25602,0
12842,25602,0
12843,24099,1416
12844,25602,0
12845,25602,0
12846,25602,0
12847,25237,336
12848,25192,378
12849,25602,0
12850,25550,48
12851,25602,0
12852,25602,0
12853,25576,24
12854,25602,0
12855,25602,0
12856,25602,0
12857,25602,0
12858,24971,584
12859,25602,0
12860,14058,14028
12861,25602,0
12862,25602,0
12863,25550,48
12864,22495,3028
12865,25602,0
12866,25031,528
12867,25497,96
12868,25602,0
12869,8703,25248
12870,25602,0
12871,25572,28
12872,25602,0
12873,25602,0
12874,25602,0
12875,25602,0
12876,25602,0
12877,25602,0
12878,25602,0
12879,25602,0
12880,25602,0
12881,25602,0
12882,25602,0
12883,25602,0
12884,25602,0
12885,25602,0
12886,24988,568
12887,25410,176
12888,24704,836
12889,25445,144
12890,25602,0
12891,25497,96
12892,24368,1156
12893,25602,0
12894,25602,0
12895,25550,48
12896,25602,0
12897,25602,0
12898,23715,1792
12899,25602,0
12900,25602,0
12901,25563,36
12902,25602,0
12903,25602,0
12904,25602,0
12905,25602,0
12906,25572,28
12907,25602,0
12908,25602,0
12909,25121,444
12910,25602,0
12911,25602,0
12912,25602,0
12913,25576,24
12914,25602,0
12915,21968,3582
12916,24611,924
12917,23531,1974
12918,25602,0
12919,20811,4848
12920,25192,378
12921,25602,0
12922,25602,0
12923,25602,0
12924,25602,0
12925,25602,0
12926,25572,28
12927,25602,0
12928,25602,0
12929,25602,0
12930,23688,1818
12931,25602,0
12932,25602,0
12933,25602,0
12934,25602,0
12935,25602,0
12936,25602,0
12937,25602,0
12938,25602,0
12939,25602,0
12940,25602,0
12941,25602,0
12942,25602,0
12943,25602,0
12944,25563,36
12945,25602,0
12946,25602,0
12947,25602,0
12948,23449,2056
12949,25602,0
12950,25602,0
12951,25031,528
12952,25602,0
12953,25602,0
12954,25602,0
12955,25602,0
12956,25602,0
12957,25602,0
12958,25602,0
12959,25602,0
12960,25602,0
12961,25602,0
12962,25602,0
12963,25602,0
12964,25602,0
12965,25602,0
12966,25602,0
12967,25602,0
12968,25602,0
12969,25602,0
12970,25602,0
12971,25602,0
12972,23184,2322
12973,24045,1468
12974,25602,0
12975,25602,0
12976,25229,344
12977,25602,0
12978,25602,0
12979,25602,0
12980,25602,0
12981,24716,824
12982,25602,0
12983,25014,544
12984,25602,0
12985,25602,0
12986,25602,0
12987,25602,0
12988,25550,48
12989,25602,0
12990,25602,0
12991,25602,0
12992,25602,0
12993,25602,0
12994,25393,192
12995,25602,0
12996,23988,1524
12997,25602,0
12998,25576,24
12999,25602,0
13000,25602,0
13001,23904,1606
13002,25602,0
13003,25602,0
13004,25576,24
13005,24049,1464
13006,25602,0
13007,25602,0
13008,25602,0
13009,23291,2214
13010,24775,768
13011,25602,0
13012,25602,0
13013,25602,0
13014,25602,0
13015,25602,0
13016,25602,0
13017,25602,0
13018,25602,0
13019,25602,0
13020,25602,0
13021,25602,0
13022,25602,0
13023,24277,1244
13024,25602,0
13025,25602,0
13026,25602,0
13027,25602,0
13028,24982,574
13029,25602,0
13030,25602,0
13031,25602,0
13032,25602,0
13033,25602,0
13034,25602,0
13035,25602,0
13036,21414,4180
13037,25550,48
13038,25602,0
13039,23249,2256
13040,25602,0
13041,25602,0
13042,25602,0
13043,25602,0
13044,23810,1698
13045,25602,0
13046,21436,4156
13047,25602,0
13048,25602,0
13049,14945,12596
13050,25602,0
13051,25358,224
13052,25602,0
13053,25602,0
13054,25602,0
13055,23549,1956
13056,25138,428
13057,25602,0
13058,25602,0
13059,25602,0
13060,25550,48
13061,25054,506
13062,21981,3568
13063,25602,0
13064,25332,248
13065,20305,5424
13066,25602,0
13067,25602,0
13068,25602,0
13069,25602,0
13070,25602,0
13071,25602,0
13072,25602,0
13073,25602,0
13074,25602,0
13075,25602,0
13076,25602,0
13077,25602,0
13078,25602,0
13079,25602,0
13080,25602,0
13081,25602,0
13082,25473,118
13083,24539,992
13084,25602,0
13085,21004,4632
13086,25497,96
13087,25602,0
13088,25602,0
13089,23154,2352
13090,25602,0
13091,25602,0
13092,25602,0
13093,25341,240
13094,25031,528
13095,25602,0
13096,25602,0
13097,25602,0
13098,25602,0
13099,25550,48
13100,25602,0
13101,25602,0
13102,25602,0
13103,24148,1368
13104,25602,0
13105,25602,0
13106,24903,648
13107,24924,628
13108,25532,64
13109,25602,0
13110,25467,124
13111,25602,0
13112,24464,1064
13113,25602,0
13114,25537,60
13115,23281,2224
13116,23150,2356
13117,25602,0
13118,25602,0
13119,25602,0
13120,25532,64
13121,25302,276
13122,25602,0
13123,24297,1224
13124,25602,0
13125,25602,0
13126,25602,0
13127,9336,23606
13128,25602,0
13129,25602,0
13130,25602,0
13131,25602,0
13132,25602,0
13133,25576,24
13134,25550,48
13135,25602,0
13136,25602,0
13137,25602,0
13138,25602,0
13139,25602,0
13140,25602,0
13141,24928,624
13142,8198,26648
13143,25602,0
13144,25602,0
13145,25602,0
13146,25563,36
13147,24871,678
13148,25602,0
13149,25550,48
13150,25602,0
13151,25572,28
13152,25602,0
13153,25602,0
13154,25602,0
13155,22572,2948
13156,25545,52
13157,25602,0
13158,23682,1824
13159,25602,0
13160,25576,24
13161,25602,0
13162,25602,0
13163,25602,0
13164,23022,2486
13165,25080,482
13166,25602,0
13167,25602,0
13168,23886,1624
13169,25602,0
13170,25495,98
13171,25602,0
13172,24928,624
13173,25304,274
13174,25602,0
13175,25602,0
13176,25602,0
13177,23776,1732
13178,24264,1256
13179,25602,0
13180,25602,0
13181,25506,88
13182,25602,0
13183,25602,0
13184,25576,24
13185,25602,0
13186,25602,0
13187,25602,0
13188,25602,0
13189,25602,0
13190,25602,0
13191,25602,0
13192,25602,0
13193,25602,0
13194,24875,674
13195,25602,0
13196,25602,0
13197,25602,0
13198,24037,1476
13199,25602,0
13200,25602,0
13201,25602,0
13202,25602,0
13203,25602,0
13204,25602,0
13205,21033,4600
13206,25602,0
13207,24716,824
13208,25602,0
13209,25602,0
13210,23581,1924
13211,25602,0
13212,25602,0
13213,25602,0
13214,25602,0
13215,8808,24968
13216,25602,0
13217,25602,0
13218,25602,0
13219,16439,10366
13220,25602,0
13221,25602,0
13222,25602,0
13223,25576,24
13224,25602,0
13225,25602,0
13226,25576,24
13227,25602,0
13228,25602,0
13229,19185,6752
13230,25602,0
13231,25602,0
13232,25602,0
13233,25602,0
13234,25602,0
13235,24797,748
13236,25602,0
13237,25419,168
13238,25602,0
13239,24045,1468
13240,25602,0
13241,25089,474
13242,25602,0
13243,25602,0
13244,25602,0
13245,25602,0
13246,25576,24
13247,25550,48
13248,25497,96
13249,25602,0
13250,25602,0
13251,25602,0
13252,25108,456
13253,25602,0
13254,24797,748
13255,25602,0
13256,25602,0
13257,25602,0
13258,24349,1174
13259,25602,0
13260,25445,144
13261,25602,0
13262,25602,0
13263,25602,0
13264,25602,0
13265,25602,0
13266,25602,0
13267,25602,0
13268,25602,0
13269,23569,1936
13270,25602,0
13271,25602,0
13272,25602,0
13273,25121,444
13274,25541,56
13275,2393,55464
13276,25576,24
13277,25602,0
13278,25602,0
13279,25602,0
13280,24850,698
13281,25602,0
13282,25602,0
13283,25602,0
13284,25602,0
13285,2964,50456
13286,25602,0
13287,25602,0
13288,25602,0
13289,25602,0
13290,25602,0
13291,24525,1006
13292,25602,0
13293,25602,0
13294,25602,0
13295,25602,0
13296,25576,24
13297,25602,0
13298,25117,448
13299,25602,0
13300,25602,0
13301,25602,0
13302,25602,0
13303,25550,48
13304,25602,0
13305,25602,0
13306,18899,7104
13307,25602,0
13308,25602,0
13309,25602,0
13310,25602,0
13311,25602,0
13312,25602,0
13313,25602,0
13314,25602,0
13315,25602,0
13316,25031,528
13317,25602,0
13318,25602,0
13319,22916,2594
13320,22933,2576
13321,25602,0
13322,24918,634
13323,25602,0
13324,25602,0
13325,24586,948
13326,25423,164
13327,25602,0
13328,25602,0
13329,25602,0
13330,25602,0
13331,25602,0
13332,24192,1326
13333,6706,31348
13334,25576,24
13335,25014,544
13336,25576,24
13337,25602,0
13338,17190,9322
13339,25138,428
13340,25602,0
13341,24664,874
13342,25602,0
13343,25602,0
13344,25576,24
13345,25602,0
13346,25602,0
13347,25602,0
13348,25602,0
13349,23333,2172
13350,25602,0
13351,25010,548
13352,25576,24
13353,25602,0
13354,25602,0
13355,25550,48
13356,25602,0
13357,25602,0
13358,25602,0
13359,25602,0
13360,25602,0
13361,25602,0
13362,25602,0
13363,25602,0
13364,23984,1528
13365,25602,0
13366,25602,0
13367,25602,0
13368,25602,0
13369,25602,0
13370,25602,0
13371,25602,0
13372,23581,1924
13373,25602,0
13374,25602,0
13375,25602,0
13376,25602,0
13377,25441,148
13378,25576,24
13379,25602,0
13380,24818,728
13381,25250,324
13382,25602,0
13383,25602,0
13384,25602,0
13385,25602,0
13386,25602,0
13387,25602,0
13388,25602,0
13389,25602,0
13390,25602,0
13391,25602,0
13392,25602,0
13393,5730,35028
13394,25602,0
13395,25602,0
13396,25602,0
13397,25602,0
13398,25602,0
13399,25602,0
13400,25602,0
13401,25602,0
13402,25550,48
13403,25602,0
13404,25602,0
13405,25602,0
13406,25300,278
13407,25602,0
13408,25602,0
13409,25576,24
13410,25602,0
13411,25602,0
13412,25602,0
13413,25602,0
13414,25602,0
13415,25602,0
13416,24351,1172
13417,25602,0
13418,25602,0
13419,24877,672
13420,25602,0
13421,25576,24
13422,25550,48
13423,25602,0
13424,25306,272
13425,25602,0
13426,25602,0
13427,25602,0
13428,25576,24
13429,25602,0
13430,25602,0
13431,23662,1844
13432,25602,0
13433,25563,36
13434,25602,0
13435,25602,0
13436,25602,0
13437,24905,646
13438,21418,4176
13439,25602,0
13440,23461,2044
13441,25602,0
13442,25576,24
13443,25089,474
13444,23937,1574
13445,25602,0
13446,25358,224
13447,25602,0
13448,25602,0
13449,25602,0
13450,25602,0
13451,25454,136
13452,21387,4210
13453,25602,0
13454,25602,0
13455,25602,0
13456,25602,0
13457,25602,0
13458,25515,80
13459,25602,0
13460,25602,0
13461,25541,56
13462,25602,0
13463,25602,0
13464,24680,858
13465,25602,0
13466,25602,0
13467,25602,0
13468,25602,0
13469,25602,0
13470,25576,24
13471,25602,0
13472,25602,0
13473,25602,0
13474,25602,0
13475,25602,0
13476,25602,0
13477,25602,0
13478,25602,0
13479,24649,888
13480,18928,7068
13481,25602,0
13482,25602,0
13483,25602,0
13484,25602,0
13485,25602,0
13486,25602,0
13487,25432,156
13488,23014,2494
13489,25602,0
13490,25602,0
13491,25602,0
13492,15598,11596
13493,25602,0
13494,25602,0
13495,25602,0
13496,25576,24
13497,20967,4674
13498,25550,48
13499,25602,0
13500,25602,0
13501,25441,148
13502,25602,0
13503,25602,0
13504,25602,0
13505,25602,0
13506,25602,0
13507,25408,178
13508,25602,0
13509,13954,14202
13510,25602,0
13511,25602,0
13512,25602,0
13513,25602,0
13514,25602,0
13515,25521,74
13516,24877,672
13517,25602,0
13518,25602,0
13519,25602,0
13520,25602,0
13521,21861,3696
13522,25602,0
13523,25576,24
13524,25602,0
13525,25602,0
13526,25602,0
13527,25602,0
13528,25602,0
13529,25602,0
13530,25602,0
13531,25602,0
13532,25602,0
13533,25602,0
13534,24611,924
13535,25563,36
13536,25602,0
13537,25602,0
13538,22973,2536
13539,25602,0
13540,25602,0
13541,24245,1274
13542,25602,0
13543,25602,0
13544,25602,0
13545,25602,0
13546,23984,1528
13547,25121,444
13548,25602,0
13549,25602,0
13550,25602,0
13551,25602,0
13552,22882,2628
13553,25602,0
13554,25602,0
13555,25602,0
13556,25602,0
13557,25602,0
13558,25602,0
13559,25602,0
13560,23886,1624
13561,25602,0
13562,25602,0
13563,25602,0
13564,25550,48
13565,25602,0
13566,25602,0
13567,25602,0
13568,24138,1378
13569,25602,0
13570,24248,1272
13571,25602,0
13572,25602,0
13573,25602,0
13574,18425,7698
13575,25602,0
13576,25602,0
13577,25602,0
13578,25602,0
13579,25602,0
13580,23067,2440
13581,25602,0
13582,25467,124
13583,25602,0
13584,25602,0
13585,25602,0
13586,22937,2572
13587,25602,0
13588,25602,0
13589,25602,0
13590,25602,0
13591,25602,0
13592,25602,0
13593,25602,0
13594,25602,0
13595,21062,4568
13596,25602,0
13597,25602,0
13598,25602,0
13599,25602,0
13600,25602,0
13601,25602,0
13602,25602,0
13603,25489,104
13604,25602,0
13605,22738,2776
13606,23079,2428
13607,25602,0
13608,25602,0
13609,25602,0
13610,25602,0
13611,25602,0
13612,24277,1244
13613,21755,3810
13614,25602,0
13615,25602,0
13616,25602,0
13617,25602,0
13618,25602,0
13619,25602,0
13620,25602,0
13621,25602,0
13622,25196,374
13623,25196,374
13624,25602,0
13625,25602,0
13626,25602,0
13627,25602,0
13628,25602,0
13629,25576,24
13630,25602,0
13631,25602,0
13632,25602,0
13633,25602,0
13634,25602,0
13635,25602,0
13636,25602,0
13637,25602,0
13638,25602,0
13639,25602,0
13640,25602,0
13641,25576,24
13642,25497,96
13643,25602,0
13644,25602,0
13645,25602,0
13646,25572,28
13647,25602,0
13648,25550,48
13649,25602,0
13650,24243,1276
13651,25602,0
13652,25602,0
13653,25576,24
13654,25602,0
13655,25602,0
13656,25602,0
13657,21650,3924
13658,2876,51160
13659,25602,0
13660,25602,0
13661,25576,24
13662,25602,0
13663,25602,0
13664,25521,74
13665,25602,0
13666,25602,0
13667,25194,376
13668,25602,0
13669,25602,0
13670,25545,52
13671,25602,0
13672,25602,0
13673,25602,0
13674,25602,0
13675,25602,0
13676,25602,0
13677,25602,0
13678,25602,0
13679,25602,0
13680,23931,1580
13681,24956,598
13682,25602,0
13683,25602,0
13684,25572,28
13685,25602,0
13686,19788,6028
13687,25602,0
13688,25602,0
13689,25602,0
13690,14204,13786
13691,25462,128
13692,25602,0
13693,25067,494
13694,25602,0
13695,25602,0
13696,25510,84
13697,25515,80
13698,25216,356
13699,25602,0
13700,25602,0
13701,25602,0
13702,25602,0
13703,25602,0
13704,25602,0
13705,25602,0
13706,25602,0
13707,25345,236
13708,24916,636
13709,25602,0
13710,25471,120
13711,25602,0
13712,25602,0
13713,25602,0
13714,25602,0
13715,25602,0
13716,25602,0
13717,25602,0
13718,24429,1098
13719,25602,0
13720,25602,0
13721,25160,408
13722,25602,0
13723,25602,0
13724,25602,0
13725,25602,0
13726,16040,10942
13727,25602,0
13728,25602,0
13729,25550,48
13730,25602,0
13731,25602,0
13732,22034,3512
13733,25602,0
13734,25563,36
13735,23922,1588
13736,25602,0
13737,23079,2428
13738,25602,0
13739,3016,50048
13740,25602,0
13741,25602,0
13742,25602,0
13743,25602,0
13744,25602,0
13745,25602,0
13746,25576,24
13747,25432,156
13748,25602,0
13749,25373,210
13750,25602,0
13751,25602,0
13752,25602,0
13753,24642,894
13754,25602,0
13755,25602,0
13756,24916,636
13757,25602,0
13758,25602,0
13759,25602,0
13760,25602,0
13761,25445,144
13762,25602,0
13763,25602,0
13764,25602,0
13765,25602,0
13766,25602,0
13767,25602,0
13768,25010,548
13769,25602,0
13770,25602,0
13771,23469,2036
13772,25602,0
13773,22688,2828
13774,25602,0
13775,25602,0
13776,25602,0
13777,21557,4024
13778,25602,0
13779,2814,51668
13780,25602,0
13781,25602,0
13782,25602,0
13783,25602,0
13784,25602,0
13785,3174,48852
13786,25550,48
13787,25602,0
13788,25602,0
13789,23138,2368
13790,25602,0
13791,25602,0
13792,25602,0
13793,25602,0
13794,24786,758
13795,25602,0
13796,25602,0
13797,25602,0
13798,25602,0
13799,25602,0
13800,25602,0
13801,25602,0
13802,25065,496
13803,25602,0
13804,25602,0
13805,25602,0
13806,25602,0
13807,24460,1068
13808,23833,1676
13809,25602,0
13810,25602,0
13811,25602,0
13812,24506,1024
13813,24277,1244
13814,25602,0
13815,23682,1824
13816,25602,0
13817,25602,0
13818,25602,0
13819,25602,0
13820,25550,48
13821,25541,56
13822,25602,0
13823,25602,0
13824,25602,0
13825,25602,0
13826,25602,0
13827,25602,0
13828,25602,0
13829,25602,0
13830,24801,744
13831,25576,24
13832,25602,0
13833,25142,424
13834,23937,1574
13835,25602,0
13836,25602,0
13837,25572,28
13838,25602,0
13839,25035,524
13840,25602,0
13841,25602,0
13842,23261,2244
13843,25602,0
13844,25602,0
13845,22688,2828
13846,25602,0
13847,23527,1978
13848,25602,0
13849,25602,0
13850,25602,0
13851,25602,0
13852,23976,1536
13853,25602,0
13854,25602,0
13855,23043,2464
13856,25602,0
13857,25602,0
13858,25602,0
13859,25602,0
13860,25602,0
13861,25358,224
13862,25602,0
13863,25602,0
13864,25602,0
13865,25602,0
13866,25602,0
13867,25602,0
13868,25602,0
13869,25602,0
13870,25602,0
13871,25602,0
13872,25602,0
13873,25602,0
13874,2980,50324
13875,25602,0
13876,25602,0
13877,25602,0
13878,25602,0
13879,25224,348
13880,24586,948
13881,25602,0
13882,25602,0
13883,25602,0
13884,25602,0
13885,25602,0
13886,25602,0
13887,25602,0
13888,25467,124
13889,25602,0
13890,25541,56
13891,25602,0
13892,25602,0
13893,25602,0
13894,25602,0
13895,22886,2624
13896,25089,474
13897,25602,0
13898,25602,0
13899,25602,0
13900,25602,0
13901,22961,2548
13902,25602,0
13903,25192,378
13904,25523,72
13905,25602,0
13906,25572,28
13907,25602,0
13908,25602,0
13909,25602,0
13910,20893,4756
13911,25572,28
13912,25602,0
13913,25602,0
13914,25602,0
13915,25602,0
13916,25602,0
13917,25602,0
13918,25602,0
13919,25602,0
13920,25602,0
13921,25602,0
13922,25602,0
13923,19774,6044
13924,23682,1824
13925,25602,0
13926,25576,24
13927,25602,0
13928,25602,0
13929,25315,264
13930,25602,0
13931,25537,60
13932,25602,0
13933,25572,28
13934,25602,0
13935,25602,0
13936,25358,224
13937,25602,0
13938,25602,0
13939,25602,0
13940,25602,0
13941,25602,0
13942,674,85120
13943,25602,0
13944,20995,4642
13945,25175,394
13946,25602,0
13947,25345,236
13948,25602,0
13949,25602,0
13950,25602,0
13951,25602,0
13952,25602,0
13953,25602,0
13954,25602,0
13955,24695,844
13956,25602,0
13957,25602,0
13958,25602,0
13959,19673,6164
13960,25576,24
13961,25602,0
13962,19208,6724
13963,25602,0
13964,25602,0
13965,25010,548
13966,8395,26092
13967,25602,0
13968,25602,0
13969,25602,0
13970,25602,0
13971,25602,0
13972,24017,1496
13973,25602,0
13974,25602,0
13975,25602,0
13976,25521,74
13977,25602,0
13978,25602,0
13979,25602,0
13980,25602,0
13981,25602,0
13982,25602,0
13983,25602,0
13984,25602,0
13985,25602,0
13986,25602,0
13987,25224,348
13988,25602,0
13989,25602,0
13990,25602,0
13991,25602,0
13992,25602,0
13993,25602,0
13994,25602,0
13995,25602,0
13996,23967,1544
13997,25602,0
13998,25602,0
13999,25602,0
14000,24695,844
14001,25602,0
14002,25541,56
14003,25576,24
14004,25486,106
14005,25602,0
14006,25521,74
14007,25576,24
14008,25250,324
14009,25602,0
14010,25130,436
14011,25602,0
14012,25602,0
14013,22875,2636
14014,25602,0
14015,25602,0
14016,25602,0
14017,24481,1048
14018,25602,0
14019,15834,11244
14020,25602,0
14021,25602,0
14022,25602,0
14023,25602,0
14024,25602,0
14025,23784,1724
14026,25302,276
14027,25602,0
14028,25602,0
14029,25602,0
14030,25602,0
14031,25563,36
14032,25602,0
14033,25576,24
14034,25576,24
14035,8272,26436
14036,24293,1228
14037,25602,0
14038,23489,2016
14039,25602,0
14040,25602,0
14041,1,521180
14042,25602,0
14043,25602,0
14044,25602,0
14045,25602,0
14046,25602,0
14047,25602,0
14048,25602,0
14049,25602,0
14050,25602,0
14051,25602,0
14052,21217,4396
14053,25602,0
14054,25602,0
14055,25602,0
14056,25576,24
14057,25602,0
14058,25602,0
14059,12096,17546
14060,25324,256
14061,25602,0
14062,15882,11174
14063,25576,24
14064,25602,0
14065,25602,0
14066,25602,0
14067,25602,0
14068,21145,4476
14069,25602,0
14070,25602,0
14071,25602,0
14072,25602,0
14073,25250,324
14074,25602,0
14075,25602,0
14076,25602,0
14077,25602,0
14078,25602,0
14079,25602,0
14080,25602,0
14081,25602,0
14082,25602,0
14083,25602,0
14084,25602,0
14085,25142,424
14086,25602,0
14087,25602,0
14088,24714,826
14089,25602,0
14090,25602,0
14091,25602,0
14092,25602,0
14093,25602,0
14094,25602,0
14095,25602,0
14096,25602,0
14097,25602,0
14098,25602,0
14099,25602,0
14100,25576,24
14101,22324,3206
14102,25602,0
14103,25602,0
14104,22924,2586
14105,25602,0
14106,25602,0
14107,25602,0
14108,25602,0
14109,25550,48
14110,25602,0
14111,25602,0
14112,25602,0
14113,25602,0
14114,25602,0
14115,25602,0
14116,25602,0
14117,23571,1934
14118,25563,36
14119,25602,0
14120,25602,0
14121,25602,0
14122,24659,878
14123,24678,860
14124,25345,236
14125,25602,0
14126,25572,28
14127,25602,0
14128,25602,0
14129,25602,0
14130,25602,0
14131,24699,840
14132,25602,0
14133,25602,0
14134,25602,0
14135,25602,0
14136,25602,0
14137,25602,0
14138,25602,0
14139,25602,0
14140,25602,0
14141,25602,0
14142,20215,5528
14143,25602,0
14144,25602,0
14145,25602,0
14146,25602,0
14147,25576,24
14148,25602,0
14149,23786,1722
14150,25602,0
14151,25602,0
14152,25602,0
14153,25602,0
14154,25602,0
14155,25602,0
14156,25602,0
14157,25035,524
14158,25576,24
14159,25602,0
14160,25602,0
14161,25541,56
14162,25436,152
14163,25602,0
14164,25602,0
14165,25602,0
14166,25541,56
14167,25602,0
14168,25602,0
14169,25602,0
14170,3696,45292
14171,25572,28
14172,25602,0
14173,25602,0
14174,25602,0
14175,25602,0
14176,25602,0
14177,21888,3668
14178,25117,448
14179,25602,0
14180,24926,626
14181,25016,542
14182,25602,0
14183,22769,2744
14184,25602,0
14185,25602,0
14186,25602,0
14187,25142,424
14188,25602,0
14189,24982,574
14190,25602,0
14191,25602,0
14192,25602,0
14193,25532,64
14194,25602,0
14195,25602,0
14196,25602,0
14197,25087,476
14198,25480,112
14199,25602,0
14200,25602,0
14201,25602,0
14202,25576,24
14203,25602,0
14204,25602,0
14205,25602,0
14206,22045,3500
14207,25602,0
14208,25602,0
14209,25602,0
14210,25602,0
14211,25602,0
14212,25602,0
14213,25602,0
14214,25142,424
14215,25602,0
14216,25602,0
14217,24982,574
14218,25576,24
14219,25602,0
14220,25602,0
14221,25602,0
14222,25602,0
14223,25602,0
14224,25602,0
14225,25602,0
14226,25602,0
14227,25602,0
14228,25246,328
14229,25602,0
14230,25602,0
14231,19893,5904
14232,25602,0
14233,25602,0
14234,24408,1118
14235,25572,28
14236,25602,0
14237,25602,0
14238,19827,5982
14239,25550,48
14240,25602,0
14241,25602,0
14242,24848,700
14243,25602,0
14244,25602,0
14245,25572,28
14246,25602,0
14247,25602,0
14248,25602,0
14249,25602,0
14250,25602,0
14251,25602,0
14252,25602,0
14253,23937,1574
14254,25467,124
14255,25602,0
14256,25602,0
14257,24611,924
14258,25517,78
14259,25602,0
14260,25602,0
14261,25602,0
14262,25602,0
14263,25550,48
14264,12547,16688
14265,25602,0
14266,25602,0
14267,13113,15656
14268,25602,0
14269,19333,6572
14270,25304,274
14271,25602,0
14272,25337,244
14273,25602,0
14274,25602,0
14275,25602,0
14276,25602,0
14277,25289,288
14278,25602,0
14279,25602,0
14280,25602,0
14281,25602,0
14282,25602,0
14283,25602,0
14284,23241,2264
14285,25602,0
14286,25602,0
14287,25602,0
14288,25550,48
14289,25602,0
14290,25602,0
14291,25602,0
14292,25602,0
14293,25602,0
14294,20158,5594
14295,25602,0
14296,25602,0
14297,25602,0
14298,25602,0
14299,25602,0
14300,25602,0
14301,25602,0
14302,25602,0
14303,25602,0
14304,25602,0
14305,25602,0
14306,25602,0
14307,25194,376
14308,25602,0
14309,25602,0
14310,25602,0
14311,25602,0
14312,25602,0
14313,25602,0
14314,25602,0
14315,25602,0
14316,24778,766
14317,25602,0
14318,25602,0
14319,25602,0
14320,24712,828
14321,25602,0
14322,11029,19706
14323,24429,1098
14324,25602,0
14325,25523,72
14326,25602,0
14327,25602,0
14328,25445,144
14329,24607,928
14330,25602,0
14331,25576,24
14332,25602,0
14333,25602,0
14334,25602,0
14335,25602,0
14336,25602,0
14337,25576,24
14338,25602,0
14339,25534,62
14340,25602,0
14341,25602,0
14342,25602,0
14343,25035,524
14344,25602,0
14345,25196,374
14346,25602,0
14347,25602,0
14348,25602,0
14349,25602,0
14350,25602,0
14351,25602,0
14352,25602,0
14353,25602,0
14354,25602,0
14355,21720,3848
14356,24640,896
14357,25250,324
14358,25602,0
14359,22965,2544
14360,23607,1898
14361,25602,0
14362,25602,0
14363,22692,2824
14364,25602,0
14365,25602,0
14366,25602,0
14367,25602,0
14368,23231,2274
14369,25602,0
14370,23407,2098
14371,25602,0
14372,25602,0
14373,22692,2824
14374,22692,2824
14375,25602,0
14376,25602,0
14377,24924,628
14378,25602,0
14379,25602,0
14380,25602,0
14381,25602,0
14382,25602,0
14383,25602,0
14384,25602,0
14385,24068,1446
14386,25602,0
14387,25602,0
14388,25602,0
14389,25550,48
14390,25602,0
14391,25602,0
14392,25602,0
14393,25602,0
14394,25602,0
14395,25602,0
14396,25602,0
14397,25602,0
14398,25602,0
14399,25602,0
14400,25602,0
14401,25572,28
14402,25602,0
14403,25358,224
14404,25523,72
14405,25602,0
14406,25602,0
14407,1005,75762
14408,25602,0
14409,25602,0
14410,25602,0
14411,25602,0
14412,25602,0
14413,25602,0
14414,25602,0
14415,24850,698
14416,25602,0
14417,25602,0
14418,19284,6632
14419,25576,24
14420,25602,0
14421,25576,24
14422,25572,28
14423,25602,0
14424,24801,744
14425,25602,0
14426,25602,0
14427,25602,0
14428,25602,0
14429,25602,0
14430,25602,0
14431,25602,0
14432,25445,144
14433,24037,1476
14434,25602,0
14435,25602,0
14436,25602,0
14437,25602,0
14438,21085,4542
14439,25602,0
14440,23170,2336
14441,25602,0
14442,25602,0
14443,16400,10422
14444,1,228354
14445,25602,0
14446,25602,0
14447,25602,0
14448,25602,0
14449,25602,0
14450,25602,0
14451,25602,0
14452,25602,0
14453,25602,0
14454,25602,0
14455,25602,0
14456,24822,724
14457,25602,0
14458,25602,0
14459,25602,0
14460,25602,0
14461,25602,0
14462,25602,0
14463,25602,0
14464,22380,3148
14465,25602,0
14466,25602,0
14467,24801,744
14468,25602,0
14469,25602,0
14470,25602,0
14471,25602,0
14472,25602,0
14473,25602,0
14474,25602,0
14475,25602,0
14476,25602,0
14477,24472,1056
14478,25521,74
14479,25602,0
14480,25602,0
14481,25602,0
14482,25602,0
14483,25576,24
14484,25602,0
14485,25140,426
14486,25602,0
14487,25602,0
14488,25602,0
14489,25602,0
14490,25602,0
14491,25602,0
14492,25602,0
14493,25602,0
14494,25602,0
14495,25602,0
14496,25196,374
14497,25602,0
14498,24691,848
14499,25602,0
14500,25602,0
14501,25602,0
14502,25602,0
14503,25602,0
14504,25602,0
14505,23682,1824
14506,25602,0
14507,25602,0
14508,25602,0
14509,25602,0
14510,25602,0
14511,24729,812
14512,25602,0
14513,25602,0
14514,24828,718
14515,25602,0
14516,23650,1856
14517,25602,0
14518,25602,0
14519,25602,0
14520,25602,0
14521,25602,0
14522,25602,0
14523,25602,0
14524,25602,0
14525,25602,0
14526,25602,0
14527,25602,0
14528,25602,0
14529,25602,0
14530,25576,24
14531,25602,0
14532,25602,0
14533,25602,0
14534,25602,0
14535,25576,24
14536,24175,1342
14537,25602,0
14538,25576,24
14539,25117,448
14540,23881,1628
14541,24245,1274
14542,19461,6418
14543,25489,104
14544,25602,0
14545,12115,17508
14546,19035,6936
14547,3544,46274
14548,25602,0
14549,25602,0
14550,25563,36
14551,25602,0
14552,25602,0
14553,25602,0
14554,25602,0
14555,25602,0
14556,25602,0
14557,25602,0
14558,25602,0
14559,25345,236
14560,25576,24
14561,25602,0
14562,25602,0
14563,25545,52
14564,21646,3928
14565,25602,0
14566,24460,1068
14567,25602,0
14568,25602,0
14569,25602,0
14570,24556,976
14571,22500,3022
14572,25602,0
14573,25602,0
14574,25602,0
14575,25602,0
14576,25602,0
14577,25576,24
14578,25602,0
14579,25602,0
14580,25602,0
14581,25602,0
14582,25602,0
14583,25602,0
14584,24401,1124
14585,25602,0
14586,25602,0
14587,25602,0
14588,25602,0
14589,19274,6644
14590,25031,528
14591,25602,0
14592,25602,0
14593,25602,0
14594,25602,0
14595,25602,0
14596,25602,0
14597,25493,100
14598,25386,198
14599,25602,0
14600,25602,0
14601,25194,376
14602,25602,0
14603,24716,824
14604,25602,0
14605,23148,2358
14606,25602,0
14607,21557,4024
14608,25602,0
14609,25602,0
14610,23281,2224
14611,25602,0
14612,25602,0
14613,25602,0
14614,25602,0
14615,25576,24
14616,25602,0
14617,25602,0
14618,25602,0
14619,25602,0
14620,17610,8756
14621,25602,0
14622,21462,4128
14623,25602,0
14624,25602,0
14625,25602,0
14626,25602,0
14627,25602,0
14628,25602,0
14629,25602,0
14630,25602,0
14631,25602,0
14632,25602,0
14633,25467,124
14634,25602,0
14635,25602,0
14636,25550,48
14637,19598,6254
14638,17410,9024
14639,25602,0
14640,25602,0
14641,25602,0
14642,25203,368
14643,25602,0
14644,24460,1068
14645,25602,0
14646,21817,3744
14647,25576,24
14648,25602,0
14649,24960,594
14650,25602,0
14651,25602,0
14652,24481,1048
14653,25602,0
14654,25602,0
14655,24691,848
14656,25602,0
14657,25063,498
14658,25602,0
14659,25014,544
14660,25602,0
14661,25010,548
14662,25602,0
14663,25572,28
14664,25497,96
14665,25602,0
14666,25534,62
14667,25602,0
14668,25602,0
14669,25602,0
14670,25602,0
14671,25602,0
14672,25602,0
14673,25576,24
14674,25602,0
14675,25602,0
14676,25602,0
14677,25602,0
14678,25089,474
14679,24852,696
14680,25602,0
14681,20979,4660
14682,25602,0
14683,25602,0
14684,25602,0
14685,25602,0
14686,24487,1042
14687,25602,0
14688,25602,0
14689,25602,0
14690,8412,26046
14691,25602,0
14692,25602,0
14693,25602,0
14694,25602,0
14695,25602,0
14696,25602,0
14697,16469,10324
14698,25602,0
14699,25602,0
14700,25602,0
14701,25602,0
14702,25602,0
14703,25602,0
14704,25602,0
14705,25499,94
14706,25602,0
14707,24729,812
14708,25602,0
14709,25602,0
14710,25576,24
14711,25117,448
14712,25412,174
14713,25602,0
14714,25602,0
14715,25602,0
14716,25602,0
14717,25602,0
14718,25602,0
14719,25602,0
14720,25602,0
14721,25602,0
14722,25602,0
14723,25602,0
14724,25602,0
14725,25602,0
14726,25602,0
14727,25602,0
14728,25170,398
14729,25602,0
14730,25602,0
14731,25602,0
14732,25602,0
14733,25602,0
14734,25602,0
14735,24716,824
14736,24928,624
14737,25572,28
14738,25602,0
14739,25602,0
14740,25602,0
14741,25602,0
14742,25602,0
14743,25602,0
14744,25602,0
14745,25121,444
14746,25602,0
14747,25602,0
14748,25572,28
14749,25031,528
14750,25602,0
14751,24406,1120
14752,24903,648
14753,25602,0
14754,25602,0
14755,25523,72
14756,25602,0
14757,25602,0
14758,22980,2528
14759,25602,0
14760,23881,1628
14761,25602,0
14762,21328,4274
14763,24066,1448
14764,25602,0
14765,25602,0
14766,24640,896
14767,25602,0
14768,25602,0
14769,25602,0
14770,25602,0
14771,25602,0
14772,25300,278
14773,25602,0
14774,24928,624
14775,25602,0
14776,23541,1964
14777,24916,636
14778,25602,0
14779,23824,1684
14780,25602,0
14781,25602,0
14782,25602,0
14783,23812,1696
14784,25602,0
14785,25602,0
14786,25412,174
14787,23682,1824
14788,25602,0
14789,25602,0
14790,25602,0
14791,25602,0
14792,4977,38326
14793,25602,0
14794,25602,0
14795,25602,0
14796,25602,0
14797,25602,0
14798,25602,0
14799,25142,424
14800,24535,996
14801,25550,48
14802,8675,25324
14803,25602,0
14804,25576,24
14805,25602,0
14806,25602,0
14807,25602,0
14808,25602,0
14809,25602,0
14810,25602,0
14811,25602,0
14812,24431,1096
14813,23231,2274
14814,25602,0
14815,25602,0
14816,25563,36
14817,25602,0
14818,25550,48
14819,25602,0
14820,25602,0
14821,25602,0
14822,15517,11718
14823,25576,24
14824,25602,0
14825,25602,0
14826,25089,474
14827,25602,0
14828,25099,464
14829,25602,0
14830,25602,0
14831,25602,0
14832,25602,0
14833,25602,0
14834,25602,0
14835,15929,11104
14836,23662,1844
14837,25602,0
14838,25391,194
14839,25602,0
14840,25602,0
14841,25576,24
14842,25602,0
14843,25602,0
14844,25602,0
14845,25602,0
14846,25602,0
14847,25602,0
14848,23032,2476
14849,20744,4924
14850,25458,132
14851,23359,2146
14852,25602,0
14853,25602,0
14854,25602,0
14855,25576,24
14856,25602,0
14857,25602,0
14858,25602,0
14859,25602,0
14860,25602,0
14861,25576,24
14862,33,156024
14863,25467,124
14864,25602,0
14865,21546,4036
14866,25602,0
14867,25602,0
14868,25602,0
14869,25602,0
14870,25602,0
14871,25602,0
14872,25304,274
14873,25602,0
14874,25602,0
14875,25523,72
14876,25602,0
14877,25602,0
14878,25602,0
14879,25602,0
14880,25229,344
14881,25602,0
14882,25541,56
14883,25602,0
14884,25602,0
14885,25602,0
14886,25602,0
14887,25602,0
14888,25602,0
14889,25602,0
14890,25602,0
14891,25602,0
14892,25602,0
14893,25576,24
14894,25602,0
14895,25602,0
14896,25602,0
14897,25602,0
14898,25576,24
14899,25576,24
14900,25602,0
14901,25602,0
14902,25602,0
14903,13045,15778
14904,25602,0
14905,25602,0
14906,197,113896
14907,25602,0
14908,25602,0
14909,25467,124
14910,25576,24
14911,25602,0
14912,25541,56
14913,24285,1236
14914,25602,0
14915,25576,24
14916,25602,0
14917,25602,0
14918,25602,0
14919,25602,0
14920,25602,0
14921,25576,24
14922,24788,756
14923,25602,0
14924,24272,1248
14925,25602,0
14926,25602,0
14927,25602,0
14928,25602,0
14929,24882,668
14930,25602,0
14931,18808,7216
14932,25602,0
14933,14687,13004
14934,24449,1078
14935,25602,0
14936,25602,0
14937,2381,55576
14938,25602,0
14939,24376,1148
14940,25550,48
14941,25602,0
14942,25602,0
14943,25602,0
14944,25602,0
14945,22267,3266
14946,17228,9270
14947,25602,0
14948,341,101028
14949,25602,0
14950,25602,0
14951,25602,0
14952,25602,0
14953,25602,0
14954,25602,0
14955,25602,0
14956,25602,0
14957,25602,0
14958,25602,0
14959,25454,136
14960,25602,0
14961,25602,0
14962,25602,0
14963,22113,3428
14964,25602,0
14965,25358,224
14966,25602,0
14967,25216,356
14968,25602,0
14969,24935,618
14970,25602,0
14971,25602,0
14972,25602,0
14973,25602,0
14974,24712,828
14975,25602,0
14976,25602,0
14977,25602,0
14978,25602,0
14979,25602,0
14980,25602,0
14981,25602,0
14982,25602,0
14983,25602,0
14984,25246,328
14985,25602,0
14986,25602,0
14987,5440,36244
14988,25602,0
14989,25602,0
14990,25602,0
14991,25602,0
14992,25515,80
14993,25602,0
14994,25602,0
14995,25602,0
14996,25602,0
14997,25602,0
14998,25602,0
14999,25602,0
15000,25602,0
15001,24948,606
15002,25602,0
15003,17462,8954
15004,25602,0
15005,25602,0
15006,25602,0
15007,25602,0
15008,25010,548
15009,25602,0
15010,21290,4316
15011,25602,0
15012,25602,0
15013,25602,0
15014,25602,0
15015,25602,0
15016,25602,0
15017,25602,0
15018,25602,0
15019,23033,2474
15020,25602,0
15021,25602,0
15022,25602,0
15023,25602,0
15024,25602,0
15025,25602,0
15026,25602,0
15027,23859,1650
15028,25602,0
15029,24664,874
15030,25078,484
15031,25602,0
15032,25602,0
15033,25550,48
15034,25523,72
15035,21272,4336
15036,25602,0
15037,25602,0
15038,25602,0
15039,25602,0
15040,25602,0
15041,25602,0
15042,25602,0
15043,25602,0
15044,25332,248
15045,25602,0
15046,25005,552
15047,25602,0
15048,25602,0
15049,25602,0
15050,25602,0
15051,25602,0
15052,22134,3406
15053,25576,24
15054,25602,0
15055,25602,0
15056,25602,0
15057,25602,0
15058,25602,0
15059,25602,0
15060,24366,1158
15061,25602,0
15062,25602,0
15063,25602,0
15064,25602,0
15065,25084,478
15066,22992,2516
15067,25602,0
15068,25602,0
15069,25602,0
15070,25572,28
15071,25602,0
15072,21737,3830
15073,25602,0
15074,25572,28
15075,24345,1178
15076,25602,0
15077,25602,0
15078,25602,0
15079,19623,6224
15080,25602,0
15081,25602,0
15082,25467,124
15083,25602,0
15084,25602,0
15085,25602,0
15086,25602,0
15087,25602,0
15088,25138,428
15089,25602,0
15090,25121,444
15091,25602,0
15092,25602,0
15093,25602,0
15094,25576,24
15095,25602,0
15096,25602,0
15097,25108,456
15098,21620,3956
15099,25254,320
15100,25602,0
15101,25602,0
15102,25602,0
15103,25602,0
15104,25602,0
15105,22525,2996
15106,25194,376
15107,25602,0
15108,25371,212
15109,25602,0
15110,25602,0
15111,24716,824
15112,23301,2204
15113,25602,0
15114,25602,0
15115,25602,0
15116,21557,4024
15117,25563,36
15118,25602,0
15119,25602,0
15120,17434,8992
15121,25602,0
15122,25576,24
15123,25602,0
15124,25332,248
15125,25602,0
15126,25332,248
15127,25602,0
15128,25602,0
15129,17713,8620
15130,25602,0
15131,25602,0
15132,25602,0
15133,25445,144
15134,25602,0
15135,25031,528
15136,25602,0
15137,25602,0
15138,25602,0
15139,25602,0
15140,10754,20298
15141,25602,0
15142,25550,48
15143,25602,0
15144,8632,25440
15145,25602,0
15146,25332,248
15147,25602,0
15148,25602,0
15149,25602,0
15150,25602,0
15151,25602,0
15152,25602,0
15153,24788,756
15154,25576,24
15155,23772,1736
15156,25572,28
15157,25602,0
15158,25602,0
15159,25602,0
15160,25550,48
15161,25602,0
15162,25341,240
15163,23102,2404
15164,25602,0
15165,25602,0
15166,25602,0
15167,25602,0
15168,25602,0
15169,25602,0
15170,25602,0
15171,25602,0
15172,25602,0
15173,23507,1998
15174,25602,0
15175,25602,0
15176,25602,0
15177,25602,0
15178,23955,1556
15179,25602,0
15180,25445,144
15181,25602,0
15182,25272,304
15183,25602,0
15184,25602,0
15185,25602,0
15186,25602,0
15187,25572,28
15188,25602,0
15189,25602,0
15190,25602,0
15191,23152,2354
15192,25493,100
15193,24225,1294
15194,25337,244
15195,25602,0
15196,25358,224
15197,25076,486
15198,25467,124
15199,25602,0
15200,25602,0
15201,25602,0
15202,25576,24
15203,25602,0
15204,25602,0
15205,25602,0
15206,25602,0
15207,25602,0
15208,25602,0
15209,25602,0
15210,25602,0
15211,25138,428
15212,25602,0
15213,25602,0
15214,25602,0
15215,25563,36
15216,25010,548
15217,25602,0
15218,25602,0
15219,23257,2248
15220,23461,2044
15221,25602,0
15222,25576,24
15223,25602,0
15224,25602,0
15225,20994,4644
15226,24586,948
15227,25576,24
15228,25602,0
15229,25602,0
15230,25602,0
15231,25602,0
15232,24982,574
15233,24778,766
15234,25602,0
15235,25602,0
15236,25602,0
15237,25602,0
15238,23227,2278
15239,25602,0
15240,25602,0
15241,25537,60
15242,24924,628
15243,25602,0
15244,25602,0
15245,25602,0
15246,23581,1924
15247,25602,0
15248,25602,0
15249,25602,0
15250,25602,0
15251,25602,0
15252,25602,0
15253,25602,0
15254,2841,51444
15255,25519,76
15256,25602,0
15257,25602,0
15258,25300,278
15259,25602,0
15260,25602,0
15261,25602,0
15262,25602,0
15263,25602,0
15264,25602,0
15265,25602,0
15266,23937,1574
15267,24651,886
15268,25602,0
15269,25602,0
15270,25602,0
15271,25602,0
15272,25602,0
15273,25480,112
15274,25602,0
15275,21319,4284
15276,25602,0
15277,25602,0
15278,25602,0
15279,23257,2248
15280,25602,0
15281,25602,0
15282,25563,36
15283,25602,0
15284,22738,2776
15285,25602,0
15286,25602,0
15287,25602,0
15288,25602,0
15289,25602,0
15290,25415,172
15291,25602,0
15292,25602,0
15293,25602,0
15294,25602,0
15295,25602,0
15296,25602,0
15297,25572,28
15298,25602,0
15299,25602,0
15300,25602,0
15301,25602,0
15302,6985,30394
15303,24852,696
15304,25602,0
15305,25489,104
15306,23037,2470
15307,25602,0
15308,25602,0
15309,25602,0
15310,25602,0
15311,25602,0
15312,17460,8956
15313,25602,0
15314,25602,0
15315,25602,0
15316,25602,0
15317,25576,24
15318,25602,0
15319,25602,0
15320,22591,2928
15321,25602,0
15322,25462,128
15323,23886,1624
15324,25602,0
15325,25602,0
15326,25602,0
15327,25602,0
15328,25602,0
15329,25602,0
15330,25576,24
15331,25602,0
15332,25602,0
15333,25576,24
15334,25602,0
15335,25602,0
15336,25602,0
15337,25476,116
15338,25602,0
15339,25602,0
15340,25602,0
15341,25602,0
15342,25602,0
15343,25563,36
15344,25602,0
15345,25602,0
15346,25497,96
15347,25602,0
15348,25602,0
15349,24928,624
15350,25499,94
15351,25602,0
15352,25602,0
15353,25602,0
15354,25602,0
15355,25602,0
15356,25602,0
15357,25602,0
15358,25224,348
15359,25602,0
15360,25602,0
15361,24691,848
15362,25602,0
15363,25602,0
15364,25602,0
15365,25602,0
15366,25602,0
15367,25602,0
15368,25602,0
15369,25602,0
15370,25576,24
15371,25602,0
15372,25602,0
15373,25602,0
15374,25142,424
15375,25602,0
15376,25602,0
15377,25602,0
15378,25224,348
15379,25576,24
15380,25602,0
15381,14058,14028
15382,25602,0
15383,23389,2116
15384,25602,0
15385,25602,0
15386,25572,28
15387,25602,0
15388,25602,0
15389,25602,0
15390,25602,0
15391,17942,8320
15392,25602,0
15393,25602,0
15394,25602,0
15395,25523,72
15396,25602,0
15397,25602,0
15398,25602,0
15399,25602,0
15400,25602,0
15401,25602,0
15402,25602,0
15403,25576,24
15404,25602,0
15405,10914,19952
15406,24356,1168
15407,25602,0
15408,25602,0
15409,25602,0
15410,25602,0
15411,25602,0
15412,25602,0
15413,25602,0
15414,25602,0
15415,25563,36
15416,25602,0
15417,25602,0
15418,25602,0
15419,25602,0
15420,25602,0
15421,25602,0
15422,25602,0
15423,25572,28
15424,25183,386
15425,23894,1616
15426,25602,0
15427,25602,0
15428,22961,2548
15429,25602,0
15430,25602,0
15431,25602,0
15432,25602,0
15433,25602,0
15434,25602,0
15435,25550,48
15436,25602,0
15437,25602,0
15438,25602,0
15439,25121,444
15440,23733,1774
15441,25602,0
15442,25602,0
15443,25602,0
15444,25602,0
15445,25602,0
15446,25602,0
15447,25602,0
15448,25602,0
15449,25602,0
15450,25602,0
15451,25602,0
15452,25602,0
15453,25602,0
15454,25393,192
15455,25602,0
15456,25602,0
15457,25076,486
15458,25602,0
15459,24493,1036
15460,25602,0
15461,25602,0
15462,25602,0
15463,25602,0
15464,24691,848
15465,25358,224
15466,24984,572
15467,23670,1836
15468,25602,0
15469,25602,0
15470,25602,0
15471,25602,0
15472,25602,0
15473,25602,0
15474,25436,152
15475,25602,0
15476,23457,2048
15477,25545,52
15478,23079,2428
15479,25602,0
15480,25602,0
15481,25602,0
15482,25497,96
15483,25602,0
15484,2890,51042
15485,25602,0
15486,25576,24
15487,25602,0
15488,25602,0
15489,25117,448
15490,25602,0
15491,25602,0
15492,25602,0
15493,25602,0
15494,25602,0
15495,25602,0
15496,25602,0
15497,24988,568
15498,25602,0
15499,25602,0
15500,25465,126
15501,25602,0
15502,24454,1074
15503,25602,0
15504,25602,0
15505,25602,0
15506,25602,0
15507,22034,3512
15508,25602,0
15509,25602,0
15510,3019,50024
15511,25602,0
15512,25602,0
15513,25304,274
15514,25602,0
15515,25602,0
15516,25602,0
15517,25572,28
15518,25602,0
15519,25602,0
15520,25602,0
15521,25602,0
15522,24433,1094
15523,25602,0
15524,25602,0
15525,23721,1786
15526,25602,0
15527,25602,0
15528,25602,0
15529,25602,0
15530,25602,0
15531,25602,0
15532,25430,158
15533,18562,7524
15534,25576,24
15535,25602,0
15536,25602,0
15537,25291,286
15538,25602,0
15539,25602,0
15540,25602,0
15541,25602,0
15542,15646,11524
15543,25602,0
15544,25602,0
15545,25602,0
15546,25521,74
15547,25572,28
15548,25602,0
15549,25031,528
15550,25602,0
15551,24324,1198
15552,25602,0
15553,25602,0
15554,25576,24
15555,25602,0
15556,25602,0
15557,25602,0
15558,25602,0
15559,25602,0
15560,24256,1264
15561,25602,0
15562,25510,84
15563,25602,0
15564,25602,0
15565,22076,3468
15566,23581,1924
15567,25602,0
15568,25602,0
15569,25541,56
15570,25602,0
15571,25602,0
15572,25602,0
15573,25602,0
15574,25602,0
15575,25602,0
15576,25602,0
15577,25602,0
15578,23648,1858
15579,25602,0
15580,25602,0
15581,25602,0
15582,23477,2028
15583,25602,0
15584,25602,0
15585,25602,0
15586,25602,0
15587,25602,0
15588,25602,0
15589,25602,0
15590,25602,0
15591,25576,24
15592,25602,0
15593,25602,0
15594,25602,0
15595,25602,0
15596,25602,0
15597,25343,238
15598,25602,0
15599,25602,0
15600,23688,1818
15601,25602,0
15602,25602,0
15603,25602,0
15604,25602,0
15605,25602,0
15606,25602,0
15607,25602,0
15608,22894,2616
15609,25602,0
15610,25572,28
15611,23798,1710
15612,25602,0
15613,25519,76
15614,25602,0
15615,18229,7948
15616,23984,1528
15617,25602,0
15618,25602,0
15619,25602,0
15620,25602,0
15621,25354,228
15622,25602,0
15623,25602,0
15624,25602,0
15625,25602,0
15626,24502,1028
15627,25602,0
15628,25550,48
15629,25602,0
15630,25602,0
15631,25602,0
15632,25602,0
15633,25602,0
15634,25576,24
15635,25602,0
15636,25602,0
15637,25602,0
15638,25541,56
15639,24506,1024
15640,25550,48
15641,19611,6238
15642,23796,1712
15643,25602,0
15644,25602,0
15645,2936,50672
15646,25602,0
15647,25602,0
15648,25602,0
15649,25602,0
15650,23035,2472
15651,25602,0
15652,25602,0
15653,25602,0
15654,25602,0
15655,25121,444
15656,25576,24
15657,25602,0
15658,25602,0
15659,25602,0
15660,25602,0
15661,25602,0
15662,25602,0
15663,25602,0
15664,25602,0
15665,25602,0
15666,25602,0
15667,24502,1028
15668,25602,0
15669,25602,0
15670,24277,1244
15671,25367,216
15672,25602,0
15673,25602,0
15674,25602,0
15675,24769,774
15676,25602,0
15677,25499,94
15678,25602,0
15679,25602,0
15680,25602,0
15681,25602,0
15682,22969,2540
15683,24716,824
15684,25572,28
15685,25602,0
15686,25602,0
15687,25602,0
15688,23900,1610
15689,25602,0
15690,25602,0
15691,23293,2212
15692,25602,0
15693,25602,0
15694,25482,110
15695,25602,0
15696,21815,3746
15697,25602,0
15698,22117,3424
15699,25602,0
15700,25602,0
15701,25602,0
15702,25602,0
15703,25602,0
15704,23733,1774
15705,25602,0
15706,14416,13440
15707,25602,0
15708,25304,274
15709,21983,3566
15710,25602,0
15711,25602,0
15712,25602,0
15713,25602,0
15714,25499,94
15715,25521,74
15716,25602,0
15717,23477,2028
15718,25550,48
15719,25602,0
15720,25602,0
15721,25602,0
15722,25602,0
15723,25602,0
15724,25572,28
15725,25602,0
15726,25602,0
15727,25550,48
15728,25425,162
15729,25602,0
15730,25572,28
15731,25602,0
15732,23449,2056
15733,21876,3680
15734,25602,0
15735,25602,0
15736,25602,0
15737,23481,2024
15738,25602,0
15739,25602,0
15740,25602,0
15741,25602,0
15742,25576,24
15743,25602,0
15744,25602,0
15745,25602,0
15746,25602,0
15747,20176,5574
15748,25602,0
15749,25445,144
15750,25602,0
15751,25602,0
15752,25602,0
15753,25602,0
15754,25602,0
15755,25602,0
15756,25554,44
15757,25602,0
15758,25602,0
15759,25602,0
15760,25602,0
15761,25602,0
15762,25602,0
15763,6750,31196
15764,24401,1124
15765,25602,0
15766,25602,0
15767,24324,1198
15768,25576,24
15769,25602,0
15770,24399,1126
15771,25602,0
15772,25602,0
15773,25602,0
15774,25576,24
15775,25602,0
15776,25602,0
15777,25602,0
15778,25602,0
15779,25602,0
15780,25142,424
15781,25602,0
15782,25602,0
15783,25602,0
15784,25602,0
15785,25602,0
15786,25602,0
15787,25602,0
15788,25602,0
15789,25602,0
15790,25602,0
15791,25602,0
15792,25602,0
15793,25602,0
15794,25602,0
15795,25602,0
15796,25602,0
15797,24801,744
15798,25602,0
15799,25602,0
15800,25602,0
15801,25602,0
15802,24956,598
15803,25576,24
15804,25602,0
15805,25602,0
15806,25602,0
15807,25602,0
15808,25602,0
15809,25250,324
15810,25602,0
15811,25602,0
15812,25602,0
15813,25454,136
15814,24506,1024
15815,25602,0
15816,25602,0
15817,25572,28
15818,23784,1724
15819,25076,486
15820,24190,1328
15821,25602,0
15822,25602,0
15823,25602,0
15824,25602,0
15825,24982,574
15826,25602,0
15827,25602,0
15828,25576,24
15829,25602,0
15830,25602,0
15831,25602,0
15832,25602,0
15833,25602,0
15834,25602,0
15835,25602,0
15836,24716,824
15837,25602,0
15838,25602,0
15839,25602,0
15840,25572,28
15841,25089,474
15842,25602,0
15843,25602,0
15844,25506,88
15845,25602,0
15846,24598,936
15847,25602,0
15848,25602,0
15849,24822,724
15850,24556,976
15851,25602,0
15852,25550,48
15853,23601,1904
15854,25602,0
15855,25576,24
15856,25602,0
15857,25602,0
15858,25602,0
15859,25602,0
15860,25602,0
15861,25602,0
15862,25602,0
15863,25602,0
15864,25602,0
15865,25602,0
15866,24439,1088
15867,25602,0
15868,25602,0
15869,25602,0
15870,25602,0
15871,25602,0
15872,25602,0
15873,25602,0
15874,25602,0
15875,25602,0
15876,25602,0
15877,25602,0
15878,25602,0
15879,20262,5474
15880,25602,0
15881,25602,0
15882,25602,0
15883,25602,0
15884,25602,0
15885,25602,0
15886,25576,24
15887,25602,0
15888,25602,0
15889,25602,0
15890,7688,28152
15891,25602,0
15892,25602,0
15893,25602,0
15894,25563,36
15895,25602,0
15896,25602,0
15897,25602,0
15898,25497,96
15899,25602,0
15900,25602,0
15901,25250,324
15902,25602,0
15903,25602,0
15904,25602,0
15905,25576,24
15906,24297,1224
15907,25602,0
15908,25602,0
15909,25602,0
15910,25602,0
15911,25602,0
15912,25602,0
15913,25602,0
15914,25602,0
15915,25602,0
15916,25602,0
15917,25602,0
15918,25602,0
15919,25602,0
15920,25602,0
15921,25602,0
15922,25602,0
15923,25602,0
15924,25602,0
15925,25602,0
15926,14920,12636
15927,25602,0
15928,25602,0
15929,25602,0
15930,25563,36
15931,25602,0
15932,25602,0
15933,25602,0
15934,25014,544
15935,25602,0
15936,23059,2448
15937,25602,0
15938,25203,368
15939,25602,0
15940,25576,24
15941,25602,0
15942,25602,0
15943,25602,0
15944,25602,0
15945,25572,28
15946,25602,0
15947,25602,0
15948,25602,0
15949,25602,0
15950,25602,0
15951,25602,0
15952,25602,0
15953,25497,96
15954,25489,104
15955,25576,24
15956,25572,28
15957,25602,0
15958,25602,0
15959,25602,0
15960,25602,0
15961,25192,378
15962,25602,0
15963,25602,0
15964,25602,0
15965,25602,0
15966,25602,0
15967,25602,0
15968,25576,24
15969,25602,0
15970,22383,3144
15971,25602,0
15972,25602,0
15973,24982,574
15974,24518,1012
15975,25602,0
15976,25602,0
15977,25602,0
15978,25602,0
15979,25602,0
15980,25602,0
15981,21008,4628
15982,24882,668
15983,25602,0
15984,25602,0
15985,25602,0
15986,25035,524
15987,25602,0
15988,25602,0
15989,25602,0
15990,25602,0
15991,25602,0
15992,25602,0
15993,25602,0
15994,25602,0
15995,25602,0
15996,25602,0
15997,25602,0
15998,23853,1656
15999,25602,0
16000,19196,6738
16001,25602,0
16002,25532,64
16003,25602,0
16004,20062,5706
16005,25576,24
16006,25602,0
16007,25163,405
16008,25602,0
16009,25602,0
16010,25602,0
16011,25602,0
16012,21963,3588
16013,25550,48
16014,25517,78
16015,25602,0
16016,25602,0
16017,25545,52
16018,25602,0
16019,25602,0
16020,23865,1644
16021,23988,1524
16022,25602,0
16023,25602,0
16024,25602,0
16025,25602,0
16026,25602,0
16027,25602,0
16028,25602,0
16029,24481,1048
16030,24822,724
16031,25602,0
16032,25602,0
16033,25602,0
16034,25602,0
16035,25602,0
16036,25602,0
16037,25324,256
16038,25602,0
16039,25602,0
16040,25602,0
16041,25063,498
16042,25602,0
16043,25602,0
16044,25576,24
16045,25602,0
16046,25602,0
16047,25602,0
16048,25602,0
16049,25602,0
16050,25602,0
16051,25602,0
16052,25602,0
16053,25602,0
16054,25602,0
16055,25602,0
16056,25550,48
16057,25602,0
16058,25602,0
16059,25602,0
16060,25602,0
16061,25602,0
16062,25602,0
16063,24640,896
16064,24820,726
16065,25602,0
16066,25602,0
16067,24682,856
16068,25602,0
16069,25563,36
16070,25602,0
16071,25602,0
16072,25602,0
16073,25602,0
16074,25602,0
16075,25602,0
16076,25602,0
16077,24716,824
16078,24506,1024
16079,24788,756
16080,25602,0
16081,24990,566
16082,25602,0
16083,25602,0
16084,25602,0
16085,25602,0
16086,25602,0
16087,25576,24
16088,25602,0
16089,25602,0
16090,25576,24
16091,25602,0
16092,25354,228
16093,24078,1436
16094,25602,0
16095,25602,0
16096,25602,0
16097,23083,2424
16098,25602,0
16099,25602,0
16100,25602,0
16101,25602,0
16102,25602,0
16103,25602,0
16104,25142,424
16105,22057,3488
16106,25602,0
16107,25602,0
16108,19456,6424
16109,24277,1244
16110,25602,0
16111,21835,3724
16112,25554,44
16113,25602,0
16114,25602,0
16115,25138,428
16116,25602,0
16117,25602,0
16118,23937,1574
16119,25602,0
16120,23835,1674
16121,17407,9028
16122,25602,0
16123,25602,0
16124,25602,0
16125,25175,394
16126,25602,0
16127,25602,0
16128,25602,0
16129,25602,0
16130,25602,0
16131,24725,816
16132,25065,496
16133,25576,24
16134,25602,0
16135,25602,0
16136,25602,0
16137,25602,0
16138,25602,0
16139,25602,0
16140,25602,0
16141,25602,0
16142,25602,0
16143,25602,0
16144,25602,0
16145,25602,0
16146,25602,0
16147,25602,0
16148,25602,0
16149,25572,28
16150,25576,24
16151,25602,0
16152,25602,0
16153,25576,24
16154,2742,52272
16155,25602,0
16156,25602,0
16157,25602,0
16158,25602,0
16159,13048,15772
16160,25497,96
16161,25545,52
16162,25602,0
16163,25602,0
16164,25602,0
16165,20136,5620
16166,25550,48
16167,25484,108
16168,17371,9076
16169,25602,0
16170,25076,486
16171,25572,28
16172,25445,144
16173,25602,0
16174,25602,0
16175,25602,0
16176,25602,0
16177,25602,0
16178,25550,48
16179,25602,0
16180,25602,0
16181,25031,528
16182,25602,0
16183,25602,0
16184,25602,0
16185,25602,0
16186,25074,488
16187,25602,0
16188,24464,1064
16189,25602,0
16190,25602,0
16191,25602,0
16192,25602,0
16193,24506,1024
16194,25602,0
16195,25602,0
16196,25602,0
16197,25550,48
16198,25602,0
16199,25602,0
16200,25602,0
16201,25602,0
16202,25602,0
16203,25602,0
16204,25602,0
16205,25602,0
16206,25602,0
16207,25602,0
16208,25602,0
16209,25576,24
16210,25602,0
16211,25602,0
16212,25602,0
16213,25602,0
16214,25602,0
16215,25602,0
16216,25602,0
16217,25602,0
16218,22740,2774
16219,25602,0
16220,25602,0
16221,25602,0
16222,25602,0
16223,25602,0
16224,25602,0
16225,25602,0
16226,25602,0
16227,22079,3464
16228,25576,24
16229,25602,0
16230,25022,536
16231,25602,0
16232,19502,6368
16233,25602,0
16234,25576,24
16235,25602,0
16236,23079,2428
16237,25602,0
16238,25602,0
16239,25602,0
16240,25602,0
16241,25250,324
16242,25602,0
16243,25602,0
16244,20652,5028
16245,25602,0
16246,25550,48
16247,25602,0
16248,25602,0
16249,25602,0
16250,25602,0
16251,25572,28
16252,25602,0
16253,25602,0
16254,25602,0
16255,25572,28
16256,25576,24
16257,25576,24
16258,25602,0
16259,25602,0
16260,25602,0
16261,25602,0
16262,25602,0
16263,25602,0
16264,25602,0
16265,25602,0
16266,25602,0
16267,25602,0
16268,25602,0
16269,25602,0
16270,25602,0
16271,25602,0
16272,24506,1024
16273,25602,0
16274,21929,3624
16275,25602,0
16276,25602,0
16277,25602,0
16278,25602,0
16279,25035,524
16280,25510,84
16281,25602,0
16282,25602,0
16283,25602,0
16284,25602,0
16285,25545,52
16286,25602,0
16287,8501,25798
16288,25602,0
16289,25602,0
16290,25602,0
16291,25602,0
16292,24822,724
16293,25602,0
16294,25602,0
16295,25602,0
16296,24066,1448
16297,25602,0
16298,25602,0
16299,25541,56
16300,25602,0
16301,25602,0
16302,25602,0
16303,25602,0
16304,21445,4146
16305,25602,0
16306,24611,924
16307,25602,0
16308,25602,0
16309,25576,24
16310,25576,24
16311,8181,26696
16312,25602,0
16313,25602,0
16314,25289,288
16315,25576,24
16316,25602,0
16317,25602,0
16318,25602,0
16319,25602,0
16320,25250,324
16321,25602,0
16322,23128,2378
16323,25602,0
16324,24256,1264
16325,25602,0
16326,25602,0
16327,25602,0
16328,25471,120
16329,25602,0
16330,25602,0
16331,25572,28
16332,25602,0
16333,23237,2268
16334,25497,96
16335,25602,0
16336,25602,0
16337,25602,0
16338,25602,0
16339,25602,0
16340,25602,0
16341,25602,0
16342,24746,796
16343,25563,36
16344,25602,0
16345,25602,0
16346,25063,498
16347,25035,524
16348,25602,0
16349,24533,998
16350,25393,192
16351,25602,0
16352,25602,0
16353,25602,0
16354,25602,0
16355,23886,1624
16356,25602,0
16357,25602,0
16358,25602,0
16359,25602,0
16360,25602,0
16361,25602,0
16362,25602,0
16363,25602,0
16364,24454,1074
16365,25602,0
16366,25602,0
16367,25499,94
16368,25602,0
16369,25226,346
16370,25602,0
16371,25602,0
16372,25550,48
16373,25545,52
16374,25602,0
16375,25224,348
16376,25602,0
16377,22789,2724
16378,25602,0
16379,25602,0
16380,25602,0
16381,25602,0
16382,25602,0
16383,25602,0
16384,25602,0
16385,25602,0
16386,25602,0
16387,25602,0
16388,24611,924
16389,25602,0
16390,25602,0
16391,25602,0
16392,25602,0
16393,25441,148
16394,25602,0
16395,25602,0
16396,25602,0
16397,25246,328
16398,25602,0
16399,25602,0
16400,25602,0
16401,25602,0
16402,25602,0
16403,25602,0
16404,25602,0
16405,25602,0
16406,25602,0
16407,25576,24
16408,25602,0
16409,25602,0
16410,25602,0
16411,25602,0
16412,25602,0
16413,25602,0
16414,25602,0
16415,25602,0
16416,25602,0
16417,25602,0
16418,25602,0
16419,25602,0
16420,25602,0
16421,25602,0
16422,25602,0
16423,22834,2678
16424,25304,274
16425,25602,0
16426,25602,0
16427,25602,0
16428,24058,1456
16429,25602,0
16430,25203,368
16431,23963,1548
16432,25602,0
16433,18323,7828
16434,25602,0
16435,25602,0
16436,25108,456
16437,25602,0
16438,25602,0
16439,25602,0
16440,25602,0
16441,19358,6542
16442,25138,428
16443,25602,0
16444,20794,4868
16445,25550,48
16446,25031,528
16447,25602,0
16448,25602,0
16449,25602,0
16450,25602,0
16451,25602,0
16452,25602,0
16453,23431,2074
16454,24565,968
16455,25602,0
16456,25602,0
16457,25602,0
16458,25521,74
16459,25602,0
16460,25602,0
16461,25602,0
16462,25602,0
16463,24875,674
16464,25602,0
16465,1,505832
16466,25602,0
16467,25602,0
16468,24233,1286
16469,25602,0
16470,6072,33672
16471,25602,0
16472,25602,0
16473,25515,80
16474,22783,2730
16475,25602,0
16476,25602,0
16477,25602,0
16478,24769,774
16479,25576,24
16480,25602,0
16481,25602,0
16482,25602,0
16483,25602,0
16484,15282,12074
16485,25602,0
16486,25602,0
16487,25602,0
16488,25602,0
16489,25602,0
16490,25602,0
16491,24727,814
16492,25602,0
16493,25602,0
16494,25602,0
16495,24590,944
16496,25602,0
16497,25602,0
16498,25602,0
16499,25602,0
16500,25602,0
16501,25602,0
16502,24312,1210
16503,25602,0
16504,21288,4318
16505,25602,0
16506,25602,0
16507,25602,0
16508,25602,0
16509,25602,0
16510,25602,0
16511,25572,28
16512,25602,0
16513,25576,24
16514,25602,0
16515,22284,3248
16516,25602,0
16517,25602,0
16518,25602,0
16519,25602,0
16520,25602,0
16521,9700,22712
16522,25602,0
16523,772,81936
16524,25602,0
16525,25602,0
16526,25602,0
16527,25602,0
16528,25602,0
16529,25602,0
16530,25602,0
16531,25602,0
16532,25602,0
16533,25602,0
16534,24693,846
16535,24907,644
16536,25602,0
16537,25602,0
16538,25602,0
16539,25602,0
16540,25602,0
16541,25602,0
16542,25602,0
16543,25602,0
16544,25602,0
16545,25602,0
16546,25602,0
16547,25572,28
16548,25602,0
16549,25175,394
16550,25602,0
16551,25358,224
16552,22785,2728
16553,25229,344
16554,25602,0
16555,25602,0
16556,25602,0
16557,25602,0
16558,25602,0
16559,25602,0
16560,25517,78
16561,24716,824
16562,22468,3056
16563,18154,8044
16564,23873,1636
16565,25602,0
16566,23780,1728
16567,25602,0
16568,25602,0
16569,23810,1698
16570,25602,0
16571,25602,0
16572,25602,0
16573,25602,0
16574,25602,0
16575,25602,0
16576,25602,0
16577,25602,0
16578,25602,0
16579,25541,56
16580,25602,0
16581,25602,0
16582,25602,0
16583,25602,0
16584,25229,344
16585,25602,0
16586,25602,0
16587,25602,0
16588,25602,0
16589,25602,0
16590,25602,0
16591,24142,1374
16592,25602,0
16593,25602,0
16594,14449,13386
16595,25572,28
16596,25602,0
16597,25602,0
16598,25602,0
16599,17356,9096
16600,25602,0
16601,25572,28
16602,23132,2374
16603,25602,0
16604,25602,0
16605,25602,0
16606,25572,28
16607,21951,3600
16608,25497,96
16609,25602,0
16610,25602,0
16611,19873,5928
16612,25602,0
16613,25602,0
16614,25602,0
16615,24381,1144
16616,22208,3328
16617,25602,0
16618,25602,0
16619,25602,0
16620,25602,0
16621,25602,0
16622,25602,0
16623,25602,0
16624,25602,0
16625,25054,506
16626,25300,278
16627,25602,0
16628,25602,0
16629,25304,274
16630,10880,20024
16631,25602,0
16632,25602,0
16633,25602,0
16634,25602,0
16635,25449,140
16636,25602,0
16637,20208,5536
16638,25602,0
16639,25602,0
16640,25602,0
16641,25602,0
16642,25602,0
16643,25602,0
16644,25117,448
16645,25602,0
16646,25602,0
16647,25602,0
16648,25602,0
16649,25602,0
16650,25602,0
16651,25602,0
16652,25550,48
16653,25602,0
16654,25602,0
16655,25602,0
16656,25602,0
16657,21535,4048
16658,25602,0
16659,24429,1098
16660,25602,0
16661,25602,0
16662,25602,0
16663,25602,0
16664,8968,24546
16665,25602,0
16666,25602,0
16667,25602,0
16668,25602,0
16669,25534,62
16670,25602,0
16671,25048,512
16672,25572,28
16673,25602,0
16674,25602,0
16675,25602,0
16676,25602,0
16677,25602,0
16678,25602,0
16679,25602,0
16680,25602,0
16681,25602,0
16682,25602,0
16683,25602,0
16684,25502,92
16685,25602,0
16686,25602,0
16687,25602,0
16688,25302,276
16689,25602,0
16690,25445,144
16691,25602,0
16692,25602,0
16693,25602,0
16694,25602,0
16695,25602,0
16696,24877,672
16697,25602,0
16698,25602,0
16699,25602,0
16700,25602,0
16701,25602,0
16702,25602,0
16703,25602,0
16704,25602,0
16705,25035,524
16706,25602,0
16707,25602,0
16708,23481,2024
16709,25602,0
16710,25602,0
16711,25602,0
16712,25602,0
16713,25602,0
16714,25602,0
16715,25602,0
16716,25602,0
16717,25142,424
16718,25602,0
16719,25602,0
16720,25602,0
16721,25602,0
16722,25441,148
16723,25550,48
16724,25602,0
16725,25576,24
16726,25602,0
16727,25602,0
16728,25001,556
16729,25602,0
16730,25175,394
16731,25602,0
16732,25602,0
16733,25602,0
16734,25602,0
16735,25602,0
16736,25602,0
16737,25602,0
16738,25602,0
16739,25602,0
16740,22591,2928
16741,24928,624
16742,25602,0
16743,25602,0
16744,25602,0
16745,25602,0
16746,25602,0
16747,24258,1262
16748,25602,0
16749,25602,0
16750,25602,0
16751,25576,24
16752,25572,28
16753,25602,0
16754,25602,0
16755,25602,0
16756,25602,0
16757,25572,28
16758,25602,0
16759,24712,828
16760,25089,474
16761,25358,224
16762,25454,136
16763,25454,136
16764,25602,0
16765,25550,48
16766,5030,38076
16767,25602,0
16768,25602,0
16769,25602,0
16770,25602,0
16771,25602,0
16772,25602,0
16773,25602,0
16774,25602,0
16775,25576,24
16776,25602,0
16777,25602,0
16778,25602,0
16779,25602,0
16780,25602,0
16781,25602,0
16782,24598,936
16783,25602,0
16784,25602,0
16785,25602,0
16786,2772,52018
16787,25602,0
16788,25270,306
16789,25602,0
16790,21168,4450
16791,23967,1544
16792,25602,0
16793,25602,0
16794,25602,0
16795,25602,0
16796,25602,0
16797,20047,5724
16798,25602,0
16799,25602,0
16800,25602,0
16801,25602,0
16802,25576,24
16803,20170,5580
16804,25452,138
16805,24146,1370
16806,25602,0
16807,25602,0
16808,25576,24
16809,25602,0
16810,25602,0
16811,25602,0
16812,25602,0
16813,25216,356
16814,25602,0
16815,25602,0
16816,25602,0
16817,25602,0
16818,25602,0
16819,22574,2946
16820,25602,0
16821,14906,12658
16822,25602,0
16823,25602,0
16824,25602,0
16825,25602,0
16826,25602,0
16827,25602,0
16828,25602,0
16829,23614,1892
16830,25602,0
16831,25602,0
16832,25602,0
16833,24924,628
16834,25602,0
16835,25602,0
16836,25602,0
16837,25246,328
16838,25602,0
16839,25602,0
16840,25602,0
16841,25602,0
16842,25602,0
16843,25076,486
16844,24865,684
16845,24871,678
16846,25602,0
16847,25602,0
16848,25602,0
16849,25602,0
16850,25602,0
16851,25602,0
16852,25602,0
16853,25602,0
16854,25121,444
16855,25550,48
16856,25602,0
16857,267,106752
16858,25602,0
16859,25602,0
16860,25602,0
16861,24454,1074
16862,25602,0
16863,25602,0
16864,25563,36
16865,25602,0
16866,25576,24
16867,25572,28
16868,25467,124
16869,25602,0
16870,25602,0
16871,25602,0
16872,19744,6080
16873,25602,0
16874,25602,0
16875,25602,0
16876,9685,22748
16877,24704,836
16878,25602,0
16879,25602,0
16880,25602,0
16881,25602,0
16882,25602,0
16883,25602,0
16884,24485,1044
16885,25602,0
16886,25602,0
16887,25554,44
16888,25121,444
16889,25602,0
16890,22049,3496
16891,16162,10764
16892,25602,0
16893,25602,0
16894,25602,0
16895,24928,624
16896,25602,0
16897,25602,0
16898,25602,0
16899,25576,24
16900,25602,0
16901,25576,24
16902,25550,48
16903,25602,0
16904,25602,0
16905,25602,0
16906,25602,0
16907,25602,0
16908,25602,0
16909,25602,0
16910,25602,0
16911,25602,0
16912,25602,0
16913,25602,0
16914,25602,0
16915,25602,0
16916,25576,24
16917,25602,0
16918,21212,4402
16919,25602,0
16920,25572,28
16921,25602,0
16922,25602,0
16923,25602,0
16924,23939,1572
16925,25602,0
16926,25602,0
16927,25602,0
16928,23818,1690
16929,24356,1168
16930,25602,0
16931,25602,0
16932,25602,0
16933,25602,0
16934,25602,0
16935,25602,0
16936,24903,648
16937,25602,0
16938,24907,644
16939,25602,0
16940,23065,2442
16941,25550,48
16942,25602,0
16943,25602,0
16944,25550,48
16945,25602,0
16946,17559,8824
16947,25602,0
16948,25602,0
16949,25602,0
16950,25523,72
16951,24818,728
16952,25602,0
16953,23327,2178
16954,25602,0
16955,25602,0
16956,25602,0
16957,25497,96
16958,25602,0
16959,25602,0
16960,25497,96
16961,25602,0
16962,25602,0
16963,25602,0
16964,25602,0
16965,25602,0
16966,25602,0
16967,25602,0
16968,25602,0
16969,23431,2074
16970,25602,0
16971,25436,152
16972,25495,98
16973,25602,0
16974,25602,0
16975,23083,2424
16976,25602,0
16977,25602,0
16978,25602,0
16979,25602,0
16980,25602,0
16981,25602,0
16982,25602,0
16983,25602,0
16984,25602,0
16985,25332,248
16986,25602,0
16987,25602,0
16988,24980,576
16989,25572,28
16990,25602,0
16991,25602,0
16992,25602,0
16993,25602,0
16994,25602,0
16995,25602,0
16996,25602,0
16997,17807,8496
16998,25534,62
16999,25602,0
17000,25602,0
17001,25576,24
17002,25572,28
17003,24272,1248
17004,25572,28
17005,23209,2296
17006,25572,28
17007,25602,0
17008,25602,0
17009,25602,0
17010,24780,764
17011,25602,0
17012,25602,0
17013,25602,0
17014,25602,0
17015,25602,0
17016,25602,0
17017,25550,48
17018,25602,0
17019,25602,0
17020,25602,0
17021,24873,676
17022,25497,96
17023,25602,0
17024,25602,0
17025,23128,2378
17026,25602,0
17027,25519,76
17028,25602,0
17029,25602,0
17030,25602,0
17031,22984,2524
17032,25602,0
17033,25602,0
17034,18408,7720
17035,22668,2848
17036,25602,0
17037,25602,0
17038,25602,0
17039,25602,0
17040,25602,0
17041,25602,0
17042,25602,0
17043,25602,0
17044,25602,0
17045,25467,124
17046,25602,0
17047,25563,36
17048,25602,0
17049,25576,24
17050,25502,92
17051,21341,4260
17052,25602,0
17053,22655,2862
17054,25602,0
17055,25602,0
17056,25602,0
17057,25602,0
17058,25602,0
17059,25602,0
17060,25602,0
17061,25602,0
17062,25602,0
17063,25602,0
17064,25602,0
17065,25563,36
17066,25602,0
17067,24445,1082
17068,25602,0
17069,25602,0
17070,25602,0
17071,25602,0
17072,25602,0
17073,25602,0
17074,25602,0
17075,25602,0
17076,25602,0
17077,19479,6396
17078,25602,0
17079,25602,0
17080,25602,0
17081,25602,0
17082,25602,0
17083,25602,0
17084,25602,0
17085,25602,0
17086,25602,0
17087,25602,0
17088,25602,0
17089,25534,62
17090,25602,0
17091,18736,7306
17092,25602,0
17093,25602,0
17094,25602,0
17095,24190,1328
17096,8787,25024
17097,25602,0
17098,25602,0
17099,25602,0
17100,25602,0
17101,25602,0
17102,25602,0
17103,25602,0
17104,25602,0
17105,25576,24
17106,25602,0
17107,25602,0
17108,25602,0
17109,25602,0
17110,25602,0
17111,25602,0
17112,25602,0
17113,25602,0
17114,25602,0
17115,25602,0
17116,25602,0
17117,25602,0
17118,25602,0
17119,25602,0
17120,25602,0
17121,25602,0
17122,25602,0
17123,25602,0
17124,25602,0
17125,25602,0
17126,25602,0
17127,25602,0
17128,25602,0
17129,25572,28
17130,23255,2250
17131,23886,1624
17132,25602,0
17133,25602,0
17134,25602,0
17135,25602,0
17136,25602,0
17137,25576,24
17138,12198,17348
17139,25602,0
17140,24916,636
17141,24765,778
17142,25602,0
17143,25550,48
17144,25602,0
17145,25602,0
17146,25602,0
17147,25602,0
17148,25602,0
17149,8016,27174
17150,25602,0
17151,25602,0
17152,25602,0
17153,25602,0
17154,25602,0
17155,10515,20824
17156,25602,0
17157,25602,0
17158,24960,594
17159,25602,0
17160,23357,2148
17161,25602,0
17162,25602,0
17163,25602,0
17164,25602,0
17165,24502,1028
17166,20131,5626
17167,24337,1186
17168,25602,0
17169,25602,0
17170,24797,748
17171,25602,0
17172,25602,0
17173,25602,0
17174,25602,0
17175,25602,0
17176,24775,768
17177,25324,256
17178,25602,0
17179,24716,824
17180,25602,0
17181,25576,24
17182,25602,0
17183,25602,0
17184,25067,494
17185,25602,0
17186,25576,24
17187,25602,0
17188,25354,228
17189,25602,0
17190,25602,0
17191,25602,0
17192,25602,0
17193,25550,48
17194,25602,0
17195,24704,836
17196,25602,0
17197,25602,0
17198,25602,0
17199,25602,0
17200,25602,0
17201,25602,0
17202,25602,0
17203,25602,0
17204,25602,0
17205,25602,0
17206,18915,7084
17207,25031,528
17208,25602,0
17209,25602,0
17210,25602,0
17211,25602,0
17212,25602,0
17213,25602,0
17214,25602,0
17215,24498,1032
17216,25602,0
17217,25602,0
17218,25602,0
17219,24723,818
17220,25602,0
17221,24828,718
17222,25602,0
17223,25602,0
17224,25602,0
17225,25602,0
17226,25602,0
17227,25358,224
17228,25528,68
17229,25602,0
17230,23670,1836
17231,25519,76
17232,25602,0
17233,25602,0
17234,24194,1324
17235,25602,0
17236,25602,0
17237,21484,4104
17238,25602,0
17239,25602,0
17240,25602,0
17241,25602,0
17242,25602,0
17243,25602,0
17244,25563,36
17245,25602,0
17246,24704,836
17247,25602,0
17248,25042,518
17249,25602,0
17250,19650,6192
17251,25602,0
17252,25602,0
17253,25602,0
17254,25602,0
17255,25602,0
17256,23128,2378
17257,25602,0
17258,19456,6424
17259,24907,644
17260,25572,28
17261,25532,64
17262,25572,28
17263,25602,0
17264,24928,624
17265,23616,1890
17266,14945,12596
17267,25602,0
17268,23957,1554
17269,24691,848
17270,25432,156
17271,25602,0
17272,25415,172
17273,25602,0
17274,25576,24
17275,25602,0
17276,25602,0
17277,25602,0
17278,25602,0
17279,25602,0
17280,25311,268
17281,23984,1528
17282,25554,44
17283,25014,544
17284,25602,0
17285,25130,436
17286,25602,0
17287,21143,4478
17288,24567,966
17289,25602,0
17290,25602,0
17291,25602,0
17292,23723,1784
17293,25602,0
17294,25324,256
17295,25602,0
17296,23963,1548
17297,25602,0
17298,25602,0
17299,25550,48
17300,25602,0
17301,25108,456
17302,25602,0
17303,24433,1094
17304,25602,0
17305,25602,0
17306,23937,1574
17307,25602,0
17308,23963,1548
17309,25602,0
17310,25602,0
17311,25393,192
17312,25602,0
17313,25602,0
17314,25572,28
17315,18645,7420
17316,21539,4044
17317,25250,324
17318,25602,0
17319,25602,0
17320,25602,0
17321,25602,0
17322,25602,0
17323,24712,828
17324,25602,0
17325,25602,0
17326,25602,0
17327,25602,0
17328,25602,0
17329,25142,424
17330,24704,836
17331,25602,0
17332,25602,0
17333,24385,1140
17334,25602,0
17335,25602,0
17336,25602,0
17337,25602,0
17338,25441,148
17339,25602,0
17340,22826,2686
17341,25602,0
17342,25602,0
17343,23881,1628
17344,25563,36
17345,25602,0
17346,25602,0
17347,25602,0
17348,25602,0
17349,25602,0
17350,25602,0
17351,20043,5728
17352,25602,0
17353,25121,444
17354,25602,0
17355,25602,0
17356,25602,0
17357,19722,6106
17358,25602,0
17359,25602,0
17360,25602,0
17361,25602,0
17362,25602,0
17363,25602,0
17364,25602,0
17365,25602,0
17366,25602,0
17367,25602,0
17368,25602,0
17369,25602,0
17370,24818,728
17371,25602,0
17372,25576,24
17373,25602,0
17374,25602,0
17375,25602,0
17376,25602,0
17377,25602,0
17378,25602,0
17379,25602,0
17380,25602,0
17381,25602,0
17382,25602,0
17383,25602,0
17384,25602,0
17385,23873,1636
17386,25602,0
17387,25602,0
17388,25602,0
17389,25602,0
17390,25602,0
17391,25602,0
17392,25602,0
17393,25602,0
17394,24347,1176
17395,25602,0
17396,25576,24
17397,25602,0
17398,25602,0
17399,24331,1192
17400,25295,282
17401,25602,0
17402,25010,548
17403,25602,0
17404,23933,1578
17405,25602,0
17406,25602,0
17407,25602,0
17408,25602,0
17409,25602,0
17410,25602,0
17411,25602,0
17412,25602,0
17413,25602,0
17414,25035,524
17415,25121,444
17416,25602,0
17417,19876,5924
17418,25602,0
17419,25576,24
17420,25602,0
17421,25602,0
17422,25602,0
17423,25602,0
17424,25576,24
17425,25602,0
17426,25602,0
17427,25602,0
17428,25519,76
17429,24980,576
17430,25602,0
17431,25572,28
17432,25602,0
17433,25602,0
17434,25602,0
17435,24611,924
17436,25602,0
17437,25602,0
17438,24181,1336
17439,25602,0
17440,25602,0
17441,24958,596
17442,25035,524
17443,25602,0
17444,25602,0
17445,23186,2320
17446,25576,24
17447,25602,0
17448,23207,2298
17449,25363,220
17450,25602,0
17451,25602,0
17452,25602,0
17453,25602,0
17454,25602,0
17455,25602,0
17456,25602,0
17457,25602,0
17458,25602,0
17459,25602,0
17460,25602,0
17461,25602,0
17462,25602,0
17463,25602,0
17464,24744,798
17465,25602,0
17466,25602,0
17467,25602,0
17468,25602,0
17469,13726,14588
17470,25602,0
17471,25602,0
17472,25602,0
17473,25602,0
17474,25602,0
17475,25602,0
17476,25602,0
17477,25306,272
17478,25602,0
17479,20543,5152
17480,21650,3924
17481,25602,0
17482,25602,0
17483,25572,28
17484,25358,224
17485,25602,0
17486,25602,0
17487,25602,0
17488,25602,0
17489,25602,0
17490,21465,4124
17491,25602,0
17492,25602,0
17493,25602,0
17494,25602,0
17495,25572,28
17496,25602,0
17497,24765,778
17498,24963,592
17499,25602,0
17500,25484,108
17501,25602,0
17502,25602,0
17503,25602,0
17504,22595,2924
17505,25602,0
17506,25602,0
17507,25602,0
17508,2914,50852
17509,17179,9336
17510,25602,0
17511,25602,0
17512,25602,0
17513,25602,0
17514,25602,0
17515,25602,0
17516,25602,0
17517,25602,0
17518,23557,1948
17519,25345,236
17520,25602,0
17521,16664,10048
17522,25602,0
17523,25602,0
17524,25602,0
17525,21701,3868
17526,25602,0
17527,25602,0
17528,25602,0
17529,24775,768
17530,25602,0
17531,25602,0
17532,25602,0
17533,25519,76
17534,25602,0
17535,25602,0
17536,25602,0
17537,25250,324
17538,22055,3490
17539,25602,0
17540,25602,0
17541,25602,0
17542,25602,0
17543,25602,0
17544,25576,24
17545,25602,0
17546,25576,24
17547,24818,728
17548,25550,48
17549,25602,0
17550,25010,548
17551,25602,0
17552,25602,0
17553,25035,524
17554,25602,0
17555,25550,48
17556,25602,0
17557,25602,0
17558,25519,76
17559,25576,24
17560,25563,36
17561,24506,1024
17562,25602,0
17563,25602,0
17564,25602,0
17565,25602,0
17566,25602,0
17567,25602,0
17568,23091,2416
17569,25602,0
17570,25602,0
17571,25602,0
17572,25084,478
17573,25602,0
17574,3018,50028
17575,18632,7436
17576,25602,0
17577,25602,0
17578,25602,0
17579,25508,86
17580,25563,36
17581,25602,0
17582,25602,0
17583,25602,0
17584,25602,0
17585,25602,0
17586,25602,0
17587,25602,0
17588,24460,1068
17589,25602,0
17590,24341,1182
17591,25602,0
17592,25602,0
17593,25602,0
17594,25602,0
17595,25602,0
17596,25563,36
17597,25602,0
17598,25602,0
17599,25602,0
17600,25602,0
17601,25138,428
17602,25602,0
17603,25602,0
17604,25602,0
17605,25602,0
17606,24877,672
17607,25602,0
17608,20652,5028
17609,24504,1026
17610,25602,0
17611,25602,0
17612,25602,0
17613,25602,0
17614,24506,1024
17615,25602,0
17616,25602,0
17617,25602,0
17618,25602,0
17619,22575,2944
17620,25576,24
17621,25138,428
17622,25602,0
17623,18170,8024
17624,25602,0
17625,25428,160
17626,25602,0
17627,25602,0
17628,22734,2780
17629,25602,0
17630,25602,0
17631,25602,0
17632,25602,0
17633,25602,0
17634,25602,0
17635,25602,0
17636,25602,0
17637,25602,0
17638,25602,0
17639,25602,0
17640,25602,0
17641,25576,24
17642,25602,0
17643,25576,24
17644,24019,1494
17645,25602,0
17646,25576,24
17647,25602,0
17648,25602,0
17649,25602,0
17650,25602,0
17651,25602,0
17652,25602,0
17653,25602,0
17654,25602,0
17655,25324,256
17656,25602,0
17657,25602,0
17658,25563,36
17659,24818,728
17660,25602,0
17661,25602,0
17662,25602,0
17663,23796,1712
17664,25602,0
17665,25602,0
17666,25602,0
17667,25602,0
17668,25602,0
17669,25545,52
17670,25602,0
17671,23477,2028
17672,23884,1626
17673,25602,0
17674,25602,0
17675,25497,96
17676,25602,0
17677,25602,0
17678,25602,0
17679,25602,0
17680,25602,0
17681,25602,0
17682,25602,0
17683,25602,0
17684,25602,0
17685,25602,0
17686,25602,0
17687,25602,0
17688,25602,0
17689,25602,0
17690,25602,0
17691,25602,0
17692,25602,0
17693,25602,0
17694,25602,0
17695,25602,0
17696,25602,0
17697,25602,0
17698,25602,0
17699,25602,0
17700,25602,0
17701,25602,0
17702,25602,0
17703,25602,0
17704,25602,0
17705,25602,0
17706,25602,0
17707,25602,0
17708,25602,0
17709,25602,0
17710,25602,0
17711,25602,0
17712,25602,0
17713,25602,0
17714,23835,1674
17715,25602,0
17716,25602,0
17717,25602,0
17718,25602,0
17719,23682,1824
17720,25602,0
17721,25602,0
17722,25602,0
17723,25602,0
17724,25602,0
17725,25602,0
17726,24956,598
17727,25602,0
17728,25602,0
17729,25602,0
17730,25602,0
17731,25576,24
17732,25602,0
17733,25602,0
17734,25602,0
17735,25550,48
17736,25602,0
17737,25602,0
17738,24818,728
17739,25602,0
17740,25602,0
17741,24716,824
17742,24664,874
17743,25602,0
17744,25602,0
17745,265,106944
17746,25602,0
17747,25602,0
17748,25602,0
17749,24907,644
17750,19791,6024
17751,25602,0
17752,25602,0
17753,25363,220
17754,25602,0
17755,25602,0
17756,25602,0
17757,25602,0
17758,25602,0
17759,8415,26036
17760,25602,0
17761,25602,0
17762,25602,0
17763,25602,0
17764,25602,0
17765,25602,0
17766,21101,4524
17767,25602,0
17768,25602,0
17769,25419,168
17770,25602,0
17771,25602,0
17772,25602,0
17773,23199,2306
17774,25602,0
17775,19120,6832
17776,25602,0
17777,25602,0
17778,25602,0
17779,25602,0
17780,25602,0
17781,25602,0
17782,25602,0
17783,23249,2256
17784,25602,0
17785,25117,448
17786,25602,0
17787,25602,0
17788,25602,0
17789,23305,2200
17790,25602,0
17791,25602,0
17792,24567,966
17793,25563,36
17794,25602,0
17795,25602,0
17796,25602,0
17797,25602,0
17798,24272,1248
17799,16679,10028
17800,25602,0
17801,25576,24
17802,25602,0
17803,25602,0
17804,25602,0
17805,25602,0
17806,25602,0
17807,24765,778
17808,25602,0
17809,25602,0
17810,23481,2024
17811,20794,4868
17812,25602,0
17813,25602,0
17814,25602,0
17815,25602,0
17816,25142,424
17817,25602,0
17818,25003,554
17819,25602,0
17820,24903,648
17821,25602,0
17822,25602,0
17823,25130,436
17824,25602,0
17825,25602,0
17826,21948,3604
17827,25602,0
17828,25602,0
17829,25602,0
17830,25563,36
17831,2935,50686
17832,24289,1232
17833,25602,0
17834,25602,0
17835,25602,0
17836,25602,0
17837,25602,0
17838,25089,474
17839,25602,0
17840,24982,574
17841,25138,428
17842,23778,1730
17843,25602,0
17844,25602,0
17845,24875,674
17846,25602,0
17847,25602,0
17848,25550,48
17849,25602,0
17850,25602,0
17851,25602,0
17852,25602,0
17853,25602,0
17854,17960,8296
17855,25278,298
17856,25602,0
17857,25602,0
17858,22450,3074
17859,25602,0
17860,25602,0
17861,25602,0
17862,25602,0
17863,19707,6124
17864,19898,5898
17865,25602,0
17866,25602,0
17867,25602,0
17868,24506,1024
17869,25602,0
17870,25602,0
17871,25602,0
17872,22927,2582
17873,23861,1648
17874,24506,1024
17875,25602,0
17876,25515,80
17877,19885,5914
17878,25519,76
17879,24481,1048
17880,25602,0
17881,25576,24
17882,24477,1052
17883,25602,0
17884,25602,0
17885,25602,0
17886,25602,0
17887,25304,274
17888,12343,17072
17889,25602,0
17890,25602,0
17891,25602,0
17892,25576,24
17893,23182,2324
17894,25602,0
17895,25572,28
17896,25602,0
17897,25602,0
17898,25602,0
17899,25602,0
17900,25311,268
17901,25602,0
17902,25550,48
17903,24716,824
17904,25602,0
17905,25602,0
17906,25602,0
17907,25117,448
17908,25572,28
17909,25602,0
17910,25602,0
17911,25602,0
17912,22843,2668
17913,25602,0
17914,25602,0
17915,22859,2652
17916,24634,902
17917,25602,0
17918,25602,0
17919,25602,0
17920,25602,0
17921,19995,5784
17922,25602,0
17923,25602,0
17924,25602,0
17925,25602,0
17926,25602,0
17927,25602,0
17928,25602,0
17929,25576,24
17930,23861,1648
17931,23888,1622
17932,25130,436
17933,25602,0
17934,25602,0
17935,25602,0
17936,25602,0
17937,25602,0
17938,25602,0
17939,25602,0
17940,23933,1578
17941,21361,4238
17942,25602,0
17943,25602,0
17944,25602,0
17945,25602,0
17946,25602,0
17947,25602,0
17948,25602,0
17949,25576,24
17950,25602,0
17951,25602,0
17952,25602,0
17953,25602,0
17954,25576,24
17955,25602,0
17956,23557,1948
17957,25035,524
17958,15624,11556
17959,24638,898
17960,25602,0
17961,25602,0
17962,25602,0
17963,25602,0
17964,25602,0
17965,18741,7300
17966,25576,24
17967,25089,474
17968,20624,5060
17969,25550,48
17970,25602,0
17971,25602,0
17972,25602,0
17973,25602,0
17974,25602,0
17975,25602,0
17976,22493,3030
17977,24607,928
17978,25602,0
17979,23337,2168
17980,25031,528
17981,15571,11636
17982,25089,474
17983,25602,0
17984,25576,24
17985,25602,0
17986,25602,0
17987,25602,0
17988,25602,0
17989,25602,0
17990,25602,0
17991,25602,0
17992,25142,424
17993,25602,0
17994,25001,556
17995,25602,0
17996,25602,0
17997,25602,0
17998,25602,0
17999,25602,0
18000,25602,0
18001,25550,48
18002,25602,0
18003,25602,0
18004,25602,0
18005,25602,0
18006,25602,0
18007,25602,0
18008,25602,0
18009,24670,868
18010,25602,0
18011,25602,0
18012,25602,0
18013,25602,0
18014,25602,0
18015,25602,0
18016,25602,0
18017,25602,0
18018,25602,0
18019,25602,0
18020,25602,0
18021,25602,0
18022,25602,0
18023,25602,0
18024,25602,0
18025,25602,0
18026,25602,0
18027,25602,0
18028,25602,0
18029,24039,1474
18030,24765,778
18031,25602,0
18032,25602,0
18033,25602,0
18034,25602,0
18035,16155,10774
18036,25602,0
18037,25602,0
18038,25602,0
18039,25602,0
18040,22472,3052
18041,24233,1286
18042,23642,1864
18043,25602,0
18044,25602,0
18045,25602,0
18046,25602,0
18047,25250,324
18048,25602,0
18049,25602,0
18050,25602,0
18051,20174,5576
18052,25602,0
18053,25602,0
18054,24121,1394
18055,25602,0
18056,25602,0
18057,25602,0
18058,25602,0
18059,25563,36
18060,25602,0
18061,25602,0
18062,25602,0
18063,25602,0
18064,24763,780
18065,25602,0
18066,1,1000000
18067,25602,0
18068,24397,1128
18069,25602,0
18070,25602,0
18071,24799,746
18072,25602,0
18073,25602,0
18074,25602,0
18075,25602,0
18076,25602,0
18077,25602,0
18078,25602,0
18079,25602,0
18080,25467,124
18081,25602,0
18082,25602,0
18083,25602,0
18084,25602,0
18085,25602,0
18086,25602,0
18087,24818,728
18088,25602,0
18089,15478,11776
18090,25602,0
18091,25170,398
18092,25602,0
18093,25602,0
18094,25602,0
18095,25602,0
18096,25250,324
18097,25602,0
18098,25602,0
18099,24664,874
18100,25602,0
18101,25550,48
18102,25602,0
18103,25410,176
18104,25572,28
18105,25602,0
18106,25602,0
18107,25602,0
18108,25602,0
18109,25602,0
18110,25602,0
18111,25602,0
18112,25576,24
18113,20943,4700
18114,25602,0
18115,25602,0
18116,25121,444
18117,25602,0
18118,23453,2052
18119,25602,0
18120,25602,0
18121,25602,0
18122,24894,656
18123,22498,3024
18124,24221,1298
18125,25602,0
18126,25602,0
18127,25602,0
18128,25602,0
18129,25576,24
18130,25087,476
18131,25602,0
18132,25602,0
18133,22785,2728
18134,25602,0
18135,25602,0
18136,25602,0
18137,25602,0
18138,25602,0
18139,25602,0
18140,25572,28
18141,25602,0
18142,25602,0
18143,25602,0
18144,25022,536
18145,25602,0
18146,24202,1316
18147,25602,0
18148,24801,744
18149,25602,0
18150,25602,0
18151,25572,28
18152,25224,348
18153,25602,0
18154,25354,228
18155,25602,0
18156,25563,36
18157,25602,0
18158,24495,1034
18159,25602,0
18160,25602,0
18161,25602,0
18162,25471,120
18163,25602,0
18164,23383,2122
18165,25572,28
18166,25138,428
18167,25602,0
18168,25602,0
18169,25602,0
18170,25493,100
18171,25602,0
18172,22785,2728
18173,25602,0
18174,25602,0
18175,25602,0
18176,25550,48
18177,25602,0
18178,25602,0
18179,25602,0
18180,25602,0
18181,17920,8348
18182,25602,0
18183,25602,0
18184,25602,0
18185,25602,0
18186,25602,0
18187,23622,1884
18188,25602,0
18189,25602,0
18190,21073,4556
18191,25602,0
18192,25602,0
18193,25602,0
18194,25602,0
18195,24611,924
18196,25602,0
18197,25602,0
18198,25602,0
18199,25602,0
18200,25602,0
18201,25602,0
18202,25602,0
18203,25602,0
18204,25602,0
18205,25602,0
18206,25602,0
18207,25602,0
18208,25602,0
18209,25602,0
18210,25602,0
18211,25602,0
18212,25602,0
18213,25602,0
18214,25602,0
18215,25602,0
18216,25576,24
18217,25602,0
18218,9931,22160
18219,25602,0
18220,25602,0
18221,25602,0
18222,25602,0
18223,25602,0
18224,25602,0
18225,25572,28
18226,25602,0
18227,25602,0
18228,25602,0
18229,25602,0
18230,24017,1496
18231,25480,112
18232,5979,34032
18233,25602,0
18234,25602,0
18235,25602,0
18236,25602,0
18237,25399,186
18238,25246,328
18239,22668,2848
18240,25602,0
18241,25089,474
18242,25602,0
18243,25602,0
18244,24852,696
18245,25602,0
18246,25602,0
18247,25602,0
18248,25602,0
18249,25602,0
18250,25602,0
18251,25602,0
18252,21733,3834
18253,25602,0
18254,25602,0
18255,25602,0
18256,25602,0
18257,25602,0
18258,25602,0
18259,25602,0
18260,25602,0
18261,25602,0
18262,25521,74
18263,25602,0
18264,25602,0
18265,25602,0
18266,25602,0
18267,25602,0
18268,24716,824
18269,25602,0
18270,25602,0
18271,25602,0
18272,25602,0
18273,25415,172
18274,25602,0
18275,25602,0
18276,21531,4052
18277,25576,24
18278,25602,0
18279,25602,0
18280,25602,0
18281,25012,546
18282,25065,496
18283,23197,2308
18284,25576,24
18285,25602,0
18286,25602,0
18287,25602,0
18288,25602,0
18289,25602,0
18290,25550,48
18291,25130,436
18292,23357,2148
18293,25602,0
18294,25602,0
18295,25602,0
18296,24928,624
18297,25602,0
18298,25602,0
18299,25576,24
18300,25602,0
18301,23377,2128
18302,25602,0
18303,22487,3036
18304,25602,0
18305,25602,0
18306,25576,24
18307,25602,0
18308,25602,0
18309,25602,0
18310,25550,48
18311,25031,528
18312,24592,942
18313,25602,0
18314,25602,0
18315,25602,0
18316,25602,0
18317,25572,28
18318,25462,128
18319,25602,0
18320,21860,3698
18321,25602,0
18322,25602,0
18323,25602,0
18324,25602,0
18325,25602,0
18326,25035,524
18327,25602,0
18328,25602,0
18329,25602,0
18330,25602,0
18331,25602,0
18332,25602,0
18333,25602,0
18334,25602,0
18335,25550,48
18336,25576,24
18337,25572,28
18338,25550,48
18339,25602,0
18340,24586,948
18341,25602,0
18342,25602,0
18343,25602,0
18344,25272,304
18345,25602,0
18346,25602,0
18347,25602,0
18348,25602,0
18349,22608,2910
18350,25576,24
18351,25354,228
18352,25602,0
18353,25602,0
18354,25602,0
18355,24590,944
18356,22595,2924
18357,25602,0
18358,25602,0
18359,25602,0
18360,25602,0
18361,25602,0
18362,25602,0
18363,25602,0
18364,25602,0
18365,23682,1824
18366,25602,0
18367,25602,0
18368,9734,22628
18369,16654,10062
18370,25602,0
18371,25602,0
18372,25602,0
18373,25035,524
18374,25441,148
18375,25602,0
18376,25602,0
18377,25602,0
18378,25602,0
18379,25602,0
18380,25602,0
18381,25576,24
18382,16399,10424
18383,25602,0
18384,24586,948
18385,25602,0
18386,25602,0
18387,25602,0
18388,25602,0
18389,25602,0
18390,24716,824
18391,25602,0
18392,25602,0
18393,25602,0
18394,25602,0
18395,24822,724
18396,25602,0
18397,25602,0
18398,25532,64
18399,25602,0
18400,23612,1894
18401,25602,0
18402,25602,0
18403,25602,0
18404,25602,0
18405,25602,0
18406,19958,5828
18407,25602,0
18408,25602,0
18409,25523,72
18410,25602,0
18411,24062,1452
18412,25602,0
18413,25602,0
18414,25602,0
18415,25602,0
18416,25602,0
18417,25602,0
18418,22688,2828
18419,25602,0
18420,25576,24
18421,25602,0
18422,25602,0
18423,25602,0
18424,25602,0
18425,25602,0
18426,25602,0
18427,24376,1148
18428,25602,0
18429,25602,0
18430,22982,2526
18431,24907,644
18432,23481,2024
18433,25602,0
18434,25602,0
18435,25602,0
18436,20564,5128
18437,25602,0
18438,25278,298
18439,25602,0
18440,25436,152
18441,25602,0
18442,25602,0
18443,25602,0
18444,25602,0
18445,25602,0
18446,25602,0
18447,24928,624
18448,25602,0
18449,25602,0
18450,25550,48
18451,25602,0
18452,25602,0
18453,25602,0
18454,25602,0
18455,22564,2956
18456,25602,0
18457,25602,0
18458,25224,348
18459,25602,0
18460,25602,0
18461,25602,0
18462,25602,0
18463,23678,1828
18464,25572,28
18465,25576,24
18466,25602,0
18467,25602,0
18468,25537,60
18469,25602,0
18470,25602,0
18471,25602,0
18472,25515,80
18473,24982,574
18474,25602,0
18475,25602,0
18476,23884,1626
18477,25602,0
18478,25183,386
18479,25602,0
18480,25602,0
18481,22113,3428
18482,25602,0
18483,25035,524
18484,25602,0
18485,25602,0
18486,25576,24
18487,25519,76
18488,25602,0
18489,25602,0
18490,25602,0
18491,25602,0
18492,25602,0
18493,25602,0
18494,25602,0
18495,25602,0
18496,25602,0
18497,25602,0
18498,25602,0
18499,25602,0
18500,25602,0
18501,25602,0
18502,25602,0
18503,25576,24
18504,25576,24
18505,24771,772
18506,25602,0
18507,24969,586
18508,25602,0
18509,25602,0
18510,25602,0
18511,24928,624
18512,25602,0
18513,25602,0
18514,25602,0
18515,25602,0
18516,25602,0
18517,25602,0
18518,25602,0
18519,25602,0
18520,25602,0
18521,24397,1128
18522,25602,0
18523,25602,0
18524,25035,524
18525,25602,0
18526,25537,60
18527,25602,0
18528,25602,0
18529,25602,0
18530,25602,0
18531,25602,0
18532,25602,0
18533,25572,28
18534,25602,0
18535,25602,0
18536,25602,0
18537,25602,0
18538,25602,0
18539,24376,1148
18540,25602,0
18541,25602,0
18542,25602,0
18543,25602,0
18544,25602,0
18545,17475,8936
18546,25576,24
18547,25602,0
18548,25602,0
18549,25563,36
18550,24630,906
18551,23784,1724
18552,25576,24
18553,25602,0
18554,25602,0
18555,25602,0
18556,24716,824
18557,22250,3284
18558,25602,0
18559,25602,0
18560,25602,0
18561,25602,0
18562,25602,0
18563,25602,0
18564,2799,51792
18565,25576,24
18566,25087,476
18567,25602,0
18568,25602,0
18569,25602,0
18570,25602,0
18571,25602,0
18572,25602,0
18573,25602,0
18574,25550,48
18575,25602,0
18576,25602,0
18577,25602,0
18578,25576,24
18579,23998,1514
18580,25602,0
18581,25515,80
18582,25602,0
18583,25602,0
18584,25576,24
18585,25602,0
18586,24821,725
18587,25602,0
18588,25602,0
18589,25602,0
18590,25602,0
18591,25602,0
18592,24326,1196
18593,24611,924
18594,25602,0
18595,25602,0
18596,25534,62
18597,25532,64
18598,25302,276
18599,25602,0
18600,23539,1966
18601,33,155898
18602,23965,1546
18603,25602,0
18604,25602,0
18605,25602,0
18606,25602,0
18607,25408,178
18608,25576,24
18609,25576,24
18610,25602,0
18611,25602,0
18612,7657,28244
18613,25602,0
18614,25602,0
18615,25602,0
18616,25602,0
18617,25602,0
18618,25602,0
18619,23311,2194
18620,25550,48
18621,25602,0
18622,25602,0
18623,25602,0
18624,25602,0
18625,25198,372
18626,25602,0
18627,25602,0
18628,25602,0
18629,24586,948
18630,25602,0
18631,25602,0
18632,24797,748
18633,25602,0
18634,25602,0
18635,25602,0
18636,25602,0
18637,24297,1224
18638,25602,0
18639,25602,0
18640,25602,0
18641,23237,2268
18642,25502,92
18643,25602,0
18644,25602,0
18645,25602,0
18646,24716,824
18647,25602,0
18648,25602,0
18649,25602,0
18650,25602,0
18651,25563,36
18652,25602,0
18653,24349,1174
18654,25602,0
18655,25602,0
18656,23853,1656
18657,25162,406
18658,25602,0
18659,25602,0
18660,25602,0
18661,25602,0
18662,25602,0
18663,25602,0
18664,25602,0
18665,25602,0
18666,25602,0
18667,25602,0
18668,25602,0
18669,25602,0
18670,25602,0
18671,20829,4828
18672,25602,0
18673,20833,4824
18674,25572,28
18675,25602,0
18676,25602,0
18677,24875,674
18678,25602,0
18679,25602,0
18680,23529,1976
18681,25602,0
18682,25550,48
18683,25602,0
18684,25602,0
18685,25602,0
18686,24916,636
18687,25602,0
18688,25602,0
18689,25602,0
18690,25602,0
18691,25203,368
18692,17034,9534
18693,25602,0
18694,25602,0
18695,20108,5652
18696,22943,2566
18697,25602,0
18698,25602,0
18699,25602,0
18700,25602,0
18701,25602,0
18702,25602,0
18703,25602,0
18704,25602,0
18705,25602,0
18706,24324,1198
18707,19035,6936
18708,23293,2212
18709,25602,0
18710,25572,28
18711,25515,80
18712,25602,0
18713,25602,0
18714,25602,0
18715,25602,0
18716,24190,1328
18717,25602,0
18718,25521,74
18719,25602,0
18720,25602,0
18721,24611,924
18722,24797,748
18723,25602,0
18724,25563,36
18725,25602,0
18726,25602,0
18727,22732,2782
18728,25602,0
18729,25358,224
18730,3017,50036
18731,23469,2036
18732,22750,2764
18733,25602,0
18734,25602,0
18735,25602,0
18736,25602,0
18737,21646,3928
18738,25602,0
18739,25602,0
18740,25099,464
18741,25602,0
18742,25602,0
18743,23630,1876
18744,25602,0
18745,25602,0
18746,25602,0
18747,25602,0
18748,25602,0
18749,21465,4124
18750,25602,0
18751,22929,2580
18752,25602,0
18753,25423,164
18754,25602,0
18755,25602,0
18756,25138,428
18757,25602,0
18758,25602,0
18759,25369,214
18760,25602,0
18761,25602,0
18762,25602,0
18763,25602,0
18764,25602,0
18765,25602,0
18766,25602,0
18767,25602,0
18768,21465,4124
18769,25602,0
18770,25602,0
18771,25602,0
18772,25519,76
18773,25602,0
18774,25602,0
18775,25602,0
18776,25602,0
18777,25602,0
18778,23132,2374
18779,25602,0
18780,24907,644
18781,25602,0
18782,25602,0
18783,25602,0
18784,25563,36
18785,25602,0
18786,25602,0
18787,25506,88
18788,25602,0
18789,23182,2324
18790,25602,0
18791,25602,0
18792,25602,0
18793,23988,1524
18794,25602,0
18795,21613,3964
18796,24982,574
18797,25602,0
18798,25602,0
18799,25602,0
18800,25602,0
18801,24862,686
18802,22843,2668
18803,25602,0
18804,25602,0
18805,24704,836
18806,25602,0
18807,25602,0
18808,23307,2198
18809,25602,0
18810,25001,556
18811,25572,28
18812,25602,0
18813,24029,1484
18814,25602,0
18815,25602,0
18816,25602,0
18817,25602,0
18818,25304,274
18819,25602,0
18820,25602,0
18821,25117,448
18822,25602,0
18823,25602,0
18824,25602,0
18825,25602,0
18826,25602,0
18827,25602,0
18828,22208,3328
18829,25602,0
18830,25602,0
18831,25602,0
18832,25602,0
18833,25602,0
18834,25602,0
18835,25602,0
18836,25602,0
18837,25354,228
18838,24485,1044
18839,25602,0
18840,25602,0
18841,25602,0
18842,13613,14780
18843,25602,0
18844,25602,0
18845,25602,0
18846,25441,148
18847,25497,96
18848,25602,0
18849,25602,0
18850,14672,13028
18851,25602,0
18852,25602,0
18853,25572,28
18854,25229,344
18855,25471,120
18856,25602,0
18857,25602,0
18858,24621,914
18859,23397,2108
18860,10838,20114
18861,25602,0
18862,25602,0
18863,25602,0
18864,25602,0
18865,25602,0
18866,25602,0
18867,25602,0
18868,25602,0
18869,25602,0
18870,25572,28
18871,25602,0
18872,25602,0
18873,25602,0
18874,25602,0
18875,25602,0
18876,25602,0
18877,25602,0
18878,25602,0
18879,25602,0
18880,22495,3028
18881,25523,72
18882,25576,24
18883,25602,0
18884,25602,0
18885,25602,0
18886,25602,0
18887,24850,698
18888,22315,3216
18889,25602,0
18890,25602,0
18891,25345,236
18892,25602,0
18893,25602,0
18894,25602,0
18895,25602,0
18896,25602,0
18897,25576,24
18898,24982,574
18899,25515,80
18900,24091,1424
18901,25602,0
18902,24512,1018
18903,25563,36
18904,23178,2328
18905,25602,0
18906,25602,0
18907,25602,0
18908,24867,682
18909,16190,10724
18910,25602,0
18911,25602,0
18912,25602,0
18913,24716,824
18914,25602,0
18915,25602,0
18916,23861,1648
18917,25602,0
18918,25602,0
18919,25602,0
18920,25602,0
18921,25602,0
18922,18999,6980
18923,25602,0
18924,25602,0
18925,25497,96
18926,25602,0
18927,25602,0
18928,25602,0
18929,25602,0
18930,25602,0
18931,25602,0
18932,25550,48
18933,25602,0
18934,25602,0
18935,25602,0
18936,25602,0
18937,25602,0
18938,25602,0
18939,25602,0
18940,25602,0
18941,21051,4580
18942,25602,0
18943,24581,952
18944,25602,0
18945,23501,2004
18946,25602,0
18947,25602,0
18948,25602,0
18949,25602,0
18950,24903,648
18951,25602,0
18952,25602,0
18953,25602,0
18954,25602,0
18955,25602,0
18956,25602,0
18957,25602,0
18958,25602,0
18959,2939,50648
18960,25510,84
18961,25602,0
18962,23963,1548
18963,21929,3624
18964,25602,0
18965,25602,0
18966,25602,0
18967,25602,0
18968,25602,0
18969,25602,0
18970,25602,0
18971,23953,1558
18972,25602,0
18973,25602,0
18974,25541,56
18975,25602,0
18976,17288,9188
18977,25441,148
18978,25602,0
18979,25602,0
18980,25550,48
18981,25602,0
18982,25602,0
18983,25602,0
18984,25602,0
18985,25602,0
18986,25602,0
18987,25602,0
18988,25602,0
18989,25602,0
18990,25602,0
18991,22863,2648
18992,24565,968
18993,25576,24
18994,25602,0
18995,24782,762
18996,25602,0
18997,25602,0
18998,24822,724
18999,25602,0
19000,25602,0
19001,25602,0
19002,24843,704
19003,4375,41342
19004,25602,0
19005,25497,96
19006,25602,0
19007,25602,0
19008,25602,0
19009,25602,0
19010,25602,0
19011,20314,5414
19012,25602,0
19013,25602,0
19014,25602,0
19015,25602,0
19016,25602,0
19017,25602,0
19018,25602,0
19019,25602,0
19020,25602,0
19021,25602,0
19022,25576,24
19023,25602,0
19024,25602,0
19025,25602,0
19026,25602,0
19027,24358,1166
19028,25602,0
19029,25602,0
19030,25602,0
19031,25602,0
19032,20906,4742
19033,23810,1698
19034,25602,0
19035,25572,28
19036,25602,0
19037,25602,0
19038,25602,0
19039,25602,0
19040,25602,0
19041,25194,376
19042,25602,0
19043,20590,5098
19044,24769,774
19045,25602,0
19046,25602,0
19047,25602,0
19048,25602,0
19049,25602,0
19050,25602,0
19051,25572,28
19052,25602,0
19053,25602,0
19054,25602,0
19055,25602,0
19056,21015,4620
19057,25602,0
19058,25602,0
19059,25602,0
19060,25602,0
19061,25602,0
19062,25572,28
19063,25602,0
19064,25602,0
19065,25602,0
19066,25602,0
19067,25576,24
19068,25602,0
19069,25458,132
19070,25602,0
19071,25602,0
19072,24039,1474
19073,25602,0
19074,25602,0
19075,25602,0
19076,25602,0
19077,25602,0
19078,25602,0
19079,25602,0
19080,25550,48
19081,25576,24
19082,25436,152
19083,25602,0
19084,22931,2578
19085,25602,0
19086,25602,0
19087,25602,0
19088,25497,96
19089,25602,0
19090,25602,0
19091,20238,5502
19092,25602,0
19093,24638,898
19094,25602,0
19095,25602,0
19096,25602,0
19097,24449,1078
19098,25602,0
19099,25602,0
19100,25602,0
19101,25576,24
19102,25602,0
19103,25602,0
19104,25517,78
19105,25572,28
19106,25602,0
19107,8038,27108
19108,25572,28
19109,25602,0
19110,25602,0
19111,25602,0
19112,25508,86
19113,25602,0
19114,22661,2856
19115,25602,0
19116,25602,0
19117,25572,28
19118,25572,28
19119,25602,0
19120,25602,0
19121,25602,0
19122,21535,4048
19123,8666,25348
19124,25132,434
19125,25602,0
19126,25602,0
19127,25192,378
19128,8675,25324
19129,25572,28
19130,25602,0
19131,25602,0
19132,25602,0
19133,25602,0
19134,25602,0
19135,25602,0
19136,25602,0
19137,23249,2256
19138,25602,0
19139,25602,0
19140,25602,0
19141,25602,0
19142,25602,0
19143,20634,5048
19144,25602,0
19145,25602,0
19146,25602,0
19147,25602,0
19148,16716,9976
19149,25602,0
19150,25602,0
19151,25602,0
19152,25602,0
19153,25602,0
19154,25480,112
19155,25602,0
19156,25602,0
19157,25602,0
19158,25462,128
19159,25602,0
19160,22000,3548
19161,22761,2752
19162,25602,0
19163,25602,0
19164,25462,128
19165,25602,0
19166,25602,0
19167,25602,0
19168,25445,144
19169,25224,348
19170,25563,36
19171,25602,0
19172,25602,0
19173,25602,0
19174,25602,0
19175,25602,0
19176,25602,0
19177,25602,0
19178,25602,0
19179,25602,0
19180,25602,0
19181,25602,0
19182,24882,668
19183,25602,0
19184,25602,0
19185,25572,28
19186,25602,0
19187,25602,0
19188,25471,120
19189,25602,0
19190,25602,0
19191,25602,0
19192,25602,0
19193,25108,456
19194,25572,28
19195,25572,28
19196,25602,0
19197,25602,0
19198,25602,0
19199,25602,0
19200,23085,2422
19201,25602,0
19202,25602,0
19203,25550,48
19204,25602,0
19205,25602,0
19206,25602,0
19207,23035,2472
19208,25462,128
19209,25602,0
19210,25602,0
19211,25010,548
19212,25467,124
19213,25602,0
19214,25576,24
19215,25602,0
19216,25550,48
19217,25602,0
19218,25602,0
19219,25602,0
19220,25602,0
19221,25602,0
19222,25602,0
19223,25550,48
19224,25602,0
19225,25602,0
19226,25602,0
19227,23182,2324
19228,25563,36
19229,25602,0
19230,25602,0
19231,25602,0
19232,25602,0
19233,20508,5192
19234,25602,0
19235,25602,0
19236,25602,0
19237,25602,0
19238,25602,0
19239,25602,0
19240,25602,0
19241,25602,0
19242,25602,0
19243,23914,1596
19244,25602,0
19245,25602,0
19246,25602,0
19247,25602,0
19248,18963,7024
19249,25602,0
19250,25602,0
19251,25602,0
19252,25602,0
19253,25602,0
19254,25602,0
19255,25602,0
19256,25602,0
19257,25393,192
19258,25602,0
19259,25602,0
19260,24928,624
19261,21248,4362
19262,25602,0
19263,25602,0
19264,25602,0
19265,25602,0
19266,25602,0
19267,25576,24
19268,25602,0
19269,25602,0
19270,25602,0
19271,25602,0
19272,25602,0
19273,25602,0
19274,25602,0
19275,25576,24
19276,25602,0
19277,25602,0
19278,25602,0
19279,25358,224
19280,25602,0
19281,25602,0
19282,24472,1056
19283,25602,0
19284,25602,0
19285,25572,28
19286,25602,0
19287,25602,0
19288,25602,0
19289,25602,0
19290,25602,0
19291,25602,0
19292,25602,0
19293,25602,0
19294,24922,630
19295,25602,0
19296,22688,2828
19297,25602,0
19298,25602,0
19299,25192,378
19300,25130,436
19301,25291,286
19302,25602,0
19303,25563,36
19304,25602,0
19305,17908,8364
19306,25462,128
19307,25602,0
19308,25602,0
19309,25602,0
19310,25602,0
19311,25576,24
19312,21148,4472
19313,25462,128
19314,25602,0
19315,25602,0
19316,25602,0
19317,25572,28
19318,25602,0
19319,25602,0
19320,25602,0
19321,25602,0
19322,24903,648
19323,23249,2256
19324,25602,0
19325,25602,0
19326,25602,0
19327,25602,0
19328,25602,0
19329,25337,244
19330,25532,64
19331,25602,0
19332,24988,568
19333,25602,0
19334,19519,6348
19335,18578,7504
19336,25602,0
19337,22172,3366
19338,25602,0
19339,25602,0
19340,25602,0
19341,25602,0
19342,25602,0
19343,25602,0
19344,25576,24
19345,25142,424
19346,25602,0
19347,25602,0
19348,25602,0
19349,23765,1742
19350,25602,0
19351,25602,0
19352,25602,0
19353,25282,294
19354,25602,0
19355,25602,0
19356,24502,1028
19357,25136,430
19358,25576,24
19359,25508,86
19360,22884,2626
19361,25602,0
19362,24822,724
19363,25602,0
19364,25602,0
19365,25602,0
19366,25602,0
19367,25602,0
19368,25602,0
19369,25602,0
19370,22470,3054
19371,24636,900
19372,25602,0
19373,25602,0
19374,25602,0
19375,22816,2696
19376,25602,0
19377,25576,24
19378,25602,0
19379,25057,504
19380,25602,0
19381,25602,0
19382,25602,0
19383,22246,3288
19384,25304,274
19385,25602,0
19386,25572,28
19387,25602,0
19388,25602,0
19389,25602,0
19390,25473,118
19391,25602,0
19392,25602,0
19393,25602,0
19394,25602,0
19395,25602,0
19396,25602,0
19397,18048,8182
19398,25602,0
19399,25602,0
19400,25602,0
19401,20239,5500
19402,25602,0
19403,25602,0
19404,25602,0
19405,25550,48
19406,24297,1224
19407,25602,0
19408,25602,0
19409,25602,0
19410,25515,80
19411,25576,24
19412,25602,0
19413,25602,0
19414,25602,0
19415,25602,0
19416,25602,0
19417,25602,0
19418,25602,0
19419,16917,9696
19420,25076,486
19421,25602,0
19422,25602,0
19423,25602,0
19424,25515,80
19425,25602,0
19426,25602,0
19427,25602,0
19428,25602,0
19429,25602,0
19430,25602,0
19431,25602,0
19432,25602,0
19433,25602,0
19434,21949,3602
19435,25602,0
19436,25602,0
19437,25602,0
19438,25572,28
19439,23039,2468
19440,25454,136
19441,25602,0
19442,25602,0
19443,25602,0
19444,23457,2048
19445,25602,0
19446,25602,0
19447,23457,2048
19448,25602,0
19449,25602,0
19450,25602,0
19451,25602,0
19452,25563,36
19453,25602,0
19454,25602,0
19455,25602,0
19456,25602,0
19457,25602,0
19458,25602,0
19459,25602,0
19460,25602,0
19461,25602,0
19462,25602,0
19463,25602,0
19464,25602,0
19465,25602,0
19466,25602,0
19467,25602,0
19468,25602,0
19469,18467,7644
19470,25602,0
19471,25602,0
19472,24988,568
19473,25602,0
19474,25602,0
19475,25602,0
19476,25602,0
19477,25602,0
19478,25142,424
19479,25602,0
19480,24801,744
19481,25602,0
19482,25602,0
19483,25602,0
19484,17862,8424
19485,25602,0
19486,25602,0
19487,22410,3116
19488,25602,0
19489,25572,28
19490,25576,24
19491,25602,0
19492,25602,0
19493,25602,0
19494,25602,0
19495,25602,0
19496,23182,2324
19497,25602,0
19498,25602,0
19499,25602,0
19500,25602,0
19501,25602,0
19502,25602,0
19503,25497,96
19504,25196,374
19505,25602,0
19506,25602,0
19507,25602,0
19508,25602,0
19509,25602,0
19510,14672,13028
19511,25602,0
19512,25602,0
19513,25576,24
19514,25602,0
19515,25576,24
19516,25602,0
19517,25602,0
19518,25563,36
19519,25602,0
19520,24078,1436
19521,23873,1636
19522,25602,0
19523,25602,0
19524,25480,112
19525,25602,0
19526,25602,0
19527,25602,0
19528,25602,0
19529,25246,328
19530,25602,0
19531,22692,2824
19532,25602,0
19533,25602,0
19534,25602,0
19535,23002,2506
19536,25550,48
19537,25602,0
19538,25602,0
19539,25602,0
19540,25602,0
19541,25602,0
19542,25602,0
19543,25602,0
19544,24712,828
19545,25576,24
19546,25602,0
19547,25499,94
19548,19791,6024
19549,25602,0
19550,25602,0
19551,25602,0
19552,25602,0
19553,25602,0
19554,25454,136
19555,25602,0
19556,25572,28
19557,25602,0
19558,25602,0
19559,25602,0
19560,25602,0
19561,24822,724
19562,24481,1048
19563,25602,0
19564,25602,0
19565,25602,0
19566,25602,0
19567,16547,10214
19568,22773,2740
19569,25602,0
19570,25602,0
19571,25602,0
19572,25602,0
19573,25602,0
19574,25602,0
19575,25602,0
19576,25602,0
19577,25602,0
19578,25602,0
19579,25602,0
19580,25602,0
19581,25602,0
19582,25602,0
19583,25602,0
19584,25572,28
19585,20480,5224
19586,25602,0
19587,25602,0
19588,25576,24
19589,25602,0
19590,25602,0
19591,25332,248
19592,25602,0
19593,25602,0
19594,25602,0
19595,25602,0
19596,25602,0
19597,25602,0
19598,25602,0
19599,25576,24
19600,25602,0
19601,25602,0
19602,25602,0
19603,25602,0
19604,25576,24
19605,22797,2716
19606,25014,544
19607,25602,0
19608,18020,8218
19609,25602,0
19610,18642,7424
19611,25602,0
19612,24190,1328
19613,25602,0
19614,25602,0
19615,25602,0
19616,25602,0
19617,25602,0
19618,25576,24
19619,25602,0
19620,22303,3228
19621,23804,1704
19622,25602,0
19623,25602,0
19624,25602,0
19625,25602,0
19626,25602,0
19627,25602,0
19628,25602,0
19629,22882,2628
19630,25602,0
19631,25602,0
19632,25602,0
19633,17150,9376
19634,25602,0
19635,25602,0
19636,25602,0
19637,25602,0
19638,25602,0
19639,25602,0
19640,25602,0
19641,25602,0
19642,25602,0
19643,21443,4148
19644,23557,1948
19645,25602,0
19646,25602,0
19647,25572,28
19648,25602,0
19649,25602,0
19650,25602,0
19651,25602,0
19652,25550,48
19653,25602,0
19654,25602,0
19655,25602,0
19656,25602,0
19657,25602,0
19658,25602,0
19659,25602,0
19660,25572,28
19661,25602,0
19662,25602,0
19663,25602,0
19664,25602,0
19665,25489,104
19666,25602,0
19667,25602,0
19668,25602,0
19669,23035,2472
19670,25602,0
19671,23525,1980
19672,25602,0
19673,25602,0
19674,25423,164
19675,25602,0
19676,25602,0
19677,25602,0
19678,24716,824
19679,25602,0
19680,25602,0
19681,25602,0
19682,25602,0
19683,25602,0
19684,25602,0
19685,25602,0
19686,25576,24
19687,25602,0
19688,25541,56
19689,25602,0
19690,25602,0
19691,25602,0
19692,25504,90
19693,25602,0
19694,25602,0
19695,25602,0
19696,25602,0
19697,25602,0
19698,25602,0
19699,25602,0
19700,25602,0
19701,25602,0
19702,14362,13528
19703,25602,0
19704,25602,0
19705,25541,56
19706,25602,0
19707,25576,24
19708,25602,0
19709,25602,0
19710,25572,28
19711,25602,0
19712,25602,0
19713,25602,0
19714,25497,96
19715,25602,0
19716,25602,0
19717,25602,0
19718,25602,0
19719,23369,2136
19720,25602,0
19721,25602,0
19722,25602,0
19723,25576,24
19724,25602,0
19725,25602,0
19726,25602,0
19727,25602,0
19728,25602,0
19729,25602,0
19730,25602,0
19731,25602,0
19732,25602,0
19733,25602,0
19734,25602,0
19735,25602,0
19736,25602,0
19737,25602,0
19738,25541,56
19739,25602,0
19740,25602,0
19741,25602,0
19742,25602,0
19743,18645,7420
19744,25602,0
19745,25602,0
19746,25602,0
19747,25602,0
19748,25602,0
19749,25602,0
19750,25602,0
19751,25602,0
19752,25602,0
19753,25602,0
19754,25602,0
19755,24293,1228
19756,24366,1158
19757,25602,0
19758,25602,0
19759,25602,0
19760,25119,446
19761,25602,0
19762,25402,184
19763,23293,2212
19764,25602,0
19765,25602,0
19766,25602,0
19767,25602,0
19768,25602,0
19769,25541,56
19770,24097,1418
19771,25602,0
19772,25602,0
19773,25602,0
19774,25602,0
19775,25602,0
19776,25602,0
19777,25602,0
19778,23083,2424
19779,25602,0
19780,25550,48
19781,25602,0
19782,25550,48
19783,25602,0
19784,22984,2524
19785,25602,0
19786,25188,382
19787,25304,274
19788,25142,424
19789,25602,0
19790,25602,0
19791,25602,0
19792,25602,0
19793,24797,748
19794,25602,0
19795,25576,24
19796,22547,2974
19797,25602,0
19798,25602,0
19799,25602,0
19800,25602,0
19801,23277,2228
19802,25602,0
19803,25196,374
19804,25602,0
19805,25602,0
19806,25602,0
19807,25142,424
19808,25376,208
19809,25465,126
19810,25602,0
19811,25510,84
19812,25602,0
19813,25602,0
19814,25602,0
19815,25602,0
19816,25602,0
19817,25602,0
19818,25602,0
19819,25602,0
19820,25602,0
19821,25602,0
19822,25602,0
19823,25523,72
19824,25602,0
19825,25602,0
19826,24464,1064
19827,25602,0
19828,25602,0
19829,25602,0
19830,25602,0
19831,25602,0
19832,25602,0
19833,25602,0
19834,25602,0
19835,25602,0
19836,25602,0
19837,25602,0
19838,25602,0
19839,25554,44
19840,25602,0
19841,25602,0
19842,23349,2156
19843,25602,0
19844,25602,0
19845,25563,36
19846,25602,0
19847,25304,274
19848,25602,0
19849,25602,0
19850,25602,0
19851,25602,0
19852,25602,0
19853,25602,0
19854,25602,0
19855,25602,0
19856,25602,0
19857,25497,96
19858,25602,0
19859,25602,0
19860,25602,0
19861,25602,0
19862,25602,0
19863,25602,0
19864,25602,0
19865,25602,0
19866,25117,448
19867,25304,274
19868,6142,33404
19869,25602,0
19870,23481,2024
19871,25117,448
19872,25602,0
19873,25602,0
19874,25602,0
19875,25602,0
19876,25602,0
19877,23427,2078
19878,25523,72
19879,9965,22080
19880,25602,0
19881,25602,0
19882,25602,0
19883,25602,0
19884,25602,0
19885,25602,0
19886,25602,0
19887,25545,52
19888,25602,0
19889,25602,0
19890,25602,0
19891,25602,0
19892,25445,144
19893,23682,1824
19894,25602,0
19895,25216,356
19896,25602,0
19897,25602,0
19898,25602,0
19899,25602,0
19900,25602,0
19901,25602,0
19902,25576,24
19903,25602,0
19904,25499,94
19905,25602,0
19906,24248,1272
19907,25602,0
19908,25602,0
19909,25602,0
19910,25602,0
19911,25602,0
19912,25602,0
19913,25602,0
19914,25602,0
19915,25602,0
19916,25602,0
19917,25602,0
19918,25576,24
19919,25602,0
19920,25454,136
19921,25602,0
19922,24928,624
19923,15929,11104
19924,25432,156
19925,25502,92
19926,25602,0
19927,25602,0
19928,25602,0
19929,25602,0
19930,6327,32708
19931,21303,4302
19932,23319,2186
19933,25602,0
19934,25602,0
19935,25602,0
19936,25563,36
19937,25602,0
19938,25602,0
19939,25602,0
19940,25602,0
19941,25602,0
19942,25532,64
19943,25602,0
19944,25602,0
19945,25602,0
19946,25602,0
19947,25602,0
19948,25602,0
19949,25602,0
19950,25576,24
19951,25602,0
19952,25602,0
19953,25602,0
19954,25602,0
19955,24854,694
19956,25602,0
19957,25602,0
19958,25602,0
19959,25602,0
19960,25602,0
19961,25602,0
19962,25602,0
19963,25480,112
19964,25602,0
19965,25602,0
19966,25602,0
19967,25602,0
19968,25602,0
19969,25602,0
19970,25602,0
19971,25602,0
19972,25602,0
19973,25602,0
19974,17771,8544
19975,25602,0
19976,25602,0
19977,25497,96
19978,25602,0
19979,24969,586
19980,25602,0
19981,25602,0
19982,25602,0
19983,25602,0
19984,25602,0
19985,25602,0
19986,24982,574
19987,25602,0
19988,25602,0
19989,25602,0
19990,25142,424
19991,25602,0
19992,25602,0
19993,25602,0
19994,25602,0
19995,25602,0
19996,25602,0
19997,25572,28
19998,25467,124
19999,39,151548
20000,25602,0
20001,25602,0
20002,22068,3476
20003,25602,0
20004,25602,0
20005,25022,536
20006,25602,0
20007,25602,0
20008,25602,0
20009,25602,0
20010,25602,0
20011,25602,0
20012,25602,0
20013,25602,0
20014,25576,24
20015,25602,0
20016,25602,0
20017,25602,0
20018,25602,0
20019,25602,0
20020,25602,0
20021,21013,4622
20022,25602,0
20023,25602,0
20024,23469,2036
20025,25602,0
20026,25602,0
20027,19448,6434
20028,25602,0
20029,25602,0
20030,25602,0
20031,25358,224
20032,25602,0
20033,25602,0
20034,25602,0
20035,25602,0
20036,25602,0
20037,25602,0
20038,25602,0
20039,25048,512
20040,25602,0
20041,25602,0
20042,25602,0
20043,25602,0
20044,25602,0
20045,25602,0
20046,25602,0
20047,25602,0
20048,25467,124
20049,25523,72
20050,25602,0
20051,24948,606
20052,25602,0
20053,25602,0
20054,25602,0
20055,25602,0
20056,25602,0
20057,25523,72
20058,25602,0
20059,25602,0
20060,25602,0
20061,25602,0
20062,25602,0
20063,25576,24
20064,25476,116
20065,25602,0
20066,25602,0
20067,25602,0
20068,25572,28
20069,25602,0
20070,22595,2924
20071,25602,0
20072,25602,0
20073,25602,0
20074,25602,0
20075,25602,0
20076,25602,0
20077,25550,48
20078,25576,24
20079,25563,36
20080,25602,0
20081,25415,172
20082,25602,0
20083,25499,94
20084,25602,0
20085,25602,0
20086,25602,0
20087,25602,0
20088,25602,0
20089,25515,80
20090,25602,0
20091,25428,160
20092,25602,0
20093,25602,0
20094,25602,0
20095,25602,0
20096,25602,0
20097,25602,0
20098,25602,0
20099,25602,0
20100,25602,0
20101,22715,2800
20102,8950,24594
20103,25602,0
20104,25493,100
20105,20567,5124
20106,25602,0
20107,25602,0
20108,25602,0
20109,25602,0
20110,24670,868
20111,25602,0
20112,25602,0
20113,25602,0
20114,25602,0
20115,25602,0
20116,25602,0
20117,25602,0
20118,22688,2828
20119,25602,0
20120,25602,0
20121,25602,0
20122,25602,0
20123,25602,0
20124,25602,0
20125,25602,0
20126,16190,10724
20127,24875,674
20128,25602,0
20129,25602,0
20130,25602,0
20131,25602,0
20132,25602,0
20133,25602,0
20134,25602,0
20135,25602,0
20136,25602,0
20137,25602,0
20138,25602,0
20139,25602,0
20140,13070,15734
20141,25602,0
20142,25602,0
20143,25602,0
20144,25602,0
20145,25602,0
20146,25602,0
20147,25602,0
20148,22925,2584
20149,25354,228
20150,25602,0
20151,25602,0
20152,25602,0
20153,25602,0
20154,25602,0
20155,25602,0
20156,25602,0
20157,25602,0
20158,25602,0
20159,25602,0
20160,24518,1012
20161,25602,0
20162,25563,36
20163,25602,0
20164,25602,0
20165,25602,0
20166,25602,0
20167,25572,28
20168,25602,0
20169,25602,0
20170,25602,0
20171,25602,0
20172,25602,0
20173,25602,0
20174,25602,0
20175,25576,24
20176,25602,0
20177,22257,3276
20178,25602,0
20179,25602,0
20180,25602,0
20181,25386,198
20182,23073,2434
20183,25602,0
20184,25602,0
20185,25602,0
20186,23784,1724
20187,25602,0
20188,25602,0
20189,25602,0
20190,25602,0
20191,25602,0
20192,25602,0
20193,25304,274
20194,25602,0
20195,25602,0
20196,25602,0
20197,25602,0
20198,25602,0
20199,16151,10780
20200,25602,0
20201,25419,168
20202,25602,0
20203,25602,0
20204,25602,0
20205,25602,0
20206,25602,0
20207,25602,0
20208,24928,624
20209,25602,0
20210,22357,3172
20211,25576,24
20212,25602,0
20213,25602,0
20214,25602,0
20215,25602,0
20216,25602,0
20217,25602,0
20218,23199,2306
20219,25602,0
20220,25602,0
20221,25576,24
20222,25602,0
20223,25602,0
20224,25602,0
20225,25602,0
20226,24873,676
20227,22933,2576
20228,25602,0
20229,25602,0
20230,286,105184
20231,25602,0
20232,25602,0
20233,25602,0
20234,21425,4168
20235,25602,0
20236,25602,0
20237,25602,0
20238,25602,0
20239,25550,48
20240,25602,0
20241,25602,0
20242,25602,0
20243,25467,124
20244,25602,0
20245,25602,0
20246,24735,806
20247,25602,0
20248,25602,0
20249,25602,0
20250,25602,0
20251,25602,0
20252,25332,248
20253,25602,0
20254,25602,0
20255,25445,144
20256,25602,0
20257,25602,0
20258,25445,144
20259,25572,28
20260,17081,9470
20261,25602,0
20262,25602,0
20263,14770,12872
20264,25602,0
20265,25563,36
20266,22886,2624
20267,24329,1194
20268,25602,0
20269,25602,0
20270,25602,0
20271,25602,0
20272,24169,1348
20273,25602,0
20274,24356,1168
20275,23457,2048
20276,25602,0
20277,25602,0
20278,25602,0
20279,25602,0
20280,25602,0
20281,25602,0
20282,25602,0
20283,25576,24
20284,25602,0
20285,25602,0
20286,25602,0
20287,25602,0
20288,25602,0
20289,25602,0
20290,25602,0
20291,25602,0
20292,25602,0
20293,25602,0
20294,25602,0
20295,25602,0
20296,25602,0
20297,25602,0
20298,25602,0
20299,25602,0
20300,25563,36
20301,25602,0
20302,25602,0
20303,24454,1074
20304,25602,0
20305,25602,0
20306,25602,0
20307,25602,0
20308,25602,0
20309,25602,0
20310,25602,0
20311,25602,0
20312,25602,0
20313,25602,0
20314,25602,0
20315,25602,0
20316,25602,0
20317,25602,0
20318,12742,16328
20319,25602,0
20320,25602,0
20321,25602,0
20322,25602,0
20323,24335,1188
20324,25550,48
20325,25572,28
20326,25602,0
20327,25602,0
20328,25602,0
20329,25602,0
20330,25602,0
20331,25602,0
20332,25602,0
20333,25523,72
20334,25576,24
20335,25563,36
20336,25602,0
20337,25602,0
20338,25602,0
20339,21073,4556
20340,25304,274
20341,25602,0
20342,25602,0
20343,24285,1236
20344,25602,0
20345,25602,0
20346,25365,218
20347,25014,544
20348,25602,0
20349,25602,0
20350,25602,0
20351,25602,0
20352,23022,2486
20353,25576,24
20354,25602,0
20355,25486,106
20356,25304,274
20357,25602,0
20358,25602,0
20359,25602,0
20360,25602,0
20361,25602,0
20362,24756,786
20363,25602,0
20364,20925,4720
20365,25602,0
20366,25602,0
20367,25602,0
20368,24716,824
20369,24611,924
20370,23557,1948
20371,25602,0
20372,25250,324
20373,8871,24802
20374,25602,0
20375,25602,0
20376,25306,272
20377,25602,0
20378,25602,0
20379,25602,0
20380,25602,0
20381,25602,0
20382,25602,0
20383,25602,0
20384,25602,0
20385,25602,0
20386,25602,0
20387,25602,0
20388,25602,0
20389,25408,178
20390,25602,0
20391,25602,0
20392,25602,0
20393,25602,0
20394,25602,0
20395,25602,0
20396,24567,966
20397,25602,0
20398,25602,0
20399,2799,51796
20400,25602,0
20401,25602,0
20402,25602,0
20403,25602,0
20404,25602,0
20405,25602,0
20406,25014,544
20407,25602,0
20408,20645,5036
20409,25602,0
20410,25576,24
20411,25504,90
20412,25602,0
20413,25563,36
20414,25550,48
20415,22495,3028
20416,25602,0
20417,25602,0
20418,25602,0
20419,25602,0
20420,25602,0
20421,25602,0
20422,25602,0
20423,24556,976
20424,24347,1176
20425,25602,0
20426,25602,0
20427,25602,0
20428,25602,0
20429,25602,0
20430,24460,1068
20431,25499,94
20432,25602,0
20433,25602,0
20434,25602,0
20435,20604,5082
20436,25117,448
20437,25602,0
20438,25602,0
20439,25602,0
20440,25602,0
20441,23988,1524
20442,25602,0
20443,24969,586
20444,25602,0
20445,25602,0
20446,25602,0
20447,25602,0
20448,24850,698
20449,25602,0
20450,25602,0
20451,25602,0
20452,25602,0
20453,25602,0
20454,25602,0
20455,21517,4068
20456,25138,428
20457,25022,536
20458,25602,0
20459,23937,1574
20460,25602,0
20461,23755,1752
20462,22953,2556
20463,25602,0
20464,25602,0
20465,24068,1446
20466,25602,0
20467,25602,0
20468,25602,0
20469,25602,0
20470,25602,0
20471,25602,0
20472,15899,11148
20473,25602,0
20474,25473,118
20475,25602,0
20476,25602,0
20477,25602,0
20478,25076,486
20479,25602,0
20480,25602,0
20481,25602,0
20482,25602,0
20483,25602,0
20484,25602,0
20485,25602,0
20486,25602,0
20487,25572,28
20488,25602,0
20489,25602,0
20490,23281,2224
20491,25602,0
20492,25602,0
20493,25462,128
20494,21443,4148
20495,25572,28
20496,25138,428
20497,25602,0
20498,25576,24
20499,25602,0
20500,25602,0
20501,25602,0
20502,25602,0
20503,25602,0
20504,24558,974
20505,25602,0
20506,25602,0
20507,25602,0
20508,25602,0
20509,25602,0
20510,25602,0
20511,25602,0
20512,25602,0
20513,25602,0
20514,19004,6974
20515,25517,78
20516,25602,0
20517,25602,0
20518,25602,0
20519,25602,0
20520,25602,0
20521,25572,28
20522,22000,3548
20523,25602,0
20524,24347,1176
20525,25602,0
20526,24691,848
20527,25602,0
20528,25510,84
20529,25602,0
20530,24928,624
20531,25576,24
20532,25602,0
20533,25602,0
20534,25602,0
20535,25602,0
20536,25602,0
20537,25602,0
20538,23559,1946
20539,25602,0
20540,25602,0
20541,25576,24
20542,25602,0
20543,24416,1110
20544,25602,0
20545,25541,56
20546,25602,0
20547,25602,0
20548,25602,0
20549,25602,0
20550,25602,0
20551,25602,0
20552,25602,0
20553,25602,0
20554,25602,0
20555,25602,0
20556,25602,0
20557,25602,0
20558,25602,0
20559,25602,0
20560,25602,0
20561,25602,0
20562,25602,0
20563,25602,0
20564,24718,822
20565,21976,3574
20566,23477,2028
20567,25602,0
20568,25602,0
20569,25602,0
20570,24676,862
20571,22032,3514
20572,25602,0
20573,25602,0
20574,25602,0
20575,25602,0
20576,25602,0
20577,25602,0
20578,25602,0
20579,25602,0
20580,25602,0
20581,25354,228
20582,25602,0
20583,25602,0
20584,25602,0
20585,25602,0
20586,25602,0
20587,25602,0
20588,25602,0
20589,25602,0
20590,25602,0
20591,25602,0
20592,25602,0
20593,25602,0
20594,25602,0
20595,25602,0
20596,25602,0
20597,25602,0
20598,25602,0
20599,23605,1900
20600,25602,0
20601,25602,0
20602,23083,2424
20603,25541,56
20604,24973,582
20605,25602,0
20606,25602,0
20607,25192,378
20608,25014,544
20609,25602,0
20610,25602,0
20611,25602,0
20612,25602,0
20613,25602,0
20614,24493,1036
20615,25602,0
20616,25602,0
20617,22931,2578
20618,20291,5440
20619,25602,0
20620,25602,0
20621,25602,0
20622,25602,0
20623,20045,5726
20624,25602,0
20625,25602,0
20626,25117,448
20627,25602,0
20628,25602,0
20629,25602,0
20630,25602,0
20631,25602,0
20632,25576,24
20633,25602,0
20634,25473,118
20635,25386,198
20636,25602,0
20637,25602,0
20638,25563,36
20639,25602,0
20640,25602,0
20641,25515,80
20642,25602,0
20643,25602,0
20644,25602,0
20645,25602,0
20646,25602,0
20647,25489,104
20648,25602,0
20649,25602,0
20650,25602,0
20651,25602,0
20652,25602,0
20653,25602,0
20654,25602,0
20655,23650,1856
20656,25035,524
20657,25602,0
20658,25602,0
20659,25602,0
20660,25602,0
20661,25499,94
20662,23713,1794
20663,25602,0
20664,25602,0
20665,25602,0
20666,25602,0
20667,25602,0
20668,17342,9116
20669,25602,0
20670,25602,0
20671,25602,0
20672,25602,0
20673,25602,0
20674,25602,0
20675,25602,0
20676,25602,0
20677,25602,0
20678,25576,24
20679,25035,524
20680,25602,0
20681,25602,0
20682,25602,0
20683,25576,24
20684,25602,0
20685,25334,246
20686,25602,0
20687,25246,328
20688,25121,444
20689,25576,24
20690,25602,0
20691,25523,72
20692,25602,0
20693,25602,0
20694,25389,196
20695,23682,1824
20696,25602,0
20697,25602,0
20698,25550,48
20699,23445,2060
20700,25602,0
20701,24877,672
20702,25602,0
20703,25602,0
20704,25602,0
20705,25602,0
20706,25602,0
20707,25602,0
20708,25602,0
20709,25602,0
20710,25576,24
20711,22477,3046
20712,25602,0
20713,25602,0
20714,25602,0
20715,10497,20864
20716,25602,0
20717,25602,0
20718,25602,0
20719,25602,0
20720,25602,0
20721,25602,0
20722,25602,0
20723,25084,478
20724,25602,0
20725,24142,1374
20726,25502,92
20727,25602,0
20728,25602,0
20729,25602,0
20730,25602,0
20731,24389,1136
20732,25602,0
20733,25602,0
20734,25602,0
20735,25602,0
20736,25602,0
20737,25602,0
20738,20986,4652
20739,25602,0
20740,25602,0
20741,22475,3048
20742,23339,2166
20743,25602,0
20744,25602,0
20745,25602,0
20746,25602,0
20747,25602,0
20748,25576,24
20749,20219,5524
20750,25602,0
20751,25602,0
20752,25602,0
20753,25602,0
20754,14848,12748
20755,24843,704
20756,25602,0
20757,25602,0
20758,25602,0
20759,25602,0
20760,25602,0
20761,24326,1196
20762,25602,0
20763,22736,2778
20764,25602,0
20765,25602,0
20766,20990,4648
20767,25419,168
20768,25602,0
20769,25602,0
20770,25602,0
20771,25602,0
20772,25602,0
20773,25550,48
20774,25602,0
20775,25602,0
20776,25602,0
20777,25497,96
20778,25602,0
20779,25602,0
20780,25602,0
20781,25602,0
20782,25602,0
20783,25537,60
20784,24788,756
20785,25602,0
20786,25602,0
20787,25602,0
20788,23632,1874
20789,25602,0
20790,25602,0
20791,25602,0
20792,24682,856
20793,23188,2318
20794,25602,0
20795,25602,0
20796,25602,0
20797,25602,0
20798,25602,0
20799,23323,2182
20800,25602,0
20801,24506,1024
20802,25576,24
20803,25602,0
20804,25602,0
20805,25602,0
20806,25602,0
20807,23733,1774
20808,25306,272
20809,25602,0
20810,25602,0
20811,25602,0
20812,20480,5224
20813,25602,0
20814,25602,0
20815,25602,0
20816,25602,0
20817,25602,0
20818,25602,0
20819,25602,0
20820,19350,6552
20821,25576,24
20822,25497,96
20823,25602,0
20824,25602,0
20825,25602,0
20826,25602,0
20827,25602,0
20828,25602,0
20829,25602,0
20830,25602,0
20831,25602,0
20832,25602,0
20833,25572,28
20834,25602,0
20835,25576,24
20836,25602,0
20837,25545,52
20838,25602,0
20839,25602,0
20840,25602,0
20841,25602,0
20842,25602,0
20843,25572,28
20844,25602,0
20845,25010,548
20846,25602,0
20847,25602,0
20848,19353,6548
20849,25602,0
20850,25602,0
20851,25602,0
20852,23479,2026
20853,24744,798
20854,25089,474
20855,24924,628
20856,25602,0
20857,25602,0
20858,25602,0
20859,25550,48
20860,22017,3530
20861,25602,0
20862,25602,0
20863,23389,2116
20864,25602,0
20865,23601,1904
20866,25602,0
20867,25602,0
20868,25117,448
20869,25602,0
20870,25602,0
20871,25602,0
20872,22645,2872
20873,25602,0
20874,25602,0
20875,25602,0
20876,25602,0
20877,25602,0
20878,25602,0
20879,25602,0
20880,25602,0
20881,25602,0
20882,25602,0
20883,25250,324
20884,25602,0
20885,25602,0
20886,25602,0
20887,25602,0
20888,25602,0
20889,10229,21468
20890,24506,1024
20891,25304,274
20892,25602,0
20893,25602,0
20894,25602,0
20895,25602,0
20896,24928,624
20897,25602,0
20898,25602,0
20899,22038,3508
20900,25089,474
20901,25602,0
20902,25602,0
20903,25602,0
20904,25332,248
20905,25602,0
20906,25602,0
20907,25087,476
20908,25602,0
20909,25386,198
20910,25602,0
20911,25497,96
20912,25602,0
20913,25550,48
20914,25602,0
20915,25602,0
20916,25602,0
20917,25602,0
20918,25602,0
20919,22495,3028
20920,24691,848
20921,22884,2626
20922,25602,0
20923,25602,0
20924,25602,0
20925,25602,0
20926,25602,0
20927,25602,0
20928,25602,0
20929,25497,96
20930,25602,0
20931,25031,528
20932,25602,0
20933,23939,1572
20934,25602,0
20935,24272,1248
20936,25572,28
20937,25602,0
20938,25602,0
20939,25602,0
20940,25602,0
20941,25602,0
20942,25576,24
20943,25602,0
20944,25576,24
20945,25014,544
20946,25572,28
20947,25602,0
20948,25602,0
20949,25602,0
20950,25602,0
20951,25602,0
20952,25602,0
20953,25602,0
20954,18127,8080
20955,25602,0
20956,25602,0
20957,25602,0
20958,23069,2438
20959,25602,0
20960,25602,0
20961,25602,0
20962,25602,0
20963,25130,436
20964,25602,0
20965,22121,3420
20966,24988,568
20967,25602,0
20968,25602,0
20969,25602,0
20970,25602,0
20971,25576,24
20972,25602,0
20973,23939,1572
20974,25602,0
20975,25602,0
20976,25602,0
20977,25602,0
20978,24241,1278
20979,25602,0
20980,18754,7284
20981,25602,0
20982,25602,0
20983,25602,0
20984,25602,0
20985,25602,0
20986,25554,44
20987,25602,0
20988,25602,0
20989,25602,0
20990,22504,3018
20991,25602,0
20992,25602,0
20993,25602,0
20994,25602,0
20995,25602,0
20996,25602,0
20997,25224,348
20998,23331,2174
20999,24617,918
21000,25576,24
21001,25602,0
21002,25602,0
21003,25602,0
21004,25602,0
21005,25602,0
21006,25602,0
21007,25602,0
21008,25532,64
21009,25602,0
21010,25602,0
21011,25602,0
21012,25602,0
21013,25602,0
21014,24297,1224
21015,25602,0
21016,25602,0
21017,25602,0
21018,25602,0
21019,25602,0
21020,24928,624
21021,22789,2724
21022,25602,0
21023,25602,0
21024,25602,0
21025,25602,0
21026,25602,0
21027,2978,50344
21028,25602,0
21029,25602,0
21030,25602,0
21031,25602,0
21032,25550,48
21033,25602,0
21034,25602,0
21035,25602,0
21036,25602,0
21037,25602,0
21038,25602,0
21039,22383,3144
21040,25602,0
21041,25602,0
21042,25602,0
21043,25602,0
21044,25602,0
21045,25602,0
21046,25054,506
21047,25602,0
21048,24033,1480
21049,23731,1776
21050,25602,0
21051,25602,0
21052,25602,0
21053,25602,0
21054,25576,24
21055,22402,3124
21056,24916,636
21057,25602,0
21058,25602,0
21059,25602,0
21060,25541,56
21061,25602,0
21062,22108,3434
21063,25602,0
21064,25602,0
21065,25602,0
21066,25602,0
21067,25602,0
21068,25602,0
21069,25602,0
21070,25602,0
21071,25602,0
21072,25602,0
21073,20522,5176
21074,25602,0
21075,25602,0
21076,25602,0
21077,25576,24
21078,25602,0
21079,25602,0
21080,24277,1244
21081,25014,544
21082,25602,0
21083,25602,0
21084,25602,0
21085,25602,0
21086,25602,0
21087,25602,0
21088,25563,36
21089,25602,0
21090,25602,0
21091,25602,0
21092,25602,0
21093,25602,0
21094,25576,24
21095,25602,0
21096,25602,0
21097,25602,0
21098,22980,2528
21099,25602,0
21100,25602,0
21101,25602,0
21102,25602,0
21103,25602,0
21104,22777,2736
21105,25602,0
21106,25602,0
21107,25602,0
21108,25572,28
21109,25602,0
21110,25602,0
21111,25602,0
21112,25602,0
21113,25602,0
21114,25602,0
21115,25602,0
21116,25458,132
21117,25602,0
21118,25602,0
21119,24573,960
21120,25602,0
21121,25602,0
21122,25287,290
21123,25576,24
21124,25602,0
21125,20888,4762
21126,25602,0
21127,25602,0
21128,25602,0
21129,25602,0
21130,25576,24
21131,25602,0
21132,25602,0
21133,25532,64
21134,25602,0
21135,25602,0
21136,25602,0
21137,25602,0
21138,25602,0
21139,25602,0
21140,25602,0
21141,23686,1820
21142,25523,72
21143,25602,0
21144,2838,51470
21145,25602,0
21146,25602,0
21147,25576,24
21148,24429,1098
21149,25602,0
21150,25602,0
21151,25304,274
21152,24907,644
21153,24877,672
21154,25196,374
21155,25602,0
21156,25602,0
21157,25602,0
21158,25602,0
21159,25602,0
21160,25602,0
21161,25602,0
21162,25602,0
21163,25602,0
21164,25229,344
21165,25506,88
21166,25602,0
21167,25602,0
21168,25602,0
21169,25602,0
21170,24928,624
21171,25602,0
21172,25602,0
21173,25602,0
21174,25545,52
21175,25602,0
21176,25602,0
21177,24797,748
21178,23381,2124
21179,25602,0
21180,25602,0
21181,25602,0
21182,25602,0
21183,25602,0
21184,25602,0
21185,23311,2194
21186,25602,0
21187,25602,0
21188,25602,0
21189,25602,0
21190,22924,2586
21191,25602,0
21192,25576,24
21193,24822,724
21194,23583,1922
21195,25602,0
21196,25602,0
21197,25602,0
21198,25602,0
21199,25602,0
21200,338,101248
21201,25602,0
21202,25602,0
21203,25489,104
21204,25602,0
21205,25602,0
21206,25602,0
21207,25602,0
21208,25602,0
21209,25602,0
21210,25602,0
21211,23381,2124
21212,25602,0
21213,25537,60
21214,25602,0
21215,25602,0
21216,25602,0
21217,25376,208
21218,25602,0
21219,25445,144
21220,25602,0
21221,25602,0
21222,25602,0
21223,25602,0
21224,25602,0
21225,25602,0
21226,25602,0
21227,25602,0
21228,25602,0
21229,25602,0
21230,25602,0
21231,25602,0
21232,25602,0
21233,24695,844
21234,25602,0
21235,25602,0
21236,25602,0
21237,25602,0
21238,25602,0
21239,25602,0
21240,25602,0
21241,23140,2366
21242,25185,384
21243,25602,0
21244,25602,0
21245,25304,274
21246,25493,100
21247,25602,0
21248,25602,0
21249,25602,0
21250,25602,0
21251,25602,0
21252,25602,0
21253,25602,0
21254,25602,0
21255,25602,0
21256,25602,0
21257,25602,0
21258,25602,0
21259,25602,0
21260,25602,0
21261,25602,0
21262,25602,0
21263,25602,0
21264,25602,0
21265,25602,0
21266,25602,0
21267,25576,24
21268,25602,0
21269,21594,3984
21270,25602,0
21271,25602,0
21272,25602,0
21273,25602,0
21274,9224,23888
21275,22984,2524
21276,25602,0
21277,25602,0
21278,25099,464
21279,25602,0
21280,25121,444
21281,25602,0
21282,25602,0
21283,25602,0
21284,25602,0
21285,25602,0
21286,22450,3074
21287,25572,28
21288,25602,0
21289,25412,174
21290,25602,0
21291,25602,0
21292,25602,0
21293,24607,928
21294,25602,0
21295,25602,0
21296,25602,0
21297,25602,0
21298,25602,0
21299,24194,1324
21300,25203,368
21301,25602,0
21302,24552,980
21303,25602,0
21304,25602,0
21305,2917,50828
21306,25602,0
21307,25207,364
21308,25602,0
21309,25497,96
21310,24712,828
21311,25602,0
21312,25602,0
21313,25563,36
21314,25602,0
21315,25602,0
21316,25602,0
21317,25602,0
21318,25602,0
21319,25602,0
21320,25602,0
21321,25602,0
21322,25576,24
21323,24204,1314
21324,20474,5230
21325,25576,24
21326,25602,0
21327,25602,0
21328,25602,0
21329,25602,0
21330,25602,0
21331,25602,0
21332,25602,0
21333,25602,0
21334,25602,0
21335,25541,56
21336,25534,62
21337,25602,0
21338,25602,0
21339,25602,0
21340,25602,0
21341,25602,0
21342,24977,578
21343,25602,0
21344,24227,1292
21345,25602,0
21346,25554,44
21347,25602,0
21348,25602,0
21349,25602,0
21350,25602,0
21351,25602,0
21352,25602,0
21353,25602,0
21354,24406,1120
21355,25602,0
21356,25602,0
21357,25602,0
21358,25602,0
21359,25602,0
21360,25602,0
21361,25602,0
21362,18762,7274
21363,25602,0
21364,25602,0
21365,24472,1056
21366,23299,2206
21367,25521,74
21368,25602,0
21369,25550,48
21370,25602,0
21371,25602,0
21372,25602,0
21373,24824,722
21374,25602,0
21375,19621,6226
21376,25389,196
21377,25022,536
21378,25576,24
21379,25602,0
21380,25602,0
21381,22980,2528
21382,25602,0
21383,25602,0
21384,25602,0
21385,25602,0
21386,25602,0
21387,21753,3812
21388,25602,0
21389,25602,0
21390,25602,0
21391,25602,0
21392,25436,152
21393,25602,0
21394,25602,0
21395,25576,24
21396,25389,196
21397,25602,0
21398,10561,20720
21399,25602,0
21400,25576,24
21401,25602,0
21402,25602,0
21403,25602,0
21404,25602,0
21405,25602,0
21406,25602,0
21407,25602,0
21408,25602,0
21409,25127,438
21410,25602,0
21411,22303,3228
21412,23984,1528
21413,25602,0
21414,22189,3348
21415,25602,0
21416,25602,0
21417,25602,0
21418,25602,0
21419,25602,0
21420,25602,0
21421,25563,36
21422,25602,0
21423,25602,0
21424,25304,274
21425,24021,1492
21426,25602,0
21427,25602,0
21428,20145,5610
21429,25563,36
21430,25602,0
21431,25576,24
21432,25142,424
21433,25572,28
21434,25572,28
21435,25602,0
21436,24424,1102
21437,24481,1048
21438,25484,108
21439,25602,0
21440,23176,2330
21441,25602,0
21442,25602,0
21443,15453,11814
21444,25602,0
21445,25602,0
21446,25602,0
21447,25602,0
21448,25563,36
21449,25602,0
21450,25602,0
21451,25602,0
21452,25602,0
21453,25602,0
21454,25602,0
21455,25602,0
21456,25602,0
21457,25602,0
21458,25602,0
21459,25572,28
21460,25602,0
21461,25576,24
21462,25602,0
21463,24674,864
21464,25602,0
21465,25602,0
21466,25602,0
21467,25602,0
21468,25010,548
21469,25602,0
21470,25602,0
21471,25602,0
21472,25602,0
21473,25602,0
21474,25602,0
21475,25602,0
21476,25602,0
21477,25510,84
21478,25602,0
21479,25602,0
21480,25572,28
21481,25602,0
21482,25602,0
21483,25602,0
21484,25602,0
21485,25602,0
21486,25602,0
21487,25602,0
21488,25602,0
21489,19791,6024
21490,21374,4224
21491,25602,0
21492,24611,924
21493,25554,44
21494,25602,0
21495,25602,0
21496,25035,524
21497,25602,0
21498,25602,0
21499,25602,0
21500,25602,0
21501,25602,0
21502,25602,0
21503,24506,1024
21504,25602,0
21505,21370,4228
21506,25602,0
21507,25324,256
21508,25602,0
21509,25602,0
21510,25602,0
21511,25602,0
21512,25602,0
21513,25602,0
21514,25515,80
21515,25602,0
21516,25602,0
21517,24682,856
21518,25602,0
21519,25602,0
21520,25602,0
21521,25443,146
21522,25602,0
21523,25142,424
21524,25602,0
21525,25576,24
21526,25602,0
21527,25602,0
21528,25502,92
21529,23243,2262
21530,25602,0
21531,25510,84
21532,20532,5164
21533,14625,13102
21534,25602,0
21535,23577,1928
21536,25602,0
21537,25602,0
21538,25602,0
21539,25602,0
21540,25554,44
21541,24809,736
21542,25602,0
21543,25399,186
21544,25602,0
21545,25576,24
21546,25602,0
21547,25602,0
21548,25602,0
21549,25576,24
21550,25602,0
21551,25602,0
21552,25602,0
21553,25602,0
21554,16772,9898
21555,25602,0
21556,25602,0
21557,24982,574
21558,25576,24
21559,25602,0
21560,25602,0
21561,25602,0
21562,25602,0
21563,25602,0
21564,25602,0
21565,25602,0
21566,25602,0
21567,25602,0
21568,25602,0
21569,25250,324
21570,24767,776
21571,25602,0
21572,24243,1276
21573,25602,0
21574,37,152848
21575,25602,0
21576,25576,24
21577,24780,764
21578,12489,16798
21579,25602,0
21580,24928,624
21581,25602,0
21582,25602,0
21583,25576,24
21584,25499,94
21585,25602,0
21586,25602,0
21587,25602,0
21588,25602,0
21589,25602,0
21590,25602,0
21591,25602,0
21592,25602,0
21593,20191,5556
21594,24611,924
21595,25576,24
21596,20567,5124
21597,25602,0
21598,25602,0
21599,25602,0
21600,25602,0
21601,25541,56
21602,25602,0
21603,22380,3148
21604,2929,50734
21605,25602,0
21606,25022,536
21607,23867,1642
21608,25602,0
21609,22672,2844
21610,25188,382
21611,23988,1524
21612,25576,24
21613,25602,0
21614,25207,364
21615,25602,0
21616,25602,0
21617,25602,0
21618,25602,0
21619,25134,432
21620,25602,0
21621,25602,0
21622,25602,0
21623,25602,0
21624,25576,24
21625,25602,0
21626,25423,164
21627,25602,0
21628,25602,0
21629,25602,0
21630,25602,0
21631,25602,0
21632,25602,0
21633,25602,0
21634,25602,0
21635,25602,0
21636,25602,0
21637,25602,0
21638,25550,48
21639,25602,0
21640,25602,0
21641,24896,654
21642,25602,0
21643,22042,3504
21644,25602,0
21645,25276,300
21646,25563,36
21647,25572,28
21648,25602,0
21649,22937,2572
21650,25602,0
21651,25602,0
21652,25170,398
21653,15009,12496
21654,25602,0
21655,24556,976
21656,25602,0
21657,22189,3348
21658,25602,0
21659,21603,3974
21660,24674,864
21661,22214,3322
21662,25602,0
21663,25602,0
21664,25602,0
21665,25602,0
21666,25602,0
21667,25602,0
21668,25602,0
21669,25237,336
21670,25602,0
21671,25602,0
21672,25602,0
21673,25602,0
21674,25563,36
21675,25602,0
21676,25602,0
21677,25602,0
21678,25523,72
21679,25602,0
21680,25523,72
21681,25602,0
21682,25602,0
21683,25602,0
21684,25602,0
21685,25602,0
21686,25602,0
21687,25602,0
21688,23481,2024
21689,25602,0
21690,19949,5838
21691,25602,0
21692,25602,0
21693,25602,0
21694,25602,0
21695,25602,0
21696,24161,1356
21697,25602,0
21698,24586,948
21699,25602,0
21700,25602,0
21701,25602,0
21702,25602,0
21703,25602,0
21704,25602,0
21705,25602,0
21706,25602,0
21707,25576,24
21708,25138,428
21709,25602,0
21710,25602,0
21711,25602,0
21712,20811,4848
21713,25602,0
21714,25602,0
21715,25602,0
21716,25602,0
21717,24716,824
21718,25602,0
21719,25602,0
21720,25602,0
21721,25602,0
21722,25602,0
21723,25602,0
21724,25602,0
21725,25602,0
21726,25602,0
21727,25602,0
21728,23449,2056
21729,25602,0
21730,25602,0
21731,25602,0
21732,25602,0
21733,25602,0
21734,25602,0
21735,25602,0
21736,22641,2876
21737,25602,0
21738,25602,0
21739,23984,1528
21740,25602,0
21741,25576,24
21742,25602,0
21743,23581,1924
21744,25576,24
21745,25602,0
21746,25602,0
21747,25602,0
21748,25602,0
21749,25337,244
21750,25602,0
21751,25602,0
21752,25602,0
21753,25602,0
21754,25035,524
21755,22189,3348
21756,25602,0
21757,25602,0
21758,25602,0
21759,25602,0
21760,25602,0
21761,25576,24
21762,25545,52
21763,14537,13244
21764,25602,0
21765,25602,0
21766,25497,96
21767,25173,396
21768,25602,0
21769,25602,0
21770,25523,72
21771,25602,0
21772,25602,0
21773,25602,0
21774,25602,0
21775,23237,2268
21776,25259,316
21777,25602,0
21778,24856,692
21779,25602,0
21780,25602,0
21781,22602,2916
21782,25602,0
21783,25576,24
21784,25550,48
21785,25602,0
21786,25602,0
21787,25602,0
21788,25602,0
21789,25602,0
21790,25602,0
21791,25602,0
21792,18683,7372
21793,25602,0
21794,25550,48
21795,25602,0
21796,25602,0
21797,25602,0
21798,25576,24
21799,25476,116
21800,25602,0
21801,25602,0
21802,24194,1324
21803,25467,124
21804,25572,28
21805,25602,0
21806,25602,0
21807,25478,114
21808,25602,0
21809,25602,0
21810,25602,0
21811,25602,0
21812,25602,0
21813,25602,0
21814,25602,0
21815,25602,0
21816,24150,1366
21817,25354,228
21818,25602,0
21819,25602,0
21820,25602,0
21821,25602,0
21822,15312,12028
21823,25602,0
21824,25602,0
21825,25602,0
21826,25602,0
21827,24506,1024
21828,25602,0
21829,25602,0
21830,25602,0
21831,25576,24
21832,25602,0
21833,22631,2886
21834,24907,644
21835,25602,0
21836,25602,0
21837,24586,948
21838,16679,10028
21839,25602,0
21840,24750,792
21841,25602,0
21842,25602,0
21843,25602,0
21844,25602,0
21845,25337,244
21846,21508,4078
21847,25602,0
21848,25602,0
21849,2830,51536
21850,25602,0
21851,24560,972
21852,25602,0
21853,25602,0
21854,25602,0
21855,25602,0
21856,25602,0
21857,25602,0
21858,25602,0
21859,25602,0
21860,25602,0
21861,25602,0
21862,25576,24
21863,25576,24
21864,25602,0
21865,25602,0
21866,18981,7002
21867,25602,0
21868,24277,1244
21869,25602,0
21870,25602,0
21871,25602,0
21872,24190,1328
21873,25602,0
21874,25602,0
21875,25602,0
21876,25602,0
21877,25602,0
21878,25602,0
21879,25510,84
21880,25602,0
21881,25602,0
21882,23581,1924
21883,25572,28
21884,25602,0
21885,25602,0
21886,25602,0
21887,25602,0
21888,25602,0
21889,25602,0
21890,14456,13374
21891,22620,2898
21892,24664,874
21893,25602,0
21894,25572,28
21895,25602,0
21896,25602,0
21897,25602,0
21898,25602,0
21899,25602,0
21900,24041,1472
21901,25602,0
21902,25602,0
21903,25602,0
21904,21557,4024
21905,24960,594
21906,10638,20552
21907,25602,0
21908,24882,668
21909,25602,0
21910,25602,0
21911,25576,24
21912,25602,0
21913,25089,474
21914,25602,0
21915,25602,0
21916,25521,74
21917,25602,0
21918,25602,0
21919,25572,28
21920,25602,0
21921,25602,0
21922,25602,0
21923,25602,0
21924,25602,0
21925,25602,0
21926,25602,0
21927,25550,48
21928,25602,0
21929,25576,24
21930,25602,0
21931,25602,0
21932,25602,0
21933,24992,564
21934,25576,24
21935,25497,96
21936,21352,4248
21937,25602,0
21938,25602,0
21939,25550,48
21940,25602,0
21941,25602,0
21942,25602,0
21943,25602,0
21944,25602,0
21945,25602,0
21946,24177,1340
21947,24460,1068
21948,25541,56
21949,23493,2012
21950,20036,5736
21951,20314,5414
21952,25602,0
21953,5775,34844
21954,25602,0
21955,25602,0
21956,25508,86
21957,25602,0
21958,25576,24
21959,25391,194
21960,25576,24
21961,25602,0
21962,25602,0
21963,25602,0
21964,25602,0
21965,25602,0
21966,24556,976
21967,25602,0
21968,25602,0
21969,12941,15966
21970,23988,1524
21971,25602,0
21972,25602,0
21973,25602,0
21974,25602,0
21975,25280,296
21976,25602,0
21977,25602,0
21978,25602,0
21979,25602,0
21980,25602,0
21981,25121,444
21982,25602,0
21983,25602,0
21984,25602,0
21985,25130,436
21986,25602,0
21987,25602,0
21988,25602,0
21989,25602,0
21990,25602,0
21991,25602,0
21992,25207,364
21993,25602,0
21994,25602,0
21995,25250,324
21996,25602,0
21997,25602,0
21998,25602,0
21999,22094,3448
22000,25602,0
22001,25602,0
22002,19224,6704
22003,25602,0
22004,25602,0
22005,22961,2548
22006,25497,96
22007,25602,0
22008,25602,0
22009,22937,2572
22010,25602,0
22011,25541,56
22012,25602,0
22013,24845,702
22014,25602,0
22015,25602,0
22016,25602,0
22017,25602,0
22018,25602,0
22019,25576,24
22020,25602,0
22021,25602,0
22022,25602,0
22023,25576,24
22024,25602,0
22025,25602,0
22026,25602,0
22027,17425,9004
22028,25541,56
22029,25602,0
22030,25602,0
22031,25602,0
22032,25602,0
22033,25602,0
22034,25602,0
22035,24481,1048
22036,25602,0
22037,25602,0
22038,25602,0
22039,25602,0
22040,25602,0
22041,25602,0
22042,25602,0
22043,25563,36
22044,25576,24
22045,25602,0
22046,25602,0
22047,25602,0
22048,23407,2098
22049,25602,0
22050,1,1000000
22051,25602,0
22052,25602,0
22053,25602,0
22054,24401,1124
22055,25602,0
22056,25602,0
22057,25035,524
22058,25602,0
22059,25602,0
22060,25602,0
22061,25602,0
22062,25602,0
22063,25602,0
22064,25602,0
22065,25602,0
22066,25602,0
22067,25602,0
22068,25572,28
22069,20811,4848
22070,25602,0
22071,25602,0
22072,25602,0
22073,25602,0
22074,25602,0
22075,25602,0
22076,25563,36
22077,25602,0
22078,21594,3984
22079,25602,0
22080,25602,0
22081,25602,0
22082,25602,0
22083,25602,0
22084,25602,0
22085,25576,24
22086,25576,24
22087,25602,0
22088,25602,0
22089,25602,0
22090,24982,574
22091,25602,0
22092,25602,0
22093,25602,0
22094,22385,3142
22095,25602,0
22096,25602,0
22097,25602,0
22098,25602,0
22099,25602,0
22100,24651,886
22101,25602,0
22102,25550,48
22103,25386,198
22104,25602,0
22105,25602,0
22106,25602,0
22107,25602,0
22108,25602,0
22109,25602,0
22110,25602,0
22111,23381,2124
22112,25602,0
22113,25602,0
22114,25602,0
22115,25602,0
22116,24854,694
22117,25602,0
22118,25602,0
22119,25602,0
22120,25602,0
22121,25602,0
22122,25602,0
22123,25576,24
22124,25602,0
22125,25602,0
22126,25602,0
22127,25602,0
22128,25602,0
22129,25602,0
22130,25602,0
22131,25602,0
22132,25602,0
22133,25602,0
22134,25602,0
22135,25602,0
22136,25602,0
22137,25602,0
22138,25602,0
22139,25602,0
22140,24500,1030
22141,25602,0
22142,25602,0
22143,25602,0
22144,25602,0
22145,25576,24
22146,25229,344
22147,25602,0
22148,25602,0
22149,25602,0
22150,25602,0
22151,24460,1068
22152,24956,598
22153,25602,0
22154,25602,0
22155,25602,0
22156,25550,48
22157,24756,786
22158,25602,0
22159,25550,48
22160,25602,0
22161,25602,0
22162,22967,2542
22163,25602,0
22164,25602,0
22165,25602,0
22166,24460,1068
22167,25246,328
22168,25447,142
22169,24903,648
22170,25602,0
22171,25602,0
22172,25602,0
22173,25445,144
22174,22100,3442
22175,25602,0
22176,25602,0
22177,25602,0
22178,24778,766
22179,25602,0
22180,25602,0
22181,25602,0
22182,25602,0
22183,24372,1152
22184,25035,524
22185,25602,0
22186,25602,0
22187,25602,0
22188,25602,0
22189,25602,0
22190,25602,0
22191,25528,68
22192,24924,628
22193,25602,0
22194,25602,0
22195,25224,348
22196,23731,1776
22197,23830,1678
22198,25602,0
22199,25602,0
22200,25602,0
22201,25337,244
22202,23269,2236
22203,23664,1842
22204,25476,116
22205,25602,0
22206,25602,0
22207,25602,0
22208,25602,0
22209,25576,24
22210,25602,0
22211,25602,0
22212,25532,64
22213,25602,0
22214,25602,0
22215,25602,0
22216,20043,5728
22217,25602,0
22218,25602,0
22219,25602,0
22220,25602,0
22221,25602,0
22222,25602,0
22223,25467,124
22224,25602,0
22225,25602,0
22226,6922,30606
22227,25602,0
22228,25602,0
22229,25602,0
22230,24693,846
22231,25602,0
22232,25602,0
22233,2616,53380
22234,25602,0
22235,25602,0
22236,25602,0
22237,25602,0
22238,25602,0
22239,25602,0
22240,25602,0
22241,25454,136
22242,25602,0
22243,25602,0
22244,25280,296
22245,25602,0
22246,25602,0
22247,25142,424
22248,24611,924
22249,25602,0
22250,25602,0
22251,25602,0
22252,24818,728
22253,24231,1288
22254,25602,0
22255,25602,0
22256,25602,0
22257,25602,0
22258,25602,0
22259,25602,0
22260,25354,228
22261,25602,0
22262,24907,644
22263,25602,0
22264,25550,48
22265,25576,24
22266,25602,0
22267,24822,724
22268,25602,0
22269,25602,0
22270,25572,28
22271,25602,0
22272,25602,0
22273,25602,0
22274,25602,0
22275,25602,0
22276,21374,4224
22277,25602,0
22278,25602,0
22279,25602,0
22280,23939,1572
22281,25602,0
22282,25602,0
22283,25602,0
22284,25602,0
22285,25602,0
22286,25602,0
22287,22479,3044
22288,25572,28
22289,25602,0
22290,25602,0
22291,24905,646
22292,25602,0
22293,25602,0
22294,25602,0
22295,23988,1524
22296,25602,0
22297,25602,0
22298,20260,5476
22299,25602,0
22300,25550,48
22301,25602,0
22302,25250,324
22303,25572,28
22304,25602,0
22305,16404,10416
22306,24995,562
22307,25602,0
22308,25104,460
22309,18824,7196
22310,25602,0
22311,25602,0
22312,23277,2228
22313,25602,0
22314,25602,0
22315,25602,0
22316,25602,0
22317,25550,48
22318,25602,0
22319,25602,0
22320,20652,5028
22321,25602,0
22322,25576,24
22323,25602,0
22324,22740,2774
22325,23614,1892
22326,25602,0
22327,25602,0
22328,25602,0
22329,22144,3396
22330,25602,0
22331,25602,0
22332,25602,0
22333,25602,0
22334,25602,0
22335,25602,0
22336,25602,0
22337,25602,0
22338,23984,1528
22339,25602,0
22340,25602,0
22341,25602,0
22342,25602,0
22343,25602,0
22344,25602,0
22345,22924,2586
22346,25602,0
22347,25602,0
22348,25602,0
22349,23565,1940
22350,25602,0
22351,25602,0
22352,25602,0
22353,25602,0
22354,25602,0
22355,25602,0
22356,24875,674
22357,15125,12316
22358,25602,0
22359,25602,0
22360,25602,0
22361,25602,0
22362,20592,5096
22363,25602,0
22364,24264,1256
22365,23273,2232
22366,25576,24
22367,25602,0
22368,25602,0
22369,25602,0
22370,24775,768
22371,25602,0
22372,25576,24
22373,25602,0
22374,25602,0
22375,22002,3546
22376,25602,0
22377,25602,0
22378,24982,574
22379,25602,0
22380,25602,0
22381,25602,0
22382,25602,0
22383,25602,0
22384,25602,0
22385,24397,1128
22386,24345,1178
22387,25602,0
22388,25602,0
22389,17728,8600
22390,25576,24
22391,25602,0
22392,25602,0
22393,25602,0
22394,16849,9790
22395,25576,24
22396,25602,0
22397,25602,0
22398,25602,0
22399,25602,0
22400,25602,0
22401,25602,0
22402,25602,0
22403,25602,0
22404,25602,0
22405,25602,0
22406,25602,0
22407,25602,0
22408,25602,0
22409,25489,104
22410,25602,0
22411,24560,972
22412,25602,0
22413,25602,0
22414,25035,524
22415,25602,0
22416,25602,0
22417,24248,1272
22418,25602,0
22419,25576,24
22420,25602,0
22421,25602,0
22422,21535,4048
22423,25576,24
22424,25602,0
22425,25602,0
22426,25602,0
22427,25602,0
22428,23012,2496
22429,25138,428
22430,25602,0
22431,25602,0
22432,25602,0
22433,25563,36
22434,25602,0
22435,23996,1516
22436,25602,0
22437,25602,0
22438,24716,824
22439,25602,0
22440,25602,0
22441,25602,0
22442,25572,28
22443,25602,0
22444,25602,0
22445,23237,2268
22446,25602,0
22447,22935,2574
22448,25602,0
22449,25602,0
22450,25602,0
22451,25602,0
22452,25602,0
22453,25602,0
22454,25541,56
22455,25545,52
22456,25602,0
22457,25602,0
22458,25250,324
22459,25602,0
22460,25602,0
22461,25576,24
22462,25602,0
22463,25602,0
22464,25454,136
22465,25602,0
22466,25602,0
22467,22506,3016
22468,25602,0
22469,25602,0
22470,25602,0
22471,25602,0
22472,25602,0
22473,23988,1524
22474,25572,28
22475,25602,0
22476,25250,324
22477,25602,0
22478,20396,5320
22479,25602,0
22480,25602,0
22481,25532,64
22482,25602,0
22483,25602,0
22484,25602,0
22485,17428,9000
22486,25602,0
22487,25602,0
22488,24982,574
22489,25602,0
22490,25602,0
22491,25602,0
22492,25521,74
22493,25602,0
22494,25602,0
22495,25534,62
22496,25602,0
22497,25602,0
22498,25602,0
22499,25602,0
22500,20634,5048
22501,25602,0
22502,25602,0
22503,25602,0
22504,25602,0
22505,25602,0
22506,24916,636
22507,25572,28
22508,24243,1276
22509,25602,0
22510,25602,0
22511,25602,0
22512,25602,0
22513,25602,0
22514,25602,0
22515,25521,74
22516,25602,0
22517,25602,0
22518,25602,0
22519,25602,0
22520,25602,0
22521,25602,0
22522,25602,0
22523,25602,0
22524,25602,0
22525,22725,2790
22526,24569,964
22527,25602,0
22528,25602,0
22529,23227,2278
22530,25602,0
22531,25602,0
22532,25602,0
22533,25602,0
22534,25602,0
22535,25602,0
22536,25602,0
22537,24017,1496
22538,25602,0
22539,25602,0
22540,25602,0
22541,25602,0
22542,25602,0
22543,25602,0
22544,25602,0
22545,25250,324
22546,25602,0
22547,25602,0
22548,25602,0
22549,23820,1688
22550,25602,0
22551,25602,0
22552,17958,8298
22553,25602,0
22554,25602,0
22555,25602,0
22556,24797,748
22557,25602,0
22558,25602,0
22559,25576,24
22560,25602,0
22561,25602,0
22562,25602,0
22563,25563,36
22564,25602,0
22565,25602,0
22566,25602,0
22567,25550,48
22568,25602,0
22569,25602,0
22570,25602,0
22571,25602,0
22572,25563,36
22573,25602,0
22574,25602,0
22575,25602,0
22576,25602,0
22577,25602,0
22578,25572,28
22579,25576,24
22580,25602,0
22581,23784,1724
22582,25602,0
22583,25602,0
22584,24850,698
22585,23079,2428
22586,25602,0
22587,25602,0
22588,25224,348
22589,25602,0
22590,25602,0
22591,25602,0
22592,25602,0
22593,25602,0
22594,25602,0
22595,25602,0
22596,23209,2296
22597,24852,696
22598,25602,0
22599,8174,26716
22600,25602,0
22601,25602,0
22602,25602,0
22603,25602,0
22604,25602,0
22605,25602,0
22606,1,400704
22607,24368,1156
22608,25602,0
22609,25602,0
22610,25602,0
22611,25602,0
22612,25602,0
22613,25572,28
22614,25602,0
22615,25602,0
22616,23755,1752
22617,25602,0
22618,25602,0
22619,25602,0
22620,22963,2546
22621,25602,0
22622,25237,336
22623,25602,0
22624,25602,0
22625,12473,16828
22626,25602,0
22627,25576,24
22628,25415,172
22629,25142,424
22630,25602,0
22631,24397,1128
22632,25602,0
22633,25602,0
22634,25602,0
22635,25602,0
22636,25306,272
22637,25602,0
22638,25602,0
22639,14500,13304
22640,25602,0
22641,25602,0
22642,25602,0
22643,25142,424
22644,25602,0
22645,24161,1356
22646,25602,0
22647,25602,0
22648,23886,1624
22649,25602,0
22650,25337,244
22651,25576,24
22652,23515,1990
22653,25602,0
22654,25602,0
22655,25602,0
22656,25602,0
22657,24039,1474
22658,25602,0
22659,25602,0
22660,25602,0
22661,23158,2348
22662,25602,0
22663,24605,930
22664,24640,896
22665,25602,0
22666,25602,0
22667,25119,446
22668,25602,0
22669,21662,3910
22670,25602,0
22671,24456,1072
22672,25602,0
22673,24068,1446
22674,21690,3880
22675,25602,0
22676,25602,0
22677,25602,0
22678,25602,0
22679,25602,0
22680,25441,148
22681,23759,1748
22682,25602,0
22683,25602,0
22684,25602,0
22685,25602,0
22686,25602,0
22687,25602,0
22688,25602,0
22689,25602,0
22690,25602,0
22691,25602,0
22692,25602,0
22693,25196,374
22694,25602,0
22695,24899,652
22696,25250,324
22697,25095,468
22698,25602,0
22699,24982,574
22700,25602,0
22701,25142,424
22702,25602,0
22703,25602,0
22704,25602,0
22705,25399,186
22706,25521,74
22707,25602,0
22708,25602,0
22709,25602,0
22710,25602,0
22711,25602,0
22712,25602,0
22713,25602,0
22714,25602,0
22715,25602,0
22716,25576,24
22717,25602,0
22718,25602,0
22719,25602,0
22720,25602,0
22721,25602,0
22722,25602,0
22723,25602,0
22724,23481,2024
22725,25563,36
22726,24928,624
22727,25602,0
22728,25602,0
22729,25602,0
22730,24558,974
22731,25602,0
22732,25602,0
22733,25441,148
22734,23933,1578
22735,25576,24
22736,23881,1628
22737,25602,0
22738,25602,0
22739,25602,0
22740,25602,0
22741,25602,0
22742,25602,0
22743,25602,0
22744,25602,0
22745,25572,28
22746,25042,518
22747,25602,0
22748,25602,0
22749,25602,0
22750,25602,0
22751,25602,0
22752,25602,0
22753,25563,36
22754,25572,28
22755,25602,0
22756,25031,528
22757,25602,0
22758,25602,0
22759,25602,0
22760,25602,0
22761,20476,5228
22762,24869,680
22763,25602,0
22764,25602,0
22765,25576,24
22766,25602,0
22767,25550,48
22768,25602,0
22769,25602,0
22770,25602,0
22771,23437,2068
22772,25602,0
22773,25602,0
22774,24349,1174
22775,25250,324
22776,25602,0
22777,25602,0
22778,25117,448
22779,25602,0
22780,25602,0
22781,25602,0
22782,25602,0
22783,25602,0
22784,12317,17122
22785,25602,0
22786,25563,36
22787,25602,0
22788,25602,0
22789,25602,0
22790,25602,0
22791,2771,52028
22792,25602,0
22793,25602,0
22794,25602,0
22795,25602,0
22796,25602,0
22797,25602,0
22798,25602,0
22799,25572,28
22800,25602,0
22801,15975,11036
22802,25014,544
22803,24506,1024
22804,25602,0
22805,25602,0
22806,25602,0
22807,25602,0
22808,25196,374
22809,25602,0
22810,25602,0
22811,25602,0
22812,25602,0
22813,22719,2796
22814,25602,0
22815,25550,48
22816,25602,0
22817,25602,0
22818,25602,0
22819,25602,0
22820,24670,868
22821,25602,0
22822,25602,0
22823,25602,0
22824,25602,0
22825,23229,2276
22826,23822,1686
22827,21650,3924
22828,25602,0
22829,25602,0
22830,25432,156
22831,25602,0
22832,25602,0
22833,25602,0
22834,23769,1738
22835,25550,48
22836,25602,0
22837,25602,0
22838,25602,0
22839,25497,96
22840,23481,2024
22841,25602,0
22842,25602,0
22843,25602,0
22844,25602,0
22845,25602,0
22846,25602,0
22847,25602,0
22848,25532,64
22849,24903,648
22850,2870,51204
22851,25602,0
22852,25602,0
22853,25602,0
22854,25602,0
22855,25602,0
22856,25602,0
22857,25602,0
22858,25602,0
22859,25572,28
22860,25602,0
22861,25602,0
22862,25602,0
22863,25541,56
22864,25602,0
22865,25001,556
22866,25121,444
22867,25602,0
22868,25602,0
22869,25602,0
22870,25602,0
22871,25602,0
22872,25602,0
22873,25602,0
22874,25602,0
22875,25602,0
22876,25602,0
22877,25602,0
22878,25602,0
22879,25602,0
22880,25454,136
22881,25602,0
22882,25602,0
22883,22610,2908
22884,25602,0
22885,25563,36
22886,25602,0
22887,25602,0
22888,25602,0
22889,25576,24
22890,25602,0
22891,25602,0
22892,25602,0
22893,23980,1532
22894,25602,0
22895,25602,0
22896,25602,0
22897,25602,0
22898,23507,1998
22899,25602,0
22900,25138,428
22901,25602,0
22902,25602,0
22903,25602,0
22904,24924,628
22905,25224,348
22906,25602,0
22907,25602,0
22908,25576,24
22909,25602,0
22910,20710,4962
22911,25602,0
22912,24039,1474
22913,23603,1902
22914,25602,0
22915,25602,0
22916,25602,0
22917,25576,24
22918,23603,1902
22919,25445,144
22920,25602,0
22921,25576,24
22922,25602,0
22923,25602,0
22924,24992,564
22925,25541,56
22926,25602,0
22927,25467,124
22928,25602,0
22929,25602,0
22930,24928,624
22931,25602,0
22932,25602,0
22933,25576,24
22934,24389,1136
22935,25602,0
22936,25602,0
22937,25602,0
22938,25576,24
22939,25602,0
22940,25089,474
22941,25602,0
22942,25519,76
22943,25602,0
22944,25602,0
22945,25602,0
22946,25602,0
22947,25602,0
22948,25602,0
22949,24609,926
22950,25602,0
22951,25602,0
22952,25602,0
22953,24611,924
22954,24579,954
22955,25602,0
22956,22777,2736
22957,25499,94
22958,25563,36
22959,25602,0
22960,25602,0
22961,24875,674
22962,25602,0
22963,25602,0
22964,25602,0
22965,25602,0
22966,25602,0
22967,25602,0
22968,25602,0
22969,25602,0
22970,25602,0
22971,21485,4102
22972,25602,0
22973,20424,5288
22974,21955,3596
22975,25602,0
22976,25602,0
22977,25602,0
22978,25602,0
22979,25515,80
22980,25602,0
22981,25602,0
22982,25602,0
22983,25576,24
22984,25602,0
22985,25602,0
22986,25602,0
22987,25602,0
22988,7966,27318
22989,25602,0
22990,25602,0
22991,25602,0
22992,25602,0
22993,22508,3014
22994,25471,120
22995,22019,3528
22996,25602,0
22997,25602,0
22998,25576,24
22999,25602,0
23000,25602,0
23001,25602,0
23002,25602,0
23003,25602,0
23004,23549,1956
23005,25602,0
23006,25602,0
23007,25572,28
23008,25602,0
23009,25272,304
23010,25602,0
23011,25467,124
23012,24477,1052
23013,23357,2148
23014,25602,0
23015,25602,0
23016,25602,0
23017,25602,0
23018,25550,48
23019,24588,946
23020,25602,0
23021,23658,1848
23022,25602,0
23023,25602,0
23024,25602,0
23025,25602,0
23026,25602,0
23027,25602,0
23028,23984,1528
23029,25602,0
23030,25602,0
23031,25173,396
23032,25602,0
23033,25602,0
23034,25523,72
23035,25358,224
23036,25602,0
23037,25602,0
23038,25602,0
23039,25602,0
23040,25576,24
23041,25602,0
23042,25602,0
23043,25602,0
23044,16251,10636
23045,25602,0
23046,25602,0
23047,25602,0
23048,25054,506
23049,25602,0
23050,25602,0
23051,25602,0
23052,25602,0
23053,25602,0
23054,25602,0
23055,25602,0
23056,25602,0
23057,8620,25474
23058,25602,0
23059,25602,0
23060,25576,24
23061,25602,0
23062,25602,0
23063,25508,86
23064,25602,0
23065,25602,0
23066,25602,0
23067,25467,124
23068,25602,0
23069,25541,56
23070,24368,1156
23071,25602,0
23072,25602,0
23073,25602,0
23074,25602,0
23075,25602,0
23076,25602,0
23077,25602,0
23078,25602,0
23079,25602,0
23080,25602,0
23081,25550,48
23082,25602,0
23083,25602,0
23084,25602,0
23085,25572,28
23086,25602,0
23087,24611,924
23088,24862,686
23089,25602,0
23090,25602,0
23091,25602,0
23092,25035,524
23093,25602,0
23094,25602,0
23095,25602,0
23096,25602,0
23097,25602,0
23098,25602,0
23099,25602,0
23100,25602,0
23101,21056,4574
23102,25602,0
23103,25229,344
23104,25602,0
23105,25532,64
23106,22496,3026
23107,25602,0
23108,25602,0
23109,25602,0
23110,25602,0
23111,2955,50524
23112,24611,924
23113,25602,0
23114,25602,0
23115,24982,574
23116,25602,0
23117,25602,0
23118,25602,0
23119,25602,0
23120,25602,0
23121,21726,3842
23122,25602,0
23123,16390,10436
23124,25576,24
23125,25602,0
23126,25602,0
23127,23967,1544
23128,25602,0
23129,25602,0
23130,25602,0
23131,25602,0
23132,25602,0
23133,25602,0
23134,25602,0
23135,25602,0
23136,25602,0
23137,25602,0
23138,25602,0
23139,25031,528
23140,24928,624
23141,19370,6528
23142,25602,0
23143,25572,28
23144,24506,1024
23145,23337,2168
23146,25602,0
23147,25602,0
23148,25602,0
23149,25602,0
23150,25602,0
23151,25203,368
23152,22680,2836
23153,25602,0
23154,25602,0
23155,25602,0
23156,25497,96
23157,25602,0
23158,25602,0
23159,25602,0
23160,25602,0
23161,25602,0
23162,16517,10256
23163,25602,0
23164,25602,0
23165,25602,0
23166,25602,0
23167,25602,0
23168,25602,0
23169,25602,0
23170,25602,0
23171,25602,0
23172,25602,0
23173,25602,0
23174,25602,0
23175,25602,0
23176,25576,24
23177,23682,1824
23178,25602,0
23179,25337,244
23180,25602,0
23181,25602,0
23182,25602,0
23183,8675,25324
23184,25602,0
23185,23926,1584
23186,25602,0
23187,16259,10624
23188,25602,0
23189,25602,0
23190,25602,0
23191,25602,0
23192,25602,0
23193,25078,484
23194,25602,0
23195,25576,24
23196,25602,0
23197,25602,0
23198,24113,1402
23199,25602,0
23200,25602,0
23201,25602,0
23202,25602,0
23203,25304,274
23204,25602,0
23205,24928,624
23206,25602,0
23207,25602,0
23208,25602,0
23209,25602,0
23210,25602,0
23211,25602,0
23212,25602,0
23213,25497,96
23214,25602,0
23215,25224,348
23216,25602,0
23217,25471,120
23218,25602,0
23219,25572,28
23220,25602,0
23221,25576,24
23222,23481,2024
23223,25602,0
23224,25550,48
23225,25602,0
23226,25602,0
23227,25602,0
23228,25142,424
23229,25602,0
23230,25602,0
23231,25563,36
23232,25602,0
23233,25602,0
23234,25602,0
23235,24882,668
23236,25602,0
23237,25602,0
23238,25602,0
23239,25602,0
23240,25462,128
23241,25602,0
23242,25572,28
23243,25602,0
23244,25576,24
23245,25602,0
23246,24882,668
23247,25602,0
23248,25602,0
23249,25602,0
23250,25602,0
23251,25602,0
23252,25602,0
23253,25602,0
23254,25602,0
23255,25602,0
23256,25602,0
23257,25576,24
23258,25602,0
23259,25602,0
23260,25602,0
23261,21800,3762
23262,25602,0
23263,25602,0
23264,25576,24
23265,25602,0
23266,24148,1368
23267,25550,48
23268,25458,132
23269,25602,0
23270,25602,0
23271,25602,0
23272,25602,0
23273,25602,0
23274,25602,0
23275,25602,0
23276,25602,0
23277,25602,0
23278,25142,424
23279,23626,1880
23280,25033,526
23281,25602,0
23282,25602,0
23283,25602,0
23284,25602,0
23285,25602,0
23286,25602,0
23287,25602,0
23288,25541,56
23289,25602,0
23290,25508,86
23291,25602,0
23292,25095,468
23293,25602,0
23294,25602,0
23295,25602,0
23296,25602,0
23297,25602,0
23298,25602,0
23299,25563,36
23300,25602,0
23301,25602,0
23302,25602,0
23303,25576,24
23304,25602,0
23305,25515,80
23306,25602,0
23307,25602,0
23308,25445,144
23309,25602,0
23310,25602,0
23311,25572,28
23312,15377,11930
23313,11776,18172
23314,25602,0
23315,25602,0
23316,25486,106
23317,13255,15404
23318,25602,0
23319,25602,0
23320,25563,36
23321,25602,0
23322,25602,0
23323,25602,0
23324,25602,0
23325,25602,0
23326,25602,0
23327,25602,0
23328,25602,0
23329,25602,0
23330,25602,0
23331,25602,0
23332,25602,0
23333,25602,0
23334,15568,11640
23335,25602,0
23336,25576,24
23337,25602,0
23338,25602,0
23339,24924,628
23340,25602,0
23341,25572,28
23342,25602,0
23343,25602,0
23344,24293,1228
23345,25602,0
23346,25602,0
23347,25572,28
23348,25602,0
23349,25602,0
23350,25602,0
23351,24928,624
23352,25602,0
23353,25602,0
23354,25602,0
23355,25602,0
23356,25602,0
23357,25602,0
23358,25602,0
23359,25393,192
23360,25602,0
23361,25602,0
23362,6954,30498
23363,23207,2298
23364,25602,0
23365,25602,0
23366,25602,0
23367,22882,2628
23368,25534,62
23369,25602,0
23370,24746,796
23371,25602,0
23372,25602,0
23373,25602,0
23374,24200,1318
23375,25602,0
23376,22189,3348
23377,23178,2328
23378,25602,0
23379,25602,0
23380,23481,2024
23381,25602,0
23382,25602,0
23383,25602,0
23384,25602,0
23385,25602,0
23386,14899,12668
23387,25602,0
23388,25250,324
23389,25602,0
23390,25602,0
23391,25602,0
23392,25602,0
23393,25031,528
23394,25602,0
23395,25602,0
23396,25602,0
23397,25602,0
23398,25602,0
23399,23955,1556
23400,23967,1544
23401,25602,0
23402,25467,124
23403,25602,0
23404,23583,1922
23405,25602,0
23406,24314,1208
23407,25229,344
23408,25602,0
23409,25602,0
23410,25602,0
23411,25602,0
23412,25572,28
23413,25602,0
23414,25602,0
23415,25602,0
23416,25602,0
23417,25602,0
23418,25229,344
23419,25602,0
23420,25602,0
23421,25462,128
23422,25602,0
23423,25602,0
23424,25602,0
23425,25602,0
23426,25602,0
23427,25602,0
23428,25602,0
23429,25602,0
23430,25142,424
23431,24410,1116
23432,25602,0
23433,25602,0
23434,25602,0
23435,25602,0
23436,25602,0
23437,25563,36
23438,21284,4322
23439,25602,0
23440,25602,0
23441,25602,0
23442,25602,0
23443,25602,0
23444,25602,0
23445,25602,0
23446,7828,27728
23447,25602,0
23448,25602,0
23449,23158,2348
23450,23325,2180
23451,25602,0
23452,25602,0
23453,25576,24
23454,25602,0
23455,25602,0
23456,25602,0
23457,25576,24
23458,25602,0
23459,25602,0
23460,25602,0
23461,25602,0
23462,25602,0
23463,25602,0
23464,25602,0
23465,25602,0
23466,25602,0
23467,25602,0
23468,25602,0
23469,13285,15352
23470,25572,28
23471,25602,0
23472,25031,528
23473,25523,72
23474,25576,24
23475,25602,0
23476,21696,3874
23477,25358,224
23478,25602,0
23479,25602,0
23480,25602,0
23481,25602,0
23482,25602,0
23483,25602,0
23484,25602,0
23485,25602,0
23486,25602,0
23487,25602,0
23488,25602,0
23489,25602,0
23490,25602,0
23491,25602,0
23492,25602,0
23493,25602,0
23494,25602,0
23495,25602,0
23496,25602,0
23497,25602,0
23498,25602,0
23499,25576,24
23500,25602,0
23501,23313,2192
23502,25602,0
23503,25602,0
23504,22498,3024
23505,25602,0
23506,25602,0
23507,25229,344
23508,23682,1824
23509,25462,128
23510,25138,428
23511,25602,0
23512,25532,64
23513,25489,104
23514,25602,0
23515,25602,0
23516,25089,474
23517,25576,24
23518,25602,0
23519,25602,0
23520,25602,0
23521,7872,27596
23522,25563,36
23523,25602,0
23524,25602,0
23525,25602,0
23526,25602,0
23527,25602,0
23528,25602,0
23529,25602,0
23530,25602,0
23531,25602,0
23532,25602,0
23533,25602,0
23534,23519,1986
23535,25550,48
23536,25602,0
23537,25602,0
23538,25602,0
23539,25602,0
23540,25602,0
23541,25550,48
23542,25576,24
23543,25602,0
23544,25602,0
23545,25602,0
23546,24882,668
23547,25550,48
23548,25602,0
23549,25602,0
23550,25602,0
23551,25602,0
23552,23403,2102
23553,25602,0
23554,25602,0
23555,25602,0
23556,25602,0
23557,23988,1524
23558,25519,76
23559,25602,0
23560,25602,0
23561,24223,1296
23562,25602,0
23563,24138,1378
23564,25602,0
23565,25602,0
23566,25602,0
23567,25602,0
23568,25602,0
23569,25602,0
23570,25602,0
23571,24735,806
23572,25602,0
23573,25602,0
23574,25602,0
23575,25602,0
23576,25602,0
23577,25602,0
23578,25602,0
23579,25602,0
23580,23035,2472
23581,23178,2328
23582,25602,0
23583,25602,0
23584,25602,0
23585,25602,0
23586,23896,1614
23587,19856,5948
23588,25602,0
23589,25138,428
23590,25602,0
23591,25602,0
23592,25602,0
23593,25602,0
23594,25602,0
23595,25602,0
23596,25602,0
23597,25602,0
23598,25602,0
23599,24456,1072
23600,25467,124
23601,25602,0
23602,25602,0
23603,25602,0
23604,24194,1324
23605,25602,0
23606,25602,0
23607,25602,0
23608,25602,0
23609,24716,824
23610,18288,7872
23611,25602,0
23612,25602,0
23613,25602,0
23614,24769,774
23615,21363,4236
23616,25602,0
23617,25602,0
23618,24903,648
23619,25602,0
23620,25602,0
23621,25602,0
23622,25576,24
23623,25602,0
23624,25602,0
23625,25602,0
23626,25602,0
23627,25602,0
23628,25602,0
23629,22380,3148
23630,25602,0
23631,25602,0
23632,25602,0
23633,25602,0
23634,25602,0
23635,25602,0
23636,21513,4072
23637,25602,0
23638,25602,0
23639,25576,24
23640,25602,0
23641,25602,0
23642,25602,0
23643,25602,0
23644,25602,0
23645,25486,106
23646,25602,0
23647,25358,224
23648,25550,48
23649,25602,0
23650,24506,1024
23651,25602,0
23652,25572,28
23653,25192,378
23654,23158,2348
23655,25602,0
23656,25602,0
23657,25458,132
23658,25602,0
23659,25602,0
23660,25602,0
23661,25602,0
23662,25602,0
23663,25602,0
23664,25602,0
23665,25602,0
23666,24659,878
23667,25602,0
23668,25602,0
23669,25499,94
23670,25602,0
23671,25576,24
23672,25602,0
23673,25602,0
23674,25602,0
23675,25602,0
23676,20842,4814
23677,22941,2568
23678,25602,0
23679,25602,0
23680,25602,0
23681,25602,0
23682,25602,0
23683,25602,0
23684,25602,0
23685,25602,0
23686,25397,188
23687,25572,28
23688,25602,0
23689,25602,0
23690,25602,0
23691,25602,0
23692,25602,0
23693,25602,0
23694,25572,28
23695,15073,12396
23696,25602,0
23697,24704,836
23698,25602,0
23699,25602,0
23700,25499,94
23701,24982,574
23702,25602,0
23703,25602,0
23704,25602,0
23705,25602,0
23706,25602,0
23707,24924,628
23708,25602,0
23709,25602,0
23710,25602,0
23711,25354,228
23712,25602,0
23713,25602,0
23714,25602,0
23715,25602,0
23716,25602,0
23717,24901,650
23718,25602,0
23719,25602,0
23720,25602,0
23721,25602,0
23722,25602,0
23723,25602,0
23724,25602,0
23725,25602,0
23726,25602,0
23727,24879,670
23728,25602,0
23729,25602,0
23730,25602,0
23731,23810,1698
23732,25602,0
23733,25602,0
23734,25602,0
23735,25602,0
23736,25602,0
23737,25602,0
23738,25523,72
23739,25602,0
23740,25602,0
23741,25602,0
23742,25602,0
23743,24780,764
23744,25602,0
23745,24854,694
23746,25332,248
23747,25602,0
23748,25602,0
23749,25602,0
23750,25602,0
23751,25121,444
23752,25602,0
23753,25602,0
23754,25602,0
23755,25602,0
23756,25602,0
23757,25602,0
23758,25602,0
23759,25602,0
23760,25602,0
23761,25602,0
23762,25602,0
23763,25602,0
23764,25602,0
23765,25602,0
23766,25602,0
23767,25602,0
23768,22847,2664
23769,25602,0
23770,25602,0
23771,25602,0
23772,25602,0
23773,25602,0
23774,25602,0
23775,25602,0
23776,25602,0
23777,25602,0
23778,25602,0
23779,25602,0
23780,25602,0
23781,25602,0
23782,25602,0
23783,25602,0
23784,25602,0
23785,25572,28
23786,25602,0
23787,24397,1128
23788,24571,962
23789,25063,498
23790,25602,0
23791,23886,1624
23792,25602,0
23793,25602,0
23794,25082,480
23795,25602,0
23796,25519,76
23797,25602,0
23798,25602,0
23799,25602,0
23800,25602,0
23801,25602,0
23802,25602,0
23803,25602,0
23804,25550,48
23805,25602,0
23806,25138,428
23807,25602,0
23808,25602,0
23809,25602,0
23810,25602,0
23811,25454,136
23812,22875,2636
23813,25545,52
23814,25602,0
23815,25602,0
23816,25602,0
23817,25602,0
23818,25602,0
23819,25550,48
23820,25602,0
23821,25602,0
23822,25602,0
23823,25602,0
23824,25572,28
23825,25602,0
23826,25602,0
23827,25602,0
23828,25602,0
23829,24368,1156
23830,25602,0
23831,25576,24
23832,25602,0
23833,25602,0
23834,23277,2228
23835,25602,0
23836,25602,0
23837,25602,0
23838,22692,2824
23839,25576,24
23840,25602,0
23841,25576,24
23842,21165,4454
23843,25602,0
23844,25117,448
23845,25467,124
23846,22984,2524
23847,25576,24
23848,25602,0
23849,25602,0
23850,25369,214
23851,25602,0
23852,25602,0
23853,25602,0
23854,25523,72
23855,23313,2192
23856,25602,0
23857,25602,0
23858,25602,0
23859,25602,0
23860,25602,0
23861,25602,0
23862,25541,56
23863,25602,0
23864,25602,0
23865,25563,36
23866,25602,0
23867,25345,236
23868,25602,0
23869,25602,0
23870,25602,0
23871,25602,0
23872,25563,36
23873,25010,548
23874,25602,0
23875,25602,0
23876,25576,24
23877,25602,0
23878,24801,744
23879,25602,0
23880,25602,0
23881,16659,10056
23882,25602,0
23883,25602,0
23884,25602,0
23885,25602,0
23886,25550,48
23887,25602,0
23888,17392,9048
23889,25602,0
23890,25602,0
23891,25602,0
23892,25602,0
23893,25602,0
23894,25328,252
23895,25519,76
23896,25602,0
23897,24797,748
23898,25602,0
23899,25602,0
23900,25602,0
23901,8594,25544
23902,25602,0
23903,25602,0
23904,25602,0
23905,25602,0
23906,25602,0
23907,25602,0
23908,25602,0
23909,25602,0
23910,25602,0
23911,24502,1028
23912,25602,0
23913,25602,0
23914,23658,1848
23915,25602,0
23916,25602,0
23917,25602,0
23918,25602,0
23919,25602,0
23920,25602,0
23921,25602,0
23922,25602,0
23923,25602,0
23924,25602,0
23925,25602,0
23926,19208,6724
23927,25602,0
23928,25602,0
23929,25602,0
23930,25602,0
23931,25602,0
23932,25602,0
23933,2026,59352
23934,23812,1696
23935,25602,0
23936,25602,0
23937,25602,0
23938,25602,0
23939,25602,0
23940,20431,5280
23941,25572,28
23942,25576,24
23943,25602,0
23944,25602,0
23945,25602,0
23946,25602,0
23947,25602,0
23948,25602,0
23949,25602,0
23950,25602,0
23951,25602,0
23952,25602,0
23953,25602,0
23954,25563,36
23955,25576,24
23956,25602,0
23957,25067,494
23958,25534,62
23959,25602,0
23960,25278,298
23961,25572,28
23962,25576,24
23963,25602,0
23964,25602,0
23965,25576,24
23966,25602,0
23967,25602,0
23968,25602,0
23969,23469,2036
23970,25602,0
23971,25602,0
23972,25602,0
23973,25602,0
23974,25602,0
23975,25602,0
23976,25602,0
23977,25602,0
23978,25602,0
23979,25391,194
23980,25602,0
23981,20328,5398
23982,25602,0
23983,25602,0
23984,25602,0
23985,25602,0
23986,20305,5424
23987,25602,0
23988,25602,0
23989,25602,0
23990,23910,1600
23991,25602,0
23992,25602,0
23993,25602,0
23994,25572,28
23995,25602,0
23996,25576,24
23997,25519,76
23998,25602,0
23999,25602,0
24000,25602,0
24001,25602,0
24002,25602,0
24003,25602,0
24004,25602,0
24005,25602,0
24006,25602,0
24007,23051,2456
24008,23010,2498
24009,25602,0
24010,989,76148
24011,25602,0
24012,25602,0
24013,25602,0
24014,24664,874
24015,25602,0
24016,24229,1290
24017,8749,25126
24018,25602,0
24019,25602,0
24020,25602,0
24021,24850,698
24022,25602,0
24023,25602,0
24024,25602,0
24025,25454,136
24026,25602,0
24027,25602,0
24028,25602,0
24029,25602,0
24030,25602,0
24031,25419,168
24032,25602,0
24033,25602,0
24034,25602,0
24035,25602,0
24036,25602,0
24037,25602,0
24038,25117,448
24039,25602,0
24040,24907,644
24041,25602,0
24042,7728,28028
24043,24856,692
24044,25602,0
24045,25602,0
24046,25602,0
24047,24401,1124
24048,25602,0
24049,23961,1550
24050,25602,0
24051,25602,0
24052,25576,24
24053,25602,0
24054,25602,0
24055,25602,0
24056,24682,856
24057,20060,5708
24058,25602,0
24059,25572,28
24060,21096,4530
24061,23381,2124
24062,25602,0
24063,24977,578
24064,23988,1524
24065,25602,0
24066,25602,0
24067,25602,0
24068,25576,24
24069,25602,0
24070,25602,0
24071,22134,3406
24072,25497,96
24073,23610,1896
24074,25602,0
24075,25602,0
24076,25602,0
24077,25602,0
24078,25602,0
24079,25602,0
24080,22049,3496
24081,25602,0
24082,25541,56
24083,25602,0
24084,25602,0
24085,22785,2728
24086,25602,0
24087,25602,0
24088,25602,0
24089,25602,0
24090,25602,0
24091,25602,0
24092,25602,0
24093,25576,24
24094,121,125314
24095,25602,0
24096,24765,778
24097,25602,0
24098,25602,0
24099,25602,0
24100,25602,0
24101,25602,0
24102,25497,96
24103,25602,0
24104,25602,0
24105,24607,928
24106,25602,0
24107,25084,478
24108,25602,0
24109,25602,0
24110,25602,0
24111,25576,24
24112,25602,0
24113,25576,24
24114,25602,0
24115,25602,0
24116,25602,0
24117,25602,0
24118,25602,0
24119,25602,0
24120,25602,0
24121,25602,0
24122,20900,4748
24123,25602,0
24124,25550,48
24125,25602,0
24126,11447,18836
24127,25576,24
24128,25602,0
24129,25602,0
24130,25602,0
24131,25602,0
24132,25602,0
24133,25602,0
24134,13358,15224
24135,25602,0
24136,25602,0
24137,25602,0
24138,25602,0
24139,25602,0
24140,25138,428
24141,25602,0
24142,25602,0
24143,25602,0
24144,15388,11912
24145,25602,0
24146,25602,0
24147,25602,0
24148,25602,0
24149,25602,0
24150,25602,0
24151,25602,0
24152,21720,3848
24153,21554,4028
24154,22547,2974
24155,25602,0
24156,25337,244
24157,25602,0
24158,25602,0
24159,25602,0
24160,24376,1148
24161,25602,0
24162,25602,0
24163,25602,0
24164,22284,3248
24165,24590,944
24166,25602,0
24167,25602,0
24168,25602,0
24169,20079,5686
24170,25602,0
24171,23012,2496
24172,25602,0
24173,25602,0
24174,25602,0
24175,25602,0
24176,23861,1648
24177,25602,0
24178,25602,0
24179,25602,0
24180,25602,0
24181,24924,628
24182,23587,1918
24183,25602,0
24184,25602,0
24185,25602,0
24186,25602,0
24187,25602,0
24188,25602,0
24189,25602,0
24190,25602,0
24191,25602,0
24192,25602,0
24193,25602,0
24194,25576,24
24195,25602,0
24196,25602,0
24197,25602,0
24198,25602,0
24199,25602,0
24200,25602,0
24201,25602,0
24202,24560,972
24203,25602,0
24204,25602,0
24205,25602,0
24206,25602,0
24207,25576,24
24208,25576,24
24209,25602,0
24210,25602,0
24211,25602,0
24212,25602,0
24213,25602,0
24214,25246,328
24215,25602,0
24216,24649,888
24217,25602,0
24218,25602,0
24219,25602,0
24220,25602,0
24221,25576,24
24222,25563,36
24223,25602,0
24224,25602,0
24225,25602,0
24226,25602,0
24227,25602,0
24228,25095,468
24229,25545,52
24230,25602,0
24231,25602,0
24232,25602,0
24233,25602,0
24234,25602,0
24235,25602,0
24236,25550,48
24237,25602,0
24238,25602,0
24239,25602,0
24240,25602,0
24241,25602,0
24242,25602,0
24243,23257,2248
24244,25602,0
24245,25602,0
24246,25602,0
24247,25602,0
24248,25602,0
24249,25602,0
24250,25602,0
24251,25602,0
24252,25602,0
24253,347,100652
24254,25602,0
24255,25602,0
24256,25497,96
24257,25602,0
24258,25602,0
24259,25602,0
24260,25602,0
24261,25602,0
24262,25602,0
24263,25602,0
24264,25602,0
24265,25602,0
24266,25602,0
24267,25602,0
24268,23947,1564
24269,25502,92
24270,25602,0
24271,25554,44
24272,25602,0
24273,25602,0
24274,25602,0
24275,25602,0
24276,25602,0
24277,24103,1412
24278,25519,76
24279,25602,0
24280,25602,0
24281,25602,0
24282,25602,0
24283,10155,21638
24284,25602,0
24285,25602,0
24286,25602,0
24287,25602,0
24288,25576,24
24289,25224,348
24290,25602,0
24291,7985,27264
24292,25602,0
24293,25576,24
24294,7586,28464
24295,25602,0
24296,25602,0
24297,25602,0
24298,25602,0
24299,22391,3136
24300,23006,2502
24301,25602,0
24302,25602,0
24303,25602,0
24304,25602,0
24305,25576,24
24306,25602,0
24307,25602,0
24308,24903,648
24309,25602,0
24310,25602,0
24311,25602,0
24312,22709,2806
24313,25602,0
24314,25602,0
24315,25602,0
24316,25502,92
24317,25602,0
24318,25602,0
24319,23357,2148
24320,24712,828
24321,22933,2576
24322,25602,0
24323,24554,978
24324,25602,0
24325,25602,0
24326,25602,0
24327,25602,0
24328,25602,0
24329,25117,448
24330,25602,0
24331,25602,0
24332,25576,24
24333,24924,628
24334,25572,28
24335,25523,72
24336,25602,0
24337,25602,0
24338,25576,24
24339,24237,1282
24340,25602,0
24341,25602,0
24342,25602,0
24343,24223,1296
24344,25576,24
24345,25495,98
24346,25602,0
24347,25602,0
24348,25602,0
24349,25149,418
24350,25462,128
24351,25602,0
24352,25602,0
24353,21700,3870
24354,25602,0
24355,22986,2522
24356,25602,0
24357,25602,0
24358,25550,48
24359,25602,0
24360,25602,0
24361,25602,0
24362,25602,0
24363,25602,0
24364,25602,0
24365,25602,0
24366,24822,724
24367,25602,0
24368,25602,0
24369,25602,0
24370,25602,0
24371,25602,0
24372,20956,4686
24373,24875,674
24374,25602,0
24375,25602,0
24376,25602,0
24377,21098,4528
24378,25554,44
24379,25602,0
24380,25602,0
24381,14832,12774
24382,22736,2778
24383,25602,0
24384,25602,0
24385,25602,0
24386,25515,80
24387,25602,0
24388,23886,1624
24389,25602,0
24390,25602,0
24391,25602,0
24392,25602,0
24393,25602,0
24394,14116,13932
24395,23937,1574
24396,25602,0
24397,25563,36
24398,25602,0
24399,25602,0
24400,25602,0
24401,25602,0
24402,25602,0
24403,25602,0
24404,25602,0
24405,25602,0
24406,23243,2262
24407,25602,0
24408,25412,174
24409,25035,524
24410,24750,792
24411,25576,24
24412,25014,544
24413,25602,0
24414,25602,0
24415,25602,0
24416,25550,48
24417,24443,1084
24418,25602,0
24419,25602,0
24420,25602,0
24421,25576,24
24422,25467,124
24423,25550,48
24424,25014,544
24425,25563,36
24426,25541,56
24427,25563,36
24428,25602,0
24429,22004,3544
24430,16727,9960
24431,25550,48
24432,12369,17024
24433,25602,0
24434,25138,428
24435,25602,0
24436,23433,2072
24437,25602,0
24438,25541,56
24439,1079,74096
24440,25602,0
24441,25602,0
24442,22910,2600
24443,25602,0
24444,25602,0
24445,25602,0
24446,25602,0
24447,25602,0
24448,25602,0
24449,25602,0
24450,24928,624
24451,25576,24
24452,25602,0
24453,25602,0
24454,25602,0
24455,25602,0
24456,25089,474
24457,25602,0
24458,25602,0
24459,22912,2598
24460,25602,0
24461,25602,0
24462,25602,0
24463,25576,24
24464,25602,0
24465,25576,24
24466,25602,0
24467,25602,0
24468,25550,48
24469,22572,2948
24470,25602,0
24471,25602,0
24472,25602,0
24473,25602,0
24474,25602,0
24475,22886,2624
24476,25576,24
24477,25602,0
24478,25602,0
24479,25602,0
24480,25602,0
24481,25602,0
24482,25602,0
24483,25602,0
24484,25602,0
24485,25602,0
24486,25602,0
24487,25602,0
24488,25602,0
24489,24975,580
24490,25497,96
24491,25602,0
24492,25602,0
24493,25550,48
24494,23988,1524
24495,25602,0
24496,25602,0
24497,25602,0
24498,25358,224
24499,25602,0
24500,25602,0
24501,25602,0
24502,25572,28
24503,25602,0
24504,23557,1948
24505,25224,348
24506,25602,0
24507,25602,0
24508,25602,0
24509,25602,0
24510,25602,0
24511,25410,176
24512,25022,536
24513,25602,0
24514,25602,0
24515,25602,0
24516,25602,0
24517,25602,0
24518,25410,176
24519,25602,0
24520,25602,0
24521,24928,624
24522,25602,0
24523,25602,0
24524,25602,0
24525,25602,0
24526,25515,80
24527,25386,198
24528,25602,0
24529,25602,0
24530,17862,8424
24531,25602,0
24532,25602,0
24533,25602,0
24534,19837,5970
24535,22998,2510
24536,25480,112
24537,25602,0
24538,25602,0
24539,25602,0
24540,23861,1648
24541,25602,0
24542,25602,0
24543,25602,0
24544,25602,0
24545,25602,0
24546,25602,0
24547,25602,0
24548,25332,248
24549,25602,0
24550,25602,0
24551,25602,0
24552,25602,0
24553,25602,0
24554,25602,0
24555,21826,3734
24556,15360,11956
24557,25602,0
24558,25602,0
24559,20610,5076
24560,25602,0
24561,25486,106
24562,25602,0
24563,25602,0
24564,25602,0
24565,25602,0
24566,22072,3472
24567,25602,0
24568,25602,0
24569,25602,0
24570,25192,378
24571,25602,0
24572,24877,672
24573,25602,0
24574,24982,574
24575,25602,0
24576,25572,28
24577,25602,0
24578,25602,0
24579,25602,0
24580,25576,24
24581,25602,0
24582,25602,0
24583,15369,11942
24584,8124,26860
24585,17960,8296
24586,24988,568
24587,25602,0
24588,25602,0
24589,25602,0
24590,24194,1324
24591,24801,744
24592,24651,886
24593,25602,0
24594,10052,21876
24595,25602,0
24596,25602,0
24597,17939,8324
24598,25602,0
24599,25602,0
24600,25602,0
24601,25602,0
24602,25602,0
24603,25602,0
24604,25602,0
24605,25602,0
24606,25602,0
24607,25602,0
24608,25602,0
24609,22353,3176
24610,23865,1644
24611,25602,0
24612,25602,0
24613,25572,28
24614,25602,0
24615,25602,0
24616,25602,0
24617,25602,0
24618,25602,0
24619,25602,0
24620,25602,0
24621,25602,0
24622,25602,0
24623,25602,0
24624,25602,0
24625,25576,24
24626,25602,0
24627,25602,0
24628,25602,0
24629,25602,0
24630,25602,0
24631,14984,12536
24632,25602,0
24633,25602,0
24634,25602,0
24635,25576,24
24636,25250,324
24637,25602,0
24638,25602,0
24639,24716,824
24640,25602,0
24641,25602,0
24642,25602,0
24643,25602,0
24644,25572,28
24645,25602,0
24646,25602,0
24647,25545,52
24648,25602,0
24649,25602,0
24650,25576,24
24651,25602,0
24652,25602,0
24653,25602,0
24654,25386,198
24655,25602,0
24656,25602,0
24657,25014,544
24658,25602,0
24659,25602,0
24660,25602,0
24661,25602,0
24662,25572,28
24663,25602,0
24664,25602,0
24665,25602,0
24666,25602,0
24667,350,100472
24668,22939,2570
24669,25602,0
24670,25602,0
24671,25354,228
24672,25445,144
24673,25602,0
24674,25602,0
24675,25602,0
24676,25602,0
24677,25602,0
24678,25602,0
24679,25602,0
24680,25602,0
24681,25602,0
24682,25489,104
24683,25602,0
24684,16222,10678
24685,25602,0
24686,25602,0
24687,25602,0
24688,25602,0
24689,24748,794
24690,25602,0
24691,25602,0
24692,25602,0
24693,25602,0
24694,25602,0
24695,25602,0
24696,25602,0
24697,25602,0
24698,25602,0
24699,25602,0
24700,25602,0
24701,25523,72
24702,25517,78
24703,25602,0
24704,25602,0
24705,25602,0
24706,25602,0
24707,25602,0
24708,25602,0
24709,25602,0
24710,25602,0
24711,25602,0
24712,25602,0
24713,25602,0
24714,25550,48
24715,24481,1048
24716,25602,0
24717,25572,28
24718,25602,0
24719,25602,0
24720,25602,0
24721,25572,28
24722,25602,0
24723,25602,0
24724,25602,0
24725,2911,50878
24726,25602,0
24727,25602,0
24728,25602,0
24729,25602,0
24730,25602,0
24731,25602,0
24732,25602,0
24733,25602,0
24734,25602,0
24735,25602,0
24736,25602,0
24737,25602,0
24738,17934,8330
24739,25602,0
24740,25602,0
24741,25602,0
24742,25602,0
24743,25563,36
24744,25602,0
24745,25602,0
24746,25602,0
24747,25602,0
24748,24670,868
24749,25602,0
24750,24822,724
24751,25576,24
24752,25572,28
24753,25576,24
24754,25550,48
24755,25121,444
24756,25602,0
24757,25602,0
24758,21029,4604
24759,25324,256
24760,25602,0
24761,25602,0
24762,25602,0
24763,25602,0
24764,25602,0
24765,25602,0
24766,25602,0
24767,11322,19092
24768,25602,0
24769,25602,0
24770,25602,0
24771,25602,0
24772,25602,0
24773,25550,48
24774,25602,0
24775,25602,0
24776,25602,0
24777,25602,0
24778,25602,0
24779,18928,7068
24780,25602,0
24781,25602,0
24782,25602,0
24783,25358,224
24784,25602,0
24785,25602,0
24786,25602,0
24787,25602,0
24788,23557,1948
24789,25602,0
24790,25602,0
24791,25602,0
24792,25602,0
24793,25602,0
24794,25602,0
24795,25576,24
24796,25602,0
24797,25602,0
24798,25497,96
24799,25602,0
24800,25602,0
24801,21559,4022
24802,23457,2048
24803,25602,0
24804,22965,2544
24805,25602,0
24806,25602,0
24807,25602,0
24808,25602,0
24809,25602,0
24810,25541,56
24811,25170,398
24812,25602,0
24813,25602,0
24814,25576,24
24815,25035,524
24816,25602,0
24817,25550,48
24818,25602,0
24819,24472,1056
24820,25602,0
24821,25602,0
24822,25602,0
24823,25602,0
24824,21679,3892
24825,25602,0
24826,24019,1494
24827,25602,0
24828,18092,8124
24829,25602,0
24830,25471,120
24831,25602,0
24832,24235,1284
24833,25602,0
24834,25602,0
24835,25602,0
24836,25602,0
24837,25602,0
24838,25602,0
24839,25602,0
24840,25602,0
24841,25523,72
24842,25602,0
24843,25602,0
24844,25563,36
24845,25602,0
24846,25602,0
24847,25602,0
24848,25602,0
24849,25602,0
24850,25602,0
24851,25602,0
24852,25602,0
24853,25602,0
24854,25602,0
24855,18559,7528
24856,25602,0
24857,25602,0
24858,25602,0
24859,25602,0
24860,24341,1182
24861,25602,0
24862,25602,0
24863,25602,0
24864,25602,0
24865,25602,0
24866,25602,0
24867,23481,2024
24868,25602,0
24869,25602,0
24870,25602,0
24871,25602,0
24872,25602,0
24873,25602,0
24874,25602,0
24875,25602,0
24876,16881,9746
24877,25572,28
24878,25602,0
24879,25602,0
24880,25602,0
24881,23711,1796
24882,24435,1092
24883,25602,0
24884,25602,0
24885,25602,0
24886,24818,728
24887,25602,0
24888,25602,0
24889,25602,0
24890,25602,0
24891,25602,0
24892,25602,0
24893,25602,0
24894,25602,0
24895,25602,0
24896,25602,0
24897,25602,0
24898,25602,0
24899,25602,0
24900,25108,456
24901,25602,0
24902,25602,0
24903,23269,2236
24904,25572,28
24905,25602,0
24906,25602,0
24907,25515,80
24908,25602,0
24909,25602,0
24910,25517,78
24911,18543,7548
24912,23861,1648
24913,25602,0
24914,25602,0
24915,25602,0
24916,25602,0
24917,25602,0
24918,25250,324
24919,25602,0
24920,25602,0
24921,25602,0
24922,25602,0
24923,25602,0
24924,24607,928
24925,25602,0
24926,25602,0
24927,25602,0
24928,25089,474
24929,25412,174
24930,25035,524
24931,25602,0
24932,25602,0
24933,25602,0
24934,25602,0
24935,25117,448
24936,25602,0
24937,25602,0
24938,24744,798
24939,25602,0
24940,25602,0
24941,24124,1392
24942,25602,0
24943,25602,0
24944,25602,0
24945,24720,820
24946,25602,0
24947,25602,0
24948,25602,0
24949,25602,0
24950,25602,0
24951,25473,118
24952,25602,0
24953,25602,0
24954,25602,0
24955,25602,0
24956,25602,0
24957,25602,0
24958,25602,0
24959,25602,0
24960,25602,0
24961,24712,828
24962,25602,0
24963,25602,0
24964,25602,0
24965,25602,0
24966,25602,0
24967,24281,1240
24968,25602,0
24969,25602,0
24970,25602,0
24971,25089,474
24972,25602,0
24973,25602,0
24974,25602,0
24975,25602,0
24976,25576,24
24977,25602,0
24978,25602,0
24979,25602,0
24980,25209,362
24981,25602,0
24982,25602,0
24983,20182,5566
24984,25602,0
24985,25602,0
24986,23845,1664
24987,25031,528
24988,25602,0
24989,25602,0
24990,25602,0
24991,24647,890
24992,25602,0
24993,25602,0
24994,25602,0
24995,25602,0
24996,24982,574
24997,25393,192
24998,24376,1148
24999,25602,0
25000,25602,0
25001,25602,0
25002,25602,0
25003,20833,4824
25004,25602,0
25005,25602,0
25006,25270,306
25007,25602,0
25008,25602,0
25009,25602,0
25010,25067,494
25011,25196,374
25012,25602,0
25013,25602,0
25014,25602,0
25015,24725,816
25016,25602,0
25017,25602,0
25018,25602,0
25019,25602,0
25020,25602,0
25021,25602,0
25022,25602,0
25023,25576,24
25024,25602,0
25025,25497,96
25026,25602,0
25027,25602,0
25028,25031,528
25029,25602,0
25030,25602,0
25031,25602,0
25032,25602,0
25033,25602,0
25034,25602,0
25035,25602,0
25036,25602,0
25037,25602,0
25038,25602,0
25039,25602,0
25040,25602,0
25041,25602,0
25042,25602,0
25043,25602,0
25044,23158,2348
25045,23305,2200
25046,25602,0
25047,24977,578
25048,25602,0
25049,25602,0
25050,25602,0
25051,25602,0
25052,23457,2048
25053,25602,0
25054,25602,0
25055,25602,0
25056,20436,5274
25057,25602,0
25058,25602,0
25059,25602,0
25060,25602,0
25061,21957,3594
25062,25602,0
25063,23759,1748
25064,25602,0
25065,25170,398
25066,25602,0
25067,25602,0
25068,24502,1028
25069,25602,0
25070,25602,0
25071,23387,2118
25072,25602,0
25073,24712,828
25074,24506,1024
25075,25602,0
25076,25534,62
25077,25078,484
25078,25602,0
25079,25602,0
25080,25550,48
25081,25138,428
25082,25550,48
25083,25602,0
25084,25602,0
25085,25229,344
25086,25602,0
25087,25602,0
25088,25602,0
25089,25602,0
25090,25602,0
25091,25602,0
25092,25250,324
25093,25576,24
25094,25602,0
25095,15833,11246
25096,25602,0
25097,24356,1168
25098,25602,0
25099,25602,0
25100,25602,0
25101,25602,0
25102,25602,0
25103,25550,48
25104,25602,0
25105,25602,0
25106,25602,0
25107,25602,0
25108,25541,56
25109,25602,0
25110,25602,0
25111,25602,0
25112,22837,2674
25113,25576,24
25114,25602,0
25115,25602,0
25116,25602,0
25117,25602,0
25118,25602,0
25119,25602,0
25120,25602,0
25121,25602,0
25122,25602,0
25123,25572,28
25124,25602,0
25125,25602,0
25126,25602,0
25127,24848,700
25128,25602,0
25129,25602,0
25130,25602,0
25131,25602,0
25132,25602,0
25133,25602,0
25134,19476,6400
25135,25602,0
25136,25602,0
25137,24854,694
25138,25602,0
25139,25519,76
25140,25602,0
25141,25602,0
25142,25576,24
25143,99,130024
25144,25602,0
25145,25602,0
25146,25602,0
25147,25550,48
25148,25099,464
25149,25602,0
25150,25602,0
25151,25602,0
25152,25602,0
25153,25602,0
25154,25602,0
25155,25602,0
25156,25602,0
25157,25602,0
25158,25602,0
25159,25602,0
25160,25602,0
25161,25602,0
25162,25602,0
25163,25602,0
25164,25602,0
25165,25602,0
25166,25602,0
25167,25602,0
25168,25602,0
25169,25541,56
25170,12651,16496
25171,25602,0
25172,23638,1868
25173,25602,0
25174,25602,0
25175,25563,36
25176,25602,0
25177,25602,0
25178,25602,0
25179,24481,1048
25180,19768,6052
25181,25602,0
25182,25602,0
25183,6780,31092
25184,24822,724
25185,25602,0
25186,25602,0
25187,25602,0
25188,25602,0
25189,25602,0
25190,25602,0
25191,25246,328
25192,25602,0
25193,23108,2398
25194,25602,0
25195,25576,24
25196,25572,28
25197,25602,0
25198,25602,0
25199,25602,0
25200,25602,0
25201,25602,0
25202,25563,36
25203,25602,0
25204,25602,0
25205,25602,0
25206,25602,0
25207,25576,24
25208,4,202372
25209,25602,0
25210,25576,24
25211,25138,428
25212,25602,0
25213,25602,0
25214,25602,0
25215,25602,0
25216,25602,0
25217,25602,0
25218,25602,0
25219,24533,998
25220,25602,0
25221,25602,0
25222,25602,0
25223,25602,0
25224,25602,0
25225,25602,0
25226,24521,1010
25227,25602,0
25228,16610,10124
25229,25602,0
25230,25602,0
25231,23916,1594
25232,25602,0
25233,25602,0
25234,8325,26288
25235,25602,0
25236,25602,0
25237,25462,128
25238,25602,0
25239,25602,0
25240,25602,0
25241,25602,0
25242,25572,28
25243,25602,0
25244,25602,0
25245,25602,0
25246,25602,0
25247,23751,1756
25248,25602,0
25249,25602,0
25250,25602,0
25251,25602,0
25252,25376,208
25253,25602,0
25254,25602,0
25255,25602,0
25256,25602,0
25257,25602,0
25258,25602,0
25259,25602,0
25260,25602,0
25261,25602,0
25262,25602,0
25263,25602,0
25264,24493,1036
25265,25602,0
25266,23886,1624
25267,25602,0
25268,25035,524
25269,25602,0
25270,25602,0
25271,25602,0
25272,25602,0
25273,25602,0
25274,25602,0
25275,25065,496
25276,25602,0
25277,25602,0
25278,25602,0
25279,25523,72
25280,25602,0
25281,25541,56
25282,25602,0
25283,25602,0
25284,25602,0
25285,25515,80
25286,25602,0
25287,23150,2356
25288,25602,0
25289,25602,0
25290,25602,0
25291,25602,0
25292,25602,0
25293,25602,0
25294,15348,11974
25295,25602,0
25296,25602,0
25297,25602,0
25298,25602,0
25299,25602,0
25300,25576,24
25301,25602,0
25302,25602,0
25303,25602,0
25304,25602,0
25305,25602,0
25306,25563,36
25307,25550,48
25308,22906,2604
25309,25602,0
25310,25602,0
25311,25602,0
25312,25602,0
25313,25602,0
25314,25602,0
25315,25502,92
25316,25108,456
25317,25602,0
25318,25602,0
25319,25602,0
25320,25602,0
25321,25602,0
25322,25602,0
25323,25602,0
25324,25602,0
25325,25602,0
25326,25602,0
25327,25602,0
25328,25602,0
25329,25010,548
25330,25602,0
25331,25602,0
25332,25572,28
25333,24716,824
25334,25602,0
25335,25602,0
25336,25602,0
25337,25576,24
25338,22740,2774
25339,25602,0
25340,25602,0
25341,25550,48
25342,25602,0
25343,25602,0
25344,25576,24
25345,25602,0
25346,25602,0
25347,25602,0
25348,25602,0
25349,25602,0
25350,25602,0
25351,21731,3836
25352,25602,0
25353,24049,1464
25354,25572,28
25355,25602,0
25356,25602,0
25357,25602,0
25358,25572,28
25359,25576,24
25360,24756,786
25361,25602,0
25362,25602,0
25363,24767,776
25364,25602,0
25365,25602,0
25366,25602,0
25367,25602,0
25368,25602,0
25369,20373,5346
25370,25602,0
25371,25602,0
25372,25602,0
25373,25602,0
25374,25523,72
25375,25602,0
25376,25602,0
25377,25602,0
25378,25602,0
25379,25602,0
25380,25602,0
25381,25602,0
25382,25602,0
25383,19724,6104
25384,25478,114
25385,25602,0
25386,25220,352
25387,25462,128
25388,25602,0
25389,25572,28
25390,25389,196
25391,25602,0
25392,25602,0
25393,25602,0
25394,25602,0
25395,25602,0
25396,24058,1456
25397,23810,1698
25398,25602,0
25399,25602,0
25400,25602,0
25401,25563,36
25402,25602,0
25403,25602,0
25404,25550,48
25405,25602,0
25406,25602,0
25407,25602,0
25408,24401,1124
25409,25602,0
25410,24992,564
25411,25550,48
25412,20632,5050
25413,25467,124
25414,25572,28
25415,25572,28
25416,25602,0
25417,24349,1174
25418,25602,0
25419,25602,0
25420,25602,0
25421,25602,0
25422,25602,0
25423,25602,0
25424,25602,0
25425,25602,0
25426,25576,24
25427,25602,0
25428,25602,0
25429,25602,0
25430,13073,15728
25431,25602,0
25432,25602,0
25433,23093,2414
25434,23166,2340
25435,25602,0
25436,25602,0
25437,25602,0
25438,25602,0
25439,25602,0
25440,25602,0
25441,25602,0
25442,25602,0
25443,25602,0
25444,24797,748
25445,25602,0
25446,25602,0
25447,25602,0
25448,25602,0
25449,25602,0
25450,25602,0
25451,25602,0
25452,23035,2472
25453,25602,0
25454,25602,0
25455,25602,0
25456,24875,674
25457,25602,0
25458,25602,0
25459,25410,176
25460,25563,36
25461,25602,0
25462,25602,0
25463,25602,0
25464,25602,0
25465,25602,0
25466,25576,24
25467,25602,0
25468,25602,0
25469,25602,0
25470,25602,0
25471,25602,0
25472,25576,24
25473,25602,0
25474,25602,0
25475,25142,424
25476,25602,0
25477,25410,176
25478,21539,4044
25479,25602,0
25480,25521,74
25481,25037,522
25482,25602,0
25483,25602,0
25484,25602,0
25485,25602,0
25486,25602,0
25487,25602,0
25488,25602,0
25489,25602,0
25490,25602,0
25491,25602,0
25492,24607,928
25493,25602,0
25494,25602,0
25495,25602,0
25496,23682,1824
25497,25602,0
25498,25602,0
25499,25602,0
25500,25602,0
25501,21035,4598
25502,25432,156
25503,25602,0
25504,23521,1984
25505,25576,24
25506,25576,24
25507,25602,0
25508,25602,0
25509,25602,0
25510,25497,96
25511,25602,0
25512,25363,220
25513,25602,0
25514,25602,0
25515,25467,124
25516,25602,0
25517,25602,0
25518,25602,0
25519,25497,96
25520,25519,76
25521,25602,0
25522,25602,0
25523,25602,0
25524,25572,28
25525,25602,0
25526,25602,0
25527,25602,0
25528,25602,0
25529,25602,0
25530,25602,0
25531,25602,0
25532,25602,0
25533,25602,0
25534,25602,0
25535,25602,0
25536,25602,0
25537,25602,0
25538,25602,0
25539,25602,0
25540,25602,0
25541,25602,0
25542,25550,48
25543,25602,0
25544,25412,174
25545,25121,444
25546,24297,1224
25547,25602,0
25548,25602,0
25549,25001,556
25550,25602,0
25551,25602,0
25552,25602,0
25553,25602,0
25554,25602,0
25555,25602,0
25556,24977,578
25557,25602,0
25558,25602,0
25559,25602,0
25560,25602,0
25561,25095,468
25562,25602,0
25563,25602,0
25564,25602,0
25565,25602,0
25566,23959,1552
25567,25602,0
25568,25602,0
25569,25602,0
25570,25031,528
25571,25572,28
25572,25602,0
25573,25602,0
25574,25602,0
25575,25602,0
25576,25602,0
25577,25576,24
25578,25602,0
25579,23083,2424
25580,24928,624
25581,25602,0
25582,25563,36
25583,25576,24
25584,25602,0
25585,25602,0
25586,24689,850
25587,25602,0
25588,25602,0
25589,25602,0
25590,8637,25428
25591,25602,0
25592,25602,0
25593,25602,0
25594,25550,48
25595,25602,0
25596,24852,696
25597,24064,1450
25598,25602,0
25599,25602,0
25600,25602,0
25601,25602,0
25602,25602,0
25603,25602,0
25604,21974,3576
25605,25602,0
25606,22765,2748
25607,25602,0
25608,25602,0
25609,25602,0
25610,24914,638
25611,25602,0
25612,25602,0
25613,25602,0
25614,25602,0
25615,25602,0
25616,25602,0
25617,25602,0
25618,25602,0
25619,25602,0
25620,25602,0
25621,25602,0
25622,25572,28
25623,25602,0
25624,25602,0
25625,25602,0
25626,25572,28
25627,25602,0
25628,25602,0
25629,25602,0
25630,25602,0
25631,25602,0
25632,25602,0
25633,25602,0
25634,25602,0
25635,25602,0
25636,25602,0
25637,25602,0
25638,25602,0
25639,25602,0
25640,25602,0
25641,25528,68
25642,17783,8528
25643,25602,0
25644,25602,0
25645,22980,2528
25646,25602,0
25647,25602,0
25648,24977,578
25649,25602,0
25650,25572,28
25651,25278,298
25652,25602,0
25653,25602,0
25654,25563,36
25655,25602,0
25656,20295,5436
25657,25602,0
25658,25602,0
25659,25550,48
25660,20858,4796
25661,25602,0
25662,25602,0
25663,25602,0
25664,25192,378
25665,25602,0
25666,25497,96
25667,25602,0
25668,25563,36
25669,25534,62
25670,25602,0
25671,25602,0
25672,25602,0
25673,25602,0
25674,25602,0
25675,25602,0
25676,24479,1050
25677,25602,0
25678,25576,24
25679,25602,0
25680,25602,0
25681,25576,24
25682,25130,436
25683,25602,0
25684,25572,28
25685,25602,0
25686,25602,0
25687,25117,448
25688,21310,4294
25689,25602,0
25690,22918,2592
25691,25602,0
25692,25602,0
25693,10672,20476
25694,25602,0
25695,25602,0
25696,25572,28
25697,23715,1792
25698,24916,636
25699,24980,576
25700,25117,448
25701,25196,374
25702,25602,0
25703,25602,0
25704,25602,0
25705,24362,1162
25706,25602,0
25707,22284,3248
25708,25602,0
25709,25602,0
25710,25602,0
25711,25602,0
25712,25602,0
25713,25602,0
25714,25602,0
25715,24293,1228
25716,25602,0
25717,25602,0
25718,25602,0
25719,25602,0
25720,25602,0
25721,20634,5048
25722,25602,0
25723,25497,96
25724,25602,0
25725,2354,55850
25726,25576,24
25727,20972,4668
25728,25541,56
25729,25602,0
25730,25602,0
25731,25602,0
25732,25602,0
25733,25602,0
25734,25602,0
25735,25602,0
25736,25602,0
25737,25602,0
25738,22664,2852
25739,25602,0
25740,20262,5474
25741,25602,0
25742,25602,0
25743,25602,0
25744,25031,528
25745,25602,0
25746,25602,0
25747,25602,0
25748,25602,0
25749,25602,0
25750,25602,0
25751,20191,5556
25752,25513,82
25753,25550,48
25754,25467,124
25755,25602,0
25756,19393,6500
25757,25602,0
25758,25602,0
25759,25602,0
25760,25602,0
25761,24712,828
25762,25602,0
25763,25602,0
25764,25602,0
25765,25602,0
25766,25602,0
25767,25602,0
25768,25602,0
25769,25602,0
25770,25602,0
25771,21279,4328
25772,25602,0
25773,21186,4430
25774,25602,0
25775,25602,0
25776,25602,0
25777,23182,2324
25778,25602,0
25779,25602,0
25780,25602,0
25781,24422,1104
25782,25602,0
25783,25602,0
25784,24567,966
25785,25130,436
25786,25602,0
25787,25602,0
25788,22498,3024
25789,25602,0
25790,25602,0
25791,25602,0
25792,23481,2024
25793,25337,244
25794,25354,228
25795,24281,1240
25796,25602,0
25797,25602,0
25798,20417,5296
25799,25602,0
25800,21056,4574
25801,25602,0
25802,25602,0
25803,25602,0
25804,25602,0
25805,25602,0
25806,25576,24
25807,25602,0
25808,25602,0
25809,25602,0
25810,25602,0
25811,25602,0
25812,25602,0
25813,25602,0
25814,25602,0
25815,25602,0
25816,25602,0
25817,25602,0
25818,25602,0
25819,23853,1656
25820,25602,0
25821,24661,876
25822,25602,0
25823,25602,0
25824,21557,4024
25825,25602,0
25826,25035,524
25827,25602,0
25828,25602,0
25829,22219,3316
25830,24037,1476
25831,25602,0
25832,25602,0
25833,25467,124
25834,25602,0
25835,25602,0
25836,25602,0
25837,25402,184
25838,25602,0
25839,25602,0
25840,23349,2156
25841,25602,0
25842,25602,0
25843,25602,0
25844,25602,0
25845,25602,0
25846,22076,3468
25847,25602,0
25848,25602,0
25849,25602,0
25850,25602,0
25851,25602,0
25852,25602,0
25853,25602,0
25854,25602,0
25855,25602,0
25856,22965,2544
25857,25572,28
25858,25602,0
25859,25602,0
25860,25602,0
25861,25252,322
25862,25602,0
25863,25602,0
25864,22945,2564
25865,25602,0
25866,25602,0
25867,25196,374
25868,25602,0
25869,25602,0
25870,25602,0
25871,25602,0
25872,25602,0
25873,25602,0
25874,25550,48
25875,25250,324
25876,25602,0
25877,25602,0
25878,25602,0
25879,25031,528
25880,25602,0
25881,25602,0
25882,25602,0
25883,25602,0
25884,25229,344
25885,25602,0
25886,25022,536
25887,24596,938
25888,25602,0
25889,25550,48
25890,25250,324
25891,25602,0
25892,22284,3248
25893,23439,2066
25894,25602,0
25895,25602,0
25896,25602,0
25897,25602,0
25898,24598,936
25899,25257,318
25900,25602,0
25901,25602,0
25902,25121,444
25903,25602,0
25904,25602,0
25905,25602,0
25906,24818,728
25907,25037,522
25908,23083,2424
25909,18928,7068
25910,25602,0
25911,22912,2598
25912,25602,0
25913,23871,1638
25914,25602,0
25915,25602,0
25916,23477,2028
25917,25602,0
25918,25572,28
25919,25602,0
25920,25454,136
25921,25602,0
25922,25445,144
25923,25010,548
25924,25602,0
25925,25076,486
25926,21491,4096
25927,19739,6086
25928,25602,0
25929,24797,748
25930,25602,0
25931,25602,0
25932,25602,0
25933,25602,0
25934,25523,72
25935,25602,0
25936,23918,1592
25937,25602,0
25938,25602,0
25939,25386,198
25940,25602,0
25941,25602,0
25942,25602,0
25943,25602,0
25944,25602,0
25945,24272,1248
25946,25602,0
25947,25602,0
25948,25602,0
25949,25250,324
25950,25602,0
25951,25602,0
25952,25602,0
25953,25572,28
25954,24506,1024
25955,25563,36
25956,25602,0
25957,25602,0
25958,25602,0
25959,25602,0
25960,25602,0
25961,25602,0
25962,25576,24
25963,25572,28
25964,23881,1628
25965,25602,0
25966,25602,0
25967,25602,0
25968,25602,0
25969,25602,0
25970,25445,144
25971,25602,0
25972,25602,0
25973,25602,0
25974,25602,0
25975,25576,24
25976,25602,0
25977,25602,0
25978,25602,0
25979,25602,0
25980,25602,0
25981,25428,160
25982,25602,0
25983,25602,0
25984,25602,0
25985,25602,0
25986,25602,0
25987,25602,0
25988,22372,3156
25989,25602,0
25990,25602,0
25991,25572,28
25992,24903,648
25993,25602,0
25994,24268,1252
25995,25602,0
25996,25602,0
25997,25602,0
25998,25602,0
25999,25602,0
26000,25602,0
26001,25602,0
26002,25515,80
26003,25602,0
26004,25602,0
26005,25602,0
26006,25602,0
26007,25602,0
26008,25602,0
26009,25602,0
26010,25537,60
26011,25602,0
26012,25602,0
26013,25602,0
26014,25602,0
26015,25550,48
26016,25602,0
26017,25602,0
26018,23841,1668
26019,25602,0
26020,25354,228
26021,25602,0
26022,25602,0
26023,25602,0
26024,25576,24
26025,22142,3398
26026,25602,0
26027,24735,806
26028,24351,1172
26029,25602,0
26030,24190,1328
26031,25363,220
26032,25602,0
26033,25602,0
26034,25602,0
26035,25572,28
26036,25602,0
26037,25602,0
26038,25602,0
26039,25602,0
26040,23377,2128
26041,25602,0
26042,25602,0
26043,25602,0
26044,25602,0
26045,25602,0
26046,25602,0
26047,25602,0
26048,25602,0
26049,9740,22614
26050,25602,0
26051,16347,10498
26052,25602,0
26053,25602,0
26054,25602,0
26055,24525,1006
26056,25602,0
26057,25341,240
26058,22238,3296
26059,25602,0
26060,25532,64
26061,25602,0
26062,25246,328
26063,25602,0
26064,25602,0
26065,25602,0
26066,25602,0
26067,25602,0
26068,25602,0
26069,25602,0
26070,25602,0
26071,25484,108
26072,24960,594
26073,25602,0
26074,25602,0
26075,25602,0
26076,25602,0
26077,25602,0
26078,25602,0
26079,25602,0
26080,25602,0
26081,25246,328
26082,25602,0
26083,25602,0
26084,25602,0
26085,25602,0
26086,25602,0
26087,24716,824
26088,25602,0
26089,25602,0
26090,25602,0
26091,25602,0
26092,25099,464
26093,25602,0
26094,25602,0
26095,25602,0
26096,25510,84
26097,15951,11072
26098,25602,0
26099,24729,812
26100,25602,0
26101,25602,0
26102,25602,0
26103,25602,0
26104,24903,648
26105,25602,0
26106,25602,0
26107,25602,0
26108,25462,128
26109,25602,0
26110,25602,0
26111,25119,446
26112,25602,0
26113,25602,0
26114,24886,664
26115,25602,0
26116,25602,0
26117,25602,0
26118,25602,0
26119,25602,0
26120,25602,0
26121,25173,396
26122,25602,0
26123,25497,96
26124,25499,94
26125,350,100448
26126,25602,0
26127,24607,928
26128,25602,0
26129,25602,0
26130,24506,1024
26131,25602,0
26132,25602,0
26133,25576,24
26134,25602,0
26135,25602,0
26136,8708,25236
26137,25576,24
26138,25572,28
26139,25602,0
26140,24828,718
26141,25602,0
26142,25602,0
26143,25602,0
26144,25602,0
26145,25602,0
26146,25602,0
26147,25602,0
26148,25602,0
26149,25602,0
26150,25602,0
26151,25602,0
26152,25497,96
26153,25142,424
26154,25602,0
26155,25602,0
26156,25602,0
26157,25602,0
26158,24634,902
26159,25602,0
26160,21739,3828
26161,25602,0
26162,25602,0
26163,25602,0
26164,25602,0
26165,25602,0
26166,25602,0
26167,25602,0
26168,25572,28
26169,25602,0
26170,25602,0
26171,25602,0
26172,24454,1074
26173,25572,28
26174,24223,1296
26175,25602,0
26176,25602,0
26177,25602,0
26178,24939,614
26179,25502,92
26180,25523,72
26181,25082,480
26182,25602,0
26183,25602,0
26184,25602,0
26185,24194,1324
26186,25602,0
26187,25602,0
26188,25602,0
26189,25602,0
26190,25602,0
26191,22969,2540
26192,23557,1948
26193,24814,732
26194,25602,0
26195,25602,0
26196,25602,0
26197,25602,0
26198,25602,0
26199,25602,0
26200,25602,0
26201,24502,1028
26202,25602,0
26203,25602,0
26204,25602,0
26205,25576,24
26206,25534,62
26207,25602,0
26208,25602,0
26209,25602,0
26210,25576,24
26211,25602,0
26212,25602,0
26213,25602,0
26214,25602,0
26215,24937,616
26216,25602,0
26217,25602,0
26218,25035,524
26219,25602,0
26220,25602,0
26221,25497,96
26222,25602,0
26223,25602,0
26224,22645,2872
26225,25576,24
26226,25602,0
26227,25602,0
26228,25602,0
26229,25602,0
26230,25602,0
26231,25602,0
26232,25602,0
26233,25602,0
26234,25602,0
26235,25602,0
26236,25602,0
26237,25602,0
26238,25602,0
26239,25602,0
26240,25602,0
26241,25602,0
26242,25602,0
26243,25602,0
26244,25572,28
26245,24491,1038
26246,25602,0
26247,25602,0
26248,24600,934
26249,25602,0
26250,23162,2344
26251,25576,24
26252,25602,0
26253,25602,0
26254,25371,212
26255,24850,698
26256,25545,52
26257,25602,0
26258,25022,536
26259,25602,0
26260,25602,0
26261,25602,0
26262,25602,0
26263,25602,0
26264,25602,0
26265,25602,0
26266,25602,0
26267,24905,646
26268,25022,536
26269,25602,0
26270,25602,0
26271,25563,36
26272,24928,624
26273,25602,0
26274,25602,0
26275,25602,0
26276,25602,0
26277,25602,0
26278,25602,0
26279,25576,24
26280,25602,0
26281,25602,0
26282,10696,20424
26283,25602,0
26284,25602,0
26285,25602,0
26286,25576,24
26287,25602,0
26288,25602,0
26289,25602,0
26290,25602,0
26291,24924,628
26292,25602,0
26293,25602,0
26294,25602,0
26295,25602,0
26296,25602,0
26297,25602,0
26298,25602,0
26299,25602,0
26300,25602,0
26301,25602,0
26302,25602,0
26303,25010,548
26304,25602,0
26305,25602,0
26306,25602,0
26307,25576,24
26308,25602,0
26309,25602,0
26310,25602,0
26311,24347,1176
26312,25602,0
26313,25602,0
26314,25602,0
26315,5383,36492
26316,23682,1824
26317,25572,28
26318,23381,2124
26319,25602,0
26320,25563,36
26321,25602,0
26322,25602,0
26323,25602,0
26324,25602,0
26325,25324,256
26326,25602,0
26327,20925,4720
26328,25602,0
26329,25602,0
26330,25602,0
26331,25602,0
26332,25602,0
26333,25602,0
26334,25602,0
26335,25602,0
26336,25602,0
26337,25602,0
26338,25035,524
26339,25602,0
26340,24485,1044
26341,25602,0
26342,25602,0
26343,25576,24
26344,22522,3000
26345,25602,0
26346,25602,0
26347,25602,0
26348,24452,1076
26349,25602,0
26350,25602,0
26351,25602,0
26352,25602,0
26353,25523,72
26354,25602,0
26355,25602,0
26356,25602,0
26357,25602,0
26358,25602,0
26359,25602,0
26360,25572,28
26361,25602,0
26362,25602,0
26363,25602,0
26364,25602,0
26365,25602,0
26366,25602,0
26367,25602,0
26368,25602,0
26369,25602,0
26370,22288,3244
26371,25602,0
26372,25534,62
26373,25602,0
26374,25576,24
26375,25602,0
26376,25602,0
26377,25602,0
26378,25602,0
26379,25602,0
26380,25550,48
26381,25602,0
26382,25602,0
26383,25602,0
26384,25602,0
26385,25602,0
26386,25602,0
26387,25550,48
26388,25602,0
26389,25602,0
26390,25602,0
26391,25602,0
26392,24645,892
26393,25602,0
26394,25602,0
26395,25576,24
26396,25602,0
26397,25602,0
26398,25602,0
26399,25602,0
26400,25602,0
26401,18613,7460
26402,25602,0
26403,25602,0
26404,25602,0
26405,25602,0
26406,13615,14778
26407,25602,0
26408,25602,0
26409,25250,324
26410,25602,0
26411,25602,0
26412,25602,0
26413,25602,0
26414,25250,324
26415,25602,0
26416,25602,0
26417,25602,0
26418,25602,0
26419,25602,0
26420,25602,0
26421,24219,1300
26422,25602,0
26423,25602,0
26424,25602,0
26425,25576,24
26426,25602,0
26427,25602,0
26428,25602,0
26429,25602,0
26430,25602,0
26431,25602,0
26432,25602,0
26433,25572,28
26434,22886,2624
26435,25602,0
26436,24664,874
26437,25602,0
26438,25602,0
26439,25067,494
26440,25602,0
26441,15691,11456
26442,25602,0
26443,24907,644
26444,25602,0
26445,25532,64
26446,25563,36
26447,25602,0
26448,24801,744
26449,24664,874
26450,25602,0
26451,16942,9662
26452,25602,0
26453,25602,0
26454,24506,1024
26455,25602,0
26456,25602,0
26457,25572,28
26458,25489,104
26459,25602,0
26460,25602,0
26461,25226,346
26462,25602,0
26463,25602,0
26464,25602,0
26465,24928,624
26466,24740,802
26467,25602,0
26468,25602,0
26469,11788,18148
26470,25602,0
26471,25602,0
26472,25602,0
26473,25602,0
26474,25572,28
26475,24712,828
26476,25602,0
26477,19621,6226
26478,25576,24
26479,25602,0
26480,25432,156
26481,25602,0
26482,25602,0
26483,25602,0
26484,25576,24
26485,25602,0
26486,25602,0
26487,25462,128
26488,25576,24
26489,25602,0
26490,25602,0
26491,25602,0
26492,25602,0
26493,25602,0
26494,25602,0
26495,25602,0
26496,25602,0
26497,25602,0
26498,25576,24
26499,25602,0
26500,25602,0
26501,25602,0
26502,25602,0
26503,25550,48
26504,25576,24
26505,25602,0
26506,25602,0
26507,25576,24
26508,25602,0
26509,25602,0
26510,25278,298
26511,25602,0
26512,25602,0
26513,25602,0
26514,25602,0
26515,25602,0
26516,25602,0
26517,15886,11168
26518,25602,0
26519,25602,0
26520,25602,0
26521,25602,0
26522,25602,0
26523,25602,0
26524,25602,0
26525,25508,86
26526,25602,0
26527,25576,24
26528,25602,0
26529,25142,424
26530,18217,7964
26531,24128,1388
26532,16681,10024
26533,25602,0
26534,25602,0
26535,25602,0
26536,25602,0
26537,25602,0
26538,20396,5320
26539,25602,0
26540,20297,5434
26541,25602,0
26542,25602,0
26543,25602,0
26544,25602,0
26545,25602,0
26546,25602,0
26547,25304,274
26548,25602,0
26549,24982,574
26550,25602,0
26551,25602,0
26552,25602,0
26553,25602,0
26554,25602,0
26555,25602,0
26556,25602,0
26557,25441,148
26558,25602,0
26559,25602,0
26560,25602,0
26561,25602,0
26562,25602,0
26563,25563,36
26564,25602,0
26565,25402,184
26566,25602,0
26567,25602,0
26568,25602,0
26569,25602,0
26570,25602,0
26571,25480,112
26572,23822,1686
26573,25602,0
26574,25602,0
26575,25602,0
26576,17561,8822
26577,25602,0
26578,25602,0
26579,25602,0
26580,25602,0
26581,25602,0
26582,25602,0
26583,25572,28
26584,25602,0
26585,24831,716
26586,25515,80
26587,25602,0
26588,25602,0
26589,25602,0
26590,25602,0
26591,25602,0
26592,25602,0
26593,25237,336
26594,25602,0
26595,23904,1606
26596,25602,0
26597,25602,0
26598,25602,0
26599,25550,48
26600,18963,7024
26601,25602,0
26602,25602,0
26603,25602,0
26604,25602,0
26605,25602,0
26606,25602,0
26607,25602,0
26608,25602,0
26609,25602,0
26610,25576,24
26611,25602,0
26612,25602,0
26613,25602,0
26614,25602,0
26615,25602,0
26616,23853,1656
26617,25602,0
26618,25602,0
26619,25602,0
26620,25602,0
26621,23745,1762
26622,25229,344
26623,25602,0
26624,25602,0
26625,25602,0
26626,25602,0
26627,25602,0
26628,25602,0
26629,25602,0
26630,25602,0
26631,25602,0
26632,23894,1616
26633,25393,192
26634,25519,76
26635,25602,0
26636,25602,0
26637,25602,0
26638,25602,0
26639,25602,0
26640,25602,0
26641,25602,0
26642,25602,0
26643,25602,0
26644,24903,648
26645,25602,0
26646,25602,0
26647,25602,0
26648,25506,88
26649,24506,1024
26650,25602,0
26651,25602,0
26652,25084,478
26653,25602,0
26654,25602,0
26655,25602,0
26656,21766,3798
26657,25602,0
26658,25602,0
26659,25602,0
26660,25602,0
26661,25035,524
26662,24982,574
26663,25602,0
26664,23581,1924
26665,25602,0
26666,25602,0
26667,25602,0
26668,25602,0
26669,25602,0
26670,25602,0
26671,25602,0
26672,25602,0
26673,25602,0
26674,25602,0
26675,25602,0
26676,25602,0
26677,25550,48
26678,25602,0
26679,25572,28
26680,25602,0
26681,25602,0
26682,25602,0
26683,25602,0
26684,25602,0
26685,24493,1036
26686,25602,0
26687,24381,1144
26688,25117,448
26689,8748,25128
26690,24349,1174
26691,25550,48
26692,23792,1716
26693,25602,0
26694,25572,28
26695,25602,0
26696,24712,828
26697,25602,0
26698,25602,0
26699,25602,0
26700,25602,0
26701,25602,0
26702,25602,0
26703,25602,0
26704,25602,0
26705,25602,0
26706,25602,0
26707,25602,0
26708,25602,0
26709,25138,428
26710,25602,0
26711,25602,0
26712,25602,0
26713,25602,0
26714,25602,0
26715,25602,0
26716,25602,0
26717,25602,0
26718,25602,0
26719,25602,0
26720,25602,0
26721,25602,0
26722,23573,1932
26723,25602,0
26724,23721,1786
26725,25602,0
26726,25602,0
26727,25602,0
26728,23557,1948
26729,25602,0
26730,25602,0
26731,25602,0
26732,25550,48
26733,22973,2536
26734,23784,1724
26735,25602,0
26736,25576,24
26737,25602,0
26738,21824,3736
26739,25358,224
26740,25602,0
26741,25602,0
26742,25602,0
26743,25602,0
26744,25602,0
26745,25602,0
26746,25602,0
26747,23682,1824
26748,25602,0
26749,25563,36
26750,25602,0
26751,25602,0
26752,22728,2786
26753,25602,0
26754,25602,0
26755,25602,0
26756,25035,524
26757,2968,50422
26758,25602,0
26759,25602,0
26760,25602,0
26761,23152,2354
26762,25226,346
26763,23329,2176
26764,23525,1980
26765,24982,574
26766,25602,0
26767,25602,0
26768,25602,0
26769,25602,0
26770,25467,124
26771,25602,0
26772,25602,0
26773,25602,0
26774,25602,0
26775,25065,496
26776,25602,0
26777,25602,0
26778,25602,0
26779,25602,0
26780,25602,0
26781,25572,28
26782,25602,0
26783,25602,0
26784,24765,778
26785,23481,2024
26786,25087,476
26787,25563,36
26788,24716,824
26789,25602,0
26790,24611,924
26791,25602,0
26792,25602,0
26793,24982,574
26794,25602,0
26795,25602,0
26796,25084,478
26797,24771,772
26798,25602,0
26799,25602,0
26800,25602,0
26801,17677,8668
26802,15984,11024
26803,25602,0
26804,25602,0
26805,25602,0
26806,25602,0
26807,25321,258
26808,25602,0
26809,25602,0
26810,25602,0
26811,25602,0
26812,25602,0
26813,25602,0
26814,25550,48
26815,22680,2836
26816,25602,0
26817,25602,0
26818,24769,774
26819,25602,0
26820,25602,0
26821,25602,0
26822,25602,0
26823,25576,24
26824,25142,424
26825,25602,0
26826,25576,24
26827,25602,0
26828,25441,148
26829,25602,0
26830,25602,0
26831,25602,0
26832,25602,0
26833,25602,0
26834,25541,56
26835,25602,0
26836,24554,978
26837,25602,0
26838,25602,0
26839,25602,0
26840,25602,0
26841,24066,1448
26842,23407,2098
26843,25602,0
26844,25602,0
26845,25602,0
26846,25602,0
26847,25602,0
26848,25602,0
26849,25602,0
26850,25489,104
26851,25602,0
26852,25602,0
26853,25602,0
26854,25602,0
26855,25602,0
26856,25602,0
26857,25602,0
26858,25602,0
26859,25602,0
26860,25602,0
26861,25602,0
26862,25602,0
26863,25602,0
26864,25602,0
26865,25576,24
26866,25602,0
26867,25602,0
26868,25602,0
26869,25602,0
26870,21283,4324
26871,25602,0
26872,25602,0
26873,25153,414
26874,25602,0
26875,23051,2456
26876,25602,0
26877,22945,2564
26878,25602,0
26879,25602,0
26880,25602,0
26881,25602,0
26882,24712,828
26883,25602,0
26884,25602,0
26885,25602,0
26886,24797,748
26887,25602,0
26888,25278,298
26889,25602,0
26890,25602,0
26891,23257,2248
26892,25602,0
26893,25602,0
26894,25602,0
26895,25602,0
26896,25602,0
26897,24445,1082
26898,25602,0
26899,25130,436
26900,25602,0
26901,25602,0
26902,25602,0
26903,25576,24
26904,25563,36
26905,25602,0
26906,25602,0
26907,25602,0
26908,25602,0
26909,25602,0
26910,25602,0
26911,25602,0
26912,25602,0
26913,25602,0
26914,25572,28
26915,25602,0
26916,25602,0
26917,25602,0
26918,19323,6584
26919,25602,0
26920,25048,512
26921,25602,0
26922,25602,0
26923,25602,0
26924,25602,0
26925,25602,0
26926,21661,3912
26927,25602,0
26928,25602,0
26929,25602,0
26930,25602,0
26931,25602,0
26932,25572,28
26933,25602,0
26934,25602,0
26935,24831,716
26936,25602,0
26937,25602,0
26938,25602,0
26939,25602,0
26940,25602,0
26941,25602,0
26942,25602,0
26943,25602,0
26944,25497,96
26945,25602,0
26946,18181,8010
26947,25602,0
26948,25602,0
26949,25602,0
26950,25602,0
26951,25602,0
26952,25602,0
26953,25497,96
26954,25602,0
26955,25602,0
26956,25602,0
26957,25602,0
26958,25602,0
26959,25602,0
26960,25602,0
26961,20588,5100
26962,25602,0
26963,25602,0
26964,25602,0
26965,25602,0
26966,25602,0
26967,23988,1524
26968,24928,624
26969,25602,0
26970,25602,0
26971,25572,28
26972,25035,524
26973,25602,0
26974,21520,4064
26975,25602,0
26976,25602,0
26977,25602,0
26978,25602,0
26979,25508,86
26980,25602,0
26981,25486,106
26982,25602,0
26983,25250,324
26984,25602,0
26985,19177,6762
26986,25441,148
26987,25602,0
26988,25602,0
26989,25602,0
26990,25602,0
26991,25602,0
26992,25397,188
26993,25602,0
26994,23976,1536
26995,25602,0
26996,25602,0
26997,25602,0
26998,25602,0
26999,25602,0
27000,25602,0
27001,25602,0
27002,25467,124
27003,25602,0
27004,25602,0
27005,25602,0
27006,25602,0
27007,25602,0
27008,25602,0
27009,24241,1278
27010,25550,48
27011,25358,224
27012,25602,0
27013,25602,0
27014,25602,0
27015,25602,0
27016,25602,0
27017,25602,0
27018,25602,0
27019,23241,2264
27020,25436,152
27021,25602,0
27022,25602,0
27023,25602,0
27024,25602,0
27025,25602,0
27026,25602,0
27027,25602,0
27028,22734,2780
27029,25602,0
27030,24718,822
27031,25602,0
27032,25497,96
27033,25602,0
27034,25602,0
27035,25602,0
27036,25108,456
27037,20634,5048
27038,25602,0
27039,25602,0
27040,25532,64
27041,25602,0
27042,25602,0
27043,25117,448
27044,25602,0
27045,25602,0
27046,25602,0
27047,25602,0
27048,24871,678
27049,25602,0
27050,25602,0
27051,25602,0
27052,25602,0
27053,25576,24
27054,25602,0
27055,25602,0
27056,25602,0
27057,25515,80
27058,25602,0
27059,25602,0
27060,25441,148
27061,25602,0
27062,25602,0
27063,25602,0
27064,25602,0
27065,25602,0
27066,22537,2984
27067,25602,0
27068,21713,3856
27069,25602,0
27070,25602,0
27071,25602,0
27072,23427,2078
27073,15710,11428
27074,25602,0
27075,25391,194
27076,25602,0
27077,25602,0
27078,24481,1048
27079,25602,0
27080,25602,0
27081,25602,0
27082,25602,0
27083,23861,1648
27084,25602,0
27085,24370,1154
27086,25602,0
27087,25602,0
27088,25602,0
27089,25602,0
27090,25602,0
27091,25576,24
27092,25602,0
27093,25602,0
27094,25545,52
27095,25602,0
27096,25602,0
27097,25602,0
27098,25602,0
27099,24909,642
27100,25602,0
27101,25532,64
27102,25602,0
27103,25602,0
27104,25563,36
27105,25602,0
27106,25602,0
27107,25602,0
27108,25602,0
27109,25602,0
27110,25602,0
27111,25602,0
27112,25602,0
27113,25602,0
27114,25602,0
27115,25602,0
27116,25602,0
27117,25602,0
27118,25602,0
27119,25602,0
27120,25031,528
27121,25602,0
27122,25602,0
27123,25602,0
27124,25602,0
27125,25602,0
27126,25602,0
27127,25602,0
27128,25602,0
27129,25602,0
27130,25602,0
27131,25067,494
27132,25602,0
27133,25602,0
27134,22688,2828
27135,25602,0
27136,25563,36
27137,25602,0
27138,23010,2498
27139,22941,2568
27140,25602,0
27141,25563,36
27142,7695,28128
27143,25602,0
27144,25517,78
27145,12230,17288
27146,25602,0
27147,25602,0
27148,16175,10746
27149,23886,1624
27150,25602,0
27151,25602,0
27152,25576,24
27153,25602,0
27154,8778,25048
27155,25602,0
27156,25602,0
27157,25428,160
27158,25602,0
27159,25602,0
27160,23949,1562
27161,25602,0
27162,24229,1290
27163,25428,160
27164,25602,0
27165,25602,0
27166,25602,0
27167,25602,0
27168,25602,0
27169,25521,74
27170,25602,0
27171,24638,898
27172,25602,0
27173,24799,746
27174,25602,0
27175,25602,0
27176,25602,0
27177,25602,0
27178,25602,0
27179,25602,0
27180,25602,0
27181,25602,0
27182,25602,0
27183,25602,0
27184,23581,1924
27185,25602,0
27186,25602,0
27187,25602,0
27188,23269,2236
27189,22191,3346
27190,23810,1698
27191,25563,36
27192,25602,0
27193,25602,0
27194,25602,0
27195,25602,0
27196,25602,0
27197,25376,208
27198,25602,0
27199,23589,1916
27200,25602,0
27201,25602,0
27202,23969,1542
27203,25602,0
27204,25337,244
27205,25602,0
27206,25602,0
27207,25519,76
27208,25602,0
27209,25602,0
27210,25550,48
27211,25602,0
27212,25138,428
27213,25602,0
27214,25602,0
27215,25602,0
27216,25602,0
27217,25602,0
27218,21058,4572
27219,25602,0
27220,25602,0
27221,25602,0
27222,25602,0
27223,24329,1194
27224,25602,0
27225,15579,11624
27226,25602,0
27227,25602,0
27228,25602,0
27229,25602,0
27230,25602,0
27231,25602,0
27232,25576,24
27233,25602,0
27234,25602,0
27235,25602,0
27236,25602,0
27237,25602,0
27238,2987,50276
27239,25602,0
27240,25602,0
27241,25602,0
27242,25602,0
27243,25602,0
27244,25602,0
27245,25602,0
27246,25602,0
27247,25602,0
27248,25602,0
27249,25602,0
27250,24799,746
27251,25602,0
27252,25602,0
27253,25602,0
27254,25602,0
27255,25602,0
27256,25602,0
27257,25602,0
27258,25602,0
27259,25602,0
27260,25602,0
27261,25602,0
27262,25602,0
27263,24630,906
27264,25602,0
27265,25602,0
27266,25489,104
27267,23337,2168
27268,25602,0
27269,22692,2824
27270,25602,0
27271,25602,0
27272,25602,0
27273,25602,0
27274,25602,0
27275,25602,0
27276,25576,24
27277,25602,0
27278,25602,0
27279,25602,0
27280,25602,0
27281,25602,0
27282,8662,25358
27283,25602,0
27284,23772,1736
27285,25602,0
27286,25602,0
27287,25602,0
27288,25250,324
27289,22765,2748
27290,24818,728
27291,25602,0
27292,25550,48
27293,25602,0
27294,25602,0
27295,24554,978
27296,25515,80
27297,25554,44
27298,25602,0
27299,25602,0
27300,25602,0
27301,25602,0
27302,25602,0
27303,25602,0
27304,25602,0
27305,23890,1620
27306,25602,0
27307,24638,898
27308,25602,0
27309,25602,0
27310,25602,0
27311,25602,0
27312,25502,92
27313,25602,0
27314,16350,10494
27315,25576,24
27316,25602,0
27317,24664,874
27318,25602,0
27319,25602,0
27320,25602,0
27321,25602,0
27322,25602,0
27323,25602,0
27324,25602,0
27325,24746,796
27326,25602,0
27327,25602,0
27328,23976,1536
27329,25602,0
27330,25602,0
27331,22049,3496
27332,25602,0
27333,25602,0
27334,8545,25678
27335,25602,0
27336,25572,28
27337,25602,0
27338,25602,0
27339,25602,0
27340,25602,0
27341,25602,0
27342,25602,0
27343,24066,1448
27344,25572,28
27345,25602,0
27346,25602,0
27347,25602,0
27348,25602,0
27349,23132,2374
27350,24472,1056
27351,25602,0
27352,25602,0
27353,25602,0
27354,23128,2378
27355,25602,0
27356,25602,0
27357,25602,0
27358,25602,0
27359,25389,196
27360,25138,428
27361,25602,0
27362,25196,374
27363,23377,2128
27364,25602,0
27365,25602,0
27366,24945,608
27367,25602,0
27368,25602,0
27369,25602,0
27370,25602,0
27371,25602,0
27372,25602,0
27373,25130,436
27374,25550,48
27375,25602,0
27376,25602,0
27377,25602,0
27378,25602,0
27379,25602,0
27380,25576,24
27381,25602,0
27382,25602,0
27383,25602,0
27384,25602,0
27385,25602,0
27386,22886,2624
27387,25602,0
27388,25602,0
27389,25602,0
27390,25602,0
27391,24506,1024
27392,25602,0
27393,25602,0
27394,25602,0
27395,25602,0
27396,25602,0
27397,17985,8264
27398,25602,0
27399,23477,2028
27400,25602,0
27401,25602,0
27402,25545,52
27403,25602,0
27404,24351,1172
27405,25602,0
27406,25602,0
27407,25602,0
27408,25602,0
27409,25602,0
27410,24086,1428
27411,25550,48
27412,25602,0
27413,25138,428
27414,25602,0
27415,22941,2568
27416,25602,0
27417,25602,0
27418,25602,0
27419,24297,1224
27420,25563,36
27421,25602,0
27422,25602,0
27423,25480,112
27424,25602,0
27425,25576,24
27426,25602,0
27427,25602,0
27428,25602,0
27429,25550,48
27430,25602,0
27431,14881,12696
27432,22450,3074
27433,25602,0
27434,24960,594
27435,25486,106
27436,25497,96
27437,25602,0
27438,25602,0
27439,25602,0
27440,25602,0
27441,25602,0
27442,25229,344
27443,25602,0
27444,25089,474
27445,25489,104
27446,25602,0
27447,25602,0
27448,25602,0
27449,25602,0
27450,25602,0
27451,25602,0
27452,25602,0
27453,25515,80
27454,25602,0
27455,1,508048
27456,25602,0
27457,22767,2746
27458,25602,0
27459,25572,28
27460,25602,0
27461,25572,28
27462,25602,0
27463,25554,44
27464,23182,2324
27465,25602,0
27466,25602,0
27467,25602,0
27468,20469,5236
27469,25602,0
27470,25031,528
27471,22189,3348
27472,25602,0
27473,25285,292
27474,25602,0
27475,25602,0
27476,25602,0
27477,25576,24
27478,25393,192
27479,25602,0
27480,25602,0
27481,25602,0
27482,24695,844
27483,20852,4802
27484,25576,24
27485,25602,0
27486,25602,0
27487,24066,1448
27488,25497,96
27489,25602,0
27490,25602,0
27491,25602,0
27492,25602,0
27493,23759,1748
27494,25576,24
27495,24822,724
27496,25602,0
27497,24466,1062
27498,25602,0
27499,25602,0
27500,24565,968
27501,25602,0
27502,25602,0
27503,25224,348
27504,25541,56
27505,25602,0
27506,25602,0
27507,25602,0
27508,25454,136
27509,25576,24
27510,23063,2444
27511,25602,0
27512,25462,128
27513,25602,0
27514,25602,0
27515,25602,0
27516,25554,44
27517,25602,0
27518,25602,0
27519,25031,528
27520,25519,76
27521,25602,0
27522,25602,0
27523,25428,160
27524,2100,58514
27525,25602,0
27526,25602,0
27527,13373,15196
27528,20620,5064
27529,25602,0
27530,25602,0
27531,25602,0
27532,25602,0
27533,25602,0
27534,25454,136
27535,25572,28
27536,25602,0
27537,25550,48
27538,25602,0
27539,25576,24
27540,25602,0
27541,25602,0
27542,25602,0
27543,25550,48
27544,25602,0
27545,25602,0
27546,25602,0
27547,25602,0
27548,25602,0
27549,25602,0
27550,25602,0
27551,25572,28
27552,25497,96
27553,25550,48
27554,25602,0
27555,25602,0
27556,25602,0
27557,25216,356
27558,24360,1164
27559,25602,0
27560,25602,0
27561,25602,0
27562,25602,0
27563,25602,0
27564,25602,0
27565,25602,0
27566,25602,0
27567,25550,48
27568,25602,0
27569,25602,0
27570,25576,24
27571,25602,0
27572,25550,48
27573,25447,142
27574,25602,0
27575,23784,1724
27576,25602,0
27577,25602,0
27578,25602,0
27579,25602,0
27580,25602,0
27581,25602,0
27582,25602,0
27583,24877,672
27584,25602,0
27585,25602,0
27586,25602,0
27587,25602,0
27588,25602,0
27589,25216,356
27590,25563,36
27591,25602,0
27592,25602,0
27593,25602,0
27594,25311,268
27595,23229,2276
27596,25576,24
27597,7862,27628
27598,25550,48
27599,25602,0
27600,25602,0
27601,25602,0
27602,25519,76
27603,25389,196
27604,23601,1904
27605,25602,0
27606,25602,0
27607,25602,0
27608,25602,0
27609,25602,0
27610,25602,0
27611,25563,36
27612,25572,28
27613,25602,0
27614,20682,4994
27615,18170,8024
27616,25602,0
27617,25602,0
27618,21929,3624
27619,25602,0
27620,25602,0
27621,25602,0
27622,25602,0
27623,24086,1428
27624,25602,0
27625,25602,0
27626,25602,0
27627,25602,0
27628,25563,36
27629,25602,0
27630,25550,48
27631,25602,0
27632,25142,424
27633,25572,28
27634,25602,0
27635,25602,0
27636,25602,0
27637,25602,0
27638,25602,0
27639,25602,0
27640,25602,0
27641,25121,444
27642,25035,524
27643,23243,2262
27644,25602,0
27645,25602,0
27646,25602,0
27647,25602,0
27648,25602,0
27649,25602,0
27650,25602,0
27651,25602,0
27652,25602,0
27653,25602,0
27654,25246,328
27655,25572,28
27656,25602,0
27657,25602,0
27658,21310,4294
27659,25602,0
27660,25602,0
27661,25602,0
27662,25602,0
27663,24297,1224
27664,25602,0
27665,25602,0
27666,25345,236
27667,22572,2948
27668,25602,0
27669,22408,3118
27670,25602,0
27671,8224,26574
27672,25602,0
27673,25602,0
27674,25602,0
27675,25602,0
27676,25278,298
27677,25554,44
27678,25602,0
27679,25602,0
27680,25602,0
27681,25602,0
27682,25602,0
27683,25065,496
27684,25602,0
27685,25602,0
27686,23784,1724
27687,25393,192
27688,25602,0
27689,24822,724
27690,25430,158
27691,25602,0
27692,25602,0
27693,25602,0
27694,25602,0
27695,25602,0
27696,25602,0
27697,25602,0
27698,25602,0
27699,25602,0
27700,25602,0
27701,8495,25816
27702,25602,0
27703,25602,0
27704,25602,0
27705,25602,0
27706,25602,0
27707,24733,808
27708,25602,0
27709,25550,48
27710,25602,0
27711,25602,0
27712,25572,28
27713,25602,0
27714,25602,0
27715,25602,0
27716,25602,0
27717,25602,0
27718,25602,0
27719,25602,0
27720,25602,0
27721,24401,1124
27722,25602,0
27723,25602,0
27724,25602,0
27725,25602,0
27726,25602,0
27727,25602,0
27728,25602,0
27729,25602,0
27730,25550,48
27731,25602,0
27732,25602,0
27733,25602,0
27734,25602,0
27735,25250,324
27736,25602,0
27737,25602,0
27738,25602,0
27739,25408,178
27740,25554,44
27741,25602,0
27742,25602,0
27743,25602,0
27744,25602,0
27745,22882,2628
27746,25602,0
27747,25602,0
27748,25602,0
27749,25602,0
27750,25602,0
27751,25602,0
27752,25602,0
27753,25602,0
27754,25602,0
27755,25602,0
27756,25602,0
27757,25602,0
27758,25602,0
27759,25602,0
27760,25602,0
27761,24611,924
27762,25602,0
27763,25602,0
27764,25602,0
27765,25602,0
27766,25602,0
27767,25602,0
27768,25602,0
27769,25602,0
27770,25602,0
27771,25602,0
27772,25602,0
27773,22624,2894
27774,25602,0
27775,25602,0
27776,23225,2280
27777,25602,0
27778,25130,436
27779,25602,0
27780,25602,0
27781,25602,0
27782,25602,0
27783,25602,0
27784,25602,0
27785,25108,456
27786,25602,0
27787,24801,744
27788,25550,48
27789,25602,0
27790,25602,0
27791,25602,0
27792,25572,28
27793,23969,1542
27794,25602,0
27795,25602,0
27796,25602,0
27797,25576,24
27798,25576,24
27799,25304,274
27800,25602,0
27801,25602,0
27802,24293,1228
27803,22023,3524
27804,25602,0
27805,25602,0
27806,21076,4552
27807,25602,0
27808,25602,0
27809,25602,0
27810,25602,0
27811,25602,0
27812,25602,0
27813,23861,1648
27814,25602,0
27815,4,205528
27816,25602,0
27817,25602,0
27818,25602,0
27819,25602,0
27820,25602,0
27821,25602,0
27822,24903,648
27823,25602,0
27824,25602,0
27825,20436,5274
27826,25602,0
27827,25602,0
27828,23561,1944
27829,25602,0
27830,25602,0
27831,25602,0
27832,25246,328
27833,25602,0
27834,25602,0
27835,25138,428
27836,25602,0
27837,25602,0
27838,22680,2836
27839,25602,0
27840,25602,0
27841,25602,0
27842,25550,48
27843,25207,364
27844,25602,0
27845,25602,0
27846,25602,0
27847,25358,224
27848,25393,192
27849,25602,0
27850,25602,0
27851,25602,0
27852,25602,0
27853,25519,76
27854,25602,0
27855,25602,0
27856,25304,274
27857,25602,0
27858,25602,0
27859,25602,0
27860,24926,626
27861,25602,0
27862,25602,0
27863,25602,0
27864,25602,0
27865,25602,0
27866,25602,0
27867,25602,0
27868,25602,0
27869,25602,0
27870,25602,0
27871,23886,1624
27872,25602,0
27873,25602,0
27874,25602,0
27875,25602,0
27876,25602,0
27877,24454,1074
27878,25602,0
27879,25142,424
27880,25602,0
27881,25602,0
27882,25602,0
27883,25602,0
27884,25602,0
27885,25602,0
27886,25602,0
27887,25602,0
27888,25602,0
27889,25602,0
27890,25602,0
27891,25602,0
27892,25602,0
27893,25376,208
27894,25602,0
27895,25602,0
27896,25602,0
27897,25602,0
27898,24558,974
27899,25602,0
27900,25602,0
27901,23377,2128
27902,25602,0
27903,25572,28
27904,25602,0
27905,24822,724
27906,25602,0
27907,25602,0
27908,25602,0
27909,25462,128
27910,25602,0
27911,25602,0
27912,25602,0
27913,25602,0
27914,25602,0
27915,25602,0
27916,25602,0
27917,25602,0
27918,25521,74
27919,25602,0
27920,25602,0
27921,25419,168
27922,25602,0
27923,25602,0
27924,25602,0
27925,2724,52428
27926,25602,0
27927,25602,0
27928,25602,0
27929,24664,874
27930,25602,0
27931,25602,0
27932,25293,284
27933,25602,0
27934,23886,1624
27935,25345,236
27936,16911,9704
27937,25291,286
27938,25576,24
27939,24368,1156
27940,25602,0
27941,25602,0
27942,24763,780
27943,25563,36
27944,25602,0
27945,25602,0
27946,25602,0
27947,25602,0
27948,25356,226
27949,25602,0
27950,25602,0
27951,25519,76
27952,25602,0
27953,25602,0
27954,25602,0
27955,22000,3548
27956,25602,0
27957,25602,0
27958,25602,0
27959,25602,0
27960,25602,0
27961,25602,0
27962,25602,0
27963,25602,0
27964,25602,0
27965,25602,0
27966,25602,0
27967,25602,0
27968,25602,0
27969,25358,224
27970,25602,0
27971,25602,0
27972,25602,0
27973,25602,0
27974,25602,0
27975,25602,0
27976,25602,0
27977,25602,0
27978,25602,0
27979,25602,0
27980,2892,51028
27981,25014,544
27982,25602,0
27983,25563,36
27984,25602,0
27985,25602,0
27986,25602,0
27987,25602,0
27988,25602,0
27989,24607,928
27990,25602,0
27991,25550,48
27992,25576,24
27993,25602,0
27994,25602,0
27995,25602,0
27996,25602,0
27997,25602,0
27998,25602,0
27999,25602,0
28000,23577,1928
28001,21785,3778
28002,25602,0
28003,24729,812
28004,25602,0
28005,25602,0
28006,25602,0
28007,25602,0
28008,25602,0
28009,25602,0
28010,25602,0
28011,18085,8134
28012,25602,0
28013,25602,0
28014,25602,0
28015,25389,196
28016,25602,0
28017,25602,0
28018,25602,0
28019,25576,24
28020,25089,474
28021,25602,0
28022,25602,0
28023,25602,0
28024,25386,198
28025,25602,0
28026,25602,0
28027,25602,0
28028,25602,0
28029,25602,0
28030,25276,300
28031,25602,0
28032,25602,0
28033,25602,0
28034,25602,0
28035,25376,208
28036,25602,0
28037,25572,28
28038,25602,0
28039,25602,0
28040,25602,0
28041,25602,0
28042,23976,1536
28043,25602,0
28044,24119,1396
28045,25602,0
28046,25602,0
28047,25602,0
28048,25576,24
28049,25602,0
28050,17484,8924
28051,25602,0
28052,25602,0
28053,25602,0
28054,25602,0
28055,25602,0
28056,25602,0
28057,25602,0
28058,25602,0
28059,25602,0
28060,25576,24
28061,25602,0
28062,25602,0
28063,25602,0
28064,25602,0
28065,25419,168
28066,25602,0
28067,25602,0
28068,24886,664
28069,21476,4112
28070,25602,0
28071,25602,0
28072,21195,4420
28073,25602,0
28074,25602,0
28075,25602,0
28076,25602,0
28077,25602,0
28078,25602,0
28079,2915,50846
28080,25602,0
28081,10110,21742
28082,25602,0
28083,25602,0
28084,25138,428
28085,20195,5552
28086,25602,0
28087,25602,0
28088,25602,0
28089,25602,0
28090,25602,0
28091,25602,0
28092,23682,1824
28093,25602,0
28094,25602,0
28095,25452,138
28096,25602,0
28097,25602,0
28098,19941,5848
28099,25602,0
28100,25602,0
28101,25602,0
28102,25602,0
28103,22491,3032
28104,25497,96
28105,25602,0
28106,25602,0
28107,25602,0
28108,25602,0
28109,25602,0
28110,24169,1348
28111,25602,0
28112,25602,0
28113,25602,0
28114,25602,0
28115,25602,0
28116,15239,12140
28117,25602,0
28118,25602,0
28119,25602,0
28120,25602,0
28121,25602,0
28122,16347,10498
28123,25602,0
28124,25602,0
28125,25602,0
28126,25602,0
28127,25602,0
28128,25602,0
28129,12345,17068
28130,25602,0
28131,25528,68
28132,25550,48
28133,25602,0
28134,25602,0
28135,25602,0
28136,25602,0
28137,25602,0
28138,25602,0
28139,25602,0
28140,25513,82
28141,25602,0
28142,23261,2244
28143,25602,0
28144,25602,0
28145,25602,0
28146,23984,1528
28147,25602,0
28148,24326,1196
28149,25602,0
28150,25602,0
28151,25233,340
28152,25224,348
28153,25602,0
28154,25576,24
28155,25602,0
28156,21098,4528
28157,25602,0
28158,25602,0
28159,25602,0
28160,25602,0
28161,25602,0
28162,25602,0
28163,25602,0
28164,25602,0
28165,25602,0
28166,25602,0
28167,25602,0
28168,25602,0
28169,25602,0
28170,25602,0
28171,25602,0
28172,25183,386
28173,25194,376
28174,25602,0
28175,25602,0
28176,25602,0
28177,25602,0
28178,25602,0
28179,24598,936
28180,25602,0
28181,25602,0
28182,25602,0
28183,25602,0
28184,15315,12024
28185,23277,2228
28186,25576,24
28187,25602,0
28188,25602,0
28189,15295,12054
28190,25602,0
28191,25602,0
28192,25602,0
28193,25602,0
28194,25602,0
28195,25602,0
28196,24901,650
28197,25602,0
28198,25602,0
28199,25550,48
28200,25602,0
28201,25602,0
28202,25602,0
28203,25602,0
28204,25602,0
28205,24903,648
28206,25602,0
28207,25602,0
28208,25602,0
28209,25602,0
28210,25602,0
28211,16667,10044
28212,25602,0
28213,25084,478
28214,25602,0
28215,25602,0
28216,25142,424
28217,22525,2996
28218,25602,0
28219,25602,0
28220,25602,0
28221,25602,0
28222,25602,0
28223,25602,0
28224,25602,0
28225,25602,0
28226,25602,0
28227,25602,0
28228,24809,736
28229,25602,0
28230,25602,0
28231,24449,1078
28232,25602,0
28233,25602,0
28234,25602,0
28235,24091,1424
28236,25602,0
28237,25602,0
28238,25602,0
28239,25602,0
28240,25602,0
28241,25602,0
28242,25602,0
28243,25602,0
28244,25572,28
28245,25602,0
28246,25602,0
28247,25602,0
28248,25602,0
28249,23405,2100
28250,25602,0
28251,25602,0
28252,25602,0
28253,25497,96
28254,25602,0
28255,25532,64
28256,25602,0
28257,25510,84
28258,25602,0
28259,25602,0
28260,25602,0
28261,23477,2028
28262,25602,0
28263,25602,0
28264,25602,0
28265,25602,0
28266,25602,0
28267,25602,0
28268,25602,0
28269,23886,1624
28270,25602,0
28271,25602,0
28272,25602,0
28273,25602,0
28274,11774,18176
28275,25602,0
28276,25602,0
28277,21058,4572
28278,25602,0
28279,25602,0
28280,25602,0
28281,25602,0
28282,24969,586
28283,25602,0
28284,22472,3052
28285,25602,0
28286,25602,0
28287,10210,21512
28288,25602,0
28289,25602,0
28290,25602,0
28291,25602,0
28292,25602,0
28293,25602,0
28294,25602,0
28295,25602,0
28296,25602,0
28297,25602,0
28298,25576,24
28299,25602,0
28300,25224,348
28301,18327,7822
28302,25602,0
28303,25602,0
28304,23108,2398
28305,25602,0
28306,25602,0
28307,23333,2172
28308,25602,0
28309,25602,0
28310,25602,0
28311,23327,2178
28312,25602,0
28313,25095,468
28314,25602,0
28315,22969,2540
28316,24289,1232
28317,25087,476
28318,25523,72
28319,25602,0
28320,25602,0
28321,25602,0
28322,25602,0
28323,25602,0
28324,25602,0
28325,25602,0
28326,24609,926
28327,25602,0
28328,25602,0
28329,25602,0
28330,25602,0
28331,25602,0
28332,25602,0
28333,25602,0
28334,23784,1724
28335,24329,1194
28336,25602,0
28337,25602,0
28338,25602,0
28339,25602,0
28340,25602,0
28341,25602,0
28342,25602,0
28343,25602,0
28344,25602,0
28345,25602,0
28346,25602,0
28347,25354,228
28348,25602,0
28349,25602,0
28350,25602,0
28351,25602,0
28352,25602,0
28353,25602,0
28354,25602,0
28355,25602,0
28356,23489,2016
28357,24809,736
28358,25602,0
28359,25602,0
28360,25602,0
28361,25576,24
28362,25602,0
28363,25035,524
28364,25513,82
28365,25602,0
28366,25602,0
28367,25602,0
28368,25602,0
28369,25602,0
28370,25602,0
28371,25602,0
28372,25602,0
28373,25602,0
28374,25602,0
28375,25602,0
28376,25602,0
28377,25602,0
28378,25602,0
28379,25602,0
28380,25602,0
28381,25602,0
28382,25602,0
28383,25602,0
28384,25602,0
28385,25602,0
28386,25602,0
28387,25602,0
28388,18931,7064
28389,25602,0
28390,25602,0
28391,25602,0
28392,25602,0
28393,25602,0
28394,25138,428
28395,25602,0
28396,24299,1222
28397,25602,0
28398,25602,0
28399,25117,448
28400,24854,694
28401,25602,0
28402,25602,0
28403,25602,0
28404,25602,0
28405,25602,0
28406,25602,0
28407,25602,0
28408,25602,0
28409,25602,0
28410,25515,80
28411,25523,72
28412,25602,0
28413,25602,0
28414,25602,0
28415,25602,0
28416,25572,28
28417,25602,0
28418,25602,0
28419,25602,0
28420,25602,0
28421,24935,618
28422,25602,0
28423,8408,26056
28424,12713,16382
28425,25602,0
28426,24765,778
28427,25602,0
28428,25602,0
28429,25108,456
28430,25602,0
28431,25602,0
28432,25602,0
28433,25602,0
28434,13735,14572
28435,23658,1848
28436,25602,0
28437,25602,0
28438,25602,0
28439,2704,52602
28440,25550,48
28441,2717,52494
28442,25602,0
28443,25602,0
28444,25602,0
28445,25478,114
28446,23033,2474
28447,25602,0
28448,25602,0
28449,25602,0
28450,25602,0
28451,25602,0
28452,25602,0
28453,21421,4172
28454,25576,24
28455,24173,1344
28456,25246,328
28457,25602,0
28458,25602,0
28459,25602,0
28460,25602,0
28461,25602,0
28462,25602,0
28463,25602,0
28464,25014,544
28465,25602,0
28466,25602,0
28467,25602,0
28468,25602,0
28469,25602,0
28470,25541,56
28471,25602,0
28472,21535,4048
28473,25602,0
28474,25602,0
28475,25602,0
28476,25602,0
28477,25602,0
28478,25602,0
28479,25183,386
28480,25602,0
28481,25602,0
28482,25602,0
28483,25563,36
28484,25602,0
28485,25602,0
28486,25602,0
28487,24502,1028
28488,25602,0
28489,22066,3478
28490,14396,13472
28491,25602,0
28492,25602,0
28493,25602,0
28494,2961,50480
28495,25602,0
28496,25550,48
28497,25602,0
28498,25602,0
28499,25602,0
28500,25602,0
28501,25602,0
28502,25602,0
28503,25572,28
28504,23477,2028
28505,25602,0
28506,25523,72
28507,25602,0
28508,25602,0
28509,25602,0
28510,25602,0
28511,25572,28
28512,25602,0
28513,25602,0
28514,25602,0
28515,25602,0
28516,24992,564
28517,25602,0
28518,25602,0
28519,24072,1442
28520,25602,0
28521,25602,0
28522,25497,96
28523,25602,0
28524,25602,0
28525,25602,0
28526,25602,0
28527,25576,24
28528,25550,48
28529,25602,0
28530,25497,96
28531,25602,0
28532,25602,0
28533,25602,0
28534,25563,36
28535,25602,0
28536,25602,0
28537,24454,1074
28538,22867,2644
28539,25602,0
28540,25602,0
28541,25576,24
28542,21766,3798
28543,23682,1824
28544,25205,366
28545,25602,0
28546,25602,0
28547,25142,424
28548,25602,0
28549,25572,28
28550,25602,0
28551,25602,0
28552,25602,0
28553,25602,0
28554,25602,0
28555,25602,0
28556,24008,1504
28557,23329,2176
28558,25602,0
28559,25602,0
28560,25602,0
28561,25563,36
28562,25602,0
28563,25602,0
28564,24716,824
28565,21352,4248
28566,25602,0
28567,25602,0
28568,25031,528
28569,25602,0
28570,2831,51524
28571,25602,0
28572,24928,624
28573,25441,148
28574,25602,0
28575,24401,1124
28576,25602,0
28577,25602,0
28578,25602,0
28579,25602,0
28580,25425,162
28581,25602,0
28582,25602,0
28583,25602,0
28584,25602,0
28585,25602,0
28586,25602,0
28587,25521,74
28588,25602,0
28589,24988,568
28590,25602,0
28591,25602,0
28592,25602,0
28593,24982,574
28594,25602,0
28595,25602,0
28596,25602,0
28597,25602,0
28598,25602,0
28599,25602,0
28600,25602,0
28601,25602,0
28602,24293,1228
28603,25602,0
28604,25602,0
28605,25602,0
28606,25602,0
28607,21465,4124
28608,25602,0
28609,25602,0
28610,25602,0
28611,25602,0
28612,25602,0
28613,25602,0
28614,25602,0
28615,21419,4174
28616,25602,0
28617,25602,0
28618,25602,0
28619,25602,0
28620,25332,248
28621,25602,0
28622,25602,0
28623,25576,24
28624,25576,24
28625,25576,24
28626,25541,56
28627,25602,0
28628,25563,36
28629,23759,1748
28630,25602,0
28631,25602,0
28632,25014,544
28633,8694,25274
28634,25602,0
28635,25602,0
28636,25602,0
28637,25602,0
28638,25550,48
28639,25602,0
28640,25576,24
28641,25462,128
28642,25602,0
28643,24130,1386
28644,23437,2068
28645,25602,0
28646,25602,0
28647,25602,0
28648,25602,0
28649,25576,24
28650,25602,0
28651,25602,0
28652,25602,0
28653,25602,0
28654,23431,2074
28655,25602,0
28656,25602,0
28657,25602,0
28658,25602,0
28659,25602,0
28660,25602,0
28661,25602,0
28662,25602,0
28663,25602,0
28664,25572,28
28665,25602,0
28666,25602,0
28667,25602,0
28668,25602,0
28669,25602,0
28670,25602,0
28671,24611,924
28672,22888,2622
28673,25602,0
28674,25602,0
28675,25089,474
28676,25602,0
28677,24091,1424
28678,25602,0
28679,25576,24
28680,25602,0
28681,25602,0
28682,8358,26196
28683,25537,60
28684,25602,0
28685,25602,0
28686,25602,0
28687,23329,2176
28688,25602,0
28689,25602,0
28690,25602,0
28691,25541,56
28692,25563,36
28693,24716,824
28694,25602,0
28695,25602,0
28696,25602,0
28697,25602,0
28698,25602,0
28699,25602,0
28700,24882,668
28701,25602,0
28702,25602,0
28703,25602,0
28704,25602,0
28705,25602,0
28706,25602,0
28707,25602,0
28708,25602,0
28709,25602,0
28710,25602,0
28711,25602,0
28712,25602,0
28713,24194,1324
28714,25602,0
28715,25602,0
28716,25602,0
28717,25602,0
28718,25602,0
28719,25602,0
28720,23988,1524
28721,24924,628
28722,25506,88
28723,25602,0
28724,25602,0
28725,25602,0
28726,25602,0
28727,25602,0
28728,25602,0
28729,25367,216
28730,25602,0
28731,25602,0
28732,25572,28
28733,25602,0
28734,25602,0
28735,25602,0
28736,25602,0
28737,25602,0
28738,25602,0
28739,21873,3684
28740,25602,0
28741,25602,0
28742,25602,0
28743,23381,2124
28744,25602,0
28745,25602,0
28746,22439,3086
28747,25602,0
28748,16183,10734
28749,25572,28
28750,25602,0
28751,25408,178
28752,25345,236
28753,25602,0
28754,25602,0
28755,25602,0
28756,22487,3036
28757,25550,48
28758,25602,0
28759,25602,0
28760,25602,0
28761,25602,0
28762,25602,0
28763,24691,848
28764,25576,24
28765,23477,2028
28766,25436,152
28767,25602,0
28768,25572,28
28769,25602,0
28770,25602,0
28771,25602,0
28772,25602,0
28773,25602,0
28774,25602,0
28775,25499,94
28776,25602,0
28777,25602,0
28778,25602,0
28779,25602,0
28780,25602,0
28781,25576,24
28782,21720,3848
28783,25602,0
28784,25602,0
28785,25602,0
28786,25602,0
28787,25412,174
28788,25602,0
28789,25602,0
28790,25602,0
28791,24483,1046
28792,24272,1248
28793,19603,6248
28794,25250,324
28795,25602,0
28796,25602,0
28797,25602,0
28798,25602,0
28799,25576,24
28800,25602,0
28801,24903,648
28802,25602,0
28803,25142,424
28804,25602,0
28805,25521,74
28806,24586,948
28807,25602,0
28808,25602,0
28809,25602,0
28810,25602,0
28811,25563,36
28812,25508,86
28813,25602,0
28814,25602,0
28815,22886,2624
28816,25602,0
28817,25602,0
28818,25576,24
28819,25602,0
28820,25576,24
28821,23459,2046
28822,25602,0
28823,25602,0
28824,25602,0
28825,25602,0
28826,24716,824
28827,25602,0
28828,25602,0
28829,25602,0
28830,25602,0
28831,25523,72
28832,25337,244
28833,25602,0
28834,25602,0
28835,25602,0
28836,25517,78
28837,25602,0
28838,25602,0
28839,25602,0
28840,25602,0
28841,25602,0
28842,25602,0
28843,25602,0
28844,25572,28
28845,25523,72
28846,25602,0
28847,25602,0
28848,25602,0
28849,25602,0
28850,25602,0
28851,23886,1624
28852,25602,0
28853,25602,0
28854,25602,0
28855,25602,0
28856,23786,1722
28857,25602,0
28858,25001,556
28859,25572,28
28860,25602,0
28861,25563,36
28862,25250,324
28863,25602,0
28864,25602,0
28865,18170,8024
28866,25602,0
28867,25602,0
28868,24822,724
28869,25602,0
28870,25602,0
28871,25602,0
28872,25602,0
28873,25602,0
28874,25602,0
28875,25602,0
28876,25602,0
28877,25458,132
28878,25602,0
28879,25602,0
28880,25602,0
28881,25602,0
28882,25602,0
28883,25576,24
28884,25602,0
28885,25576,24
28886,25332,248
28887,25602,0
28888,25332,248
28889,25602,0
28890,25602,0
28891,25602,0
28892,10832,20128
28893,25602,0
28894,24443,1084
28895,25602,0
28896,25602,0
28897,25602,0
28898,25602,0
28899,25602,0
28900,25602,0
28901,25602,0
28902,25602,0
28903,25602,0
28904,25602,0
28905,25602,0
28906,25602,0
28907,25031,528
28908,25602,0
28909,25602,0
28910,25602,0
28911,20480,5224
28912,25602,0
28913,25602,0
28914,25602,0
28915,25602,0
28916,25602,0
28917,25602,0
28918,25602,0
28919,24279,1242
28920,25602,0
28921,25602,0
28922,25602,0
28923,25602,0
28924,24882,668
28925,25602,0
28926,25602,0
28927,25102,462
28928,25602,0
28929,25602,0
28930,25602,0
28931,25602,0
28932,25602,0
28933,24649,888
28934,25563,36
28935,25563,36
28936,24638,898
28937,25602,0
28938,25572,28
28939,25602,0
28940,25445,144
28941,25602,0
28942,25602,0
28943,25602,0
28944,25602,0
28945,25602,0
28946,25602,0
28947,25602,0
28948,25602,0
28949,22639,2878
28950,25063,498
28951,24894,656
28952,23219,2286
28953,25602,0
28954,25602,0
28955,25602,0
28956,24988,568
28957,25602,0
28958,25602,0
28959,25602,0
28960,25602,0
28961,25602,0
28962,25084,478
28963,25602,0
28964,25602,0
28965,25602,0
28966,25602,0
28967,25602,0
28968,25602,0
28969,25602,0
28970,25602,0
28971,25602,0
28972,25602,0
28973,25602,0
28974,25602,0
28975,23810,1698
28976,23313,2192
28977,25602,0
28978,25602,0
28979,25576,24
28980,25572,28
28981,25602,0
28982,25602,0
28983,25164,404
28984,25602,0
28985,25602,0
28986,24194,1324
28987,25602,0
28988,25602,0
28989,25602,0
28990,24586,948
28991,25602,0
28992,25602,0
28993,25602,0
28994,25576,24
28995,25602,0
28996,25602,0
28997,25602,0
28998,25602,0
28999,25602,0
29000,25602,0
29001,25602,0
29002,25224,348
29003,25602,0
29004,25602,0
29005,25602,0
29006,25602,0
29007,25602,0
29008,24875,674
29009,25602,0
29010,25550,48
29011,25602,0
29012,25602,0
29013,15969,11046
29014,25602,0
29015,24058,1456
29016,25602,0
29017,24502,1028
29018,24611,924
29019,25142,424
29020,25602,0
29021,25602,0
29022,25602,0
29023,25602,0
29024,23146,2360
29025,25602,0
29026,2857,51310
29027,25602,0
29028,25602,0
29029,25602,0
29030,25602,0
29031,25117,448
29032,25602,0
29033,25602,0
29034,25602,0
29035,24651,886
29036,25602,0
29037,23281,2224
29038,25602,0
29039,25602,0
29040,25602,0
29041,23682,1824
29042,25602,0
29043,25602,0
29044,25263,312
29045,25602,0
29046,25602,0
29047,25563,36
29048,25602,0
29049,25572,28
29050,25170,398
29051,25541,56
29052,25602,0
29053,25602,0
29054,23549,1956
29055,25602,0
29056,25602,0
29057,23839,1670
29058,25602,0
29059,25602,0
29060,23784,1724
29061,25572,28
29062,25602,0
29063,23853,1656
29064,25602,0
29065,25602,0
29066,25602,0
29067,25602,0
29068,25602,0
29069,25497,96
29070,25602,0
29071,24506,1024
29072,25519,76
29073,25602,0
29074,25354,228
29075,25449,140
29076,25602,0
29077,25602,0
29078,25602,0
29079,25602,0
29080,25602,0
29081,25602,0
29082,25602,0
29083,25602,0
29084,25602,0
29085,25602,0
29086,25602,0
29087,25602,0
29088,25572,28
29089,25602,0
29090,25602,0
29091,25602,0
29092,25602,0
29093,23081,2426
29094,25602,0
29095,25602,0
29096,20432,5278
29097,25602,0
29098,25602,0
29099,25602,0
29100,20744,4924
29101,25602,0
29102,23193,2312
29103,25602,0
29104,18074,8148
29105,25602,0
29106,25602,0
29107,25602,0
29108,25602,0
29109,25602,0
29110,25602,0
29111,25304,274
29112,25576,24
29113,24651,886
29114,25602,0
29115,25602,0
29116,25602,0
29117,25602,0
29118,25602,0
29119,25602,0
29120,23650,1856
29121,25602,0
29122,25602,0
29123,23453,2052
29124,25602,0
29125,25602,0
29126,24744,798
29127,25324,256
29128,25063,498
29129,25602,0
29130,25602,0
29131,25602,0
29132,25602,0
29133,25602,0
29134,25602,0
29135,13440,15080
29136,25563,36
29137,25602,0
29138,24903,648
29139,25602,0
29140,25602,0
29141,25602,0
29142,25602,0
29143,25602,0
29144,25602,0
29145,24691,848
29146,24619,916
29147,25602,0
29148,25534,62
29149,25602,0
29150,25602,0
29151,25602,0
29152,25602,0
29153,25602,0
29154,25602,0
29155,18921,7076
29156,25291,286
29157,25602,0
29158,25602,0
29159,25602,0
29160,25602,0
29161,25602,0
29162,25602,0
29163,25519,76
29164,20829,4828
29165,25602,0
29166,25602,0
29167,25602,0
29168,25602,0
29169,25602,0
29170,25602,0
29171,25602,0
29172,25602,0
29173,25602,0
29174,25519,76
29175,25602,0
29176,23830,1678
29177,25602,0
29178,25602,0
29179,23812,1696
29180,25572,28
29181,25354,228
29182,25602,0
29183,25602,0
29184,25602,0
29185,25602,0
29186,21675,3896
29187,25602,0
29188,20098,5664
29189,25602,0
29190,25602,0
29191,22450,3074
29192,25602,0
29193,25602,0
29194,25602,0
29195,25602,0
29196,25602,0
29197,25602,0
29198,25602,0
29199,25602,0
29200,25602,0
29201,25602,0
29202,23457,2048
29203,25602,0
29204,25602,0
29205,25602,0
29206,25602,0
29207,25602,0
29208,25602,0
29209,25473,118
29210,25602,0
29211,23285,2220
29212,25280,296
29213,25602,0
29214,23071,2436
29215,25602,0
29216,25602,0
29217,25602,0
29218,25602,0
29219,25602,0
29220,25602,0
29221,25602,0
29222,25602,0
29223,25602,0
29224,25602,0
29225,25138,428
29226,25602,0
29227,25563,36
29228,25602,0
29229,25602,0
29230,25602,0
29231,24924,628
29232,25250,324
29233,25602,0
29234,23577,1928
29235,25246,328
29236,25602,0
29237,25602,0
29238,17768,8548
29239,25175,394
29240,25454,136
29241,25602,0
29242,24194,1324
29243,25602,0
29244,25602,0
29245,25602,0
29246,25602,0
29247,25602,0
29248,25576,24
29249,25602,0
29250,19539,6324
29251,25602,0
29252,25602,0
29253,25602,0
29254,25602,0
29255,25602,0
29256,25445,144
29257,25602,0
29258,25408,178
29259,25602,0
29260,25602,0
29261,25602,0
29262,25602,0
29263,25602,0
29264,25602,0
29265,25602,0
29266,25602,0
29267,25602,0
29268,25602,0
29269,25602,0
29270,25602,0
29271,25602,0
29272,24472,1056
29273,22439,3086
29274,10411,21056
29275,25602,0
29276,25602,0
29277,17727,8602
29278,25602,0
29279,25602,0
29280,25602,0
29281,25602,0
29282,25602,0
29283,25057,504
29284,22115,3426
29285,25602,0
29286,25602,0
29287,25602,0
29288,25602,0
29289,25602,0
29290,25602,0
29291,25602,0
29292,24756,786
29293,16045,10934
29294,24607,928
29295,25602,0
29296,25602,0
29297,25602,0
29298,25602,0
29299,25602,0
29300,15527,11702
29301,25602,0
29302,25602,0
29303,25602,0
29304,25541,56
29305,25602,0
29306,25572,28
29307,25602,0
29308,25602,0
29309,24980,576
29310,25602,0
29311,25084,478
29312,25602,0
29313,24797,748
29314,25550,48
29315,25602,0
29316,25602,0
29317,25602,0
29318,24607,928
29319,25602,0
29320,25576,24
29321,25602,0
29322,25602,0
29323,25602,0
29324,15764,11348
29325,25602,0
29326,25602,0
29327,25151,416
29328,25602,0
29329,25602,0
29330,24642,894
29331,24875,674
29332,25602,0
29333,25602,0
29334,25602,0
29335,25602,0
29336,25602,0
29337,25602,0
29338,25602,0
29339,25602,0
29340,25602,0
29341,25602,0
29342,25602,0
29343,25602,0
29344,25602,0
29345,25521,74
29346,25602,0
29347,25602,0
29348,25602,0
29349,24194,1324
29350,23000,2508
29351,25602,0
29352,20108,5652
29353,25602,0
29354,25519,76
29355,25602,0
29356,25602,0
29357,25602,0
29358,25602,0
29359,25602,0
29360,25602,0
29361,22765,2748
29362,25602,0
29363,25602,0
29364,25602,0
29365,25602,0
29366,25602,0
29367,25602,0
29368,25602,0
29369,25602,0
29370,25602,0
29371,23457,2048
29372,25602,0
29373,25602,0
29374,25602,0
29375,8258,26476
29376,25602,0
29377,25602,0
29378,24462,1066
29379,25541,56
29380,25602,0
29381,25031,528
29382,25602,0
29383,23293,2212
29384,25602,0
29385,25602,0
29386,25602,0
29387,25602,0
29388,25602,0
29389,25602,0
29390,25602,0
29391,25602,0
29392,25602,0
29393,25602,0
29394,25602,0
29395,23409,2096
29396,25602,0
29397,25576,24
29398,25576,24
29399,25602,0
29400,25602,0
29401,25467,124
29402,25602,0
29403,25065,496
29404,25576,24
29405,25602,0
29406,24928,624
29407,25010,548
29408,24064,1450
29409,25602,0
29410,25602,0
29411,25602,0
29412,25602,0
29413,25602,0
29414,25089,474
29415,25602,0
29416,25138,428
29417,25602,0
29418,25602,0
29419,25602,0
29420,25602,0
29421,25602,0
29422,24206,1312
29423,24399,1126
29424,25602,0
29425,24765,778
29426,25602,0
29427,25602,0
29428,25602,0
29429,25602,0
29430,20309,5420
29431,24017,1496
29432,25602,0
29433,25602,0
29434,25602,0
29435,25142,424
29436,23733,1774
29437,25602,0
29438,25602,0
29439,25602,0
29440,25572,28
29441,25602,0
29442,23381,2124
29443,25602,0
29444,25602,0
29445,25602,0
29446,25602,0
29447,25602,0
29448,25602,0
29449,25602,0
29450,25602,0
29451,25602,0
29452,24196,1322
29453,25602,0
29454,25602,0
29455,25602,0
29456,25572,28
29457,25602,0
29458,25602,0
29459,25602,0
29460,25602,0
29461,25441,148
29462,25602,0
29463,25602,0
29464,25572,28
29465,24982,574
29466,25602,0
29467,25602,0
29468,25602,0
29469,22349,3180
29470,25602,0
29471,25602,0
29472,25602,0
29473,25602,0
29474,25602,0
29475,25602,0
29476,23527,1978
29477,25602,0
29478,22680,2836
29479,25576,24
29480,25489,104
29481,25602,0
29482,25602,0
29483,25602,0
29484,270,106548
29485,25602,0
29486,25497,96
29487,25602,0
29488,23658,1848
29489,25602,0
29490,22595,2924
29491,25602,0
29492,25602,0
29493,25602,0
29494,25602,0
29495,25602,0
29496,25602,0
29497,25602,0
29498,22431,3094
29499,25138,428
29500,25602,0
29501,25576,24
29502,22364,3164
29503,25602,0
29504,25602,0
29505,2422,55182
29506,25441,148
29507,25467,124
29508,25602,0
29509,25602,0
29510,25532,64
29511,25602,0
29512,25602,0
29513,25162,406
29514,25602,0
29515,23729,1778
29516,23853,1656
29517,23835,1674
29518,24822,724
29519,25515,80
29520,25602,0
29521,25602,0
29522,25602,0
29523,25602,0
29524,25602,0
29525,24091,1424
29526,24670,868
29527,25602,0
29528,25602,0
29529,25602,0
29530,25602,0
29531,25602,0
29532,25602,0
29533,25602,0
29534,19983,5798
29535,25602,0
29536,25315,264
29537,25576,24
29538,25602,0
29539,25602,0
29540,25602,0
29541,25602,0
29542,24924,628
29543,25602,0
29544,25602,0
29545,25602,0
29546,25550,48
29547,25576,24
29548,25602,0
29549,25510,84
29550,25602,0
29551,23976,1536
29552,23676,1830
29553,25602,0
29554,25602,0
29555,25602,0
29556,25602,0
29557,25602,0
29558,25602,0
29559,25513,82
29560,25576,24
29561,25602,0
29562,25515,80
29563,25602,0
29564,25602,0
29565,24607,928
29566,25602,0
29567,25602,0
29568,25467,124
29569,25602,0
29570,25602,0
29571,25602,0
29572,25602,0
29573,24995,562
29574,25602,0
29575,25602,0
29576,25035,524
29577,25602,0
29578,25602,0
29579,25602,0
29580,25602,0
29581,25602,0
29582,25541,56
29583,25572,28
29584,25358,224
29585,25602,0
29586,25602,0
29587,25602,0
29588,25602,0
29589,25602,0
29590,25602,0
29591,23083,2424
29592,25602,0
29593,25602,0
29594,25602,0
29595,25602,0
29596,25602,0
29597,25602,0
29598,25458,132
29599,21491,4096
29600,25602,0
29601,25576,24
29602,25602,0
29603,25602,0
29604,22477,3046
29605,25602,0
29606,25602,0
29607,25602,0
29608,25602,0
29609,24982,574
29610,25602,0
29611,25602,0
29612,24239,1280
29613,25602,0
29614,25602,0
29615,25010,548
29616,25602,0
29617,25602,0
29618,25602,0
29619,24822,724
29620,25602,0
29621,25602,0
29622,25602,0
29623,25602,0
29624,24693,846
29625,25602,0
29626,25149,418
29627,25602,0
29628,25602,0
29629,25602,0
29630,25602,0
29631,25602,0
29632,25602,0
29633,14743,12914
29634,25302,276
29635,24210,1308
29636,25576,24
29637,25602,0
29638,25602,0
29639,25602,0
29640,25602,0
29641,25572,28
29642,24297,1224
29643,25602,0
29644,25602,0
29645,25602,0
29646,25602,0
29647,13472,15024
29648,25550,48
29649,25602,0
29650,25576,24
29651,25602,0
29652,25572,28
29653,25602,0
29654,25602,0
29655,25602,0
29656,25602,0
29657,25602,0
29658,24716,824
29659,24928,624
29660,24535,996
29661,25602,0
29662,25602,0
29663,25576,24
29664,25602,0
29665,25602,0
29666,23441,2064
29667,25142,424
29668,25602,0
29669,25602,0
29670,25602,0
29671,25602,0
29672,25602,0
29673,25602,0
29674,25602,0
29675,25602,0
29676,25602,0
29677,25602,0
29678,25602,0
29679,25572,28
29680,25602,0
29681,25602,0
29682,25602,0
29683,25602,0
29684,23561,1944
29685,25497,96
29686,25602,0
29687,24977,578
29688,25602,0
29689,25391,194
29690,25602,0
29691,25602,0
29692,25602,0
29693,25602,0
29694,25602,0
29695,25602,0
29696,25576,24
29697,25602,0
29698,10073,21828
29699,25602,0
29700,25602,0
29701,19907,5888
29702,25602,0
29703,24818,728
29704,25563,36
29705,25602,0
29706,25602,0
29707,25602,0
29708,25602,0
29709,25602,0
29710,25602,0
29711,25602,0
29712,25602,0
29713,25602,0
29714,25602,0
29715,24142,1374
29716,25602,0
29717,25602,0
29718,25602,0
29719,25602,0
29720,25602,0
29721,22631,2886
29722,25602,0
29723,25602,0
29724,25196,374
29725,23963,1548
29726,25602,0
29727,25602,0
29728,25602,0
29729,21957,3594
29730,25602,0
29731,25602,0
29732,25602,0
29733,25602,0
29734,25602,0
29735,25602,0
29736,25602,0
29737,24977,578
29738,25602,0
29739,25602,0
29740,20260,5476
29741,25602,0
29742,25602,0
29743,25602,0
29744,25602,0
29745,25602,0
29746,25602,0
29747,25602,0
29748,25602,0
29749,25602,0
29750,25602,0
29751,25250,324
29752,25602,0
29753,25572,28
29754,25602,0
29755,25602,0
29756,25563,36
29757,25572,28
29758,23079,2428
29759,25602,0
29760,25602,0
29761,22789,2724
29762,25602,0
29763,25602,0
29764,24431,1096
29765,25602,0
29766,24485,1044
29767,25602,0
29768,25602,0
29769,25602,0
29770,24525,1006
29771,25602,0
29772,18857,7156
29773,8631,25444
29774,23345,2160
29775,25602,0
29776,25602,0
29777,23828,1680
29778,25602,0
29779,25602,0
29780,25142,424
29781,25602,0
29782,25602,0
29783,25602,0
29784,25602,0
29785,25602,0
29786,25602,0
29787,25602,0
29788,22119,3422
29789,25602,0
29790,25517,78
29791,25602,0
29792,25550,48
29793,25602,0
29794,25602,0
29795,25602,0
29796,25602,0
29797,25602,0
29798,25602,0
29799,25602,0
29800,25602,0
29801,25572,28
29802,25602,0
29803,25602,0
29804,25602,0
29805,25534,62
29806,25602,0
29807,25602,0
29808,25602,0
29809,25550,48
29810,25602,0
29811,25576,24
29812,25602,0
29813,25602,0
29814,25602,0
29815,25602,0
29816,25436,152
29817,25602,0
29818,25602,0
29819,25602,0
29820,25602,0
29821,25602,0
29822,25324,256
29823,25602,0
29824,23963,1548
29825,23904,1606
29826,24682,856
29827,25602,0
29828,25602,0
29829,25602,0
29830,25602,0
29831,25602,0
29832,25602,0
29833,25602,0
29834,25602,0
29835,25602,0
29836,25572,28
29837,25602,0
29838,25602,0
29839,25602,0
29840,25602,0
29841,25602,0
29842,25602,0
29843,25602,0
29844,25602,0
29845,25563,36
29846,25602,0
29847,25300,278
29848,25602,0
29849,25602,0
29850,24039,1474
29851,24401,1124
29852,25572,28
29853,25602,0
29854,25602,0
29855,24788,756
29856,20557,5136
29857,25502,92
29858,25576,24
29859,25602,0
29860,25602,0
29861,25519,76
29862,25602,0
29863,25602,0
29864,25602,0
29865,25602,0
29866,25602,0
29867,8712,25224
29868,25602,0
29869,25602,0
29870,25602,0
29871,25602,0
29872,25602,0
29873,25572,28
29874,25563,36
29875,25602,0
29876,25602,0
29877,25602,0
29878,25602,0
29879,22487,3036
29880,25602,0
29881,25602,0
29882,21205,4410
29883,24858,690
29884,25602,0
29885,25602,0
29886,25602,0
29887,25602,0
29888,24506,1024
29889,25602,0
29890,25602,0
29891,25602,0
29892,25602,0
29893,25602,0
29894,25602,0
29895,25602,0
29896,25602,0
29897,24710,830
29898,25602,0
29899,25602,0
29900,25602,0
29901,25397,188
29902,25602,0
29903,25602,0
29904,24797,748
29905,25602,0
29906,25602,0
29907,25454,136
29908,25602,0
29909,25572,28
29910,25602,0
29911,25550,48
29912,25602,0
29913,25602,0
29914,25602,0
29915,25602,0
29916,25602,0
29917,24607,928
29918,24664,874
29919,25499,94
29920,21716,3852
29921,25602,0
29922,25602,0
29923,25602,0
29924,25602,0
29925,25563,36
29926,25602,0
29927,25602,0
29928,22362,3166
29929,25563,36
29930,25358,224
29931,25602,0
29932,25602,0
29933,25602,0
29934,25602,0
29935,25602,0
29936,25602,0
29937,25550,48
29938,25602,0
29939,25250,324
29940,24812,734
29941,25602,0
29942,22947,2562
29943,23045,2462
29944,25602,0
29945,25602,0
29946,25602,0
29947,25602,0
29948,25602,0
29949,25602,0
29950,25563,36
29951,18832,7186
29952,25602,0
29953,25175,394
29954,25602,0
29955,25602,0
29956,24506,1024
29957,25602,0
29958,25602,0
29959,25602,0
29960,25563,36
29961,25602,0
29962,25602,0
29963,25517,78
29964,25602,0
29965,25576,24
29966,25602,0
29967,25602,0
29968,25602,0
29969,25602,0
29970,25602,0
29971,25602,0
29972,25602,0
29973,25248,326
29974,25121,444
29975,25602,0
29976,25515,80
29977,25602,0
29978,25602,0
29979,25602,0
29980,25602,0
29981,25602,0
29982,25602,0
29983,25602,0
29984,25602,0
29985,25602,0
29986,25602,0
29987,25602,0
29988,25602,0
29989,25602,0
29990,25306,272
29991,23461,2044
29992,25602,0
29993,23988,1524
29994,25602,0
29995,25602,0
29996,25602,0
29997,25602,0
29998,19126,6824
29999,25602,0
30000,25602,0
30001,25602,0
30002,25602,0
30003,25602,0
30004,23427,2078
30005,25602,0
30006,24039,1474
30007,25602,0
30008,25602,0
30009,25602,0
30010,25602,0
30011,25229,344
30012,25602,0
30013,25602,0
30014,25412,174
30015,25602,0
30016,25602,0
30017,25602,0
30018,25602,0
30019,25602,0
30020,25602,0
30021,25602,0
30022,23881,1628
30023,25602,0
30024,25602,0
30025,25602,0
30026,25497,96
30027,25602,0
30028,23233,2272
30029,25602,0
30030,25602,0
30031,25602,0
30032,25497,96
30033,25534,62
30034,25576,24
30035,25142,424
30036,25602,0
30037,25602,0
30038,25602,0
30039,25550,48
30040,25602,0
30041,25602,0
30042,25602,0
30043,25602,0
30044,25354,228
30045,25602,0
30046,25602,0
30047,25250,324
30048,25545,52
30049,25602,0
30050,25602,0
30051,25602,0
30052,25572,28
30053,25602,0
30054,25010,548
30055,20567,5124
30056,25602,0
30057,25602,0
30058,25602,0
30059,25602,0
30060,25602,0
30061,25602,0
30062,25602,0
30063,25602,0
30064,25602,0
30065,25602,0
30066,25480,112
30067,25563,36
30068,25332,248
30069,25602,0
30070,25576,24
30071,25602,0
30072,25602,0
30073,25602,0
30074,21865,3692
30075,25602,0
30076,25602,0
30077,25602,0
30078,25602,0
30079,25602,0
30080,25602,0
30081,25602,0
30082,25602,0
30083,25602,0
30084,25576,24
30085,25602,0
30086,25550,48
30087,25550,48
30088,25602,0
30089,25602,0
30090,25602,0
30091,25602,0
30092,25602,0
30093,25602,0
30094,25510,84
30095,25602,0
30096,25602,0
30097,25602,0
30098,25602,0
30099,25602,0
30100,25602,0
30101,25602,0
30102,25602,0
30103,25602,0
30104,25602,0
30105,25602,0
30106,25602,0
30107,25602,0
30108,25602,0
30109,25602,0
30110,25602,0
30111,25602,0
30112,25602,0
30113,25207,364
30114,25576,24
30115,25602,0
30116,25602,0
30117,25602,0
30118,25602,0
30119,25602,0
30120,25602,0
30121,25602,0
30122,25602,0
30123,25602,0
30124,24611,924
30125,25602,0
30126,25602,0
30127,22661,2856
30128,25250,324
30129,24862,686
30130,25572,28
30131,25602,0
30132,25602,0
30133,25602,0
30134,25602,0
30135,25602,0
30136,25602,0
30137,25602,0
30138,25602,0
30139,25602,0
30140,25602,0
30141,25602,0
30142,25602,0
30143,25602,0
30144,25602,0
30145,22973,2536
30146,25602,0
30147,25602,0
30148,25602,0
30149,25602,0
30150,25602,0
30151,25602,0
30152,25602,0
30153,25602,0
30154,25602,0
30155,19868,5934
30156,25602,0
30157,24988,568
30158,25576,24
30159,25602,0
30160,25602,0
30161,25602,0
30162,25602,0
30163,25602,0
30164,25602,0
30165,25602,0
30166,25602,0
30167,25572,28
30168,25602,0
30169,25602,0
30170,10283,21344
30171,25602,0
30172,25602,0
30173,25602,0
30174,25602,0
30175,25602,0
30176,24903,648
30177,25602,0
30178,25035,524
30179,25602,0
30180,25602,0
30181,25602,0
30182,25602,0
30183,25602,0
30184,25602,0
30185,25602,0
30186,25602,0
30187,25602,0
30188,25602,0
30189,25508,86
30190,25602,0
30191,25602,0
30192,23759,1748
30193,25602,0
30194,25602,0
30195,25602,0
30196,25602,0
30197,25602,0
30198,25602,0
30199,25602,0
30200,25602,0
30201,25602,0
30202,25602,0
30203,24502,1028
30204,25602,0
30205,25602,0
30206,25602,0
30207,25602,0
30208,25602,0
30209,25602,0
30210,25602,0
30211,25602,0
30212,25602,0
30213,24130,1386
30214,25602,0
30215,25224,348
30216,25602,0
30217,25602,0
30218,25602,0
30219,25576,24
30220,25095,468
30221,25602,0
30222,25602,0
30223,25602,0
30224,25602,0
30225,25602,0
30226,25467,124
30227,25602,0
30228,25602,0
30229,25602,0
30230,25602,0
30231,25602,0
30232,25602,0
30233,25602,0
30234,25602,0
30235,25602,0
30236,25602,0
30237,25602,0
30238,25121,444
30239,25602,0
30240,25602,0
30241,25602,0
30242,8074,27004
30243,25602,0
30244,25576,24
30245,25572,28
30246,25602,0
30247,25602,0
30248,25602,0
30249,18831,7188
30250,25602,0
30251,25602,0
30252,25602,0
30253,23033,2474
30254,25602,0
30255,23329,2176
30256,25602,0
30257,25602,0
30258,25602,0
30259,25572,28
30260,25602,0
30261,25602,0
30262,25602,0
30263,25602,0
30264,25602,0
30265,20567,5124
30266,25602,0
30267,25602,0
30268,25602,0
30269,25523,72
30270,25602,0
30271,25602,0
30272,25602,0
30273,25602,0
30274,25602,0
30275,25602,0
30276,25035,524
30277,25602,0
30278,25602,0
30279,25602,0
30280,25602,0
30281,25602,0
30282,25602,0
30283,25602,0
30284,25602,0
30285,25602,0
30286,25602,0
30287,25602,0
30288,25602,0
30289,25602,0
30290,23892,1618
30291,25602,0
30292,25602,0
30293,25602,0
30294,25602,0
30295,25602,0
30296,25513,82
30297,25391,194
30298,25602,0
30299,25602,0
30300,25602,0
30301,25602,0
30302,25602,0
30303,22914,2596
30304,25602,0
30305,25602,0
30306,25602,0
30307,24982,574
30308,25602,0
30309,25576,24
30310,25602,0
30311,25354,228
30312,25462,128
30313,23047,2460
30314,25358,224
30315,25138,428
30316,25602,0
30317,25602,0
30318,24822,724
30319,25602,0
30320,25334,246
30321,25602,0
30322,25572,28
30323,25602,0
30324,25602,0
30325,25602,0
30326,25602,0
30327,25602,0
30328,23059,2448
30329,25602,0
30330,25550,48
30331,25602,0
30332,25602,0
30333,25602,0
30334,25576,24
30335,25602,0
30336,25602,0
30337,25602,0
30338,23509,1996
30339,23759,1748
30340,24066,1448
30341,25576,24
30342,25602,0
30343,20520,5178
30344,25602,0
30345,25602,0
30346,25602,0
30347,25576,24
30348,25602,0
30349,24308,1214
30350,25031,528
30351,25602,0
30352,25602,0
30353,25602,0
30354,25229,344
30355,23557,1948
30356,25602,0
30357,25602,0
30358,25602,0
30359,25602,0
30360,25602,0
30361,25602,0
30362,25602,0
30363,25602,0
30364,25602,0
30365,23008,2500
30366,25602,0
30367,25602,0
30368,25602,0
30369,25602,0
30370,25602,0
30371,25602,0
30372,25602,0
30373,25602,0
30374,25317,262
30375,25602,0
30376,20302,5428
30377,25602,0
30378,25602,0
30379,25602,0
30380,25572,28
30381,16396,10428
30382,24181,1336
30383,25602,0
30384,25602,0
30385,25602,0
30386,25602,0
30387,25602,0
30388,25602,0
30389,25602,0
30390,25602,0
30391,25489,104
30392,25602,0
30393,25602,0
30394,25602,0
30395,25602,0
30396,25602,0
30397,25602,0
30398,25602,0
30399,25602,0
30400,25602,0
30401,25602,0
30402,25602,0
30403,25602,0
30404,25576,24
30405,25602,0
30406,25602,0
30407,25550,48
30408,25117,448
30409,25602,0
30410,25576,24
30411,25602,0
30412,23593,1912
30413,25602,0
30414,25563,36
30415,25602,0
30416,25602,0
30417,24967,588
30418,25602,0
30419,25602,0
30420,25423,164
30421,24704,836
30422,25602,0
30423,23309,2196
30424,25602,0
30425,25576,24
30426,16425,10386
30427,25602,0
30428,25602,0
30429,25576,24
30430,25354,228
30431,25602,0
30432,23039,2468
30433,25602,0
30434,22212,3324
30435,25602,0
30436,25602,0
30437,25602,0
30438,25602,0
30439,25602,0
30440,25602,0
30441,25602,0
30442,25550,48
30443,25602,0
30444,25602,0
30445,25602,0
30446,25602,0
30447,25602,0
30448,25602,0
30449,25602,0
30450,25602,0
30451,23873,1636
30452,25602,0
30453,25602,0
30454,25602,0
30455,25602,0
30456,25602,0
30457,25602,0
30458,15465,11796
30459,24015,1498
30460,25602,0
30461,25602,0
30462,25602,0
30463,25602,0
30464,25576,24
30465,25576,24
30466,25602,0
30467,25602,0
30468,25602,0
30469,25602,0
30470,25602,0
30471,25602,0
30472,25602,0
30473,25602,0
30474,25602,0
30475,25602,0
30476,25602,0
30477,25602,0
30478,24161,1356
30479,25602,0
30480,25523,72
30481,25602,0
30482,24611,924
30483,24241,1278
30484,25602,0
30485,25602,0
30486,25602,0
30487,25602,0
30488,25602,0
30489,25602,0
30490,25602,0
30491,25602,0
30492,25602,0
30493,25602,0
30494,25602,0
30495,25602,0
30496,25250,324
30497,25572,28
30498,25602,0
30499,25602,0
30500,25602,0
30501,25602,0
30502,25602,0
30503,25602,0
30504,25602,0
30505,25602,0
30506,25510,84
30507,15053,12428
30508,25602,0
30509,25602,0
30510,25602,0
30511,25602,0
30512,25602,0
30513,25602,0
30514,25602,0
30515,25602,0
30516,25515,80
30517,25602,0
30518,25602,0
30519,25602,0
30520,25602,0
30521,25602,0
30522,25602,0
30523,25602,0
30524,25602,0
30525,25602,0
30526,25602,0
30527,24818,728
30528,25602,0
30529,25602,0
30530,25602,0
30531,25602,0
30532,25602,0
30533,20678,4998
30534,25602,0
30535,25602,0
30536,21065,4564
30537,25554,44
30538,25602,0
30539,25602,0
30540,25393,192
30541,23489,2016
30542,23739,1768
30543,25602,0
30544,25602,0
30545,25602,0
30546,25602,0
30547,25602,0
30548,25602,0
30549,24905,646
30550,25602,0
30551,25602,0
30552,25602,0
30553,25602,0
30554,25602,0
30555,25510,84
30556,25602,0
30557,25602,0
30558,25602,0
30559,25602,0
30560,25602,0
30561,20281,5452
30562,25602,0
30563,25602,0
30564,25602,0
30565,25354,228
30566,25602,0
30567,25462,128
30568,25602,0
30569,25332,248
30570,25602,0
30571,25602,0
30572,23289,2216
30573,25602,0
30574,25602,0
30575,25602,0
30576,25602,0
30577,25602,0
30578,25602,0
30579,25089,474
30580,25602,0
30581,24890,660
30582,25602,0
30583,25602,0
30584,25602,0
30585,25602,0
30586,25572,28
30587,25602,0
30588,25602,0
30589,25602,0
30590,7939,27398
30591,25602,0
30592,22353,3176
30593,24508,1022
30594,25602,0
30595,25602,0
30596,25602,0
30597,25602,0
30598,8909,24702
30599,25602,0
30600,25602,0
30601,25602,0
30602,25602,0
30603,25602,0
30604,24924,628
30605,25602,0
30606,25602,0
30607,25602,0
30608,23381,2124
30609,25563,36
30610,25602,0
30611,25602,0
30612,25602,0
30613,25602,0
30614,25602,0
30615,20715,4956
30616,25602,0
30617,25602,0
30618,14994,12520
30619,25602,0
30620,25602,0
30621,24194,1324
30622,24928,624
30623,25602,0
30624,25602,0
30625,23457,2048
30626,25035,524
30627,25602,0
30628,25602,0
30629,25602,0
30630,25602,0
30631,25467,124
30632,25602,0
30633,25282,294
30634,25602,0
30635,7916,27468
30636,25602,0
30637,25537,60
30638,18071,8152
30639,25602,0
30640,25014,544
30641,25602,0
30642,25138,428
30643,25602,0
30644,25550,48
30645,25035,524
30646,25602,0
30647,21936,3616
30648,25602,0
30649,25602,0
30650,25602,0
30651,25550,48
30652,25572,28
30653,23778,1730
30654,25602,0
30655,25602,0
30656,25602,0
30657,25602,0
30658,21150,4470
30659,25602,0
30660,25602,0
30661,25602,0
30662,25602,0
30663,25602,0
30664,25014,544
30665,25602,0
30666,25602,0
30667,25602,0
30668,24924,628
30669,25602,0
30670,24797,748
30671,15768,11342
30672,25602,0
30673,25602,0
30674,25602,0
30675,25602,0
30676,25602,0
30677,25602,0
30678,25602,0
30679,25602,0
30680,25602,0
30681,25130,436
30682,25602,0
30683,23063,2444
30684,25602,0
30685,25602,0
30686,25602,0
30687,25602,0
30688,19284,6632
30689,23869,1640
30690,25602,0
30691,24185,1332
30692,25602,0
30693,25602,0
30694,25602,0
30695,25602,0
30696,25602,0
30697,25602,0
30698,25121,444
30699,25602,0
30700,20245,5494
30701,25602,0
30702,25602,0
30703,19116,6836
30704,24506,1024
30705,23158,2348
30706,25602,0
30707,25602,0
30708,25602,0
30709,25602,0
30710,21557,4024
30711,25602,0
30712,25602,0
30713,25519,76
30714,25602,0
30715,25602,0
30716,25602,0
30717,25602,0
30718,25602,0
30719,25602,0
30720,25602,0
30721,25602,0
30722,25602,0
30723,21387,4210
30724,25602,0
30725,25458,132
30726,25602,0
30727,25602,0
30728,25602,0
30729,25602,0
30730,25602,0
30731,25602,0
30732,25602,0
30733,25550,48
30734,25545,52
30735,25602,0
30736,25602,0
30737,25521,74
30738,24933,620
30739,25602,0
30740,25602,0
30741,25602,0
30742,22606,2912
30743,25602,0
30744,20922,4724
30745,25602,0
30746,25602,0
30747,25602,0
30748,25602,0
30749,25602,0
30750,25602,0
30751,23297,2208
30752,25602,0
30753,19175,6764
30754,25602,0
30755,25602,0
30756,25602,0
30757,18776,7256
30758,25602,0
30759,25602,0
30760,25602,0
30761,25602,0
30762,25602,0
30763,25602,0
30764,24506,1024
30765,25602,0
30766,25602,0
30767,25602,0
30768,25602,0
30769,25602,0
30770,24971,584
30771,25602,0
30772,25534,62
30773,25602,0
30774,25602,0
30775,25602,0
30776,25602,0
30777,25454,136
30778,20804,4856
30779,23231,2274
30780,25521,74
30781,25602,0
30782,25602,0
30783,24672,866
30784,25602,0
30785,25602,0
30786,25602,0
30787,25602,0
30788,25602,0
30789,25602,0
30790,25602,0
30791,25602,0
30792,25602,0
30793,25602,0
30794,25602,0
30795,25602,0
30796,25602,0
30797,25602,0
30798,25602,0
30799,25602,0
30800,25602,0
30801,25602,0
30802,25602,0
30803,25602,0
30804,25602,0
30805,25602,0
30806,25419,168
30807,25602,0
30808,24716,824
30809,25602,0
30810,25602,0
30811,22633,2884
30812,25602,0
30813,25602,0
30814,25602,0
30815,25572,28
30816,25602,0
30817,22980,2528
30818,20820,4838
30819,25602,0
30820,25341,240
30821,25602,0
30822,25602,0
30823,25602,0
30824,25602,0
30825,25602,0
30826,25602,0
30827,25602,0
30828,25602,0
30829,25602,0
30830,25602,0
30831,24506,1024
30832,21724,3844
30833,25052,508
30834,25602,0
30835,25412,174
30836,25602,0
30837,25602,0
30838,25602,0
30839,25602,0
30840,25602,0
30841,25602,0
30842,25554,44
30843,25602,0
30844,25545,52
30845,25602,0
30846,25602,0
30847,25602,0
30848,25602,0
30849,24611,924
30850,25602,0
30851,25576,24
30852,25602,0
30853,25602,0
30854,25031,528
30855,25602,0
30856,25602,0
30857,25602,0
30858,25602,0
30859,25602,0
30860,25602,0
30861,25602,0
30862,25602,0
30863,25602,0
30864,25602,0
30865,25602,0
30866,25602,0
30867,25602,0
30868,25044,516
30869,25432,156
30870,25602,0
30871,25602,0
30872,25521,74
30873,25602,0
30874,25602,0
30875,25602,0
30876,25602,0
30877,25602,0
30878,25602,0
30879,25602,0
30880,25602,0
30881,16085,10876
30882,25602,0
30883,25602,0
30884,25550,48
30885,25576,24
30886,25602,0
30887,25391,194
30888,24297,1224
30889,25602,0
30890,25391,194
30891,25602,0
30892,25550,48
30893,25602,0
30894,25602,0
30895,25602,0
30896,25602,0
30897,25602,0
30898,25190,380
30899,25602,0
30900,25602,0
30901,25602,0
30902,25602,0
30903,24445,1082
30904,25602,0
30905,23557,1948
30906,24899,652
30907,25602,0
30908,25602,0
30909,25602,0
30910,25602,0
30911,25602,0
30912,25602,0
30913,25602,0
30914,25541,56
30915,24969,586
30916,23281,2224
30917,25602,0
30918,25602,0
30919,25602,0
30920,25602,0
30921,25602,0
30922,25563,36
30923,20120,5638
30924,25499,94
30925,25602,0
30926,25602,0
30927,25602,0
30928,25602,0
30929,25602,0
30930,25602,0
30931,25602,0
30932,25602,0
30933,25602,0
30934,25602,0
30935,25602,0
30936,25602,0
30937,25576,24
30938,25084,478
30939,22886,2624
30940,25602,0
30941,25602,0
30942,25063,498
30943,25602,0
30944,25602,0
30945,25602,0
30946,25602,0
30947,25602,0
30948,25142,424
30949,25602,0
30950,25602,0
30951,25602,0
30952,25602,0
30953,25602,0
30954,25602,0
30955,25224,348
30956,24506,1024
30957,25497,96
30958,25572,28
30959,25602,0
30960,25602,0
30961,25550,48
30962,25602,0
30963,24807,738
30964,25119,446
30965,25602,0
30966,25602,0
30967,24264,1256
30968,25095,468
30969,25602,0
30970,25602,0
30971,25602,0
30972,25572,28
30973,25602,0
30974,25602,0
30975,25602,0
30976,23182,2324
30977,25576,24
30978,19497,6374
30979,25602,0
30980,25602,0
30981,23628,1878
30982,25602,0
30983,25602,0
30984,25602,0
30985,25602,0
30986,25602,0
30987,25602,0
30988,25602,0
30989,25602,0
30990,25602,0
30991,25602,0
30992,25602,0
30993,25602,0
30994,25602,0
30995,25576,24
30996,25602,0
30997,25436,152
30998,25602,0
30999,25602,0
31000,25602,0
31001,25602,0
31002,24769,774
31003,25602,0
31004,15307,12036
31005,23806,1702
31006,25602,0
31007,25602,0
31008,25602,0
31009,24712,828
31010,25602,0
31011,23405,2100
31012,25602,0
31013,25602,0
31014,25602,0
31015,25602,0
31016,25602,0
31017,25602,0
31018,25602,0
31019,25602,0
31020,25602,0
31021,25602,0
31022,25602,0
31023,25602,0
31024,25602,0
31025,25602,0
31026,25602,0
31027,25576,24
31028,25550,48
31029,25602,0
31030,25602,0
31031,25602,0
31032,25602,0
31033,25602,0
31034,19976,5806
31035,24351,1172
31036,19958,5828
31037,25602,0
31038,25602,0
31039,25602,0
31040,25602,0
31041,24888,662
31042,25602,0
31043,25602,0
31044,25602,0
31045,23158,2348
31046,25576,24
31047,25602,0
31048,25602,0
31049,25602,0
31050,22164,3374
31051,25602,0
31052,25602,0
31053,25602,0
31054,25602,0
31055,25602,0
31056,25602,0
31057,25602,0
31058,25602,0
31059,25602,0
31060,25550,48
31061,25602,0
31062,25602,0
31063,8225,26572
31064,25572,28
31065,25602,0
31066,25602,0
31067,24619,916
31068,25602,0
31069,25602,0
31070,25602,0
31071,25035,524
31072,25602,0
31073,25602,0
31074,25602,0
31075,24045,1468
31076,25602,0
31077,25602,0
31078,25602,0
31079,25393,192
31080,25602,0
31081,25572,28
31082,25602,0
31083,25602,0
31084,25602,0
31085,25602,0
31086,25602,0
31087,25576,24
31088,25602,0
31089,25602,0
31090,25602,0
31091,25602,0
31092,25602,0
31093,25602,0
31094,25602,0
31095,25602,0
31096,25602,0
31097,25602,0
31098,25602,0
31099,25576,24
31100,24527,1004
31101,25602,0
31102,25480,112
31103,24822,724
31104,25602,0
31105,25602,0
31106,25602,0
31107,25602,0
31108,25602,0
31109,25602,0
31110,25602,0
31111,25602,0
31112,25602,0
31113,25602,0
31114,25035,524
31115,25576,24
31116,25602,0
31117,25602,0
31118,25602,0
31119,25602,0
31120,25035,524
31121,25602,0
31122,25117,448
31123,25602,0
31124,21524,4060
31125,25602,0
31126,25602,0
31127,25602,0
31128,25602,0
31129,25602,0
31130,25602,0
31131,25602,0
31132,25602,0
31133,25445,144
31134,25602,0
31135,25602,0
31136,25602,0
31137,25602,0
31138,24877,672
31139,25602,0
31140,25602,0
31141,23030,2478
31142,25602,0
31143,25602,0
31144,25602,0
31145,25563,36
31146,25602,0
31147,25602,0
31148,25602,0
31149,25554,44
31150,25602,0
31151,25602,0
31152,25602,0
31153,25602,0
31154,25602,0
31155,25602,0
31156,25602,0
31157,25054,506
31158,25602,0
31159,25602,0
31160,15089,12372
31161,25602,0
31162,25602,0
31163,25602,0
31164,25602,0
31165,25602,0
31166,25602,0
31167,25602,0
31168,25602,0
31169,25117,448
31170,25602,0
31171,25602,0
31172,25602,0
31173,25602,0
31174,25602,0
31175,24506,1024
31176,14785,12848
31177,25576,24
31178,25576,24
31179,25602,0
31180,25602,0
31181,25602,0
31182,25602,0
31183,25602,0
31184,25602,0
31185,25576,24
31186,25602,0
31187,25602,0
31188,25602,0
31189,23607,1898
31190,25602,0
31191,25602,0
31192,25602,0
31193,25602,0
31194,24523,1008
31195,23861,1648
31196,25602,0
31197,22818,2694
31198,25602,0
31199,25510,84
31200,25602,0
31201,25602,0
31202,25602,0
31203,25602,0
31204,25602,0
31205,25602,0
31206,25602,0
31207,25358,224
31208,25602,0
31209,25576,24
31210,25602,0
31211,22049,3496
31212,25602,0
31213,25602,0
31214,24472,1056
31215,17981,8268
31216,25602,0
31217,25602,0
31218,25602,0
31219,25541,56
31220,8230,26556
31221,25602,0
31222,25602,0
31223,25572,28
31224,25138,428
31225,24958,596
31226,25602,0
31227,25602,0
31228,25602,0
31229,25508,86
31230,25602,0
31231,25532,64
31232,25602,0
31233,25602,0
31234,25602,0
31235,25602,0
31236,25576,24
31237,25602,0
31238,25602,0
31239,25602,0
31240,25602,0
31241,25602,0
31242,25602,0
31243,23361,2144
31244,25602,0
31245,25541,56
31246,25602,0
31247,25602,0
31248,25602,0
31249,25602,0
31250,25602,0
31251,25572,28
31252,25572,28
31253,25602,0
31254,25602,0
31255,25001,556
31256,25602,0
31257,25602,0
31258,23032,2476
31259,25602,0
31260,21727,3840
31261,25602,0
31262,25602,0
31263,25358,224
31264,25602,0
31265,25602,0
31266,17014,9562
31267,25602,0
31268,25602,0
31269,25602,0
31270,25602,0
31271,22647,2870
31272,25602,0
31273,25602,0
31274,25602,0
31275,25602,0
31276,25602,0
31277,25602,0
31278,25602,0
31279,25602,0
31280,25602,0
31281,25602,0
31282,25602,0
31283,24017,1496
31284,25602,0
31285,25602,0
31286,25602,0
31287,25602,0
31288,25602,0
31289,25602,0
31290,25602,0
31291,25602,0
31292,25602,0
31293,25304,274
31294,25602,0
31295,25602,0
31296,25337,244
31297,25142,424
31298,25576,24
31299,25602,0
31300,25602,0
31301,25602,0
31302,25602,0
31303,25602,0
31304,25602,0
31305,25602,0
31306,25602,0
31307,25602,0
31308,22988,2520
31309,25602,0
31310,25602,0
31311,25602,0
31312,25602,0
31313,25602,0
31314,25602,0
31315,25602,0
31316,25602,0
31317,25602,0
31318,25602,0
31319,25602,0
31320,25602,0
31321,25602,0
31322,25089,474
31323,25602,0
31324,25602,0
31325,25602,0
31326,25602,0
31327,25602,0
31328,25576,24
31329,24956,598
31330,25602,0
31331,25602,0
31332,25602,0
31333,25602,0
31334,25602,0
31335,25519,76
31336,25304,274
31337,25602,0
31338,22495,3028
31339,25602,0
31340,25602,0
31341,25089,474
31342,25602,0
31343,25602,0
31344,25602,0
31345,25523,72
31346,25515,80
31347,25602,0
31348,25602,0
31349,20539,5156
31350,25602,0
31351,25602,0
31352,25602,0
31353,25602,0
31354,25602,0
31355,25602,0
31356,25602,0
31357,25602,0
31358,25602,0
31359,25602,0
31360,25358,224
31361,25602,0
31362,25602,0
31363,25602,0
31364,25089,474
31365,25602,0
31366,25602,0
31367,25602,0
31368,25602,0
31369,25602,0
31370,25602,0
31371,25602,0
31372,24980,576
31373,25602,0
31374,25602,0
31375,21993,3556
31376,25084,478
31377,25521,74
31378,25602,0
31379,25602,0
31380,25602,0
31381,25602,0
31382,25602,0
31383,25602,0
31384,8241,26524
31385,25602,0
31386,24360,1164
31387,25602,0
31388,25602,0
31389,22595,2924
31390,25602,0
31391,25602,0
31392,25602,0
31393,25602,0
31394,23861,1648
31395,24928,624
31396,25602,0
31397,25602,0
31398,25602,0
31399,25602,0
31400,25602,0
31401,24142,1374
31402,25602,0
31403,25602,0
31404,25602,0
31405,25602,0
31406,25602,0
31407,25563,36
31408,25602,0
31409,25602,0
31410,25035,524
31411,25602,0
31412,25602,0
31413,25454,136
31414,25602,0
31415,25602,0
31416,25602,0
31417,25602,0
31418,25602,0
31419,25602,0
31420,25602,0
31421,25602,0
31422,25602,0
31423,25602,0
31424,25602,0
31425,25602,0
31426,25602,0
31427,25602,0
31428,13837,14398
31429,25602,0
31430,25602,0
31431,25602,0
31432,25550,48
31433,18466,7646
31434,23477,2028
31435,25602,0
31436,25602,0
31437,24841,706
31438,23886,1624
31439,25602,0
31440,25602,0
31441,12651,16496
31442,25563,36
31443,25515,80
31444,25602,0
31445,25465,126
31446,23083,2424
31447,25602,0
31448,25602,0
31449,25602,0
31450,25572,28
31451,25576,24
31452,25602,0
31453,25572,28
31454,25602,0
31455,25602,0
31456,25602,0
31457,25602,0
31458,25602,0
31459,24181,1336
31460,25602,0
31461,25602,0
31462,25602,0
31463,22692,2824
31464,25602,0
31465,25602,0
31466,25602,0
31467,25563,36
31468,25602,0
31469,25602,0
31470,25602,0
31471,25602,0
31472,25602,0
31473,25602,0
31474,25602,0
31475,25602,0
31476,25602,0
31477,23032,2476
31478,25602,0
31479,25602,0
31480,25602,0
31481,25602,0
31482,22387,3140
31483,25037,522
31484,25576,24
31485,25602,0
31486,21080,4548
31487,25177,392
31488,25602,0
31489,25602,0
31490,25203,368
31491,25576,24
31492,25602,0
31493,19454,6426
31494,25399,186
31495,25576,24
31496,25602,0
31497,25602,0
31498,25102,462
31499,25602,0
31500,25602,0
31501,25602,0
31502,25602,0
31503,25576,24
31504,25602,0
31505,25602,0
31506,25602,0
31507,25602,0
31508,25602,0
31509,25602,0
31510,24554,978
31511,24716,824
31512,25602,0
31513,25602,0
31514,18006,8236
31515,25602,0
31516,25602,0
31517,25602,0
31518,25602,0
31519,25602,0
31520,25602,0
31521,15297,12052
31522,25602,0
31523,25602,0
31524,25602,0
31525,25602,0
31526,25572,28
31527,25602,0
31528,25602,0
31529,25602,0
31530,8038,27108
31531,25602,0
31532,25602,0
31533,25602,0
31534,25602,0
31535,25602,0
31536,25602,0
31537,21929,3624
31538,25602,0
31539,25602,0
31540,25602,0
31541,25602,0
31542,25602,0
31543,25602,0
31544,25545,52
31545,25602,0
31546,25602,0
31547,25142,424
31548,25602,0
31549,25324,256
31550,25602,0
31551,2997,50194
31552,25602,0
31553,25602,0
31554,25602,0
31555,25602,0
31556,25550,48
31557,25602,0
31558,25602,0
31559,24481,1048
31560,25576,24
31561,25576,24
31562,25445,144
31563,24926,626
31564,25602,0
31565,25436,152
31566,25602,0
31567,25602,0
31568,22307,3224
31569,25602,0
31570,25602,0
31571,25506,88
31572,25602,0
31573,25602,0
31574,25602,0
31575,25602,0
31576,25602,0
31577,25250,324
31578,25602,0
31579,25602,0
31580,25602,0
31581,25602,0
31582,25602,0
31583,25602,0
31584,25602,0
31585,23886,1624
31586,25170,398
31587,25602,0
31588,25602,0
31589,25358,224
31590,25602,0
31591,25602,0
31592,25602,0
31593,21352,4248
31594,25563,36
31595,25602,0
31596,25602,0
31597,25345,236
31598,25576,24
31599,25602,0
31600,25572,28
31601,25035,524
31602,25576,24
31603,25602,0
31604,25602,0
31605,25602,0
31606,25602,0
31607,25602,0
31608,25602,0
31609,25602,0
31610,25602,0
31611,24504,1026
31612,25602,0
31613,25602,0
31614,25602,0
31615,25602,0
31616,25537,60
31617,25602,0
31618,25602,0
31619,24605,930
31620,25602,0
31621,25602,0
31622,25602,0
31623,24871,678
31624,25602,0
31625,25541,56
31626,25602,0
31627,25602,0
31628,25602,0
31629,25031,528
31630,25602,0
31631,7375,29122
31632,23138,2368
31633,25602,0
31634,25572,28
31635,25602,0
31636,25602,0
31637,25142,424
31638,25602,0
31639,25602,0
31640,25602,0
31641,25602,0
31642,25602,0
31643,25602,0
31644,25602,0
31645,25602,0
31646,25602,0
31647,25602,0
31648,25602,0
31649,25497,96
31650,22898,2612
31651,15614,11572
31652,25602,0
31653,25602,0
31654,25563,36
31655,25602,0
31656,25602,0
31657,25602,0
31658,25602,0
31659,25602,0
31660,18190,7998
31661,25602,0
31662,25602,0
31663,3552,46222
31664,25602,0
31665,25602,0
31666,25602,0
31667,25545,52
31668,25602,0
31669,25486,106
31670,25602,0
31671,25602,0
31672,25602,0
31673,25602,0
31674,25602,0
31675,25602,0
31676,25602,0
31677,25521,74
31678,25602,0
31679,25550,48
31680,24537,994
31681,25602,0
31682,25602,0
31683,25602,0
31684,25602,0
31685,25602,0
31686,25602,0
31687,20480,5224
31688,23079,2428
31689,25602,0
31690,25602,0
31691,25602,0
31692,25602,0
31693,23513,1992
31694,25602,0
31695,25602,0
31696,25602,0
31697,25602,0
31698,24928,624
31699,25602,0
31700,25130,436
31701,25602,0
31702,25602,0
31703,25602,0
31704,25602,0
31705,25602,0
31706,23375,2130
31707,25602,0
31708,25602,0
31709,25602,0
31710,25602,0
31711,25572,28
31712,23043,2464
31713,25602,0
31714,17634,8724
31715,25602,0
31716,25602,0
31717,25602,0
31718,25602,0
31719,25602,0
31720,25602,0
31721,25602,0
31722,25602,0
31723,25602,0
31724,20786,4876
31725,25576,24
31726,25519,76
31727,25602,0
31728,25602,0
31729,25602,0
31730,25282,294
31731,25602,0
31732,25602,0
31733,24831,716
31734,95,131048
31735,25602,0
31736,25602,0
31737,25602,0
31738,25602,0
31739,25602,0
31740,23283,2222
31741,25478,114
31742,25203,368
31743,25602,0
31744,25602,0
31745,25602,0
31746,25602,0
31747,25602,0
31748,25602,0
31749,25467,124
31750,25602,0
31751,25602,0
31752,25602,0
31753,25027,532
31754,24907,644
31755,25602,0
31756,25010,548
31757,25602,0
31758,25602,0
31759,25602,0
31760,24928,624
31761,25602,0
31762,25563,36
31763,25602,0
31764,25602,0
31765,25602,0
31766,25602,0
31767,24926,626
31768,24399,1126
31769,25602,0
31770,25602,0
31771,25602,0
31772,25602,0
31773,25602,0
31774,25602,0
31775,25602,0
31776,25602,0
31777,25602,0
31778,25602,0
31779,25602,0
31780,25602,0
31781,25602,0
31782,22439,3086
31783,24924,628
31784,25602,0
31785,25602,0
31786,25550,48
31787,25602,0
31788,23051,2456
31789,25602,0
31790,24797,748
31791,25602,0
31792,25572,28
31793,23431,2074
31794,25602,0
31795,25602,0
31796,25602,0
31797,25602,0
31798,25602,0
31799,24765,778
31800,25602,0
31801,25358,224
31802,20198,5548
31803,25602,0
31804,25602,0
31805,25602,0
31806,25602,0
31807,25602,0
31808,25014,544
31809,25602,0
31810,22875,2636
31811,25602,0
31812,25602,0
31813,25602,0
31814,7788,27848
31815,25602,0
31816,25602,0
31817,20219,5524
31818,25602,0
31819,25602,0
31820,25602,0
31821,25408,178
31822,25602,0
31823,25602,0
31824,25602,0
31825,25602,0
31826,25602,0
31827,25563,36
31828,25602,0
31829,25493,100
31830,23457,2048
31831,25602,0
31832,24903,648
31833,25121,444
31834,25602,0
31835,23772,1736
31836,25572,28
31837,23996,1516
31838,25602,0
31839,25602,0
31840,23321,2184
31841,25602,0
31842,25602,0
31843,21901,3654
31844,25602,0
31845,25550,48
31846,25602,0
31847,23361,2144
31848,25602,0
31849,25602,0
31850,25602,0
31851,25250,324
31852,25602,0
31853,24843,704
31854,25602,0
31855,25602,0
31856,25572,28
31857,25602,0
31858,25602,0
31859,25602,0
31860,25602,0
31861,25602,0
31862,25576,24
31863,25602,0
31864,25602,0
31865,25602,0
31866,25572,28
31867,25602,0
31868,25602,0
31869,25602,0
31870,25602,0
31871,25602,0
31872,25602,0
31873,25602,0
31874,25602,0
31875,25602,0
31876,22855,2656
31877,25602,0
31878,25602,0
31879,25602,0
31880,25602,0
31881,25576,24
31882,25602,0
31883,24233,1286
31884,25602,0
31885,25057,504
31886,25602,0
31887,25602,0
31888,25602,0
31889,25602,0
31890,24132,1384
31891,25602,0
31892,25029,530
31893,25602,0
31894,25602,0
31895,25602,0
31896,25602,0
31897,25602,0
31898,25602,0
31899,25602,0
31900,25602,0
31901,22643,2874
31902,25602,0
31903,25602,0
31904,25441,148
31905,25517,78
31906,24008,1504
31907,25602,0
31908,25602,0
31909,25602,0
31910,25602,0
31911,25602,0
31912,25602,0
31913,25602,0
31914,25602,0
31915,25550,48
31916,25216,356
31917,25576,24
31918,25602,0
31919,25602,0
31920,2763,52098
31921,25602,0
31922,21011,4624
31923,25602,0
31924,25602,0
31925,25602,0
31926,25497,96
31927,25602,0
31928,25602,0
31929,24716,824
31930,25550,48
31931,25602,0
31932,25521,74
31933,25602,0
31934,25515,80
31935,25602,0
31936,25602,0
31937,22498,3024
31938,25602,0
31939,25602,0
31940,25602,0
31941,25602,0
31942,25602,0
31943,25250,324
31944,21163,4456
31945,25138,428
31946,25602,0
31947,25602,0
31948,23533,1972
31949,25602,0
31950,25602,0
31951,25602,0
31952,25095,468
31953,25602,0
31954,25602,0
31955,25142,424
31956,25572,28
31957,25602,0
31958,25576,24
31959,25602,0
31960,25550,48
31961,25602,0
31962,25602,0
31963,25602,0
31964,24611,924
31965,25602,0
31966,25602,0
31967,25602,0
31968,25602,0
31969,25541,56
31970,25602,0
31971,25602,0
31972,23678,1828
31973,25602,0
31974,25602,0
31975,24554,978
31976,24928,624
31977,25602,0
31978,19668,6170
31979,24664,874
31980,25035,524
31981,25602,0
31982,25602,0
31983,25602,0
31984,25602,0
31985,24611,924
31986,24331,1192
31987,25602,0
31988,25563,36
31989,25602,0
31990,25602,0
31991,25602,0
31992,25602,0
31993,25541,56
31994,23481,2024
31995,23886,1624
31996,25602,0
31997,24586,948
31998,25602,0
31999,25602,0
32000,24850,698
32001,25454,136
32002,25602,0
32003,25602,0
32004,25602,0
32005,25602,0
32006,25572,28
32007,25602,0
32008,25602,0
32009,25519,76
32010,25541,56
32011,25602,0
32012,25602,0
32013,25563,36
32014,25602,0
32015,25602,0
32016,24039,1474
32017,24911,640
32018,25298,280
32019,25061,500
32020,25563,36
32021,18048,8182
32022,25602,0
32023,24744,798
32024,25602,0
32025,25602,0
32026,25602,0
32027,25602,0
32028,25602,0
32029,21495,4092
32030,24828,718
32031,25602,0
32032,25602,0
32033,25602,0
32034,25602,0
32035,25602,0
32036,25602,0
32037,25358,224
32038,25602,0
32039,25602,0
32040,25602,0
32041,25602,0
32042,25602,0
32043,25602,0
32044,25602,0
32045,25602,0
32046,25602,0
32047,25602,0
32048,25602,0
32049,25602,0
32050,25602,0
32051,25602,0
32052,25602,0
32053,25602,0
32054,25602,0
32055,24630,906
32056,25602,0
32057,25602,0
32058,25602,0
32059,25602,0
32060,25602,0
32061,23881,1628
32062,25602,0
32063,25602,0
32064,24049,1464
32065,25495,98
32066,25602,0
32067,25602,0
32068,25602,0
32069,25602,0
32070,25602,0
32071,24928,624
32072,25602,0
32073,25462,128
32074,25602,0
32075,25602,0
32076,25576,24
32077,25602,0
32078,25602,0
32079,24775,768
32080,25602,0
32081,25602,0
32082,25602,0
32083,21361,4238
32084,25224,348
32085,25602,0
32086,25602,0
32087,25602,0
32088,25550,48
32089,25602,0
32090,19961,5824
32091,25602,0
32092,25563,36
32093,25602,0
32094,23733,1774
32095,21802,3760
32096,25602,0
32097,25602,0
32098,24506,1024
32099,25497,96
32100,25602,0
32101,25576,24
32102,25602,0
32103,25602,0
32104,25576,24
32105,25602,0
32106,25602,0
32107,24655,882
32108,25602,0
32109,25602,0
32110,337,101324
32111,25602,0
32112,25602,0
32113,25602,0
32114,25315,264
32115,25602,0
32116,25602,0
32117,25602,0
32118,25572,28
32119,25602,0
32120,25602,0
32121,22672,2844
32122,25602,0
32123,25467,124
32124,25445,144
32125,25602,0
32126,25602,0
32127,25602,0
32128,25602,0
32129,25602,0
32130,25602,0
32131,25602,0
32132,24548,984
32133,24326,1196
32134,25602,0
32135,25602,0
32136,25602,0
32137,25602,0
32138,25602,0
32139,25130,436
32140,25602,0
32141,25602,0
32142,25602,0
32143,25602,0
32144,25602,0
32145,25602,0
32146,25602,0
32147,25602,0
32148,25108,456
32149,25602,0
32150,25602,0
32151,25602,0
32152,25602,0
32153,25495,98
32154,25602,0
32155,23335,2170
32156,18173,8020
32157,25602,0
32158,25602,0
32159,25602,0
32160,25489,104
32161,25602,0
32162,25602,0
32163,25602,0
32164,25602,0
32165,25602,0
32166,25602,0
32167,25523,72
32168,25602,0
32169,25576,24
32170,25602,0
32171,25602,0
32172,25602,0
32173,25602,0
32174,25602,0
32175,25602,0
32176,25602,0
32177,25602,0
32178,25602,0
32179,25602,0
32180,25550,48
32181,25602,0
32182,25576,24
32183,25173,396
32184,25602,0
32185,25515,80
32186,25602,0
32187,25602,0
32188,25602,0
32189,25602,0
32190,25602,0
32191,25602,0
32192,22931,2578
32193,25602,0
32194,25602,0
32195,25246,328
32196,24712,828
32197,24531,1000
32198,25065,496
32199,25602,0
32200,23933,1578
32201,25602,0
32202,25550,48
32203,25412,174
32204,25602,0
32205,25602,0
32206,25602,0
32207,25602,0
32208,25602,0
32209,23711,1796
32210,25602,0
32211,25510,84
32212,25602,0
32213,25602,0
32214,25602,0
32215,25563,36
32216,23162,2344
32217,25138,428
32218,25572,28
32219,25602,0
32220,218,111524
32221,22765,2748
32222,25602,0
32223,25602,0
32224,24462,1066
32225,25602,0
32226,25602,0
32227,25602,0
32228,24928,624
32229,25602,0
32230,25117,448
32231,25515,80
32232,25602,0
32233,25602,0
32234,25602,0
32235,23059,2448
32236,25602,0
32237,25315,264
32238,25602,0
32239,25602,0
32240,25602,0
32241,24502,1028
32242,25602,0
32243,25602,0
32244,25602,0
32245,25602,0
32246,25602,0
32247,25602,0
32248,21740,3826
32249,20252,5486
32250,25602,0
32251,25602,0
32252,25602,0
32253,25602,0
32254,25602,0
32255,25602,0
32256,24223,1296
32257,25602,0
32258,25602,0
32259,25602,0
32260,25602,0
32261,25602,0
32262,25602,0
32263,25602,0
32264,25602,0
32265,23028,2480
32266,25602,0
32267,25602,0
32268,25602,0
32269,25602,0
32270,25602,0
32271,25602,0
32272,25121,444
32273,25602,0
32274,25602,0
32275,25602,0
32276,25602,0
32277,25010,548
32278,25602,0
32279,20425,5286
32280,25602,0
32281,25602,0
32282,25602,0
32283,25602,0
32284,24948,606
32285,22115,3426
32286,25602,0
32287,24285,1236
32288,25602,0
32289,25602,0
32290,25602,0
32291,25602,0
32292,25602,0
32293,25602,0
32294,25602,0
32295,25602,0
32296,25602,0
32297,25602,0
32298,25602,0
32299,22785,2728
32300,25576,24
32301,24759,784
32302,25345,236
32303,25194,376
32304,25602,0
32305,25602,0
32306,25602,0
32307,25602,0
32308,25229,344
32309,23055,2452
32310,25602,0
32311,25602,0
32312,25572,28
32313,25602,0
32314,25602,0
32315,25602,0
32316,25471,120
32317,25602,0
32318,25497,96
32319,25602,0
32320,25602,0
32321,25602,0
32322,25602,0
32323,25602,0
32324,19646,6196
32325,25602,0
32326,25602,0
32327,24297,1224
32328,25602,0
32329,25602,0
32330,25576,24
32331,25602,0
32332,25393,192
32333,25572,28
32334,25602,0
32335,25602,0
32336,25602,0
32337,25602,0
32338,25602,0
32339,25602,0
32340,25602,0
32341,25602,0
32342,25354,228
32343,25602,0
32344,25602,0
32345,25602,0
32346,25576,24
32347,25545,52
32348,25602,0
32349,25602,0
32350,24843,704
32351,25602,0
32352,25497,96
32353,25519,76
32354,25196,374
32355,25250,324
32356,25602,0
32357,25602,0
32358,25602,0
32359,25602,0
32360,25602,0
32361,25602,0
32362,25602,0
32363,25602,0
32364,23289,2216
32365,24886,664
32366,25602,0
32367,25602,0
32368,25602,0
32369,25602,0
32370,25602,0
32371,24928,624
32372,25572,28
32373,25602,0
32374,25602,0
32375,25602,0
32376,25602,0
32377,25602,0
32378,24771,772
32379,25602,0
32380,25602,0
32381,24797,748
32382,25602,0
32383,25602,0
32384,25602,0
32385,25602,0
32386,25602,0
32387,25602,0
32388,21931,3622
32389,25602,0
32390,25563,36
32391,25602,0
32392,25602,0
32393,25550,48
32394,25602,0
32395,25602,0
32396,25602,0
32397,25602,0
32398,22568,2952
32399,25602,0
32400,25602,0
32401,25602,0
32402,25602,0
32403,25602,0
32404,25602,0
32405,25602,0
32406,25602,0
32407,16399,10424
32408,25602,0
32409,25602,0
32410,20811,4848
32411,25602,0
32412,25572,28
32413,18818,7204
32414,25602,0
32415,25602,0
32416,25602,0
32417,25196,374
32418,25602,0
32419,25602,0
32420,25602,0
32421,22789,2724
32422,1902,60836
32423,25602,0
32424,25267,308
32425,25602,0
32426,25332,248
32427,25602,0
32428,25602,0
32429,24239,1280
32430,25602,0
32431,25031,528
32432,25602,0
32433,23197,2308
32434,25602,0
32435,25602,0
32436,25602,0
32437,25602,0
32438,25602,0
32439,25602,0
32440,25576,24
32441,25602,0
32442,25602,0
32443,25602,0
32444,25602,0
32445,25602,0
32446,23873,1636
32447,25602,0
32448,24401,1124
32449,25602,0
32450,25602,0
32451,25602,0
32452,25602,0
32453,25572,28
32454,25602,0
32455,25602,0
32456,25602,0
32457,25576,24
32458,25602,0
32459,23207,2298
32460,1603,64838
32461,25602,0
32462,25602,0
32463,25602,0
32464,25602,0
32465,23682,1824
32466,25602,0
32467,25467,124
32468,25602,0
32469,25602,0
32470,25602,0
32471,25602,0
32472,21421,4172
32473,25602,0
32474,25602,0
32475,23457,2048
32476,25602,0
32477,25602,0
32478,25602,0
32479,25602,0
32480,23939,1572
32481,25602,0
32482,25602,0
32483,25602,0
32484,25602,0
32485,25576,24
32486,22288,3244
32487,24481,1048
32488,22643,2874
32489,25602,0
32490,25602,0
32491,25602,0
32492,25602,0
32493,25602,0
32494,25602,0
32495,25602,0
32496,25602,0
32497,25602,0
32498,25572,28
32499,25602,0
32500,388,98048
32501,25602,0
32502,25576,24
32503,25602,0
32504,25602,0
32505,25018,540
32506,20636,5046
32507,25602,0
32508,23642,1864
32509,25602,0
32510,25602,0
32511,24264,1256
32512,25602,0
32513,25576,24
32514,25602,0
32515,25563,36
32516,25602,0
32517,25602,0
32518,25602,0
32519,25602,0
32520,25602,0
32521,24475,1054
32522,25602,0
32523,25602,0
32524,10671,20478
32525,25602,0
32526,25602,0
32527,25602,0
32528,25602,0
32529,25602,0
32530,14327,13584
32531,25602,0
32532,25528,68
32533,25602,0
32534,25602,0
32535,25550,48
32536,23162,2344
32537,22984,2524
32538,25602,0
32539,25602,0
32540,25602,0
32541,25602,0
32542,24845,702
32543,25537,60
32544,25602,0
32545,24903,648
32546,25602,0
32547,25602,0
32548,25602,0
32549,25462,128
32550,25602,0
32551,25602,0
32552,25602,0
32553,25602,0
32554,25602,0
32555,25563,36
32556,25602,0
32557,22250,3284
32558,25602,0
32559,24590,944
32560,8722,25198
32561,25602,0
32562,25602,0
32563,25602,0
32564,23678,1828
32565,25602,0
32566,25602,0
32567,25602,0
32568,25602,0
32569,25602,0
32570,25117,448
32571,24907,644
32572,25602,0
32573,25602,0
32574,25602,0
32575,25602,0
32576,25602,0
32577,25602,0
32578,25602,0
32579,25602,0
32580,24691,848
32581,25602,0
32582,25095,468
32583,23678,1828
32584,25602,0
32585,24086,1428
32586,25602,0
32587,24809,736
32588,25602,0
32589,24716,824
32590,25602,0
32591,25423,164
32592,25142,424
32593,25602,0
32594,25602,0
32595,25354,228
32596,25550,48
32597,25602,0
32598,25602,0
32599,25602,0
32600,25602,0
32601,23996,1516
32602,25602,0
32603,25602,0
32604,25602,0
32605,23824,1684
32606,23937,1574
32607,25602,0
32608,25602,0
32609,25602,0
32610,25602,0
32611,25602,0
32612,24508,1022
32613,25602,0
32614,25142,424
32615,25602,0
32616,25602,0
32617,25602,0
32618,25602,0
32619,25602,0
32620,25602,0
32621,25550,48
32622,25572,28
32623,25602,0
32624,22332,3198
32625,25602,0
32626,25229,344
32627,25602,0
32628,25602,0
32629,25602,0
32630,25602,0
32631,25602,0
32632,25602,0
32633,25602,0
32634,25602,0
32635,25602,0
32636,25602,0
32637,25602,0
32638,12018,17696
32639,25602,0
32640,25602,0
32641,25602,0
32642,25602,0
32643,25602,0
32644,25602,0
32645,25550,48
32646,25602,0
32647,25602,0
32648,25602,0
32649,17201,9306
32650,25602,0
32651,25602,0
32652,25602,0
32653,25602,0
32654,25602,0
32655,25602,0
32656,25337,244
32657,24875,674
32658,25602,0
32659,25602,0
32660,25602,0
32661,25602,0
32662,25602,0
32663,25602,0
32664,22265,3268
32665,23481,2024
32666,25602,0
32667,25602,0
32668,25602,0
32669,25602,0
32670,25572,28
32671,25602,0
32672,25602,0
32673,25602,0
32674,25602,0
32675,25602,0
32676,25602,0
32677,24801,744
32678,25602,0
32679,25602,0
32680,25602,0
32681,25602,0
32682,25602,0
32683,25602,0
32684,24289,1232
32685,21912,3642
32686,24769,774
32687,25602,0
32688,25602,0
32689,25602,0
32690,25602,0
32691,25602,0
32692,25602,0
32693,25602,0
32694,25602,0
32695,25602,0
32696,25519,76
32697,25602,0
32698,25602,0
32699,25602,0
32700,25358,224
32701,8787,25024
32702,25602,0
32703,25602,0
32704,25014,544
32705,25602,0
32706,23865,1644
32707,25602,0
32708,25602,0
32709,23018,2490
32710,25576,24
32711,25602,0
32712,25550,48
32713,25602,0
32714,25602,0
32715,25602,0
32716,25602,0
32717,25602,0
32718,25602,0
32719,24037,1476
32720,25602,0
32721,19751,6072
32722,14044,14052
32723,25602,0
32724,25602,0
32725,22383,3144
32726,25602,0
32727,25602,0
32728,25602,0
32729,23375,2130
32730,25602,0
32731,25541,56
32732,25602,0
32733,25602,0
32734,25602,0
32735,25602,0
32736,25602,0
32737,25602,0
32738,25602,0
32739,25602,0
32740,25602,0
32741,25602,0
32742,24725,816
32743,25602,0
32744,25602,0
32745,25602,0
32746,25602,0
32747,25602,0
32748,25554,44
32749,25602,0
32750,24928,624
32751,25602,0
32752,25493,100
32753,25602,0
32754,25602,0
32755,25602,0
32756,25602,0
32757,25602,0
32758,25576,24
32759,25602,0
32760,25602,0
32761,24312,1210
32762,25602,0
32763,25602,0
32764,25602,0
32765,25602,0
32766,25602,0
32767,25602,0
32768,25576,24
32769,25602,0
32770,25102,462
32771,25602,0
32772,25602,0
32773,25602,0
32774,25602,0
32775,25602,0
32776,25602,0
32777,25602,0
32778,25602,0
32779,23881,1628
32780,25602,0
32781,25602,0
32782,25602,0
32783,25602,0
32784,25602,0
32785,25203,368
32786,25550,48
32787,25602,0
32788,25602,0
32789,305,103668
32790,25602,0
32791,25602,0
32792,25602,0
32793,25035,524
32794,25602,0
32795,25602,0
32796,25576,24
32797,25572,28
32798,25602,0
32799,25602,0
32800,25572,28
32801,25602,0
32802,25602,0
32803,25602,0
32804,25602,0
32805,25602,0
32806,25602,0
32807,25602,0
32808,24695,844
32809,25602,0
32810,25602,0
32811,25602,0
32812,25602,0
32813,23994,1518
32814,25602,0
32815,25602,0
32816,22742,2772
32817,25602,0
32818,25602,0
32819,25602,0
32820,25602,0
32821,25602,0
32822,25602,0
32823,25602,0
32824,25602,0
32825,25602,0
32826,25602,0
32827,25324,256
32828,25602,0
32829,25602,0
32830,25602,0
32831,25602,0
32832,23822,1686
32833,25471,120
32834,25602,0
32835,25602,0
32836,25602,0
32837,25497,96
32838,25602,0
32839,25602,0
32840,25602,0
32841,25602,0
32842,25602,0
32843,25602,0
32844,25602,0
32845,25554,44
32846,25602,0
32847,25602,0
32848,25550,48
32849,23719,1788
32850,24704,836
32851,25602,0
32852,25602,0
32853,25602,0
32854,25602,0
32855,25602,0
32856,25602,0
32857,25602,0
32858,25576,24
32859,25602,0
32860,25602,0
32861,25602,0
32862,25602,0
32863,25602,0
32864,25602,0
32865,25602,0
32866,25602,0
32867,25602,0
32868,25602,0
32869,25602,0
32870,25534,62
32871,25602,0
32872,25602,0
32873,25602,0
32874,25602,0
32875,25602,0
32876,25602,0
32877,22961,2548
32878,25602,0
32879,25602,0
32880,25602,0
32881,24769,774
32882,25602,0
32883,25576,24
32884,25602,0
32885,25059,502
32886,24493,1036
32887,25602,0
32888,23949,1562
32889,25602,0
32890,25602,0
32891,25602,0
32892,25602,0
32893,25602,0
32894,25572,28
32895,25602,0
32896,25602,0
32897,25602,0
32898,25602,0
32899,25602,0
32900,25602,0
32901,25602,0
32902,21101,4524
32903,25602,0
32904,25304,274
32905,25602,0
32906,25489,104
32907,25602,0
32908,25602,0
32909,25602,0
32910,25572,28
32911,25602,0
32912,25602,0
32913,20629,5054
32914,25602,0
32915,25576,24
32916,25602,0
32917,25142,424
32918,25602,0
32919,25602,0
32920,25602,0
32921,456,94238
32922,25602,0
32923,25550,48
32924,25602,0
32925,25602,0
32926,25192,378
32927,25031,528
32928,25602,0
32929,25602,0
32930,25602,0
32931,25602,0
32932,25602,0
32933,25602,0
32934,24285,1236
32935,25602,0
32936,25602,0
32937,25602,0
32938,25541,56
32939,25602,0
32940,25602,0
32941,25602,0
32942,23888,1622
32943,25602,0
32944,25602,0
32945,25602,0
32946,24086,1428
32947,25602,0
32948,25602,0
32949,25602,0
32950,19418,6470
32951,25602,0
32952,24460,1068
32953,21535,4048
32954,25602,0
32955,25550,48
32956,25602,0
32957,25602,0
32958,25130,436
32959,25602,0
32960,25602,0
32961,25602,0
32962,25602,0
32963,25602,0
32964,25602,0
32965,25602,0
32966,25602,0
32967,25602,0
32968,25602,0
32969,25602,0
32970,25572,28
32971,25602,0
32972,25602,0
32973,25602,0
32974,25441,148
32975,25602,0
32976,25602,0
32977,25602,0
32978,25602,0
32979,25602,0
32980,25602,0
32981,25602,0
32982,25602,0
32983,25602,0
32984,25602,0
32985,25602,0
32986,25602,0
32987,25602,0
32988,24716,824
32989,25602,0
32990,20323,5404
32991,25576,24
32992,25602,0
32993,25480,112
32994,25602,0
32995,24666,872
32996,25602,0
32997,25602,0
32998,25602,0
32999,25602,0
33000,25602,0
33001,25300,278
33002,25602,0
33003,25602,0
33004,25602,0
33005,25602,0
33006,25142,424
33007,25602,0
33008,25602,0
33009,25602,0
33010,25602,0
33011,25602,0
33012,25572,28
33013,25602,0
33014,25602,0
33015,25602,0
33016,25602,0
33017,25602,0
33018,25572,28
33019,25602,0
33020,24797,748
33021,25602,0
33022,25602,0
33023,25142,424
33024,25602,0
33025,25602,0
33026,25602,0
33027,24202,1316
33028,25602,0
33029,25602,0
33030,23114,2392
33031,25602,0
33032,24103,1412
33033,25602,0
33034,21037,4596
33035,25602,0
33036,25602,0
33037,25602,0
33038,25602,0
33039,25063,498
33040,25602,0
33041,25576,24
33042,25602,0
33043,24272,1248
33044,10535,20778
33045,12895,16048
33046,25602,0
33047,25602,0
33048,25602,0
33049,24784,760
33050,25602,0
33051,25602,0
33052,25602,0
33053,25602,0
33054,25602,0
33055,25602,0
33056,25602,0
33057,25602,0
33058,25602,0
33059,25602,0
33060,25602,0
33061,25602,0
33062,25332,248
33063,25576,24
33064,25602,0
33065,25602,0
33066,25602,0
33067,25602,0
33068,25602,0
33069,25602,0
33070,25576,24
33071,25602,0
33072,24716,824
33073,25602,0
33074,25602,0
33075,25602,0
33076,25602,0
33077,25602,0
33078,25602,0
33079,25602,0
33080,25576,24
33081,10125,21708
33082,25602,0
33083,25572,28
33084,25602,0
33085,25602,0
33086,25602,0
33087,25576,24
33088,24691,848
33089,25602,0
33090,25602,0
33091,25602,0
33092,25602,0
33093,25602,0
33094,25602,0
33095,22174,3364
33096,25602,0
33097,25209,362
33098,25602,0
33099,25602,0
33100,21865,3692
33101,25528,68
33102,25563,36
33103,25602,0
33104,25602,0
33105,25602,0
33106,24928,624
33107,20877,4774
33108,25602,0
33109,25602,0
33110,19341,6562
33111,22984,2524
33112,25602,0
33113,25602,0
33114,25089,474
33115,22717,2798
33116,25602,0
33117,25602,0
33118,25183,386
33119,16435,10372
33120,24856,692
33121,25602,0
33122,25602,0
33123,25602,0
33124,25602,0
33125,25602,0
33126,25602,0
33127,25602,0
33128,22529,2992
33129,25602,0
33130,25602,0
33131,25602,0
33132,25602,0
33133,25602,0
33134,25602,0
33135,25602,0
33136,25602,0
33137,24852,696
33138,25602,0
33139,25602,0
33140,25602,0
33141,25602,0
33142,25602,0
33143,25602,0
33144,24969,586
33145,25602,0
33146,25602,0
33147,25602,0
33148,25541,56
33149,25602,0
33150,25602,0
33151,25602,0
33152,25602,0
33153,23409,2096
33154,25576,24
33155,25602,0
33156,23381,2124
33157,25602,0
33158,25602,0
33159,24611,924
33160,25602,0
33161,25304,274
33162,25602,0
33163,25602,0
33164,25602,0
33165,25602,0
33166,25602,0
33167,25602,0
33168,25602,0
33169,25602,0
33170,25602,0
33171,25602,0
33172,25576,24
33173,23277,2228
33174,6174,33282
33175,25602,0
33176,25602,0
33177,25602,0
33178,25602,0
33179,25602,0
33180,24401,1124
33181,25602,0
33182,22311,3220
33183,25354,228
33184,25602,0
33185,25602,0
33186,25602,0
33187,25602,0
33188,25602,0
33189,25602,0
33190,22362,3166
33191,25602,0
33192,25602,0
33193,25602,0
33194,25602,0
33195,25602,0
33196,25602,0
33197,25602,0
33198,25602,0
33199,25602,0
33200,25602,0
33201,25602,0
33202,25602,0
33203,25602,0
33204,25602,0
33205,25602,0
33206,25576,24
33207,25602,0
33208,24831,716
33209,25602,0
33210,25602,0
33211,25602,0
33212,25415,172
33213,24401,1124
33214,25534,62
33215,25497,96
33216,25602,0
33217,25602,0
33218,25602,0
33219,25602,0
33220,25602,0
33221,23918,1592
33222,25602,0
33223,25602,0
33224,24954,600
33225,25602,0
33226,25602,0
33227,25602,0
33228,25602,0
33229,25572,28
33230,25602,0
33231,25602,0
33232,25602,0
33233,25602,0
33234,25602,0
33235,25602,0
33236,25602,0
33237,21418,4176
33238,25246,328
33239,25602,0
33240,25541,56
33241,25602,0
33242,25602,0
33243,25602,0
33244,23912,1598
33245,25602,0
33246,25602,0
33247,25550,48
33248,25602,0
33249,25534,62
33250,24091,1424
33251,25602,0
33252,24903,648
33253,25602,0
33254,25602,0
33255,25602,0
33256,25602,0
33257,24797,748
33258,25602,0
33259,25602,0
33260,25602,0
33261,2577,53732
33262,25602,0
33263,25602,0
33264,25602,0
33265,25602,0
33266,25602,0
33267,25602,0
33268,25602,0
33269,25602,0
33270,24822,724
33271,25602,0
33272,25602,0
33273,25067,494
33274,25478,114
33275,24091,1424
33276,25602,0
33277,25602,0
33278,25550,48
33279,25602,0
33280,12109,17520
33281,25602,0
33282,25010,548
33283,25602,0
33284,25563,36
33285,25602,0
33286,25602,0
33287,25602,0
33288,2908,50896
33289,24194,1324
33290,24376,1148
33291,25602,0
33292,25602,0
33293,25602,0
33294,25576,24
33295,23881,1628
33296,25602,0
33297,24343,1180
33298,25602,0
33299,25602,0
33300,25602,0
33301,25602,0
33302,25602,0
33303,25602,0
33304,25602,0
33305,25480,112
33306,25602,0
33307,25602,0
33308,25602,0
33309,25602,0
33310,25602,0
33311,25602,0
33312,25602,0
33313,22212,3324
33314,25602,0
33315,25602,0
33316,25602,0
33317,25602,0
33318,25602,0
33319,25602,0
33320,25602,0
33321,25602,0
33322,25602,0
33323,23933,1578
33324,25602,0
33325,25602,0
33326,23682,1824
33327,25602,0
33328,25572,28
33329,25602,0
33330,25602,0
33331,25602,0
33332,22785,2728
33333,25602,0
33334,25602,0
33335,25602,0
33336,25602,0
33337,25541,56
33338,20371,5348
33339,25602,0
33340,24765,778
33341,25602,0
33342,25602,0
33343,23083,2424
33344,25602,0
33345,23988,1524
33346,25602,0
33347,25602,0
33348,25554,44
33349,25602,0
33350,25602,0
33351,25602,0
33352,20945,4698
33353,25602,0
33354,25602,0
33355,25528,68
33356,25602,0
33357,25602,0
33358,25602,0
33359,25602,0
33360,25602,0
33361,25602,0
33362,25602,0
33363,25602,0
33364,25602,0
33365,25576,24
33366,25602,0
33367,25602,0
33368,23984,1528
33369,25602,0
33370,25602,0
33371,25602,0
33372,25602,0
33373,25602,0
33374,25602,0
33375,25602,0
33376,25602,0
33377,25602,0
33378,25602,0
33379,2979,50336
33380,25602,0
33381,25602,0
33382,25497,96
33383,25602,0
33384,25602,0
33385,25421,166
33386,22965,2544
33387,25602,0
33388,25602,0
33389,25602,0
33390,25016,542
33391,25576,24
33392,25602,0
33393,25602,0
33394,25602,0
33395,24297,1224
33396,25602,0
33397,25602,0
33398,25602,0
33399,25602,0
33400,25602,0
33401,25572,28
33402,25602,0
33403,25602,0
33404,25602,0
33405,25602,0
33406,24903,648
33407,25602,0
33408,25572,28
33409,25602,0
33410,25602,0
33411,25602,0
33412,24221,1298
33413,24924,628
33414,25602,0
33415,25602,0
33416,21244,4366
33417,25576,24
33418,25602,0
33419,25602,0
33420,25602,0
33421,25602,0
33422,25602,0
33423,25602,0
33424,17484,8924
33425,25602,0
33426,25602,0
33427,25602,0
33428,25602,0
33429,25602,0
33430,25602,0
33431,25602,0
33432,25602,0
33433,25602,0
33434,25602,0
33435,25602,0
33436,25602,0
33437,25576,24
33438,25602,0
33439,25602,0
33440,25602,0
33441,25602,0
33442,25523,72
33443,25138,428
33444,24924,628
33445,25602,0
33446,25602,0
33447,25602,0
33448,25517,78
33449,25602,0
33450,25602,0
33451,24506,1024
33452,25572,28
33453,25602,0
33454,25602,0
33455,25602,0
33456,25602,0
33457,25602,0
33458,3842,44380
33459,25602,0
33460,25602,0
33461,25602,0
33462,25602,0
33463,25602,0
33464,25602,0
33465,25602,0
33466,25602,0
33467,22212,3324
33468,25602,0
33469,25602,0
33470,25550,48
33471,25602,0
33472,23108,2398
33473,25602,0
33474,25602,0
33475,25602,0
33476,25602,0
33477,25602,0
33478,25602,0
33479,25602,0
33480,25602,0
33481,25602,0
33482,24464,1064
33483,22750,2764
33484,25602,0
33485,25602,0
33486,25576,24
33487,25602,0
33488,25246,328
33489,25602,0
33490,25602,0
33491,25602,0
33492,25602,0
33493,23269,2236
33494,25602,0
33495,25602,0
33496,25602,0
33497,25602,0
33498,25393,192
33499,24285,1236
33500,25010,548
33501,25602,0
33502,25537,60
33503,25602,0
33504,25602,0
33505,25602,0
33506,24746,796
33507,25602,0
33508,25602,0
33509,25602,0
33510,25602,0
33511,25602,0
33512,25602,0
33513,25576,24
33514,25602,0
33515,25602,0
33516,25602,0
33517,20480,5224
33518,25602,0
33519,25602,0
33520,25602,0
33521,25602,0
33522,25602,0
33523,25602,0
33524,25602,0
33525,25576,24
33526,25602,0
33527,25602,0
33528,25602,0
33529,25602,0
33530,25602,0
33531,25572,28
33532,25602,0
33533,25602,0
33534,25602,0
33535,25602,0
33536,25602,0
33537,25235,338
33538,25602,0
33539,25602,0
33540,25602,0
33541,25602,0
33542,24472,1056
33543,25602,0
33544,25602,0
33545,25602,0
33546,23696,1810
33547,25602,0
33548,25602,0
33549,25602,0
33550,25602,0
33551,25602,0
33552,25602,0
33553,25602,0
33554,25602,0
33555,25602,0
33556,25602,0
33557,25602,0
33558,25602,0
33559,25602,0
33560,25602,0
33561,25602,0
33562,25602,0
33563,25576,24
33564,25602,0
33565,25602,0
33566,25602,0
33567,25602,0
33568,25602,0
33569,25602,0
33570,25602,0
33571,25550,48
33572,25602,0
33573,25602,0
33574,25576,24
33575,25602,0
33576,25602,0
33577,25602,0
33578,23063,2444
33579,25089,474
33580,24621,914
33581,25602,0
33582,25602,0
33583,25408,178
33584,25602,0
33585,25602,0
33586,25602,0
33587,25576,24
33588,25602,0
33589,25602,0
33590,24894,656
33591,25602,0
33592,25602,0
33593,25602,0
33594,23499,2006
33595,25602,0
33596,25602,0
33597,25602,0
33598,25602,0
33599,25602,0
33600,23759,1748
33601,25602,0
33602,16681,10024
33603,25602,0
33604,25194,376
33605,25489,104
33606,25602,0
33607,12902,16036
33608,25576,24
33609,25602,0
33610,25576,24
33611,25576,24
33612,23735,1772
33613,25602,0
33614,25035,524
33615,25602,0
33616,25572,28
33617,13863,14354
33618,25142,424
33619,25602,0
33620,25602,0
33621,25576,24
33622,25576,24
33623,25602,0
33624,25517,78
33625,25108,456
33626,25602,0
33627,25602,0
33628,25602,0
33629,25602,0
33630,25602,0
33631,25602,0
33632,25576,24
33633,25602,0
33634,25602,0
33635,20762,4904
33636,25602,0
33637,1855,61422
33638,25602,0
33639,25602,0
33640,25602,0
33641,24638,898
33642,25602,0
33643,25602,0
33644,25602,0
33645,25602,0
33646,25602,0
33647,25031,528
33648,25602,0
33649,25602,0
33650,24924,628
33651,25602,0
33652,25602,0
33653,16265,10616
33654,25602,0
33655,25602,0
33656,25467,124
33657,25602,0
33658,25602,0
33659,25550,48
33660,25602,0
33661,25602,0
33662,25602,0
33663,25602,0
33664,25576,24
33665,25602,0
33666,25602,0
33667,23984,1528
33668,25602,0
33669,24958,596
33670,25602,0
33671,25602,0
33672,25246,328
33673,25602,0
33674,25363,220
33675,25602,0
33676,23943,1568
33677,25142,424
33678,25572,28
33679,25142,424
33680,25229,344
33681,25602,0
33682,25602,0
33683,20813,4846
33684,25602,0
33685,25602,0
33686,25602,0
33687,25031,528
33688,25602,0
33689,25602,0
33690,17309,9160
33691,25602,0
33692,25602,0
33693,25602,0
33694,2943,50624
33695,25602,0
33696,24664,874
33697,25602,0
33698,25602,0
33699,24258,1262
33700,22110,3432
33701,25550,48
33702,25602,0
33703,25602,0
33704,25602,0
33705,25602,0
33706,25602,0
33707,25602,0
33708,25602,0
33709,25602,0
33710,25602,0
33711,25602,0
33712,25602,0
33713,25602,0
33714,25602,0
33715,25602,0
33716,25493,100
33717,25602,0
33718,25602,0
33719,25602,0
33720,25576,24
33721,25602,0
33722,25602,0
33723,25602,0
33724,25602,0
33725,25602,0
33726,25602,0
33727,25602,0
33728,25602,0
33729,25602,0
33730,25602,0
33731,25602,0
33732,25602,0
33733,25550,48
33734,23331,2174
33735,25602,0
33736,25602,0
33737,24297,1224
33738,25602,0
33739,25602,0
33740,25602,0
33741,25602,0
33742,25602,0
33743,25602,0
33744,25602,0
33745,25576,24
33746,25602,0
33747,25471,120
33748,23006,2502
33749,25602,0
33750,25014,544
33751,25602,0
33752,25602,0
33753,25550,48
33754,25550,48
33755,25337,244
33756,25602,0
33757,24771,772
33758,25602,0
33759,25572,28
33760,25602,0
33761,25602,0
33762,25602,0
33763,23963,1548
33764,25602,0
33765,25602,0
33766,25602,0
33767,25602,0
33768,25602,0
33769,25602,0
33770,24481,1048
33771,25602,0
33772,25602,0
33773,14349,13548
33774,25602,0
33775,25602,0
33776,20550,5144
33777,25602,0
33778,18937,7056
33779,25602,0
33780,25602,0
33781,25602,0
33782,25602,0
33783,25576,24
33784,25602,0
33785,25572,28
33786,25602,0
33787,25602,0
33788,25602,0
33789,25602,0
33790,23678,1828
33791,25602,0
33792,25602,0
33793,25602,0
33794,25602,0
33795,25602,0
33796,25602,0
33797,25602,0
33798,24928,624
33799,25602,0
33800,25602,0
33801,25358,224
33802,25602,0
33803,25602,0
33804,25602,0
33805,25602,0
33806,25602,0
33807,25602,0
33808,25602,0
33809,25332,248
33810,25602,0
33811,25602,0
33812,25602,0
33813,25602,0
33814,25602,0
33815,25602,0
33816,25602,0
33817,25576,24
33818,25602,0
33819,16393,10432
33820,25602,0
33821,25602,0
33822,25602,0
33823,25602,0
33824,25175,394
33825,25602,0
33826,25602,0
33827,25576,24
33828,25602,0
33829,25602,0
33830,25602,0
33831,25602,0
33832,25602,0
33833,25602,0
33834,25602,0
33835,25602,0
33836,25602,0
33837,25602,0
33838,25602,0
33839,25602,0
33840,23886,1624
33841,25602,0
33842,25602,0
33843,25602,0
33844,23557,1948
33845,25602,0
33846,25602,0
33847,25602,0
33848,25602,0
33849,25550,48
33850,25602,0
33851,25602,0
33852,25497,96
33853,25602,0
33854,25602,0
33855,25602,0
33856,25602,0
33857,25602,0
33858,25602,0
33859,25602,0
33860,25602,0
33861,24984,572
33862,25602,0
33863,23581,1924
33864,25602,0
33865,21742,3824
33866,23481,2024
33867,25602,0
33868,25602,0
33869,23122,2384
33870,25602,0
33871,25602,0
33872,25602,0
33873,25602,0
33874,25014,544
33875,25576,24
33876,25602,0
33877,25602,0
33878,25602,0
33879,25602,0
33880,25602,0
33881,25602,0
33882,25602,0
33883,25602,0
33884,21768,3796
33885,25602,0
33886,25602,0
33887,25602,0
33888,25602,0
33889,25541,56
33890,25602,0
33891,25576,24
33892,25602,0
33893,25602,0
33894,25602,0
33895,25602,0
33896,25572,28
33897,25576,24
33898,25602,0
33899,25602,0
33900,25602,0
33901,25602,0
33902,25602,0
33903,25602,0
33904,25602,0
33905,25602,0
33906,22709,2806
33907,25602,0
33908,25602,0
33909,25602,0
33910,22765,2748
33911,25602,0
33912,25602,0
33913,25602,0
33914,25602,0
33915,25602,0
33916,25602,0
33917,25602,0
33918,25602,0
33919,25602,0
33920,25602,0
33921,25602,0
33922,23861,1648
33923,25602,0
33924,15981,11028
33925,24882,668
33926,25576,24
33927,23686,1820
33928,20936,4708
33929,25576,24
33930,25602,0
33931,25602,0
33932,23407,2098
33933,24506,1024
33934,25602,0
33935,25523,72
33936,25602,0
33937,25602,0
33938,25602,0
33939,24687,852
33940,25602,0
33941,25602,0
33942,25602,0
33943,25523,72
33944,25304,274
33945,25602,0
33946,25576,24
33947,25602,0
33948,25602,0
33949,23682,1824
33950,25602,0
33951,25602,0
33952,25602,0
33953,25576,24
33954,25602,0
33955,24922,630
33956,24196,1322
33957,25602,0
33958,25363,220
33959,22399,3128
33960,25602,0
33961,25602,0
33962,25602,0
33963,25602,0
33964,21955,3596
33965,25602,0
33966,25602,0
33967,25602,0
33968,24506,1024
33969,25602,0
33970,25602,0
33971,25602,0
33972,25602,0
33973,25572,28
33974,3278,48100
33975,330,101812
33976,25460,130
33977,25576,24
33978,25576,24
33979,24194,1324
33980,21480,4108
33981,25602,0
33982,19947,5840
33983,25563,36
33984,25602,0
33985,25602,0
33986,25602,0
33987,25602,0
33988,25576,24
33989,25602,0
33990,25602,0
33991,25602,0
33992,25108,456
33993,25550,48
33994,25602,0
33995,25602,0
33996,25602,0
33997,25602,0
33998,24871,678
33999,25602,0
34000,25602,0
34001,25602,0
34002,25602,0
34003,25117,448
34004,25425,162
34005,25602,0
34006,25576,24
34007,25602,0
34008,25602,0
34009,25602,0
34010,24778,766
34011,24196,1322
34012,25389,196
34013,24822,724
34014,25602,0
34015,20680,4996
34016,25042,518
34017,25602,0
34018,25602,0
34019,25602,0
34020,25602,0
34021,25602,0
34022,25602,0
34023,25602,0
34024,25602,0
34025,25602,0
34026,25602,0
34027,25602,0
34028,25478,114
34029,25602,0
34030,25602,0
34031,25602,0
34032,25602,0
34033,25332,248
34034,25602,0
34035,23399,2106
34036,25576,24
34037,25602,0
34038,25602,0
34039,25602,0
34040,25602,0
34041,25602,0
34042,25602,0
34043,25602,0
34044,22961,2548
34045,25602,0
34046,25602,0
34047,25550,48
34048,25602,0
34049,25602,0
34050,25602,0
34051,25602,0
34052,25602,0
34053,25602,0
34054,25602,0
34055,12746,16320
34056,25354,228
34057,25602,0
34058,25510,84
34059,25602,0
34060,24903,648
34061,25168,400
34062,25602,0
34063,25602,0
34064,25602,0
34065,25602,0
34066,25602,0
34067,25602,0
34068,21824,3736
34069,25602,0
34070,25602,0
34071,23881,1628
34072,25602,0
34073,25602,0
34074,24171,1346
34075,25602,0
34076,25602,0
34077,25602,0
34078,24029,1484
34079,25550,48
34080,25602,0
34081,25602,0
34082,22773,2740
34083,25602,0
34084,25602,0
34085,25602,0
34086,25513,82
34087,25576,24
34088,25532,64
34089,22284,3248
34090,25576,24
34091,25576,24
34092,25602,0
34093,25576,24
34094,25602,0
34095,25602,0
34096,25602,0
34097,25602,0
34098,25602,0
34099,25602,0
34100,25332,248
34101,15120,12324
34102,25602,0
34103,25602,0
34104,25576,24
34105,25602,0
34106,25602,0
34107,17262,9224
34108,25602,0
34109,25602,0
34110,25602,0
34111,6777,31102
34112,25602,0
34113,25602,0
34114,25602,0
34115,25602,0
34116,13601,14802
34117,25602,0
34118,25602,0
34119,25563,36
34120,25602,0
34121,25602,0
34122,25602,0
34123,25602,0
34124,25602,0
34125,25602,0
34126,25602,0
34127,25528,68
34128,25602,0
34129,8128,26848
34130,21345,4256
34131,25602,0
34132,25602,0
34133,25602,0
34134,25602,0
34135,25602,0
34136,25602,0
34137,25602,0
34138,25602,0
34139,12612,16568
34140,25602,0
34141,21627,3948
34142,25602,0
34143,25602,0
34144,25602,0
34145,25358,224
34146,25602,0
34147,25602,0
34148,23138,2368
34149,25576,24
34150,25602,0
34151,25602,0
34152,25602,0
34153,25602,0
34154,25602,0
34155,25602,0
34156,25602,0
34157,25602,0
34158,25602,0
34159,25602,0
34160,25602,0
34161,25602,0
34162,25576,24
34163,25602,0
34164,25602,0
34165,25602,0
34166,25602,0
34167,23865,1644
34168,25302,276
34169,25602,0
34170,25358,224
34171,25602,0
34172,25602,0
34173,25576,24
34174,25602,0
34175,25602,0
34176,20446,5262
34177,25602,0
34178,24449,1078
34179,25602,0
34180,25602,0
34181,25602,0
34182,24565,968
34183,25602,0
34184,25602,0
34185,25572,28
34186,25602,0
34187,25602,0
34188,25602,0
34189,25602,0
34190,23610,1896
34191,25602,0
34192,25510,84
34193,25602,0
34194,25602,0
34195,25602,0
34196,25576,24
34197,25602,0
34198,25602,0
34199,24481,1048
34200,25465,126
34201,25602,0
34202,25602,0
34203,25550,48
34204,25602,0
34205,25602,0
34206,25602,0
34207,25602,0
34208,23389,2116
34209,19262,6658
34210,25602,0
34211,25602,0
34212,16716,9976
34213,25602,0
34214,25602,0
34215,25602,0
34216,25602,0
34217,25602,0
34218,25602,0
34219,25602,0
34220,25521,74
34221,25602,0
34222,22933,2576
34223,25602,0
34224,25602,0
34225,25602,0
34226,24066,1448
34227,25602,0
34228,25602,0
34229,25572,28
34230,24799,746
34231,25602,0
34232,20288,5444
34233,25602,0
34234,25602,0
34235,25602,0
34236,25563,36
34237,24928,624
34238,25462,128
34239,25602,0
34240,24924,628
34241,25572,28
34242,25602,0
34243,25602,0
34244,25602,0
34245,25602,0
34246,25519,76
34247,25602,0
34248,25602,0
34249,25602,0
34250,24070,1444
34251,25576,24
34252,25602,0
34253,25246,328
34254,21152,4468
34255,25602,0
34256,20904,4744
34257,25602,0
34258,10880,20024
34259,25602,0
34260,25602,0
34261,25602,0
34262,23257,2248
34263,25572,28
34264,25602,0
34265,25550,48
34266,25602,0
34267,25602,0
34268,25602,0
34269,25602,0
34270,25602,0
34271,25602,0
34272,25602,0
34273,25142,424
34274,25602,0
34275,25602,0
34276,25602,0
34277,25196,374
34278,25602,0
34279,25022,536
34280,25602,0
34281,23122,2384
34282,25224,348
34283,25602,0
34284,25576,24
34285,25602,0
34286,25602,0
34287,25602,0
34288,25602,0
34289,25602,0
34290,25602,0
34291,25602,0
34292,25572,28
34293,25602,0
34294,25602,0
34295,25602,0
34296,25602,0
34297,25510,84
34298,24928,624
34299,25602,0
34300,25602,0
34301,25602,0
34302,25602,0
34303,25602,0
34304,25602,0
34305,25602,0
34306,25602,0
34307,25602,0
34308,25523,72
34309,25602,0
34310,25602,0
34311,25142,424
34312,24659,878
34313,25602,0
34314,25602,0
34315,25602,0
34316,16136,10802
34317,23225,2280
34318,25602,0
34319,25602,0
34320,25602,0
34321,25602,0
34322,9905,22222
34323,25602,0
34324,25001,556
34325,25602,0
34326,25602,0
34327,25602,0
34328,25602,0
34329,25602,0
34330,25602,0
34331,25602,0
34332,25602,0
34333,25602,0
34334,25554,44
34335,22789,2724
34336,25602,0
34337,25602,0
34338,25602,0
34339,24956,598
34340,25602,0
34341,25602,0
34342,25602,0
34343,25602,0
34344,25602,0
34345,25602,0
34346,24958,596
34347,25602,0
34348,25052,508
34349,25602,0
34350,25602,0
34351,25602,0
34352,25602,0
34353,25602,0
34354,15989,11016
34355,25602,0
34356,25602,0
34357,25602,0
34358,24903,648
34359,25602,0
34360,25602,0
34361,25602,0
34362,25602,0
34363,25602,0
34364,25602,0
34365,25602,0
34366,25602,0
34367,25602,0
34368,21908,3646
34369,25602,0
34370,25602,0
34371,21755,3810
34372,25602,0
34373,23257,2248
34374,24945,608
34375,25602,0
34376,25602,0
34377,25602,0
34378,25602,0
34379,23309,2196
34380,25602,0
34381,25602,0
34382,25602,0
34383,25602,0
34384,24750,792
34385,25572,28
34386,25602,0
34387,25602,0
34388,25358,224
34389,25602,0
34390,25602,0
34391,25602,0
34392,25602,0
34393,25602,0
34394,25602,0
34395,25267,308
34396,25471,120
34397,25521,74
34398,25602,0
34399,25602,0
34400,25142,424
34401,25602,0
34402,24535,996
34403,25363,220
34404,25602,0
34405,25010,548
34406,25602,0
34407,25602,0
34408,25602,0
34409,25602,0
34410,25602,0
34411,25602,0
34412,25602,0
34413,25576,24
34414,25602,0
34415,25602,0
34416,24560,972
34417,25602,0
34418,25602,0
34419,25602,0
34420,25602,0
34421,25602,0
34422,25602,0
34423,25602,0
34424,25497,96
34425,25602,0
34426,25602,0
34427,25602,0
34428,25602,0
34429,25550,48
34430,24916,636
34431,23012,2496
34432,22303,3228
34433,25602,0
34434,25602,0
34435,25602,0
34436,21953,3598
34437,25497,96
34438,25467,124
34439,25602,0
34440,25412,174
34441,25014,544
34442,25602,0
34443,25010,548
34444,25354,228
34445,25602,0
34446,25602,0
34447,25602,0
34448,25602,0
34449,25602,0
34450,25602,0
34451,25602,0
34452,25602,0
34453,25602,0
34454,25602,0
34455,24190,1328
34456,23162,2344
34457,25602,0
34458,23581,1924
34459,25602,0
34460,25602,0
34461,25241,332
34462,22715,2800
34463,25602,0
34464,25602,0
34465,25602,0
34466,25397,188
34467,25602,0
34468,25602,0
34469,24086,1428
34470,25563,36
34471,25602,0
34472,24372,1152
34473,25602,0
34474,25602,0
34475,24297,1224
34476,25602,0
34477,25602,0
34478,25576,24
34479,25602,0
34480,25602,0
34481,25602,0
34482,23529,1976
34483,25602,0
34484,25602,0
34485,25602,0
34486,25602,0
34487,25576,24
34488,25602,0
34489,20694,4980
34490,25602,0
34491,25602,0
34492,25391,194
34493,25602,0
34494,24481,1048
34495,25602,0
34496,25602,0
34497,25602,0
34498,15246,12130
34499,25602,0
34500,25602,0
34501,25602,0
34502,25602,0
34503,25602,0
34504,25602,0
34505,2329,56092
34506,25602,0
34507,25291,286
34508,25602,0
34509,24190,1328
34510,25602,0
34511,25572,28
34512,25602,0
34513,25602,0
34514,25602,0
34515,25602,0
34516,25602,0
34517,25550,48
34518,25602,0
34519,19249,6674
34520,25602,0
34521,25602,0
34522,25602,0
34523,25602,0
34524,25572,28
34525,25602,0
34526,12962,15928
34527,25602,0
34528,25035,524
34529,25602,0
34530,25031,528
34531,25602,0
34532,25602,0
34533,25602,0
34534,25563,36
34535,25602,0
34536,25602,0
34537,25602,0
34538,25602,0
34539,25515,80
34540,25602,0
34541,24169,1348
34542,25602,0
34543,25602,0
34544,25602,0
34545,25602,0
34546,25602,0
34547,25602,0
34548,25602,0
34549,24916,636
34550,25602,0
34551,24928,624
34552,24623,912
34553,25602,0
34554,25576,24
34555,25602,0
34556,25602,0
34557,25602,0
34558,25602,0
34559,25602,0
34560,25602,0
34561,25602,0
34562,25602,0
34563,25602,0
34564,14419,13434
34565,25572,28
34566,25602,0
34567,24903,648
34568,25550,48
34569,25602,0
34570,25602,0
34571,25602,0
34572,25602,0
34573,25467,124
34574,25602,0
34575,25602,0
34576,25602,0
34577,20495,5206
34578,25602,0
34579,25602,0
34580,24584,950
34581,20134,5622
34582,25358,224
34583,25572,28
34584,25602,0
34585,25602,0
34586,14735,12928
34587,25602,0
34588,25602,0
34589,22793,2720
34590,25602,0
34591,25602,0
34592,23670,1836
34593,25602,0
34594,25602,0
34595,25602,0
34596,25602,0
34597,25602,0
34598,25602,0
34599,25602,0
34600,13667,14688
34601,25602,0
34602,25497,96
34603,25454,136
34604,25602,0
34605,25602,0
34606,23051,2456
34607,25602,0
34608,25523,72
34609,25602,0
34610,23988,1524
34611,25602,0
34612,25602,0
34613,25602,0
34614,25602,0
34615,25602,0
34616,25602,0
34617,25602,0
34618,25602,0
34619,25602,0
34620,25602,0
34621,25602,0
34622,25602,0
34623,25602,0
34624,25572,28
34625,25497,96
34626,25602,0
34627,25602,0
34628,25602,0
34629,25602,0
34630,25602,0
34631,25602,0
34632,25572,28
34633,25602,0
34634,25415,172
34635,25602,0
34636,25602,0
34637,25602,0
34638,25602,0
34639,25602,0
34640,21037,4596
34641,25602,0
34642,25602,0
34643,25602,0
34644,24907,644
34645,25602,0
34646,25419,168
34647,10553,20738
34648,25602,0
34649,25563,36
34650,25602,0
34651,25602,0
34652,25602,0
34653,25602,0
34654,25602,0
34655,25602,0
34656,21339,4262
34657,25602,0
34658,16154,10776
34659,25602,0
34660,25602,0
34661,25602,0
34662,25602,0
34663,25602,0
34664,25602,0
34665,23039,2468
34666,25471,120
34667,25602,0
34668,25602,0
34669,25602,0
34670,25602,0
34671,25602,0
34672,25602,0
34673,25602,0
34674,25602,0
34675,25602,0
34676,25602,0
34677,25602,0
34678,25602,0
34679,25602,0
34680,25602,0
34681,25602,0
34682,25602,0
34683,25602,0
34684,25602,0
34685,25602,0
34686,25602,0
34687,25602,0
34688,25602,0
34689,25572,28
34690,24588,946
34691,25602,0
34692,25602,0
34693,25602,0
34694,25602,0
34695,24190,1328
34696,25602,0
34697,25602,0
34698,25602,0
34699,25602,0
34700,25602,0
34701,25602,0
34702,25602,0
34703,25602,0
34704,25399,186
34705,25602,0
34706,25602,0
34707,25602,0
34708,25602,0
34709,25229,344
34710,25602,0
34711,25602,0
34712,25576,24
34713,25602,0
34714,25602,0
34715,24598,936
34716,24712,828
34717,25602,0
34718,25576,24
34719,25602,0
34720,25602,0
34721,23227,2278
34722,25602,0
34723,25602,0
34724,25602,0
34725,25602,0
34726,25602,0
34727,25602,0
34728,25602,0
34729,25602,0
34730,25602,0
34731,25602,0
34732,25602,0
34733,25602,0
34734,25602,0
34735,25602,0
34736,25602,0
34737,25602,0
34738,25602,0
34739,25602,0
34740,22577,2942
34741,25602,0
34742,25602,0
34743,25602,0
34744,25602,0
34745,25602,0
34746,25602,0
34747,25602,0
34748,25602,0
34749,24903,648
34750,25602,0
34751,25602,0
34752,25602,0
34753,24799,746
34754,22433,3092
34755,25602,0
34756,25602,0
34757,25602,0
34758,24682,856
34759,24903,648
34760,25602,0
34761,23431,2074
34762,25550,48
34763,25602,0
34764,25602,0
34765,25602,0
34766,25602,0
34767,25192,378
34768,25563,36
34769,24792,752
34770,25602,0
34771,25602,0
34772,25602,0
34773,25602,0
34774,25602,0
34775,25602,0
34776,25602,0
34777,25602,0
34778,25602,0
34779,2749,52218
34780,25602,0
34781,25602,0
34782,25602,0
34783,23237,2268
34784,25602,0
34785,25602,0
34786,25602,0
34787,25602,0
34788,24856,692
34789,25602,0
34790,25602,0
34791,25563,36
34792,25602,0
34793,25602,0
34794,20958,4684
34795,25602,0
34796,3003,50148
34797,25602,0
34798,25495,98
34799,24429,1098
34800,25602,0
34801,24852,696
34802,25602,0
34803,25602,0
34804,25602,0
34805,21011,4624
34806,25602,0
34807,25602,0
34808,25602,0
34809,25022,536
34810,25602,0
34811,25602,0
34812,25602,0
34813,24928,624
34814,22238,3296
34815,25602,0
34816,24454,1074
34817,25602,0
34818,25602,0
34819,25250,324
34820,25602,0
34821,25602,0
34822,25602,0
34823,25602,0
34824,25602,0
34825,25602,0
34826,25602,0
34827,25602,0
34828,25602,0
34829,22758,2756
34830,25602,0
34831,25602,0
34832,25602,0
34833,25602,0
34834,25602,0
34835,25602,0
34836,25602,0
34837,25602,0
34838,25602,0
34839,25489,104
34840,25602,0
34841,24142,1374
34842,25602,0
34843,25602,0
34844,25602,0
34845,25010,548
34846,25602,0
34847,25602,0
34848,25602,0
34849,25602,0
34850,25576,24
34851,25602,0
34852,25602,0
34853,25602,0
34854,25602,0
34855,25602,0
34856,22688,2828
34857,25602,0
34858,24076,1438
34859,24277,1244
34860,25602,0
34861,25354,228
34862,25602,0
34863,25602,0
34864,25602,0
34865,24068,1446
34866,25602,0
34867,24822,724
34868,25602,0
34869,25602,0
34870,25067,494
34871,25602,0
34872,25602,0
34873,25602,0
34874,25602,0
34875,25412,174
34876,25602,0
34877,21925,3628
34878,24506,1024
34879,25602,0
34880,25602,0
34881,25572,28
34882,23190,2316
34883,25602,0
34884,25192,378
34885,25602,0
34886,25602,0
34887,25602,0
34888,25602,0
34889,25602,0
34890,25602,0
34891,25602,0
34892,25602,0
34893,25602,0
34894,25602,0
34895,25602,0
34896,25523,72
34897,25602,0
34898,24270,1250
34899,25602,0
34900,25602,0
34901,25602,0
34902,25602,0
34903,21101,4524
34904,25602,0
34905,25602,0
34906,23914,1596
34907,25602,0
34908,25550,48
34909,25541,56
34910,25602,0
34911,25602,0
34912,25563,36
34913,23033,2474
34914,25010,548
34915,25602,0
34916,25602,0
34917,23678,1828
34918,25602,0
34919,2930,50722
34920,25027,532
34921,25602,0
34922,25602,0
34923,25142,424
34924,25602,0
34925,25602,0
34926,25602,0
34927,25497,96
34928,25602,0
34929,25602,0
34930,25602,0
34931,25602,0
34932,25602,0
34933,25602,0
34934,25602,0
34935,24502,1028
34936,25602,0
34937,14740,12920
34938,25035,524
34939,19423,6464
34940,23784,1724
34941,25602,0
34942,25602,0
34943,25602,0
34944,25602,0
34945,25602,0
34946,25502,92
34947,25602,0
34948,25602,0
34949,23591,1914
34950,25602,0
34951,8080,26986
34952,25602,0
34953,25489,104
34954,22552,2968
34955,25602,0
34956,25602,0
34957,25378,206
34958,25602,0
34959,25602,0
34960,25602,0
34961,25602,0
34962,25602,0
34963,25121,444
34964,25602,0
34965,25602,0
34966,25602,0
34967,25602,0
34968,25541,56
34969,25602,0
34970,25602,0
34971,25602,0
34972,25602,0
34973,25602,0
34974,25602,0
34975,25602,0
34976,25576,24
34977,25602,0
34978,25602,0
34979,25602,0
34980,24456,1072
34981,25602,0
34982,25572,28
34983,19084,6876
34984,25602,0
34985,25576,24
34986,25602,0
34987,25602,0
34988,25572,28
34989,25140,426
34990,25602,0
34991,25602,0
34992,25602,0
34993,23032,2476
34994,24826,720
34995,25602,0
34996,25602,0
34997,23715,1792
34998,25602,0
34999,22777,2736
35000,25602,0
35001,25576,24
35002,25602,0
35003,22752,2762
35004,25602,0
35005,25572,28
35006,25602,0
35007,25354,228
35008,25602,0
35009,25602,0
35010,25602,0
35011,25576,24
35012,25602,0
35013,25602,0
35014,25602,0
35015,25602,0
35016,25602,0
35017,25449,140
35018,25237,336
35019,25602,0
35020,25010,548
35021,25602,0
35022,25602,0
35023,25602,0
35024,25497,96
35025,25602,0
35026,25563,36
35027,25576,24
35028,25602,0
35029,25602,0
35030,25602,0
35031,25489,104
35032,25602,0
35033,20769,4896
35034,25602,0
35035,25602,0
35036,24903,648
35037,25602,0
35038,25572,28
35039,25602,0
35040,25602,0
35041,25602,0
35042,25602,0
35043,25602,0
35044,25602,0
35045,25602,0
35046,25602,0
35047,25602,0
35048,25410,176
35049,25576,24
35050,25602,0
35051,25602,0
35052,25563,36
35053,23273,2232
35054,25602,0
35055,25602,0
35056,25602,0
35057,25602,0
35058,25602,0
35059,22635,2882
35060,25576,24
35061,25602,0
35062,25602,0
35063,25602,0
35064,24316,1206
35065,24905,646
35066,25602,0
35067,22984,2524
35068,25602,0
35069,25095,468
35070,25602,0
35071,25602,0
35072,25602,0
35073,25602,0
35074,25602,0
35075,25602,0
35076,25602,0
35077,25602,0
35078,25602,0
35079,25149,418
35080,25602,0
35081,24548,984
35082,25576,24
35083,24502,1028
35084,25602,0
35085,25576,24
35086,25602,0
35087,25602,0
35088,25602,0
35089,25602,0
35090,25602,0
35091,23339,2166
35092,25602,0
35093,25602,0
35094,25602,0
35095,25602,0
35096,25576,24
35097,25602,0
35098,25602,0
35099,25563,36
35100,25602,0
35101,24948,606
35102,25602,0
35103,25602,0
35104,25602,0
35105,25602,0
35106,25602,0
35107,25602,0
35108,25602,0
35109,25602,0
35110,25602,0
35111,22886,2624
35112,25602,0
35113,25576,24
35114,25250,324
35115,18759,7278
35116,25602,0
35117,25602,0
35118,25602,0
35119,25602,0
35120,25602,0
35121,25602,0
35122,25602,0
35123,25121,444
35124,25602,0
35125,25576,24
35126,25602,0
35127,25142,424
35128,25602,0
35129,25576,24
35130,25602,0
35131,15367,11944
35132,25602,0
35133,25550,48
35134,25602,0
35135,25010,548
35136,25602,0
35137,25602,0
35138,25602,0
35139,25602,0
35140,25602,0
35141,25602,0
35142,25602,0
35143,21387,4210
35144,25602,0
35145,25602,0
35146,25602,0
35147,25602,0
35148,25497,96
35149,25602,0
35150,25602,0
35151,25602,0
35152,24272,1248
35153,25602,0
35154,24818,728
35155,20088,5676
35156,25576,24
35157,25602,0
35158,25602,0
35159,25602,0
35160,25602,0
35161,25602,0
35162,2837,51480
35163,25602,0
35164,25428,160
35165,25602,0
35166,19866,5936
35167,25572,28
35168,25602,0
35169,25602,0
35170,25602,0
35171,25602,0
35172,23853,1656
35173,25602,0
35174,25602,0
35175,25602,0
35176,25602,0
35177,25602,0
35178,24769,774
35179,25602,0
35180,25572,28
35181,25602,0
35182,25602,0
35183,25602,0
35184,25363,220
35185,25602,0
35186,25602,0
35187,25602,0
35188,25602,0
35189,25602,0
35190,23755,1752
35191,25602,0
35192,25602,0
35193,25602,0
35194,23733,1774
35195,25602,0
35196,25602,0
35197,25602,0
35198,25602,0
35199,25602,0
35200,25602,0
35201,24630,906
35202,25602,0
35203,25170,398
35204,25602,0
35205,25602,0
35206,23886,1624
35207,25602,0
35208,25602,0
35209,25602,0
35210,25602,0
35211,25576,24
35212,25576,24
35213,25602,0
35214,22042,3504
35215,25602,0
35216,25576,24
35217,16252,10634
35218,25541,56
35219,25602,0
35220,25602,0
35221,25602,0
35222,25602,0
35223,25602,0
35224,25602,0
35225,25602,0
35226,25602,0
35227,23877,1632
35228,25602,0
35229,25517,78
35230,25602,0
35231,25602,0
35232,25602,0
35233,25602,0
35234,25602,0
35235,25602,0
35236,25095,468
35237,25602,0
35238,25602,0
35239,25250,324
35240,2881,51116
35241,25602,0
35242,25250,324
35243,23033,2474
35244,25572,28
35245,21374,4224
35246,25572,28
35247,24194,1324
35248,25602,0
35249,24590,944
35250,25602,0
35251,24664,874
35252,25602,0
35253,25550,48
35254,21583,3996
35255,25602,0
35256,25602,0
35257,25602,0
35258,25602,0
35259,25602,0
35260,24418,1108
35261,25576,24
35262,25602,0
35263,25602,0
35264,25602,0
35265,25602,0
35266,23865,1644
35267,24558,974
35268,25602,0
35269,23986,1526
35270,25602,0
35271,25602,0
35272,25602,0
35273,23481,2024
35274,25541,56
35275,21755,3810
35276,25602,0
35277,25602,0
35278,25602,0
35279,25602,0
35280,25602,0
35281,25602,0
35282,25576,24
35283,25515,80
35284,25602,0
35285,25576,24
35286,24326,1196
35287,25602,0
35288,25602,0
35289,23682,1824
35290,25462,128
35291,25602,0
35292,25602,0
35293,25602,0
35294,25550,48
35295,24833,714
35296,25602,0
35297,25602,0
35298,25602,0
35299,25602,0
35300,25602,0
35301,25602,0
35302,25602,0
35303,25602,0
35304,25602,0
35305,25602,0
35306,25602,0
35307,25602,0
35308,25510,84
35309,25602,0
35310,25602,0
35311,25602,0
35312,25576,24
35313,25602,0
35314,25576,24
35315,25602,0
35316,25602,0
35317,25602,0
35318,25602,0
35319,25602,0
35320,25602,0
35321,25602,0
35322,24818,728
35323,25602,0
35324,25602,0
35325,25602,0
35326,25602,0
35327,25602,0
35328,25602,0
35329,25602,0
35330,25602,0
35331,25602,0
35332,25602,0
35333,25602,0
35334,25602,0
35335,18342,7804
35336,25602,0
35337,25602,0
35338,25523,72
35339,25602,0
35340,22357,3172
35341,25602,0
35342,25602,0
35343,25602,0
35344,24903,648
35345,25602,0
35346,23071,2436
35347,25196,374
35348,25602,0
35349,25602,0
35350,25250,324
35351,25602,0
35352,25602,0
35353,25602,0
35354,25602,0
35355,25602,0
35356,25602,0
35357,25602,0
35358,25602,0
35359,25602,0
35360,25497,96
35361,25602,0
35362,25602,0
35363,23461,2044
35364,23461,2044
35365,25602,0
35366,24691,848
35367,25602,0
35368,25602,0
35369,25602,0
35370,25602,0
35371,25602,0
35372,24860,688
35373,25602,0
35374,25602,0
35375,25602,0
35376,25602,0
35377,25602,0
35378,25602,0
35379,25602,0
35380,25602,0
35381,25602,0
35382,24231,1288
35383,25602,0
35384,25495,98
35385,24502,1028
35386,25602,0
35387,25602,0
35388,23281,2224
35389,25602,0
35390,25602,0
35391,2372,55672
35392,25602,0
35393,25602,0
35394,25602,0
35395,25602,0
35396,25602,0
35397,24937,616
35398,25602,0
35399,25216,356
35400,25602,0
35401,25572,28
35402,25602,0
35403,25602,0
35404,25602,0
35405,25602,0
35406,25602,0
35407,25602,0
35408,25602,0
35409,25602,0
35410,25602,0
35411,25493,100
35412,25602,0
35413,25602,0
35414,4335,41556
35415,25602,0
35416,25602,0
35417,25602,0
35418,25602,0
35419,25572,28
35420,25602,0
35421,25602,0
35422,25602,0
35423,19566,6292
35424,25602,0
35425,25602,0
35426,25602,0
35427,25602,0
35428,23281,2224
35429,25602,0
35430,25602,0
35431,25602,0
35432,25602,0
35433,25602,0
35434,25602,0
35435,25602,0
35436,25602,0
35437,25602,0
35438,25602,0
35439,25602,0
35440,25602,0
35441,25602,0
35442,25173,396
35443,25602,0
35444,25602,0
35445,25576,24
35446,25497,96
35447,23881,1628
35448,25602,0
35449,25602,0
35450,25602,0
35451,25602,0
35452,25602,0
35453,25602,0
35454,25602,0
35455,25602,0
35456,25602,0
35457,25602,0
35458,25602,0
35459,25602,0
35460,25602,0
35461,25602,0
35462,25022,536
35463,25602,0
35464,25602,0
35465,25602,0
35466,19131,6818
35467,24097,1418
35468,25602,0
35469,25602,0
35470,16312,10548
35471,25602,0
35472,25602,0
35473,25602,0
35474,25602,0
35475,25602,0
35476,25445,144
35477,25602,0
35478,25602,0
35479,25602,0
35480,25602,0
35481,25602,0
35482,25602,0
35483,25550,48
35484,25572,28
35485,25602,0
35486,25602,0
35487,25572,28
35488,25602,0
35489,25602,0
35490,25602,0
35491,24907,644
35492,21082,4546
35493,25602,0
35494,25602,0
35495,25602,0
35496,25602,0
35497,25602,0
35498,22785,2728
35499,25602,0
35500,25602,0
35501,23820,1688
35502,25602,0
35503,25602,0
35504,25602,0
35505,25602,0
35506,3019,50024
35507,25602,0
35508,25602,0
35509,25602,0
35510,25602,0
35511,25602,0
35512,25602,0
35513,25602,0
35514,25441,148
35515,25602,0
35516,25602,0
35517,25602,0
35518,25602,0
35519,24212,1306
35520,25602,0
35521,25602,0
35522,25602,0
35523,25602,0
35524,25602,0
35525,25602,0
35526,16396,10428
35527,25602,0
35528,25602,0
35529,25602,0
35530,25602,0
35531,25602,0
35532,25358,224
35533,23650,1856
35534,24138,1378
35535,25602,0
35536,25602,0
35537,25602,0
35538,17660,8690
35539,23277,2228
35540,25602,0
35541,25602,0
35542,25602,0
35543,25602,0
35544,25602,0
35545,23431,2074
35546,2684,52778
35547,25337,244
35548,25602,0
35549,24337,1186
35550,25602,0
35551,25602,0
35552,25602,0
35553,25108,456
35554,25602,0
35555,25576,24
35556,25121,444
35557,25087,476
35558,25602,0
35559,25602,0
35560,23085,2422
35561,23495,2010
35562,25602,0
35563,25602,0
35564,25602,0
35565,22961,2548
35566,25602,0
35567,25602,0
35568,25602,0
35569,25602,0
35570,25602,0
35571,13222,15462
35572,25576,24
35573,25541,56
35574,25602,0
35575,25602,0
35576,25602,0
35577,25602,0
35578,25602,0
35579,25602,0
35580,25602,0
35581,25602,0
35582,25602,0
35583,25602,0
35584,24775,768
35585,18298,7860
35586,25602,0
35587,25602,0
35588,24850,698
35589,25602,0
35590,25602,0
35591,25602,0
35592,25602,0
35593,25602,0
35594,25602,0
35595,25602,0
35596,25602,0
35597,25602,0
35598,25602,0
35599,25602,0
35600,25602,0
35601,25602,0
35602,25602,0
35603,25602,0
35604,25602,0
35605,25576,24
35606,25602,0
35607,25602,0
35608,25445,144
35609,25602,0
35610,25602,0
35611,25550,48
35612,23755,1752
35613,25515,80
35614,25602,0
35615,25602,0
35616,25602,0
35617,25602,0
35618,25602,0
35619,25602,0
35620,20634,5048
35621,25602,0
35622,25602,0
35623,25602,0
35624,25332,248
35625,25602,0
35626,25602,0
35627,25602,0
35628,25602,0
35629,25602,0
35630,25602,0
35631,25602,0
35632,25602,0
35633,23083,2424
35634,23963,1548
35635,25602,0
35636,25602,0
35637,25602,0
35638,25602,0
35639,25602,0
35640,24818,728
35641,25014,544
35642,25602,0
35643,25602,0
35644,20786,4876
35645,25602,0
35646,25602,0
35647,25602,0
35648,25576,24
35649,25602,0
35650,25602,0
35651,25602,0
35652,25602,0
35653,25602,0
35654,25602,0
35655,25602,0
35656,25602,0
35657,25550,48
35658,25602,0
35659,25602,0
35660,25545,52
35661,25602,0
35662,20532,5164
35663,25602,0
35664,25602,0
35665,25602,0
35666,25602,0
35667,25602,0
35668,24082,1432
35669,22963,2546
35670,25602,0
35671,25602,0
35672,25602,0
35673,25602,0
35674,23239,2266
35675,25602,0
35676,25576,24
35677,25602,0
35678,25602,0
35679,19346,6556
35680,25602,0
35681,25602,0
35682,23307,2198
35683,25602,0
35684,24980,576
35685,25602,0
35686,25602,0
35687,25602,0
35688,25602,0
35689,25602,0
35690,25304,274
35691,25602,0
35692,2439,55016
35693,25602,0
35694,25602,0
35695,25602,0
35696,25576,24
35697,25602,0
35698,25602,0
35699,25602,0
35700,25332,248
35701,20450,5258
35702,25602,0
35703,25602,0
35704,25602,0
35705,25602,0
35706,25602,0
35707,25602,0
35708,25602,0
35709,25602,0
35710,25602,0
35711,25602,0
35712,25602,0
35713,24822,724
35714,25602,0
35715,25602,0
35716,25545,52
35717,25602,0
35718,24297,1224
35719,22914,2596
35720,24822,724
35721,25602,0
35722,25602,0
35723,25602,0
35724,25602,0
35725,25576,24
35726,25602,0
35727,25602,0
35728,25602,0
35729,25602,0
35730,25602,0
35731,25602,0
35732,25602,0
35733,25602,0
35734,25393,192
35735,24905,646
35736,25602,0
35737,25602,0
35738,23947,1564
35739,25572,28
35740,25602,0
35741,25602,0
35742,25602,0
35743,25602,0
35744,25602,0
35745,25537,60
35746,25602,0
35747,25602,0
35748,25602,0
35749,25602,0
35750,25602,0
35751,25602,0
35752,25602,0
35753,25534,62
35754,20573,5118
35755,24668,870
35756,25602,0
35757,25602,0
35758,25602,0
35759,25602,0
35760,24875,674
35761,25602,0
35762,25602,0
35763,25602,0
35764,25602,0
35765,25602,0
35766,25602,0
35767,8084,26974
35768,25602,0
35769,24716,824
35770,25602,0
35771,25602,0
35772,25602,0
35773,25602,0
35774,25602,0
35775,25602,0
35776,25358,224
35777,25602,0
35778,25602,0
35779,25602,0
35780,25602,0
35781,25602,0
35782,25602,0
35783,24349,1174
35784,25602,0
35785,25142,424
35786,25576,24
35787,25602,0
35788,25602,0
35789,25354,228
35790,25602,0
35791,25602,0
35792,25602,0
35793,25602,0
35794,25576,24
35795,25602,0
35796,25602,0
35797,25602,0
35798,22106,3436
35799,25602,0
35800,24556,976
35801,25493,100
35802,21174,4444
35803,25602,0
35804,25602,0
35805,23481,2024
35806,25602,0
35807,25602,0
35808,25602,0
35809,25602,0
35810,25602,0
35811,25602,0
35812,25602,0
35813,25602,0
35814,21145,4476
35815,25602,0
35816,23886,1624
35817,25602,0
35818,24903,648
35819,25602,0
35820,25445,144
35821,25602,0
35822,25602,0
35823,25602,0
35824,25602,0
35825,25602,0
35826,25602,0
35827,25602,0
35828,25602,0
35829,25602,0
35830,25602,0
35831,25602,0
35832,24297,1224
35833,25602,0
35834,25602,0
35835,25576,24
35836,25602,0
35837,25576,24
35838,25550,48
35839,25602,0
35840,25602,0
35841,25572,28
35842,23953,1558
35843,25602,0
35844,25602,0
35845,25602,0
35846,25117,448
35847,25602,0
35848,25602,0
35849,25576,24
35850,25602,0
35851,25602,0
35852,25602,0
35853,25510,84
35854,25602,0
35855,25602,0
35856,25602,0
35857,25602,0
35858,16747,9932
35859,25576,24
35860,25428,160
35861,25602,0
35862,25602,0
35863,25602,0
35864,25602,0
35865,25602,0
35866,25602,0
35867,25489,104
35868,25563,36
35869,25602,0
35870,25602,0
35871,25519,76
35872,25572,28
35873,25602,0
35874,25602,0
35875,19264,6656
35876,25602,0
35877,25602,0
35878,25602,0
35879,25447,142
35880,25602,0
35881,25513,82
35882,25602,0
35883,25602,0
35884,25602,0
35885,15729,11400
35886,25602,0
35887,25602,0
35888,23861,1648
35889,25602,0
35890,25602,0
35891,24293,1228
35892,25602,0
35893,25602,0
35894,25602,0
35895,25602,0
35896,25602,0
35897,25602,0
35898,23033,2474
35899,25602,0
35900,25602,0
35901,25602,0
35902,25602,0
35903,22984,2524
35904,25602,0
35905,25602,0
35906,3423,47084
35907,25602,0
35908,25602,0
35909,22965,2544
35910,25602,0
35911,21646,3928
35912,25602,0
35913,25602,0
35914,25602,0
35915,25576,24
35916,25602,0
35917,20994,4644
35918,25602,0
35919,23091,2416
35920,25476,116
35921,25602,0
35922,25602,0
35923,25602,0
35924,25602,0
35925,25602,0
35926,25602,0
35927,25602,0
35928,25602,0
35929,25550,48
35930,25602,0
35931,25432,156
35932,25602,0
35933,25602,0
35934,25602,0
35935,25602,0
35936,25602,0
35937,25563,36
35938,25602,0
35939,25602,0
35940,25602,0
35941,19303,6608
35942,24903,648
35943,25602,0
35944,25576,24
35945,25602,0
35946,24901,650
35947,25415,172
35948,25602,0
35949,25602,0
35950,25576,24
35951,25602,0
35952,25602,0
35953,25602,0
35954,25602,0
35955,25602,0
35956,25602,0
35957,18054,8174
35958,25602,0
35959,25602,0
35960,25602,0
35961,25602,0
35962,25576,24
35963,25602,0
35964,8169,26730
35965,25602,0
35966,25602,0
35967,25576,24
35968,25602,0
35969,25602,0
35970,25602,0
35971,22212,3324
35972,25497,96
35973,25229,344
35974,25602,0
35975,25231,342
35976,25602,0
35977,25602,0
35978,25445,144
35979,25602,0
35980,23170,2336
35981,25572,28
35982,25602,0
35983,25576,24
35984,25602,0
35985,25602,0
35986,25576,24
35987,25602,0
35988,25602,0
35989,25602,0
35990,25576,24
35991,25602,0
35992,25602,0
35993,25602,0
35994,25602,0
35995,25602,0
35996,7826,27734
35997,25521,74
35998,25602,0
35999,23543,1962
36000,25602,0
36001,25602,0
36002,25602,0
36003,25602,0
36004,25602,0
36005,19452,6428
36006,15268,12096
36007,25602,0
36008,25602,0
36009,25602,0
36010,25602,0
36011,25602,0
36012,25602,0
36013,25602,0
36014,25602,0
36015,25602,0
36016,25602,0
36017,25602,0
36018,19373,6524
36019,25602,0
36020,25602,0
36021,25602,0
36022,330,101852
36023,25602,0
36024,25602,0
36025,24744,798
36026,25602,0
36027,24481,1048
36028,25602,0
36029,25250,324
36030,25602,0
36031,25602,0
36032,25602,0
36033,25602,0
36034,25602,0
36035,25602,0
36036,25602,0
36037,25602,0
36038,25497,96
36039,25602,0
36040,25602,0
36041,22303,3228
36042,25138,428
36043,25419,168
36044,23833,1676
36045,23886,1624
36046,25602,0
36047,25602,0
36048,25602,0
36049,25602,0
36050,25602,0
36051,25602,0
36052,25602,0
36053,25532,64
36054,25602,0
36055,25076,486
36056,25445,144
36057,22686,2830
36058,25602,0
36059,25497,96
36060,25602,0
36061,25121,444
36062,25602,0
36063,25602,0
36064,25602,0
36065,25602,0
36066,25602,0
36067,25602,0
36068,25572,28
36069,25602,0
36070,25576,24
36071,25602,0
36072,25602,0
36073,25602,0
36074,25602,0
36075,25602,0
36076,25602,0
36077,25602,0
36078,25541,56
36079,25602,0
36080,22912,2598
36081,5480,36072
36082,25602,0
36083,24982,574
36084,25602,0
36085,24142,1374
36086,25393,192
36087,25602,0
36088,25471,120
36089,25602,0
36090,25602,0
36091,25602,0
36092,25602,0
36093,25602,0
36094,25602,0
36095,25069,492
36096,25229,344
36097,25602,0
36098,25602,0
36099,24809,736
36100,25602,0
36101,25602,0
36102,25602,0
36103,25142,424
36104,25602,0
36105,25602,0
36106,24871,678
36107,25602,0
36108,25572,28
36109,25602,0
36110,25602,0
36111,23937,1574
36112,25602,0
36113,25602,0
36114,24086,1428
36115,25602,0
36116,25602,0
36117,25602,0
36118,25602,0
36119,25563,36
36120,24977,578
36121,25602,0
36122,25602,0
36123,25602,0
36124,12221,17304
36125,24664,874
36126,25602,0
36127,25602,0
36128,25602,0
36129,25602,0
36130,25576,24
36131,25602,0
36132,24756,786
36133,25602,0
36134,25602,0
36135,25602,0
36136,25602,0
36137,25602,0
36138,25602,0
36139,25602,0
36140,25602,0
36141,25602,0
36142,25602,0
36143,24297,1224
36144,25602,0
36145,25602,0
36146,25602,0
36147,24638,898
36148,25089,474
36149,25602,0
36150,22980,2528
36151,25602,0
36152,25602,0
36153,25602,0
36154,25602,0
36155,25602,0
36156,25602,0
36157,25602,0
36158,25602,0
36159,25602,0
36160,16329,10524
36161,25602,0
36162,25602,0
36163,25602,0
36164,25602,0
36165,25602,0
36166,25576,24
36167,25602,0
36168,24988,568
36169,25602,0
36170,25378,206
36171,25602,0
36172,25602,0
36173,25602,0
36174,24756,786
36175,25602,0
36176,25602,0
36177,23784,1724
36178,25602,0
36179,25602,0
36180,25602,0
36181,25602,0
36182,25602,0
36183,25602,0
36184,23640,1866
36185,25602,0
36186,25602,0
36187,24577,956
36188,25602,0
36189,25602,0
36190,25602,0
36191,25602,0
36192,24272,1248
36193,25602,0
36194,25602,0
36195,25602,0
36196,22980,2528
36197,25602,0
36198,25563,36
36199,25602,0
36200,21489,4098
36201,25602,0
36202,25224,348
36203,25602,0
36204,25602,0
36205,25602,0
36206,25602,0
36207,24456,1072
36208,24924,628
36209,25602,0
36210,25602,0
36211,25602,0
36212,25602,0
36213,25602,0
36214,25602,0
36215,25563,36
36216,25519,76
36217,25602,0
36218,25602,0
36219,25602,0
36220,25493,100
36221,25602,0
36222,25602,0
36223,23845,1664
36224,25602,0
36225,25602,0
36226,25602,0
36227,25602,0
36228,25602,0
36229,25467,124
36230,25602,0
36231,25602,0
36232,25602,0
36233,22929,2580
36234,25602,0
36235,25602,0
36236,25602,0
36237,25602,0
36238,25602,0
36239,25602,0
36240,25602,0
36241,25602,0
36242,25602,0
36243,23162,2344
36244,25602,0
36245,25602,0
36246,25602,0
36247,25602,0
36248,25602,0
36249,25602,0
36250,25602,0
36251,22765,2748
36252,25541,56
36253,25602,0
36254,25602,0
36255,25541,56
36256,25602,0
36257,25523,72
36258,25602,0
36259,25602,0
36260,25602,0
36261,25602,0
36262,25572,28
36263,25224,348
36264,25602,0
36265,25602,0
36266,25300,278
36267,25602,0
36268,25550,48
36269,25099,464
36270,25602,0
36271,25386,198
36272,25142,424
36273,25602,0
36274,25602,0
36275,25602,0
36276,25602,0
36277,25602,0
36278,25602,0
36279,25602,0
36280,23457,2048
36281,25602,0
36282,25602,0
36283,25572,28
36284,25550,48
36285,25602,0
36286,25198,372
36287,25358,224
36288,25602,0
36289,25602,0
36290,25602,0
36291,25602,0
36292,25602,0
36293,25602,0
36294,25602,0
36295,25602,0
36296,25602,0
36297,25602,0
36298,25602,0
36299,25602,0
36300,24871,678
36301,25602,0
36302,25602,0
36303,25602,0
36304,24397,1128
36305,25602,0
36306,24590,944
36307,25602,0
36308,25602,0
36309,25602,0
36310,25602,0
36311,25602,0
36312,25602,0
36313,25563,36
36314,25332,248
36315,25602,0
36316,25550,48
36317,25602,0
36318,25602,0
36319,25602,0
36320,25602,0
36321,25602,0
36322,25602,0
36323,9364,23536
36324,25602,0
36325,25602,0
36326,25550,48
36327,25602,0
36328,25602,0
36329,9727,22646
36330,25497,96
36331,25602,0
36332,25602,0
36333,25602,0
36334,25602,0
36335,25602,0
36336,25602,0
36337,23967,1544
36338,25602,0
36339,25602,0
36340,25010,548
36341,25602,0
36342,25602,0
36343,24611,924
36344,25196,374
36345,25602,0
36346,25602,0
36347,25602,0
36348,25602,0
36349,25602,0
36350,25602,0
36351,25602,0
36352,25035,524
36353,24219,1300
36354,25541,56
36355,25602,0
36356,25602,0
36357,25142,424
36358,2796,51816
36359,25602,0
36360,25445,144
36361,25602,0
36362,25602,0
36363,25602,0
36364,24293,1228
36365,25602,0
36366,25602,0
36367,25602,0
36368,25602,0
36369,25602,0
36370,25602,0
36371,23992,1520
36372,25602,0
36373,25142,424
36374,25602,0
36375,25602,0
36376,25602,0
36377,20389,5328
36378,25602,0
36379,25602,0
36380,25602,0
36381,25602,0
36382,25602,0
36383,25519,76
36384,25576,24
36385,25602,0
36386,25602,0
36387,25602,0
36388,25602,0
36389,25550,48
36390,25602,0
36391,25602,0
36392,25550,48
36393,25602,0
36394,25602,0
36395,25521,74
36396,25138,428
36397,25550,48
36398,24924,628
36399,25602,0
36400,25602,0
36401,25602,0
36402,25602,0
36403,25602,0
36404,25602,0
36405,25602,0
36406,25519,76
36407,25602,0
36408,23190,2316
36409,24493,1036
36410,25602,0
36411,21750,3816
36412,25602,0
36413,25602,0
36414,25602,0
36415,25602,0
36416,25602,0
36417,25602,0
36418,25602,0
36419,25602,0
36420,25602,0
36421,25602,0
36422,25445,144
36423,25602,0
36424,25602,0
36425,24980,576
36426,25602,0
36427,25602,0
36428,25602,0
36429,19198,6736
36430,25602,0
36431,25602,0
36432,25602,0
36433,24852,696
36434,25602,0
36435,25602,0
36436,25602,0
36437,25602,0
36438,25602,0
36439,25471,120
36440,25550,48
36441,25602,0
36442,25602,0
36443,25035,524
36444,25602,0
36445,25602,0
36446,25602,0
36447,25602,0
36448,25572,28
36449,25602,0
36450,25602,0
36451,25358,224
36452,25602,0
36453,25523,72
36454,23124,2382
36455,25095,468
36456,25602,0
36457,25602,0
36458,25554,44
36459,25162,406
36460,25602,0
36461,25602,0
36462,25602,0
36463,25602,0
36464,25563,36
36465,25602,0
36466,25602,0
36467,24571,962
36468,25602,0
36469,25602,0
36470,25602,0
36471,25602,0
36472,25519,76
36473,25602,0
36474,25142,424
36475,25602,0
36476,24916,636
36477,25602,0
36478,25602,0
36479,25602,0
36480,25602,0
36481,25602,0
36482,23331,2174
36483,25602,0
36484,25602,0
36485,25602,0
36486,25602,0
36487,23955,1556
36488,25602,0
36489,25602,0
36490,16452,10348
36491,25602,0
36492,25010,548
36493,25602,0
36494,25602,0
36495,25602,0
36496,25602,0
36497,25602,0
36498,25602,0
36499,25602,0
36500,25572,28
36501,25602,0
36502,25602,0
36503,25528,68
36504,25602,0
36505,25602,0
36506,25602,0
36507,25576,24
36508,25602,0
36509,24982,574
36510,25602,0
36511,25602,0
36512,25602,0
36513,25602,0
36514,25602,0
36515,25602,0
36516,25602,0
36517,25602,0
36518,25602,0
36519,25602,0
36520,25602,0
36521,18944,7048
36522,23577,1928
36523,25602,0
36524,25250,324
36525,25602,0
36526,25602,0
36527,25602,0
36528,25602,0
36529,25602,0
36530,24351,1172
36531,17339,9120
36532,25602,0
36533,25541,56
36534,25602,0
36535,25602,0
36536,25602,0
36537,25602,0
36538,25602,0
36539,25602,0
36540,25602,0
36541,25602,0
36542,25602,0
36543,25602,0
36544,25602,0
36545,25602,0
36546,25602,0
36547,25602,0
36548,25602,0
36549,25602,0
36550,25602,0
36551,25602,0
36552,25602,0
36553,25602,0
36554,25576,24
36555,25602,0
36556,25550,48
36557,25602,0
36558,25602,0
36559,25602,0
36560,25602,0
36561,25602,0
36562,25515,80
36563,24894,656
36564,25602,0
36565,25572,28
36566,25602,0
36567,25602,0
36568,25602,0
36569,25519,76
36570,25602,0
36571,25602,0
36572,25554,44
36573,25602,0
36574,24916,636
36575,25602,0
36576,25602,0
36577,1433,67468
36578,25602,0
36579,25602,0
36580,25602,0
36581,25099,464
36582,25602,0
36583,25602,0
36584,25602,0
36585,25602,0
36586,15465,11796
36587,25602,0
36588,25602,0
36589,25602,0
36590,25602,0
36591,25602,0
36592,25602,0
36593,25089,474
36594,25035,524
36595,25602,0
36596,25602,0
36597,25602,0
36598,25602,0
36599,25563,36
36600,25602,0
36601,25602,0
36602,25602,0
36603,25127,438
36604,25602,0
36605,25602,0
36606,25602,0
36607,23381,2124
36608,25602,0
36609,25602,0
36610,23101,2406
36611,24493,1036
36612,25602,0
36613,25602,0
36614,24493,1036
36615,25602,0
36616,25602,0
36617,25602,0
36618,24293,1228
36619,25602,0
36620,25602,0
36621,25602,0
36622,25602,0
36623,24527,1004
36624,25602,0
36625,25602,0
36626,25602,0
36627,25602,0
36628,25602,0
36629,25602,0
36630,25467,124
36631,25602,0
36632,24969,586
36633,25602,0
36634,25602,0
36635,25602,0
36636,20434,5276
36637,22210,3326
36638,25602,0
36639,23772,1736
36640,25602,0
36641,22468,3056
36642,23481,2024
36643,25602,0
36644,25602,0
36645,25576,24
36646,25602,0
36647,25602,0
36648,2684,52780
36649,25602,0
36650,25602,0
36651,25602,0
36652,25602,0
36653,25602,0
36654,25602,0
36655,25602,0
36656,25602,0
36657,25602,0
36658,25602,0
36659,25602,0
36660,24928,624
36661,25602,0
36662,25602,0
36663,25602,0
36664,25602,0
36665,25576,24
36666,25602,0
36667,25515,80
36668,23489,2016
36669,25602,0
36670,24928,624
36671,25486,106
36672,25602,0
36673,25602,0
36674,25602,0
36675,25602,0
36676,25602,0
36677,25602,0
36678,21321,4282
36679,25304,274
36680,25602,0
36681,25602,0
36682,25572,28
36683,20026,5748
36684,24091,1424
36685,25602,0
36686,25602,0
36687,25576,24
36688,20288,5444
36689,25602,0
36690,18499,7604
36691,24655,882
36692,25602,0
36693,25602,0
36694,25602,0
36695,25602,0
36696,25602,0
36697,25602,0
36698,25602,0
36699,25602,0
36700,25602,0
36701,25602,0
36702,25602,0
36703,24586,948
36704,25602,0
36705,25602,0
36706,21051,4580
36707,25602,0
36708,25602,0
36709,25602,0
36710,25358,224
36711,25108,456
36712,25576,24
36713,25602,0
36714,25602,0
36715,25142,424
36716,25576,24
36717,25602,0
36718,25602,0
36719,8530,25720
36720,25550,48
36721,25602,0
36722,25602,0
36723,25602,0
36724,25602,0
36725,22653,2864
36726,25602,0
36727,25602,0
36728,25602,0
36729,25602,0
36730,25602,0
36731,25602,0
36732,24822,724
36733,25602,0
36734,21217,4396
36735,24502,1028
36736,25602,0
36737,25602,0
36738,25602,0
36739,25602,0
36740,25602,0
36741,25602,0
36742,25602,0
36743,25602,0
36744,25602,0
36745,25602,0
36746,25576,24
36747,24297,1224
36748,25602,0
36749,25602,0
36750,25117,448
36751,25602,0
36752,25602,0
36753,25602,0
36754,25602,0
36755,25445,144
36756,25602,0
36757,25602,0
36758,25602,0
36759,25576,24
36760,25602,0
36761,25602,0
36762,25602,0
36763,25602,0
36764,25602,0
36765,25602,0
36766,25572,28
36767,24607,928
36768,25602,0
36769,24765,778
36770,24839,708
36771,25602,0
36772,25602,0
36773,24689,850
36774,25602,0
36775,25576,24
36776,25602,0
36777,25602,0
36778,7763,27924
36779,25602,0
36780,25602,0
36781,25602,0
36782,25602,0
36783,25550,48
36784,25602,0
36785,25602,0
36786,25602,0
36787,25445,144
36788,25519,76
36789,23509,1996
36790,25576,24
36791,25602,0
36792,25550,48
36793,25563,36
36794,25602,0
36795,25602,0
36796,25602,0
36797,25602,0
36798,25602,0
36799,25602,0
36800,23835,1674
36801,25602,0
36802,23012,2496
36803,21272,4336
36804,25602,0
36805,25602,0
36806,25602,0
36807,24293,1228
36808,25602,0
36809,25602,0
36810,25602,0
36811,25602,0
36812,25602,0
36813,25602,0
36814,25602,0
36815,25602,0
36816,25602,0
36817,25602,0
36818,25602,0
36819,25602,0
36820,25602,0
36821,25602,0
36822,25602,0
36823,23843,1666
36824,25602,0
36825,25602,0
36826,25602,0
36827,25602,0
36828,25602,0
36829,25602,0
36830,25602,0
36831,25602,0
36832,19968,5816
36833,25602,0
36834,25602,0
36835,25602,0
36836,25602,0
36837,24316,1206
36838,21011,4624
36839,25602,0
36840,25602,0
36841,25602,0
36842,25602,0
36843,25602,0
36844,22498,3024
36845,25602,0
36846,25602,0
36847,25602,0
36848,21701,3868
36849,25602,0
36850,22916,2594
36851,25602,0
36852,25602,0
36853,25602,0
36854,25602,0
36855,25602,0
36856,25602,0
36857,25602,0
36858,25550,48
36859,24454,1074
36860,25497,96
36861,25550,48
36862,25602,0
36863,25035,524
36864,25602,0
36865,25572,28
36866,25602,0
36867,22761,2752
36868,24704,836
36869,25602,0
36870,25602,0
36871,25602,0
36872,25602,0
36873,25602,0
36874,25602,0
36875,25602,0
36876,25602,0
36877,25602,0
36878,25602,0
36879,25602,0
36880,24659,878
36881,25602,0
36882,25602,0
36883,25602,0
36884,25602,0
36885,24809,736
36886,25602,0
36887,25602,0
36888,25304,274
36889,25602,0
36890,25602,0
36891,25545,52
36892,25602,0
36893,25602,0
36894,25602,0
36895,25602,0
36896,25602,0
36897,25602,0
36898,25602,0
36899,25602,0
36900,25602,0
36901,25602,0
36902,25602,0
36903,25602,0
36904,25602,0
36905,25602,0
36906,25602,0
36907,25130,436
36908,25602,0
36909,25602,0
36910,25602,0
36911,25576,24
36912,25602,0
36913,17824,8474
36914,25602,0
36915,25602,0
36916,24649,888
36917,25602,0
36918,25602,0
36919,19477,6398
36920,25602,0
36921,25602,0
36922,25602,0
36923,25602,0
36924,25602,0
36925,25602,0
36926,23729,1778
36927,25602,0
36928,25602,0
36929,25602,0
36930,25602,0
36931,25576,24
36932,25602,0
36933,25218,354
36934,25602,0
36935,25602,0
36936,25142,424
36937,25602,0
36938,25602,0
36939,25602,0
36940,25550,48
36941,24152,1364
36942,25602,0
36943,25602,0
36944,25031,528
36945,25602,0
36946,25602,0
36947,25602,0
36948,25602,0
36949,24285,1236
36950,25602,0
36951,25602,0
36952,22783,2730
36953,25602,0
36954,25602,0
36955,25602,0
36956,25602,0
36957,25602,0
36958,25602,0
36959,24903,648
36960,23128,2378
36961,25602,0
36962,25602,0
36963,25602,0
36964,25602,0
36965,25576,24
36966,25602,0
36967,20392,5324
36968,25602,0
36969,25602,0
36970,25602,0
36971,25602,0
36972,25602,0
36973,24343,1180
36974,25602,0
36975,25602,0
36976,25602,0
36977,24091,1424
36978,25602,0
36979,25602,0
36980,15238,12142
36981,23759,1748
36982,25602,0
36983,25602,0
36984,25410,176
36985,25602,0
36986,25602,0
36987,25602,0
36988,25602,0
36989,25602,0
36990,22583,2936
36991,25602,0
36992,15357,11960
36993,25602,0
36994,23032,2476
36995,25454,136
36996,23772,1736
36997,25602,0
36998,25602,0
36999,25602,0
37000,25602,0
37001,25602,0
37002,25550,48
37003,25602,0
37004,25602,0
37005,25602,0
37006,25497,96
37007,25602,0
37008,25563,36
37009,25602,0
37010,25572,28
37011,25602,0
37012,25602,0
37013,25602,0
37014,25602,0
37015,25602,0
37016,25602,0
37017,25602,0
37018,21742,3824
37019,25602,0
37020,23986,1526
37021,25602,0
37022,25602,0
37023,25602,0
37024,25499,94
37025,25602,0
37026,25602,0
37027,25014,544
37028,25602,0
37029,25602,0
37030,25572,28
37031,25602,0
37032,25602,0
37033,25602,0
37034,25602,0
37035,25602,0
37036,25563,36
37037,25602,0
37038,25602,0
37039,25602,0
37040,25602,0
37041,18703,7348
37042,25602,0
37043,25602,0
37044,21905,3650
37045,24297,1224
37046,25602,0
37047,25602,0
37048,25602,0
37049,25602,0
37050,25065,496
37051,25602,0
37052,25602,0
37053,25467,124
37054,25602,0
37055,19522,6344
37056,23943,1568
37057,25576,24
37058,22984,2524
37059,25602,0
37060,25572,28
37061,25602,0
37062,25602,0
37063,25602,0
37064,25602,0
37065,25602,0
37066,25602,0
37067,25602,0
37068,25190,380
37069,25602,0
37070,25602,0
37071,22364,3164
37072,25602,0
37073,24611,924
37074,25602,0
37075,25602,0
37076,25602,0
37077,25602,0
37078,25602,0
37079,25602,0
37080,25602,0
37081,25602,0
37082,24875,674
37083,25602,0
37084,25602,0
37085,25602,0
37086,25602,0
37087,25602,0
37088,25602,0
37089,25602,0
37090,25510,84
37091,23914,1596
37092,25602,0
37093,25602,0
37094,25602,0
37095,25602,0
37096,25563,36
37097,25602,0
37098,25602,0
37099,25602,0
37100,25602,0
37101,25541,56
37102,8648,25398
37103,25602,0
37104,25602,0
37105,19951,5836
37106,25602,0
37107,25602,0
37108,25572,28
37109,25602,0
37110,25602,0
37111,24905,646
37112,25602,0
37113,25602,0
37114,25602,0
37115,25602,0
37116,24744,798
37117,25602,0
37118,25602,0
37119,25602,0
37120,25602,0
37121,25602,0
37122,25602,0
37123,25602,0
37124,25602,0
37125,2869,51212
37126,25130,436
37127,25602,0
37128,25458,132
37129,25576,24
37130,19976,5806
37131,25602,0
37132,25489,104
37133,25602,0
37134,25324,256
37135,25602,0
37136,25602,0
37137,25602,0
37138,25602,0
37139,25602,0
37140,25602,0
37141,25602,0
37142,25602,0
37143,25602,0
37144,25602,0
37145,25576,24
37146,25602,0
37147,25602,0
37148,25602,0
37149,25602,0
37150,25441,148
37151,25602,0
37152,23511,1994
37153,25602,0
37154,25602,0
37155,19861,5942
37156,25572,28
37157,25602,0
37158,9778,22524
37159,25602,0
37160,25510,84
37161,25250,324
37162,25602,0
37163,20359,5362
37164,25602,0
37165,25602,0
37166,25602,0
37167,25602,0
37168,25602,0
37169,25602,0
37170,25602,0
37171,25602,0
37172,25602,0
37173,24712,828
37174,6969,30448
37175,25602,0
37176,25602,0
37177,25602,0
37178,23357,2148
37179,18167,8028
37180,24960,594
37181,25462,128
37182,23237,2268
37183,25602,0
37184,25602,0
37185,25602,0
37186,25602,0
37187,25602,0
37188,25602,0
37189,23249,2256
37190,25602,0
37191,25602,0
37192,25521,74
37193,25602,0
37194,25602,0
37195,25602,0
37196,25602,0
37197,25602,0
37198,25602,0
37199,25602,0
37200,24483,1046
37201,25576,24
37202,25572,28
37203,25602,0
37204,25602,0
37205,25602,0
37206,22257,3276
37207,25602,0
37208,24765,778
37209,25602,0
37210,23095,2412
37211,25602,0
37212,25602,0
37213,25602,0
37214,25602,0
37215,25602,0
37216,25358,224
37217,25602,0
37218,25602,0
37219,25576,24
37220,25602,0
37221,22485,3038
37222,25602,0
37223,25602,0
37224,25563,36
37225,25602,0
37226,25602,0
37227,25602,0
37228,25602,0
37229,25602,0
37230,25602,0
37231,20417,5296
37232,25602,0
37233,25602,0
37234,25510,84
37235,25602,0
37236,25602,0
37237,25602,0
37238,25602,0
37239,25602,0
37240,25602,0
37241,25602,0
37242,25602,0
37243,25602,0
37244,25602,0
37245,25602,0
37246,25602,0
37247,25602,0
37248,19449,6432
37249,25602,0
37250,25572,28
37251,25602,0
37252,25602,0
37253,25602,0
37254,25602,0
37255,25304,274
37256,25602,0
37257,25602,0
37258,25602,0
37259,25602,0
37260,25602,0
37261,25602,0
37262,25602,0
37263,25602,0
37264,25602,0
37265,25602,0
37266,25602,0
37267,25602,0
37268,25602,0
37269,25602,0
37270,25602,0
37271,25602,0
37272,25602,0
37273,16483,10304
37274,25602,0
37275,25311,268
37276,25602,0
37277,25602,0
37278,25602,0
37279,25550,48
37280,25602,0
37281,25602,0
37282,25602,0
37283,25602,0
37284,25602,0
37285,25602,0
37286,25602,0
37287,25602,0
37288,25467,124
37289,25602,0
37290,25602,0
37291,25602,0
37292,25572,28
37293,23134,2372
37294,25602,0
37295,24744,798
37296,22865,2646
37297,25602,0
37298,25602,0
37299,25602,0
37300,25602,0
37301,25602,0
37302,25602,0
37303,25602,0
37304,25602,0
37305,25473,118
37306,25602,0
37307,25602,0
37308,14400,13466
37309,25602,0
37310,25576,24
37311,24822,724
37312,25602,0
37313,25602,0
37314,25602,0
37315,23277,2228
37316,25602,0
37317,25602,0
37318,25602,0
37319,25602,0
37320,25602,0
37321,25211,360
37322,25441,148
37323,25497,96
37324,25602,0
37325,25602,0
37326,25602,0
37327,25602,0
37328,25324,256
37329,21596,3982
37330,25602,0
37331,25602,0
37332,25358,224
37333,25602,0
37334,25602,0
37335,25602,0
37336,25602,0
37337,25602,0
37338,25602,0
37339,22912,2598
37340,25602,0
37341,25602,0
37342,25602,0
37343,25602,0
37344,25576,24
37345,25602,0
37346,25576,24
37347,25602,0
37348,25480,112
37349,25602,0
37350,24916,636
37351,25196,374
37352,24447,1080
37353,25602,0
37354,25134,432
37355,25602,0
37356,25035,524
37357,25602,0
37358,25602,0
37359,25162,406
37360,25332,248
37361,25602,0
37362,25229,344
37363,25358,224
37364,25602,0
37365,25311,268
37366,25337,244
37367,25602,0
37368,8059,27048
37369,25602,0
37370,23130,2376
37371,25602,0
37372,25602,0
37373,25602,0
37374,25602,0
37375,23457,2048
37376,25602,0
37377,22736,2778
37378,25602,0
37379,25602,0
37380,16455,10344
37381,24746,796
37382,25602,0
37383,23828,1680
37384,25602,0
37385,25576,24
37386,24982,574
37387,25602,0
37388,25602,0
37389,25035,524
37390,25602,0
37391,25602,0
37392,25168,400
37393,25602,0
37394,25602,0
37395,25602,0
37396,25576,24
37397,25250,324
37398,25602,0
37399,25602,0
37400,25602,0
37401,25602,0
37402,25602,0
37403,25602,0
37404,25602,0
37405,20476,5228
37406,25602,0
37407,25602,0
37408,25602,0
37409,22765,2748
37410,25602,0
37411,23892,1618
37412,25602,0
37413,16385,10444
37414,25602,0
37415,25602,0
37416,25602,0
37417,25602,0
37418,25602,0
37419,25138,428
37420,25412,174
37421,25010,548
37422,25602,0
37423,25602,0
37424,25602,0
37425,25602,0
37426,25602,0
37427,25602,0
37428,25142,424
37429,25602,0
37430,25550,48
37431,25602,0
37432,25602,0
37433,25517,78
37434,25602,0
37435,25602,0
37436,25572,28
37437,25602,0
37438,25602,0
37439,24235,1284
37440,25602,0
37441,25602,0
37442,25602,0
37443,25142,424
37444,25602,0
37445,25602,0
37446,25602,0
37447,24725,816
37448,25602,0
37449,25602,0
37450,25602,0
37451,25576,24
37452,25602,0
37453,25602,0
37454,25602,0
37455,25602,0
37456,25497,96
37457,25572,28
37458,25515,80
37459,25602,0
37460,25572,28
37461,25497,96
37462,25602,0
37463,25602,0
37464,25602,0
37465,25602,0
37466,25602,0
37467,25602,0
37468,25602,0
37469,25602,0
37470,25550,48
37471,25602,0
37472,25602,0
37473,25602,0
37474,25602,0
37475,25602,0
37476,25454,136
37477,22498,3024
37478,25602,0
37479,25033,526
37480,25602,0
37481,22053,3492
37482,25602,0
37483,25602,0
37484,25602,0
37485,25602,0
37486,25602,0
37487,25602,0
37488,25602,0
37489,24142,1374
37490,23333,2172
37491,25602,0
37492,25602,0
37493,24406,1120
37494,21101,4524
37495,25602,0
37496,25602,0
37497,25602,0
37498,25602,0
37499,25602,0
37500,25602,0
37501,24756,786
37502,25602,0
37503,25602,0
37504,25576,24
37505,25572,28
37506,25602,0
37507,17625,8736
37508,25602,0
37509,25602,0
37510,25602,0
37511,25602,0
37512,24068,1446
37513,61,141516
37514,21279,4328
37515,25602,0
37516,25602,0
37517,25602,0
37518,25602,0
37519,25602,0
37520,25602,0
37521,23407,2098
37522,25602,0
37523,23628,1878
37524,25602,0
37525,25602,0
37526,25602,0
37527,25602,0
37528,25602,0
37529,25602,0
37530,25602,0
37531,25602,0
37532,25602,0
37533,25602,0
37534,25576,24
37535,25523,72
37536,25602,0
37537,25602,0
37538,25319,260
37539,25602,0
37540,25602,0
37541,25602,0
37542,9318,23652
37543,25602,0
37544,25602,0
37545,25602,0
37546,25602,0
37547,25602,0
37548,21101,4524
37549,25602,0
37550,25602,0
37551,25480,112
37552,25602,0
37553,25441,148
37554,25289,288
37555,25497,96
37556,24086,1428
37557,25602,0
37558,25462,128
37559,25602,0
37560,25602,0
37561,25602,0
37562,24598,936
37563,25602,0
37564,25602,0
37565,25337,244
37566,25602,0
37567,25602,0
37568,25602,0
37569,25602,0
37570,22495,3028
37571,25602,0
37572,25328,252
37573,25521,74
37574,25142,424
37575,25602,0
37576,25602,0
37577,25602,0
37578,25117,448
37579,25602,0
37580,25602,0
37581,25602,0
37582,25602,0
37583,25602,0
37584,25602,0
37585,25602,0
37586,25602,0
37587,25602,0
37588,25602,0
37589,25602,0
37590,795,81244
37591,25550,48
37592,25602,0
37593,25602,0
37594,25602,0
37595,22914,2596
37596,25602,0
37597,25602,0
37598,25602,0
37599,25602,0
37600,25602,0
37601,25602,0
37602,25602,0
37603,25332,248
37604,25602,0
37605,25602,0
37606,25602,0
37607,25602,0
37608,25602,0
37609,25602,0
37610,25563,36
37611,6719,31302
37612,25602,0
37613,25602,0
37614,25602,0
37615,25602,0
37616,22387,3140
37617,25602,0
37618,25602,0
37619,25602,0
37620,25602,0
37621,25602,0
37622,25602,0
37623,25602,0
37624,25602,0
37625,25602,0
37626,25602,0
37627,20260,5476
37628,25602,0
37629,25602,0
37630,24431,1096
37631,25602,0
37632,23457,2048
37633,25602,0
37634,25602,0
37635,25541,56
37636,25602,0
37637,25602,0
37638,25572,28
37639,25602,0
37640,25602,0
37641,25576,24
37642,25602,0
37643,25602,0
37644,11898,17932
37645,25602,0
37646,25576,24
37647,25602,0
37648,25602,0
37649,25465,126
37650,25602,0
37651,25602,0
37652,25602,0
37653,25602,0
37654,25602,0
37655,25602,0
37656,25602,0
37657,24481,1048
37658,25602,0
37659,25602,0
37660,25602,0
37661,25602,0
37662,25602,0
37663,25602,0
37664,24397,1128
37665,25602,0
37666,25602,0
37667,23411,2094
37668,25602,0
37669,25602,0
37670,25602,0
37671,25602,0
37672,25602,0
37673,25602,0
37674,25602,0
37675,25602,0
37676,25602,0
37677,25602,0
37678,25602,0
37679,22439,3086
37680,25602,0
37681,25602,0
37682,25602,0
37683,25602,0
37684,25121,444
37685,25572,28
37686,25602,0
37687,25602,0
37688,25602,0
37689,25602,0
37690,25602,0
37691,25602,0
37692,25576,24
37693,25602,0
37694,25602,0
37695,25285,292
37696,25602,0
37697,25602,0
37698,24248,1272
37699,25602,0
37700,25602,0
37701,25576,24
37702,25602,0
37703,25602,0
37704,25602,0
37705,25602,0
37706,25602,0
37707,25602,0
37708,24871,678
37709,25602,0
37710,25602,0
37711,25521,74
37712,21308,4296
37713,24875,674
37714,25602,0
37715,25602,0
37716,25602,0
37717,25386,198
37718,25602,0
37719,25602,0
37720,25602,0
37721,25602,0
37722,25602,0
37723,13355,15228
37724,25602,0
37725,25602,0
37726,25602,0
37727,25576,24
37728,25602,0
37729,25602,0
37730,25602,0
37731,25602,0
37732,25602,0
37733,25602,0
37734,24797,748
37735,25602,0
37736,25602,0
37737,24058,1456
37738,25602,0
37739,25602,0
37740,25602,0
37741,25563,36
37742,25602,0
37743,25602,0
37744,25602,0
37745,25602,0
37746,25602,0
37747,24345,1178
37748,25602,0
37749,25602,0
37750,24670,868
37751,25602,0
37752,25602,0
37753,25192,378
37754,25572,28
37755,25572,28
37756,25602,0
37757,25300,278
37758,25602,0
37759,25602,0
37760,25602,0
37761,25602,0
37762,23607,1898
37763,25510,84
37764,25602,0
37765,25602,0
37766,25602,0
37767,25602,0
37768,25602,0
37769,25602,0
37770,25602,0
37771,25602,0
37772,25602,0
37773,22429,3096
37774,25602,0
37775,25337,244
37776,25602,0
37777,25602,0
37778,25602,0
37779,25534,62
37780,25467,124
37781,25602,0
37782,25602,0
37783,25602,0
37784,22738,2776
37785,25602,0
37786,25602,0
37787,25576,24
37788,25108,456
37789,25602,0
37790,20392,5324
37791,25602,0
37792,25563,36
37793,25602,0
37794,25602,0
37795,25602,0
37796,23996,1516
37797,25602,0
37798,25602,0
37799,25602,0
37800,25602,0
37801,25602,0
37802,25602,0
37803,25602,0
37804,25602,0
37805,25602,0
37806,25602,0
37807,25602,0
37808,25602,0
37809,25602,0
37810,25576,24
37811,25602,0
37812,25602,0
37813,25602,0
37814,25602,0
37815,25576,24
37816,25602,0
37817,25550,48
37818,25602,0
37819,25602,0
37820,25602,0
37821,25302,276
37822,25576,24
37823,25602,0
37824,25602,0
37825,25550,48
37826,25602,0
37827,25602,0
37828,25602,0
37829,25602,0
37830,24984,572
37831,25602,0
37832,24928,624
37833,25602,0
37834,18181,8010
37835,25602,0
37836,25602,0
37837,25602,0
37838,25602,0
37839,25602,0
37840,20288,5444
37841,25602,0
37842,25602,0
37843,25315,264
37844,25602,0
37845,24875,674
37846,25602,0
37847,25602,0
37848,24903,648
37849,25602,0
37850,23729,1778
37851,25602,0
37852,25602,0
37853,25602,0
37854,25602,0
37855,25602,0
37856,25602,0
37857,25602,0
37858,23112,2394
37859,25602,0
37860,25602,0
37861,25602,0
37862,25602,0
37863,25602,0
37864,20219,5524
37865,25602,0
37866,25254,320
37867,25602,0
37868,14677,13020
37869,25602,0
37870,25602,0
37871,25602,0
37872,25602,0
37873,25602,0
37874,23947,1564
37875,25602,0
37876,25602,0
37877,25602,0
37878,25602,0
37879,25602,0
37880,25378,206
37881,25572,28
37882,15856,11212
37883,25602,0
37884,25602,0
37885,25602,0
37886,25602,0
37887,24439,1088
37888,25602,0
37889,25602,0
37890,25602,0
37891,25602,0
37892,25602,0
37893,25602,0
37894,25602,0
37895,25602,0
37896,25602,0
37897,22307,3224
37898,25497,96
37899,25602,0
37900,25602,0
37901,25602,0
37902,25300,278
37903,25537,60
37904,25196,374
37905,25602,0
37906,25602,0
37907,25602,0
37908,25602,0
37909,25602,0
37910,25576,24
37911,25602,0
37912,21570,4010
37913,25602,0
37914,25602,0
37915,25602,0
37916,24227,1292
37917,22965,2544
37918,25550,48
37919,25602,0
37920,25602,0
37921,25563,36
37922,25602,0
37923,24252,1268
37924,25602,0
37925,25138,428
37926,25602,0
37927,25602,0
37928,25602,0
37929,25602,0
37930,25550,48
37931,25602,0
37932,25117,448
37933,25602,0
37934,25602,0
37935,25602,0
37936,19532,6332
37937,25602,0
37938,25576,24
37939,25602,0
37940,25523,72
37941,25550,48
37942,25345,236
37943,25602,0
37944,25602,0
37945,25602,0
37946,25602,0
37947,25117,448
37948,23211,2294
37949,25602,0
37950,24136,1380
37951,24049,1464
37952,25602,0
37953,25602,0
37954,25602,0
37955,25602,0
37956,24882,668
37957,25602,0
37958,25602,0
37959,25602,0
37960,25602,0
37961,25602,0
37962,25602,0
37963,25602,0
37964,25602,0
37965,25602,0
37966,23201,2304
37967,25602,0
37968,25602,0
37969,25602,0
37970,25602,0
37971,25602,0
37972,308,103432
37973,25602,0
37974,22945,2564
37975,23166,2340
37976,23525,1980
37977,25602,0
37978,25602,0
37979,25602,0
37980,23441,2064
37981,25602,0
37982,25602,0
37983,25602,0
37984,25602,0
37985,25602,0
37986,25602,0
37987,25602,0
37988,25576,24
37989,20523,5174
37990,25602,0
37991,25602,0
37992,24960,594
37993,25602,0
37994,23686,1820
37995,25602,0
37996,22452,3072
37997,25576,24
37998,25602,0
37999,25602,0
38000,25237,336
38001,25602,0
38002,25602,0
38003,25602,0
38004,25602,0
38005,24907,644
38006,25602,0
38007,25602,0
38008,21835,3724
38009,25602,0
38010,22027,3520
38011,25602,0
38012,25602,0
38013,25602,0
38014,25602,0
38015,25602,0
38016,25602,0
38017,25602,0
38018,25517,78
38019,25237,336
38020,25572,28
38021,25602,0
38022,24558,974
38023,25602,0
38024,25602,0
38025,25602,0
38026,25602,0
38027,25602,0
38028,25602,0
38029,25576,24
38030,25602,0
38031,25602,0
38032,25005,552
38033,24221,1298
38034,24894,656
38035,25602,0
38036,25602,0
38037,25576,24
38038,23984,1528
38039,25602,0
38040,25602,0
38041,25602,0
38042,25602,0
38043,25576,24
38044,25602,0
38045,25602,0
38046,22622,2896
38047,22284,3248
38048,25602,0
38049,25576,24
38050,25602,0
38051,25602,0
38052,25602,0
38053,25602,0
38054,22882,2628
38055,25602,0
38056,25602,0
38057,25602,0
38058,25602,0
38059,25602,0
38060,25602,0
38061,25602,0
38062,24103,1412
38063,25602,0
38064,25602,0
38065,25602,0
38066,25576,24
38067,25602,0
38068,23182,2324
38069,25602,0
38070,20069,5698
38071,25602,0
38072,25035,524
38073,25602,0
38074,24980,576
38075,25454,136
38076,25602,0
38077,24533,998
38078,24395,1130
38079,16542,10220
38080,24852,696
38081,25602,0
38082,24657,880
38083,25602,0
38084,25602,0
38085,25602,0
38086,25572,28
38087,25602,0
38088,25602,0
38089,25602,0
38090,25602,0
38091,25602,0
38092,25602,0
38093,25602,0
38094,25602,0
38095,25602,0
38096,25541,56
38097,25602,0
38098,25602,0
38099,22980,2528
38100,25602,0
38101,25602,0
38102,25602,0
38103,25602,0
38104,25602,0
38105,25602,0
38106,25602,0
38107,25602,0
38108,25602,0
38109,25445,144
38110,25602,0
38111,25358,224
38112,25602,0
38113,25554,44
38114,25602,0
38115,24285,1236
38116,25602,0
38117,24285,1236
38118,25602,0
38119,25602,0
38120,25602,0
38121,25602,0
38122,25602,0
38123,25602,0
38124,25602,0
38125,25602,0
38126,25602,0
38127,25602,0
38128,25445,144
38129,25602,0
38130,25576,24
38131,25602,0
38132,24431,1096
38133,25602,0
38134,25602,0
38135,25602,0
38136,25602,0
38137,25602,0
38138,25602,0
38139,25602,0
38140,25602,0
38141,25602,0
38142,24695,844
38143,25576,24
38144,22834,2678
38145,25602,0
38146,25602,0
38147,25602,0
38148,25602,0
38149,25602,0
38150,25142,424
38151,25602,0
38152,25602,0
38153,25602,0
38154,25602,0
38155,19869,5932
38156,25572,28
38157,25602,0
38158,25602,0
38159,25602,0
38160,25602,0
38161,24506,1024
38162,25246,328
38163,25480,112
38164,25576,24
38165,25602,0
38166,25497,96
38167,25602,0
38168,25602,0
38169,24928,624
38170,25602,0
38171,25602,0
38172,25602,0
38173,25602,0
38174,25602,0
38175,25602,0
38176,25576,24
38177,25602,0
38178,25602,0
38179,25602,0
38180,25602,0
38181,25602,0
38182,25489,104
38183,25602,0
38184,25602,0
38185,25602,0
38186,25602,0
38187,25602,0
38188,25602,0
38189,25602,0
38190,24142,1374
38191,25602,0
38192,25602,0
38193,25602,0
38194,25602,0
38195,25602,0
38196,25602,0
38197,25602,0
38198,24712,828
38199,25602,0
38200,25602,0
38201,25602,0
38202,25602,0
38203,24905,646
38204,25602,0
38205,25602,0
38206,25602,0
38207,25602,0
38208,25441,148
38209,25602,0
38210,25602,0
38211,25602,0
38212,25602,0
38213,25602,0
38214,25602,0
38215,25354,228
38216,25602,0
38217,25572,28
38218,25602,0
38219,25602,0
38220,25602,0
38221,25602,0
38222,24206,1312
38223,25563,36
38224,36,153440
38225,25602,0
38226,25602,0
38227,25602,0
38228,25602,0
38229,25602,0
38230,25602,0
38231,25602,0
38232,25521,74
38233,23337,2168
38234,25602,0
38235,25602,0
38236,25602,0
38237,25602,0
38238,25602,0
38239,21650,3924
38240,25602,0
38241,25602,0
38242,25602,0
38243,25602,0
38244,25602,0
38245,24527,1004
38246,25602,0
38247,25563,36
38248,25602,0
38249,25602,0
38250,25602,0
38251,25602,0
38252,25602,0
38253,25602,0
38254,23763,1744
38255,25576,24
38256,25602,0
38257,25602,0
38258,25602,0
38259,25602,0
38260,25602,0
38261,23731,1776
38262,25602,0
38263,25602,0
38264,25602,0
38265,25602,0
38266,25602,0
38267,25602,0
38268,25602,0
38269,24924,628
38270,25602,0
38271,25602,0
38272,9111,24178
38273,25602,0
38274,25602,0
38275,24767,776
38276,25602,0
38277,25602,0
38278,24554,978
38279,25602,0
38280,24657,880
38281,25602,0
38282,25602,0
38283,25602,0
38284,25602,0
38285,25602,0
38286,24111,1404
38287,25602,0
38288,20305,5424
38289,25345,236
38290,25602,0
38291,22973,2536
38292,25602,0
38293,24988,568
38294,25602,0
38295,21283,4324
38296,25602,0
38297,25602,0
38298,25602,0
38299,25602,0
38300,25602,0
38301,25602,0
38302,25602,0
38303,25602,0
38304,25602,0
38305,25602,0
38306,25602,0
38307,25602,0
38308,22867,2644
38309,25602,0
38310,25602,0
38311,25602,0
38312,25602,0
38313,25497,96
38314,25602,0
38315,25602,0
38316,23658,1848
38317,25576,24
38318,25602,0
38319,25602,0
38320,25550,48
38321,25602,0
38322,25142,424
38323,25602,0
38324,25089,474
38325,25282,294
38326,25572,28
38327,25602,0
38328,25602,0
38329,25572,28
38330,25337,244
38331,25602,0
38332,25602,0
38333,25602,0
38334,25602,0
38335,25576,24
38336,25576,24
38337,25602,0
38338,25358,224
38339,25282,294
38340,25602,0
38341,25602,0
38342,25602,0
38343,25602,0
38344,25602,0
38345,25602,0
38346,25602,0
38347,25602,0
38348,25576,24
38349,25602,0
38350,25602,0
38351,25441,148
38352,25602,0
38353,25523,72
38354,25602,0
38355,25602,0
38356,25602,0
38357,25602,0
38358,25602,0
38359,25602,0
38360,10011,21972
38361,25602,0
38362,25602,0
38363,25602,0
38364,25602,0
38365,25602,0
38366,25602,0
38367,25354,228
38368,25602,0
38369,25602,0
38370,24928,624
38371,25602,0
38372,25602,0
38373,20879,4772
38374,25602,0
38375,25602,0
38376,25602,0
38377,25602,0
38378,25550,48
38379,25602,0
38380,23481,2024
38381,23381,2124
38382,25602,0
38383,25576,24
38384,25602,0
38385,25602,0
38386,24982,574
38387,24990,566
38388,25602,0
38389,25602,0
38390,25523,72
38391,25602,0
38392,25602,0
38393,25602,0
38394,24376,1148
38395,25602,0
38396,25602,0
38397,25602,0
38398,25602,0
38399,25576,24
38400,25602,0
38401,25602,0
38402,25602,0
38403,25602,0
38404,25602,0
38405,25602,0
38406,25602,0
38407,25602,0
38408,25602,0
38409,25602,0
38410,25602,0
38411,25602,0
38412,25035,524
38413,25602,0
38414,25602,0
38415,24611,924
38416,25576,24
38417,18000,8244
38418,25602,0
38419,25602,0
38420,25602,0
38421,25602,0
38422,25602,0
38423,25602,0
38424,25576,24
38425,25602,0
38426,25576,24
38427,24039,1474
38428,25554,44
38429,25602,0
38430,25602,0
38431,25602,0
38432,25602,0
38433,25602,0
38434,8255,26486
38435,25602,0
38436,25602,0
38437,25602,0
38438,25224,348
38439,25602,0
38440,25602,0
38441,24691,848
38442,25572,28
38443,25602,0
38444,25602,0
38445,24691,848
38446,25602,0
38447,25602,0
38448,25550,48
38449,25602,0
38450,25550,48
38451,25602,0
38452,25063,498
38453,25602,0
38454,25550,48
38455,25142,424
38456,25602,0
38457,25602,0
38458,25602,0
38459,25602,0
38460,21653,3920
38461,23670,1836
38462,24960,594
38463,24958,596
38464,25602,0
38465,25412,174
38466,25602,0
38467,25602,0
38468,25528,68
38469,25602,0
38470,25602,0
38471,25576,24
38472,25602,0
38473,17783,8528
38474,25602,0
38475,25602,0
38476,25602,0
38477,25602,0
38478,25602,0
38479,25602,0
38480,23158,2348
38481,25602,0
38482,25550,48
38483,25602,0
38484,25602,0
38485,25602,0
38486,25602,0
38487,25602,0
38488,24871,678
38489,25602,0
38490,25602,0
38491,25602,0
38492,25602,0
38493,25602,0
38494,16082,10880
38495,25602,0
38496,20655,5024
38497,25602,0
38498,24977,578
38499,25602,0
38500,25602,0
38501,22837,2674
38502,24454,1074
38503,25602,0
38504,25602,0
38505,25602,0
38506,25602,0
38507,23152,2354
38508,25602,0
38509,25563,36
38510,25572,28
38511,25576,24
38512,25602,0
38513,25602,0
38514,25602,0
38515,25482,110
38516,25602,0
38517,25602,0
38518,25602,0
38519,8748,25128
38520,25602,0
38521,25602,0
38522,25602,0
38523,25602,0
38524,25550,48
38525,25602,0
38526,25602,0
38527,25602,0
38528,25250,324
38529,24194,1324
38530,25602,0
38531,25602,0
38532,25602,0
38533,25602,0
38534,25602,0
38535,25602,0
38536,25602,0
38537,25602,0
38538,25602,0
38539,25602,0
38540,25602,0
38541,25602,0
38542,25550,48
38543,22068,3476
38544,25602,0
38545,21742,3824
38546,25602,0
38547,25196,374
38548,25602,0
38549,25602,0
38550,25192,378
38551,25602,0
38552,25602,0
38553,25602,0
38554,25229,344
38555,24506,1024
38556,25602,0
38557,25602,0
38558,25602,0
38559,25602,0
38560,25602,0
38561,25602,0
38562,20539,5156
38563,25602,0
38564,25602,0
38565,25602,0
38566,25602,0
38567,25602,0
38568,25602,0
38569,25576,24
38570,25602,0
38571,25602,0
38572,25602,0
38573,25602,0
38574,25602,0
38575,10026,21938
38576,25602,0
38577,13263,15390
38578,25602,0
38579,25602,0
38580,25602,0
38581,25602,0
38582,25602,0
38583,25602,0
38584,25576,24
38585,23351,2154
38586,25602,0
38587,21275,4332
38588,25602,0
38589,25602,0
38590,25602,0
38591,23765,1742
38592,25602,0
38593,25602,0
38594,23886,1624
38595,25332,248
38596,25602,0
38597,23988,1524
38598,25602,0
38599,25602,0
38600,22789,2724
38601,23419,2086
38602,25602,0
38603,25602,0
38604,25576,24
38605,24928,624
38606,25602,0
38607,25602,0
38608,25563,36
38609,11599,18528
38610,25602,0
38611,23477,2028
38612,25602,0
38613,25602,0
38614,23481,2024
38615,25602,0
38616,25550,48
38617,25515,80
38618,25602,0
38619,25602,0
38620,24607,928
38621,25602,0
38622,25602,0
38623,25602,0
38624,25602,0
38625,25602,0
38626,25602,0
38627,25602,0
38628,25602,0
38629,24873,676
38630,25602,0
38631,25602,0
38632,25576,24
38633,25602,0
38634,25602,0
38635,25602,0
38636,25602,0
38637,25602,0
38638,25602,0
38639,25602,0
38640,25576,24
38641,25142,424
38642,25602,0
38643,25602,0
38644,25602,0
38645,25602,0
38646,25602,0
38647,25602,0
38648,25602,0
38649,25602,0
38650,25602,0
38651,25602,0
38652,25602,0
38653,25602,0
38654,25602,0
38655,25602,0
38656,25602,0
38657,25602,0
38658,25550,48
38659,25602,0
38660,25602,0
38661,25602,0
38662,25602,0
38663,25602,0
38664,25602,0
38665,25602,0
38666,25602,0
38667,23943,1568
38668,25602,0
38669,25602,0
38670,25602,0
38671,25602,0
38672,25602,0
38673,25602,0
38674,25602,0
38675,25471,120
38676,18944,7048
38677,25014,544
38678,25602,0
38679,25602,0
38680,25602,0
38681,25602,0
38682,25602,0
38683,25602,0
38684,20170,5580
38685,25602,0
38686,25602,0
38687,25602,0
38688,25602,0
38689,25602,0
38690,25602,0
38691,25602,0
38692,25602,0
38693,25138,428
38694,25602,0
38695,25602,0
38696,25602,0
38697,25602,0
38698,25602,0
38699,25602,0
38700,25602,0
38701,25282,294
38702,25602,0
38703,25602,0
38704,25602,0
38705,22668,2848
38706,25550,48
38707,25602,0
38708,25114,450
38709,25602,0
38710,25602,0
38711,25602,0
38712,2980,50324
38713,22988,2520
38714,24223,1296
38715,25602,0
38716,25602,0
38717,25602,0
38718,25602,0
38719,25602,0
38720,25602,0
38721,25602,0
38722,25602,0
38723,25602,0
38724,25270,306
38725,25602,0
38726,25602,0
38727,25602,0
38728,25602,0
38729,25576,24
38730,25602,0
38731,24928,624
38732,25602,0
38733,25602,0
38734,25602,0
38735,25602,0
38736,25602,0
38737,25602,0
38738,25602,0
38739,25602,0
38740,25602,0
38741,25602,0
38742,25541,56
38743,25602,0
38744,25602,0
38745,25602,0
38746,20167,5584
38747,25602,0
38748,25602,0
38749,25602,0
38750,25602,0
38751,25602,0
38752,25602,0
38753,24262,1258
38754,25602,0
38755,12744,16324
38756,18206,7978
38757,25602,0
38758,25523,72
38759,25602,0
38760,25602,0
38761,25602,0
38762,25602,0
38763,25602,0
38764,25602,0
38765,25602,0
38766,25035,524
38767,25602,0
38768,25602,0
38769,25602,0
38770,25602,0
38771,25602,0
38772,25602,0
38773,25602,0
38774,25602,0
38775,25602,0
38776,25602,0
38777,25602,0
38778,25602,0
38779,25602,0
38780,25602,0
38781,25602,0
38782,25602,0
38783,25602,0
38784,25602,0
38785,25602,0
38786,25602,0
38787,25602,0
38788,25602,0
38789,25389,196
38790,25602,0
38791,25602,0
38792,25602,0
38793,25602,0
38794,25602,0
38795,25602,0
38796,25602,0
38797,20645,5036
38798,25602,0
38799,25602,0
38800,25602,0
38801,25602,0
38802,25602,0
38803,19672,6166
38804,25602,0
38805,25602,0
38806,25576,24
38807,25576,24
38808,25602,0
38809,24960,594
38810,25602,0
38811,25602,0
38812,25467,124
38813,25484,108
38814,25602,0
38815,25408,178
38816,25576,24
38817,18903,7098
38818,25602,0
38819,17650,8704
38820,25602,0
38821,25602,0
38822,25602,0
38823,25602,0
38824,23309,2196
38825,25602,0
38826,25602,0
38827,25602,0
38828,25602,0
38829,24729,812
38830,25602,0
38831,25602,0
38832,25602,0
38833,25099,464
38834,25602,0
38835,25602,0
38836,25602,0
38837,25408,178
38838,25602,0
38839,25602,0
38840,25602,0
38841,25602,0
38842,25602,0
38843,25519,76
38844,25602,0
38845,25121,444
38846,25602,0
38847,25602,0
38848,25602,0
38849,25602,0
38850,25541,56
38851,25602,0
38852,25602,0
38853,25572,28
38854,25602,0
38855,25602,0
38856,25495,98
38857,25602,0
38858,25602,0
38859,25602,0
38860,25602,0
38861,25602,0
38862,25602,0
38863,25602,0
38864,24756,786
38865,25602,0
38866,25602,0
38867,23971,1540
38868,25602,0
38869,25602,0
38870,25602,0
38871,25602,0
38872,24780,764
38873,25541,56
38874,23772,1736
38875,25602,0
38876,25602,0
38877,25602,0
38878,24854,694
38879,25602,0
38880,25602,0
38881,25602,0
38882,25602,0
38883,25550,48
38884,25602,0
38885,25602,0
38886,25602,0
38887,25550,48
38888,23227,2278
38889,25602,0
38890,25602,0
38891,25602,0
38892,25602,0
38893,25602,0
38894,25602,0
38895,22668,2848
38896,25602,0
38897,25602,0
38898,25515,80
38899,23824,1684
38900,25480,112
38901,25602,0
38902,25454,136
38903,25602,0
38904,25602,0
38905,25602,0
38906,25602,0
38907,25602,0
38908,25576,24
38909,25602,0
38910,25576,24
38911,25521,74
38912,25602,0
38913,25602,0
38914,24655,882
38915,25192,378
38916,25572,28
38917,25602,0
38918,25602,0
38919,25497,96
38920,25602,0
38921,25602,0
38922,25602,0
38923,25572,28
38924,25489,104
38925,25602,0
38926,25602,0
38927,25602,0
38928,25602,0
38929,25602,0
38930,25572,28
38931,25602,0
38932,24924,628
38933,25602,0
38934,25602,0
38935,25602,0
38936,25602,0
38937,25602,0
38938,25602,0
38939,22566,2954
38940,25031,528
38941,22963,2546
38942,25602,0
38943,25602,0
38944,25602,0
38945,25602,0
38946,25602,0
38947,25602,0
38948,24506,1024
38949,25602,0
38950,25602,0
38951,25572,28
38952,25602,0
38953,25454,136
38954,25602,0
38955,25602,0
38956,25602,0
38957,25602,0
38958,25602,0
38959,25602,0
38960,25602,0
38961,23409,2096
38962,25602,0
38963,25541,56
38964,25602,0
38965,25602,0
38966,25441,148
38967,25602,0
38968,25602,0
38969,25602,0
38970,25602,0
38971,25602,0
38972,25602,0
38973,25602,0
38974,25602,0
38975,25602,0
38976,23353,2152
38977,25602,0
38978,25602,0
38979,25602,0
38980,25602,0
38981,25572,28
38982,25602,0
38983,25576,24
38984,25602,0
38985,24818,728
38986,25576,24
38987,25602,0
38988,25489,104
38989,25602,0
38990,22996,2512
38991,25602,0
38992,19264,6656
38993,25602,0
38994,25203,368
38995,25602,0
38996,24988,568
38997,25602,0
38998,25602,0
38999,25602,0
39000,25602,0
39001,23357,2148
39002,23377,2128
39003,25550,48
39004,19167,6774
39005,25602,0
39006,25602,0
39007,25250,324
39008,25602,0
39009,25602,0
39010,25602,0
39011,25358,224
39012,25576,24
39013,25602,0
39014,25602,0
39015,20703,4970
39016,25602,0
39017,25602,0
39018,25602,0
39019,25602,0
39020,23784,1724
39021,25602,0
39022,25602,0
39023,25602,0
39024,25602,0
39025,25602,0
39026,25602,0
39027,12582,16624
39028,25602,0
39029,25515,80
39030,25576,24
39031,25602,0
39032,25602,0
39033,25602,0
39034,25602,0
39035,25602,0
39036,25602,0
39037,20026,5748
39038,25170,398
39039,25602,0
39040,25602,0
39041,25371,212
39042,25602,0
39043,25602,0
39044,25602,0
39045,25602,0
39046,25602,0
39047,25602,0
39048,25602,0
39049,25576,24
39050,25602,0
39051,25602,0
39052,25602,0
39053,25602,0
39054,25602,0
39055,20877,4774
39056,25497,96
39057,25602,0
39058,25602,0
39059,22965,2544
39060,25602,0
39061,25602,0
39062,25602,0
39063,25602,0
39064,25602,0
39065,19771,6048
39066,25408,178
39067,25602,0
39068,25602,0
39069,25602,0
39070,25602,0
39071,25467,124
39072,25602,0
39073,25515,80
39074,25572,28
39075,25602,0
39076,25576,24
39077,25467,124
39078,25602,0
39079,24988,568
39080,25602,0
39081,25602,0
39082,25602,0
39083,25602,0
39084,25602,0
39085,22199,3338
39086,25602,0
39087,25602,0
39088,25602,0
39089,8492,25824
39090,25602,0
39091,25602,0
39092,25602,0
39093,25602,0
39094,25602,0
39095,25602,0
39096,25602,0
39097,25602,0
39098,25602,0
39099,25602,0
39100,25602,0
39101,21539,4044
39102,25602,0
39103,25602,0
39104,25602,0
39105,25602,0
39106,24035,1478
39107,24903,648
39108,25602,0
39109,25602,0
39110,25602,0
39111,25602,0
39112,25602,0
39113,25602,0
39114,25602,0
39115,25513,82
39116,24907,644
39117,25602,0
39118,21425,4168
39119,25602,0
39120,25602,0
39121,25602,0
39122,25602,0
39123,25602,0
39124,25602,0
39125,24797,748
39126,24485,1044
39127,25602,0
39128,25602,0
39129,25602,0
39130,24710,830
39131,25550,48
39132,25602,0
39133,25302,276
39134,25602,0
39135,25602,0
39136,25532,64
39137,25602,0
39138,19411,6478
39139,25602,0
39140,25162,406
39141,25602,0
39142,21882,3674
39143,25602,0
39144,25602,0
39145,25572,28
39146,25602,0
39147,25602,0
39148,25602,0
39149,18553,7536
39150,25602,0
39151,25602,0
39152,25602,0
39153,25602,0
39154,25602,0
39155,25602,0
39156,24535,996
39157,22666,2850
39158,25095,468
39159,25602,0
39160,25602,0
39161,25602,0
39162,25602,0
39163,25602,0
39164,25602,0
39165,24353,1170
39166,19603,6248
39167,25602,0
39168,25602,0
39169,25602,0
39170,25602,0
39171,25572,28
39172,25602,0
39173,25602,0
39174,25602,0
39175,25602,0
39176,25602,0
39177,25602,0
39178,25602,0
39179,25602,0
39180,23690,1816
39181,25602,0
39182,24502,1028
39183,25602,0
39184,25563,36
39185,25602,0
39186,24894,656
39187,25602,0
39188,25602,0
39189,25602,0
39190,25602,0
39191,25183,386
39192,25602,0
39193,25602,0
39194,25602,0
39195,22495,3028
39196,25550,48
39197,25602,0
39198,24368,1156
39199,25602,0
39200,25602,0
39201,25602,0
39202,25602,0
39203,25602,0
39204,25602,0
39205,25315,264
39206,25602,0
39207,20992,4646
39208,25602,0
39209,25602,0
39210,25602,0
39211,25602,0
39212,25602,0
39213,25602,0
39214,25602,0
39215,22240,3294
39216,25602,0
39217,25602,0
39218,24157,1360
39219,24903,648
39220,8556,25648
39221,25602,0
39222,22723,2792
39223,25602,0
39224,25602,0
39225,25602,0
39226,25602,0
39227,25602,0
39228,25458,132
39229,22130,3410
39230,25602,0
39231,25602,0
39232,25602,0
39233,25602,0
39234,25363,220
39235,25602,0
39236,25602,0
39237,25554,44
39238,25602,0
39239,25602,0
39240,25602,0
39241,25602,0
39242,25602,0
39243,25602,0
39244,25602,0
39245,25602,0
39246,21789,3774
39247,25602,0
39248,25213,358
39249,25602,0
39250,25602,0
39251,25602,0
39252,25602,0
39253,25602,0
39254,25602,0
39255,25602,0
39256,25602,0
39257,24297,1224
39258,25576,24
39259,24988,568
39260,25576,24
39261,25484,108
39262,25602,0
39263,25515,80
39264,25576,24
39265,25065,496
39266,25602,0
39267,25602,0
39268,25537,60
39269,25602,0
39270,23307,2198
39271,25602,0
39272,25602,0
39273,25541,56
39274,25441,148
39275,25602,0
39276,25602,0
39277,25602,0
39278,25602,0
39279,25602,0
39280,23622,1884
39281,25602,0
39282,23935,1576
39283,25602,0
39284,25602,0
39285,25602,0
39286,25130,436
39287,25602,0
39288,25602,0
39289,25602,0
39290,25602,0
39291,25602,0
39292,25602,0
39293,25602,0
39294,25572,28
39295,25602,0
39296,25602,0
39297,25534,62
39298,22473,3050
39299,25602,0
39300,25602,0
39301,25602,0
39302,25602,0
39303,25602,0
39304,25602,0
39305,25602,0
39306,25576,24
39307,25602,0
39308,25602,0
39309,25602,0
39310,25602,0
39311,25602,0
39312,25506,88
39313,25602,0
39314,25602,0
39315,24928,624
39316,25602,0
39317,25602,0
39318,25602,0
39319,21959,3592
39320,25602,0
39321,25602,0
39322,25602,0
39323,25602,0
39324,25563,36
39325,23281,2224
39326,25602,0
39327,25602,0
39328,25602,0
39329,24506,1024
39330,25602,0
39331,25602,0
39332,25602,0
39333,25602,0
39334,25602,0
39335,25576,24
39336,25602,0
39337,25602,0
39338,25130,436
39339,25602,0
39340,25602,0
39341,25602,0
39342,25602,0
39343,25602,0
39344,25602,0
39345,25602,0
39346,23810,1698
39347,25602,0
39348,25602,0
39349,25602,0
39350,25602,0
39351,25602,0
39352,25602,0
39353,25602,0
39354,23914,1596
39355,25602,0
39356,25602,0
39357,25602,0
39358,25602,0
39359,25602,0
39360,24277,1244
39361,21648,3926
39362,24958,596
39363,25602,0
39364,25602,0
39365,24841,706
39366,23537,1968
39367,21746,3820
39368,25170,398
39369,25602,0
39370,25602,0
39371,25602,0
39372,25602,0
39373,25537,60
39374,25602,0
39375,25602,0
39376,25602,0
39377,25602,0
39378,25493,100
39379,25602,0
39380,25602,0
39381,25602,0
39382,25602,0
39383,25602,0
39384,25602,0
39385,25602,0
39386,25602,0
39387,25602,0
39388,25602,0
39389,25602,0
39390,25602,0
39391,25602,0
39392,25572,28
39393,25602,0
39394,25229,344
39395,25602,0
39396,25576,24
39397,25602,0
39398,25602,0
39399,25031,528
39400,25602,0
39401,24924,628
39402,25602,0
39403,25602,0
39404,24293,1228
39405,25602,0
39406,23299,2206
39407,23277,2228
39408,25602,0
39409,18706,7344
39410,25602,0
39411,25602,0
39412,25602,0
39413,25602,0
39414,25602,0
39415,25602,0
39416,25602,0
39417,25602,0
39418,22142,3398
39419,25602,0
39420,25602,0
39421,24272,1248
39422,7595,28436
39423,25602,0
39424,25602,0
39425,25602,0
39426,25602,0
39427,25602,0
39428,25572,28
39429,25602,0
39430,25602,0
39431,25602,0
39432,25602,0
39433,25602,0
39434,25602,0
39435,25602,0
39436,25602,0
39437,25345,236
39438,25572,28
39439,25602,0
39440,25602,0
39441,25602,0
39442,25602,0
39443,25602,0
39444,25054,506
39445,25602,0
39446,25602,0
39447,25602,0
39448,25602,0
39449,25602,0
39450,23662,1844
39451,25602,0
39452,25602,0
39453,25602,0
39454,25602,0
39455,25602,0
39456,25602,0
39457,25550,48
39458,25602,0
39459,2459,54824
39460,25602,0
39461,25602,0
39462,25602,0
39463,25602,0
39464,25602,0
39465,25602,0
39466,25602,0
39467,25602,0
39468,25602,0
39469,25602,0
39470,25602,0
39471,25602,0
39472,23908,1602
39473,25014,544
39474,25602,0
39475,16590,10152
39476,25602,0
39477,25445,144
39478,25576,24
39479,23033,2474
39480,25602,0
39481,25602,0
39482,25602,0
39483,25602,0
39484,25602,0
39485,25602,0
39486,25602,0
39487,8022,27156
39488,25602,0
39489,25602,0
39490,25602,0
39491,25602,0
39492,25602,0
39493,25602,0
39494,24598,936
39495,25602,0
39496,25142,424
39497,25602,0
39498,25602,0
39499,25602,0
39500,25602,0
39501,25602,0
39502,25602,0
39503,25602,0
39504,25602,0
39505,25602,0
39506,24809,736
39507,25602,0
39508,25602,0
39509,25602,0
39510,25602,0
39511,25602,0
39512,25602,0
39513,25602,0
39514,25602,0
39515,25602,0
39516,25602,0
39517,25445,144
39518,5174,37416
39519,25602,0
39520,23499,2006
39521,21101,4524
39522,25602,0
39523,25602,0
39524,25576,24
39525,25602,0
39526,2943,50624
39527,25602,0
39528,25602,0
39529,25602,0
39530,25602,0
39531,25602,0
39532,25358,224
39533,25602,0
39534,25602,0
39535,25563,36
39536,25602,0
39537,25602,0
39538,25602,0
39539,25602,0
39540,25602,0
39541,25602,0
39542,24744,798
39543,25602,0
39544,24058,1456
39545,25602,0
39546,24691,848
39547,25602,0
39548,25602,0
39549,24506,1024
39550,22414,3112
39551,25350,232
39552,22750,2764
39553,25602,0
39554,25602,0
39555,25602,0
39556,25521,74
39557,25602,0
39558,25576,24
39559,25345,236
39560,24337,1186
39561,25576,24
39562,25602,0
39563,23607,1898
39564,25602,0
39565,25419,168
39566,25602,0
39567,25602,0
39568,25602,0
39569,25602,0
39570,25602,0
39571,25602,0
39572,25602,0
39573,21709,3860
39574,25602,0
39575,25576,24
39576,25602,0
39577,25602,0
39578,25602,0
39579,25602,0
39580,25602,0
39581,25602,0
39582,25523,72
39583,25602,0
39584,25602,0
39585,25602,0
39586,25602,0
39587,25602,0
39588,25467,124
39589,25602,0
39590,20330,5396
39591,25602,0
39592,25462,128
39593,25576,24
39594,22595,2924
39595,25576,24
39596,25602,0
39597,23261,2244
39598,25602,0
39599,25602,0
39600,6828,30928
39601,22824,2688
39602,25602,0
39603,25602,0
39604,25602,0
39605,25602,0
39606,25602,0
39607,25602,0
39608,25142,424
39609,24598,936
39610,24905,646
39611,25602,0
39612,2954,50536
39613,25602,0
39614,25602,0
39615,24691,848
39616,25550,48
39617,25602,0
39618,25519,76
39619,25602,0
39620,25602,0
39621,25602,0
39622,25602,0
39623,25602,0
39624,25602,0
39625,25602,0
39626,25602,0
39627,25602,0
39628,25602,0
39629,25602,0
39630,25602,0
39631,25602,0
39632,25602,0
39633,24165,1352
39634,25602,0
39635,25117,448
39636,22965,2544
39637,25602,0
39638,22740,2774
39639,25602,0
39640,25602,0
39641,25602,0
39642,25602,0
39643,25576,24
39644,25602,0
39645,25602,0
39646,18048,8182
39647,25602,0
39648,25089,474
39649,25602,0
39650,25602,0
39651,25602,0
39652,25602,0
39653,25363,220
39654,25454,136
39655,25602,0
39656,25602,0
39657,25602,0
39658,25602,0
39659,25576,24
39660,25602,0
39661,25602,0
39662,25602,0
39663,17787,8522
39664,16461,10336
39665,21348,4252
39666,25602,0
39667,25602,0
39668,25602,0
39669,25602,0
39670,25602,0
39671,25140,426
39672,25602,0
39673,15899,11148
39674,25602,0
39675,25602,0
39676,25576,24
39677,25602,0
39678,25602,0
39679,25602,0
39680,25602,0
39681,25332,248
39682,25602,0
39683,25602,0
39684,21163,4456
39685,25602,0
39686,25602,0
39687,25602,0
39688,25602,0
39689,18963,7024
39690,25602,0
39691,25602,0
39692,25084,478
39693,25602,0
39694,7799,27814
39695,25602,0
39696,25602,0
39697,25602,0
39698,25602,0
39699,8490,25828
39700,25602,0
39701,25602,0
39702,25602,0
39703,24982,574
39704,19010,6966
39705,25602,0
39706,25602,0
39707,25341,240
39708,25602,0
39709,25602,0
39710,25602,0
39711,25602,0
39712,25602,0
39713,25602,0
39714,25602,0
39715,24871,678
39716,25602,0
39717,25602,0
39718,25602,0
39719,25602,0
39720,25602,0
39721,25602,0
39722,24000,1512
39723,23307,2198
39724,25602,0
39725,25602,0
39726,25602,0
39727,25602,0
39728,25602,0
39729,25602,0
39730,25602,0
39731,25602,0
39732,25602,0
39733,25602,0
39734,25523,72
39735,25467,124
39736,25550,48
39737,25602,0
39738,25602,0
39739,25602,0
39740,25602,0
39741,25576,24
39742,23411,2094
39743,25602,0
39744,25602,0
39745,25602,0
39746,25602,0
39747,25602,0
39748,25602,0
39749,25602,0
39750,25545,52
39751,25602,0
39752,25602,0
39753,25602,0
39754,25602,0
39755,23837,1672
39756,25602,0
39757,25602,0
39758,25602,0
39759,25602,0
39760,25602,0
39761,25602,0
39762,25523,72
39763,25602,0
39764,25576,24
39765,25602,0
39766,25602,0
39767,25602,0
39768,25576,24
39769,22307,3224
39770,25602,0
39771,25550,48
39772,10407,21064
39773,25602,0
39774,25602,0
39775,25602,0
39776,25142,424
39777,25602,0
39778,25602,0
39779,25528,68
39780,25602,0
39781,25602,0
39782,25602,0
39783,25602,0
39784,25602,0
39785,25602,0
39786,25602,0
39787,25602,0
39788,25602,0
39789,25203,368
39790,25602,0
39791,25602,0
39792,25602,0
39793,25602,0
39794,25602,0
39795,25467,124
39796,25602,0
39797,25602,0
39798,25602,0
39799,25436,152
39800,25602,0
39801,25602,0
39802,25602,0
39803,25602,0
39804,25493,100
39805,25602,0
39806,21272,4336
39807,4797,39188
39808,25412,174
39809,25602,0
39810,24219,1300
39811,25602,0
39812,25576,24
39813,25602,0
39814,25602,0
39815,25602,0
39816,25467,124
39817,25602,0
39818,25602,0
39819,25602,0
39820,24818,728
39821,25332,248
39822,25602,0
39823,25602,0
39824,25602,0
39825,25324,256
39826,24767,776
39827,25602,0
39828,25602,0
39829,25602,0
39830,25602,0
39831,25602,0
39832,25602,0
39833,25602,0
39834,25602,0
39835,25602,0
39836,25602,0
39837,25602,0
39838,25250,324
39839,25602,0
39840,25602,0
39841,25602,0
39842,25602,0
39843,25602,0
39844,25602,0
39845,25602,0
39846,25602,0
39847,25602,0
39848,25602,0
39849,25602,0
39850,25602,0
39851,25454,136
39852,25602,0
39853,25602,0
39854,25576,24
39855,25602,0
39856,25602,0
39857,25602,0
39858,25602,0
39859,25602,0
39860,25602,0
39861,25602,0
39862,25602,0
39863,25602,0
39864,25523,72
39865,25521,74
39866,25602,0
39867,25602,0
39868,25602,0
39869,25602,0
39870,25602,0
39871,25541,56
39872,24560,972
39873,25602,0
39874,23812,1696
39875,25602,0
39876,25602,0
39877,25602,0
39878,22334,3196
39879,24194,1324
39880,25602,0
39881,25602,0
39882,25602,0
39883,25602,0
39884,25602,0
39885,24818,728
39886,24674,864
39887,22878,2632
39888,25602,0
39889,25602,0
39890,25602,0
39891,25602,0
39892,25602,0
39893,25602,0
39894,24691,848
39895,25602,0
39896,25602,0
39897,25602,0
39898,25602,0
39899,25602,0
39900,22886,2624
39901,25602,0
39902,25602,0
39903,25602,0
39904,25602,0
39905,25602,0
39906,25576,24
39907,25602,0
39908,24045,1468
39909,25602,0
39910,24822,724
39911,25563,36
39912,25602,0
39913,25602,0
39914,25602,0
39915,25602,0
39916,25602,0
39917,25602,0
39918,25576,24
39919,23231,2274
39920,25602,0
39921,25563,36
39922,25602,0
39923,25602,0
39924,25300,278
39925,25602,0
39926,25602,0
39927,25602,0
39928,25602,0
39929,23162,2344
39930,25602,0
39931,25602,0
39932,25602,0
39933,25602,0
39934,25031,528
39935,25602,0
39936,25602,0
39937,25602,0
39938,25602,0
39939,25602,0
39940,25572,28
39941,25576,24
39942,25602,0
39943,25602,0
39944,25602,0
39945,25602,0
39946,25602,0
39947,25337,244
39948,25602,0
39949,24012,1500
39950,25602,0
39951,25602,0
39952,6842,30878
39953,25602,0
39954,25602,0
39955,25602,0
39956,22123,3418
39957,3367,47468
39958,25602,0
39959,25602,0
39960,25602,0
39961,25602,0
39962,25602,0
39963,21809,3752
39964,25602,0
39965,25602,0
39966,25602,0
39967,4264,41944
39968,1,519836
39969,25602,0
39970,24704,836
39971,25602,0
39972,25602,0
39973,25523,72
39974,7029,30248
39975,25602,0
39976,25602,0
39977,25602,0
39978,24816,730
39979,25602,0
39980,25473,118
39981,25602,0
39982,25602,0
39983,25602,0
39984,25602,0
39985,25602,0
39986,25602,0
39987,25602,0
39988,25602,0
39989,25602,0
39990,25602,0
39991,24822,724
39992,25602,0
39993,25602,0
39994,25602,0
39995,25534,62
39996,25602,0
39997,25602,0
39998,20655,5024
39999,22128,3412
40000,25602,0
