1,26184,0
2,26184,0
3,2924,39526
4,26184,0
5,26184,0
6,26184,0
7,26184,0
8,26184,0
9,26184,0
10,25718,324
11,26184,0
12,26184,0
13,26184,0
14,26132,36
15,26184,0
16,26184,0
17,26184,0
18,19593,5228
19,22739,2544
20,26184,0
21,26184,0
22,26184,0
23,25015,824
24,24774,998
25,25815,256
26,25053,796
27,24062,1524
28,26184,0
29,17275,7498
30,26184,0
31,24673,1072
32,26184,0
33,26184,0
34,26184,0
35,26184,0
36,1562,50824
37,25864,222
38,16880,7916
39,25505,474
40,26184,0
41,26184,0
42,22358,2848
43,26184,0
44,3470,36436
45,26184,0
46,24637,1098
47,26184,0
48,26121,44
49,26184,0
50,26184,0
51,26150,24
52,25221,676
53,26184,0
54,25148,728
55,19794,5044
56,26005,124
57,21931,3196
58,18428,6334
59,22488,2744
60,24422,1256
61,24973,854
62,26184,0
63,26184,0
64,26184,0
65,18847,5928
66,22215,2964
67,26184,0
68,26184,0
69,26184,0
70,26184,0
71,26184,0
72,21357,3674
73,26184,0
74,22548,2696
75,26184,0
76,23334,2078
77,26184,0
78,26184,0
79,25579,422
80,24602,1124
81,21897,3224
82,25417,536
83,26184,0
84,22885,2428
85,25457,508
86,24871,928
87,23404,2024
88,25126,744
89,26184,0
90,26184,0
91,21655,3424
92,26184,0
93,26184,0
94,24990,842
95,26184,0
96,25212,682
97,24807,974
98,26184,0
99,26184,0
100,26184,0
101,26184,0
102,25832,244
103,25698,338
104,26184,0
105,24783,992
106,26184,0
107,26184,0
108,24263,1374
109,26184,0
110,26184,0
111,26184,0
112,26184,0
113,26184,0
114,26184,0
115,26184,0
116,23892,1652
117,14500,10656
118,26184,0
119,26184,0
120,26184,0
121,25898,198
122,26184,0
123,26184,0
124,26184,0
125,26184,0
126,25576,424
127,26184,0
128,21557,3506
129,26184,0
130,26184,0
131,26184,0
132,25916,186
133,26184,0
134,26184,0
135,24824,962
136,26184,0
137,20482,4428
138,26184,0
139,26184,0
140,26184,0
141,26184,0
142,26184,0
143,26184,0
144,26184,0
145,26184,0
146,26184,0
147,26184,0
148,26184,0
149,26184,0
150,22513,2724
151,25505,474
152,26184,0
153,25358,578
154,19375,5430
155,26184,0
156,26184,0
157,18055,6702
158,26184,0
159,24706,1048
160,21474,3576
161,24920,892
162,26184,0
163,26184,0
164,26184,0
165,25807,262
166,26184,0
167,4994,29872
168,26184,0
169,26184,0
170,26184,0
171,26184,0
172,26184,0
173,22225,2956
174,26184,0
175,26184,0
176,6577,24908
177,26184,0
178,26184,0
179,17657,7104
180,21056,3930
181,25641,378
182,26184,0
183,26184,0
184,26184,0
185,8033,21304
186,26184,0
187,26184,0
188,26184,0
189,26184,0
190,26184,0
191,26184,0
192,26115,48
193,26184,0
194,20695,4242
195,26184,0
196,23633,1848
197,26184,0
198,26184,0
199,26184,0
200,26184,0
201,26184,0
202,25288,628
203,26184,0
204,22249,2936
205,26184,0
206,26184,0
207,26184,0
208,26184,0
209,26184,0
210,23929,1624
211,1033,58282
212,25701,336
213,26184,0
214,26184,0
215,23404,2024
216,26184,0
217,26184,0
218,19694,5136
219,26184,0
220,26184,0
221,26184,0
222,26184,0
223,26184,0
224,26184,0
225,26184,0
226,26184,0
227,26184,0
228,26184,0
229,26184,0
230,24626,1106
231,26184,0
232,26184,0
233,26184,0
234,26184,0
235,23665,1824
236,20122,4748
237,26184,0
238,26184,0
239,26184,0
240,26184,0
241,26184,0
242,26184,0
243,26184,0
244,10075,17220
245,26184,0
246,26184,0
247,26184,0
248,26184,0
249,26184,0
250,26184,0
251,26184,0
252,26184,0
253,24945,874
254,26184,0
255,25137,736
256,26184,0
257,22850,2456
258,26184,0
259,26184,0
260,26184,0
261,26184,0
262,19163,5628
263,25154,724
264,25898,198
265,26184,0
266,26184,0
267,26184,0
268,26184,0
269,26184,0
270,26184,0
271,26184,0
272,26184,0
273,26184,0
274,26184,0
275,25505,474
276,26184,0
277,26184,0
278,26184,0
279,25781,280
280,26184,0
281,25832,244
282,23857,1678
283,26184,0
284,19808,5032
285,26184,0
286,26184,0
287,26184,0
288,24799,980
289,25254,652
290,91,102098
291,26184,0
292,25701,336
293,26184,0
294,26184,0
295,26184,0
296,26184,0
297,26184,0
298,26184,0
299,26184,0
300,26184,0
301,26184,0
302,26184,0
303,26184,0
304,23524,1932
305,9677,17946
306,26184,0
307,26184,0
308,26184,0
309,26184,0
310,26184,0
311,26184,0
312,26184,0
313,26184,0
314,24490,1206
315,21873,3244
316,26184,0
317,26184,0
318,26184,0
319,25999,128
320,26184,0
321,25999,128
322,24393,1278
323,26184,0
324,26184,0
325,26184,0
326,26184,0
327,26184,0
328,21591,3478
329,20805,4146
330,26184,0
331,26184,0
332,26184,0
333,26184,0
334,26184,0
335,25542,448
336,25109,756
337,26184,0
338,26184,0
339,26184,0
340,21982,3154
341,26184,0
342,26121,44
343,26184,0
344,26184,0
345,25154,724
346,26184,0
347,26184,0
348,26184,0
349,26184,0
350,26184,0
351,26184,0
352,26184,0
353,26184,0
354,26184,0
355,1328,53758
356,26184,0
357,26150,24
358,26184,0
359,25844,236
360,26184,0
361,26184,0
362,26184,0
363,26184,0
364,26184,0
365,26184,0
366,26184,0
367,26184,0
368,26184,0
369,26184,0
370,25196,694
371,26184,0
372,26184,0
373,26184,0
374,26184,0
375,26184,0
376,26184,0
377,21870,3246
378,24665,1078
379,20868,4092
380,26184,0
381,20886,4076
382,26184,0
383,26184,0
384,26184,0
385,26184,0
386,26184,0
387,24610,1118
388,25488,486
389,26184,0
390,26184,0
391,17979,6778
392,26184,0
393,24882,920
394,26184,0
395,19274,5524
396,14668,10448
397,26184,0
398,26184,0
399,26184,0
400,24536,1172
401,26121,44
402,23205,2178
403,26184,0
404,26184,0
405,26184,0
406,26184,0
407,26184,0
408,26184,0
409,26184,0
410,26184,0
411,19790,5048
412,26184,0
413,26184,0
414,26184,0
415,25190,698
416,24290,1354
417,24665,1078
418,21253,3762
419,26184,0
420,24739,1024
421,25162,718
422,25148,728
423,6452,25256
424,26184,0
425,26184,0
426,26184,0
427,26184,0
428,22043,3104
429,26184,0
430,26184,0
431,26184,0
432,26184,0
433,26184,0
434,26184,0
435,26184,0
436,26184,0
437,26184,0
438,26184,0
439,26184,0
440,26184,0
441,26184,0
442,26184,0
443,26184,0
444,26184,0
445,26184,0
446,23141,2228
447,25933,174
448,26184,0
449,24169,1444
450,26063,84
451,26184,0
452,26184,0
453,26184,0
454,24196,1424
455,25294,624
456,26184,0
457,25772,286
458,26184,0
459,26184,0
460,23797,1724
461,19598,5224
462,26184,0
463,25294,624
464,26184,0
465,26184,0
466,25154,724
467,26184,0
468,26184,0
469,23929,1624
470,26184,0
471,26184,0
472,26184,0
473,21007,3972
474,26184,0
475,26184,0
476,26184,0
477,26184,0
478,25647,374
479,4558,31520
480,25576,424
481,26184,0
482,26184,0
483,25559,436
484,26184,0
485,26184,0
486,26184,0
487,26005,124
488,26184,0
489,26184,0
490,26184,0
491,26184,0
492,26121,44
493,26184,0
494,26042,98
495,24871,928
496,26184,0
497,23105,2256
498,26184,0
499,26184,0
500,25277,636
501,26184,0
502,26184,0
503,24325,1328
504,26184,0
505,26184,0
506,26184,0
507,26184,0
508,26184,0
509,26184,0
510,26184,0
511,6322,25622
512,26184,0
513,26184,0
514,26184,0
515,26184,0
516,26184,0
517,26184,0
518,23929,1624
519,26184,0
520,23963,1598
521,26184,0
522,26184,0
523,26184,0
524,26184,0
525,26184,0
526,25277,636
527,26184,0
528,25434,524
529,26184,0
530,26184,0
531,26184,0
532,26184,0
533,26184,0
534,26184,0
535,26184,0
536,25576,424
537,26184,0
538,26184,0
539,25463,504
540,26184,0
541,25576,424
542,26184,0
543,26184,0
544,24929,886
545,26184,0
546,23243,2148
547,26184,0
548,26184,0
549,26184,0
550,21989,3148
551,21752,3344
552,26184,0
553,26184,0
554,15553,9392
555,21096,3896
556,19598,5224
557,26184,0
558,26184,0
559,25525,460
560,25260,648
561,26184,0
562,25429,528
563,26184,0
564,26184,0
565,26184,0
566,26184,0
567,26184,0
568,25249,656
569,26184,0
570,25508,472
571,26184,0
572,23534,1924
573,26184,0
574,26184,0
575,26184,0
576,24190,1428
577,24406,1268
578,26184,0
579,26184,0
580,18381,6380
581,25434,524
582,25559,436
583,26184,0
584,26184,0
585,26184,0
586,26184,0
587,5533,28024
588,26184,0
589,26184,0
590,26184,0
591,26184,0
592,26184,0
593,23660,1828
594,26184,0
595,26184,0
596,25015,824
597,25434,524
598,26184,0
599,23404,2024
600,26184,0
601,25576,424
602,25584,418
603,26184,0
604,26184,0
605,26184,0
606,26184,0
607,26184,0
608,26184,0
609,26184,0
610,26184,0
611,26184,0
612,26184,0
613,26184,0
614,25976,144
615,26184,0
616,26184,0
617,22264,2924
618,26184,0
619,26184,0
620,26184,0
621,26184,0
622,26184,0
623,25789,274
624,26184,0
625,22713,2564
626,26184,0
627,26184,0
628,26184,0
629,18931,5848
630,25576,424
631,25701,336
632,26184,0
633,26184,0
634,26184,0
635,26184,0
636,24940,878
637,25218,678
638,26077,74
639,20715,4224
640,25616,396
641,26184,0
642,26184,0
643,26184,0
644,25761,294
645,16463,8366
646,24142,1464
647,26184,0
648,26184,0
649,24433,1248
650,26184,0
651,26184,0
652,22890,2424
653,26184,0
654,24871,928
655,26184,0
656,26184,0
657,26184,0
658,24736,1026
659,25471,498
660,26184,0
661,18516,6248
662,26184,0
663,26092,64
664,26184,0
665,26184,0
666,26184,0
667,26184,0
668,26184,0
669,23002,2336
670,26184,0
671,26184,0
672,23069,2284
673,26184,0
674,22072,3080
675,26184,0
676,26184,0
677,25288,628
678,26184,0
679,23352,2064
680,26184,0
681,26184,0
682,26184,0
683,15758,9156
684,26184,0
685,26184,0
686,26184,0
687,13026,12588
688,26184,0
689,26184,0
690,26184,0
691,26184,0
692,26184,0
693,26184,0
694,26184,0
695,15979,8904
696,26184,0
697,26184,0
698,24062,1524
699,24585,1136
700,26184,0
701,26184,0
702,26184,0
703,25148,728
704,26184,0
705,26184,0
706,21414,3626
707,26184,0
708,26184,0
709,25294,624
710,26184,0
711,26184,0
712,26184,0
713,25028,814
714,25758,296
715,26184,0
716,26184,0
717,25959,156
718,26184,0
719,26184,0
720,25226,672
721,26184,0
722,26184,0
723,23797,1724
724,22483,2748
725,22931,2392
726,26184,0
727,25718,324
728,26184,0
729,26184,0
730,26184,0
731,25844,236
732,26184,0
733,26184,0
734,26184,0
735,26002,126
736,26184,0
737,26184,0
738,26077,74
739,26184,0
740,26184,0
741,24339,1318
742,25429,528
743,24062,1524
744,26184,0
745,26184,0
746,26184,0
747,1,824588
748,26184,0
749,21507,3548
750,26184,0
751,26184,0
752,26184,0
753,26184,0
754,21412,3628
755,25221,676
756,24945,874
757,21471,3578
758,25015,824
759,26184,0
760,26184,0
761,26184,0
762,26184,0
763,26184,0
764,26184,0
765,26184,0
766,26184,0
767,25690,344
768,5802,27168
769,25832,244
770,25015,824
771,22435,2786
772,26184,0
773,1,159584
774,26184,0
775,25218,678
776,26184,0
777,26184,0
778,25747,304
779,26184,0
780,25635,382
781,26184,0
782,25400,548
783,26184,0
784,24637,1098
785,26184,0
786,26184,0
787,22749,2536
788,24857,938
789,26184,0
790,26184,0
791,26184,0
792,26042,98
793,26184,0
794,26184,0
795,26184,0
796,1597,50428
797,22141,3024
798,24854,940
799,22488,2744
800,26184,0
801,23202,2180
802,26184,0
803,26184,0
804,26184,0
805,26184,0
806,25015,824
807,26184,0
808,26184,0
809,26184,0
810,26184,0
811,24306,1342
812,26184,0
813,26184,0
814,26184,0
815,26184,0
816,26184,0
817,26184,0
818,25576,424
819,22954,2374
820,26184,0
821,26184,0
822,26184,0
823,26184,0
824,26184,0
825,26184,0
826,26184,0
827,25827,248
828,23982,1584
829,22885,2428
830,26184,0
831,25109,756
832,26184,0
833,23534,1924
834,19624,5200
835,26184,0
836,26184,0
837,22850,2456
838,26184,0
839,26184,0
840,26184,0
841,24678,1068
842,26184,0
843,26150,24
844,25015,824
845,26184,0
846,26184,0
847,26184,0
848,26184,0
849,26184,0
850,26184,0
851,25991,134
852,24003,1568
853,26184,0
854,26184,0
855,26184,0
856,26184,0
857,26184,0
858,26184,0
859,24099,1496
860,25690,344
861,26184,0
862,26184,0
863,26184,0
864,26184,0
865,24849,944
866,25226,672
867,26184,0
868,26184,0
869,26184,0
870,20537,4380
871,26184,0
872,26184,0
873,26184,0
874,16880,7916
875,25120,748
876,26184,0
877,24097,1498
878,26184,0
879,9921,17498
880,23002,2336
881,25832,244
882,26184,0
883,26184,0
884,24984,846
885,24536,1172
886,24477,1216
887,15522,9428
888,26184,0
889,26184,0
890,26184,0
891,26184,0
892,25168,714
893,13994,11296
894,26184,0
895,26144,28
896,26184,0
897,26184,0
898,26184,0
899,26184,0
900,26184,0
901,26184,0
902,26184,0
903,26184,0
904,26184,0
905,26184,0
906,23863,1674
907,26184,0
908,26184,0
909,25804,264
910,25959,156
911,25718,324
912,25821,252
913,26184,0
914,26184,0
915,26184,0
916,26184,0
917,25288,628
918,26184,0
919,25718,324
920,26184,0
921,26184,0
922,26184,0
923,26184,0
924,26184,0
925,26184,0
926,26184,0
927,26184,0
928,26184,0
929,26184,0
930,26184,0
931,25701,336
932,26184,0
933,26184,0
934,18866,5910
935,26184,0
936,26184,0
937,22403,2812
938,26184,0
939,26184,0
940,25976,144
941,26184,0
942,26184,0
943,25898,198
944,26184,0
945,26184,0
946,26184,0
947,26184,0
948,24231,1398
949,26184,0
950,26184,0
951,26184,0
952,26184,0
953,26184,0
954,26184,0
955,26184,0
956,26184,0
957,26184,0
958,26184,0
959,26184,0
960,25406,544
961,26184,0
962,24569,1148
963,24807,974
964,25120,748
965,19384,5422
966,26184,0
967,26184,0
968,25542,448
969,25494,482
970,395,75624
971,26184,0
972,26184,0
973,21531,3528
974,26184,0
975,26184,0
976,24591,1132
977,26184,0
978,26184,0
979,26184,0
980,26184,0
981,26184,0
982,26184,0
983,26184,0
984,26005,124
985,26184,0
986,26184,0
987,26184,0
988,25855,228
989,26184,0
990,26184,0
991,26184,0
992,26184,0
993,26184,0
994,24665,1078
995,21873,3244
996,25358,578
997,24190,1428
998,26184,0
999,21248,3766
1000,23618,1860
1001,25584,418
1002,26184,0
1003,20946,4024
1004,26184,0
1005,26184,0
1006,26184,0
1007,26184,0
1008,17462,7304
1009,26184,0
1010,26184,0
1011,26184,0
1012,26184,0
1013,26184,0
1014,18389,6372
1015,26184,0
1016,24057,1528
1017,26184,0
1018,25499,478
1019,25389,556
1020,26184,0
1021,25942,168
1022,26184,0
1023,26184,0
1024,24466,1224
1025,26184,0
1026,26184,0
1027,26184,0
1028,26184,0
1029,26184,0
1030,26184,0
1031,24739,1024
1032,26184,0
1033,26184,0
1034,23765,1748
1035,26184,0
1036,25232,668
1037,26184,0
1038,26184,0
1039,26184,0
1040,26121,44
1041,26184,0
1042,26184,0
1043,26184,0
1044,26184,0
1045,26184,0
1046,26184,0
1047,26184,0
1048,26184,0
1049,26184,0
1050,25460,506
1051,26184,0
1052,23120,2244
1053,24954,868
1054,21771,3328
1055,21416,3624
1056,26184,0
1057,26184,0
1058,25827,248
1059,26184,0
1060,19737,5096
1061,26184,0
1062,22885,2428
1063,23886,1656
1064,23205,2178
1065,26184,0
1066,25336,594
1067,26184,0
1068,26184,0
1069,26184,0
1070,26184,0
1071,24575,1144
1072,26184,0
1073,26184,0
1074,23018,2324
1075,26066,82
1076,26184,0
1077,26184,0
1078,26184,0
1079,26184,0
1080,26184,0
1081,26184,0
1082,26184,0
1083,26184,0
1084,22448,2776
1085,26184,0
1086,24981,848
1087,26184,0
1088,26184,0
1089,22553,2692
1090,26184,0
1091,26150,24
1092,26184,0
1093,26184,0
1094,26184,0
1095,21790,3312
1096,26184,0
1097,26184,0
1098,26184,0
1099,26184,0
1100,26184,0
1101,24118,1482
1102,26184,0
1103,26184,0
1104,22951,2376
1105,26184,0
1106,25221,676
1107,26184,0
1108,25238,664
1109,25530,456
1110,26184,0
1111,26184,0
1112,26184,0
1113,23386,2038
1114,26184,0
1115,26184,0
1116,26184,0
1117,25570,428
1118,25727,318
1119,26184,0
1120,26184,0
1121,25367,572
1122,26184,0
1123,26184,0
1124,24918,894
1125,25778,282
1126,26184,0
1127,26184,0
1128,22985,2350
1129,21810,3296
1130,25584,418
1131,26184,0
1132,25712,328
1133,26184,0
1134,25942,168
1135,26184,0
1136,26184,0
1137,26184,0
1138,26184,0
1139,26184,0
1140,26184,0
1141,26184,0
1142,26184,0
1143,26184,0
1144,26184,0
1145,26184,0
1146,25638,380
1147,25051,798
1148,26184,0
1149,26184,0
1150,1314,53948
1151,26184,0
1152,25508,472
1153,26184,0
1154,26184,0
1155,24164,1448
1156,26184,0
1157,26184,0
1158,26184,0
1159,26184,0
1160,23902,1644
1161,21897,3224
1162,26184,0
1163,26184,0
1164,24667,1076
1165,26184,0
1166,26184,0
1167,23929,1624
1168,26184,0
1169,24987,844
1170,26184,0
1171,26184,0
1172,26184,0
1173,24030,1548
1174,26184,0
1175,26184,0
1176,26184,0
1177,26184,0
1178,26184,0
1179,26184,0
1180,25861,224
1181,26184,0
1182,26184,0
1183,26184,0
1184,26184,0
1185,20912,4054
1186,24091,1502
1187,26184,0
1188,26184,0
1189,26184,0
1190,26184,0
1191,26184,0
1192,26184,0
1193,26150,24
1194,26184,0
1195,26184,0
1196,25434,524
1197,26184,0
1198,26184,0
1199,26184,0
1200,25789,274
1201,26184,0
1202,21648,3430
1203,26184,0
1204,25109,756
1205,26184,0
1206,26184,0
1207,25009,828
1208,26184,0
1209,23339,2074
1210,26184,0
1211,26184,0
1212,26184,0
1213,26184,0
1214,25249,656
1215,25861,224
1216,26184,0
1217,26184,0
1218,26184,0
1219,26016,116
1220,25434,524
1221,26150,24
1222,20024,4836
1223,26184,0
1224,26184,0
1225,26184,0
1226,102,100024
1227,22739,2544
1228,21776,3324
1229,26184,0
1230,1111,56970
1231,26184,0
1232,23082,2274
1233,26184,0
1234,26184,0
1235,25505,474
1236,25400,548
1237,26184,0
1238,25789,274
1239,26184,0
1240,26184,0
1241,26184,0
1242,26184,0
1243,26184,0
1244,20817,4136
1245,24062,1524
1246,26184,0
1247,26184,0
1248,26184,0
1249,25084,774
1250,25956,158
1251,20826,4128
1252,26184,0
1253,26184,0
1254,26150,24
1255,26184,0
1256,25148,728
1257,24945,874
1258,26184,0
1259,26184,0
1260,25832,244
1261,26184,0
1262,25861,224
1263,26184,0
1264,26184,0
1265,26184,0
1266,24706,1048
1267,26184,0
1268,26184,0
1269,26184,0
1270,1560,50850
1271,26184,0
1272,26184,0
1273,26184,0
1274,26184,0
1275,26184,0
1276,26184,0
1277,26184,0
1278,24057,1528
1279,26184,0
1280,26184,0
1281,26184,0
1282,26184,0
1283,25815,256
1284,26184,0
1285,26184,0
1286,26184,0
1287,26184,0
1288,26184,0
1289,26184,0
1290,24835,954
1291,24843,948
1292,26184,0
1293,26184,0
1294,21982,3154
1295,24876,924
1296,23097,2262
1297,26184,0
1298,26184,0
1299,26184,0
1300,20306,4584
1301,26184,0
1302,26184,0
1303,26184,0
1304,26184,0
1305,26184,0
1306,23518,1936
1307,26184,0
1308,26184,0
1309,26184,0
1310,16226,8628
1311,25126,744
1312,20156,4718
1313,26184,0
1314,26184,0
1315,26184,0
1316,26184,0
1317,16842,7956
1318,25755,298
1319,24330,1324
1320,24739,1024
1321,26184,0
1322,26184,0
1323,26184,0
1324,20376,4522
1325,25727,318
1326,25224,674
1327,26184,0
1328,26184,0
1329,26184,0
1330,26184,0
1331,24035,1544
1332,26184,0
1333,24954,868
1334,21955,3176
1335,26184,0
1336,25536,452
1337,26184,0
1338,23894,1650
1339,23710,1790
1340,24341,1316
1341,26184,0
1342,26184,0
1343,22802,2494
1344,25330,598
1345,26184,0
1346,23963,1598
1347,26184,0
1348,26184,0
1349,26184,0
1350,26184,0
1351,26184,0
1352,26184,0
1353,26184,0
1354,26184,0
1355,25020,820
1356,26184,0
1357,26184,0
1358,25232,668
1359,26184,0
1360,23615,1862
1361,26184,0
1362,26184,0
1363,26184,0
1364,26184,0
1365,26184,0
1366,26184,0
1367,26184,0
1368,26184,0
1369,26184,0
1370,26184,0
1371,26184,0
1372,26184,0
1373,21388,3648
1374,25815,256
1375,26184,0
1376,26184,0
1377,26184,0
1378,24449,1236
1379,24132,1472
1380,26184,0
1381,26184,0
1382,26184,0
1383,25988,136
1384,26184,0
1385,26184,0
1386,26184,0
1387,23313,2094
1388,26184,0
1389,26184,0
1390,26184,0
1391,25319,606
1392,26184,0
1393,23995,1574
1394,25288,628
1395,26184,0
1396,26184,0
1397,26184,0
1398,23802,1720
1399,26184,0
1400,26184,0
1401,26184,0
1402,26184,0
1403,26184,0
1404,24814,969
1405,25988,136
1406,26184,0
1407,26184,0
1408,26184,0
1409,26184,0
1410,26184,0
1411,26184,0
1412,26184,0
1413,23404,2024
1414,26184,0
1415,26184,0
1416,26184,0
1417,26184,0
1418,26184,0
1419,25547,444
1420,24368,1296
1421,26184,0
1422,26184,0
1423,26184,0
1424,26184,0
1425,26184,0
1426,25655,368
1427,26184,0
1428,23041,2306
1429,26184,0
1430,19997,4860
1431,26184,0
1432,26184,0
1433,26184,0
1434,26184,0
1435,26184,0
1436,26184,0
1437,26184,0
1438,26150,24
1439,26184,0
1440,26184,0
1441,26184,0
1442,26184,0
1443,26184,0
1444,23146,2224
1445,26184,0
1446,26042,98
1447,19343,5460
1448,26184,0
1449,26184,0
1450,26184,0
1451,24062,1524
1452,24719,1038
1453,26184,0
1454,26184,0
1455,26184,0
1456,26184,0
1457,18710,6060
1458,24981,848
1459,24466,1224
1460,26184,0
1461,19969,4886
1462,26184,0
1463,26184,0
1464,26184,0
1465,26184,0
1466,24452,1234
1467,26184,0
1468,25755,298
1469,26184,0
1470,26184,0
1471,26184,0
1472,26184,0
1473,24750,1016
1474,26184,0
1475,26184,0
1476,26184,0
1477,26184,0
1478,26184,0
1479,24030,1548
1480,25429,528
1481,26184,0
1482,26184,0
1483,20725,4216
1484,26184,0
1485,24843,948
1486,25154,724
1487,25576,424
1488,25542,448
1489,26184,0
1490,26184,0
1491,26048,94
1492,26184,0
1493,26184,0
1494,26184,0
1495,26184,0
1496,26184,0
1497,26184,0
1498,26184,0
1499,23791,1728
1500,22388,2824
1501,26184,0
1502,24706,1048
1503,26184,0
1504,26184,0
1505,26184,0
1506,26184,0
1507,26184,0
1508,26184,0
1509,26184,0
1510,26184,0
1511,26184,0
1512,26184,0
1513,21975,3160
1514,22728,2552
1515,13041,12568
1516,26184,0
1517,26184,0
1518,26184,0
1519,26184,0
1520,25542,448
1521,26184,0
1522,26184,0
1523,26074,76
1524,17094,7688
1525,26184,0
1526,26184,0
1527,26184,0
1528,25143,732
1529,22759,2528
1530,26184,0
1531,15958,8928
1532,26184,0
1533,1286,54332
1534,26184,0
1535,26086,68
1536,26184,0
1537,26184,0
1538,26184,0
1539,26184,0
1540,26184,0
1541,26184,0
1542,23308,2098
1543,24325,1328
1544,26184,0
1545,26184,0
1546,24739,1024
1547,26184,0
1548,26184,0
1549,24624,1108
1550,26184,0
1551,14629,10496
1552,26184,0
1553,26184,0
1554,26184,0
1555,26184,0
1556,26184,0
1557,26184,0
1558,26184,0
1559,22445,2778
1560,26184,0
1561,26184,0
1562,26184,0
1563,26184,0
1564,26184,0
1565,26184,0
1566,26184,0
1567,26184,0
1568,20946,4024
1569,26184,0
1570,26184,0
1571,25684,348
1572,25827,248
1573,26184,0
1574,26071,78
1575,26184,0
1576,26184,0
1577,26184,0
1578,26115,48
1579,15017,10024
1580,26184,0
1581,26184,0
1582,26184,0
1583,26184,0
1584,26184,0
1585,26184,0
1586,26184,0
1587,26184,0
1588,16775,8028
1589,26184,0
1590,26184,0
1591,26184,0
1592,26184,0
1593,11122,15438
1594,26184,0
1595,26184,0
1596,26184,0
1597,23146,2224
1598,26184,0
1599,26184,0
1600,26184,0
1601,23865,1672
1602,1026,58412
1603,26184,0
1604,26184,0
1605,23233,2156
1606,25988,136
1607,20211,4668
1608,25372,568
1609,26184,0
1610,26184,0
1611,26184,0
1612,26184,0
1613,26184,0
1614,26184,0
1615,25718,324
1616,26184,0
1617,26184,0
1618,26184,0
1619,25364,574
1620,25400,548
1621,22885,2428
1622,26184,0
1623,26184,0
1624,26184,0
1625,21152,3848
1626,23182,2196
1627,26184,0
1628,25547,444
1629,26184,0
1630,23018,2324
1631,26184,0
1632,26184,0
1633,23440,1996
1634,24956,866
1635,26184,0
1636,1,109908
1637,25513,468
1638,26184,0
1639,26184,0
1640,23889,1654
1641,26184,0
1642,24406,1268
1643,23826,1702
1644,26184,0
1645,26184,0
1646,26184,0
1647,26060,86
1648,26184,0
1649,26184,0
1650,26184,0
1651,26184,0
1652,26184,0
1653,26184,0
1654,25339,592
1655,26184,0
1656,26184,0
1657,22575,2674
1658,26184,0
1659,26184,0
1660,26184,0
1661,25712,328
1662,26184,0
1663,26184,0
1664,25288,628
1665,26184,0
1666,26184,0
1667,26184,0
1668,26184,0
1669,26184,0
1670,19702,5128
1671,26184,0
1672,25832,244
1673,26184,0
1674,26184,0
1675,26184,0
1676,26184,0
1677,26184,0
1678,26184,0
1679,26184,0
1680,26184,0
1681,26184,0
1682,26184,0
1683,20451,4456
1684,26184,0
1685,24263,1374
1686,25154,724
1687,1593,50474
1688,21246,3768
1689,26184,0
1690,26184,0
1691,26184,0
1692,26184,0
1693,25051,798
1694,26184,0
1695,26184,0
1696,18216,6542
1697,26184,0
1698,19989,4868
1699,26184,0
1700,22324,2876
1701,24509,1192
1702,26184,0
1703,22508,2728
1704,23262,2134
1705,26184,0
1706,26184,0
1707,26184,0
1708,26184,0
1709,26184,0
1710,26184,0
1711,26184,0
1712,26184,0
1713,26184,0
1714,24164,1448
1715,26184,0
1716,26184,0
1717,22819,2480
1718,26184,0
1719,26184,0
1720,25647,374
1721,26184,0
1722,26184,0
1723,26184,0
1724,26121,44
1725,26184,0
1726,26184,0
1727,23115,2248
1728,26184,0
1729,26132,36
1730,26184,0
1731,26184,0
1732,26184,0
1733,26184,0
1734,26184,0
1735,26184,0
1736,26184,0
1737,25904,194
1738,26184,0
1739,26184,0
1740,26184,0
1741,24876,924
1742,26184,0
1743,26184,0
1744,23831,1698
1745,22450,2774
1746,23210,2174
1747,26184,0
1748,26184,0
1749,26184,0
1750,26184,0
1751,17704,7056
1752,26184,0
1753,26184,0
1754,26184,0
1755,26184,0
1756,26184,0
1757,26184,0
1758,26184,0
1759,5290,28836
1760,26184,0
1761,26184,0
1762,26184,0
1763,26184,0
1764,26184,0
1765,26184,0
1766,23652,1834
1767,26184,0
1768,26184,0
1769,16463,8366
1770,26184,0
1771,25718,324
1772,26184,0
1773,26184,0
1774,26184,0
1775,26121,44
1776,26184,0
1777,26184,0
1778,26184,0
1779,26184,0
1780,26184,0
1781,26184,0
1782,26184,0
1783,26184,0
1784,22245,2940
1785,26184,0
1786,26184,0
1787,22418,2800
1788,26184,0
1789,26184,0
1790,26184,0
1791,26184,0
1792,26184,0
1793,26184,0
1794,26184,0
1795,3596,35792
1796,26184,0
1797,26184,0
1798,26184,0
1799,26184,0
1800,25389,556
1801,26184,0
1802,26184,0
1803,23290,2112
1804,26184,0
1805,25372,568
1806,26184,0
1807,26184,0
1808,26184,0
1809,26184,0
1810,26184,0
1811,26184,0
1812,26184,0
1813,25559,436
1814,23691,1804
1815,26184,0
1816,26184,0
1817,26184,0
1818,24739,1024
1819,26184,0
1820,26184,0
1821,20683,4252
1822,26184,0
1823,26184,0
1824,26184,0
1825,26184,0
1826,26184,0
1827,26184,0
1828,26184,0
1829,26184,0
1830,26184,0
1831,26184,0
1832,23404,2024
1833,26184,0
1834,26184,0
1835,26184,0
1836,26184,0
1837,26184,0
1838,25755,298
1839,25942,168
1840,26184,0
1841,25067,786
1842,26184,0
1843,26184,0
1844,26184,0
1845,26184,0
1846,26184,0
1847,26184,0
1848,26184,0
1849,26184,0
1850,26184,0
1851,26184,0
1852,26184,0
1853,25647,374
1854,26184,0
1855,26184,0
1856,26184,0
1857,26184,0
1858,24417,1260
1859,25319,606
1860,26184,0
1861,26184,0
1862,26184,0
1863,26184,0
1864,20297,4592
1865,26184,0
1866,25999,128
1867,23518,1936
1868,20826,4128
1869,26184,0
1870,26184,0
1871,26184,0
1872,26184,0
1873,26184,0
1874,26184,0
1875,26184,0
1876,26184,0
1877,26184,0
1878,26184,0
1879,26184,0
1880,26184,0
1881,24309,1340
1882,26184,0
1883,23934,1620
1884,22890,2424
1885,26184,0
1886,24126,1476
1887,26184,0
1888,26184,0
1889,26144,28
1890,26184,0
1891,26184,0
1892,26184,0
1893,26184,0
1894,20679,4256
1895,26184,0
1896,26184,0
1897,21619,3454
1898,26184,0
1899,21173,3830
1900,25933,174
1901,26077,74
1902,26184,0
1903,26184,0
1904,26184,0
1905,26184,0
1906,8965,19324
1907,26184,0
1908,26184,0
1909,23665,1824
1910,26184,0
1911,26184,0
1912,26184,0
1913,26184,0
1914,22230,2952
1915,26184,0
1916,26184,0
1917,26184,0
1918,23000,2338
1919,26184,0
1920,26184,0
1921,26184,0
1922,25277,636
1923,26184,0
1924,25976,144
1925,25861,224
1926,92,101792
1927,26184,0
1928,25224,674
1929,26184,0
1930,25087,772
1931,26184,0
1932,26005,124
1933,26184,0
1934,26184,0
1935,26184,0
1936,26184,0
1937,25827,248
1938,26184,0
1939,26184,0
1940,26184,0
1941,25701,336
1942,26184,0
1943,26184,0
1944,26184,0
1945,25976,144
1946,26184,0
1947,24062,1524
1948,20328,4564
1949,26184,0
1950,26184,0
1951,26184,0
1952,26184,0
1953,26184,0
1954,26184,0
1955,23728,1776
1956,26184,0
1957,26184,0
1958,26184,0
1959,26184,0
1960,26184,0
1961,26184,0
1962,26184,0
1963,26184,0
1964,26184,0
1965,26184,0
1966,25224,674
1967,26184,0
1968,26184,0
1969,26184,0
1970,26184,0
1971,21388,3648
1972,26184,0
1973,26184,0
1974,25664,362
1975,26184,0
1976,26184,0
1977,26184,0
1978,26184,0
1979,25873,216
1980,26184,0
1981,25406,544
1982,26184,0
1983,25157,722
1984,26184,0
1985,26184,0
1986,26184,0
1987,26184,0
1988,26184,0
1989,26184,0
1990,26184,0
1991,26184,0
1992,26184,0
1993,26184,0
1994,26184,0
1995,26184,0
1996,25855,228
1997,26042,98
1998,26184,0
1999,26184,0
2000,26184,0
2001,26184,0
2002,26184,0
2003,26184,0
2004,26184,0
2005,26184,0
2006,26184,0
2007,26184,0
2008,26150,24
2009,26184,0
2010,26184,0
2011,26184,0
2012,26184,0
2013,26184,0
2014,26184,0
2015,26063,84
2016,3006,39028
2017,26184,0
2018,26184,0
2019,26184,0
2020,26184,0
2021,26060,86
2022,26184,0
2023,26184,0
2024,24673,1072
2025,26184,0
2026,26184,0
2027,25294,624
2028,23633,1848
2029,26184,0
2030,26184,0
2031,26184,0
2032,1451,52158
2033,26184,0
2034,26184,0
2035,26184,0
2036,25999,128
2037,26184,0
2038,26184,0
2039,26184,0
2040,26184,0
2041,24014,1560
2042,26184,0
2043,64,108290
2044,26184,0
2045,26184,0
2046,26184,0
2047,24780,994
2048,23269,2128
2049,26184,0
2050,23852,1682
2051,25477,494
2052,26184,0
2053,26184,0
2054,26184,0
2055,26184,0
2056,24022,1554
2057,25832,244
2058,26184,0
2059,26184,0
2060,26184,0
2061,23929,1624
2062,26184,0
2063,19694,5136
2064,26184,0
2065,26184,0
2066,26184,0
2067,26115,48
2068,23362,2056
2069,26184,0
2070,25718,324
2071,26184,0
2072,25744,306
2073,26184,0
2074,25542,448
2075,26184,0
2076,25207,686
2077,19011,5772
2078,26184,0
2079,13886,11436
2080,26184,0
2081,26184,0
2082,26184,0
2083,26184,0
2084,26184,0
2085,24382,1286
2086,26184,0
2087,26184,0
2088,24849,944
2089,26184,0
2090,26184,0
2091,21222,3788
2092,26184,0
2093,26184,0
2094,26184,0
2095,26077,74
2096,26184,0
2097,26184,0
2098,26184,0
2099,24081,1510
2100,26184,0
2101,26184,0
2102,26184,0
2103,25924,180
2104,26184,0
2105,26184,0
2106,26184,0
2107,26184,0
2108,26184,0
2109,26184,0
2110,26184,0
2111,26184,0
2112,26184,0
2113,26184,0
2114,24733,1028
2115,26184,0
2116,18735,6036
2117,26184,0
2118,26184,0
2119,24918,894
2120,26184,0
2121,26092,64
2122,26184,0
2123,11861,14278
2124,26184,0
2125,26184,0
2126,26184,0
2127,26184,0
2128,25212,682
2129,25576,424
2130,25266,644
2131,26184,0
2132,25658,366
2133,302,80428
2134,25260,648
2135,23602,1872
2136,26184,0
2137,25718,324
2138,25576,424
2139,22053,3096
2140,26184,0
2141,26184,0
2142,26184,0
2143,26184,0
2144,26184,0
2145,24706,1048
2146,18697,6072
2147,25970,148
2148,26184,0
2149,26184,0
2150,24876,924
2151,26184,0
2152,26184,0
2153,26184,0
2154,26184,0
2155,26184,0
2156,26184,0
2157,26184,0
2158,24341,1316
2159,26184,0
2160,26184,0
2161,26184,0
2162,26184,0
2163,26184,0
2164,26184,0
2165,25277,636
2166,26184,0
2167,26184,0
2168,26184,0
2169,26184,0
2170,26184,0
2171,26184,0
2172,23993,1576
2173,26184,0
2174,26184,0
2175,26184,0
2176,26184,0
2177,26184,0
2178,26184,0
2179,25499,478
2180,24065,1522
2181,22827,2474
2182,26184,0
2183,26184,0
2184,5778,27244
2185,6454,25248
2186,25406,544
2187,26184,0
2188,26184,0
2189,6535,25024
2190,25827,248
2191,24572,1146
2192,12115,13896
2193,26184,0
2194,26184,0
2195,26184,0
2196,26184,0
2197,26184,0
2198,24890,914
2199,26184,0
2200,26184,0
2201,26184,0
2202,26184,0
2203,26184,0
2204,25081,776
2205,26184,0
2206,26184,0
2207,26184,0
2208,26184,0
2209,17712,7048
2210,24046,1536
2211,23404,2024
2212,26184,0
2213,26184,0
2214,20374,4524
2215,26184,0
2216,23886,1656
2217,26184,0
2218,26184,0
2219,26184,0
2220,23665,1824
2221,20394,4506
2222,26184,0
2223,26184,0
2224,26184,0
2225,1631,50044
2226,26184,0
2227,24987,844
2228,26184,0
2229,25601,406
2230,26184,0
2231,26184,0
2232,24706,1048
2233,26184,0
2234,26184,0
2235,23375,2046
2236,25570,428
2237,26184,0
2238,26184,0
2239,26184,0
2240,26184,0
2241,22548,2696
2242,24998,836
2243,26184,0
2244,26184,0
2245,26184,0
2246,25690,344
2247,26184,0
2248,26184,0
2249,26184,0
2250,25505,474
2251,24794,984
2252,13366,12124
2253,23995,1574
2254,26184,0
2255,26184,0
2256,26184,0
2257,26184,0
2258,26184,0
2259,26184,0
2260,26184,0
2261,26184,0
2262,26184,0
2263,26184,0
2264,26184,0
2265,26184,0
2266,25302,618
2267,20505,4408
2268,26184,0
2269,26184,0
2270,183,89466
2271,26184,0
2272,25661,364
2273,26184,0
2274,25718,324
2275,26184,0
2276,26184,0
2277,26184,0
2278,23990,1578
2279,26086,68
2280,26184,0
2281,26184,0
2282,26184,0
2283,25784,278
2284,26184,0
2285,9781,17754
2286,26184,0
2287,14873,10198
2288,26184,0
2289,26184,0
2290,26184,0
2291,26184,0
2292,26184,0
2293,26184,0
2294,26184,0
2295,26184,0
2296,26184,0
2297,26184,0
2298,26184,0
2299,26184,0
2300,26184,0
2301,25988,136
2302,25288,628
2303,26184,0
2304,26184,0
2305,26184,0
2306,26184,0
2307,26184,0
2308,26184,0
2309,983,59180
2310,26184,0
2311,26080,72
2312,26184,0
2313,26184,0
2314,26184,0
2315,26184,0
2316,26184,0
2317,26184,0
2318,25727,318
2319,25513,468
2320,25644,376
2321,26184,0
2322,26184,0
2323,26184,0
2324,26184,0
2325,26184,0
2326,26184,0
2327,26071,78
2328,25690,344
2329,26184,0
2330,26184,0
2331,23290,2112
2332,26184,0
2333,26184,0
2334,21488,3564
2335,26184,0
2336,25641,378
2337,26184,0
2338,26184,0
2339,26184,0
2340,14330,10868
2341,22583,2668
2342,26184,0
2343,25976,144
2344,26184,0
2345,26184,0
2346,19221,5574
2347,26184,0
2348,26184,0
2349,24981,848
2350,26184,0
2351,26184,0
2352,26184,0
2353,26184,0
2354,24739,1024
2355,26184,0
2356,26184,0
2357,26184,0
2358,26184,0
2359,24670,1074
2360,26184,0
2361,26121,44
2362,26184,0
2363,26184,0
2364,26121,44
2365,26184,0
2366,23765,1748
2367,25985,138
2368,26184,0
2369,23089,2268
2370,26184,0
2371,26184,0
2372,24907,902
2373,26184,0
2374,26184,0
2375,26184,0
2376,26184,0
2377,24918,894
2378,23670,1820
2379,26184,0
2380,26184,0
2381,26184,0
2382,26184,0
2383,26184,0
2384,25126,744
2385,13002,12622
2386,26184,0
2387,26184,0
2388,26184,0
2389,26184,0
2390,26184,0
2391,26184,0
2392,25294,624
2393,26184,0
2394,26184,0
2395,26184,0
2396,24733,1028
2397,20288,4600
2398,23537,1922
2399,25576,424
2400,24564,1152
2401,26184,0
2402,26184,0
2403,26184,0
2404,26184,0
2405,26184,0
2406,26086,68
2407,26184,0
2408,26184,0
2409,25718,324
2410,19790,5048
2411,26184,0
2412,25789,274
2413,24871,928
2414,26184,0
2415,26184,0
2416,24566,1150
2417,26184,0
2418,26184,0
2419,26184,0
2420,26184,0
2421,26184,0
2422,26184,0
2423,26184,0
2424,26184,0
2425,26184,0
2426,26184,0
2427,26184,0
2428,26184,0
2429,26184,0
2430,25576,424
2431,26184,0
2432,26184,0
2433,26184,0
2434,26184,0
2435,25647,374
2436,26184,0
2437,26184,0
2438,26184,0
2439,26184,0
2440,26184,0
2441,26184,0
2442,20069,4796
2443,25718,324
2444,26184,0
2445,26184,0
2446,6524,25056
2447,26184,0
2448,26184,0
2449,26184,0
2450,25015,824
2451,26184,0
2452,26184,0
2453,26184,0
2454,13422,12048
2455,26184,0
2456,25712,328
2457,26184,0
2458,26184,0
2459,26184,0
2460,26184,0
2461,26103,56
2462,26184,0
2463,26184,0
2464,26184,0
2465,26184,0
2466,25238,664
2467,26184,0
2468,26184,0
2469,26184,0
2470,26184,0
2471,26184,0
2472,25120,748
2473,21450,3596
2474,23765,1748
2475,26184,0
2476,26184,0
2477,26184,0
2478,25260,648
2479,26184,0
2480,25712,328
2481,6169,26064
2482,23013,2328
2483,26184,0
2484,26184,0
2485,26040,100
2486,26184,0
2487,25434,524
2488,25232,668
2489,26184,0
2490,26184,0
2491,26184,0
2492,26184,0
2493,24121,1480
2494,24164,1448
2495,26184,0
2496,22272,2918
2497,25579,422
2498,26184,0
2499,24190,1428
2500,19517,5298
2501,26184,0
2502,25933,174
2503,26184,0
2504,26184,0
2505,17226,7550
2506,26184,0
2507,18639,6128
2508,26184,0
2509,26184,0
2510,26184,0
2511,26184,0
2512,26103,56
2513,25947,164
2514,24569,1148
2515,1,501036
2516,24656,1084
2517,26184,0
2518,25400,548
2519,14736,10364
2520,26184,0
2521,26184,0
2522,26184,0
2523,26184,0
2524,26184,0
2525,26184,0
2526,26184,0
2527,26184,0
2528,26184,0
2529,26184,0
2530,22510,2726
2531,26184,0
2532,24876,924
2533,24466,1224
2534,23210,2174
2535,26184,0
2536,26184,0
2537,26184,0
2538,26184,0
2539,26184,0
2540,23015,2326
2541,26184,0
2542,26184,0
2543,26184,0
2544,26092,64
2545,26184,0
2546,25647,374
2547,26184,0
2548,26184,0
2549,24035,1544
2550,26184,0
2551,26184,0
2552,26184,0
2553,26184,0
2554,26184,0
2555,26184,0
2556,26184,0
2557,26184,0
2558,26184,0
2559,26184,0
2560,26184,0
2561,26184,0
2562,23744,1764
2563,26184,0
2564,26184,0
2565,9720,17866
2566,26184,0
2567,26184,0
2568,26184,0
2569,24670,1074
2570,25827,248
2571,20211,4668
2572,26184,0
2573,25827,248
2574,25570,428
2575,26184,0
2576,26184,0
2577,26184,0
2578,26184,0
2579,26184,0
2580,26184,0
2581,26184,0
2582,26184,0
2583,25229,670
2584,24041,1540
2585,26184,0
2586,26184,0
2587,24739,1024
2588,25268,642
2589,21953,3178
2590,26184,0
2591,25092,768
2592,26184,0
2593,26184,0
2594,26184,0
2595,26184,0
2596,26184,0
2597,26184,0
2598,26184,0
2599,20444,4462
2600,26184,0
2601,26184,0
2602,25347,586
2603,26184,0
2604,26184,0
2605,26184,0
2606,25884,208
2607,25798,268
2608,26184,0
2609,26184,0
2610,26184,0
2611,26184,0
2612,26184,0
2613,26184,0
2614,26184,0
2615,24113,1486
2616,26184,0
2617,26184,0
2618,26184,0
2619,25389,556
2620,26184,0
2621,26184,0
2622,26184,0
2623,26184,0
2624,26144,28
2625,20256,4628
2626,26184,0
2627,26184,0
2628,19940,4912
2629,16524,8300
2630,26184,0
2631,24466,1224
2632,26184,0
2633,25539,450
2634,26184,0
2635,26184,0
2636,26184,0
2637,26184,0
2638,26184,0
2639,26184,0
2640,26184,0
2641,26184,0
2642,25827,248
2643,26184,0
2644,26184,0
2645,26184,0
2646,26184,0
2647,26184,0
2648,26184,0
2649,26184,0
2650,25092,768
2651,26184,0
2652,25015,824
2653,26184,0
2654,26184,0
2655,26184,0
2656,26184,0
2657,26184,0
2658,26184,0
2659,19240,5556
2660,26184,0
2661,26184,0
2662,26184,0
2663,26184,0
2664,26184,0
2665,7302,23024
2666,25031,812
2667,26184,0
2668,26184,0
2669,16859,7938
2670,26184,0
2671,26184,0
2672,25355,580
2673,26184,0
2674,26184,0
2675,26184,0
2676,26184,0
2677,26184,0
2678,26184,0
2679,23529,1928
2680,26184,0
2681,26184,0
2682,26184,0
2683,25333,596
2684,26184,0
2685,24062,1524
2686,26184,0
2687,26184,0
2688,25434,524
2689,26184,0
2690,26184,0
2691,26184,0
2692,26184,0
2693,26184,0
2694,26184,0
2695,16590,8228
2696,25701,336
2697,25855,228
2698,26184,0
2699,26184,0
2700,26184,0
2701,26184,0
2702,26184,0
2703,26184,0
2704,26184,0
2705,26184,0
2706,25299,620
2707,26184,0
2708,26184,0
2709,14997,10048
2710,22465,2762
2711,16276,8572
2712,26184,0
2713,20144,4728
2714,25942,168
2715,26184,0
2716,26184,0
2717,25294,624
2718,26184,0
2719,24164,1448
2720,26184,0
2721,26184,0
2722,26184,0
2723,26184,0
2724,25898,198
2725,26184,0
2726,26184,0
2727,25505,474
2728,23929,1624
2729,26184,0
2730,26184,0
2731,26184,0
2732,22112,3048
2733,26184,0
2734,26184,0
2735,25727,318
2736,26184,0
2737,26184,0
2738,26184,0
2739,26184,0
2740,26184,0
2741,19975,4880
2742,26184,0
2743,26184,0
2744,1,152628
2745,26184,0
2746,26184,0
2747,26184,0
2748,26184,0
2749,26184,0
2750,26184,0
2751,26184,0
2752,8420,20456
2753,25898,198
2754,26184,0
2755,26184,0
2756,24526,1180
2757,26184,0
2758,24981,848
2759,24398,1274
2760,26184,0
2761,25789,274
2762,26184,0
2763,26184,0
2764,26184,0
2765,26184,0
2766,26184,0
2767,26184,0
2768,26184,0
2769,26184,0
2770,26184,0
2771,26184,0
2772,26184,0
2773,26184,0
2774,26184,0
2775,25933,174
2776,24602,1124
2777,26184,0
2778,3676,35400
2779,24654,1086
2780,26184,0
2781,26184,0
2782,23665,1824
2783,26184,0
2784,24599,1126
2785,25400,548
2786,25154,724
2787,26184,0
2788,26184,0
2789,26184,0
2790,26184,0
2791,26184,0
2792,26184,0
2793,26184,0
2794,26184,0
2795,23043,2304
2796,26184,0
2797,26184,0
2798,19287,5512
2799,26184,0
2800,25477,494
2801,22890,2424
2802,26184,0
2803,26184,0
2804,20374,4524
2805,26184,0
2806,26184,0
2807,26184,0
2808,26184,0
2809,26184,0
2810,21204,3804
2811,25832,244
2812,26184,0
2813,26184,0
2814,26184,0
2815,24097,1498
2816,24678,1068
2817,26184,0
2818,26184,0
2819,26184,0
2820,15491,9464
2821,26184,0
2822,26184,0
2823,26184,0
2824,26184,0
2825,26184,0
2826,26184,0
2827,26184,0
2828,24871,928
2829,26184,0
2830,26184,0
2831,26184,0
2832,26184,0
2833,21839,3272
2834,26184,0
2835,25084,774
2836,26184,0
2837,25505,474
2838,26184,0
2839,26184,0
2840,26184,0
2841,16686,8124
2842,16347,8494
2843,25434,524
2844,26184,0
2845,26184,0
2846,26184,0
2847,26184,0
2848,26184,0
2849,26184,0
2850,26184,0
2851,26184,0
2852,26184,0
2853,26184,0
2854,26184,0
2855,26184,0
2856,26184,0
2857,23897,1648
2858,25861,224
2859,26034,104
2860,26184,0
2861,26184,0
2862,26184,0
2863,20042,4820
2864,25505,474
2865,26184,0
2866,26184,0
2867,26184,0
2868,26184,0
2869,26184,0
2870,26184,0
2871,26184,0
2872,26042,98
2873,26184,0
2874,25053,796
2875,26184,0
2876,1580,50624
2877,26184,0
2878,26184,0
2879,26184,0
2880,26184,0
2881,26184,0
2882,26184,0
2883,26031,106
2884,24196,1424
2885,26184,0
2886,26184,0
2887,26184,0
2888,23584,1886
2889,26184,0
2890,26184,0
2891,26184,0
2892,26184,0
2893,24678,1068
2894,26184,0
2895,25988,136
2896,26184,0
2897,21897,3224
2898,25434,524
2899,26184,0
2900,26184,0
2901,26184,0
2902,26184,0
2903,26184,0
2904,26184,0
2905,25570,428
2906,26184,0
2907,26184,0
2908,26184,0
2909,26184,0
2910,25406,544
2911,26184,0
2912,26184,0
2913,26115,48
2914,26184,0
2915,26184,0
2916,26184,0
2917,26184,0
2918,26184,0
2919,26184,0
2920,26184,0
2921,26184,0
2922,24871,928
2923,26184,0
2924,25429,528
2925,26184,0
2926,26184,0
2927,26184,0
2928,26184,0
2929,26184,0
2930,19057,5728
2931,26184,0
2932,24564,1152
2933,26184,0
2934,26184,0
2935,26184,0
2936,26184,0
2937,26184,0
2938,22893,2422
2939,26184,0
2940,26184,0
2941,25294,624
2942,25031,812
2943,21105,3888
2944,26184,0
2945,25073,782
2946,24433,1248
2947,25547,444
2948,26184,0
2949,25861,224
2950,26184,0
2951,26184,0
2952,24970,856
2953,26184,0
2954,26184,0
2955,26184,0
2956,26184,0
2957,23797,1724
2958,4282,32648
2959,23665,1824
2960,21591,3478
2961,26184,0
2962,26184,0
2963,19869,4976
2964,26184,0
2965,26184,0
2966,26184,0
2967,26184,0
2968,14125,11128
2969,25973,146
2970,26184,0
2971,24871,928
2972,26184,0
2973,26184,0
2974,24059,1526
2975,25137,736
2976,26184,0
2977,26184,0
2978,26184,0
2979,26184,0
2980,26184,0
2981,26184,0
2982,26184,0
2983,26184,0
2984,26184,0
2985,26184,0
2986,26184,0
2987,24196,1424
2988,26184,0
2989,22072,3080
2990,26184,0
2991,24879,922
2992,26086,68
2993,26184,0
2994,25400,548
2995,26121,44
2996,26184,0
2997,26184,0
2998,24739,1024
2999,26184,0
3000,26184,0
3001,26184,0
3002,26184,0
3003,24711,1044
3004,26184,0
3005,26184,0
3006,26184,0
3007,25789,274
3008,24860,936
3009,26184,0
3010,26184,0
3011,26184,0
3012,26184,0
3013,25310,612
3014,26184,0
3015,26184,0
3016,23018,2324
3017,25970,148
3018,26184,0
3019,26184,0
3020,22498,2736
3021,544,69848
3022,26184,0
3023,26184,0
3024,26184,0
3025,26184,0
3026,25942,168
3027,26184,0
3028,26184,0
3029,26184,0
3030,26184,0
3031,24774,998
3032,25294,624
3033,26184,0
3034,26184,0
3035,26184,0
3036,26184,0
3037,25861,224
3038,21175,3828
3039,26184,0
3040,26184,0
3041,24943,876
3042,26184,0
3043,26184,0
3044,21928,3198
3045,24763,1006
3046,26184,0
3047,26042,98
3048,26184,0
3049,26184,0
3050,26184,0
3051,12821,12874
3052,25942,168
3053,26184,0
3054,26184,0
3055,1605,50336
3056,26184,0
3057,24363,1300
3058,26184,0
3059,26184,0
3060,15568,9374
3061,26184,0
3062,26184,0
3063,25738,310
3064,26184,0
3065,26184,0
3066,21761,3336
3067,26184,0
3068,24728,1032
3069,26184,0
3070,26184,0
3071,26184,0
3072,26184,0
3073,26184,0
3074,22885,2428
3075,26184,0
3076,25266,644
3077,26184,0
3078,25434,524
3079,25347,586
3080,26184,0
3081,26184,0
3082,26184,0
3083,26184,0
3084,26184,0
3085,25712,328
3086,26184,0
3087,26184,0
3088,26184,0
3089,26184,0
3090,15589,9350
3091,26184,0
3092,26184,0
3093,26184,0
3094,26184,0
3095,26184,0
3096,26184,0
3097,26184,0
3098,22095,3062
3099,26184,0
3100,22885,2428
3101,26184,0
3102,18697,6072
3103,26184,0
3104,26184,0
3105,26184,0
3106,26184,0
3107,26184,0
3108,26184,0
3109,26184,0
3110,25224,674
3111,26184,0
3112,24981,848
3113,26184,0
3114,26184,0
3115,26184,0
3116,26080,72
3117,26184,0
3118,23013,2328
3119,18739,6032
3120,26184,0
3121,15940,8948
3122,26184,0
3123,26184,0
3124,26184,0
3125,26184,0
3126,26184,0
3127,26184,0
3128,26184,0
3129,26184,0
3130,26184,0
3131,26184,0
3132,26184,0
3133,26184,0
3134,25570,428
3135,24706,1048
3136,26184,0
3137,26184,0
3138,26184,0
3139,26184,0
3140,26184,0
3141,25417,536
3142,26184,0
3143,25400,548
3144,26184,0
3145,26184,0
3146,26184,0
3147,26115,48
3148,26184,0
3149,26184,0
3150,20040,4822
3151,25718,324
3152,26184,0
3153,26184,0
3154,25570,428
3155,26184,0
3156,25647,374
3157,17718,7042
3158,25827,248
3159,26184,0
3160,26184,0
3161,25855,228
3162,26184,0
3163,24062,1524
3164,26184,0
3165,23739,1768
3166,26184,0
3167,25784,278
3168,26184,0
3169,26184,0
3170,26184,0
3171,24876,924
3172,26184,0
3173,26184,0
3174,26184,0
3175,21631,3444
3176,23913,1636
3177,26184,0
3178,24637,1098
3179,25861,224
3180,15786,9124
3181,23995,1574
3182,26184,0
3183,16943,7848
3184,26184,0
3185,26184,0
3186,26184,0
3187,26184,0
3188,26184,0
3189,26184,0
3190,22264,2924
3191,26184,0
3192,23274,2124
3193,23115,2248
3194,25294,624
3195,25570,428
3196,26184,0
3197,26184,0
3198,26184,0
3199,26184,0
3200,19168,5624
3201,26184,0
3202,26184,0
3203,23584,1886
3204,26184,0
3205,26184,0
3206,25827,248
3207,19593,5228
3208,26184,0
3209,26184,0
3210,25347,586
3211,22141,3024
3212,26184,0
3213,26184,0
3214,26184,0
3215,22638,2624
3216,26184,0
3217,26184,0
3218,26184,0
3219,26184,0
3220,26184,0
3221,26184,0
3222,26184,0
3223,26184,0
3224,25787,276
3225,26184,0
3226,24190,1428
3227,26005,124
3228,26184,0
3229,26184,0
3230,23752,1758
3231,26184,0
3232,26184,0
3233,25627,388
3234,24596,1128
3235,26184,0
3236,22141,3024
3237,26184,0
3238,26184,0
3239,12927,12726
3240,23469,1974
3241,23534,1924
3242,26184,0
3243,20656,4276
3244,26184,0
3245,26184,0
3246,26184,0
3247,26184,0
3248,22525,2714
3249,26184,0
3250,26184,0
3251,26184,0
3252,26184,0
3253,26184,0
3254,26184,0
3255,25547,444
3256,25302,618
3257,26184,0
3258,26184,0
3259,24719,1038
3260,26077,74
3261,26184,0
3262,26184,0
3263,23331,2080
3264,26184,0
3265,26184,0
3266,26184,0
3267,25294,624
3268,20308,4582
3269,25330,598
3270,23982,1584
3271,25576,424
3272,26184,0
3273,26184,0
3274,26184,0
3275,26184,0
3276,26184,0
3277,26184,0
3278,26184,0
3279,26184,0
3280,26184,0
3281,25291,626
3282,26184,0
3283,26184,0
3284,26184,0
3285,26092,64
3286,24368,1296
3287,26184,0
3288,3531,36124
3289,26184,0
3290,26184,0
3291,26184,0
3292,26184,0
3293,26184,0
3294,26184,0
3295,25384,560
3296,26184,0
3297,26184,0
3298,26184,0
3299,26184,0
3300,26184,0
3301,26184,0
3302,23797,1724
3303,26184,0
3304,26184,0
3305,21797,3306
3306,26184,0
3307,6426,25328
3308,26184,0
3309,26184,0
3310,26184,0
3311,26150,24
3312,26184,0
3313,26150,24
3314,26184,0
3315,25630,386
3316,26184,0
3317,26184,0
3318,26184,0
3319,26184,0
3320,26184,0
3321,26184,0
3322,26184,0
3323,26184,0
3324,26184,0
3325,16548,8274
3326,26184,0
3327,26184,0
3328,26184,0
3329,26184,0
3330,26184,0
3331,26184,0
3332,26184,0
3333,25070,784
3334,26184,0
3335,26184,0
3336,24140,1466
3337,26184,0
3338,20256,4628
3339,1,149000
3340,26184,0
3341,26077,74
3342,26184,0
3343,26184,0
3344,26184,0
3345,25855,228
3346,26184,0
3347,20153,4720
3348,26184,0
3349,26184,0
3350,26184,0
3351,24030,1548
3352,26184,0
3353,26184,0
3354,26184,0
3355,26184,0
3356,26184,0
3357,26184,0
3358,26184,0
3359,26184,0
3360,10204,16990
3361,21070,3918
3362,22926,2396
3363,26184,0
3364,25224,674
3365,23571,1896
3366,26184,0
3367,26184,0
3368,26184,0
3369,25942,168
3370,26184,0
3371,25827,248
3372,26184,0
3373,26184,0
3374,16721,8086
3375,26184,0
3376,26184,0
3377,26184,0
3378,23921,1630
3379,26184,0
3380,26121,44
3381,26150,24
3382,26184,0
3383,26184,0
3384,24945,874
3385,19234,5562
3386,26184,0
3387,24057,1528
3388,25898,198
3389,26184,0
3390,26184,0
3391,26184,0
3392,26184,0
3393,26184,0
3394,25249,656
3395,25904,194
3396,25901,196
3397,26184,0
3398,24062,1524
3399,26184,0
3400,26184,0
3401,26184,0
3402,26184,0
3403,26051,92
3404,26184,0
3405,26184,0
3406,25042,804
3407,25429,528
3408,26184,0
3409,26109,52
3410,26184,0
3411,21215,3794
3412,26184,0
3413,26184,0
3414,26184,0
3415,25855,228
3416,25403,546
3417,26184,0
3418,26184,0
3419,17289,7484
3420,26184,0
3421,26184,0
3422,26184,0
3423,26184,0
3424,26184,0
3425,23731,1774
3426,23649,1836
3427,26184,0
3428,25576,424
3429,26184,0
3430,26184,0
3431,18330,6430
3432,26184,0
3433,26184,0
3434,25904,194
3435,26184,0
3436,26184,0
3437,26184,0
3438,26184,0
3439,25904,194
3440,26184,0
3441,26071,78
3442,24417,1260
3443,26184,0
3444,26184,0
3445,26184,0
3446,26184,0
3447,22361,2846
3448,26184,0
3449,26184,0
3450,25735,312
3451,1897,47324
3452,26184,0
3453,26184,0
3454,26184,0
3455,13800,11548
3456,24466,1224
3457,26184,0
3458,26184,0
3459,26103,56
3460,26184,0
3461,26184,0
3462,26184,0
3463,14934,10124
3464,24517,1186
3465,26184,0
3466,22513,2724
3467,26184,0
3468,26184,0
3469,25644,376
3470,11823,14336
3471,25522,462
3472,23657,1830
3473,24325,1328
3474,26184,0
3475,26184,0
3476,26184,0
3477,26184,0
3478,21445,3600
3479,26184,0
3480,26184,0
3481,26184,0
3482,16204,8652
3483,26184,0
3484,24706,1048
3485,26184,0
3486,26184,0
3487,26184,0
3488,26184,0
3489,26184,0
3490,26184,0
3491,24263,1374
3492,26184,0
3493,26184,0
3494,26184,0
3495,26184,0
3496,23210,2174
3497,25137,736
3498,26184,0
3499,26184,0
3500,25542,448
3501,1,385828
3502,25266,644
3503,26184,0
3504,26184,0
3505,25772,286
3506,26184,0
3507,26184,0
3508,25861,224
3509,26184,0
3510,26184,0
3511,25545,446
3512,23660,1828
3513,15852,9048
3514,26184,0
3515,24325,1328
3516,26184,0
3517,26184,0
3518,26184,0
3519,26184,0
3520,19803,5036
3521,26184,0
3522,25999,128
3523,25120,748
3524,26184,0
3525,24695,1056
3526,26184,0
3527,26184,0
3528,26184,0
3529,26184,0
3530,26184,0
3531,26184,0
3532,26184,0
3533,26184,0
3534,26184,0
3535,26184,0
3536,23243,2148
3537,26184,0
3538,26184,0
3539,25067,786
3540,25536,452
3541,26184,0
3542,26184,0
3543,26184,0
3544,26184,0
3545,26184,0
3546,26184,0
3547,26184,0
3548,26077,74
3549,26184,0
3550,23571,1896
3551,26184,0
3552,26184,0
3553,26184,0
3554,26184,0
3555,26184,0
3556,26184,0
3557,26184,0
3558,26184,0
3559,24314,1336
3560,22764,2524
3561,26184,0
3562,26184,0
3563,26121,44
3564,24890,914
3565,26184,0
3566,23765,1748
3567,26144,28
3568,26184,0
3569,26184,0
3570,26184,0
3571,26184,0
3572,26184,0
3573,26184,0
3574,25916,186
3575,25576,424
3576,26184,0
3577,26184,0
3578,26184,0
3579,25440,520
3580,26184,0
3581,26184,0
3582,26184,0
3583,26184,0
3584,26184,0
3585,19896,4952
3586,26184,0
3587,26184,0
3588,23347,2068
3589,23797,1724
3590,26184,0
3591,25747,304
3592,26184,0
3593,487,71832
3594,23731,1774
3595,25190,698
3596,26184,0
3597,25933,174
3598,26042,98
3599,26184,0
3600,26184,0
3601,25051,798
3602,25942,168
3603,26184,0
3604,25154,724
3605,26184,0
3606,23818,1708
3607,26184,0
3608,26144,28
3609,23539,1920
3610,26184,0
3611,26184,0
3612,25224,674
3613,17556,7208
3614,26184,0
3615,26184,0
3616,21989,3148
3617,26184,0
3618,24981,848
3619,26184,0
3620,26184,0
3621,26184,0
3622,26092,64
3623,26184,0
3624,26184,0
3625,26184,0
3626,26184,0
3627,26184,0
3628,26184,0
3629,26184,0
3630,25576,424
3631,26184,0
3632,26184,0
3633,25429,528
3634,26184,0
3635,26184,0
3636,25570,428
3637,26184,0
3638,26184,0
3639,26184,0
3640,20861,4098
3641,26184,0
3642,26184,0
3643,26184,0
3644,26184,0
3645,26184,0
3646,26184,0
3647,26184,0
3648,21435,3608
3649,26184,0
3650,18874,5902
3651,26184,0
3652,26184,0
3653,26184,0
3654,22329,2872
3655,25789,274
3656,26121,44
3657,26184,0
3658,26184,0
3659,25079,778
3660,26184,0
3661,26184,0
3662,5970,26656
3663,26184,0
3664,26184,0
3665,26184,0
3666,26184,0
3667,26184,0
3668,23929,1624
3669,8576,20124
3670,26184,0
3671,23797,1724
3672,26184,0
3673,24062,1524
3674,26184,0
3675,25429,528
3676,25584,418
3677,26184,0
3678,26184,0
3679,24439,1244
3680,26184,0
3681,26184,0
3682,26184,0
3683,26184,0
3684,18614,6152
3685,24330,1324
3686,26184,0
3687,26184,0
3688,26184,0
3689,26077,74
3690,26184,0
3691,24763,1006
3692,25266,644
3693,24433,1248
3694,26184,0
3695,26121,44
3696,26184,0
3697,1631,50044
3698,26184,0
3699,26184,0
3700,26184,0
3701,26184,0
3702,26184,0
3703,26184,0
3704,15067,9964
3705,25789,274
3706,26184,0
3707,26184,0
3708,26184,0
3709,23404,2024
3710,9664,17970
3711,26184,0
3712,22373,2836
3713,26184,0
3714,26184,0
3715,22865,2444
3716,26184,0
3717,26184,0
3718,26184,0
3719,26184,0
3720,26184,0
3721,26184,0
3722,26184,0
3723,26184,0
3724,26184,0
3725,26184,0
3726,26184,0
3727,23723,1780
3728,22050,3098
3729,26184,0
3730,24333,1322
3731,26184,0
3732,14169,11072
3733,26184,0
3734,23539,1920
3735,26184,0
3736,26184,0
3737,26042,98
3738,24744,1020
3739,26184,0
3740,26184,0
3741,26184,0
3742,26184,0
3743,26184,0
3744,26184,0
3745,25690,344
3746,26184,0
3747,26184,0
3748,26184,0
3749,26184,0
3750,25542,448
3751,26184,0
3752,8094,21168
3753,26095,62
3754,26184,0
3755,26184,0
3756,25718,324
3757,26184,0
3758,26184,0
3759,25644,376
3760,26184,0
3761,26184,0
3762,26184,0
3763,26184,0
3764,26184,0
3765,26184,0
3766,26184,0
3767,26184,0
3768,19057,5728
3769,26184,0
3770,26184,0
3771,26184,0
3772,26184,0
3773,26184,0
3774,26184,0
3775,26184,0
3776,23243,2148
3777,26184,0
3778,24602,1124
3779,26184,0
3780,26184,0
3781,26184,0
3782,26184,0
3783,26184,0
3784,24739,1024
3785,26184,0
3786,26184,0
3787,26184,0
3788,25294,624
3789,20847,4110
3790,26184,0
3791,25690,344
3792,25137,736
3793,24987,844
3794,26184,0
3795,26184,0
3796,24810,972
3797,26184,0
3798,26184,0
3799,26184,0
3800,25755,298
3801,26184,0
3802,26184,0
3803,26184,0
3804,23534,1924
3805,26184,0
3806,26144,28
3807,26184,0
3808,26184,0
3809,26184,0
3810,25729,316
3811,26184,0
3812,26184,0
3813,26184,0
3814,26184,0
3815,26184,0
3816,26184,0
3817,26184,0
3818,20149,4724
3819,26184,0
3820,26184,0
3821,26184,0
3822,26184,0
3823,26184,0
3824,26184,0
3825,26184,0
3826,26184,0
3827,25933,174
3828,5340,28664
3829,18747,6024
3830,26184,0
3831,26184,0
3832,26184,0
3833,26184,0
3834,26184,0
3835,26184,0
3836,22754,2532
3837,26184,0
3838,26184,0
3839,26184,0
3840,26184,0
3841,26184,0
3842,25970,148
3843,26184,0
3844,26184,0
3845,21241,3772
3846,25384,560
3847,26184,0
3848,22488,2744
3849,26184,0
3850,23404,2024
3851,26184,0
3852,26184,0
3853,20274,4612
3854,26184,0
3855,25406,544
3856,19369,5436
3857,25361,576
3858,26184,0
3859,5941,26744
3860,26184,0
3861,23373,2048
3862,26184,0
3863,26184,0
3864,26184,0
3865,26184,0
3866,26184,0
3867,25542,448
3868,26184,0
3869,26184,0
3870,26184,0
3871,24807,974
3872,26184,0
3873,26184,0
3874,26184,0
3875,26184,0
3876,24725,1034
3877,26184,0
3878,26184,0
3879,6114,26226
3880,26184,0
3881,26077,74
3882,26184,0
3883,18749,6022
3884,26184,0
3885,26184,0
3886,26184,0
3887,26184,0
3888,26184,0
3889,26184,0
3890,26184,0
3891,26184,0
3892,24011,1562
3893,26184,0
3894,26184,0
3895,13758,11602
3896,26184,0
3897,26184,0
3898,26184,0
3899,26184,0
3900,26184,0
3901,26184,0
3902,25137,736
3903,26184,0
3904,26184,0
3905,26184,0
3906,25576,424
3907,26184,0
3908,26184,0
3909,26184,0
3910,26184,0
3911,24706,1048
3912,26184,0
3913,26184,0
3914,26184,0
3915,26184,0
3916,26184,0
3917,24981,848
3918,26184,0
3919,24196,1424
3920,26184,0
3921,26184,0
3922,26184,0
3923,19746,5088
3924,26184,0
3925,26184,0
3926,25576,424
3927,26184,0
3928,25924,180
3929,25712,328
3930,26184,0
3931,26184,0
3932,22741,2542
3933,26184,0
3934,26048,94
3935,26184,0
3936,26184,0
3937,26184,0
3938,26184,0
3939,26184,0
3940,23594,1878
3941,26184,0
3942,26184,0
3943,26184,0
3944,26184,0
3945,26184,0
3946,26184,0
3947,26184,0
3948,26184,0
3949,26184,0
3950,25193,696
3951,26184,0
3952,26184,0
3953,25148,728
3954,25744,306
3955,26184,0
3956,26184,0
3957,26184,0
3958,26184,0
3959,26184,0
3960,26184,0
3961,24708,1046
3962,26184,0
3963,25547,444
3964,25353,582
3965,26184,0
3966,26184,0
3967,25927,178
3968,26184,0
3969,26184,0
3970,26184,0
3971,26184,0
3972,26184,0
3973,17254,7520
3974,26184,0
3975,26184,0
3976,26071,78
3977,26184,0
3978,26184,0
3979,26184,0
3980,25048,800
3981,26184,0
3982,25701,336
3983,26184,0
3984,26184,0
3985,21136,3862
3986,26184,0
3987,26184,0
3988,17626,7136
3989,24981,848
3990,26184,0
3991,26184,0
3992,26184,0
3993,25832,244
3994,23537,1922
3995,25644,376
3996,26184,0
3997,26184,0
3998,26184,0
3999,20346,4548
4000,26184,0
4001,25084,774
4002,26184,0
4003,26184,0
4004,26184,0
4005,26184,0
4006,26184,0
4007,26184,0
4008,26184,0
4009,26184,0
4010,26184,0
4011,26184,0
4012,21868,3248
4013,26184,0
4014,26184,0
4015,26184,0
4016,26184,0
4017,26184,0
4018,25584,418
4019,26184,0
4020,25727,318
4021,26184,0
4022,26184,0
4023,26184,0
4024,26184,0
4025,26184,0
4026,26184,0
4027,26184,0
4028,26184,0
4029,24468,1222
4030,26184,0
4031,26184,0
4032,25009,828
4033,26071,78
4034,26184,0
4035,26184,0
4036,26184,0
4037,26184,0
4038,26184,0
4039,26184,0
4040,21641,3436
4041,26184,0
4042,26184,0
4043,24374,1292
4044,26184,0
4045,22306,2890
4046,26184,0
4047,26184,0
4048,26184,0
4049,25148,728
4050,26184,0
4051,26184,0
4052,26184,0
4053,26184,0
4054,26184,0
4055,26184,0
4056,26184,0
4057,26184,0
4058,22906,2412
4059,25570,428
4060,26184,0
4061,26184,0
4062,26184,0
4063,26184,0
4064,25672,356
4065,26184,0
4066,26184,0
4067,26184,0
4068,26184,0
4069,21694,3392
4070,26184,0
4071,26184,0
4072,26184,0
4073,26184,0
4074,26184,0
4075,26184,0
4076,26184,0
4077,26184,0
4078,26184,0
4079,26184,0
4080,25277,636
4081,26184,0
4082,26184,0
4083,26184,0
4084,26184,0
4085,26184,0
4086,26184,0
4087,26184,0
4088,26184,0
4089,26184,0
4090,26060,86
4091,26184,0
4092,22513,2724
4093,26184,0
4094,26184,0
4095,25672,356
4096,25364,574
4097,26184,0
4098,22835,2468
4099,26184,0
4100,26184,0
4101,26184,0
4102,20482,4428
4103,23146,2224
4104,26184,0
4105,26121,44
4106,24643,1094
4107,25542,448
4108,24341,1316
4109,26184,0
4110,26184,0
4111,26184,0
4112,26184,0
4113,25661,364
4114,26184,0
4115,26184,0
4116,20856,4102
4117,22835,2468
4118,26184,0
4119,26184,0
4120,26184,0
4121,20256,4628
4122,26184,0
4123,26184,0
4124,26184,0
4125,22126,3036
4126,26184,0
4127,26184,0
4128,26184,0
4129,22949,2378
4130,26184,0
4131,25112,754
4132,26184,0
4133,26031,106
4134,24970,856
4135,26184,0
4136,26014,118
4137,26184,0
4138,24940,878
4139,26184,0
4140,26077,74
4141,23982,1584
4142,26184,0
4143,26184,0
4144,26184,0
4145,25294,624
4146,26184,0
4147,26184,0
4148,26184,0
4149,25988,136
4150,26184,0
4151,26184,0
4152,26184,0
4153,26184,0
4154,26184,0
4155,24137,1468
4156,6252,25824
4157,26184,0
4158,26184,0
4159,26184,0
4160,24065,1522
4161,26184,0
4162,21771,3328
4163,26074,76
4164,26184,0
4165,24196,1424
4166,26184,0
4167,26184,0
4168,26184,0
4169,22701,2574
4170,26184,0
4171,26184,0
4172,26184,0
4173,26184,0
4174,26184,0
4175,26184,0
4176,26184,0
4177,26184,0
4178,25559,436
4179,26184,0
4180,26184,0
4181,26184,0
4182,26184,0
4183,23620,1858
4184,24643,1094
4185,25065,788
4186,26184,0
4187,26184,0
4188,24298,1348
4189,25347,586
4190,25761,294
4191,26184,0
4192,26184,0
4193,26184,0
4194,26184,0
4195,26184,0
4196,25224,674
4197,26184,0
4198,18939,5840
4199,21096,3896
4200,26184,0
4201,26184,0
4202,26184,0
4203,26184,0
4204,22588,2664
4205,26184,0
4206,24739,1024
4207,25513,468
4208,26184,0
4209,26184,0
4210,19433,5376
4211,26184,0
4212,26184,0
4213,25855,228
4214,26184,0
4215,26121,44
4216,23339,2074
4217,26184,0
4218,26184,0
4219,24433,1248
4220,26184,0
4221,25870,218
4222,26184,0
4223,26184,0
4224,26184,0
4225,26184,0
4226,26184,0
4227,8519,20244
4228,26184,0
4229,26184,0
4230,26184,0
4231,26184,0
4232,26014,118
4233,26184,0
4234,26184,0
4235,26184,0
4236,25137,736
4237,26184,0
4238,26184,0
4239,26184,0
4240,26184,0
4241,26184,0
4242,26184,0
4243,18438,6324
4244,26184,0
4245,26184,0
4246,26184,0
4247,26184,0
4248,26077,74
4249,24266,1372
4250,26184,0
4251,26184,0
4252,26184,0
4253,26184,0
4254,25400,548
4255,22060,3090
4256,26184,0
4257,25339,592
4258,23274,2124
4259,26184,0
4260,25429,528
4261,26184,0
4262,26184,0
4263,26184,0
4264,25684,348
4265,26184,0
4266,23831,1698
4267,26184,0
4268,26184,0
4269,24943,876
4270,26184,0
4271,25684,348
4272,23971,1592
4273,26184,0
4274,26184,0
4275,26184,0
4276,26184,0
4277,25755,298
4278,23015,2326
4279,23404,2024
4280,25970,148
4281,26184,0
4282,26184,0
4283,25154,724
4284,26184,0
4285,25933,174
4286,22473,2756
4287,26184,0
4288,26184,0
4289,19790,5048
4290,26184,0
4291,26150,24
4292,23897,1648
4293,24799,980
4294,26184,0
4295,26184,0
4296,26184,0
4297,26184,0
4298,26184,0
4299,23169,2206
4300,26184,0
4301,25618,394
4302,26115,48
4303,938,60028
4304,26184,0
4305,21298,3724
4306,26184,0
4307,1,254872
4308,25542,448
4309,22473,2756
4310,26184,0
4311,26184,0
4312,25635,382
4313,26184,0
4314,26184,0
4315,26184,0
4316,26184,0
4317,26115,48
4318,23495,1954
4319,26184,0
4320,24602,1124
4321,25218,678
4322,26184,0
4323,20428,4476
4324,22789,2504
4325,26184,0
4326,26103,56
4327,26184,0
4328,26184,0
4329,26184,0
4330,26184,0
4331,26184,0
4332,26184,0
4333,26184,0
4334,26184,0
4335,26184,0
4336,22638,2624
4337,22530,2710
4338,26184,0
4339,26184,0
4340,16923,7870
4341,26184,0
4342,25547,444
4343,26184,0
4344,26184,0
4345,26184,0
4346,23373,2048
4347,26184,0
4348,26184,0
4349,26184,0
4350,25429,528
4351,26184,0
4352,26184,0
4353,26184,0
4354,26184,0
4355,20189,4688
4356,26184,0
4357,26184,0
4358,20946,4024
4359,26184,0
4360,26184,0
4361,26184,0
4362,26184,0
4363,26184,0
4364,14292,10916
4365,26184,0
4366,26184,0
4367,24871,928
4368,25361,576
4369,26184,0
4370,26184,0
4371,26184,0
4372,26184,0
4373,26184,0
4374,26184,0
4375,18520,6244
4376,26184,0
4377,26184,0
4378,26184,0
4379,26184,0
4380,26184,0
4381,26184,0
4382,24711,1044
4383,26184,0
4384,10410,16630
4385,26184,0
4386,26184,0
4387,22759,2528
4388,25672,356
4389,26184,0
4390,25962,154
4391,26184,0
4392,25718,324
4393,23404,2024
4394,26184,0
4395,14114,11142
4396,17251,7524
4397,21293,3728
4398,24330,1324
4399,22822,2478
4400,25712,328
4401,26184,0
4402,21058,3928
4403,26184,0
4404,26184,0
4405,8520,20242
4406,26184,0
4407,26184,0
4408,22671,2598
4409,20489,4422
4410,24588,1134
4411,26184,0
4412,26184,0
4413,26184,0
4414,26184,0
4415,26184,0
4416,26184,0
4417,22638,2624
4418,26184,0
4419,26184,0
4420,26103,56
4421,26184,0
4422,26184,0
4423,26184,0
4424,24706,1048
4425,26184,0
4426,26184,0
4427,22701,2574
4428,14917,10144
4429,26184,0
4430,26184,0
4431,26150,24
4432,26184,0
4433,24449,1236
4434,26184,0
4435,26184,0
4436,26184,0
4437,26184,0
4438,23018,2324
4439,6521,25064
4440,26184,0
4441,26184,0
4442,26184,0
4443,23120,2244
4444,26184,0
4445,26184,0
4446,26184,0
4447,25747,304
4448,26184,0
4449,26184,0
4450,25647,374
4451,26184,0
4452,25092,768
4453,26184,0
4454,22928,2394
4455,26184,0
4456,24019,1556
4457,26184,0
4458,26184,0
4459,86,103024
4460,23205,2178
4461,26184,0
4462,26184,0
4463,23573,1894
4464,26184,0
4465,25718,324
4466,26184,0
4467,26184,0
4468,25446,516
4469,25294,624
4470,22598,2656
4471,26184,0
4472,23908,1640
4473,25576,424
4474,26184,0
4475,26184,0
4476,26184,0
4477,26184,0
4478,22028,3116
4479,26184,0
4480,26184,0
4481,23623,1856
4482,21902,3220
4483,26184,0
4484,26184,0
4485,26184,0
4486,26184,0
4487,26184,0
4488,26184,0
4489,24466,1224
4490,26184,0
4491,23665,1824
4492,25508,472
4493,26184,0
4494,26184,0
4495,26184,0
4496,26184,0
4497,25109,756
4498,26184,0
4499,22391,2822
4500,26184,0
4501,26184,0
4502,26184,0
4503,26184,0
4504,21533,3526
4505,20286,4602
4506,26184,0
4507,26184,0
4508,26184,0
4509,26184,0
4510,25864,222
4511,20672,4262
4512,26071,78
4513,4703,30956
4514,26184,0
4515,26184,0
4516,26184,0
4517,26184,0
4518,26184,0
4519,26184,0
4520,26184,0
4521,26184,0
4522,23218,2168
4523,26184,0
4524,25744,306
4525,26184,0
4526,26184,0
4527,26184,0
4528,25477,494
4529,26184,0
4530,26184,0
4531,26184,0
4532,26184,0
4533,26184,0
4534,26184,0
4535,26184,0
4536,22151,3016
4537,26184,0
4538,26184,0
4539,23313,2094
4540,25434,524
4541,26184,0
4542,26184,0
4543,26184,0
4544,20942,4028
4545,14932,10126
4546,25936,172
4547,26184,0
4548,26184,0
4549,25570,428
4550,26184,0
4551,14245,10976
4552,26184,0
4553,25576,424
4554,22890,2424
4555,24572,1146
4556,25976,144
4557,26184,0
4558,26184,0
4559,26184,0
4560,26184,0
4561,23373,2048
4562,26184,0
4563,23249,2144
4564,20902,4062
4565,26184,0
4566,26184,0
4567,26184,0
4568,23002,2336
4569,26184,0
4570,26184,0
4571,26184,0
4572,23529,1928
4573,26184,0
4574,26184,0
4575,26184,0
4576,26184,0
4577,26184,0
4578,26184,0
4579,26184,0
4580,26184,0
4581,26184,0
4582,26184,0
4583,24629,1104
4584,26184,0
4585,26184,0
4586,24094,1500
4587,26184,0
4588,26184,0
4589,26184,0
4590,26184,0
4591,18735,6036
4592,26184,0
4593,26184,0
4594,26184,0
4595,26184,0
4596,26184,0
4597,26184,0
4598,25198,692
4599,22885,2428
4600,26184,0
4601,23404,2024
4602,23797,1724
4603,24547,1164
4604,26184,0
4605,20658,4274
4606,26184,0
4607,26184,0
4608,24871,928
4609,26184,0
4610,26184,0
4611,26184,0
4612,26184,0
4613,24643,1094
4614,26019,114
4615,12794,12912
4616,26184,0
4617,22759,2528
4618,25861,224
4619,26184,0
4620,26184,0
4621,25904,194
4622,26184,0
4623,26184,0
4624,26184,0
4625,26184,0
4626,26184,0
4627,26184,0
4628,26184,0
4629,24948,872
4630,26184,0
4631,26184,0
4632,25755,298
4633,26184,0
4634,26184,0
4635,26184,0
4636,24945,874
4637,26184,0
4638,26184,0
4639,26184,0
4640,18061,6696
4641,26184,0
4642,26184,0
4643,26184,0
4644,26184,0
4645,26184,0
4646,26184,0
4647,26184,0
4648,23339,2074
4649,26184,0
4650,26184,0
4651,26184,0
4652,26184,0
4653,23464,1978
4654,26184,0
4655,25266,644
4656,24613,1116
4657,26184,0
4658,25576,424
4659,26184,0
4660,26184,0
4661,26184,0
4662,26184,0
4663,26144,28
4664,26184,0
4665,26184,0
4666,26184,0
4667,26184,0
4668,26184,0
4669,26184,0
4670,26005,124
4671,26184,0
4672,26184,0
4673,26184,0
4674,26184,0
4675,23370,2050
4676,26184,0
4677,26184,0
4678,23135,2232
4679,26184,0
4680,23169,2206
4681,26184,0
4682,26184,0
4683,26184,0
4684,25403,546
4685,25684,348
4686,26184,0
4687,26184,0
4688,26184,0
4689,22548,2696
4690,23069,2284
4691,26184,0
4692,22779,2512
4693,24393,1278
4694,26005,124
4695,26184,0
4696,26184,0
4697,26184,0
4698,26184,0
4699,26184,0
4700,26184,0
4701,26184,0
4702,26184,0
4703,4003,33860
4704,26184,0
4705,26184,0
4706,26057,88
4707,26184,0
4708,26184,0
4709,26184,0
4710,26184,0
4711,26184,0
4712,26184,0
4713,26184,0
4714,25942,168
4715,26184,0
4716,26184,0
4717,26184,0
4718,21897,3224
4719,26184,0
4720,26184,0
4721,26184,0
4722,26184,0
4723,26184,0
4724,25137,736
4725,26184,0
4726,25815,256
4727,26184,0
4728,25807,262
4729,25789,274
4730,26184,0
4731,25406,544
4732,26184,0
4733,26184,0
4734,14197,11036
4735,26184,0
4736,26184,0
4737,26184,0
4738,26184,0
4739,26184,0
4740,26184,0
4741,26184,0
4742,26184,0
4743,14105,11154
4744,25570,428
4745,26184,0
4746,26184,0
4747,23924,1628
4748,26184,0
4749,26184,0
4750,25026,816
4751,26184,0
4752,25988,136
4753,26184,0
4754,26184,0
4755,24081,1510
4756,26184,0
4757,25190,698
4758,26184,0
4759,26184,0
4760,26184,0
4761,26184,0
4762,26184,0
4763,26184,0
4764,25282,632
4765,14235,10988
4766,26184,0
4767,25587,416
4768,14866,10206
4769,26184,0
4770,26077,74
4771,26184,0
4772,26184,0
4773,26184,0
4774,20091,4776
4775,25927,178
4776,26184,0
4777,26184,0
4778,26184,0
4779,26184,0
4780,25547,444
4781,26184,0
4782,23979,1586
4783,23115,2248
4784,26184,0
4785,21636,3440
4786,25434,524
4787,26184,0
4788,26184,0
4789,26184,0
4790,26184,0
4791,26184,0
4792,26184,0
4793,24425,1254
4794,26184,0
4795,26184,0
4796,26184,0
4797,26184,0
4798,21810,3296
4799,23243,2148
4800,26184,0
4801,26184,0
4802,25718,324
4803,26184,0
4804,23046,2302
4805,26184,0
4806,26184,0
4807,25308,614
4808,1,225080
4809,22600,2654
4810,26184,0
4811,26132,36
4812,26184,0
4813,26184,0
4814,24575,1144
4815,26184,0
4816,23404,2024
4817,26184,0
4818,26184,0
4819,26184,0
4820,25927,178
4821,26184,0
4822,26184,0
4823,26184,0
4824,26184,0
4825,23440,1996
4826,24667,1076
4827,26184,0
4828,26184,0
4829,25947,164
4830,26184,0
4831,26184,0
4832,26184,0
4833,26184,0
4834,26184,0
4835,26184,0
4836,26184,0
4837,26184,0
4838,26184,0
4839,26184,0
4840,26184,0
4841,26184,0
4842,12371,13518
4843,26184,0
4844,26184,0
4845,26184,0
4846,26184,0
4847,26184,0
4848,26184,0
4849,26184,0
4850,25084,774
4851,26184,0
4852,26184,0
4853,23326,2084
4854,16797,8004
4855,26184,0
4856,26184,0
4857,26184,0
4858,26184,0
4859,17736,7024
4860,26184,0
4861,26184,0
4862,25434,524
4863,26184,0
4864,24303,1344
4865,26184,0
4866,22107,3052
4867,26184,0
4868,24204,1418
4869,26184,0
4870,26184,0
4871,26184,0
4872,26184,0
4873,26184,0
4874,23112,2250
4875,20732,4210
4876,26184,0
4877,22136,3028
4878,26184,0
4879,26184,0
4880,25778,282
4881,26184,0
4882,26184,0
4883,21531,3528
4884,26184,0
4885,26184,0
4886,26184,0
4887,26184,0
4888,26184,0
4889,26042,98
4890,8618,20036
4891,26184,0
4892,26184,0
4893,26184,0
4894,26184,0
4895,26184,0
4896,26184,0
4897,23334,2078
4898,26184,0
4899,26184,0
4900,26184,0
4901,25434,524
4902,26184,0
4903,26184,0
4904,26184,0
4905,26184,0
4906,26184,0
4907,26184,0
4908,26184,0
4909,22638,2624
4910,26184,0
4911,26184,0
4912,26184,0
4913,26184,0
4914,26184,0
4915,26184,0
4916,26184,0
4917,26184,0
4918,26184,0
4919,26184,0
4920,26184,0
4921,21677,3406
4922,26184,0
4923,26184,0
4924,26184,0
4925,25927,178
4926,26184,0
4927,26184,0
4928,26184,0
4929,25015,824
4930,26184,0
4931,22615,2642
4932,26184,0
4933,26184,0
4934,17892,6866
4935,24934,882
4936,25347,586
4937,26184,0
4938,26184,0
4939,26184,0
4940,26184,0
4941,26184,0
4942,26184,0
4943,26184,0
4944,26184,0
4945,26184,0
4946,26184,0
4947,26184,0
4948,26184,0
4949,26184,0
4950,26184,0
4951,26077,74
4952,25358,578
4953,26184,0
4954,26184,0
4955,25832,244
4956,26184,0
4957,26184,0
4958,26184,0
4959,26184,0
4960,25471,498
4961,16210,8646
4962,25406,544
4963,26184,0
4964,23469,1974
4965,25896,200
4966,26184,0
4967,23404,2024
4968,26184,0
4969,26184,0
4970,26184,0
4971,26184,0
4972,26184,0
4973,26184,0
4974,26184,0
4975,26184,0
4976,24981,848
4977,24965,860
4978,26184,0
4979,26184,0
4980,26184,0
4981,26184,0
4982,26184,0
4983,25570,428
4984,26184,0
4985,26184,0
4986,22860,2448
4987,26184,0
4988,26184,0
4989,25451,512
4990,26184,0
4991,18230,6528
4992,26184,0
4993,25861,224
4994,26184,0
4995,5377,28540
4996,26184,0
4997,26184,0
4998,16190,8668
4999,26184,0
5000,26184,0
5001,26184,0
5002,26184,0
5003,26184,0
5004,26184,0
5005,23399,2028
5006,26184,0
5007,25417,536
5008,26184,0
5009,26184,0
5010,25761,294
5011,26184,0
5012,23274,2124
5013,22014,3128
5014,25658,366
5015,26184,0
5016,26184,0
5017,26184,0
5018,25429,528
5019,26184,0
5020,22291,2902
5021,13126,12450
5022,26184,0
5023,24673,1072
5024,26184,0
5025,26184,0
5026,26184,0
5027,26184,0
5028,26184,0
5029,26184,0
5030,26184,0
5031,26184,0
5032,24937,880
5033,26184,0
5034,26184,0
5035,24441,1242
5036,26184,0
5037,26184,0
5038,21061,3926
5039,26184,0
5040,26184,0
5041,26184,0
5042,26184,0
5043,26184,0
5044,26184,0
5045,25827,248
5046,26184,0
5047,26184,0
5048,26184,0
5049,26184,0
5050,26184,0
5051,21138,3860
5052,26184,0
5053,25266,644
5054,814,62568
5055,26184,0
5056,11086,15496
5057,26184,0
5058,26184,0
5059,25576,424
5060,26184,0
5061,26184,0
5062,24706,1048
5063,22269,2920
5064,26184,0
5065,21197,3810
5066,26184,0
5067,25921,182
5068,26184,0
5069,26184,0
5070,26184,0
5071,23739,1768
5072,26184,0
5073,26184,0
5074,25277,636
5075,14375,10812
5076,26184,0
5077,26184,0
5078,23117,2246
5079,26184,0
5080,23886,1656
5081,26184,0
5082,24722,1036
5083,24057,1528
5084,21416,3624
5085,26184,0
5086,26184,0
5087,26184,0
5088,26184,0
5089,26184,0
5090,25429,528
5091,25672,356
5092,26184,0
5093,25701,336
5094,26184,0
5095,26184,0
5096,26184,0
5097,24678,1068
5098,26184,0
5099,26184,0
5100,26184,0
5101,26184,0
5102,26184,0
5103,26184,0
5104,26184,0
5105,26184,0
5106,23649,1836
5107,26184,0
5108,26184,0
5109,25330,598
5110,26077,74
5111,26184,0
5112,26184,0
5113,26184,0
5114,26184,0
5115,26184,0
5116,26184,0
5117,26184,0
5118,26184,0
5119,26184,0
5120,26184,0
5121,25576,424
5122,26184,0
5123,26184,0
5124,25576,424
5125,15765,9148
5126,26184,0
5127,26184,0
5128,26184,0
5129,21450,3596
5130,26184,0
5131,25985,138
5132,26184,0
5133,26184,0
5134,25162,718
5135,26184,0
5136,25684,348
5137,26184,0
5138,26184,0
5139,26184,0
5140,26184,0
5141,21154,3846
5142,26184,0
5143,26184,0
5144,25015,824
5145,26184,0
5146,26184,0
5147,26184,0
5148,26184,0
5149,26184,0
5150,26184,0
5151,22014,3128
5152,25502,476
5153,26184,0
5154,26184,0
5155,26184,0
5156,26184,0
5157,26184,0
5158,23807,1716
5159,23002,2336
5160,22733,2548
5161,26184,0
5162,26184,0
5163,26184,0
5164,26184,0
5165,26077,74
5166,26184,0
5167,26184,0
5168,26184,0
5169,26184,0
5170,26184,0
5171,26184,0
5172,25798,268
5173,26184,0
5174,24349,1310
5175,26184,0
5176,25570,428
5177,26184,0
5178,13812,11532
5179,26184,0
5180,25927,178
5181,26184,0
5182,26184,0
5183,26184,0
5184,26184,0
5185,26184,0
5186,26184,0
5187,24368,1296
5188,26184,0
5189,26184,0
5190,26184,0
5191,26005,124
5192,25970,148
5193,23399,2028
5194,26184,0
5195,26184,0
5196,25907,192
5197,26184,0
5198,26184,0
5199,26184,0
5200,26184,0
5201,26184,0
5202,26184,0
5203,26184,0
5204,26184,0
5205,26184,0
5206,26184,0
5207,26184,0
5208,16300,8546
5209,26184,0
5210,26184,0
5211,6462,25228
5212,26184,0
5213,24263,1374
5214,26121,44
5215,26184,0
5216,23689,1806
5217,26184,0
5218,26184,0
5219,25344,588
5220,26184,0
5221,25755,298
5222,25959,156
5223,26184,0
5224,26184,0
5225,22885,2428
5226,26184,0
5227,26184,0
5228,26184,0
5229,26184,0
5230,4481,31828
5231,26184,0
5232,26184,0
5233,26184,0
5234,26184,0
5235,26184,0
5236,26184,0
5237,26184,0
5238,26184,0
5239,24843,948
5240,26184,0
5241,26184,0
5242,26184,0
5243,26184,0
5244,26184,0
5245,26184,0
5246,26184,0
5247,26184,0
5248,26184,0
5249,26184,0
5250,26184,0
5251,26184,0
5252,23831,1698
5253,26184,0
5254,26184,0
5255,26184,0
5256,24799,980
5257,26184,0
5258,26184,0
5259,26184,0
5260,26184,0
5261,26184,0
5262,26184,0
5263,26184,0
5264,26150,24
5265,17665,7096
5266,26150,24
5267,26184,0
5268,26184,0
5269,26184,0
5270,26184,0
5271,23639,1844
5272,25815,256
5273,26184,0
5274,25330,598
5275,25570,428
5276,26184,0
5277,25887,206
5278,25009,828
5279,26184,0
5280,26184,0
5281,26184,0
5282,26184,0
5283,26184,0
5284,26184,0
5285,25845,235
5286,26184,0
5287,26184,0
5288,24035,1544
5289,26184,0
5290,26184,0
5291,26184,0
5292,25698,338
5293,26184,0
5294,26184,0
5295,26184,0
5296,26184,0
5297,26184,0
5298,26184,0
5299,15393,9578
5300,25218,678
5301,23558,1906
5302,25956,158
5303,26184,0
5304,26184,0
5305,26184,0
5306,25804,264
5307,23860,1676
5308,26184,0
5309,26184,0
5310,26184,0
5311,26184,0
5312,26184,0
5313,26184,0
5314,26184,0
5315,26115,48
5316,25437,522
5317,26184,0
5318,26184,0
5319,26184,0
5320,26184,0
5321,26184,0
5322,26184,0
5323,26086,68
5324,22401,2814
5325,26184,0
5326,26184,0
5327,26184,0
5328,26184,0
5329,26184,0
5330,26184,0
5331,26184,0
5332,26184,0
5333,26150,24
5334,24893,912
5335,25260,648
5336,26184,0
5337,25559,436
5338,26184,0
5339,22771,2518
5340,26184,0
5341,22759,2528
5342,23902,1644
5343,26184,0
5344,26184,0
5345,18184,6574
5346,25012,826
5347,26184,0
5348,26184,0
5349,26005,124
5350,26184,0
5351,26184,0
5352,26184,0
5353,26184,0
5354,26184,0
5355,26184,0
5356,25460,506
5357,26184,0
5358,25970,148
5359,25684,348
5360,18536,6228
5361,26042,98
5362,26184,0
5363,26184,0
5364,26184,0
5365,26184,0
5366,26184,0
5367,26184,0
5368,26184,0
5369,26184,0
5370,26014,118
5371,26184,0
5372,26184,0
5373,26184,0
5374,26184,0
5375,26184,0
5376,26184,0
5377,26184,0
5378,22962,2368
5379,26184,0
5380,26184,0
5381,26184,0
5382,25434,524
5383,26184,0
5384,26184,0
5385,25361,576
5386,26184,0
5387,26184,0
5388,26184,0
5389,25616,396
5390,26184,0
5391,26184,0
5392,26184,0
5393,26184,0
5394,25474,496
5395,26184,0
5396,26184,0
5397,23797,1724
5398,26184,0
5399,26184,0
5400,26184,0
5401,25861,224
5402,26184,0
5403,26184,0
5404,26184,0
5405,26184,0
5406,26184,0
5407,23130,2236
5408,23298,2106
5409,26184,0
5410,26184,0
5411,23539,1920
5412,26184,0
5413,26132,36
5414,26184,0
5415,25294,624
5416,21096,3896
5417,25115,752
5418,26184,0
5419,24266,1372
5420,21093,3898
5421,26184,0
5422,26184,0
5423,26184,0
5424,26184,0
5425,26184,0
5426,19401,5406
5427,25221,676
5428,26184,0
5429,26184,0
5430,26184,0
5431,26184,0
5432,26184,0
5433,26184,0
5434,26184,0
5435,26184,0
5436,26184,0
5437,26184,0
5438,26184,0
5439,26184,0
5440,26184,0
5441,26184,0
5442,26184,0
5443,26184,0
5444,26184,0
5445,26184,0
5446,21624,3450
5447,25707,332
5448,25277,636
5449,26184,0
5450,20665,4268
5451,26184,0
5452,19191,5602
5453,26184,0
5454,26184,0
5455,25137,736
5456,26184,0
5457,22227,2954
5458,23399,2028
5459,26184,0
5460,20562,4358
5461,26184,0
5462,24504,1196
5463,26184,0
5464,26184,0
5465,26184,0
5466,26184,0
5467,26184,0
5468,26184,0
5469,26184,0
5470,26184,0
5471,26184,0
5472,26184,0
5473,26184,0
5474,24466,1224
5475,26184,0
5476,26184,0
5477,26184,0
5478,26184,0
5479,26184,0
5480,26184,0
5481,26184,0
5482,26184,0
5483,26184,0
5484,26184,0
5485,26184,0
5486,19900,4948
5487,26184,0
5488,23282,2118
5489,5053,29662
5490,23115,2248
5491,26144,28
5492,19805,5034
5493,26184,0
5494,26184,0
5495,26184,0
5496,26184,0
5497,21950,3180
5498,26184,0
5499,26184,0
5500,26184,0
5501,26184,0
5502,19955,4898
5503,26184,0
5504,26184,0
5505,25347,586
5506,26184,0
5507,26184,0
5508,20234,4648
5509,26184,0
5510,26184,0
5511,26184,0
5512,26184,0
5513,24602,1124
5514,24596,1128
5515,26184,0
5516,26184,0
5517,26184,0
5518,26184,0
5519,26184,0
5520,26184,0
5521,22237,2946
5522,26184,0
5523,23404,2024
5524,25154,724
5525,26184,0
5526,26080,72
5527,26184,0
5528,26184,0
5529,26184,0
5530,26184,0
5531,25302,618
5532,26184,0
5533,26184,0
5534,26184,0
5535,26184,0
5536,25154,724
5537,24981,848
5538,26184,0
5539,26184,0
5540,26184,0
5541,26184,0
5542,26184,0
5543,22860,2448
5544,26184,0
5545,26184,0
5546,26184,0
5547,26184,0
5548,26184,0
5549,26144,28
5550,26184,0
5551,89,102424
5552,26184,0
5553,26184,0
5554,26184,0
5555,24030,1548
5556,26184,0
5557,18507,6256
5558,26184,0
5559,26184,0
5560,26150,24
5561,26184,0
5562,26144,28
5563,26184,0
5564,26184,0
5565,25584,418
5566,25260,648
5567,26184,0
5568,26184,0
5569,26184,0
5570,26184,0
5571,26184,0
5572,26184,0
5573,26184,0
5574,26184,0
5575,26184,0
5576,25505,474
5577,26184,0
5578,26184,0
5579,25898,198
5580,26184,0
5581,25350,584
5582,26184,0
5583,26184,0
5584,26184,0
5585,26184,0
5586,26184,0
5587,26184,0
5588,26005,124
5589,26184,0
5590,26184,0
5591,26184,0
5592,23399,2028
5593,26184,0
5594,24943,876
5595,25488,486
5596,26184,0
5597,26184,0
5598,20981,3994
5599,23649,1836
5600,24788,988
5601,1601,50378
5602,26184,0
5603,1584,50574
5604,26184,0
5605,26184,0
5606,26184,0
5607,14934,10124
5608,26184,0
5609,26184,0
5610,25294,624
5611,25358,578
5612,25778,282
5613,26184,0
5614,21168,3834
5615,20946,4024
5616,26184,0
5617,26184,0
5618,26144,28
5619,11527,14792
5620,23342,2072
5621,18464,6298
5622,26184,0
5623,26184,0
5624,26184,0
5625,26184,0
5626,26184,0
5627,22014,3128
5628,26184,0
5629,24070,1518
5630,26184,0
5631,26184,0
5632,26184,0
5633,22299,2896
5634,26184,0
5635,26184,0
5636,25429,528
5637,26184,0
5638,26184,0
5639,9543,18198
5640,19324,5478
5641,26184,0
5642,26184,0
5643,25976,144
5644,26184,0
5645,26184,0
5646,26184,0
5647,26184,0
5648,26184,0
5649,26184,0
5650,26184,0
5651,26184,0
5652,25815,256
5653,26184,0
5654,26184,0
5655,26184,0
5656,26184,0
5657,21980,3156
5658,26184,0
5659,23404,2024
5660,26184,0
5661,26184,0
5662,26184,0
5663,26184,0
5664,26184,0
5665,24849,944
5666,20259,4626
5667,26184,0
5668,26184,0
5669,26184,0
5670,26184,0
5671,26184,0
5672,26184,0
5673,26184,0
5674,26184,0
5675,25593,412
5676,24062,1524
5677,26051,92
5678,23438,1998
5679,26184,0
5680,26184,0
5681,26184,0
5682,26063,84
5683,26184,0
5684,25641,378
5685,26184,0
5686,26184,0
5687,26184,0
5688,23485,1962
5689,26184,0
5690,26184,0
5691,26184,0
5692,26184,0
5693,26184,0
5694,26184,0
5695,26184,0
5696,26184,0
5697,26184,0
5698,26184,0
5699,26184,0
5700,26184,0
5701,24325,1328
5702,26184,0
5703,21713,3376
5704,26184,0
5705,23308,2098
5706,26184,0
5707,19276,5522
5708,26184,0
5709,26184,0
5710,26184,0
5711,26184,0
5712,26184,0
5713,24504,1196
5714,26121,44
5715,26184,0
5716,26184,0
5717,25499,478
5718,25154,724
5719,26184,0
5720,1579,50636
5721,26184,0
5722,26184,0
5723,15455,9506
5724,26184,0
5725,25207,686
5726,26184,0
5727,26184,0
5728,26184,0
5729,26184,0
5730,26184,0
5731,25502,476
5732,26184,0
5733,26184,0
5734,26184,0
5735,26184,0
5736,26184,0
5737,25443,518
5738,25260,648
5739,26184,0
5740,26184,0
5741,20203,4676
5742,26184,0
5743,26184,0
5744,26184,0
5745,26184,0
5746,26184,0
5747,26184,0
5748,26184,0
5749,26184,0
5750,26184,0
5751,26184,0
5752,26184,0
5753,26184,0
5754,19461,5350
5755,26184,0
5756,26184,0
5757,25630,386
5758,26184,0
5759,26184,0
5760,1591,50500
5761,25277,636
5762,26184,0
5763,26184,0
5764,26184,0
5765,26184,0
5766,26184,0
5767,23399,2028
5768,26184,0
5769,26184,0
5770,26184,0
5771,26184,0
5772,26184,0
5773,26184,0
5774,22954,2374
5775,7452,22656
5776,26184,0
5777,26184,0
5778,17740,7020
5779,23477,1968
5780,26184,0
5781,26184,0
5782,26184,0
5783,26184,0
5784,26184,0
5785,24667,1076
5786,22540,2702
5787,26184,0
5788,24733,1028
5789,26184,0
5790,26184,0
5791,26184,0
5792,25999,128
5793,26184,0
5794,26184,0
5795,22865,2444
5796,26184,0
5797,26184,0
5798,26184,0
5799,26184,0
5800,26184,0
5801,26184,0
5802,26184,0
5803,17335,7436
5804,26184,0
5805,26184,0
5806,26184,0
5807,26184,0
5808,26184,0
5809,26184,0
5810,26184,0
5811,26184,0
5812,26184,0
5813,26184,0
5814,26184,0
5815,26184,0
5816,26184,0
5817,26184,0
5818,19816,5024
5819,26184,0
5820,26184,0
5821,26184,0
5822,25789,274
5823,26184,0
5824,26184,0
5825,23908,1640
5826,25266,644
5827,23453,1986
5828,26184,0
5829,26184,0
5830,26184,0
5831,26184,0
5832,26184,0
5833,26184,0
5834,24711,1044
5835,25434,524
5836,26184,0
5837,22990,2346
5838,26184,0
5839,26184,0
5840,26184,0
5841,26184,0
5842,24185,1432
5843,26184,0
5844,26184,0
5845,26184,0
5846,23373,2048
5847,26011,120
5848,26184,0
5849,26184,0
5850,21638,3438
5851,26184,0
5852,26184,0
5853,26184,0
5854,25613,398
5855,26184,0
5856,26184,0
5857,26184,0
5858,25767,290
5859,26184,0
5860,26184,0
5861,26184,0
5862,26184,0
5863,25519,464
5864,26184,0
5865,26184,0
5866,26184,0
5867,26184,0
5868,26184,0
5869,26115,48
5870,26184,0
5871,26184,0
5872,26184,0
5873,24654,1086
5874,26184,0
5875,26184,0
5876,26184,0
5877,7124,23468
5878,25576,424
5879,24577,1142
5880,20984,3992
5881,24711,1044
5882,23971,1592
5883,26184,0
5884,26184,0
5885,26184,0
5886,26184,0
5887,25684,348
5888,21655,3424
5889,26184,0
5890,26184,0
5891,26184,0
5892,26184,0
5893,26184,0
5894,20523,4392
5895,26184,0
5896,26184,0
5897,26184,0
5898,26184,0
5899,26184,0
5900,26184,0
5901,23146,2224
5902,26184,0
5903,26184,0
5904,26184,0
5905,26184,0
5906,26184,0
5907,26184,0
5908,26184,0
5909,25570,428
5910,26184,0
5911,26184,0
5912,21699,3388
5913,26184,0
5914,26184,0
5915,26184,0
5916,26184,0
5917,25148,728
5918,26184,0
5919,26184,0
5920,26184,0
5921,25678,352
5922,25690,344
5923,26184,0
5924,26184,0
5925,26184,0
5926,26077,74
5927,26184,0
5928,26184,0
5929,26184,0
5930,26184,0
5931,26184,0
5932,26184,0
5933,26184,0
5934,25607,402
5935,25784,278
5936,23370,2050
5937,26184,0
5938,23966,1596
5939,8732,19800
5940,26184,0
5941,26184,0
5942,26184,0
5943,26184,0
5944,26184,0
5945,26184,0
5946,26184,0
5947,26184,0
5948,26184,0
5949,26184,0
5950,26184,0
5951,23599,1874
5952,26144,28
5953,26184,0
5954,26184,0
5955,26184,0
5956,26184,0
5957,26184,0
5958,26184,0
5959,26184,0
5960,26184,0
5961,24041,1540
5962,26184,0
5963,26184,0
5964,26144,28
5965,26184,0
5966,24444,1240
5967,24089,1504
5968,26184,0
5969,26184,0
5970,26184,0
5971,26184,0
5972,23202,2180
5973,26184,0
5974,26005,124
5975,26184,0
5976,8618,20036
5977,26184,0
5978,26048,94
5979,23871,1668
5980,26184,0
5981,25488,486
5982,26150,24
5983,26184,0
5984,14670,10446
5985,26184,0
5986,25448,514
5987,26184,0
5988,24062,1524
5989,26184,0
5990,26184,0
5991,22956,2372
5992,25330,598
5993,26184,0
5994,26184,0
5995,26184,0
5996,26184,0
5997,26184,0
5998,26184,0
5999,26184,0
6000,26184,0
6001,25861,224
6002,26184,0
6003,26184,0
6004,26086,68
6005,18242,6516
6006,26184,0
6007,26184,0
6008,25798,268
6009,26184,0
6010,24733,1028
6011,26184,0
6012,26184,0
6013,26184,0
6014,26184,0
6015,26184,0
6016,26184,0
6017,26184,0
6018,24287,1356
6019,23969,1594
6020,26184,0
6021,24572,1146
6022,25898,198
6023,26184,0
6024,25224,674
6025,26184,0
6026,26184,0
6027,26184,0
6028,26184,0
6029,26184,0
6030,26184,0
6031,26184,0
6032,26184,0
6033,24137,1468
6034,26184,0
6035,26184,0
6036,23660,1828
6037,26184,0
6038,26184,0
6039,26184,0
6040,20782,4166
6041,26184,0
6042,26184,0
6043,26184,0
6044,26184,0
6045,23660,1828
6046,26184,0
6047,26184,0
6048,26184,0
6049,23913,1636
6050,19386,5420
6051,23823,1704
6052,26184,0
6053,24428,1252
6054,26184,0
6055,26184,0
6056,25898,198
6057,26184,0
6058,26184,0
6059,26184,0
6060,25927,178
6061,26184,0
6062,26184,0
6063,24298,1348
6064,22264,2924
6065,26184,0
6066,22698,2576
6067,23141,2228
6068,21892,3228
6069,26184,0
6070,26184,0
6071,26184,0
6072,26184,0
6073,24303,1344
6074,26184,0
6075,1,375048
6076,25154,724
6077,24879,922
6078,26184,0
6079,26184,0
6080,6513,25084
6081,23969,1594
6082,26184,0
6083,25372,568
6084,26184,0
6085,26184,0
6086,26184,0
6087,17628,7134
6088,20893,4070
6089,26184,0
6090,26184,0
6091,26184,0
6092,26184,0
6093,26184,0
6094,26184,0
6095,26184,0
6096,26184,0
6097,25218,678
6098,26184,0
6099,26184,0
6100,22443,2780
6101,25855,228
6102,26184,0
6103,26184,0
6104,24558,1156
6105,26184,0
6106,26184,0
6107,26184,0
6108,26184,0
6109,26184,0
6110,24062,1524
6111,23233,2156
6112,26184,0
6113,26121,44
6114,26184,0
6115,26184,0
6116,25547,444
6117,26184,0
6118,26184,0
6119,26184,0
6120,26184,0
6121,23339,2074
6122,26184,0
6123,26184,0
6124,26184,0
6125,26184,0
6126,26184,0
6127,25154,724
6128,25015,824
6129,26184,0
6130,26184,0
6131,26184,0
6132,22388,2824
6133,26184,0
6134,25976,144
6135,26184,0
6136,26184,0
6137,25542,448
6138,24384,1284
6139,26184,0
6140,25137,736
6141,23791,1728
6142,26184,0
6143,26115,48
6144,26121,44
6145,25224,674
6146,26184,0
6147,26184,0
6148,24602,1124
6149,19882,4964
6150,26184,0
6151,26184,0
6152,26184,0
6153,26184,0
6154,20374,4524
6155,26184,0
6156,1521,51312
6157,11247,15236
6158,25999,128
6159,26031,106
6160,26184,0
6161,26184,0
6162,24062,1524
6163,25789,274
6164,26184,0
6165,26132,36
6166,1585,50566
6167,26184,0
6168,26184,0
6169,26184,0
6170,26184,0
6171,26184,0
6172,12476,13366
6173,26184,0
6174,26184,0
6175,26184,0
6176,26184,0
6177,26184,0
6178,25844,236
6179,26184,0
6180,26184,0
6181,26184,0
6182,24298,1348
6183,26184,0
6184,26184,0
6185,25232,668
6186,26184,0
6187,26184,0
6188,26184,0
6189,26184,0
6190,26184,0
6191,25576,424
6192,26184,0
6193,26184,0
6194,26184,0
6195,26184,0
6196,20328,4564
6197,26184,0
6198,26184,0
6199,24303,1344
6200,23902,1644
6201,26184,0
6202,26184,0
6203,23146,2224
6204,25576,424
6205,26184,0
6206,26184,0
6207,26184,0
6208,26184,0
6209,24558,1156
6210,26184,0
6211,26184,0
6212,26184,0
6213,25601,406
6214,26184,0
6215,23141,2228
6216,25084,774
6217,26184,0
6218,26184,0
6219,26184,0
6220,22829,2472
6221,26184,0
6222,26184,0
6223,26184,0
6224,26150,24
6225,25400,548
6226,26184,0
6227,26184,0
6228,26184,0
6229,26184,0
6230,23765,1748
6231,22465,2762
6232,25406,544
6233,26150,24
6234,22131,3032
6235,21407,3632
6236,26184,0
6237,26184,0
6238,26184,0
6239,26184,0
6240,26184,0
6241,22799,2496
6242,26184,0
6243,26184,0
6244,26184,0
6245,26184,0
6246,26184,0
6247,23404,2024
6248,26184,0
6249,26184,0
6250,26184,0
6251,26184,0
6252,26184,0
6253,22353,2852
6254,26184,0
6255,26184,0
6256,26184,0
6257,26184,0
6258,26184,0
6259,20942,4028
6260,26184,0
6261,19163,5628
6262,26184,0
6263,26184,0
6264,26184,0
6265,26184,0
6266,26184,0
6267,26184,0
6268,26184,0
6269,26184,0
6270,26184,0
6271,26184,0
6272,26184,0
6273,25542,448
6274,26184,0
6275,26184,0
6276,26184,0
6277,26184,0
6278,26184,0
6279,25522,462
6280,18610,6156
6281,26184,0
6282,26184,0
6283,26184,0
6284,26184,0
6285,26184,0
6286,25505,474
6287,25587,416
6288,26184,0
6289,26184,0
6290,26184,0
6291,24909,900
6292,25120,748
6293,26184,0
6294,24987,844
6295,26184,0
6296,26184,0
6297,26184,0
6298,23636,1846
6299,26184,0
6300,26184,0
6301,26184,0
6302,26184,0
6303,26184,0
6304,26184,0
6305,26184,0
6306,22696,2578
6307,26184,0
6308,26184,0
6309,18249,6510
6310,26184,0
6311,26184,0
6312,26184,0
6313,26184,0
6314,26184,0
6315,26184,0
6316,26184,0
6317,26184,0
6318,26184,0
6319,6764,24404
6320,26184,0
6321,25904,194
6322,25542,448
6323,26184,0
6324,26184,0
6325,24678,1068
6326,26184,0
6327,26184,0
6328,26184,0
6329,26184,0
6330,25547,444
6331,25898,198
6332,24700,1052
6333,26184,0
6334,22890,2424
6335,26184,0
6336,19650,5176
6337,26184,0
6338,26184,0
6339,26184,0
6340,26184,0
6341,26184,0
6342,26184,0
6343,26184,0
6344,26184,0
6345,26184,0
6346,26184,0
6347,26184,0
6348,26184,0
6349,26184,0
6350,26184,0
6351,24330,1324
6352,26184,0
6353,26184,0
6354,26184,0
6355,25789,274
6356,26184,0
6357,26184,0
6358,26184,0
6359,26184,0
6360,26184,0
6361,23863,1674
6362,26184,0
6363,18789,5984
6364,24626,1106
6365,26184,0
6366,26184,0
6367,26184,0
6368,26184,0
6369,26184,0
6370,26184,0
6371,26184,0
6372,26184,0
6373,23660,1828
6374,23269,2128
6375,26144,28
6376,26184,0
6377,26184,0
6378,26184,0
6379,25434,524
6380,26184,0
6381,25417,536
6382,26184,0
6383,25576,424
6384,26184,0
6385,26184,0
6386,14207,11024
6387,24057,1528
6388,23529,1928
6389,25207,686
6390,26184,0
6391,24051,1532
6392,25718,324
6393,25570,428
6394,24542,1168
6395,26005,124
6396,26184,0
6397,19049,5736
6398,26184,0
6399,26184,0
6400,26184,0
6401,14815,10268
6402,26150,24
6403,20403,4498
6404,26184,0
6405,25832,244
6406,26184,0
6407,16712,8096
6408,26184,0
6409,10879,15836
6410,26184,0
6411,26184,0
6412,26184,0
6413,14710,10396
6414,26184,0
6415,25921,182
6416,26184,0
6417,26184,0
6418,26184,0
6419,26184,0
6420,26184,0
6421,26184,0
6422,24585,1136
6423,25832,244
6424,24006,1566
6425,26184,0
6426,1416,52598
6427,26184,0
6428,26184,0
6429,26184,0
6430,26184,0
6431,26184,0
6432,26184,0
6433,26184,0
6434,26184,0
6435,26184,0
6436,26184,0
6437,26184,0
6438,26184,0
6439,6374,25474
6440,26032,105
6441,26184,0
6442,25443,518
6443,26184,0
6444,26184,0
6445,26184,0
6446,26184,0
6447,26184,0
6448,26184,0
6449,26184,0
6450,22289,2904
6451,26184,0
6452,26184,0
6453,26184,0
6454,26184,0
6455,26184,0
6456,26184,0
6457,26184,0
6458,26184,0
6459,22398,2816
6460,26184,0
6461,26184,0
6462,25084,774
6463,26184,0
6464,26184,0
6465,10432,16592
6466,26184,0
6467,21119,3876
6468,26184,0
6469,24569,1148
6470,15408,9560
6471,26184,0
6472,26184,0
6473,26184,0
6474,26150,24
6475,26184,0
6476,26184,0
6477,26184,0
6478,26184,0
6479,26184,0
6480,26184,0
6481,25832,244
6482,26184,0
6483,25844,236
6484,26184,0
6485,26184,0
6486,26184,0
6487,23274,2124
6488,26184,0
6489,26184,0
6490,26184,0
6491,26184,0
6492,26184,0
6493,21725,3366
6494,25542,448
6495,26184,0
6496,22480,2750
6497,26184,0
6498,24945,874
6499,26184,0
6500,26184,0
6501,25904,194
6502,26184,0
6503,22733,2548
6504,24948,872
6505,26184,0
6506,26184,0
6507,26184,0
6508,26184,0
6509,26184,0
6510,26184,0
6511,26184,0
6512,26184,0
6513,26184,0
6514,25638,380
6515,26184,0
6516,26184,0
6517,26184,0
6518,26184,0
6519,16018,8860
6520,25855,228
6521,23503,1948
6522,26184,0
6523,22951,2376
6524,26184,0
6525,26184,0
6526,26184,0
6527,24602,1124
6528,25933,174
6529,26071,78
6530,26184,0
6531,20229,4652
6532,26184,0
6533,25744,306
6534,23602,1872
6535,26184,0
6536,22087,3068
6537,26184,0
6538,26184,0
6539,26184,0
6540,26184,0
6541,26184,0
6542,25400,548
6543,26184,0
6544,24325,1328
6545,26184,0
6546,26184,0
6547,25288,628
6548,26184,0
6549,26184,0
6550,24901,906
6551,22533,2708
6552,24035,1544
6553,26184,0
6554,26184,0
6555,23768,1746
6556,24536,1172
6557,26184,0
6558,26184,0
6559,26184,0
6560,24436,1246
6561,26184,0
6562,16992,7796
6563,26184,0
6564,25973,146
6565,26184,0
6566,26184,0
6567,26184,0
6568,26184,0
6569,26184,0
6570,26184,0
6571,23146,2224
6572,25684,348
6573,26184,0
6574,26184,0
6575,26184,0
6576,24943,876
6577,26184,0
6578,26184,0
6579,26184,0
6580,26184,0
6581,26184,0
6582,17933,6824
6583,26184,0
6584,26184,0
6585,26184,0
6586,26184,0
6587,25718,324
6588,26184,0
6589,26184,0
6590,26184,0
6591,25579,422
6592,26184,0
6593,26184,0
6594,23733,1772
6595,26184,0
6596,26184,0
6597,26184,0
6598,24046,1536
6599,26184,0
6600,26184,0
6601,26184,0
6602,26184,0
6603,26184,0
6604,25126,744
6605,24097,1498
6606,26184,0
6607,26184,0
6608,19652,5174
6609,26184,0
6610,26184,0
6611,26184,0
6612,26184,0
6613,26184,0
6614,26184,0
6615,26184,0
6616,26184,0
6617,26184,0
6618,26184,0
6619,26184,0
6620,26184,0
6621,26184,0
6622,1103,57098
6623,1604,50348
6624,26184,0
6625,20487,4424
6626,26184,0
6627,25505,474
6628,26150,24
6629,26184,0
6630,24466,1224
6631,26115,48
6632,26184,0
6633,26184,0
6634,25157,722
6635,26184,0
6636,19790,5048
6637,26184,0
6638,26184,0
6639,26184,0
6640,22992,2344
6641,26184,0
6642,26184,0
6643,23264,2132
6644,26184,0
6645,26184,0
6646,26184,0
6647,26184,0
6648,26184,0
6649,14668,10448
6650,26184,0
6651,26184,0
6652,26184,0
6653,26184,0
6654,21814,3292
6655,26184,0
6656,26184,0
6657,8782,19696
6658,26184,0
6659,26184,0
6660,26184,0
6661,26184,0
6662,26184,0
6663,26184,0
6664,25277,636
6665,26184,0
6666,26184,0
6667,15402,9568
6668,26184,0
6669,26184,0
6670,26184,0
6671,26184,0
6672,26184,0
6673,26184,0
6674,26184,0
6675,25434,524
6676,23399,2028
6677,26184,0
6678,26184,0
6679,26184,0
6680,26184,0
6681,25712,328
6682,26184,0
6683,26184,0
6684,26184,0
6685,26184,0
6686,26184,0
6687,26184,0
6688,26184,0
6689,22885,2428
6690,26184,0
6691,15242,9756
6692,26184,0
6693,23373,2048
6694,26184,0
6695,24706,1048
6696,24062,1524
6697,26184,0
6698,26184,0
6699,26184,0
6700,26184,0
6701,26184,0
6702,25154,724
6703,21322,3704
6704,26184,0
6705,26184,0
6706,26184,0
6707,26184,0
6708,23225,2162
6709,22097,3060
6710,25953,160
6711,26184,0
6712,26184,0
6713,26184,0
6714,25684,348
6715,26184,0
6716,25009,828
6717,23902,1644
6718,22875,2436
6719,26184,0
6720,26184,0
6721,26184,0
6722,26184,0
6723,26184,0
6724,26184,0
6725,26184,0
6726,26184,0
6727,26184,0
6728,26184,0
6729,24684,1064
6730,26184,0
6731,6339,25574
6732,26184,0
6733,26184,0
6734,26184,0
6735,24670,1074
6736,26184,0
6737,25429,528
6738,24542,1168
6739,26184,0
6740,26184,0
6741,24970,856
6742,26184,0
6743,21274,3744
6744,26184,0
6745,12248,13698
6746,25137,736
6747,26184,0
6748,26184,0
6749,26184,0
6750,24733,1028
6751,26184,0
6752,26184,0
6753,22764,2524
6754,26184,0
6755,26184,0
6756,26184,0
6757,1622,50148
6758,26184,0
6759,26184,0
6760,25106,758
6761,26184,0
6762,22764,2524
6763,26184,0
6764,26184,0
6765,26184,0
6766,19377,5428
6767,23399,2028
6768,26184,0
6769,26184,0
6770,26184,0
6771,26184,0
6772,26184,0
6773,26184,0
6774,26184,0
6775,26184,0
6776,22014,3128
6777,26184,0
6778,23868,1670
6779,22053,3096
6780,26184,0
6781,26184,0
6782,26184,0
6783,26184,0
6784,26184,0
6785,26184,0
6786,26184,0
6787,26184,0
6788,26034,104
6789,1,127048
6790,26184,0
6791,26184,0
6792,26184,0
6793,25126,744
6794,25325,602
6795,26184,0
6796,24517,1186
6797,26103,56
6798,26184,0
6799,26184,0
6800,26184,0
6801,26184,0
6802,26184,0
6803,22608,2648
6804,26184,0
6805,25847,234
6806,26184,0
6807,23775,1740
6808,26184,0
6809,26184,0
6810,26184,0
6811,26184,0
6812,26184,0
6813,21958,3174
6814,22954,2374
6815,26184,0
6816,26184,0
6817,24846,946
6818,25844,236
6819,26184,0
6820,26184,0
6821,26184,0
6822,26184,0
6823,25471,498
6824,26184,0
6825,26184,0
6826,26184,0
6827,26184,0
6828,26184,0
6829,26184,0
6830,26184,0
6831,25277,636
6832,23399,2028
6833,26184,0
6834,26184,0
6835,22967,2364
6836,26184,0
6837,26184,0
6838,26184,0
6839,26184,0
6840,26184,0
6841,26184,0
6842,23731,1774
6843,26184,0
6844,25485,488
6845,26184,0
6846,26184,0
6847,26184,0
6848,26184,0
6849,24303,1344
6850,26184,0
6851,26184,0
6852,26184,0
6853,26184,0
6854,26184,0
6855,26184,0
6856,26184,0
6857,26184,0
6858,26184,0
6859,26150,24
6860,26184,0
6861,26184,0
6862,14546,10598
6863,26184,0
6864,25040,806
6865,26184,0
6866,23274,2124
6867,26184,0
6868,26184,0
6869,26184,0
6870,26184,0
6871,26184,0
6872,26184,0
6873,26184,0
6874,23534,1924
6875,26184,0
6876,23820,1706
6877,26184,0
6878,26184,0
6879,26184,0
6880,25429,528
6881,25904,194
6882,26184,0
6883,22014,3128
6884,25576,424
6885,26184,0
6886,26184,0
6887,26184,0
6888,26184,0
6889,26184,0
6890,26184,0
6891,26184,0
6892,26184,0
6893,26077,74
6894,22274,2916
6895,26184,0
6896,26184,0
6897,26184,0
6898,20842,4114
6899,26184,0
6900,23963,1598
6901,18697,6072
6902,25988,136
6903,22673,2596
6904,26184,0
6905,26184,0
6906,26184,0
6907,26184,0
6908,25562,434
6909,26184,0
6910,26184,0
6911,26184,0
6912,26184,0
6913,26184,0
6914,26184,0
6915,14546,10598
6916,26184,0
6917,24739,1024
6918,26184,0
6919,25400,548
6920,26184,0
6921,19476,5336
6922,26184,0
6923,24344,1314
6924,21655,3424
6925,26184,0
6926,21631,3444
6927,26184,0
6928,26184,0
6929,26184,0
6930,25398,550
6931,25861,224
6932,26184,0
6933,26184,0
6934,25855,228
6935,26184,0
6936,26184,0
6937,25784,278
6938,26184,0
6939,26077,74
6940,23623,1856
6941,26184,0
6942,7952,21486
6943,26184,0
6944,26184,0
6945,20324,4568
6946,26184,0
6947,26184,0
6948,25266,644
6949,26184,0
6950,26184,0
6951,26184,0
6952,26184,0
6953,26184,0
6954,26184,0
6955,26184,0
6956,17266,7508
6957,21771,3328
6958,26184,0
6959,18438,6324
6960,25830,246
6961,13195,12356
6962,26184,0
6963,25434,524
6964,26184,0
6965,26184,0
6966,26184,0
6967,25855,228
6968,24153,1456
6969,26184,0
6970,25999,128
6971,26184,0
6972,26184,0
6973,26184,0
6974,26184,0
6975,26184,0
6976,26184,0
6977,14592,10542
6978,26184,0
6979,23558,1906
6980,26184,0
6981,19825,5016
6982,26184,0
6983,25832,244
6984,26184,0
6985,24673,1072
6986,26184,0
6987,19707,5124
6988,26184,0
6989,17007,7780
6990,26184,0
6991,25930,176
6992,26184,0
6993,26184,0
6994,25477,494
6995,26184,0
6996,26184,0
6997,26184,0
6998,24223,1404
6999,26184,0
7000,24613,1116
7001,25576,424
7002,26184,0
7003,26184,0
7004,26184,0
7005,26184,0
7006,25400,548
7007,15863,9036
7008,26184,0
7009,26184,0
7010,25437,522
7011,26184,0
7012,26184,0
7013,25260,648
7014,25260,648
7015,26184,0
7016,26184,0
7017,26184,0
7018,26184,0
7019,25576,424
7020,26184,0
7021,26184,0
7022,21016,3964
7023,26184,0
7024,20342,4552
7025,26184,0
7026,20453,4454
7027,26184,0
7028,26184,0
7029,26184,0
7030,26184,0
7031,25434,524
7032,26184,0
7033,26051,92
7034,26184,0
7035,26184,0
7036,26184,0
7037,25040,806
7038,20895,4068
7039,26184,0
7040,26184,0
7041,23236,2154
7042,24460,1228
7043,25789,274
7044,26184,0
7045,26184,0
7046,26184,0
7047,26184,0
7048,26184,0
7049,26184,0
7050,26184,0
7051,26184,0
7052,26184,0
7053,26184,0
7054,26184,0
7055,26184,0
7056,25647,374
7057,25695,340
7058,26184,0
7059,26184,0
7060,26184,0
7061,25499,478
7062,26184,0
7063,21882,3236
7064,1375,53132
7065,24463,1226
7066,26184,0
7067,22373,2836
7068,23438,1998
7069,26184,0
7070,26184,0
7071,26184,0
7072,26184,0
7073,26184,0
7074,23466,1976
7075,26150,24
7076,26184,0
7077,21711,3378
7078,26014,118
7079,21648,3430
7080,26184,0
7081,26184,0
7082,23197,2184
7083,19520,5296
7084,25647,374
7085,26184,0
7086,26184,0
7087,26184,0
7088,19746,5088
7089,24981,848
7090,26184,0
7091,26184,0
7092,25991,134
7093,26184,0
7094,26184,0
7095,26184,0
7096,26184,0
7097,26184,0
7098,26184,0
7099,23339,2074
7100,26184,0
7101,26184,0
7102,26184,0
7103,26184,0
7104,26184,0
7105,25471,498
7106,24330,1324
7107,26184,0
7108,26184,0
7109,26184,0
7110,21303,3720
7111,26184,0
7112,26184,0
7113,26086,68
7114,26184,0
7115,26184,0
7116,26184,0
7117,25051,798
7118,26184,0
7119,26184,0
7120,26184,0
7121,26184,0
7122,26184,0
7123,26184,0
7124,25988,136
7125,26184,0
7126,26184,0
7127,26184,0
7128,23115,2248
7129,24059,1526
7130,20953,4018
7131,26184,0
7132,26184,0
7133,3814,34732
7134,25718,324
7135,26184,0
7136,25079,778
7137,24791,986
7138,26184,0
7139,26184,0
7140,26184,0
7141,26184,0
7142,26184,0
7143,26184,0
7144,26184,0
7145,23924,1628
7146,26184,0
7147,26184,0
7148,26184,0
7149,26184,0
7150,26184,0
7151,21655,3424
7152,26184,0
7153,26184,0
7154,20473,4436
7155,25827,248
7156,26184,0
7157,26184,0
7158,26184,0
7159,25861,224
7160,26184,0
7161,25576,424
7162,26184,0
7163,22259,2928
7164,26184,0
7165,26184,0
7166,26184,0
7167,26184,0
7168,25193,696
7169,24733,1028
7170,15017,10024
7171,26184,0
7172,26184,0
7173,23438,1998
7174,24504,1196
7175,26184,0
7176,25690,344
7177,26184,0
7178,22141,3024
7179,26184,0
7180,26184,0
7181,26184,0
7182,26184,0
7183,26184,0
7184,26184,0
7185,26184,0
7186,26184,0
7187,25718,324
7188,24805,976
7189,26184,0
7190,24970,856
7191,26184,0
7192,24333,1322
7193,26184,0
7194,26184,0
7195,25641,378
7196,10146,17094
7197,24733,1028
7198,25067,786
7199,26184,0
7200,26184,0
7201,24909,900
7202,26184,0
7203,25364,574
7204,26184,0
7205,26184,0
7206,26184,0
7207,23404,2024
7208,26184,0
7209,25288,628
7210,26184,0
7211,26184,0
7212,26184,0
7213,26184,0
7214,26184,0
7215,26184,0
7216,26184,0
7217,25087,772
7218,26184,0
7219,23518,1936
7220,26184,0
7221,26184,0
7222,26184,0
7223,26184,0
7224,26184,0
7225,22890,2424
7226,26184,0
7227,26184,0
7228,23246,2146
7229,25684,348
7230,22203,2974
7231,26184,0
7232,26184,0
7233,26184,0
7234,26184,0
7235,26184,0
7236,26184,0
7237,21507,3548
7238,26184,0
7239,18230,6528
7240,26184,0
7241,26184,0
7242,26184,0
7243,26184,0
7244,24810,972
7245,26184,0
7246,26184,0
7247,26184,0
7248,26184,0
7249,26184,0
7250,25009,828
7251,26184,0
7252,26184,0
7253,24196,1424
7254,26184,0
7255,26184,0
7256,26184,0
7257,24733,1028
7258,22146,3020
7259,26184,0
7260,26184,0
7261,25570,428
7262,26184,0
7263,26184,0
7264,26184,0
7265,25308,614
7266,26184,0
7267,26184,0
7268,26184,0
7269,26184,0
7270,26184,0
7271,22210,2968
7272,26184,0
7273,26184,0
7274,26184,0
7275,26184,0
7276,26184,0
7277,26184,0
7278,26184,0
7279,23508,1944
7280,24166,1446
7281,26184,0
7282,25855,228
7283,20946,4024
7284,25556,438
7285,26184,0
7286,26184,0
7287,23274,2124
7288,26184,0
7289,26184,0
7290,26184,0
7291,25827,248
7292,24409,1266
7293,26184,0
7294,26184,0
7295,26184,0
7296,26184,0
7297,26184,0
7298,26184,0
7299,26184,0
7300,26184,0
7301,26184,0
7302,26184,0
7303,26184,0
7304,25417,536
7305,25570,428
7306,25137,736
7307,19816,5024
7308,26184,0
7309,4722,30884
7310,23464,1978
7311,26184,0
7312,26184,0
7313,26184,0
7314,25593,412
7315,26184,0
7316,26184,0
7317,26184,0
7318,26184,0
7319,26184,0
7320,26184,0
7321,26184,0
7322,26184,0
7323,26184,0
7324,26184,0
7325,23665,1824
7326,26184,0
7327,13289,12228
7328,26184,0
7329,24876,924
7330,26184,0
7331,26184,0
7332,26184,0
7333,25644,376
7334,26184,0
7335,26184,0
7336,20826,4128
7337,26184,0
7338,1241,54970
7339,26184,0
7340,26184,0
7341,26184,0
7342,25542,448
7343,26184,0
7344,26184,0
7345,25718,324
7346,25999,128
7347,25465,502
7348,24046,1536
7349,26184,0
7350,26184,0
7351,26005,124
7352,26184,0
7353,6811,24278
7354,26184,0
7355,26184,0
7356,25434,524
7357,24430,1250
7358,13863,11466
7359,24802,978
7360,25288,628
7361,24706,1048
7362,26184,0
7363,26184,0
7364,26005,124
7365,25277,636
7366,23781,1736
7367,20238,4644
7368,26184,0
7369,26184,0
7370,23347,2068
7371,26184,0
7372,21002,3976
7373,26184,0
7374,26184,0
7375,25861,224
7376,19062,5724
7377,23383,2040
7378,26184,0
7379,21390,3646
7380,26184,0
7381,26184,0
7382,26184,0
7383,26184,0
7384,26184,0
7385,26184,0
7386,26184,0
7387,26184,0
7388,26184,0
7389,23246,2146
7390,26184,0
7391,25471,498
7392,26184,0
7393,26184,0
7394,26008,122
7395,23594,1878
7396,1563,50822
7397,25474,496
7398,26184,0
7399,26184,0
7400,26184,0
7401,26184,0
7402,26184,0
7403,25372,568
7404,26184,0
7405,26184,0
7406,23274,2124
7407,26184,0
7408,25048,800
7409,24937,880
7410,26184,0
7411,26184,0
7412,26184,0
7413,26184,0
7414,26184,0
7415,26150,24
7416,26184,0
7417,26184,0
7418,26184,0
7419,26184,0
7420,19268,5530
7421,26184,0
7422,26184,0
7423,26184,0
7424,23443,1994
7425,24460,1228
7426,26184,0
7427,24739,1024
7428,26184,0
7429,26184,0
7430,26144,28
7431,26184,0
7432,26184,0
7433,26184,0
7434,26184,0
7435,26184,0
7436,26184,0
7437,26184,0
7438,25919,184
7439,26184,0
7440,21834,3276
7441,26184,0
7442,26184,0
7443,24401,1272
7444,26184,0
7445,26184,0
7446,26184,0
7447,26184,0
7448,26184,0
7449,26184,0
7450,24871,928
7451,26184,0
7452,26184,0
7453,26184,0
7454,26184,0
7455,26184,0
7456,26184,0
7457,26184,0
7458,26184,0
7459,25576,424
7460,26184,0
7461,25126,744
7462,26184,0
7463,26184,0
7464,23274,2124
7465,26184,0
7466,26184,0
7467,26184,0
7468,26184,0
7469,26184,0
7470,26184,0
7471,26184,0
7472,26184,0
7473,26184,0
7474,26184,0
7475,26184,0
7476,23948,1610
7477,26184,0
7478,25288,628
7479,26184,0
7480,21265,3752
7481,23352,2064
7482,26184,0
7483,25288,628
7484,26184,0
7485,25712,328
7486,26184,0
7487,26184,0
7488,26184,0
7489,24794,984
7490,26184,0
7491,12274,13660
7492,26184,0
7493,26150,24
7494,26184,0
7495,25644,376
7496,26184,0
7497,26184,0
7498,21670,3412
7499,26184,0
7500,26184,0
7501,25126,744
7502,26184,0
7503,24722,1036
7504,26184,0
7505,26184,0
7506,26184,0
7507,26184,0
7508,26184,0
7509,24466,1224
7510,26184,0
7511,26184,0
7512,26184,0
7513,22019,3124
7514,25471,498
7515,22363,2844
7516,6029,26476
7517,26184,0
7518,26184,0
7519,25260,648
7520,26184,0
7521,26184,0
7522,26184,0
7523,26184,0
7524,26184,0
7525,26184,0
7526,26184,0
7527,26184,0
7528,26184,0
7529,26184,0
7530,26184,0
7531,26184,0
7532,26184,0
7533,26184,0
7534,26184,0
7535,24303,1344
7536,24981,848
7537,26184,0
7538,25718,324
7539,18851,5924
7540,26184,0
7541,26184,0
7542,25861,224
7543,26184,0
7544,26184,0
7545,26184,0
7546,26184,0
7547,25305,616
7548,26184,0
7549,26103,56
7550,26184,0
7551,26184,0
7552,26184,0
7553,26184,0
7554,25553,440
7555,25499,478
7556,26184,0
7557,24506,1194
7558,18362,6398
7559,26184,0
7560,26184,0
7561,18672,6096
7562,23633,1848
7563,26184,0
7564,24733,1028
7565,20715,4224
7566,12983,12648
7567,16642,8172
7568,24460,1228
7569,26184,0
7570,24739,1024
7571,26184,0
7572,26184,0
7573,26184,0
7574,25576,424
7575,26184,0
7576,26184,0
7577,25120,748
7578,26184,0
7579,26184,0
7580,26184,0
7581,26184,0
7582,26184,0
7583,22749,2536
7584,25051,798
7585,26184,0
7586,26184,0
7587,26184,0
7588,24871,928
7589,26184,0
7590,18787,5986
7591,22112,3048
7592,26184,0
7593,26184,0
7594,26184,0
7595,26184,0
7596,26184,0
7597,19659,5168
7598,26184,0
7599,26184,0
7600,26184,0
7601,26184,0
7602,26184,0
7603,26184,0
7604,26184,0
7605,26184,0
7606,25784,278
7607,26184,0
7608,26184,0
7609,23913,1636
7610,26184,0
7611,26184,0
7612,23334,2078
7613,26184,0
7614,26184,0
7615,24466,1224
7616,26184,0
7617,26184,0
7618,19685,5144
7619,26184,0
7620,24698,1054
7621,26184,0
7622,22701,2574
7623,13762,11598
7624,26184,0
7625,25406,544
7626,26184,0
7627,26184,0
7628,26184,0
7629,20346,4548
7630,22141,3024
7631,26184,0
7632,25249,656
7633,22860,2448
7634,26184,0
7635,26184,0
7636,26184,0
7637,26184,0
7638,21483,3568
7639,26184,0
7640,26184,0
7641,26184,0
7642,26184,0
7643,25755,298
7644,26184,0
7645,25092,768
7646,26184,0
7647,26184,0
7648,26184,0
7649,26184,0
7650,26184,0
7651,26184,0
7652,24945,874
7653,26184,0
7654,20324,4568
7655,24981,848
7656,26184,0
7657,26184,0
7658,23503,1948
7659,25942,168
7660,26184,0
7661,26184,0
7662,26184,0
7663,26184,0
7664,25370,570
7665,24849,944
7666,26184,0
7667,26184,0
7668,26184,0
7669,26184,0
7670,24046,1536
7671,26184,0
7672,26184,0
7673,21310,3714
7674,25443,518
7675,26184,0
7676,26184,0
7677,26184,0
7678,23404,2024
7679,26184,0
7680,26184,0
7681,26184,0
7682,26184,0
7683,25999,128
7684,26184,0
7685,26184,0
7686,23399,2028
7687,26184,0
7688,25687,346
7689,26184,0
7690,25522,462
7691,25266,644
7692,26184,0
7693,23725,1778
7694,24990,842
7695,21114,3880
7696,26184,0
7697,26184,0
7698,26184,0
7699,26184,0
7700,16327,8516
7701,21545,3516
7702,26184,0
7703,26103,56
7704,26184,0
7705,20933,4036
7706,26184,0
7707,26184,0
7708,26184,0
7709,26184,0
7710,26184,0
7711,26184,0
7712,26184,0
7713,26184,0
7714,14934,10124
7715,26184,0
7716,25400,548
7717,26184,0
7718,26184,0
7719,26184,0
7720,26060,86
7721,26184,0
7722,26184,0
7723,25327,600
7724,26184,0
7725,26184,0
7726,1557,50888
7727,26184,0
7728,26184,0
7729,23760,1752
7730,13789,11562
7731,26184,0
7732,25154,724
7733,26150,24
7734,26184,0
7735,26184,0
7736,26184,0
7737,25429,528
7738,26184,0
7739,26184,0
7740,25446,516
7741,25109,756
7742,26184,0
7743,24231,1398
7744,8841,19576
7745,26184,0
7746,26184,0
7747,26184,0
7748,26184,0
7749,26184,0
7750,26184,0
7751,25718,324
7752,19485,5328
7753,26184,0
7754,26150,24
7755,24981,848
7756,26022,112
7757,26184,0
7758,26184,0
7759,23995,1574
7760,26184,0
7761,26184,0
7762,26184,0
7763,26184,0
7764,26184,0
7765,26184,0
7766,26184,0
7767,26184,0
7768,26184,0
7769,25305,616
7770,26184,0
7771,26184,0
7772,26184,0
7773,26184,0
7774,26184,0
7775,26184,0
7776,26184,0
7777,23660,1828
7778,26184,0
7779,26184,0
7780,26184,0
7781,25471,498
7782,26184,0
7783,20835,4120
7784,26184,0
7785,25238,664
7786,23897,1648
7787,25087,772
7788,26184,0
7789,26184,0
7790,26184,0
7791,25933,174
7792,26184,0
7793,26184,0
7794,26184,0
7795,26184,0
7796,25570,428
7797,26184,0
7798,26184,0
7799,19379,5426
7800,24706,1048
7801,26184,0
7802,26184,0
7803,24876,924
7804,26184,0
7805,26184,0
7806,23639,1844
7807,23324,2086
7808,26184,0
7809,26184,0
7810,26184,0
7811,24945,874
7812,26184,0
7813,26042,98
7814,26184,0
7815,25844,236
7816,18872,5904
7817,26184,0
7818,26184,0
7819,26042,98
7820,22954,2374
7821,26184,0
7822,26184,0
7823,25009,828
7824,26184,0
7825,26184,0
7826,23529,1928
7827,24635,1100
7828,19680,5148
7829,26184,0
7830,26184,0
7831,26184,0
7832,26184,0
7833,26184,0
7834,26184,0
7835,26184,0
7836,26184,0
7837,26184,0
7838,18127,6630
7839,26184,0
7840,23274,2124
7841,24466,1224
7842,26184,0
7843,23151,2220
7844,20752,4192
7845,26005,124
7846,21945,3184
7847,6756,24424
7848,26184,0
7849,26184,0
7850,26184,0
7851,25735,312
7852,26184,0
7853,1817,48104
7854,26184,0
7855,18639,6128
7856,22348,2856
7857,26184,0
7858,26184,0
7859,24934,882
7860,26184,0
7861,26184,0
7862,26184,0
7863,13384,12100
7864,26184,0
7865,26184,0
7866,26184,0
7867,26184,0
7868,24610,1118
7869,23262,2134
7870,26184,0
7871,24588,1134
7872,26184,0
7873,26184,0
7874,26184,0
7875,26184,0
7876,26184,0
7877,26184,0
7878,20428,4476
7879,25576,424
7880,26184,0
7881,26184,0
7882,26184,0
7883,24046,1536
7884,26184,0
7885,26184,0
7886,26184,0
7887,25684,348
7888,26184,0
7889,26184,0
7890,13904,11412
7891,26184,0
7892,25861,224
7893,26005,124
7894,26184,0
7895,6481,25174
7896,26184,0
7897,26184,0
7898,26184,0
7899,26184,0
7900,24739,1024
7901,26184,0
7902,11350,15072
7903,26184,0
7904,26184,0
7905,26077,74
7906,26184,0
7907,26005,124
7908,26184,0
7909,26184,0
7910,26184,0
7911,26184,0
7912,26184,0
7913,26184,0
7914,26121,44
7915,26184,0
7916,21583,3484
7917,26184,0
7918,26184,0
7919,26184,0
7920,26184,0
7921,26184,0
7922,26184,0
7923,26184,0
7924,26184,0
7925,26184,0
7926,26184,0
7927,26184,0
7928,26184,0
7929,26184,0
7930,26184,0
7931,26184,0
7932,25260,648
7933,24602,1124
7934,26184,0
7935,25179,706
7936,26184,0
7937,26184,0
7938,26184,0
7939,26184,0
7940,26184,0
7941,26184,0
7942,26144,28
7943,25126,744
7944,22254,2932
7945,24466,1224
7946,26184,0
7947,26184,0
7948,26184,0
7949,26184,0
7950,26184,0
7951,24602,1124
7952,26184,0
7953,26184,0
7954,26184,0
7955,26184,0
7956,19764,5072
7957,12883,12788
7958,26184,0
7959,26184,0
7960,26184,0
7961,26184,0
7962,26184,0
7963,21776,3324
7964,26184,0
7965,26184,0
7966,26184,0
7967,26184,0
7968,25970,148
7969,26184,0
7970,26184,0
7971,26184,0
7972,26184,0
7973,26005,124
7974,26184,0
7975,26184,0
7976,26184,0
7977,26184,0
7978,26184,0
7979,26184,0
7980,22711,2566
7981,26184,0
7982,14687,10424
7983,26184,0
7984,26184,0
7985,26184,0
7986,26184,0
7987,24001,1570
7988,24774,998
7989,26184,0
7990,26184,0
7991,21897,3224
7992,26184,0
7993,25976,144
7994,24406,1268
7995,26184,0
7996,26184,0
7997,23834,1696
7998,26184,0
7999,26184,0
8000,8351,20604
8001,26144,28
8002,26184,0
8003,26184,0
8004,26184,0
8005,26184,0
8006,26184,0
8007,24796,982
8008,10886,15824
8009,26184,0
8010,26103,56
8011,26184,0
8012,22272,2918
8013,26184,0
8014,26184,0
8015,24871,928
8016,26184,0
8017,23552,1910
8018,26184,0
8019,26184,0
8020,26184,0
8021,26184,0
8022,26184,0
8023,26184,0
8024,26184,0
8025,26184,0
8026,24876,924
8027,26184,0
8028,26184,0
8029,26184,0
8030,26184,0
8031,26184,0
8032,26184,0
8033,12486,13352
8034,25988,136
8035,26184,0
8036,26184,0
8037,26184,0
8038,24433,1248
8039,26184,0
8040,26184,0
8041,26184,0
8042,26184,0
8043,26184,0
8044,26184,0
8045,26184,0
8046,25249,656
8047,26184,0
8048,24070,1518
8049,23466,1976
8050,22483,2748
8051,26184,0
8052,26184,0
8053,26184,0
8054,22809,2488
8055,26184,0
8056,26184,0
8057,26184,0
8058,23404,2024
8059,6165,26076
8060,26184,0
8061,26184,0
8062,26184,0
8063,26184,0
8064,26184,0
8065,25858,226
8066,26184,0
8067,26184,0
8068,26005,124
8069,26184,0
8070,26184,0
8071,21000,3978
8072,19576,5244
8073,26184,0
8074,23529,1928
8075,26184,0
8076,23665,1824
8077,26184,0
8078,26184,0
8079,26184,0
8080,22038,3108
8081,26184,0
8082,24401,1272
8083,26184,0
8084,26184,0
8085,26184,0
8086,26184,0
8087,26184,0
8088,25015,824
8089,26184,0
8090,9556,18174
8091,26184,0
8092,26184,0
8093,14710,10396
8094,26184,0
8095,15655,9274
8096,26184,0
8097,23573,1894
8098,26184,0
8099,26184,0
8100,26184,0
8101,26184,0
8102,26184,0
8103,26184,0
8104,24605,1122
8105,26184,0
8106,26184,0
8107,26184,0
8108,26184,0
8109,26184,0
8110,26184,0
8111,26184,0
8112,26184,0
8113,17822,6936
8114,22141,3024
8115,25499,478
8116,26184,0
8117,25015,824
8118,24322,1330
8119,19251,5546
8120,24733,1028
8121,25827,248
8122,26184,0
8123,22363,2844
8124,26144,28
8125,26184,0
8126,26184,0
8127,26184,0
8128,26184,0
8129,23508,1944
8130,26184,0
8131,26184,0
8132,25547,444
8133,26184,0
8134,26184,0
8135,23979,1586
8136,26184,0
8137,26184,0
8138,5076,29578
8139,26115,48
8140,26184,0
8141,26184,0
8142,26184,0
8143,26184,0
8144,26184,0
8145,26184,0
8146,26184,0
8147,26184,0
8148,24676,1070
8149,26184,0
8150,26184,0
8151,26184,0
8152,22272,2918
8153,26184,0
8154,26184,0
8155,21904,3218
8156,26184,0
8157,26184,0
8158,26184,0
8159,26184,0
8160,26184,0
8161,26184,0
8162,26184,0
8163,7570,22374
8164,26184,0
8165,26184,0
8166,26184,0
8167,26184,0
8168,24123,1478
8169,26150,24
8170,26184,0
8171,22749,2536
8172,26184,0
8173,25547,444
8174,26184,0
8175,26184,0
8176,24640,1096
8177,26184,0
8178,26184,0
8179,23115,2248
8180,26184,0
8181,26184,0
8182,20711,4228
8183,5166,29264
8184,26184,0
8185,26184,0
8186,25798,268
8187,26184,0
8188,22082,3072
8189,23339,2074
8190,26184,0
8191,26184,0
8192,26184,0
8193,26184,0
8194,23995,1574
8195,26184,0
8196,26184,0
8197,26184,0
8198,26184,0
8199,26184,0
8200,26184,0
8201,26184,0
8202,26184,0
8203,26184,0
8204,25844,236
8205,22068,3084
8206,26184,0
8207,26184,0
8208,26184,0
8209,23770,1744
8210,26184,0
8211,26184,0
8212,24670,1074
8213,26184,0
8214,26184,0
8215,26184,0
8216,26184,0
8217,26184,0
8218,25101,762
8219,26184,0
8220,26184,0
8221,26184,0
8222,26184,0
8223,26184,0
8224,25372,568
8225,26184,0
8226,26184,0
8227,26184,0
8228,26184,0
8229,25148,728
8230,26184,0
8231,25684,348
8232,26184,0
8233,26184,0
8234,26184,0
8235,26150,24
8236,26184,0
8237,26184,0
8238,26184,0
8239,26184,0
8240,26184,0
8241,26184,0
8242,26184,0
8243,26184,0
8244,26184,0
8245,26184,0
8246,26184,0
8247,25120,748
8248,26184,0
8249,26184,0
8250,25505,474
8251,26184,0
8252,26184,0
8253,26184,0
8254,26184,0
8255,23982,1584
8256,26184,0
8257,26184,0
8258,25744,306
8259,26184,0
8260,26184,0
8261,26184,0
8262,26184,0
8263,26184,0
8264,22739,2544
8265,26184,0
8266,26184,0
8267,26184,0
8268,26184,0
8269,24035,1544
8270,26184,0
8271,23534,1924
8272,26184,0
8273,26184,0
8274,26184,0
8275,26184,0
8276,26184,0
8277,26184,0
8278,26184,0
8279,24057,1528
8280,26184,0
8281,26184,0
8282,26184,0
8283,24918,894
8284,26184,0
8285,26184,0
8286,26184,0
8287,26184,0
8288,22759,2528
8289,26184,0
8290,26184,0
8291,26184,0
8292,26184,0
8293,26184,0
8294,26184,0
8295,25827,248
8296,26184,0
8297,24816,968
8298,25347,586
8299,26184,0
8300,22799,2496
8301,26184,0
8302,25001,834
8303,26184,0
8304,23571,1896
8305,26184,0
8306,26184,0
8307,26184,0
8308,26184,0
8309,26184,0
8310,26184,0
8311,13440,12024
8312,26184,0
8313,26184,0
8314,26184,0
8315,23544,1916
8316,26184,0
8317,23886,1656
8318,26184,0
8319,26184,0
8320,26184,0
8321,26184,0
8322,26184,0
8323,26184,0
8324,26184,0
8325,26184,0
8326,26184,0
8327,26184,0
8328,24849,944
8329,26184,0
8330,26184,0
8331,26184,0
8332,26184,0
8333,26184,0
8334,26184,0
8335,20893,4070
8336,26184,0
8337,26184,0
8338,26184,0
8339,25718,324
8340,26184,0
8341,26184,0
8342,26184,0
8343,24569,1148
8344,26184,0
8345,16669,8142
8346,25406,544
8347,26184,0
8348,26184,0
8349,26184,0
8350,26184,0
8351,22708,2568
8352,26184,0
8353,24602,1124
8354,26184,0
8355,26184,0
8356,26184,0
8357,26184,0
8358,24807,974
8359,26184,0
8360,26184,0
8361,26184,0
8362,26184,0
8363,26144,28
8364,26184,0
8365,26184,0
8366,26184,0
8367,26184,0
8368,26184,0
8369,25355,580
8370,25701,336
8371,25684,348
8372,26184,0
8373,26184,0
8374,26184,0
8375,26144,28
8376,26184,0
8377,26184,0
8378,26184,0
8379,24250,1384
8380,17969,6788
8381,26184,0
8382,26184,0
8383,26184,0
8384,26184,0
8385,26184,0
8386,24433,1248
8387,26184,0
8388,26184,0
8389,26184,0
8390,23633,1848
8391,26184,0
8392,26184,0
8393,26184,0
8394,8528,20226
8395,26184,0
8396,26184,0
8397,26150,24
8398,26184,0
8399,26184,0
8400,26184,0
8401,24466,1224
8402,17624,7138
8403,26184,0
8404,26184,0
8405,26184,0
8406,23084,2272
8407,25429,528
8408,26184,0
8409,26184,0
8410,24344,1314
8411,26184,0
8412,26184,0
8413,25067,786
8414,26184,0
8415,25508,472
8416,26184,0
8417,24607,1120
8418,26184,0
8419,26184,0
8420,26184,0
8421,26184,0
8422,26184,0
8423,26184,0
8424,26184,0
8425,26184,0
8426,24403,1270
8427,26184,0
8428,26184,0
8429,25901,196
8430,24062,1524
8431,24057,1528
8432,26184,0
8433,26121,44
8434,26184,0
8435,26184,0
8436,26184,0
8437,25661,364
8438,26184,0
8439,26184,0
8440,22956,2372
8441,24769,1002
8442,25772,286
8443,25861,224
8444,26184,0
8445,26184,0
8446,26184,0
8447,24981,848
8448,23018,2324
8449,24585,1136
8450,26184,0
8451,26184,0
8452,25434,524
8453,26184,0
8454,26184,0
8455,26184,0
8456,26184,0
8457,26184,0
8458,26184,0
8459,26184,0
8460,25120,748
8461,26184,0
8462,25827,248
8463,26184,0
8464,26184,0
8465,26184,0
8466,25364,574
8467,25330,598
8468,25861,224
8469,23342,2072
8470,26184,0
8471,26184,0
8472,26184,0
8473,26184,0
8474,26184,0
8475,26184,0
8476,26080,72
8477,26184,0
8478,26184,0
8479,26184,0
8480,25434,524
8481,26184,0
8482,24640,1096
8483,26184,0
8484,24449,1236
8485,26184,0
8486,24422,1256
8487,26184,0
8488,26184,0
8489,23924,1628
8490,26184,0
8491,26184,0
8492,26184,0
8493,23409,2020
8494,26184,0
8495,26184,0
8496,23857,1678
8497,26184,0
8498,22277,2914
8499,26184,0
8500,26184,0
8501,26184,0
8502,26184,0
8503,18230,6528
8504,26184,0
8505,25712,328
8506,26184,0
8507,26184,0
8508,26184,0
8509,26184,0
8510,26184,0
8511,26150,24
8512,26184,0
8513,26184,0
8514,21180,3824
8515,26184,0
8516,26184,0
8517,26184,0
8518,23440,1996
8519,25718,324
8520,26184,0
8521,11325,15112
8522,25672,356
8523,26184,0
8524,26184,0
8525,25712,328
8526,26184,0
8527,20849,4108
8528,26184,0
8529,26184,0
8530,24298,1348
8531,24303,1344
8532,24651,1088
8533,24569,1148
8534,26184,0
8535,21843,3268
8536,24485,1210
8537,26184,0
8538,22299,2896
8539,24569,1148
8540,25861,224
8541,26184,0
8542,25950,162
8543,26184,0
8544,23404,2024
8545,26184,0
8546,26184,0
8547,26184,0
8548,26184,0
8549,26184,0
8550,26184,0
8551,24654,1086
8552,26184,0
8553,26184,0
8554,26184,0
8555,24783,992
8556,25079,778
8557,26184,0
8558,26184,0
8559,26184,0
8560,25644,376
8561,26184,0
8562,23308,2098
8563,26184,0
8564,24868,930
8565,1,540318
8566,26184,0
8567,26184,0
8568,24739,1024
8569,26184,0
8570,26184,0
8571,15529,9420
8572,26184,0
8573,26184,0
8574,26184,0
8575,26184,0
8576,26184,0
8577,26184,0
8578,26184,0
8579,26184,0
8580,26184,0
8581,23929,1624
8582,26184,0
8583,25081,776
8584,26184,0
8585,21694,3392
8586,26184,0
8587,26184,0
8588,26184,0
8589,26184,0
8590,26005,124
8591,26184,0
8592,26184,0
8593,26184,0
8594,26184,0
8595,26184,0
8596,26184,0
8597,6038,26450
8598,26184,0
8599,26184,0
8600,26184,0
8601,26184,0
8602,26184,0
8603,26184,0
8604,26184,0
8605,18326,6434
8606,25224,674
8607,26184,0
8608,26184,0
8609,26184,0
8610,26184,0
8611,25993,132
8612,26184,0
8613,26184,0
8614,26184,0
8615,26184,0
8616,26184,0
8617,26184,0
8618,25372,568
8619,5703,27480
8620,26184,0
8621,21708,3380
8622,26184,0
8623,26184,0
8624,26184,0
8625,25690,344
8626,26184,0
8627,26184,0
8628,1209,55440
8629,24739,1024
8630,26184,0
8631,26184,0
8632,26184,0
8633,26184,0
8634,26184,0
8635,23647,1838
8636,26184,0
8637,26184,0
8638,25718,324
8639,26184,0
8640,12698,13048
8641,26184,0
8642,26184,0
8643,26184,0
8644,26184,0
8645,26184,0
8646,26184,0
8647,5127,29400
8648,26184,0
8649,26184,0
8650,24558,1156
8651,26184,0
8652,24569,1148
8653,25970,148
8654,23461,1980
8655,26132,36
8656,26184,0
8657,24871,928
8658,26184,0
8659,26184,0
8660,26184,0
8661,26184,0
8662,26184,0
8663,25542,448
8664,26184,0
8665,26184,0
8666,26184,0
8667,26184,0
8668,24832,956
8669,26184,0
8670,26184,0
8671,25260,648
8672,22633,2628
8673,26184,0
8674,25784,278
8675,26184,0
8676,26184,0
8677,18356,6404
8678,25913,188
8679,26184,0
8680,26184,0
8681,26184,0
8682,25576,424
8683,26184,0
8684,26184,0
8685,26184,0
8686,26184,0
8687,12133,13868
8688,26184,0
8689,26184,0
8690,26184,0
8691,26184,0
8692,24733,1028
8693,19598,5224
8694,1387,52972
8695,19790,5048
8696,26184,0
8697,26184,0
8698,24739,1024
8699,26184,0
8700,21348,3682
8701,25406,544
8702,26184,0
8703,26184,0
8704,26184,0
8705,24471,1220
8706,26184,0
8707,26184,0
8708,26184,0
8709,26184,0
8710,25460,506
8711,26184,0
8712,26184,0
8713,25081,776
8714,26184,0
8715,23704,1794
8716,26184,0
8717,25148,728
8718,26184,0
8719,25232,668
8720,24433,1248
8721,25505,474
8722,26184,0
8723,22708,2568
8724,26184,0
8725,26184,0
8726,23568,1898
8727,26184,0
8728,26184,0
8729,26184,0
8730,26184,0
8731,26184,0
8732,26184,0
8733,23005,2334
8734,26184,0
8735,24534,1174
8736,26184,0
8737,25126,744
8738,26184,0
8739,26184,0
8740,26184,0
8741,26184,0
8742,25015,824
8743,26184,0
8744,26184,0
8745,26184,0
8746,26184,0
8747,26184,0
8748,26184,0
8749,26184,0
8750,25547,444
8751,26184,0
8752,26184,0
8753,26184,0
8754,26184,0
8755,26184,0
8756,24706,1048
8757,26184,0
8758,26184,0
8759,12695,13052
8760,26184,0
8761,26184,0
8762,23246,2146
8763,26184,0
8764,26184,0
8765,25593,412
8766,26184,0
8767,26184,0
8768,26184,0
8769,26184,0
8770,26184,0
8771,26184,0
8772,24695,1056
8773,26184,0
8774,26184,0
8775,26184,0
8776,26184,0
8777,26184,0
8778,26184,0
8779,19036,5748
8780,26184,0
8781,26184,0
8782,26184,0
8783,26184,0
8784,23182,2196
8785,19079,5708
8786,25154,724
8787,26071,78
8788,24788,988
8789,25499,478
8790,26184,0
8791,22388,2824
8792,25015,824
8793,25417,536
8794,26184,0
8795,19083,5704
8796,26184,0
8797,23066,2286
8798,26184,0
8799,20817,4136
8800,26184,0
8801,21329,3698
8802,26184,0
8803,21374,3660
8804,26184,0
8805,26184,0
8806,26184,0
8807,22050,3098
8808,22733,2548
8809,26184,0
8810,26184,0
8811,25858,226
8812,26184,0
8813,23731,1774
8814,26184,0
8815,25542,448
8816,26184,0
8817,26077,74
8818,19543,5274
8819,20872,4088
8820,25784,278
8821,26184,0
8822,25126,744
8823,4200,32994
8824,26184,0
8825,26184,0
8826,26184,0
8827,26144,28
8828,23115,2248
8829,26184,0
8830,26184,0
8831,26184,0
8832,26184,0
8833,25933,174
8834,25087,772
8835,23210,2174
8836,26184,0
8837,14689,10422
8838,26184,0
8839,26184,0
8840,26184,0
8841,26184,0
8842,26184,0
8843,24843,948
8844,26184,0
8845,26184,0
8846,26184,0
8847,26184,0
8848,26184,0
8849,21945,3184
8850,26184,0
8851,26184,0
8852,26184,0
8853,24816,968
8854,26184,0
8855,26184,0
8856,25079,778
8857,26184,0
8858,26184,0
8859,26184,0
8860,26184,0
8861,26184,0
8862,20621,4306
8863,26184,0
8864,22733,2548
8865,23791,1728
8866,26184,0
8867,26184,0
8868,26184,0
8869,25950,162
8870,24873,926
8871,25372,568
8872,20037,4824
8873,26150,24
8874,26184,0
8875,23971,1592
8876,26184,0
8877,25999,128
8878,26184,0
8879,26184,0
8880,22141,3024
8881,26184,0
8882,26184,0
8883,26184,0
8884,26184,0
8885,25505,474
8886,22518,2720
8887,26184,0
8888,26184,0
8889,26184,0
8890,8338,20632
8891,26184,0
8892,26184,0
8893,24460,1228
8894,26184,0
8895,25009,828
8896,26184,0
8897,26184,0
8898,26184,0
8899,26184,0
8900,24596,1128
8901,25400,548
8902,24821,964
8903,26184,0
8904,24113,1486
8905,26184,0
8906,19949,4904
8907,26184,0
8908,26184,0
8909,25434,524
8910,26184,0
8911,23929,1624
8912,26184,0
8913,26150,24
8914,24558,1156
8915,26184,0
8916,26184,0
8917,26184,0
8918,26184,0
8919,22448,2776
8920,26184,0
8921,23105,2256
8922,6247,25836
8923,26184,0
8924,23048,2300
8925,26184,0
8926,25542,448
8927,22931,2392
8928,26184,0
8929,26184,0
8930,26184,0
8931,25079,778
8932,26184,0
8933,26184,0
8934,26184,0
8935,26184,0
8936,22759,2528
8937,26184,0
8938,26184,0
8939,26184,0
8940,25690,344
8941,26184,0
8942,24330,1324
8943,26184,0
8944,23243,2148
8945,26184,0
8946,26184,0
8947,26184,0
8948,26184,0
8949,26184,0
8950,26184,0
8951,26184,0
8952,22660,2606
8953,24523,1182
8954,26184,0
8955,26184,0
8956,26184,0
8957,26184,0
8958,26184,0
8959,26184,0
8960,26184,0
8961,26184,0
8962,26184,0
8963,20838,4118
8964,26184,0
8965,25015,824
8966,26184,0
8967,26184,0
8968,26184,0
8969,26184,0
8970,26184,0
8971,24569,1148
8972,23404,2024
8973,26184,0
8974,26184,0
8975,26184,0
8976,25789,274
8977,26184,0
8978,16549,8272
8979,26184,0
8980,26184,0
8981,26184,0
8982,26184,0
8983,25547,444
8984,9158,18940
8985,26184,0
8986,26184,0
8987,26184,0
8988,23182,2196
8989,8618,20036
8990,22508,2728
8991,25193,696
8992,25542,448
8993,26184,0
8994,26184,0
8995,26005,124
8996,19944,4908
8997,26184,0
8998,26184,0
8999,26184,0
9000,23857,1678
9001,26184,0
9002,26184,0
9003,26184,0
9004,26184,0
9005,26184,0
9006,26184,0
9007,6040,26444
9008,26184,0
9009,26184,0
9010,26184,0
9011,26184,0
9012,26184,0
9013,26184,0
9014,26184,0
9015,26121,44
9016,26184,0
9017,26184,0
9018,26184,0
9019,26184,0
9020,26184,0
9021,26184,0
9022,26184,0
9023,26184,0
9024,24783,992
9025,25718,324
9026,26184,0
9027,25976,144
9028,22378,2832
9029,25570,428
9030,26184,0
9031,26184,0
9032,67,107688
9033,26184,0
9034,24998,836
9035,26184,0
9036,20803,4148
9037,26184,0
9038,25207,686
9039,26184,0
9040,26184,0
9041,23783,1734
9042,17981,6776
9043,26184,0
9044,26184,0
9045,26184,0
9046,26184,0
9047,26184,0
9048,26184,0
9049,26184,0
9050,26184,0
9051,15618,9316
9052,26184,0
9053,26184,0
9054,26184,0
9055,26184,0
9056,26115,48
9057,26184,0
9058,25137,736
9059,26184,0
9060,20895,4068
9061,25927,178
9062,26184,0
9063,26184,0
9064,25154,724
9065,26184,0
9066,25477,494
9067,26184,0
9068,22906,2412
9069,26184,0
9070,26184,0
9071,26184,0
9072,24659,1082
9073,26184,0
9074,14540,10606
9075,26184,0
9076,26184,0
9077,26184,0
9078,23391,2034
9079,24602,1124
9080,26184,0
9081,25429,528
9082,22949,2378
9083,26184,0
9084,26184,0
9085,26184,0
9086,26184,0
9087,26184,0
9088,26184,0
9089,26184,0
9090,26184,0
9091,22488,2744
9092,26184,0
9093,26184,0
9094,26184,0
9095,24832,956
9096,25218,678
9097,26132,36
9098,24703,1050
9099,26184,0
9100,26184,0
9101,21834,3276
9102,26184,0
9103,20567,4354
9104,26184,0
9105,26184,0
9106,23238,2152
9107,26184,0
9108,26184,0
9109,26184,0
9110,22676,2594
9111,26184,0
9112,23334,2078
9113,5915,26822
9114,26184,0
9115,10661,16200
9116,26184,0
9117,26184,0
9118,25653,370
9119,26184,0
9120,26184,0
9121,26184,0
9122,26184,0
9123,21187,3818
9124,26184,0
9125,26150,24
9126,26184,0
9127,26184,0
9128,26115,48
9129,26184,0
9130,20649,4282
9131,26184,0
9132,24739,1024
9133,26184,0
9134,26184,0
9135,23249,2144
9136,22235,2948
9137,21703,3384
9138,26184,0
9139,24542,1168
9140,26184,0
9141,26184,0
9142,26184,0
9143,24057,1528
9144,25499,478
9145,26184,0
9146,25576,424
9147,26184,0
9148,25901,196
9149,24945,874
9150,20392,4508
9151,25701,336
9152,26184,0
9153,26184,0
9154,26184,0
9155,26184,0
9156,26184,0
9157,26184,0
9158,24981,848
9159,26184,0
9160,26184,0
9161,26184,0
9162,24739,1024
9163,24876,924
9164,23971,1592
9165,24585,1136
9166,26184,0
9167,25120,748
9168,26184,0
9169,6047,26424
9170,18747,6024
9171,25647,374
9172,26144,28
9173,17466,7300
9174,25330,598
9175,26184,0
9176,26184,0
9177,25499,478
9178,26184,0
9179,26184,0
9180,22425,2794
9181,26184,0
9182,26184,0
9183,25260,648
9184,25364,574
9185,25618,394
9186,26184,0
9187,26184,0
9188,23445,1992
9189,26184,0
9190,25570,428
9191,26184,0
9192,26184,0
9193,26184,0
9194,26184,0
9195,26144,28
9196,26184,0
9197,26184,0
9198,26184,0
9199,26184,0
9200,26184,0
9201,26184,0
9202,23362,2056
9203,26184,0
9204,26184,0
9205,26184,0
9206,26184,0
9207,26184,0
9208,26184,0
9209,26184,0
9210,24129,1474
9211,21718,3372
9212,26184,0
9213,22827,2474
9214,26184,0
9215,26184,0
9216,25701,336
9217,26184,0
9218,26184,0
9219,26184,0
9220,26184,0
9221,26184,0
9222,26184,0
9223,26184,0
9224,26184,0
9225,26184,0
9226,26184,0
9227,25367,572
9228,26184,0
9229,26184,0
9230,26184,0
9231,26184,0
9232,26184,0
9233,26184,0
9234,26184,0
9235,1622,50144
9236,26184,0
9237,26184,0
9238,26184,0
9239,26184,0
9240,26184,0
9241,26184,0
9242,26184,0
9243,23388,2036
9244,25081,776
9245,26184,0
9246,26184,0
9247,12674,13082
9248,25434,524
9249,26184,0
9250,23243,2148
9251,26184,0
9252,26184,0
9253,26184,0
9254,26184,0
9255,17062,7722
9256,26184,0
9257,26184,0
9258,23018,2324
9259,22388,2824
9260,25576,424
9261,89,102464
9262,1626,50105
9263,18434,6328
9264,26184,0
9265,26184,0
9266,24684,1064
9267,25224,674
9268,26184,0
9269,23364,2055
9270,26184,0
9271,26184,0
9272,25145,730
9273,26184,0
9274,26184,0
9275,26071,78
9276,26184,0
9277,26184,0
9278,25358,578
9279,26184,0
9280,4783,30652
9281,21536,3524
9282,25970,148
9283,26184,0
9284,26184,0
9285,26184,0
9286,26184,0
9287,26184,0
9288,26184,0
9289,26184,0
9290,20752,4192
9291,26184,0
9292,21897,3224
9293,25547,444
9294,26184,0
9295,18041,6716
9296,26184,0
9297,26184,0
9298,23243,2148
9299,26184,0
9300,22751,2534
9301,23404,2024
9302,26184,0
9303,26184,0
9304,26184,0
9305,25718,324
9306,26184,0
9307,26184,0
9308,26184,0
9309,23615,1862
9310,26184,0
9311,26184,0
9312,26184,0
9313,26184,0
9314,26184,0
9315,26184,0
9316,26184,0
9317,25009,828
9318,16779,8024
9319,26184,0
9320,21136,3862
9321,26184,0
9322,26184,0
9323,26184,0
9324,14848,10228
9325,26184,0
9326,26184,0
9327,26184,0
9328,26184,0
9329,26184,0
9330,26184,0
9331,22513,2724
9332,26184,0
9333,26184,0
9334,26184,0
9335,26184,0
9336,26184,0
9337,26184,0
9338,26184,0
9339,26184,0
9340,7373,22850
9341,9418,18436
9342,26184,0
9343,26184,0
9344,26184,0
9345,26184,0
9346,26005,124
9347,26184,0
9348,26184,0
9349,8295,20724
9350,26184,0
9351,24233,1396
9352,26184,0
9353,26184,0
9354,17182,7596
9355,22718,2560
9356,26184,0
9357,26184,0
9358,22264,2924
9359,26184,0
9360,25266,644
9361,15017,10024
9362,26184,0
9363,26184,0
9364,26184,0
9365,26184,0
9366,26184,0
9367,26184,0
9368,26184,0
9369,26184,0
9370,26184,0
9371,26184,0
9372,26184,0
9373,23797,1724
9374,26184,0
9375,26184,0
9376,25647,374
9377,25417,536
9378,26150,24
9379,26184,0
9380,26184,0
9381,21350,3680
9382,26184,0
9383,23141,2228
9384,21199,3808
9385,26184,0
9386,26184,0
9387,26184,0
9388,25701,336
9389,26184,0
9390,26184,0
9391,26184,0
9392,26184,0
9393,26184,0
9394,26184,0
9395,26184,0
9396,26184,0
9397,26184,0
9398,26184,0
9399,1362,53296
9400,19643,5182
9401,26184,0
9402,25505,474
9403,26184,0
9404,26184,0
9405,26184,0
9406,20037,4824
9407,26184,0
9408,26184,0
9409,26022,112
9410,26184,0
9411,26184,0
9412,26184,0
9413,26184,0
9414,25406,544
9415,26184,0
9416,22733,2548
9417,26184,0
9418,26184,0
9419,21502,3552
9420,26184,0
9421,26184,0
9422,17470,7296
9423,23179,2198
9424,20374,4524
9425,24468,1222
9426,26184,0
9427,26184,0
9428,1,118260
9429,25434,524
9430,26184,0
9431,26184,0
9432,25570,428
9433,26184,0
9434,24528,1178
9435,25542,448
9436,26184,0
9437,26184,0
9438,26184,0
9439,26184,0
9440,26184,0
9441,26184,0
9442,24436,1246
9443,24279,1362
9444,26184,0
9445,1309,54020
9446,26184,0
9447,26184,0
9448,26184,0
9449,26184,0
9450,26150,24
9451,26184,0
9452,26184,0
9453,26184,0
9454,26184,0
9455,26184,0
9456,16125,8740
9457,26184,0
9458,26184,0
9459,26184,0
9460,22415,2802
9461,18109,6648
9462,26184,0
9463,25798,268
9464,26184,0
9465,26184,0
9466,25468,500
9467,26132,36
9468,26184,0
9469,26121,44
9470,26184,0
9471,26184,0
9472,25988,136
9473,20569,4352
9474,26184,0
9475,25277,636
9476,17805,6954
9477,26184,0
9478,26184,0
9479,26184,0
9480,26184,0
9481,26184,0
9482,26184,0
9483,26184,0
9484,26184,0
9485,26184,0
9486,25417,536
9487,25970,148
9488,23529,1928
9489,23477,1968
9490,26184,0
9491,22827,2474
9492,1463,52008
9493,26184,0
9494,26184,0
9495,20426,4478
9496,26184,0
9497,26184,0
9498,25260,648
9499,26184,0
9500,26184,0
9501,23929,1624
9502,26184,0
9503,26184,0
9504,26184,0
9505,22746,2538
9506,26184,0
9507,26184,0
9508,26184,0
9509,26184,0
9510,26184,0
9511,24739,1024
9512,22923,2398
9513,25400,548
9514,23633,1848
9515,26184,0
9516,26184,0
9517,25266,644
9518,6320,25628
9519,24998,836
9520,26184,0
9521,26184,0
9522,26184,0
9523,26184,0
9524,25855,228
9525,26184,0
9526,23404,2024
9527,26184,0
9528,26184,0
9529,26184,0
9530,25218,678
9531,26184,0
9532,26184,0
9533,24802,978
9534,26184,0
9535,26184,0
9536,26184,0
9537,26184,0
9538,26184,0
9539,24706,1048
9540,26184,0
9541,26184,0
9542,25576,424
9543,26184,0
9544,19966,4888
9545,26184,0
9546,26184,0
9547,26184,0
9548,26184,0
9549,26184,0
9550,26184,0
9551,26184,0
9552,26184,0
9553,26184,0
9554,26184,0
9555,26184,0
9556,26042,98
9557,26184,0
9558,25993,132
9559,26184,0
9560,26184,0
9561,26184,0
9562,26184,0
9563,26184,0
9564,26184,0
9565,25789,274
9566,26184,0
9567,26184,0
9568,20835,4120
9569,26184,0
9570,23308,2098
9571,26184,0
9572,26077,74
9573,25641,378
9574,26184,0
9575,26184,0
9576,26184,0
9577,26184,0
9578,26184,0
9579,26184,0
9580,26184,0
9581,26184,0
9582,26184,0
9583,26184,0
9584,26184,0
9585,26184,0
9586,25542,448
9587,26184,0
9588,26184,0
9589,26184,0
9590,23207,2176
9591,26184,0
9592,26184,0
9593,26184,0
9594,26184,0
9595,26184,0
9596,21776,3324
9597,26184,0
9598,25087,772
9599,26184,0
9600,26184,0
9601,26184,0
9602,26184,0
9603,26184,0
9604,26184,0
9605,26184,0
9606,26184,0
9607,26184,0
9608,26184,0
9609,21771,3328
9610,26184,0
9611,26184,0
9612,26184,0
9613,26184,0
9614,26184,0
9615,26184,0
9616,26184,0
9617,26184,0
9618,26150,24
9619,26184,0
9620,26184,0
9621,26184,0
9622,26184,0
9623,26184,0
9624,26184,0
9625,25067,786
9626,25226,672
9627,26184,0
9628,24534,1174
9629,7987,21406
9630,26184,0
9631,22053,3096
9632,26184,0
9633,26184,0
9634,26184,0
9635,25827,248
9636,26184,0
9637,26077,74
9638,26184,0
9639,24374,1292
9640,26184,0
9641,25084,774
9642,26184,0
9643,26184,0
9644,1575,50678
9645,26184,0
9646,26184,0
9647,25288,628
9648,26184,0
9649,26184,0
9650,26184,0
9651,26184,0
9652,26184,0
9653,25576,424
9654,26184,0
9655,26184,0
9656,24832,956
9657,24711,1044
9658,26184,0
9659,26184,0
9660,24460,1228
9661,23399,2028
9662,26184,0
9663,26184,0
9664,26184,0
9665,26184,0
9666,24984,846
9667,1623,50136
9668,25140,734
9669,26184,0
9670,26184,0
9671,26184,0
9672,23274,2124
9673,26184,0
9674,21063,3924
9675,26184,0
9676,26184,0
9677,26184,0
9678,26184,0
9679,26184,0
9680,26184,0
9681,26184,0
9682,25277,636
9683,4545,31572
9684,24528,1178
9685,26184,0
9686,26184,0
9687,22678,2592
9688,22373,2836
9689,26184,0
9690,26184,0
9691,26184,0
9692,25718,324
9693,26184,0
9694,26184,0
9695,26184,0
9696,26042,98
9697,26184,0
9698,26184,0
9699,26184,0
9700,26184,0
9701,26184,0
9702,26184,0
9703,26184,0
9704,26184,0
9705,26184,0
9706,26184,0
9707,26184,0
9708,26184,0
9709,26184,0
9710,26184,0
9711,26184,0
9712,26184,0
9713,26184,0
9714,26144,28
9715,26184,0
9716,26184,0
9717,23215,2170
9718,24843,948
9719,26184,0
9720,26184,0
9721,26184,0
9722,26184,0
9723,26184,0
9724,26184,0
9725,26184,0
9726,26184,0
9727,26184,0
9728,26184,0
9729,25690,344
9730,26184,0
9731,26184,0
9732,26184,0
9733,26184,0
9734,25123,746
9735,18751,6020
9736,26184,0
9737,25009,828
9738,26184,0
9739,26184,0
9740,26184,0
9741,26184,0
9742,21054,3932
9743,25092,768
9744,25924,180
9745,26184,0
9746,26184,0
9747,26184,0
9748,25576,424
9749,26184,0
9750,21858,3256
9751,26184,0
9752,25827,248
9753,26184,0
9754,26184,0
9755,24711,1044
9756,26184,0
9757,26184,0
9758,26184,0
9759,26184,0
9760,24640,1096
9761,26184,0
9762,26184,0
9763,23404,2024
9764,26103,56
9765,26184,0
9766,26184,0
9767,26184,0
9768,26184,0
9769,26184,0
9770,25718,324
9771,26184,0
9772,26184,0
9773,26184,0
9774,26184,0
9775,23018,2324
9776,26184,0
9777,26184,0
9778,26184,0
9779,20979,3996
9780,25406,544
9781,26184,0
9782,26184,0
9783,26184,0
9784,26184,0
9785,26184,0
9786,26184,0
9787,26184,0
9788,25947,164
9789,26184,0
9790,8924,19408
9791,26184,0
9792,26184,0
9793,25042,804
9794,26184,0
9795,26184,0
9796,26184,0
9797,25336,594
9798,23243,2148
9799,26184,0
9800,24987,844
9801,26042,98
9802,26184,0
9803,26005,124
9804,26184,0
9805,26184,0
9806,23373,2048
9807,23249,2144
9808,26184,0
9809,5876,26942
9810,26184,0
9811,25832,244
9812,26184,0
9813,26184,0
9814,26184,0
9815,26184,0
9816,25389,556
9817,26184,0
9818,26184,0
9819,18055,6702
9820,26184,0
9821,26184,0
9822,26184,0
9823,26184,0
9824,26184,0
9825,26184,0
9826,26184,0
9827,26184,0
9828,26184,0
9829,26184,0
9830,26184,0
9831,26184,0
9832,26184,0
9833,26184,0
9834,26184,0
9835,26184,0
9836,24596,1128
9837,26184,0
9838,18606,6160
9839,26184,0
9840,26150,24
9841,26184,0
9842,26150,24
9843,24033,1546
9844,26034,104
9845,26184,0
9846,24876,924
9847,26184,0
9848,17106,7676
9849,25327,600
9850,26184,0
9851,26184,0
9852,26184,0
9853,26184,0
9854,6534,25028
9855,26184,0
9856,26184,0
9857,19927,4924
9858,24314,1336
9859,26016,116
9860,26184,0
9861,26184,0
9862,26184,0
9863,20653,4278
9864,26184,0
9865,26184,0
9866,26184,0
9867,26184,0
9868,26184,0
9869,26184,0
9870,25522,462
9871,26184,0
9872,26184,0
9873,26184,0
9874,26184,0
9875,24449,1236
9876,26115,48
9877,18747,6024
9878,23028,2316
9879,26184,0
9880,26184,0
9881,26184,0
9882,26184,0
9883,26184,0
9884,26184,0
9885,23339,2074
9886,26184,0
9887,26184,0
9888,24871,928
9889,24534,1174
9890,26184,0
9891,26184,0
9892,26184,0
9893,13740,11626
9894,22210,2968
9895,26184,0
9896,25288,628
9897,26184,0
9898,26184,0
9899,26184,0
9900,19646,5180
9901,25120,748
9902,26184,0
9903,26184,0
9904,23929,1624
9905,26184,0
9906,26184,0
9907,26184,0
9908,26184,0
9909,23236,2154
9910,26184,0
9911,26184,0
9912,26184,0
9913,26184,0
9914,26184,0
9915,23789,1730
9916,26184,0
9917,26184,0
9918,26184,0
9919,26184,0
9920,25942,168
9921,26184,0
9922,26184,0
9923,26184,0
9924,26184,0
9925,26184,0
9926,23182,2196
9927,26184,0
9928,19572,5248
9929,25471,498
9930,22754,2532
9931,20946,4024
9932,26184,0
9933,25664,362
9934,26184,0
9935,26184,0
9936,25718,324
9937,26184,0
9938,15354,9624
9939,26184,0
9940,26184,0
9941,26045,96
9942,26184,0
9943,26184,0
9944,26184,0
9945,26077,74
9946,26184,0
9947,26184,0
9948,26184,0
9949,25126,744
9950,26184,0
9951,24876,924
9952,26184,0
9953,26184,0
9954,26184,0
9955,25525,460
9956,25861,224
9957,26184,0
9958,26184,0
9959,26184,0
9960,26184,0
9961,26184,0
9962,26184,0
9963,26184,0
9964,26184,0
9965,26184,0
9966,26184,0
9967,26184,0
9968,26184,0
9969,26184,0
9970,26184,0
9971,26184,0
9972,26115,48
9973,26184,0
9974,26184,0
9975,23120,2244
9976,25148,728
9977,26184,0
9978,23269,2128
9979,24802,978
9980,26184,0
9981,26184,0
9982,25855,228
9983,17458,7308
9984,26184,0
9985,26184,0
9986,24441,1242
9987,26184,0
9988,26184,0
9989,26184,0
9990,26184,0
9991,26184,0
9992,26184,0
9993,26144,28
9994,26184,0
9995,26184,0
9996,26184,0
9997,26184,0
9998,26184,0
9999,5564,27924
10000,25985,138
10001,26184,0
10002,23518,1936
10003,26184,0
10004,26184,0
10005,26184,0
10006,26184,0
10007,26184,0
10008,25460,506
10009,26184,0
10010,25749,302
10011,26184,0
10012,26184,0
10013,26184,0
10014,25519,464
10015,26184,0
10016,26184,0
10017,25576,424
10018,26184,0
10019,26074,76
10020,26184,0
10021,26184,0
10022,26184,0
10023,26184,0
10024,26184,0
10025,26184,0
10026,24656,1084
10027,26184,0
10028,24466,1224
10029,26184,0
10030,26184,0
10031,26184,0
10032,26184,0
10033,25542,448
10034,25120,748
10035,26184,0
10036,26184,0
10037,26184,0
10038,26184,0
10039,26184,0
10040,26184,0
10041,26184,0
10042,26184,0
10043,24330,1324
10044,26184,0
10045,26184,0
10046,26184,0
10047,26184,0
10048,26184,0
10049,26184,0
10050,26184,0
10051,26184,0
10052,16338,8504
10053,26184,0
10054,18372,6388
10055,26184,0
10056,26184,0
10057,26184,0
10058,26184,0
10059,26184,0
10060,26184,0
10061,18065,6692
10062,26184,0
10063,26077,74
10064,26184,0
10065,25855,228
10066,26184,0
10067,26184,0
10068,26184,0
10069,26184,0
10070,26184,0
10071,24384,1284
10072,26184,0
10073,25056,794
10074,26184,0
10075,26184,0
10076,26184,0
10077,26184,0
10078,23025,2318
10079,22378,2832
10080,25249,656
10081,25798,268
10082,26184,0
10083,26184,0
10084,26184,0
10085,26184,0
10086,26184,0
10087,26184,0
10088,26184,0
10089,26184,0
10090,26184,0
10091,26184,0
10092,24876,924
10093,26184,0
10094,26184,0
10095,26184,0
10096,26184,0
10097,22759,2528
10098,26184,0
10099,25400,548
10100,26184,0
10101,26184,0
10102,26184,0
10103,26184,0
10104,26184,0
10105,26184,0
10106,22264,2924
10107,24706,1048
10108,26184,0
10109,26184,0
10110,22628,2632
10111,26184,0
10112,26184,0
10113,26184,0
10114,26184,0
10115,26184,0
10116,26184,0
10117,26184,0
10118,26184,0
10119,23871,1668
10120,26184,0
10121,26184,0
10122,26184,0
10123,24330,1324
10124,26184,0
10125,26184,0
10126,26184,0
10127,25084,774
10128,26184,0
10129,25530,456
10130,25288,628
10131,16786,8016
10132,26184,0
10133,19694,5136
10134,26184,0
10135,26184,0
10136,25832,244
10137,26184,0
10138,26184,0
10139,26184,0
10140,26184,0
10141,26184,0
10142,26184,0
10143,25260,648
10144,15293,9696
10145,26184,0
10146,25584,418
10147,26184,0
10148,25613,398
10149,25148,728
10150,26184,0
10151,26184,0
10152,24810,972
10153,26184,0
10154,26184,0
10155,26184,0
10156,1556,50896
10157,26184,0
10158,25229,670
10159,26184,0
10160,24832,956
10161,20209,4670
10162,26184,0
10163,25947,164
10164,26184,0
10165,26184,0
10166,26184,0
10167,24449,1236
10168,26184,0
10169,24477,1216
10170,25547,444
10171,26184,0
10172,26184,0
10173,24739,1024
10174,26184,0
10175,26184,0
10176,26184,0
10177,26184,0
10178,25576,424
10179,26184,0
10180,26184,0
10181,20946,4024
10182,26184,0
10183,26184,0
10184,26184,0
10185,19197,5596
10186,26184,0
10187,26184,0
10188,26184,0
10189,26184,0
10190,26184,0
10191,26184,0
10192,26184,0
10193,26184,0
10194,26121,44
10195,23786,1732
10196,17830,6928
10197,25718,324
10198,25154,724
10199,26184,0
10200,26184,0
10201,24807,974
10202,26184,0
10203,23107,2254
10204,1,108346
10205,86,103012
10206,24062,1524
10207,26184,0
10208,26150,24
10209,24654,1086
10210,24569,1148
10211,26184,0
10212,26184,0
10213,26184,0
10214,26184,0
10215,24166,1446
10216,25434,524
10217,25361,576
10218,26184,0
10219,26184,0
10220,26184,0
10221,26184,0
10222,26184,0
10223,25584,418
10224,15429,9536
10225,26016,116
10226,26184,0
10227,26184,0
10228,26184,0
10229,26184,0
10230,26184,0
10231,25855,228
10232,25999,128
10233,26184,0
10234,26115,48
10235,26184,0
10236,26184,0
10237,25718,324
10238,26184,0
10239,25087,772
10240,25505,474
10241,21943,3186
10242,26184,0
10243,26086,68
10244,26184,0
10245,26184,0
10246,26184,0
10247,24190,1428
10248,26184,0
10249,26184,0
10250,26184,0
10251,26184,0
10252,26184,0
10253,353,77640
10254,26184,0
10255,26184,0
10256,26184,0
10257,26184,0
10258,26184,0
10259,26184,0
10260,26184,0
10261,26184,0
10262,26184,0
10263,25159,720
10264,26184,0
10265,20077,4788
10266,22967,2364
10267,26184,0
10268,26184,0
10269,26184,0
10270,26184,0
10271,26184,0
10272,26184,0
10273,26184,0
10274,26184,0
10275,24763,1006
10276,26184,0
10277,16704,8104
10278,26184,0
10279,25260,648
10280,26184,0
10281,26184,0
10282,25641,378
10283,23440,1996
10284,26184,0
10285,26184,0
10286,26184,0
10287,26184,0
10288,26184,0
10289,26184,0
10290,26184,0
10291,24290,1354
10292,26184,0
10293,26184,0
10294,26184,0
10295,26184,0
10296,25530,456
10297,26184,0
10298,25429,528
10299,26184,0
10300,26184,0
10301,23855,1680
10302,26184,0
10303,26184,0
10304,26184,0
10305,26184,0
10306,26184,0
10307,26121,44
10308,26184,0
10309,26184,0
10310,26184,0
10311,9519,18244
10312,25294,624
10313,25434,524
10314,26184,0
10315,26184,0
10316,26184,0
10317,1048,58024
10318,26184,0
10319,23373,2048
10320,26184,0
10321,19074,5712
10322,25294,624
10323,26184,0
10324,26184,0
10325,26184,0
10326,26184,0
10327,26184,0
10328,25051,798
10329,26184,0
10330,26184,0
10331,24984,846
10332,26184,0
10333,26184,0
10334,26184,0
10335,26184,0
10336,26184,0
10337,26184,0
10338,26103,56
10339,26184,0
10340,26184,0
10341,25477,494
10342,26184,0
10343,26184,0
10344,25576,424
10345,26184,0
10346,25547,444
10347,26184,0
10348,26184,0
10349,26184,0
10350,26184,0
10351,18594,6172
10352,26184,0
10353,26184,0
10354,26184,0
10355,26184,0
10356,26184,0
10357,18969,5812
10358,26184,0
10359,23373,2048
10360,19427,5382
10361,26184,0
10362,26184,0
10363,16716,8092
10364,26144,28
10365,25690,344
10366,26184,0
10367,24196,1424
10368,26184,0
10369,26184,0
10370,26184,0
10371,25012,826
10372,26184,0
10373,26184,0
10374,26184,0
10375,26184,0
10376,26184,0
10377,26150,24
10378,24987,844
10379,23539,1920
10380,3010,39004
10381,26184,0
10382,26184,0
10383,25559,436
10384,20946,4024
10385,19489,5324
10386,26184,0
10387,22774,2516
10388,26184,0
10389,26184,0
10390,26184,0
10391,26184,0
10392,22967,2364
10393,26184,0
10394,26184,0
10395,26184,0
10396,26184,0
10397,26184,0
10398,26184,0
10399,23259,2136
10400,26184,0
10401,26184,0
10402,25282,632
10403,26184,0
10404,26184,0
10405,26150,24
10406,26184,0
10407,23534,1924
10408,26184,0
10409,25758,296
10410,26184,0
10411,26184,0
10412,25477,494
10413,26184,0
10414,26184,0
10415,12676,13080
10416,26184,0
10417,26184,0
10418,25406,544
10419,26184,0
10420,26184,0
10421,26184,0
10422,25959,156
10423,26184,0
10424,26184,0
10425,18352,6408
10426,26184,0
10427,24774,998
10428,26184,0
10429,25157,722
10430,1,259158
10431,26184,0
10432,26184,0
10433,26184,0
10434,26184,0
10435,26184,0
10436,26184,0
10437,26184,0
10438,25832,244
10439,19403,5404
10440,22513,2724
10441,22548,2696
10442,26184,0
10443,26184,0
10444,26184,0
10445,26184,0
10446,23924,1628
10447,26184,0
10448,26184,0
10449,26184,0
10450,26184,0
10451,26184,0
10452,20900,4064
10453,26184,0
10454,26184,0
10455,25798,268
10456,26184,0
10457,26184,0
10458,26184,0
10459,26184,0
10460,26184,0
10461,26184,0
10462,26184,0
10463,26184,0
10464,26184,0
10465,26184,0
10466,25173,710
10467,26132,36
10468,26184,0
10469,25221,676
10470,24918,894
10471,26184,0
10472,25277,636
10473,26184,0
10474,26184,0
10475,26184,0
10476,26184,0
10477,26184,0
10478,22797,2498
10479,26184,0
10480,26184,0
10481,26184,0
10482,25741,308
10483,26184,0
10484,26184,0
10485,26184,0
10486,26184,0
10487,23246,2146
10488,26184,0
10489,26184,0
10490,26184,0
10491,26184,0
10492,25718,324
10493,26184,0
10494,25505,474
10495,26184,0
10496,26184,0
10497,25406,544
10498,26184,0
10499,25471,498
10500,26184,0
10501,26184,0
10502,26184,0
10503,26184,0
10504,26184,0
10505,26184,0
10506,25727,318
10507,24733,1028
10508,26184,0
10509,26121,44
10510,25821,252
10511,20162,4712
10512,25970,148
10513,22080,3074
10514,26184,0
10515,26184,0
10516,26184,0
10517,26184,0
10518,26184,0
10519,26184,0
10520,26184,0
10521,26184,0
10522,26184,0
10523,26184,0
10524,26184,0
10525,26184,0
10526,22638,2624
10527,24325,1328
10528,24575,1144
10529,25087,772
10530,26184,0
10531,26184,0
10532,25570,428
10533,26184,0
10534,25277,636
10535,26184,0
10536,23746,1762
10537,24708,1046
10538,25792,272
10539,26184,0
10540,26184,0
10541,26184,0
10542,26184,0
10543,26184,0
10544,26184,0
10545,19215,5580
10546,26184,0
10547,26184,0
10548,26184,0
10549,26184,0
10550,26184,0
10551,26184,0
10552,26184,0
10553,23404,2024
10554,26184,0
10555,26184,0
10556,25434,524
10557,26184,0
10558,26184,0
10559,26184,0
10560,25190,698
10561,23897,1648
10562,26184,0
10563,26184,0
10564,24430,1250
10565,21345,3684
10566,26184,0
10567,24393,1278
10568,26184,0
10569,26184,0
10570,26184,0
10571,26184,0
10572,26184,0
10573,25491,484
10574,26184,0
10575,26184,0
10576,22625,2634
10577,25559,436
10578,26184,0
10579,26184,0
10580,26184,0
10581,21715,3374
10582,26184,0
10583,26184,0
10584,26150,24
10585,26184,0
10586,21583,3484
10587,26184,0
10588,23130,2236
10589,26184,0
10590,23881,1660
10591,24542,1168
10592,24893,912
10593,26184,0
10594,26184,0
10595,26184,0
10596,20523,4392
10597,26184,0
10598,24355,1306
10599,25123,746
10600,26184,0
10601,26184,0
10602,26184,0
10603,26184,0
10604,26184,0
10605,26184,0
10606,26184,0
10607,26184,0
10608,26184,0
10609,26184,0
10610,26184,0
10611,26184,0
10612,26184,0
10613,26184,0
10614,23503,1948
10615,26184,0
10616,26184,0
10617,24670,1074
10618,20512,4402
10619,25015,824
10620,24954,868
10621,24780,994
10622,20471,4438
10623,26184,0
10624,26184,0
10625,26184,0
10626,26184,0
10627,26184,0
10628,25855,228
10629,23660,1828
10630,26184,0
10631,26184,0
10632,23115,2248
10633,26184,0
10634,26184,0
10635,25294,624
10636,26184,0
10637,26184,0
10638,26184,0
10639,22814,2484
10640,9767,17780
10641,26150,24
10642,26184,0
10643,23812,1712
10644,26184,0
10645,26184,0
10646,26184,0
10647,26184,0
10648,26184,0
10649,26184,0
10650,26184,0
10651,26184,0
10652,26184,0
10653,26184,0
10654,26184,0
10655,26184,0
10656,26184,0
10657,26184,0
10658,20207,4672
10659,26184,0
10660,25542,448
10661,26184,0
10662,21424,3618
10663,26184,0
10664,26184,0
10665,26184,0
10666,26184,0
10667,26184,0
10668,26184,0
10669,26034,104
10670,26184,0
10671,26184,0
10672,26184,0
10673,25051,798
10674,26184,0
10675,26184,0
10676,26184,0
10677,26184,0
10678,26184,0
10679,25126,744
10680,26184,0
10681,22508,2728
10682,26184,0
10683,26184,0
10684,26184,0
10685,26184,0
10686,26184,0
10687,21574,3492
10688,26150,24
10689,26184,0
10690,26184,0
10691,26184,0
10692,26184,0
10693,24460,1228
10694,26184,0
10695,26184,0
10696,26184,0
10697,26184,0
10698,26184,0
10699,26184,0
10700,26184,0
10701,26184,0
10702,26184,0
10703,26184,0
10704,26184,0
10705,26184,0
10706,26184,0
10707,26184,0
10708,26184,0
10709,26184,0
10710,26184,0
10711,24706,1048
10712,26184,0
10713,26184,0
10714,25747,304
10715,26184,0
10716,26184,0
10717,26184,0
10718,26184,0
10719,26144,28
10720,26184,0
10721,25976,144
10722,22835,2468
10723,26184,0
10724,23179,2198
10725,23274,2124
10726,26184,0
10727,26184,0
10728,26184,0
10729,26184,0
10730,26184,0
10731,18944,5836
10732,26184,0
10733,26184,0
10734,26184,0
10735,24349,1310
10736,25832,244
10737,22126,3036
10738,26184,0
10739,26184,0
10740,26184,0
10741,24515,1188
10742,26184,0
10743,26184,0
10744,26184,0
10745,23174,2202
10746,26184,0
10747,25861,224
10748,26184,0
10749,26184,0
10750,25120,748
10751,26184,0
10752,26184,0
10753,17493,7272
10754,26184,0
10755,21650,3428
10756,25375,566
10757,26184,0
10758,26184,0
10759,26184,0
10760,26184,0
10761,26184,0
10762,26184,0
10763,26184,0
10764,26184,0
10765,25712,328
10766,26184,0
10767,25154,724
10768,26184,0
10769,26184,0
10770,25684,348
10771,26184,0
10772,26184,0
10773,25023,818
10774,25724,320
10775,26184,0
10776,26184,0
10777,25277,636
10778,26184,0
10779,26184,0
10780,26184,0
10781,26184,0
10782,26184,0
10783,26184,0
10784,25959,156
10785,26184,0
10786,26184,0
10787,26184,0
10788,26184,0
10789,25434,524
10790,24987,844
10791,26184,0
10792,26184,0
10793,22151,3016
10794,25434,524
10795,26077,74
10796,26184,0
10797,26184,0
10798,1624,50128
10799,26184,0
10800,26184,0
10801,26184,0
10802,26184,0
10803,26184,0
10804,26184,0
10805,26184,0
10806,26184,0
10807,21531,3528
10808,23120,2244
10809,26184,0
10810,19315,5486
10811,26184,0
10812,6365,25500
10813,26184,0
10814,26184,0
10815,23668,1822
10816,26184,0
10817,26184,0
10818,24089,1504
10819,26184,0
10820,26184,0
10821,26184,0
10822,26184,0
10823,26184,0
10824,26184,0
10825,26184,0
10826,26184,0
10827,26184,0
10828,23863,1674
10829,25154,724
10830,26184,0
10831,24918,894
10832,26184,0
10833,26184,0
10834,26184,0
10835,26184,0
10836,26184,0
10837,26184,0
10838,26184,0
10839,26184,0
10840,26184,0
10841,26184,0
10842,26184,0
10843,25576,424
10844,12347,13554
10845,21331,3696
10846,26184,0
10847,26184,0
10848,13451,12010
10849,26184,0
10850,26184,0
10851,26184,0
10852,26184,0
10853,14869,10202
10854,26184,0
10855,26184,0
10856,26184,0
10857,26184,0
10858,23881,1660
10859,26184,0
10860,26184,0
10861,26184,0
10862,26184,0
10863,26184,0
10864,26184,0
10865,26184,0
10866,26184,0
10867,26184,0
10868,26184,0
10869,26184,0
10870,24843,948
10871,25120,748
10872,26184,0
10873,26184,0
10874,26184,0
10875,26184,0
10876,20960,4012
10877,26184,0
10878,26184,0
10879,26184,0
10880,26184,0
10881,25282,632
10882,26184,0
10883,26184,0
10884,26184,0
10885,26184,0
10886,26184,0
10887,24263,1374
10888,13742,11624
10889,25718,324
10890,26184,0
10891,26184,0
10892,25193,696
10893,26184,0
10894,26184,0
10895,26184,0
10896,25101,762
10897,26184,0
10898,26184,0
10899,26184,0
10900,14585,10550
10901,25942,168
10902,26184,0
10903,26184,0
10904,24164,1448
10905,24987,844
10906,25260,648
10907,26184,0
10908,26184,0
10909,26048,94
10910,26184,0
10911,26184,0
10912,26184,0
10913,26184,0
10914,25327,600
10915,26184,0
10916,26184,0
10917,26184,0
10918,26184,0
10919,26184,0
10920,26184,0
10921,23918,1632
10922,26184,0
10923,26184,0
10924,25434,524
10925,23094,2264
10926,24739,1024
10927,26184,0
10928,26184,0
10929,26184,0
10930,26184,0
10931,25570,428
10932,26184,0
10933,24637,1098
10934,23013,2328
10935,26184,0
10936,26184,0
10937,26184,0
10938,19009,5774
10939,24678,1068
10940,26184,0
10941,26184,0
10942,26184,0
10943,26184,0
10944,26184,0
10945,23259,2136
10946,20796,4154
10947,25542,448
10948,26184,0
10949,26184,0
10950,26184,0
10951,26184,0
10952,26184,0
10953,25015,824
10954,25647,374
10955,22665,2602
10956,22490,2742
10957,26184,0
10958,22759,2528
10959,25358,578
10960,24596,1128
10961,25434,524
10962,25855,228
10963,26184,0
10964,26184,0
10965,21331,3696
10966,26184,0
10967,26184,0
10968,18285,6474
10969,26184,0
10970,26184,0
10971,26184,0
10972,26184,0
10973,26184,0
10974,26184,0
10975,26184,0
10976,26184,0
10977,26184,0
10978,21822,3286
10979,26184,0
10980,24569,1148
10981,26184,0
10982,26184,0
10983,26184,0
10984,25855,228
10985,26184,0
10986,26184,0
10987,20086,4780
10988,26184,0
10989,26184,0
10990,26184,0
10991,25415,538
10992,23272,2126
10993,26184,0
10994,25294,624
10995,20933,4036
10996,25542,448
10997,26184,0
10998,26184,0
10999,26184,0
11000,26184,0
11001,26184,0
11002,26184,0
11003,26184,0
11004,26184,0
11005,26184,0
11006,26184,0
11007,26184,0
11008,25712,328
11009,7107,23512
11010,24843,948
11011,26184,0
11012,25547,444
11013,19702,5128
11014,26184,0
11015,24719,1038
11016,26184,0
11017,25930,176
11018,26184,0
11019,26184,0
11020,26184,0
11021,25488,486
11022,26184,0
11023,23259,2136
11024,26184,0
11025,25832,244
11026,26184,0
11027,26184,0
11028,23130,2236
11029,26184,0
11030,24460,1228
11031,23953,1606
11032,26184,0
11033,26184,0
11034,25933,174
11035,24739,1024
11036,1127,56710
11037,26184,0
11038,26184,0
11039,25847,234
11040,26184,0
11041,26184,0
11042,26184,0
11043,26184,0
11044,25559,436
11045,25079,778
11046,26184,0
11047,26184,0
11048,18485,6278
11049,26184,0
11050,26184,0
11051,26184,0
11052,26184,0
11053,26184,0
11054,26184,0
11055,26184,0
11056,16590,8228
11057,26184,0
11058,23197,2184
11059,26184,0
11060,26184,0
11061,26184,0
11062,26184,0
11063,26184,0
11064,26184,0
11065,26184,0
11066,26184,0
11067,26184,0
11068,25976,144
11069,26184,0
11070,25266,644
11071,26184,0
11072,26184,0
11073,26184,0
11074,26184,0
11075,25927,178
11076,17364,7406
11077,26184,0
11078,19740,5094
11079,26184,0
11080,26184,0
11081,25927,178
11082,26184,0
11083,26184,0
11084,26184,0
11085,26184,0
11086,26184,0
11087,26184,0
11088,26184,0
11089,26184,0
11090,24379,1288
11091,26042,98
11092,26063,84
11093,26077,74
11094,26184,0
11095,11036,15578
11096,26184,0
11097,22523,2716
11098,25288,628
11099,26184,0
11100,26184,0
11101,26184,0
11102,23025,2318
11103,26184,0
11104,26184,0
11105,26184,0
11106,26184,0
11107,26184,0
11108,26184,0
11109,23675,1816
11110,26184,0
11111,24904,904
11112,26184,0
11113,26184,0
11114,20872,4088
11115,26184,0
11116,25522,462
11117,26184,0
11118,22225,2956
11119,26150,24
11120,23130,2236
11121,26184,0
11122,26184,0
11123,1595,50448
11124,26184,0
11125,26184,0
11126,25429,528
11127,26184,0
11128,26184,0
11129,26014,118
11130,26184,0
11131,26184,0
11132,26184,0
11133,26184,0
11134,26184,0
11135,26184,0
11136,26184,0
11137,26184,0
11138,26184,0
11139,26184,0
11140,26184,0
11141,26184,0
11142,26184,0
11143,26184,0
11144,26184,0
11145,26184,0
11146,18285,6474
11147,26184,0
11148,25576,424
11149,26184,0
11150,23503,1948
11151,26184,0
11152,26184,0
11153,26184,0
11154,26184,0
11155,26184,0
11156,25993,132
11157,26184,0
11158,26184,0
11159,26184,0
11160,26184,0
11161,25429,528
11162,26184,0
11163,26184,0
11164,26184,0
11165,25294,624
11166,17591,7172
11167,26184,0
11168,26184,0
11169,26184,0
11170,25381,562
11171,23440,1996
11172,26184,0
11173,26184,0
11174,25596,410
11175,26184,0
11176,26184,0
11177,24818,966
11178,25305,616
11179,26184,0
11180,26184,0
11181,26184,0
11182,26184,0
11183,26184,0
11184,26184,0
11185,25647,374
11186,26184,0
11187,25513,468
11188,26184,0
11189,26184,0
11190,26184,0
11191,26184,0
11192,26184,0
11193,26184,0
11194,26066,82
11195,24196,1424
11196,26184,0
11197,26184,0
11198,26184,0
11199,22388,2824
11200,26184,0
11201,26184,0
11202,24907,902
11203,25573,426
11204,23731,1774
11205,25718,324
11206,26184,0
11207,26184,0
11208,26184,0
11209,23924,1628
11210,26184,0
11211,26184,0
11212,26184,0
11213,24846,946
11214,25672,356
11215,26184,0
11216,26184,0
11217,26184,0
11218,26184,0
11219,25148,728
11220,26184,0
11221,26184,0
11222,25429,528
11223,26184,0
11224,24169,1444
11225,26184,0
11226,25576,424
11227,7320,22980
11228,26184,0
11229,24062,1524
11230,23269,2128
11231,26184,0
11232,25644,376
11233,16822,7978
11234,26184,0
11235,26184,0
11236,25919,184
11237,26184,0
11238,25154,724
11239,25525,460
11240,26184,0
11241,26184,0
11242,26184,0
11243,24637,1098
11244,26144,28
11245,25924,180
11246,24298,1348
11247,24309,1340
11248,24228,1400
11249,26184,0
11250,26184,0
11251,26184,0
11252,22235,2948
11253,26184,0
11254,25684,348
11255,25254,652
11256,26184,0
11257,26184,0
11258,26184,0
11259,25277,636
11260,21641,3436
11261,26184,0
11262,26184,0
11263,1593,50474
11264,25647,374
11265,26184,0
11266,26184,0
11267,26184,0
11268,24885,918
11269,26184,0
11270,18743,6028
11271,26184,0
11272,26184,0
11273,26184,0
11274,25358,578
11275,25288,628
11276,26184,0
11277,26184,0
11278,26184,0
11279,26184,0
11280,26184,0
11281,26184,0
11282,25120,748
11283,26184,0
11284,25015,824
11285,26184,0
11286,26184,0
11287,25861,224
11288,26184,0
11289,24739,1024
11290,26184,0
11291,26184,0
11292,26184,0
11293,26184,0
11294,26184,0
11295,26184,0
11296,26184,0
11297,18348,6412
11298,26184,0
11299,26184,0
11300,26077,74
11301,26184,0
11302,25488,486
11303,26184,0
11304,26184,0
11305,26184,0
11306,26184,0
11307,25266,644
11308,25855,228
11309,26184,0
11310,22759,2528
11311,26184,0
11312,26184,0
11313,26184,0
11314,26184,0
11315,26184,0
11316,26184,0
11317,26184,0
11318,26184,0
11319,26184,0
11320,26184,0
11321,26184,0
11322,24970,856
11323,26184,0
11324,26184,0
11325,26184,0
11326,26184,0
11327,26184,0
11328,26184,0
11329,26184,0
11330,26184,0
11331,9353,18560
11332,26184,0
11333,26184,0
11334,25933,174
11335,26184,0
11336,24236,1394
11337,26184,0
11338,26184,0
11339,26184,0
11340,26184,0
11341,26077,74
11342,1518,51344
11343,26184,0
11344,26184,0
11345,26184,0
11346,25224,674
11347,26184,0
11348,26184,0
11349,26184,0
11350,26184,0
11351,26184,0
11352,24739,1024
11353,26184,0
11354,26184,0
11355,24078,1512
11356,26184,0
11357,26184,0
11358,26184,0
11359,26184,0
11360,26184,0
11361,26184,0
11362,26184,0
11363,23770,1744
11364,26184,0
11365,26184,0
11366,24585,1136
11367,26184,0
11368,26184,0
11369,26184,0
11370,26184,0
11371,13917,11396
11372,26184,0
11373,24190,1428
11374,26184,0
11375,26184,0
11376,26184,0
11377,23534,1924
11378,26184,0
11379,26184,0
11380,26184,0
11381,26184,0
11382,26184,0
11383,26184,0
11384,24689,1060
11385,26184,0
11386,25288,628
11387,24242,1390
11388,25048,800
11389,25861,224
11390,24987,844
11391,26184,0
11392,26184,0
11393,18336,6424
11394,26184,0
11395,19405,5402
11396,26184,0
11397,26184,0
11398,26184,0
11399,21474,3576
11400,26184,0
11401,24330,1324
11402,26184,0
11403,26184,0
11404,24490,1206
11405,23924,1628
11406,26184,0
11407,26184,0
11408,26184,0
11409,26184,0
11410,26184,0
11411,26184,0
11412,26184,0
11413,24398,1274
11414,96,101068
11415,26184,0
11416,26184,0
11417,26184,0
11418,26184,0
11419,26184,0
11420,24670,1074
11421,26184,0
11422,26184,0
11423,22888,2426
11424,26184,0
11425,26184,0
11426,1252,54818
11427,26184,0
11428,26184,0
11429,26184,0
11430,26184,0
11431,26184,0
11432,26184,0
11433,26184,0
11434,26150,24
11435,26184,0
11436,23243,2148
11437,26184,0
11438,26184,0
11439,26184,0
11440,25488,486
11441,26184,0
11442,23326,2084
11443,23218,2168
11444,26184,0
11445,26184,0
11446,26184,0
11447,26184,0
11448,22923,2398
11449,26184,0
11450,26184,0
11451,26184,0
11452,26184,0
11453,26184,0
11454,26184,0
11455,26184,0
11456,19572,5248
11457,24558,1156
11458,26184,0
11459,26184,0
11460,26184,0
11461,26184,0
11462,26184,0
11463,26184,0
11464,25684,348
11465,26184,0
11466,23404,2024
11467,26184,0
11468,26184,0
11469,26184,0
11470,26184,0
11471,25690,344
11472,21533,3526
11473,26184,0
11474,26184,0
11475,26184,0
11476,26184,0
11477,26144,28
11478,23699,1798
11479,26184,0
11480,26184,0
11481,26184,0
11482,26184,0
11483,26184,0
11484,26184,0
11485,26184,0
11486,26184,0
11487,26184,0
11488,23146,2224
11489,19489,5324
11490,26184,0
11491,23243,2148
11492,26184,0
11493,25613,398
11494,26184,0
11495,26184,0
11496,26184,0
11497,26184,0
11498,26184,0
11499,26005,124
11500,26184,0
11501,26077,74
11502,26184,0
11503,26184,0
11504,25193,696
11505,25861,224
11506,26184,0
11507,26184,0
11508,26184,0
11509,26184,0
11510,24711,1044
11511,16612,8204
11512,26184,0
11513,25260,648
11514,26184,0
11515,26184,0
11516,22855,2452
11517,26184,0
11518,26184,0
11519,26184,0
11520,26184,0
11521,26184,0
11522,26184,0
11523,20189,4688
11524,26184,0
11525,25844,236
11526,25151,726
11527,25126,744
11528,25316,608
11529,26184,0
11530,21431,3612
11531,26184,0
11532,23924,1628
11533,26184,0
11534,26184,0
11535,26184,0
11536,25358,578
11537,26184,0
11538,26184,0
11539,24132,1472
11540,22890,2424
11541,26184,0
11542,26184,0
11543,25505,474
11544,26184,0
11545,26184,0
11546,20528,4388
11547,26184,0
11548,25406,544
11549,26184,0
11550,25218,678
11551,25477,494
11552,26184,0
11553,26184,0
11554,22296,2898
11555,26184,0
11556,26184,0
11557,26184,0
11558,26184,0
11559,25644,376
11560,26184,0
11561,26184,0
11562,26184,0
11563,24035,1544
11564,26184,0
11565,21084,3906
11566,26184,0
11567,25333,596
11568,25148,728
11569,26184,0
11570,25288,628
11571,26184,0
11572,26184,0
11573,26184,0
11574,15698,9224
11575,26184,0
11576,26184,0
11577,26184,0
11578,26184,0
11579,25907,192
11580,26184,0
11581,26184,0
11582,26184,0
11583,26184,0
11584,21246,3768
11585,26184,0
11586,26184,0
11587,26184,0
11588,26184,0
11589,25358,578
11590,23388,2036
11591,25718,324
11592,25718,324
11593,26184,0
11594,25727,318
11595,26184,0
11596,5889,26902
11597,26184,0
11598,26184,0
11599,26184,0
11600,26184,0
11601,26184,0
11602,19155,5636
11603,26184,0
11604,25744,306
11605,26184,0
11606,26184,0
11607,26184,0
11608,26184,0
11609,23117,2246
11610,26184,0
11611,26184,0
11612,26184,0
11613,25372,568
11614,26184,0
11615,25821,252
11616,26184,0
11617,26184,0
11618,1320,53868
11619,26184,0
11620,25712,328
11621,26184,0
11622,20605,4320
11623,26184,0
11624,26184,0
11625,26184,0
11626,26184,0
11627,25752,300
11628,26184,0
11629,26184,0
11630,26184,0
11631,25976,144
11632,20482,4428
11633,26184,0
11634,26184,0
11635,26184,0
11636,25815,256
11637,25260,648
11638,26184,0
11639,24003,1568
11640,20207,4672
11641,1528,51228
11642,26184,0
11643,24204,1418
11644,24739,1024
11645,26184,0
11646,22405,2810
11647,26184,0
11648,25294,624
11649,26184,0
11650,26184,0
11651,25389,556
11652,26115,48
11653,26184,0
11654,26184,0
11655,26184,0
11656,26184,0
11657,26184,0
11658,26184,0
11659,26184,0
11660,26184,0
11661,22923,2398
11662,26184,0
11663,26184,0
11664,26184,0
11665,26184,0
11666,26184,0
11667,24901,906
11668,26184,0
11669,22259,2928
11670,26184,0
11671,26184,0
11672,17886,6872
11673,26184,0
11674,26184,0
11675,26184,0
11676,24984,846
11677,25999,128
11678,23324,2086
11679,26184,0
11680,26184,0
11681,26184,0
11682,26184,0
11683,26184,0
11684,26184,0
11685,19217,5578
11686,24471,1220
11687,25434,524
11688,26184,0
11689,26184,0
11690,21766,3332
11691,26184,0
11692,17321,7450
11693,26184,0
11694,25718,324
11695,25718,324
11696,26184,0
11697,25429,528
11698,26184,0
11699,25519,464
11700,26184,0
11701,26184,0
11702,20670,4264
11703,26184,0
11704,26184,0
11705,26184,0
11706,26184,0
11707,26184,0
11708,26184,0
11709,27,1000000
11710,22245,2940
11711,23210,2174
11712,26184,0
11713,26184,0
11714,24843,948
11715,26184,0
11716,26184,0
11717,26184,0
11718,26184,0
11719,24637,1098
11720,26184,0
11721,24094,1500
11722,26184,0
11723,24190,1428
11724,19777,5060
11725,18109,6648
11726,26184,0
11727,24871,928
11728,26184,0
11729,1346,53512
11730,26184,0
11731,20482,4428
11732,25576,424
11733,26184,0
11734,26184,0
11735,26184,0
11736,26184,0
11737,26184,0
11738,24062,1524
11739,26184,0
11740,26184,0
11741,26184,0
11742,26184,0
11743,26184,0
11744,26184,0
11745,26150,24
11746,26184,0
11747,26184,0
11748,26184,0
11749,26184,0
11750,22058,3092
11751,26184,0
11752,26184,0
11753,26184,0
11754,26184,0
11755,26184,0
11756,19659,5168
11757,26184,0
11758,26184,0
11759,26184,0
11760,26184,0
11761,26184,0
11762,23770,1744
11763,26184,0
11764,26184,0
11765,26184,0
11766,26184,0
11767,26184,0
11768,25542,448
11769,25718,324
11770,26184,0
11771,26184,0
11772,25701,336
11773,24741,1022
11774,22458,2768
11775,26184,0
11776,26184,0
11777,20464,4444
11778,26184,0
11779,25006,830
11780,26184,0
11781,26184,0
11782,26150,24
11783,24019,1556
11784,26184,0
11785,26184,0
11786,25570,428
11787,26184,0
11788,20426,4478
11789,26184,0
11790,26184,0
11791,26184,0
11792,26184,0
11793,26184,0
11794,26184,0
11795,26184,0
11796,26184,0
11797,26184,0
11798,25471,498
11799,25294,624
11800,26184,0
11801,25434,524
11802,26184,0
11803,21490,3562
11804,19379,5426
11805,26184,0
11806,26184,0
11807,26184,0
11808,26184,0
11809,25832,244
11810,26184,0
11811,26184,0
11812,26184,0
11813,25827,248
11814,25613,398
11815,23534,1924
11816,26184,0
11817,20487,4424
11818,26184,0
11819,26184,0
11820,25647,374
11821,6309,25660
11822,26184,0
11823,23633,1848
11824,26184,0
11825,26184,0
11826,25403,546
11827,26150,24
11828,26184,0
11829,26184,0
11830,26184,0
11831,26184,0
11832,25400,548
11833,25288,628
11834,25576,424
11835,25294,624
11836,26184,0
11837,22453,2772
11838,25294,624
11839,26184,0
11840,25999,128
11841,26184,0
11842,26184,0
11843,26184,0
11844,26184,0
11845,26184,0
11846,26184,0
11847,26184,0
11848,25148,728
11849,26184,0
11850,26184,0
11851,26184,0
11852,24876,924
11853,23929,1624
11854,25009,828
11855,26184,0
11856,26184,0
11857,26184,0
11858,22583,2668
11859,26184,0
11860,21412,3628
11861,26184,0
11862,26184,0
11863,26184,0
11864,25855,228
11865,26184,0
11866,26184,0
11867,26086,68
11868,26184,0
11869,26184,0
11870,26184,0
11871,26184,0
11872,26184,0
11873,26184,0
11874,24684,1064
11875,26184,0
11876,26184,0
11877,26184,0
11878,26184,0
11879,8435,20424
11880,26184,0
11881,26184,0
11882,26184,0
11883,26184,0
11884,25641,378
11885,26184,0
11886,26184,0
11887,26184,0
11888,3490,36332
11889,26184,0
11890,26184,0
11891,24433,1248
11892,26184,0
11893,26184,0
11894,26184,0
11895,25012,826
11896,26184,0
11897,25916,186
11898,26184,0
11899,26184,0
11900,26184,0
11901,26184,0
11902,26184,0
11903,23243,2148
11904,26184,0
11905,26184,0
11906,22764,2524
11907,26184,0
11908,26184,0
11909,26184,0
11910,24722,1036
11911,20407,4494
11912,26184,0
11913,26184,0
11914,26184,0
11915,14338,10858
11916,26184,0
11917,26184,0
11918,26184,0
11919,26184,0
11920,26184,0
11921,25009,828
11922,26184,0
11923,26184,0
11924,26184,0
11925,26184,0
11926,26184,0
11927,26184,0
11928,25904,194
11929,26184,0
11930,26184,0
11931,26184,0
11932,26184,0
11933,26184,0
11934,26184,0
11935,25434,524
11936,26184,0
11937,26184,0
11938,26184,0
11939,26184,0
11940,24758,1010
11941,26184,0
11942,26184,0
11943,26184,0
11944,23280,2120
11945,26184,0
11946,26184,0
11947,7975,21434
11948,26184,0
11949,26184,0
11950,26184,0
11951,26184,0
11952,26184,0
11953,26184,0
11954,26184,0
11955,24003,1568
11956,23857,1678
11957,25712,328
11958,26184,0
11959,26184,0
11960,25827,248
11961,26184,0
11962,26184,0
11963,26184,0
11964,26184,0
11965,26184,0
11966,26184,0
11967,26184,0
11968,1966,46681
11969,24231,1398
11970,23665,1824
11971,26184,0
11972,26184,0
11973,26184,0
11974,26184,0
11975,25098,764
11976,26184,0
11977,26184,0
11978,26184,0
11979,26184,0
11980,26184,0
11981,26184,0
11982,18672,6096
11983,26005,124
11984,25832,244
11985,26184,0
11986,24569,1148
11987,26184,0
11988,20498,4414
11989,25942,168
11990,26184,0
11991,26184,0
11992,26184,0
11993,26184,0
11994,26144,28
11995,26184,0
11996,26184,0
11997,16320,8524
11998,26184,0
11999,25246,658
12000,25621,392
12001,26184,0
12002,22235,2948
12003,26184,0
12004,26184,0
12005,26184,0
12006,26184,0
12007,22771,2518
12008,26184,0
12009,26184,0
12010,26184,0
12011,18234,6524
12012,21536,3524
12013,26184,0
12014,26184,0
12015,26184,0
12016,24057,1528
12017,23791,1728
12018,26184,0
12019,25901,196
12020,26184,0
12021,23207,2176
12022,24091,1502
12023,25347,586
12024,26184,0
12025,26184,0
12026,26184,0
12027,26184,0
12028,26184,0
12029,26184,0
12030,25126,744
12031,26184,0
12032,24940,878
12033,26184,0
12034,26184,0
12035,26184,0
12036,26184,0
12037,26184,0
12038,26184,0
12039,26184,0
12040,25232,668
12041,23485,1962
12042,26150,24
12043,26184,0
12044,26184,0
12045,22311,2886
12046,26184,0
12047,26184,0
12048,26184,0
12049,25999,128
12050,14810,10274
12051,26184,0
12052,26184,0
12053,24654,1086
12054,25148,728
12055,26184,0
12056,1536,51126
12057,26121,44
12058,109,98910
12059,25260,648
12060,26184,0
12061,26184,0
12062,26184,0
12063,25454,510
12064,26184,0
12065,26184,0
12066,26184,0
12067,26184,0
12068,26184,0
12069,26184,0
12070,17736,7024
12071,26184,0
12072,23725,1778
12073,22264,2924
12074,26184,0
12075,25618,394
12076,26184,0
12077,25695,340
12078,26184,0
12079,25499,478
12080,26184,0
12081,22560,2686
12082,26184,0
12083,26184,0
12084,26184,0
12085,22916,2404
12086,26184,0
12087,26184,0
12088,26184,0
12089,24876,924
12090,24868,930
12091,25684,348
12092,26184,0
12093,18222,6536
12094,23018,2324
12095,25976,144
12096,26184,0
12097,25252,654
12098,24774,998
12099,25403,546
12100,26184,0
12101,26184,0
12102,26184,0
12103,19511,5304
12104,26184,0
12105,26184,0
12106,26184,0
12107,26184,0
12108,25266,644
12109,24739,1024
12110,23565,1900
12111,26184,0
12112,25288,628
12113,26184,0
12114,26184,0
12115,25999,128
12116,26184,0
12117,24665,1078
12118,26184,0
12119,26184,0
12120,26184,0
12121,26184,0
12122,26184,0
12123,26184,0
12124,26184,0
12125,26184,0
12126,26184,0
12127,26184,0
12128,26184,0
12129,26184,0
12130,25942,168
12131,7738,21978
12132,26184,0
12133,26184,0
12134,26184,0
12135,26184,0
12136,24526,1180
12137,16152,8710
12138,26184,0
12139,26184,0
12140,26184,0
12141,26184,0
12142,26184,0
12143,26184,0
12144,26184,0
12145,26184,0
12146,26184,0
12147,22513,2724
12148,16436,8396
12149,22036,3110
12150,26103,56
12151,26184,0
12152,22117,3044
12153,20238,4644
12154,26184,0
12155,25942,168
12156,22448,2776
12157,25613,398
12158,26184,0
12159,25235,666
12160,25372,568
12161,24046,1536
12162,21545,3516
12163,26184,0
12164,26184,0
12165,26184,0
12166,26184,0
12167,26184,0
12168,26184,0
12169,26184,0
12170,26184,0
12171,23399,2028
12172,23820,1706
12173,26184,0
12174,26184,0
12175,26184,0
12176,25429,528
12177,24998,836
12178,26184,0
12179,26184,0
12180,25815,256
12181,26184,0
12182,25499,478
12183,26184,0
12184,26184,0
12185,26184,0
12186,26184,0
12187,22396,2818
12188,22435,2786
12189,22890,2424
12190,26184,0
12191,26184,0
12192,26184,0
12193,26184,0
12194,21868,3248
12195,25570,428
12196,89,102418
12197,26184,0
12198,26184,0
12199,26184,0
12200,23786,1732
12201,26184,0
12202,26184,0
12203,26184,0
12204,26184,0
12205,26184,0
12206,24258,1378
12207,26184,0
12208,26184,0
12209,22019,3124
12210,25855,228
12211,26184,0
12212,26184,0
12213,23115,2248
12214,19790,5048
12215,26184,0
12216,907,60620
12217,25400,548
12218,26184,0
12219,26184,0
12220,26184,0
12221,24477,1216
12222,1,231902
12223,25249,656
12224,26184,0
12225,26184,0
12226,26184,0
12227,26184,0
12228,26184,0
12229,23076,2278
12230,26184,0
12231,26184,0
12232,26184,0
12233,26184,0
12234,20933,4036
12235,26184,0
12236,22326,2874
12237,18561,6204
12238,25224,674
12239,26184,0
12240,26184,0
12241,26121,44
12242,24233,1396
12243,26184,0
12244,25664,362
12245,26184,0
12246,23404,2024
12247,20142,4730
12248,26184,0
12249,26184,0
12250,26184,0
12251,25023,818
12252,26184,0
12253,26184,0
12254,23518,1936
12255,26184,0
12256,26184,0
12257,25916,186
12258,26184,0
12259,26184,0
12260,25221,676
12261,26150,24
12262,26184,0
12263,26184,0
12264,26184,0
12265,26184,0
12266,26184,0
12267,26184,0
12268,26184,0
12269,26184,0
12270,24810,972
12271,26184,0
12272,26184,0
12273,25502,476
12274,26184,0
12275,26184,0
12276,26184,0
12277,26184,0
12278,26184,0
12279,26184,0
12280,26184,0
12281,26184,0
12282,26184,0
12283,26184,0
12284,26184,0
12285,22721,2558
12286,24123,1478
12287,26184,0
12288,24596,1128
12289,26014,118
12290,26184,0
12291,26184,0
12292,26184,0
12293,26184,0
12294,26103,56
12295,23775,1740
12296,26057,88
12297,22324,2876
12298,23529,1928
12299,16590,8228
12300,26184,0
12301,26184,0
12302,26184,0
12303,25690,344
12304,26184,0
12305,21040,3944
12306,26184,0
12307,26184,0
12308,26184,0
12309,26184,0
12310,25844,236
12311,26184,0
12312,26184,0
12313,26184,0
12314,26184,0
12315,9172,18912
12316,26184,0
12317,26184,0
12318,26184,0
12319,26184,0
12320,26184,0
12321,26184,0
12322,26184,0
12323,86,103052
12324,26184,0
12325,25056,794
12326,25684,348
12327,26184,0
12328,26184,0
12329,26184,0
12330,26184,0
12331,26184,0
12332,26184,0
12333,26184,0
12334,26184,0
12335,26092,64
12336,26005,124
12337,26184,0
12338,26184,0
12339,15584,9356
12340,26184,0
12341,21298,3724
12342,25618,394
12343,26184,0
12344,26184,0
12345,26184,0
12346,26184,0
12347,26005,124
12348,26184,0
12349,26184,0
12350,26184,0
12351,26184,0
12352,26184,0
12353,26184,0
12354,26184,0
12355,26184,0
12356,26184,0
12357,26184,0
12358,26184,0
12359,26184,0
12360,25798,268
12361,26144,28
12362,26184,0
12363,25400,548
12364,26184,0
12365,26184,0
12366,26184,0
12367,26184,0
12368,24564,1152
12369,25772,286
12370,26184,0
12371,26184,0
12372,26184,0
12373,26184,0
12374,25547,444
12375,26184,0
12376,26184,0
12377,26184,0
12378,26184,0
12379,26184,0
12380,26184,0
12381,26184,0
12382,26184,0
12383,26184,0
12384,22109,3050
12385,26184,0
12386,26184,0
12387,25832,244
12388,26184,0
12389,26184,0
12390,26184,0
12391,26184,0
12392,23018,2324
12393,22633,2628
12394,26184,0
12395,26184,0
12396,26184,0
12397,26184,0
12398,24860,936
12399,24569,1148
12400,26184,0
12401,24857,938
12402,22764,2524
12403,26184,0
12404,17694,7066
12405,26150,24
12406,24763,1006
12407,26184,0
12408,26184,0
12409,12216,13746
12410,25718,324
12411,26184,0
12412,26184,0
12413,26184,0
12414,25861,224
12415,26184,0
12416,26184,0
12417,25542,448
12418,23948,1610
12419,26184,0
12420,26184,0
12421,26184,0
12422,22055,3094
12423,21419,3622
12424,26184,0
12425,26184,0
12426,26071,78
12427,26184,0
12428,26184,0
12429,26184,0
12430,26184,0
12431,20596,4328
12432,23781,1736
12433,26184,0
12434,26184,0
12435,14980,10068
12436,26184,0
12437,26184,0
12438,26184,0
12439,25855,228
12440,24670,1074
12441,25630,386
12442,23863,1674
12443,26184,0
12444,21708,3380
12445,26184,0
12446,26184,0
12447,23269,2128
12448,25576,424
12449,26184,0
12450,13166,12396
12451,25827,248
12452,26184,0
12453,25764,292
12454,19210,5584
12455,20688,4248
12456,26184,0
12457,26184,0
12458,26184,0
12459,26184,0
12460,26184,0
12461,26184,0
12462,26184,0
12463,26184,0
12464,26184,0
12465,26184,0
12466,26184,0
12467,26132,36
12468,26184,0
12469,26184,0
12470,26184,0
12471,25542,448
12472,26184,0
12473,24733,1028
12474,24987,844
12475,26184,0
12476,25844,236
12477,26184,0
12478,25744,306
12479,26184,0
12480,26184,0
12481,13044,12564
12482,25718,324
12483,26184,0
12484,26184,0
12485,26184,0
12486,25109,756
12487,26184,0
12488,26184,0
12489,26184,0
12490,23128,2238
12491,26184,0
12492,17690,7070
12493,26184,0
12494,26184,0
12495,26184,0
12496,23993,1576
12497,26184,0
12498,26184,0
12499,24901,906
12500,26184,0
12501,24046,1536
12502,26184,0
12503,25644,376
12504,26184,0
12505,26184,0
12506,26184,0
12507,26184,0
12508,26184,0
12509,26184,0
12510,23105,2256
12511,26184,0
12512,26184,0
12513,25855,228
12514,26184,0
12515,26184,0
12516,23963,1598
12517,26184,0
12518,26184,0
12519,15775,9136
12520,26184,0
12521,14362,10828
12522,26184,0
12523,26092,64
12524,26184,0
12525,883,61110
12526,26184,0
12527,26144,28
12528,26184,0
12529,26184,0
12530,26184,0
12531,6071,26352
12532,26184,0
12533,26184,0
12534,26184,0
12535,26184,0
12536,26184,0
12537,26184,0
12538,26184,0
12539,25406,544
12540,26184,0
12541,26184,0
12542,26184,0
12543,26184,0
12544,24887,916
12545,26184,0
12546,25249,656
12547,26184,0
12548,26184,0
12549,26184,0
12550,26184,0
12551,25630,386
12552,26184,0
12553,26184,0
12554,25389,556
12555,26184,0
12556,26068,80
12557,25294,624
12558,26184,0
12559,26184,0
12560,26184,0
12561,25927,178
12562,26184,0
12563,25009,828
12564,26184,0
12565,26115,48
12566,26184,0
12567,26184,0
12568,25434,524
12569,26184,0
12570,23373,2048
12571,26184,0
12572,21776,3324
12573,26184,0
12574,26184,0
12575,26184,0
12576,26184,0
12577,26184,0
12578,21653,3426
12579,23443,1994
12580,26184,0
12581,26184,0
12582,26184,0
12583,26184,0
12584,26184,0
12585,17540,7224
12586,26184,0
12587,23670,1820
12588,26184,0
12589,26184,0
12590,1260,54696
12591,21742,3352
12592,26184,0
12593,25738,310
12594,26184,0
12595,6447,25270
12596,26103,56
12597,26184,0
12598,26184,0
12599,26184,0
12600,26184,0
12601,24233,1396
12602,26184,0
12603,26184,0
12604,26184,0
12605,13873,11452
12606,26184,0
12607,22987,2348
12608,26184,0
12609,26184,0
12610,24843,948
12611,26184,0
12612,25015,824
12613,846,61876
12614,23633,1848
12615,26184,0
12616,23534,1924
12617,25695,340
12618,22146,3020
12619,22733,2548
12620,26184,0
12621,26184,0
12622,26184,0
12623,15956,8930
12624,26184,0
12625,25417,536
12626,26184,0
12627,26184,0
12628,26184,0
12629,26184,0
12630,26184,0
12631,26184,0
12632,26184,0
12633,24959,864
12634,26184,0
12635,26184,0
12636,26184,0
12637,26184,0
12638,26184,0
12639,26184,0
12640,23668,1822
12641,25530,456
12642,26184,0
12643,26184,0
12644,26184,0
12645,25698,338
12646,26184,0
12647,26184,0
12648,26184,0
12649,25196,694
12650,25635,382
12651,26184,0
12652,24263,1374
12653,25647,374
12654,26184,0
12655,26184,0
12656,26184,0
12657,26071,78
12658,26184,0
12659,26184,0
12660,25015,824
12661,24739,1024
12662,26184,0
12663,26184,0
12664,26184,0
12665,20784,4164
12666,26184,0
12667,26184,0
12668,26184,0
12669,25170,712
12670,216,86468
12671,25429,528
12672,23675,1816
12673,26184,0
12674,18872,5904
12675,26184,0
12676,26184,0
12677,22087,3068
12678,26184,0
12679,26132,36
12680,26184,0
12681,25650,372
12682,25051,798
12683,25547,444
12684,24915,896
12685,26184,0
12686,26184,0
12687,26184,0
12688,26184,0
12689,24602,1124
12690,26184,0
12691,26184,0
12692,26184,0
12693,26184,0
12694,24962,862
12695,26184,0
12696,26184,0
12697,26184,0
12698,26184,0
12699,26077,74
12700,26184,0
12701,24596,1128
12702,26184,0
12703,26184,0
12704,23243,2148
12705,26184,0
12706,25154,724
12707,24164,1448
12708,26184,0
12709,26184,0
12710,26184,0
12711,21641,3436
12712,26184,0
12713,26184,0
12714,26184,0
12715,26184,0
12716,26184,0
12717,26184,0
12718,25576,424
12719,25417,536
12720,26184,0
12721,25630,386
12722,26184,0
12723,26184,0
12724,15281,9710
12725,26184,0
12726,21469,3580
12727,26184,0
12728,26184,0
12729,26184,0
12730,26184,0
12731,23141,2228
12732,26184,0
12733,26184,0
12734,24599,1126
12735,6258,25806
12736,26184,0
12737,26184,0
12738,25576,424
12739,25417,536
12740,26184,0
12741,26184,0
12742,26184,0
12743,26184,0
12744,26184,0
12745,26184,0
12746,24247,1386
12747,23990,1578
12748,25647,374
12749,26184,0
12750,26184,0
12751,26184,0
12752,26184,0
12753,26184,0
12754,26184,0
12755,24471,1220
12756,26184,0
12757,24401,1272
12758,22028,3116
12759,26184,0
12760,26184,0
12761,26184,0
12762,25434,524
12763,26184,0
12764,22850,2456
12765,26184,0
12766,24398,1274
12767,26184,0
12768,26184,0
12769,2263,44148
12770,26184,0
12771,23897,1648
12772,26184,0
12773,26184,0
12774,26184,0
12775,26184,0
12776,26184,0
12777,26184,0
12778,24807,974
12779,26184,0
12780,26184,0
12781,25294,624
12782,25403,546
12783,26184,0
12784,26184,0
12785,26184,0
12786,26184,0
12787,22114,3046
12788,26005,124
12789,26184,0
12790,26184,0
12791,26184,0
12792,26184,0
12793,26184,0
12794,26184,0
12795,26184,0
12796,26184,0
12797,25570,428
12798,26184,0
12799,26184,0
12800,23602,1872
12801,25176,708
12802,20460,4448
12803,26184,0
12804,26184,0
12805,26184,0
12806,26184,0
12807,26184,0
12808,26184,0
12809,24651,1088
12810,76,105356
12811,8330,20648
12812,26184,0
12813,24526,1180
12814,26184,0
12815,26184,0
12816,25294,624
12817,26184,0
12818,26184,0
12819,23378,2044
12820,22608,2648
12821,26184,0
12822,26184,0
12823,25375,566
12824,26184,0
12825,24156,1454
12826,26184,0
12827,26184,0
12828,26060,86
12829,26184,0
12830,26184,0
12831,13134,12440
12832,24041,1540
12833,26184,0
12834,25126,744
12835,3385,36882
12836,26184,0
12837,25832,244
12838,26045,96
12839,26184,0
12840,26184,0
12841,26184,0
12842,19735,5098
12843,26184,0
12844,25190,698
12845,25647,374
12846,21593,3476
12847,26184,0
12848,26184,0
12849,26184,0
12850,26184,0
12851,18417,6344
12852,26184,0
12853,26184,0
12854,25690,344
12855,26184,0
12856,20858,4100
12857,26184,0
12858,26184,0
12859,26184,0
12860,26184,0
12861,26184,0
12862,26184,0
12863,26184,0
12864,26184,0
12865,21626,3448
12866,26184,0
12867,26184,0
12868,26184,0
12869,26184,0
12870,26184,0
12871,26184,0
12872,26184,0
12873,26184,0
12874,26184,0
12875,26184,0
12876,25126,744
12877,24648,1090
12878,26184,0
12879,25576,424
12880,26184,0
12881,26184,0
12882,26184,0
12883,26184,0
12884,26184,0
12885,24569,1148
12886,25542,448
12887,26184,0
12888,26184,0
12889,24466,1224
12890,26184,0
12891,18631,6136
12892,24558,1156
12893,26184,0
12894,26184,0
12895,25661,364
12896,25417,536
12897,22671,2598
12898,25148,728
12899,26184,0
12900,26184,0
12901,26184,0
12902,26184,0
12903,26184,0
12904,26184,0
12905,26184,0
12906,26184,0
12907,25542,448
12908,25861,224
12909,26184,0
12910,25655,368
12911,24314,1336
12912,26184,0
12913,25294,624
12914,21237,3776
12915,26184,0
12916,26184,0
12917,24860,936
12918,25690,344
12919,26184,0
12920,26184,0
12921,26184,0
12922,26150,24
12923,22693,2580
12924,26184,0
12925,26184,0
12926,26184,0
12927,26184,0
12928,25718,324
12929,26144,28
12930,26184,0
12931,16559,8262
12932,26005,124
12933,26184,0
12934,26184,0
12935,25339,592
12936,26184,0
12937,26184,0
12938,26184,0
12939,25288,628
12940,26184,0
12941,25647,374
12942,26184,0
12943,11396,14998
12944,26184,0
12945,26184,0
12946,26184,0
12947,23399,2028
12948,26184,0
12949,26184,0
12950,26184,0
12951,26184,0
12952,21873,3244
12953,26184,0
12954,26184,0
12955,26184,0
12956,26184,0
12957,26184,0
12958,26184,0
12959,26184,0
12960,26184,0
12961,26184,0
12962,21992,3146
12963,24945,874
12964,23686,1808
12965,26184,0
12966,26184,0
12967,26184,0
12968,25460,506
12969,26184,0
12970,25434,524
12971,24665,1078
12972,26184,0
12973,26184,0
12974,26184,0
12975,26184,0
12976,26184,0
12977,22630,2630
12978,25336,594
12979,25755,298
12980,26184,0
12981,25827,248
12982,26184,0
12983,26184,0
12984,26184,0
12985,23246,2146
12986,24970,856
12987,26184,0
12988,25249,656
12989,26184,0
12990,26184,0
12991,26184,0
12992,26184,0
12993,26184,0
12994,23430,2004
12995,26184,0
12996,26184,0
12997,26184,0
12998,26042,98
12999,23754,1756
13000,26184,0
13001,26184,0
13002,26144,28
13003,26184,0
13004,26184,0
13005,26184,0
13006,26184,0
13007,26184,0
13008,5069,29604
13009,26184,0
13010,26184,0
13011,26184,0
13012,23765,1748
13013,25513,468
13014,26184,0
13015,26184,0
13016,26184,0
13017,26184,0
13018,24536,1172
13019,26184,0
13020,26184,0
13021,26184,0
13022,22829,2472
13023,26150,24
13024,26184,0
13025,25999,128
13026,26184,0
13027,24733,1028
13028,26184,0
13029,26184,0
13030,26184,0
13031,26184,0
13032,26184,0
13033,24802,978
13034,26184,0
13035,21412,3628
13036,26184,0
13037,26184,0
13038,26184,0
13039,26184,0
13040,26184,0
13041,23233,2156
13042,19121,5668
13043,22423,2796
13044,26016,116
13045,26184,0
13046,6390,25428
13047,26184,0
13048,25288,628
13049,25296,622
13050,26184,0
13051,26184,0
13052,26184,0
13053,26184,0
13054,6167,26068
13055,24534,1174
13056,24719,1038
13057,25471,498
13058,26184,0
13059,26184,0
13060,26184,0
13061,19358,5446
13062,26184,0
13063,25576,424
13064,26184,0
13065,26184,0
13066,26184,0
13067,26184,0
13068,26184,0
13069,24807,974
13070,26184,0
13071,26184,0
13072,26184,0
13073,26184,0
13074,25229,670
13075,26184,0
13076,26184,0
13077,26184,0
13078,24788,988
13079,26184,0
13080,26144,28
13081,26184,0
13082,20149,4724
13083,26184,0
13084,25522,462
13085,26184,0
13086,23534,1924
13087,25190,698
13088,26034,104
13089,26184,0
13090,25126,744
13091,26184,0
13092,26184,0
13093,14174,11066
13094,26184,0
13095,26184,0
13096,25260,648
13097,26184,0
13098,20933,4036
13099,26184,0
13100,26184,0
13101,26184,0
13102,26184,0
13103,26184,0
13104,26184,0
13105,26184,0
13106,26184,0
13107,26184,0
13108,25067,786
13109,26184,0
13110,26184,0
13111,25999,128
13112,26184,0
13113,17184,7594
13114,26184,0
13115,26184,0
13116,26184,0
13117,26184,0
13118,26184,0
13119,22598,2656
13120,26184,0
13121,26184,0
13122,26184,0
13123,26184,0
13124,7926,21546
13125,24003,1568
13126,26184,0
13127,26184,0
13128,22756,2530
13129,26184,0
13130,26184,0
13131,25873,216
13132,25288,628
13133,26184,0
13134,26184,0
13135,26184,0
13136,26184,0
13137,26184,0
13138,22498,2736
13139,23440,1996
13140,26184,0
13141,25570,428
13142,24496,1202
13143,26184,0
13144,26184,0
13145,26184,0
13146,24706,1048
13147,26184,0
13148,26184,0
13149,26184,0
13150,22673,2596
13151,26184,0
13152,26184,0
13153,26184,0
13154,26184,0
13155,26115,48
13156,25494,482
13157,26184,0
13158,26184,0
13159,25976,144
13160,16255,8596
13161,26184,0
13162,24536,1172
13163,26184,0
13164,26184,0
13165,26184,0
13166,26184,0
13167,5160,29284
13168,25576,424
13169,26184,0
13170,22324,2876
13171,25775,284
13172,24062,1524
13173,26184,0
13174,25887,206
13175,26184,0
13176,20353,4542
13177,26184,0
13178,26184,0
13179,26184,0
13180,4232,32858
13181,26184,0
13182,26184,0
13183,22545,2698
13184,26184,0
13185,15211,9792
13186,26121,44
13187,22635,2626
13188,26184,0
13189,26184,0
13190,26184,0
13191,26184,0
13192,26184,0
13193,26184,0
13194,26045,96
13195,26184,0
13196,25260,648
13197,26184,0
13198,26184,0
13199,23018,2324
13200,26184,0
13201,26184,0
13202,24876,924
13203,26184,0
13204,26184,0
13205,24196,1424
13206,26184,0
13207,25015,824
13208,26184,0
13209,24945,874
13210,26184,0
13211,24035,1544
13212,26184,0
13213,26184,0
13214,26184,0
13215,20419,4484
13216,22759,2528
13217,26184,0
13218,24536,1172
13219,26184,0
13220,25109,756
13221,26184,0
13222,25260,648
13223,26184,0
13224,26184,0
13225,25015,824
13226,21670,3412
13227,25967,150
13228,22548,2696
13229,26184,0
13230,24667,1076
13231,26184,0
13232,26184,0
13233,26115,48
13234,26184,0
13235,26184,0
13236,25947,164
13237,26184,0
13238,24517,1186
13239,26184,0
13240,26184,0
13241,26184,0
13242,26184,0
13243,23269,2128
13244,26184,0
13245,24943,876
13246,26184,0
13247,26184,0
13248,26184,0
13249,18242,6516
13250,20970,4004
13251,24196,1424
13252,26184,0
13253,26184,0
13254,24190,1428
13255,26184,0
13256,26184,0
13257,26184,0
13258,26184,0
13259,26184,0
13260,26184,0
13261,26184,0
13262,24849,944
13263,25221,676
13264,26184,0
13265,26115,48
13266,26184,0
13267,26184,0
13268,20537,4380
13269,26184,0
13270,23969,1594
13271,26184,0
13272,26184,0
13273,26184,0
13274,26184,0
13275,26184,0
13276,26184,0
13277,25294,624
13278,26184,0
13279,15249,9748
13280,12877,12796
13281,26184,0
13282,25784,278
13283,14789,10300
13284,24536,1172
13285,25294,624
13286,26184,0
13287,25434,524
13288,26184,0
13289,26184,0
13290,26184,0
13291,25641,378
13292,26184,0
13293,26184,0
13294,25641,378
13295,25576,424
13296,26184,0
13297,26184,0
13298,26184,0
13299,15000,10044
13300,26184,0
13301,26184,0
13302,26184,0
13303,14525,10624
13304,26184,0
13305,26184,0
13306,24030,1548
13307,26184,0
13308,24761,1008
13309,26184,0
13310,26184,0
13311,26184,0
13312,13742,11624
13313,26184,0
13314,25434,524
13315,26184,0
13316,26184,0
13317,26184,0
13318,26184,0
13319,26184,0
13320,26184,0
13321,1,893482
13322,26184,0
13323,26184,0
13324,26184,0
13325,26184,0
13326,24046,1536
13327,24588,1134
13328,26184,0
13329,25701,336
13330,23013,2328
13331,26184,0
13332,1939,46930
13333,26184,0
13334,26184,0
13335,26184,0
13336,25471,498
13337,24303,1344
13338,24506,1194
13339,26184,0
13340,26184,0
13341,26184,0
13342,26184,0
13343,26184,0
13344,26184,0
13345,26184,0
13346,26184,0
13347,26184,0
13348,26184,0
13349,26184,0
13350,24059,1526
13351,26184,0
13352,20946,4024
13353,19055,5730
13354,26184,0
13355,8229,20868
13356,4811,30548
13357,26184,0
13358,26184,0
13359,23161,2212
13360,26184,0
13361,26184,0
13362,26184,0
13363,26184,0
13364,26184,0
13365,26184,0
13366,26184,0
13367,22282,2910
13368,26184,0
13369,24406,1268
13370,6908,24024
13371,25927,178
13372,26184,0
13373,26184,0
13374,26184,0
13375,18683,6086
13376,25381,562
13377,26115,48
13378,26184,0
13379,25970,148
13380,26184,0
13381,26184,0
13382,26184,0
13383,26184,0
13384,21904,3218
13385,26184,0
13386,26184,0
13387,26184,0
13388,26184,0
13389,25638,380
13390,26184,0
13391,26184,0
13392,26184,0
13393,22749,2536
13394,26184,0
13395,20789,4160
13396,6374,25474
13397,26184,0
13398,26184,0
13399,26184,0
13400,26184,0
13401,26184,0
13402,26184,0
13403,26184,0
13404,26184,0
13405,26184,0
13406,26184,0
13407,26184,0
13408,26184,0
13409,25288,628
13410,26184,0
13411,919,60396
13412,25154,724
13413,18708,6062
13414,26184,0
13415,26184,0
13416,5819,27116
13417,26184,0
13418,14308,10896
13419,21641,3436
13420,16568,8252
13421,19885,4962
13422,26184,0
13423,26184,0
13424,26184,0
13425,26184,0
13426,26184,0
13427,26184,0
13428,26184,0
13429,25218,678
13430,26077,74
13431,26184,0
13432,25347,586
13433,26184,0
13434,26184,0
13435,26184,0
13436,26184,0
13437,26184,0
13438,25576,424
13439,26184,0
13440,24750,1016
13441,26184,0
13442,26115,48
13443,26184,0
13444,25942,168
13445,10025,17310
13446,26184,0
13447,26184,0
13448,26184,0
13449,20715,4224
13450,26115,48
13451,26184,0
13452,26184,0
13453,26184,0
13454,26184,0
13455,23399,2028
13456,26184,0
13457,24654,1086
13458,26184,0
13459,24022,1554
13460,26184,0
13461,26184,0
13462,24956,866
13463,25867,220
13464,26184,0
13465,1037,58210
13466,26184,0
13467,22156,3012
13468,26184,0
13469,26184,0
13470,26184,0
13471,26184,0
13472,26184,0
13473,26184,0
13474,26184,0
13475,25875,214
13476,26184,0
13477,26184,0
13478,26184,0
13479,24406,1268
13480,26184,0
13481,25330,598
13482,26184,0
13483,24196,1424
13484,19816,5024
13485,26184,0
13486,26184,0
13487,26184,0
13488,26184,0
13489,26184,0
13490,26184,0
13491,14990,10056
13492,25729,316
13493,26184,0
13494,26184,0
13495,26184,0
13496,26184,0
13497,25576,424
13498,22450,2774
13499,19382,5424
13500,26184,0
13501,24912,898
13502,26184,0
13503,26184,0
13504,26184,0
13505,22453,2772
13506,26184,0
13507,26184,0
13508,26184,0
13509,25784,278
13510,26144,28
13511,26184,0
13512,26184,0
13513,26184,0
13514,26184,0
13515,26184,0
13516,26184,0
13517,26184,0
13518,23097,2262
13519,26184,0
13520,25950,162
13521,18206,6552
13522,26184,0
13523,26184,0
13524,26184,0
13525,26184,0
13526,26184,0
13527,26184,0
13528,19168,5624
13529,26184,0
13530,26184,0
13531,26184,0
13532,26184,0
13533,25718,324
13534,26184,0
13535,25031,812
13536,26184,0
13537,24336,1320
13538,26184,0
13539,26184,0
13540,26184,0
13541,26184,0
13542,26184,0
13543,26184,0
13544,24371,1294
13545,26184,0
13546,22264,2924
13547,26184,0
13548,26184,0
13549,25988,136
13550,26184,0
13551,26184,0
13552,26184,0
13553,26184,0
13554,26184,0
13555,19598,5224
13556,26184,0
13557,26184,0
13558,19816,5024
13559,25542,448
13560,26184,0
13561,26184,0
13562,26184,0
13563,26184,0
13564,25784,278
13565,26184,0
13566,26184,0
13567,26184,0
13568,26184,0
13569,23036,2310
13570,26184,0
13571,26184,0
13572,26184,0
13573,26184,0
13574,25009,828
13575,25613,398
13576,26184,0
13577,26184,0
13578,6057,26394
13579,25221,676
13580,25434,524
13581,26184,0
13582,26184,0
13583,26184,0
13584,26184,0
13585,26184,0
13586,26184,0
13587,26184,0
13588,26184,0
13589,26184,0
13590,26184,0
13591,26184,0
13592,26184,0
13593,26184,0
13594,26184,0
13595,26184,0
13596,26184,0
13597,26184,0
13598,26184,0
13599,26184,0
13600,26184,0
13601,25249,656
13602,26184,0
13603,26184,0
13604,26184,0
13605,25576,424
13606,26184,0
13607,25446,516
13608,25224,674
13609,23797,1724
13610,25048,800
13611,26184,0
13612,26150,24
13613,20817,4136
13614,19047,5738
13615,26184,0
13616,25389,556
13617,26184,0
13618,17155,7624
13619,26184,0
13620,26184,0
13621,23660,1828
13622,26184,0
13623,26184,0
13624,24849,944
13625,26184,0
13626,26184,0
13627,26184,0
13628,14091,11172
13629,26184,0
13630,26184,0
13631,26184,0
13632,25412,540
13633,26184,0
13634,24871,928
13635,22764,2524
13636,26184,0
13637,26184,0
13638,26184,0
13639,26077,74
13640,26184,0
13641,26184,0
13642,26184,0
13643,18977,5804
13644,26184,0
13645,25372,568
13646,26184,0
13647,26184,0
13648,26184,0
13649,21030,3952
13650,26184,0
13651,26184,0
13652,26040,100
13653,26184,0
13654,26184,0
13655,24585,1136
13656,26184,0
13657,26184,0
13658,26184,0
13659,26184,0
13660,26184,0
13661,25511,470
13662,26184,0
13663,26184,0
13664,26184,0
13665,26184,0
13666,26184,0
13667,26184,0
13668,26184,0
13669,26184,0
13670,26184,0
13671,26184,0
13672,26184,0
13673,22951,2376
13674,26184,0
13675,26184,0
13676,26184,0
13677,26184,0
13678,26184,0
13679,26132,36
13680,26184,0
13681,26184,0
13682,25712,328
13683,26115,48
13684,26184,0
13685,26184,0
13686,26184,0
13687,22104,3054
13688,26184,0
13689,26184,0
13690,19878,4968
13691,26184,0
13692,24274,1366
13693,24137,1468
13694,26184,0
13695,26184,0
13696,26184,0
13697,26184,0
13698,26184,0
13699,26184,0
13700,26184,0
13701,26184,0
13702,26184,0
13703,9711,17884
13704,25690,344
13705,26184,0
13706,25576,424
13707,25364,574
13708,26184,0
13709,26184,0
13710,23971,1592
13711,26184,0
13712,26184,0
13713,26184,0
13714,26184,0
13715,26184,0
13716,25400,548
13717,25148,728
13718,25499,478
13719,26184,0
13720,26115,48
13721,22378,2832
13722,21814,3292
13723,26115,48
13724,26184,0
13725,18487,6276
13726,20631,4298
13727,23802,1720
13728,25724,320
13729,24030,1548
13730,26184,0
13731,26184,0
13732,26184,0
13733,25999,128
13734,26184,0
13735,26184,0
13736,26184,0
13737,25148,728
13738,26184,0
13739,26184,0
13740,6321,25624
13741,26184,0
13742,26184,0
13743,22638,2624
13744,26184,0
13745,26184,0
13746,25429,528
13747,26184,0
13748,26184,0
13749,26184,0
13750,26184,0
13751,26184,0
13752,26184,0
13753,26184,0
13754,26184,0
13755,23362,2056
13756,26184,0
13757,26184,0
13758,26184,0
13759,26184,0
13760,25263,646
13761,26184,0
13762,24871,928
13763,26184,0
13764,26184,0
13765,26184,0
13766,26184,0
13767,24046,1536
13768,26184,0
13769,26184,0
13770,26184,0
13771,26184,0
13772,26184,0
13773,21938,3190
13774,23665,1824
13775,26184,0
13776,25358,578
13777,23649,1836
13778,21493,3560
13779,26184,0
13780,26184,0
13781,26048,94
13782,26184,0
13783,26184,0
13784,10259,16894
13785,22028,3116
13786,26184,0
13787,26184,0
13788,26184,0
13789,26184,0
13790,25294,624
13791,26184,0
13792,25162,718
13793,26184,0
13794,11623,14643
13795,26184,0
13796,26184,0
13797,26184,0
13798,26184,0
13799,26184,0
13800,25976,144
13801,26184,0
13802,26184,0
13803,26184,0
13804,26184,0
13805,25576,424
13806,22703,2572
13807,23905,1642
13808,26184,0
13809,26184,0
13810,26184,0
13811,25712,328
13812,26011,120
13813,26184,0
13814,26184,0
13815,26184,0
13816,26184,0
13817,26184,0
13818,26184,0
13819,18035,6722
13820,26184,0
13821,26184,0
13822,24687,1062
13823,26184,0
13824,26184,0
13825,25294,624
13826,26184,0
13827,26184,0
13828,25559,436
13829,26184,0
13830,25190,698
13831,26184,0
13832,26184,0
13833,26184,0
13834,25358,578
13835,25855,228
13836,26184,0
13837,26184,0
13838,24596,1128
13839,26184,0
13840,26184,0
13841,26184,0
13842,26184,0
13843,26184,0
13844,26184,0
13845,26184,0
13846,25434,524
13847,26184,0
13848,25260,648
13849,25810,260
13850,25015,824
13851,3812,34742
13852,26184,0
13853,22009,3132
13854,26184,0
13855,26184,0
13856,26184,0
13857,26184,0
13858,26184,0
13859,26184,0
13860,26184,0
13861,26184,0
13862,26184,0
13863,26184,0
13864,26184,0
13865,26184,0
13866,25154,724
13867,26150,24
13868,26184,0
13869,25701,336
13870,26184,0
13871,25364,574
13872,26184,0
13873,26184,0
13874,26184,0
13875,26184,0
13876,26184,0
13877,26184,0
13878,22852,2454
13879,26184,0
13880,26074,76
13881,23940,1616
13882,25576,424
13883,26184,0
13884,26184,0
13885,26184,0
13886,25832,244
13887,14125,11128
13888,26184,0
13889,26184,0
13890,21536,3524
13891,26184,0
13892,26184,0
13893,26184,0
13894,26005,124
13895,26184,0
13896,26184,0
13897,24912,898
13898,26184,0
13899,26184,0
13900,20608,4318
13901,23013,2328
13902,26184,0
13903,26184,0
13904,26184,0
13905,26184,0
13906,26184,0
13907,22249,2936
13908,25870,218
13909,25976,144
13910,26184,0
13911,26184,0
13912,26184,0
13913,26184,0
13914,26184,0
13915,26184,0
13916,23791,1728
13917,26184,0
13918,16913,7880
13919,23599,1874
13920,22733,2548
13921,26184,0
13922,26184,0
13923,18743,6028
13924,26184,0
13925,26184,0
13926,26184,0
13927,26184,0
13928,26184,0
13929,26184,0
13930,26184,0
13931,24366,1298
13932,7391,22806
13933,17736,7024
13934,26184,0
13935,26184,0
13936,21928,3198
13937,26184,0
13938,26184,0
13939,26184,0
13940,26184,0
13941,25712,328
13942,26184,0
13943,25196,694
13944,26184,0
13945,26184,0
13946,25513,468
13947,19927,4924
13948,26184,0
13949,26184,0
13950,18747,6024
13951,26184,0
13952,26184,0
13953,26184,0
13954,26184,0
13955,25137,736
13956,26184,0
13957,26184,0
13958,26184,0
13959,24832,956
13960,26184,0
13961,19405,5402
13962,26184,0
13963,26184,0
13964,26184,0
13965,26115,48
13966,26184,0
13967,26184,0
13968,26184,0
13969,26184,0
13970,24670,1074
13971,26184,0
13972,26184,0
13973,26184,0
13974,26184,0
13975,26184,0
13976,20601,4324
13977,26184,0
13978,23897,1648
13979,26184,0
13980,26184,0
13981,26184,0
13982,25084,774
13983,26184,0
13984,26184,0
13985,26184,0
13986,26184,0
13987,24849,944
13988,26184,0
13989,26184,0
13990,26184,0
13991,26184,0
13992,25381,562
13993,26184,0
13994,26184,0
13995,26184,0
13996,25718,324
13997,26184,0
13998,26184,0
13999,26184,0
14000,25784,278
14001,26184,0
14002,25718,324
14003,23064,2288
14004,26184,0
14005,26184,0
14006,26184,0
14007,26184,0
14008,26184,0
14009,26184,0
14010,26184,0
14011,25400,548
14012,26184,0
14013,26121,44
14014,19667,5160
14015,26184,0
14016,26184,0
14017,26184,0
14018,26184,0
14019,14191,11044
14020,26184,0
14021,26184,0
14022,25647,374
14023,26184,0
14024,7948,21496
14025,26184,0
14026,23560,1904
14027,25738,310
14028,26184,0
14029,26184,0
14030,24520,1184
14031,26184,0
14032,26184,0
14033,26184,0
14034,25474,496
14035,26184,0
14036,25067,786
14037,26184,0
14038,25210,684
14039,26184,0
14040,25406,544
14041,26184,0
14042,24875,925
14043,26184,0
14044,26184,0
14045,26184,0
14046,23440,1996
14047,26184,0
14048,21536,3524
14049,26184,0
14050,26184,0
14051,26184,0
14052,25576,424
14053,26184,0
14054,26184,0
14055,26184,0
14056,26184,0
14057,26184,0
14058,26184,0
14059,26184,0
14060,24575,1144
14061,26184,0
14062,26184,0
14063,25684,348
14064,26184,0
14065,26184,0
14066,26184,0
14067,26184,0
14068,26184,0
14069,26048,94
14070,26184,0
14071,21157,3844
14072,26184,0
14073,26184,0
14074,26184,0
14075,26184,0
14076,26184,0
14077,26184,0
14078,26184,0
14079,24164,1448
14080,26184,0
14081,25505,474
14082,26184,0
14083,26184,0
14084,22058,3092
14085,26184,0
14086,26184,0
14087,25927,178
14088,26184,0
14089,26184,0
14090,26184,0
14091,26184,0
14092,24515,1188
14093,26184,0
14094,26184,0
14095,26184,0
14096,22050,3098
14097,26184,0
14098,23339,2074
14099,23623,1856
14100,25712,328
14101,26184,0
14102,26184,0
14103,25170,712
14104,26068,80
14105,26184,0
14106,26184,0
14107,26184,0
14108,26060,86
14109,26184,0
14110,26184,0
14111,26184,0
14112,26184,0
14113,22465,2762
14114,26184,0
14115,26184,0
14116,26184,0
14117,26184,0
14118,20633,4296
14119,26184,0
14120,26184,0
14121,26184,0
14122,26184,0
14123,25792,272
14124,1,109464
14125,25570,428
14126,26184,0
14127,26184,0
14128,25556,438
14129,22939,2386
14130,26184,0
14131,25059,792
14132,22598,2656
14133,26184,0
14134,26184,0
14135,26184,0
14136,25215,680
14137,26184,0
14138,26184,0
14139,26184,0
14140,26184,0
14141,20596,4328
14142,26184,0
14143,26184,0
14144,26184,0
14145,26184,0
14146,26184,0
14147,26184,0
14148,26184,0
14149,26184,0
14150,25361,576
14151,26184,0
14152,25426,530
14153,24046,1536
14154,26184,0
14155,26184,0
14156,23633,1848
14157,26184,0
14158,24987,844
14159,26184,0
14160,23018,2324
14161,24534,1174
14162,25570,428
14163,26184,0
14164,19991,4866
14165,26184,0
14166,25513,468
14167,26184,0
14168,26184,0
14169,24466,1224
14170,24807,974
14171,25336,594
14172,26184,0
14173,26184,0
14174,26184,0
14175,26184,0
14176,26184,0
14177,22728,2552
14178,26184,0
14179,26184,0
14180,7346,22916
14181,19863,4982
14182,23963,1598
14183,26184,0
14184,26184,0
14185,26184,0
14186,26184,0
14187,25927,178
14188,26184,0
14189,25176,708
14190,26184,0
14191,26184,0
14192,22789,2504
14193,26184,0
14194,26184,0
14195,26184,0
14196,24355,1306
14197,25556,438
14198,22418,2800
14199,26184,0
14200,25434,524
14201,26184,0
14202,20308,4582
14203,26184,0
14204,26184,0
14205,21143,3856
14206,26184,0
14207,26184,0
14208,26184,0
14209,26184,0
14210,26184,0
14211,26184,0
14212,25384,560
14213,26184,0
14214,26184,0
14215,21626,3448
14216,26184,0
14217,26184,0
14218,26184,0
14219,26184,0
14220,26184,0
14221,26184,0
14222,25429,528
14223,26184,0
14224,26184,0
14225,20778,4170
14226,26184,0
14227,7754,21940
14228,26184,0
14229,26184,0
14230,26184,0
14231,26184,0
14232,26184,0
14233,26184,0
14234,26184,0
14235,26184,0
14236,26184,0
14237,26184,0
14238,26184,0
14239,26184,0
14240,26184,0
14241,20946,4024
14242,25120,748
14243,20725,4216
14244,25015,824
14245,25718,324
14246,1620,50174
14247,26184,0
14248,26184,0
14249,26184,0
14250,26184,0
14251,24078,1512
14252,25855,228
14253,21152,3848
14254,26184,0
14255,26184,0
14256,26184,0
14257,26184,0
14258,26184,0
14259,19341,5462
14260,26132,36
14261,26184,0
14262,26184,0
14263,25249,656
14264,25400,548
14265,26184,0
14266,26184,0
14267,26184,0
14268,26184,0
14269,26184,0
14270,26184,0
14271,26184,0
14272,26184,0
14273,24932,884
14274,26184,0
14275,26184,0
14276,23422,2010
14277,25443,518
14278,25429,528
14279,25530,456
14280,17022,7764
14281,26184,0
14282,26184,0
14283,26184,0
14284,26184,0
14285,25827,248
14286,26184,0
14287,6459,25236
14288,22885,2428
14289,26184,0
14290,26184,0
14291,21650,3428
14292,26005,124
14293,26184,0
14294,26184,0
14295,26184,0
14296,26184,0
14297,26184,0
14298,26184,0
14299,26184,0
14300,20933,4036
14301,18714,6056
14302,26184,0
14303,26184,0
14304,19563,5256
14305,26184,0
14306,26184,0
14307,26184,0
14308,26184,0
14309,26184,0
14310,21725,3366
14311,24777,996
14312,22508,2728
14313,26184,0
14314,26184,0
14315,26184,0
14316,26184,0
14317,26184,0
14318,26184,0
14319,9795,17728
14320,26184,0
14321,25084,774
14322,26184,0
14323,20571,4350
14324,26184,0
14325,25690,344
14326,26184,0
14327,22087,3068
14328,23404,2024
14329,24670,1074
14330,18344,6416
14331,26184,0
14332,26184,0
14333,26184,0
14334,26184,0
14335,24816,968
14336,26121,44
14337,10647,16224
14338,26184,0
14339,24073,1516
14340,22316,2882
14341,26184,0
14342,26184,0
14343,26184,0
14344,26184,0
14345,22573,2676
14346,26184,0
14347,26184,0
14348,25913,188
14349,26184,0
14350,26184,0
14351,25701,336
14352,10371,16698
14353,26184,0
14354,26184,0
14355,26184,0
14356,26115,48
14357,23834,1696
14358,26184,0
14359,26184,0
14360,26184,0
14361,18893,5884
14362,26184,0
14363,26184,0
14364,26184,0
14365,20254,4630
14366,26184,0
14367,26184,0
14368,26184,0
14369,26184,0
14370,26184,0
14371,22749,2536
14372,26184,0
14373,26184,0
14374,26184,0
14375,26184,0
14376,25218,678
14377,26184,0
14378,26184,0
14379,26184,0
14380,23689,1806
14381,26184,0
14382,25850,232
14383,26184,0
14384,26184,0
14385,26184,0
14386,26184,0
14387,23274,2124
14388,26184,0
14389,26184,0
14390,26184,0
14391,24078,1512
14392,21931,3196
14393,6605,24832
14394,26184,0
14395,26184,0
14396,26184,0
14397,26184,0
14398,26184,0
14399,23200,2182
14400,23568,1898
14401,26184,0
14402,22890,2424
14403,20761,4184
14404,25701,336
14405,24618,1112
14406,26184,0
14407,22977,2356
14408,26184,0
14409,26184,0
14410,26184,0
14411,26184,0
14412,26184,0
14413,26184,0
14414,26184,0
14415,26184,0
14416,25827,248
14417,26184,0
14418,24575,1144
14419,26184,0
14420,26184,0
14421,26184,0
14422,26184,0
14423,25288,628
14424,26184,0
14425,25294,624
14426,26184,0
14427,26184,0
14428,25502,476
14429,26184,0
14430,25429,528
14431,26184,0
14432,25530,456
14433,24444,1240
14434,22827,2474
14435,26184,0
14436,26184,0
14437,26184,0
14438,26184,0
14439,26184,0
14440,25508,472
14441,26184,0
14442,26184,0
14443,26184,0
14444,26184,0
14445,26184,0
14446,26184,0
14447,26184,0
14448,26184,0
14449,26184,0
14450,26184,0
14451,26184,0
14452,26184,0
14453,26184,0
14454,26184,0
14455,25485,488
14456,26184,0
14457,26184,0
14458,26184,0
14459,25976,144
14460,26184,0
14461,26184,0
14462,26184,0
14463,26144,28
14464,26184,0
14465,26184,0
14466,26184,0
14467,26184,0
14468,26184,0
14469,26184,0
14470,26184,0
14471,23550,1912
14472,26184,0
14473,26184,0
14474,25844,236
14475,22200,2976
14476,26184,0
14477,25224,674
14478,26184,0
14479,26184,0
14480,26184,0
14481,26184,0
14482,26184,0
14483,23529,1928
14484,26184,0
14485,26184,0
14486,25294,624
14487,26184,0
14488,25576,424
14489,26184,0
14490,26150,24
14491,26184,0
14492,26184,0
14493,26184,0
14494,26184,0
14495,26184,0
14496,26184,0
14497,26184,0
14498,26184,0
14499,25051,798
14500,24706,1048
14501,26184,0
14502,25593,412
14503,26184,0
14504,26184,0
14505,26184,0
14506,26184,0
14507,26184,0
14508,26184,0
14509,26184,0
14510,26184,0
14511,26184,0
14512,23388,2036
14513,26184,0
14514,26184,0
14515,26184,0
14516,23146,2224
14517,26184,0
14518,25965,152
14519,26184,0
14520,26184,0
14521,25950,162
14522,26184,0
14523,26184,0
14524,26184,0
14525,22353,2852
14526,25358,578
14527,25718,324
14528,26184,0
14529,26184,0
14530,26184,0
14531,26184,0
14532,26184,0
14533,26184,0
14534,26184,0
14535,26184,0
14536,26184,0
14537,25641,378
14538,26184,0
14539,26184,0
14540,26184,0
14541,26184,0
14542,25053,796
14543,15822,9082
14544,26184,0
14545,26150,24
14546,26184,0
14547,26184,0
14548,24062,1524
14549,16309,8536
14550,26184,0
14551,26150,24
14552,26184,0
14553,26184,0
14554,25423,532
14555,26184,0
14556,21124,3872
14557,26184,0
14558,26184,0
14559,26184,0
14560,20937,4032
14561,25950,162
14562,25701,336
14563,26184,0
14564,26184,0
14565,26184,0
14566,26184,0
14567,25832,244
14568,26184,0
14569,26184,0
14570,26184,0
14571,25299,620
14572,26184,0
14573,23164,2210
14574,26184,0
14575,26184,0
14576,16367,8472
14577,24843,948
14578,26184,0
14579,25355,580
14580,25361,576
14581,26184,0
14582,26184,0
14583,26184,0
14584,26184,0
14585,26184,0
14586,25322,604
14587,26184,0
14588,25406,544
14589,26184,0
14590,26184,0
14591,26184,0
14592,26184,0
14593,26184,0
14594,26184,0
14595,26184,0
14596,26184,0
14597,26184,0
14598,26184,0
14599,26184,0
14600,26184,0
14601,26184,0
14602,25491,484
14603,26184,0
14604,26184,0
14605,26184,0
14606,22528,2712
14607,26184,0
14608,26184,0
14609,26184,0
14610,26184,0
14611,26184,0
14612,26184,0
14613,26184,0
14614,25789,274
14615,26184,0
14616,26184,0
14617,26184,0
14618,26184,0
14619,26184,0
14620,26184,0
14621,26184,0
14622,26184,0
14623,26184,0
14624,24816,968
14625,26184,0
14626,25593,412
14627,22696,2578
14628,25576,424
14629,26184,0
14630,26184,0
14631,26184,0
14632,21507,3548
14633,26184,0
14634,26184,0
14635,26184,0
14636,23362,2056
14637,26184,0
14638,26184,0
14639,25162,718
14640,24805,976
14641,26184,0
14642,19598,5224
14643,26184,0
14644,25277,636
14645,26184,0
14646,23318,2090
14647,26184,0
14648,26184,0
14649,26184,0
14650,25858,226
14651,25434,524
14652,26150,24
14653,26184,0
14654,26184,0
14655,26184,0
14656,26184,0
14657,26184,0
14658,25434,524
14659,26184,0
14660,24501,1198
14661,26184,0
14662,26077,74
14663,26184,0
14664,26184,0
14665,24132,1472
14666,24832,956
14667,26184,0
14668,26184,0
14669,26184,0
14670,18007,6750
14671,26184,0
14672,26184,0
14673,26184,0
14674,26184,0
14675,26184,0
14676,26184,0
14677,26184,0
14678,26184,0
14679,24940,878
14680,24717,1040
14681,25429,528
14682,26184,0
14683,26184,0
14684,26184,0
14685,26184,0
14686,25031,812
14687,26184,0
14688,26184,0
14689,25916,186
14690,25400,548
14691,26184,0
14692,26184,0
14693,26184,0
14694,26184,0
14695,26184,0
14696,26184,0
14697,26184,0
14698,24105,1492
14699,26184,0
14700,26121,44
14701,26184,0
14702,20270,4616
14703,26184,0
14704,26184,0
14705,26184,0
14706,26184,0
14707,25210,684
14708,26184,0
14709,26184,0
14710,26184,0
14711,25970,148
14712,26184,0
14713,26184,0
14714,26184,0
14715,22021,3122
14716,26184,0
14717,24575,1144
14718,26184,0
14719,26184,0
14720,26184,0
14721,26184,0
14722,26184,0
14723,97,100948
14724,26184,0
14725,26184,0
14726,25861,224
14727,26184,0
14728,1377,53098
14729,26184,0
14730,26184,0
14731,26184,0
14732,22538,2704
14733,26184,0
14734,25718,324
14735,26184,0
14736,22388,2824
14737,26184,0
14738,22289,2904
14739,25547,444
14740,26048,94
14741,26184,0
14742,26184,0
14743,26184,0
14744,26184,0
14745,25761,294
14746,26184,0
14747,26184,0
14748,25755,298
14749,21096,3896
14750,25364,574
14751,26184,0
14752,17350,7420
14753,26184,0
14754,24062,1524
14755,26184,0
14756,25855,228
14757,26184,0
14758,26184,0
14759,26184,0
14760,26184,0
14761,26184,0
14762,26184,0
14763,26184,0
14764,26184,0
14765,25818,254
14766,26184,0
14767,26184,0
14768,26184,0
14769,26184,0
14770,26184,0
14771,26184,0
14772,26184,0
14773,26184,0
14774,26184,0
14775,26184,0
14776,26184,0
14777,26184,0
14778,26184,0
14779,26184,0
14780,26184,0
14781,25218,678
14782,26005,124
14783,23791,1728
14784,26184,0
14785,26184,0
14786,26184,0
14787,26184,0
14788,26184,0
14789,26184,0
14790,26184,0
14791,25126,744
14792,26184,0
14793,26077,74
14794,25641,378
14795,26184,0
14796,26184,0
14797,26184,0
14798,25288,628
14799,26184,0
14800,26184,0
14801,26184,0
14802,24449,1236
14803,24876,924
14804,25505,474
14805,26184,0
14806,26184,0
14807,26184,0
14808,26184,0
14809,26184,0
14810,26184,0
14811,26184,0
14812,26184,0
14813,19707,5124
14814,26184,0
14815,26184,0
14816,26184,0
14817,26184,0
14818,24945,874
14819,24086,1506
14820,26184,0
14821,26184,0
14822,25266,644
14823,26184,0
14824,26184,0
14825,26184,0
14826,25778,282
14827,26184,0
14828,26184,0
14829,26184,0
14830,26184,0
14831,26184,0
14832,22992,2344
14833,26184,0
14834,26184,0
14835,5881,26926
14836,26121,44
14837,26184,0
14838,26184,0
14839,26184,0
14840,21749,3346
14841,26184,0
14842,26184,0
14843,26184,0
14844,26184,0
14845,18916,5862
14846,26184,0
14847,26184,0
14848,26184,0
14849,23378,2044
14850,26184,0
14851,26184,0
14852,25570,428
14853,26184,0
14854,26184,0
14855,19274,5524
14856,26184,0
14857,26184,0
14858,26184,0
14859,26184,0
14860,26184,0
14861,26184,0
14862,24180,1436
14863,26184,0
14864,1568,50754
14865,26184,0
14866,26184,0
14867,26184,0
14868,26184,0
14869,26184,0
14870,26184,0
14871,26184,0
14872,26184,0
14873,26184,0
14874,1626,50106
14875,26184,0
14876,26184,0
14877,26184,0
14878,26184,0
14879,26184,0
14880,24528,1178
14881,26184,0
14882,26184,0
14883,26150,24
14884,26184,0
14885,24832,956
14886,26184,0
14887,26184,0
14888,26184,0
14889,26184,0
14890,26184,0
14891,26184,0
14892,24816,968
14893,26184,0
14894,26184,0
14895,24846,946
14896,26184,0
14897,22410,2806
14898,26184,0
14899,26184,0
14900,20205,4674
14901,26184,0
14902,22759,2528
14903,14251,10968
14904,25154,724
14905,26184,0
14906,26184,0
14907,13080,12514
14908,24266,1372
14909,26184,0
14910,24843,948
14911,26184,0
14912,26184,0
14913,26184,0
14914,26184,0
14915,26184,0
14916,25701,336
14917,26184,0
14918,1776,48514
14919,26184,0
14920,26184,0
14921,26184,0
14922,20510,4404
14923,26184,0
14924,24780,994
14925,26184,0
14926,26184,0
14927,24810,972
14928,24433,1248
14929,24301,1346
14930,23120,2244
14931,21119,3876
14932,26184,0
14933,26144,28
14934,26184,0
14935,25618,394
14936,26184,0
14937,13733,11636
14938,25434,524
14939,13929,11380
14940,26150,24
14941,26184,0
14942,23524,1932
14943,24802,978
14944,26184,0
14945,26184,0
14946,26184,0
14947,25570,428
14948,26184,0
14949,26184,0
14950,15697,9226
14951,19726,5106
14952,24695,1056
14953,26184,0
14954,22410,2806
14955,26184,0
14956,26092,64
14957,26184,0
14958,26184,0
14959,26184,0
14960,25827,248
14961,26184,0
14962,24846,946
14963,26184,0
14964,25672,356
14965,24247,1386
14966,19790,5048
14967,1941,46916
14968,22445,2778
14969,25690,344
14970,26184,0
14971,26184,0
14972,25182,704
14973,26184,0
14974,26184,0
14975,25434,524
14976,26184,0
14977,26184,0
14978,23918,1632
14979,25434,524
14980,26184,0
14981,26184,0
14982,26184,0
14983,26184,0
14984,23961,1600
14985,26184,0
14986,26184,0
14987,26184,0
14988,26184,0
14989,26184,0
14990,25112,754
14991,26184,0
14992,26060,86
14993,26184,0
14994,26184,0
14995,25505,474
14996,22210,2968
14997,23143,2226
14998,24460,1228
14999,26184,0
15000,26184,0
15001,25358,578
15002,22890,2424
15003,26184,0
15004,26184,0
15005,26184,0
15006,26184,0
15007,26184,0
15008,21447,3598
15009,26184,0
15010,26184,0
15011,26184,0
15012,26184,0
15013,1503,51524
15014,26184,0
15015,26184,0
15016,24933,883
15017,25260,648
15018,24325,1328
15019,26184,0
15020,7581,22348
15021,25336,594
15022,26184,0
15023,26184,0
15024,26184,0
15025,26184,0
15026,26184,0
15027,26184,0
15028,26184,0
15029,26184,0
15030,24325,1328
15031,26184,0
15032,26184,0
15033,26184,0
15034,26184,0
15035,23000,2338
15036,24838,952
15037,25576,424
15038,26184,0
15039,26184,0
15040,26184,0
15041,26184,0
15042,26184,0
15043,21567,3498
15044,26184,0
15045,26184,0
15046,26184,0
15047,25638,380
15048,26184,0
15049,26184,0
15050,26184,0
15051,26184,0
15052,26184,0
15053,26184,0
15054,26184,0
15055,24981,848
15056,26184,0
15057,26184,0
15058,26184,0
15059,26184,0
15060,26184,0
15061,15047,9988
15062,26184,0
15063,25364,574
15064,26005,124
15065,21682,3402
15066,26184,0
15067,22779,2512
15068,26184,0
15069,26184,0
15070,25079,778
15071,26071,78
15072,26184,0
15073,26184,0
15074,26184,0
15075,26184,0
15076,26184,0
15077,26184,0
15078,26184,0
15079,25982,140
15080,26184,0
15081,26184,0
15082,26184,0
15083,24466,1224
15084,26184,0
15085,24876,924
15086,26184,0
15087,26184,0
15088,26184,0
15089,26184,0
15090,24569,1148
15091,25712,328
15092,4634,31224
15093,26184,0
15094,26184,0
15095,24466,1224
15096,26184,0
15097,26184,0
15098,25861,224
15099,26184,0
15100,24466,1224
15101,26184,0
15102,26184,0
15103,26184,0
15104,26184,0
15105,1633,50024
15106,26132,36
15107,24733,1028
15108,26184,0
15109,26184,0
15110,26184,0
15111,22744,2540
15112,24832,956
15113,26184,0
15114,23324,2086
15115,26184,0
15116,26184,0
15117,26184,0
15118,19663,5164
15119,26184,0
15120,26184,0
15121,25081,776
15122,26184,0
15123,26184,0
15124,26184,0
15125,22289,2904
15126,26184,0
15127,26184,0
15128,26184,0
15129,26184,0
15130,26184,0
15131,26184,0
15132,26184,0
15133,24204,1418
15134,14848,10228
15135,23897,1648
15136,26184,0
15137,26184,0
15138,25207,686
15139,26184,0
15140,26184,0
15141,25570,428
15142,14894,10172
15143,26184,0
15144,23799,1722
15145,23599,1874
15146,26184,0
15147,26184,0
15148,26184,0
15149,26184,0
15150,26184,0
15151,26184,0
15152,26184,0
15153,26184,0
15154,26184,0
15155,26184,0
15156,26184,0
15157,23344,2070
15158,25505,474
15159,20455,4452
15160,26184,0
15161,26184,0
15162,1,202048
15163,25904,194
15164,24333,1322
15165,25313,610
15166,23141,2228
15167,26184,0
15168,26184,0
15169,21272,3746
15170,26184,0
15171,26184,0
15172,26184,0
15173,25480,492
15174,26184,0
15175,26184,0
15176,26184,0
15177,26184,0
15178,23702,1796
15179,25576,424
15180,19489,5324
15181,24979,850
15182,3982,33956
15183,26184,0
15184,26184,0
15185,25933,174
15186,26184,0
15187,26184,0
15188,26184,0
15189,26184,0
15190,20946,4024
15191,26184,0
15192,26184,0
15193,19940,4912
15194,26184,0
15195,26184,0
15196,26184,0
15197,26184,0
15198,26184,0
15199,26184,0
15200,26184,0
15201,26184,0
15202,23074,2280
15203,26184,0
15204,2059,45848
15205,23274,2124
15206,26184,0
15207,24148,1460
15208,23388,2036
15209,26184,0
15210,3741,35080
15211,26184,0
15212,21063,3924
15213,17004,7784
15214,26184,0
15215,26184,0
15216,26184,0
15217,25434,524
15218,26150,24
15219,26184,0
15220,26184,0
15221,26184,0
15222,24708,1046
15223,26184,0
15224,26184,0
15225,26184,0
15226,26184,0
15227,26184,0
15228,26184,0
15229,26184,0
15230,26184,0
15231,25505,474
15232,26184,0
15233,24594,1130
15234,26184,0
15235,26184,0
15236,23631,1850
15237,26184,0
15238,26184,0
15239,24981,848
15240,26184,0
15241,25827,248
15242,26121,44
15243,26184,0
15244,26132,36
15245,25718,324
15246,26184,0
15247,26184,0
15248,26184,0
15249,23558,1906
15250,25718,324
15251,19412,5396
15252,26184,0
15253,26184,0
15254,26184,0
15255,26184,0
15256,26184,0
15257,26184,0
15258,26184,0
15259,25170,712
15260,26184,0
15261,26184,0
15262,25784,278
15263,26184,0
15264,26184,0
15265,26184,0
15266,23182,2196
15267,26184,0
15268,26184,0
15269,26184,0
15270,26184,0
15271,26184,0
15272,11086,15496
15273,26184,0
15274,25148,728
15275,25423,532
15276,26184,0
15277,26184,0
15278,26184,0
15279,26184,0
15280,26184,0
15281,26184,0
15282,26184,0
15283,26184,0
15284,23665,1824
15285,26184,0
15286,26184,0
15287,26184,0
15288,26184,0
15289,26184,0
15290,26184,0
15291,26184,0
15292,26184,0
15293,26184,0
15294,21965,3168
15295,26184,0
15296,26184,0
15297,26184,0
15298,26184,0
15299,26184,0
15300,21567,3498
15301,16779,8024
15302,25277,636
15303,26184,0
15304,25999,128
15305,26184,0
15306,26184,0
15307,24613,1116
15308,26184,0
15309,26184,0
15310,25015,824
15311,26184,0
15312,2032,46082
15313,24733,1028
15314,26184,0
15315,26184,0
15316,26184,0
15317,26184,0
15318,22473,2756
15319,26184,0
15320,24534,1174
15321,20942,4028
15322,25333,596
15323,26184,0
15324,26184,0
15325,26184,0
15326,21776,3324
15327,26184,0
15328,26184,0
15329,26184,0
15330,15793,9116
15331,25789,274
15332,26184,0
15333,26184,0
15334,26184,0
15335,26184,0
15336,26184,0
15337,26184,0
15338,26184,0
15339,26184,0
15340,22072,3080
15341,26144,28
15342,26184,0
15343,22733,2548
15344,26184,0
15345,26184,0
15346,26184,0
15347,25288,628
15348,26184,0
15349,22264,2924
15350,26184,0
15351,26184,0
15352,26184,0
15353,26184,0
15354,26184,0
15355,22759,2528
15356,26184,0
15357,21096,3896
15358,26184,0
15359,26184,0
15360,26184,0
15361,26184,0
15362,25277,636
15363,26184,0
15364,26184,0
15365,19321,5480
15366,19982,4874
15367,23321,2088
15368,26184,0
15369,26184,0
15370,26184,0
15371,26184,0
15372,26184,0
15373,26184,0
15374,26184,0
15375,26184,0
15376,22117,3044
15377,26184,0
15378,25641,378
15379,26184,0
15380,26184,0
15381,26184,0
15382,26184,0
15383,26184,0
15384,26184,0
15385,26184,0
15386,26184,0
15387,25858,226
15388,26184,0
15389,26184,0
15390,4667,31096
15391,26184,0
15392,26184,0
15393,26184,0
15394,21241,3772
15395,26184,0
15396,24843,948
15397,26184,0
15398,26184,0
15399,24739,1024
15400,26184,0
15401,26184,0
15402,26184,0
15403,26184,0
15404,26184,0
15405,26184,0
15406,26184,0
15407,26184,0
15408,25508,472
15409,26184,0
15410,26184,0
15411,26184,0
15412,26184,0
15413,24761,1008
15414,26184,0
15415,26184,0
15416,26184,0
15417,26184,0
15418,25499,478
15419,24142,1464
15420,23926,1626
15421,26184,0
15422,21270,3748
15423,26184,0
15424,26184,0
15425,26184,0
15426,26184,0
15427,25690,344
15428,26184,0
15429,26184,0
15430,26184,0
15431,26184,0
15432,25769,288
15433,25718,324
15434,22941,2384
15435,26184,0
15436,1437,52328
15437,26184,0
15438,22733,2548
15439,26184,0
15440,26184,0
15441,26184,0
15442,26184,0
15443,26184,0
15444,26184,0
15445,26184,0
15446,26184,0
15447,23223,2164
15448,26184,0
15449,26184,0
15450,26184,0
15451,26184,0
15452,17983,6774
15453,24662,1080
15454,26184,0
15455,23107,2254
15456,22878,2434
15457,26184,0
15458,26184,0
15459,26184,0
15460,25232,668
15461,24915,896
15462,26184,0
15463,26184,0
15464,25434,524
15465,24314,1336
15466,26184,0
15467,24667,1076
15468,26184,0
15469,26184,0
15470,26184,0
15471,25898,198
15472,25505,474
15473,26184,0
15474,25434,524
15475,26184,0
15476,24536,1172
15477,24739,1024
15478,26184,0
15479,26184,0
15480,26184,0
15481,23110,2252
15482,26184,0
15483,25009,828
15484,26184,0
15485,26184,0
15486,26184,0
15487,16623,8192
15488,24887,916
15489,26184,0
15490,26184,0
15491,26184,0
15492,26184,0
15493,24816,968
15494,20259,4626
15495,25400,548
15496,26184,0
15497,26184,0
15498,26184,0
15499,26184,0
15500,23404,2024
15501,25936,172
15502,26184,0
15503,26184,0
15504,24733,1028
15505,26184,0
15506,26184,0
15507,26184,0
15508,26184,0
15509,26184,0
15510,25015,824
15511,25667,360
15512,26184,0
15513,25698,338
15514,26184,0
15515,24591,1132
15516,26184,0
15517,26184,0
15518,26184,0
15519,26184,0
15520,26184,0
15521,26184,0
15522,26184,0
15523,23115,2248
15524,26184,0
15525,26184,0
15526,26184,0
15527,25499,478
15528,26184,0
15529,26184,0
15530,26184,0
15531,25576,424
15532,26184,0
15533,26184,0
15534,25120,748
15535,25576,424
15536,26184,0
15537,8433,20428
15538,26184,0
15539,25260,648
15540,26150,24
15541,26184,0
15542,26184,0
15543,26184,0
15544,24932,884
15545,25417,536
15546,26184,0
15547,26184,0
15548,26184,0
15549,26184,0
15550,26184,0
15551,26184,0
15552,26184,0
15553,24739,1024
15554,26184,0
15555,25009,828
15556,26184,0
15557,26184,0
15558,26184,0
15559,26184,0
15560,26184,0
15561,26184,0
15562,26184,0
15563,26184,0
15564,24824,962
15565,26184,0
15566,26184,0
15567,25417,536
15568,26184,0
15569,23897,1648
15570,26184,0
15571,26184,0
15572,26184,0
15573,26184,0
15574,26184,0
15575,25221,676
15576,26184,0
15577,25559,436
15578,19794,5044
15579,26184,0
15580,26184,0
15581,26184,0
15582,26184,0
15583,24843,948
15584,26184,0
15585,26184,0
15586,26184,0
15587,25832,244
15588,22112,3048
15589,26184,0
15590,26184,0
15591,22764,2524
15592,25593,412
15593,26184,0
15594,25798,268
15595,24876,924
15596,26184,0
15597,26184,0
15598,24670,1074
15599,26184,0
15600,26184,0
15601,25508,472
15602,26184,0
15603,25570,428
15604,24998,836
15605,26184,0
15606,26184,0
15607,26184,0
15608,24739,1024
15609,26184,0
15610,26184,0
15611,26184,0
15612,26184,0
15613,26184,0
15614,26184,0
15615,24643,1094
15616,24956,866
15617,26184,0
15618,23950,1608
15619,26184,0
15620,21814,3292
15621,23518,1936
15622,26184,0
15623,26184,0
15624,25784,278
15625,26184,0
15626,26184,0
15627,26184,0
15628,25109,756
15629,25372,568
15630,26184,0
15631,26184,0
15632,26184,0
15633,25238,664
15634,10874,15844
15635,26184,0
15636,26184,0
15637,25904,194
15638,26184,0
15639,26184,0
15640,26184,0
15641,26150,24
15642,26184,0
15643,24477,1216
15644,26184,0
15645,15515,9436
15646,26184,0
15647,26184,0
15648,26184,0
15649,18464,6298
15650,26184,0
15651,23699,1798
15652,26184,0
15653,26184,0
15654,26184,0
15655,26184,0
15656,22660,2606
15657,25684,348
15658,25542,448
15659,26184,0
15660,25784,278
15661,26184,0
15662,26184,0
15663,26184,0
15664,26184,0
15665,26184,0
15666,26184,0
15667,26184,0
15668,26184,0
15669,26184,0
15670,26184,0
15671,6113,26228
15672,25933,174
15673,26184,0
15674,26184,0
15675,25429,528
15676,26184,0
15677,26184,0
15678,4906,30194
15679,25999,128
15680,26184,0
15681,26005,124
15682,26184,0
15683,26184,0
15684,26184,0
15685,26184,0
15686,25218,678
15687,24393,1278
15688,26184,0
15689,26184,0
15690,26184,0
15691,26184,0
15692,26048,94
15693,26184,0
15694,26184,0
15695,26184,0
15696,26184,0
15697,26132,36
15698,26184,0
15699,26184,0
15700,26184,0
15701,22523,2716
15702,26184,0
15703,26184,0
15704,26184,0
15705,26184,0
15706,25249,656
15707,26184,0
15708,7723,22014
15709,26184,0
15710,20601,4324
15711,26184,0
15712,24142,1464
15713,26184,0
15714,22603,2652
15715,26184,0
15716,26184,0
15717,26184,0
15718,25718,324
15719,26184,0
15720,26184,0
15721,26184,0
15722,26184,0
15723,26184,0
15724,25844,236
15725,26184,0
15726,26184,0
15727,26184,0
15728,26184,0
15729,22171,3000
15730,26184,0
15731,26184,0
15732,26184,0
15733,26144,28
15734,26184,0
15735,26184,0
15736,26184,0
15737,19442,5368
15738,26184,0
15739,26184,0
15740,26184,0
15741,26184,0
15742,25400,548
15743,26144,28
15744,26184,0
15745,26184,0
15746,26184,0
15747,26184,0
15748,22112,3048
15749,26184,0
15750,26184,0
15751,26184,0
15752,21293,3728
15753,26184,0
15754,26184,0
15755,7841,21740
15756,26184,0
15757,24687,1062
15758,26184,0
15759,26184,0
15760,26184,0
15761,26184,0
15762,26184,0
15763,26184,0
15764,26184,0
15765,25232,668
15766,26184,0
15767,26184,0
15768,26184,0
15769,26184,0
15770,26184,0
15771,26184,0
15772,26184,0
15773,26184,0
15774,26184,0
15775,26184,0
15776,26184,0
15777,23243,2148
15778,9114,19028
15779,26184,0
15780,26184,0
15781,25559,436
15782,26184,0
15783,26184,0
15784,26184,0
15785,26184,0
15786,26184,0
15787,26184,0
15788,26184,0
15789,26184,0
15790,26184,0
15791,26184,0
15792,21848,3264
15793,26184,0
15794,24043,1538
15795,23662,1826
15796,26184,0
15797,20295,4594
15798,22880,2432
15799,22082,3072
15800,26184,0
15801,26184,0
15802,26184,0
15803,26184,0
15804,26150,24
15805,26184,0
15806,26184,0
15807,26184,0
15808,26184,0
15809,26184,0
15810,10504,16468
15811,25576,424
15812,26184,0
15813,26184,0
15814,26184,0
15815,26184,0
15816,26150,24
15817,26184,0
15818,26184,0
15819,26184,0
15820,26184,0
15821,26184,0
15822,25815,256
15823,13422,12048
15824,26184,0
15825,26184,0
15826,12095,13926
15827,26184,0
15828,26184,0
15829,26184,0
15830,26184,0
15831,25827,248
15832,26150,24
15833,23797,1724
15834,26184,0
15835,8158,21024
15836,26184,0
15837,26184,0
15838,26184,0
15839,26184,0
15840,24987,844
15841,26184,0
15842,26184,0
15843,26184,0
15844,26184,0
15845,26184,0
15846,26184,0
15847,26184,0
15848,26184,0
15849,22535,2706
15850,26184,0
15851,18487,6276
15852,26184,0
15853,26184,0
15854,26184,0
15855,26184,0
15856,26184,0
15857,26184,0
15858,26184,0
15859,23365,2054
15860,26184,0
15861,26184,0
15862,26184,0
15863,25358,578
15864,24493,1204
15865,26184,0
15866,14109,11148
15867,26184,0
15868,26184,0
15869,26184,0
15870,22575,2674
15871,26184,0
15872,26184,0
15873,1,202664
15874,26184,0
15875,23534,1924
15876,26184,0
15877,26184,0
15878,24569,1148
15879,26184,0
15880,26184,0
15881,26184,0
15882,25715,326
15883,26184,0
15884,26184,0
15885,26184,0
15886,26184,0
15887,26184,0
15888,26184,0
15889,26184,0
15890,24739,1024
15891,26184,0
15892,26184,0
15893,23282,2118
15894,23082,2274
15895,26184,0
15896,26184,0
15897,26184,0
15898,26184,0
15899,26184,0
15900,26184,0
15901,26184,0
15902,26184,0
15903,25406,544
15904,26184,0
15905,26184,0
15906,26184,0
15907,26184,0
15908,23313,2094
15909,26184,0
15910,26184,0
15911,22508,2728
15912,26184,0
15913,26184,0
15914,26184,0
15915,26184,0
15916,15491,9464
15917,26184,0
15918,26184,0
15919,26184,0
15920,26184,0
15921,26184,0
15922,26184,0
15923,26184,0
15924,23702,1796
15925,24667,1076
15926,26184,0
15927,26184,0
15928,26184,0
15929,26184,0
15930,26184,0
15931,26184,0
15932,26184,0
15933,26184,0
15934,24739,1024
15935,26184,0
15936,26184,0
15937,26184,0
15938,24466,1224
15939,26184,0
15940,23053,2296
15941,26184,0
15942,26184,0
15943,26184,0
15944,26184,0
15945,25384,560
15946,26184,0
15947,25858,226
15948,24569,1148
15949,1158,56216
15950,26184,0
15951,7204,23268
15952,25672,356
15953,26184,0
15954,26184,0
15955,26184,0
15956,26184,0
15957,26184,0
15958,26184,0
15959,22987,2348
15960,25701,336
15961,23378,2044
15962,26184,0
15963,26184,0
15964,26184,0
15965,26184,0
15966,26184,0
15967,26184,0
15968,18780,5992
15969,26184,0
15970,26184,0
15971,26184,0
15972,26184,0
15973,26184,0
15974,25395,552
15975,26184,0
15976,26184,0
15977,25023,818
15978,26184,0
15979,25198,692
15980,26184,0
15981,26184,0
15982,26184,0
15983,26184,0
15984,26184,0
15985,25647,374
15986,26184,0
15987,25959,156
15988,26184,0
15989,26184,0
15990,26184,0
15991,25238,664
15992,26184,0
15993,26184,0
15994,25474,496
15995,20371,4526
15996,26184,0
15997,24739,1024
15998,26184,0
15999,24733,1028
16000,26184,0
16001,25970,148
16002,26184,0
16003,26086,68
16004,6163,26080
16005,26184,0
16006,26184,0
16007,26184,0
16008,26184,0
16009,24585,1136
16010,26184,0
16011,26184,0
16012,26184,0
16013,26184,0
16014,26184,0
16015,25861,224
16016,26184,0
16017,26184,0
16018,26184,0
16019,16343,8498
16020,17643,7118
16021,26184,0
16022,26184,0
16023,25712,328
16024,26184,0
16025,26184,0
16026,25098,764
16027,26184,0
16028,26184,0
16029,26184,0
16030,26184,0
16031,15178,9832
16032,25330,598
16033,26005,124
16034,24879,922
16035,25576,424
16036,26184,0
16037,23765,1748
16038,26184,0
16039,20970,4004
16040,26184,0
16041,26184,0
16042,26184,0
16043,26184,0
16044,25266,644
16045,26184,0
16046,20933,4036
16047,25266,644
16048,26184,0
16049,26184,0
16050,26184,0
16051,17482,7284
16052,26184,0
16053,26184,0
16054,26184,0
16055,26184,0
16056,26184,0
16057,26184,0
16058,26184,0
16059,26184,0
16060,26184,0
16061,26184,0
16062,26184,0
16063,26184,0
16064,26184,0
16065,26184,0
16066,26184,0
16067,26184,0
16068,26184,0
16069,26184,0
16070,26150,24
16071,26016,116
16072,323,79220
16073,26184,0
16074,6243,25848
16075,26184,0
16076,26184,0
16077,26184,0
16078,26184,0
16079,26184,0
16080,26184,0
16081,26184,0
16082,26184,0
16083,25861,224
16084,26184,0
16085,23681,1812
16086,1626,50106
16087,23243,2148
16088,22764,2524
16089,26184,0
16090,26184,0
16091,26184,0
16092,24843,948
16093,26184,0
16094,25576,424
16095,26184,0
16096,26184,0
16097,26184,0
16098,26077,74
16099,26184,0
16100,26184,0
16101,26184,0
16102,24805,976
16103,26184,0
16104,26184,0
16105,24766,1004
16106,26184,0
16107,26184,0
16108,25647,374
16109,26184,0
16110,26184,0
16111,26184,0
16112,23290,2112
16113,26184,0
16114,26184,0
16115,26184,0
16116,26184,0
16117,16932,7860
16118,26184,0
16119,26184,0
16120,25690,344
16121,26184,0
16122,19347,5456
16123,23074,2280
16124,25576,424
16125,22141,3024
16126,25429,528
16127,23834,1696
16128,26184,0
16129,26184,0
16130,26184,0
16131,26184,0
16132,26184,0
16133,25288,628
16134,26184,0
16135,26184,0
16136,25844,236
16137,24569,1148
16138,26184,0
16139,26184,0
16140,26184,0
16141,26184,0
16142,16647,8166
16143,26184,0
16144,26184,0
16145,26184,0
16146,24979,850
16147,26184,0
16148,26184,0
16149,26184,0
16150,26184,0
16151,14761,10334
16152,6269,25774
16153,25294,624
16154,25855,228
16155,24247,1386
16156,26184,0
16157,26184,0
16158,26184,0
16159,26184,0
16160,26184,0
16161,26080,72
16162,26184,0
16163,26184,0
16164,26184,0
16165,26184,0
16166,23702,1796
16167,26184,0
16168,23189,2190
16169,26184,0
16170,26150,24
16171,26184,0
16172,26184,0
16173,25787,276
16174,26184,0
16175,17251,7524
16176,26184,0
16177,26184,0
16178,25576,424
16179,26184,0
16180,26184,0
16181,26184,0
16182,25120,748
16183,26184,0
16184,9360,18548
16185,26184,0
16186,26184,0
16187,26184,0
16188,26184,0
16189,26184,0
16190,26184,0
16191,24733,1028
16192,26184,0
16193,26042,98
16194,26184,0
16195,26184,0
16196,81,104260
16197,26184,0
16198,26184,0
16199,26184,0
16200,26184,0
16201,26184,0
16202,26184,0
16203,21175,3828
16204,24298,1348
16205,26184,0
16206,26184,0
16207,24452,1234
16208,26184,0
16209,19274,5524
16210,26184,0
16211,23324,2086
16212,26184,0
16213,26184,0
16214,23378,2044
16215,24569,1148
16216,26184,0
16217,22890,2424
16218,24263,1374
16219,26184,0
16220,26184,0
16221,26184,0
16222,26184,0
16223,26184,0
16224,25260,648
16225,26184,0
16226,26184,0
16227,21689,3396
16228,25861,224
16229,23184,2194
16230,25015,824
16231,26184,0
16232,26184,0
16233,26184,0
16234,26184,0
16235,26184,0
16236,26184,0
16237,19786,5052
16238,10482,16506
16239,24945,874
16240,25647,374
16241,26184,0
16242,26184,0
16243,25999,128
16244,26184,0
16245,25970,148
16246,26184,0
16247,26184,0
16248,26184,0
16249,26184,0
16250,26184,0
16251,26184,0
16252,26184,0
16253,26184,0
16254,26184,0
16255,26184,0
16256,26184,0
16257,24940,878
16258,26184,0
16259,26184,0
16260,24504,1196
16261,26184,0
16262,26184,0
16263,26184,0
16264,26184,0
16265,26184,0
16266,26184,0
16267,23146,2224
16268,26184,0
16269,26184,0
16270,99,100576
16271,26184,0
16272,26184,0
16273,22794,2500
16274,26184,0
16275,26184,0
16276,8148,21048
16277,26184,0
16278,26184,0
16279,25294,624
16280,25212,682
16281,26184,0
16282,26184,0
16283,26184,0
16284,24422,1256
16285,26184,0
16286,24739,1024
16287,26184,0
16288,26184,0
16289,26184,0
16290,24714,1042
16291,26184,0
16292,25888,205
16293,24990,842
16294,26184,0
16295,26184,0
16296,26184,0
16297,26184,0
16298,25009,828
16299,26184,0
16300,26184,0
16301,26184,0
16302,26184,0
16303,26184,0
16304,26184,0
16305,24777,996
16306,26184,0
16307,26184,0
16308,26184,0
16309,22766,2522
16310,26184,0
16311,26184,0
16312,20725,4216
16313,26184,0
16314,25827,248
16315,1486,51724
16316,26184,0
16317,26184,0
16318,26184,0
16319,26184,0
16320,26184,0
16321,25226,672
16322,25704,334
16323,26184,0
16324,26184,0
16325,26184,0
16326,26184,0
16327,26184,0
16328,23995,1574
16329,24325,1328
16330,24062,1524
16331,26184,0
16332,26184,0
16333,26184,0
16334,25400,548
16335,26184,0
16336,26184,0
16337,25861,224
16338,26184,0
16339,24035,1544
16340,26184,0
16341,26184,0
16342,26184,0
16343,26184,0
16344,26184,0
16345,26184,0
16346,24794,984
16347,23731,1774
16348,26184,0
16349,26184,0
16350,26184,0
16351,26040,100
16352,26184,0
16353,26184,0
16354,26184,0
16355,26184,0
16356,26184,0
16357,26184,0
16358,25277,636
16359,25015,824
16360,26184,0
16361,26184,0
16362,26184,0
16363,26184,0
16364,26184,0
16365,26184,0
16366,23863,1674
16367,26184,0
16368,26184,0
16369,23865,1672
16370,26184,0
16371,26184,0
16372,26184,0
16373,23187,2192
16374,24956,866
16375,26184,0
16376,25970,148
16377,26184,0
16378,26184,0
16379,26184,0
16380,18336,6424
16381,22784,2508
16382,26184,0
16383,26184,0
16384,26184,0
16385,26184,0
16386,24460,1228
16387,26184,0
16388,26184,0
16389,26184,0
16390,26184,0
16391,26184,0
16392,26077,74
16393,26184,0
16394,26184,0
16395,25109,756
16396,26080,72
16397,26184,0
16398,26184,0
16399,26184,0
16400,26184,0
16401,26184,0
16402,24926,888
16403,26184,0
16404,26184,0
16405,25471,498
16406,26184,0
16407,23133,2234
16408,23929,1624
16409,26184,0
16410,24062,1524
16411,25196,694
16412,26184,0
16413,17011,7776
16414,26184,0
16415,26184,0
16416,26184,0
16417,25718,324
16418,26184,0
16419,26121,44
16420,26184,0
16421,24393,1278
16422,26184,0
16423,23404,2024
16424,23274,2124
16425,26184,0
16426,24926,888
16427,24515,1188
16428,26184,0
16429,23388,2036
16430,26184,0
16431,26184,0
16432,26184,0
16433,26184,0
16434,26184,0
16435,26184,0
16436,26184,0
16437,8557,20164
16438,24656,1084
16439,26184,0
16440,25009,828
16441,26184,0
16442,26184,0
16443,26184,0
16444,26184,0
16445,26184,0
16446,22220,2960
16447,26184,0
16448,26184,0
16449,13283,12236
16450,26184,0
16451,26184,0
16452,26184,0
16453,22560,2686
16454,26184,0
16455,26184,0
16456,25827,248
16457,23061,2290
16458,26184,0
16459,26184,0
16460,26184,0
16461,26184,0
16462,26184,0
16463,25477,494
16464,26184,0
16465,26184,0
16466,26184,0
16467,25947,164
16468,26184,0
16469,26184,0
16470,26184,0
16471,26115,48
16472,26184,0
16473,26184,0
16474,26184,0
16475,26184,0
16476,22749,2536
16477,17066,7718
16478,26184,0
16479,26184,0
16480,26184,0
16481,26184,0
16482,26184,0
16483,25519,464
16484,26184,0
16485,12351,13548
16486,26184,0
16487,26184,0
16488,25690,344
16489,23781,1736
16490,26184,0
16491,26184,0
16492,26184,0
16493,26184,0
16494,26184,0
16495,24490,1206
16496,26184,0
16497,22356,2850
16498,26184,0
16499,22990,2346
16500,26184,0
16501,21853,3260
16502,23300,2104
16503,26184,0
16504,26184,0
16505,26184,0
16506,26184,0
16507,26184,0
16508,26184,0
16509,26184,0
16510,26184,0
16511,26184,0
16512,24466,1224
16513,23308,2098
16514,26184,0
16515,26184,0
16516,26184,0
16517,26184,0
16518,26184,0
16519,26184,0
16520,26184,0
16521,25513,468
16522,26184,0
16523,26184,0
16524,26184,0
16525,25718,324
16526,26184,0
16527,26184,0
16528,26184,0
16529,21190,3816
16530,26184,0
16531,25429,528
16532,13742,11624
16533,26184,0
16534,25148,728
16535,26184,0
16536,25294,624
16537,26184,0
16538,24089,1504
16539,26184,0
16540,24094,1500
16541,26184,0
16542,25784,278
16543,26184,0
16544,26184,0
16545,26184,0
16546,26184,0
16547,26184,0
16548,26184,0
16549,23386,2038
16550,26184,0
16551,26184,0
16552,26184,0
16553,26184,0
16554,25684,348
16555,26184,0
16556,23660,1828
16557,26184,0
16558,26184,0
16559,24132,1472
16560,26184,0
16561,26184,0
16562,26184,0
16563,26184,0
16564,26184,0
16565,24945,874
16566,26184,0
16567,26184,0
16568,25815,256
16569,26184,0
16570,26184,0
16571,18263,6496
16572,25684,348
16573,26184,0
16574,23599,1874
16575,25970,148
16576,24536,1172
16577,26132,36
16578,26184,0
16579,26184,0
16580,25294,624
16581,22969,2362
16582,23810,1714
16583,25154,724
16584,26184,0
16585,26184,0
16586,26184,0
16587,26184,0
16588,24860,936
16589,26184,0
16590,26184,0
16591,25496,480
16592,26184,0
16593,21555,3508
16594,26184,0
16595,26184,0
16596,26184,0
16597,26184,0
16598,26184,0
16599,26184,0
16600,24981,848
16601,26184,0
16602,26184,0
16603,26184,0
16604,26184,0
16605,18986,5796
16606,26184,0
16607,26184,0
16608,26184,0
16609,24153,1456
16610,26184,0
16611,26184,0
16612,26184,0
16613,23613,1864
16614,25488,486
16615,21331,3696
16616,26115,48
16617,26184,0
16618,26184,0
16619,26184,0
16620,26184,0
16621,20907,4058
16622,26184,0
16623,26150,24
16624,25576,424
16625,26184,0
16626,26184,0
16627,26184,0
16628,25120,748
16629,26184,0
16630,25505,474
16631,25429,528
16632,26184,0
16633,26184,0
16634,26184,0
16635,26184,0
16636,22383,2828
16637,26184,0
16638,20755,4190
16639,26184,0
16640,26184,0
16641,26184,0
16642,25358,578
16643,26184,0
16644,25316,608
16645,26184,0
16646,24558,1156
16647,25896,200
16648,25395,552
16649,26184,0
16650,26184,0
16651,26184,0
16652,26184,0
16653,26184,0
16654,23871,1668
16655,26184,0
16656,26184,0
16657,26184,0
16658,25744,306
16659,26184,0
16660,26184,0
16661,26184,0
16662,26184,0
16663,26184,0
16664,24569,1148
16665,26150,24
16666,21531,3528
16667,26184,0
16668,22608,2648
16669,26184,0
16670,26184,0
16671,26184,0
16672,26184,0
16673,26184,0
16674,26184,0
16675,22291,2902
16676,26184,0
16677,26184,0
16678,26184,0
16679,26184,0
16680,26184,0
16681,26184,0
16682,20362,4534
16683,26184,0
16684,26184,0
16685,26184,0
16686,25718,324
16687,26184,0
16688,26184,0
16689,26184,0
16690,25294,624
16691,26184,0
16692,26184,0
16693,25976,144
16694,26184,0
16695,26184,0
16696,18438,6324
16697,26184,0
16698,26184,0
16699,22388,2824
16700,26184,0
16701,25232,668
16702,26184,0
16703,26184,0
16704,1822,48050
16705,25499,478
16706,26184,0
16707,26184,0
16708,26184,0
16709,26184,0
16710,26184,0
16711,26184,0
16712,25406,544
16713,26184,0
16714,26184,0
16715,26184,0
16716,26184,0
16717,24945,874
16718,26184,0
16719,25772,286
16720,26184,0
16721,25898,198
16722,26184,0
16723,25232,668
16724,26184,0
16725,26184,0
16726,23259,2136
16727,24263,1374
16728,26184,0
16729,26184,0
16730,26184,0
16731,26184,0
16732,26184,0
16733,26184,0
16734,26184,0
16735,26184,0
16736,26184,0
16737,26184,0
16738,21749,3346
16739,26184,0
16740,23765,1748
16741,22842,2462
16742,26184,0
16743,26184,0
16744,26184,0
16745,26184,0
16746,26184,0
16747,26184,0
16748,26184,0
16749,26184,0
16750,25336,594
16751,26184,0
16752,23849,1684
16753,15997,8884
16754,26184,0
16755,26184,0
16756,26184,0
16757,4708,30936
16758,22070,3082
16759,26184,0
16760,26184,0
16761,26184,0
16762,18033,6724
16763,26184,0
16764,22623,2636
16765,26184,0
16766,26184,0
16767,26184,0
16768,26184,0
16769,26184,0
16770,26184,0
16771,26184,0
16772,25832,244
16773,614,67668
16774,26184,0
16775,26184,0
16776,26184,0
16777,26184,0
16778,26184,0
16779,26184,0
16780,26184,0
16781,22583,2668
16782,26184,0
16783,26184,0
16784,20902,4062
16785,26184,0
16786,26184,0
16787,26184,0
16788,26184,0
16789,26184,0
16790,26184,0
16791,26184,0
16792,26184,0
16793,26184,0
16794,26184,0
16795,26184,0
16796,23665,1824
16797,25988,136
16798,26184,0
16799,26184,0
16800,26184,0
16801,24860,936
16802,26184,0
16803,26184,0
16804,26184,0
16805,26184,0
16806,19347,5456
16807,25190,698
16808,26184,0
16809,24572,1146
16810,26184,0
16811,26184,0
16812,24860,936
16813,26184,0
16814,26184,0
16815,25081,776
16816,26184,0
16817,26184,0
16818,25542,448
16819,23733,1772
16820,22951,2376
16821,26184,0
16822,25400,548
16823,25970,148
16824,26184,0
16825,25661,364
16826,26184,0
16827,26184,0
16828,25861,224
16829,26184,0
16830,26184,0
16831,26184,0
16832,26184,0
16833,26184,0
16834,26184,0
16835,26184,0
16836,26184,0
16837,24596,1128
16838,26184,0
16839,26184,0
16840,26184,0
16841,26184,0
16842,26184,0
16843,26184,0
16844,26184,0
16845,25278,635
16846,26184,0
16847,26184,0
16848,26184,0
16849,22117,3044
16850,26184,0
16851,24632,1102
16852,26150,24
16853,26184,0
16854,26184,0
16855,26150,24
16856,22671,2598
16857,26184,0
16858,26184,0
16859,26184,0
16860,26184,0
16861,26184,0
16862,26184,0
16863,25601,406
16864,25224,674
16865,26184,0
16866,26184,0
16867,26184,0
16868,24121,1480
16869,25553,440
16870,26184,0
16871,26184,0
16872,26184,0
16873,26184,0
16874,26184,0
16875,26184,0
16876,20310,4580
16877,26184,0
16878,26184,0
16879,26184,0
16880,26184,0
16881,26184,0
16882,17736,7024
16883,26184,0
16884,26184,0
16885,25364,574
16886,26184,0
16887,24695,1056
16888,26184,0
16889,26184,0
16890,25040,806
16891,26115,48
16892,26184,0
16893,26184,0
16894,26184,0
16895,26184,0
16896,26184,0
16897,26184,0
16898,25933,174
16899,26184,0
16900,22824,2476
16901,26184,0
16902,23902,1644
16903,26184,0
16904,3802,34792
16905,26184,0
16906,26184,0
16907,23375,2046
16908,26184,0
16909,26184,0
16910,26184,0
16911,26184,0
16912,20635,4294
16913,25970,148
16914,26184,0
16915,11377,15028
16916,23130,2236
16917,26184,0
16918,24730,1030
16919,26184,0
16920,26184,0
16921,26184,0
16922,24091,1502
16923,14720,10384
16924,26184,0
16925,24196,1424
16926,26184,0
16927,26184,0
16928,26184,0
16929,26184,0
16930,26184,0
16931,26184,0
16932,26184,0
16933,26184,0
16934,26184,0
16935,23924,1628
16936,26184,0
16937,25916,186
16938,26184,0
16939,22109,3050
16940,95,101376
16941,26184,0
16942,26184,0
16943,25570,428
16944,26184,0
16945,26184,0
16946,26184,0
16947,26184,0
16948,26184,0
16949,14405,10774
16950,25576,424
16951,26184,0
16952,23274,2124
16953,25570,428
16954,23469,1974
16955,26184,0
16956,26184,0
16957,26184,0
16958,26184,0
16959,26184,0
16960,26184,0
16961,26184,0
16962,26184,0
16963,26184,0
16964,25294,624
16965,26184,0
16966,25355,580
16967,26184,0
16968,26184,0
16969,26184,0
16970,26184,0
16971,25618,394
16972,26184,0
16973,25460,506
16974,24534,1174
16975,25400,548
16976,26184,0
16977,26184,0
16978,26184,0
16979,24981,848
16980,26184,0
16981,26150,24
16982,26184,0
16983,26184,0
16984,24656,1084
16985,26184,0
16986,26184,0
16987,26184,0
16988,26184,0
16989,26184,0
16990,26184,0
16991,26184,0
16992,26184,0
16993,26184,0
16994,26184,0
16995,26184,0
16996,26184,0
16997,26184,0
16998,26184,0
16999,26184,0
17000,3812,34742
17001,26184,0
17002,25718,324
17003,26184,0
17004,6030,26474
17005,26184,0
17006,24062,1524
17007,26184,0
17008,26184,0
17009,26184,0
17010,20482,4428
17011,25827,248
17012,23660,1828
17013,1032,58298
17014,14442,10728
17015,26184,0
17016,26184,0
17017,26184,0
17018,26184,0
17019,25832,244
17020,17172,7606
17021,26184,0
17022,26184,0
17023,23665,1824
17024,26184,0
17025,26184,0
17026,25570,428
17027,26184,0
17028,23597,1876
17029,26150,24
17030,26184,0
17031,26184,0
17032,26184,0
17033,26184,0
17034,26184,0
17035,24708,1046
17036,26184,0
17037,26184,0
17038,25542,448
17039,26184,0
17040,26184,0
17041,26184,0
17042,22321,2878
17043,23950,1608
17044,25040,806
17045,25647,374
17046,26184,0
17047,26184,0
17048,26184,0
17049,26184,0
17050,26184,0
17051,26184,0
17052,26184,0
17053,26184,0
17054,26184,0
17055,26184,0
17056,26184,0
17057,19816,5024
17058,26184,0
17059,26184,0
17060,26184,0
17061,17687,7074
17062,26184,0
17063,26184,0
17064,26184,0
17065,26184,0
17066,26184,0
17067,26184,0
17068,26184,0
17069,24575,1144
17070,26184,0
17071,26184,0
17072,24266,1372
17073,26184,0
17074,26184,0
17075,26074,76
17076,26184,0
17077,22665,2602
17078,26184,0
17079,26184,0
17080,24279,1362
17081,26184,0
17082,26184,0
17083,26184,0
17084,26184,0
17085,24976,852
17086,25827,248
17087,26150,24
17088,26184,0
17089,26184,0
17090,26184,0
17091,25482,490
17092,26184,0
17093,26184,0
17094,26184,0
17095,25664,362
17096,25718,324
17097,26184,0
17098,26184,0
17099,26184,0
17100,26184,0
17101,24062,1524
17102,24504,1196
17103,26184,0
17104,26184,0
17105,26184,0
17106,23007,2332
17107,26184,0
17108,26184,0
17109,24739,1024
17110,26184,0
17111,17453,7314
17112,26184,0
17113,26184,0
17114,23018,2324
17115,26184,0
17116,26184,0
17117,26184,0
17118,25499,478
17119,26184,0
17120,26184,0
17121,26184,0
17122,26184,0
17123,23969,1594
17124,26184,0
17125,26184,0
17126,26184,0
17127,26184,0
17128,26184,0
17129,22794,2500
17130,26184,0
17131,26184,0
17132,26184,0
17133,24670,1074
17134,25530,456
17135,26184,0
17136,26184,0
17137,26184,0
17138,26184,0
17139,25718,324
17140,24843,948
17141,25198,692
17142,26184,0
17143,26184,0
17144,24545,1166
17145,6470,25204
17146,20044,4818
17147,26184,0
17148,25201,690
17149,23013,2328
17150,26184,0
17151,26184,0
17152,14942,10114
17153,26184,0
17154,2479,42502
17155,26184,0
17156,25988,136
17157,26184,0
17158,26184,0
17159,26184,0
17160,25176,708
17161,26184,0
17162,26184,0
17163,26184,0
17164,26184,0
17165,26184,0
17166,26184,0
17167,26184,0
17168,21478,3572
17169,25618,394
17170,26184,0
17171,26184,0
17172,26184,0
17173,26184,0
17174,26184,0
17175,22311,2886
17176,26184,0
17177,26071,78
17178,26184,0
17179,22136,3028
17180,22771,2518
17181,26184,0
17182,26184,0
17183,25718,324
17184,17975,6782
17185,26184,0
17186,26184,0
17187,26184,0
17188,26184,0
17189,25898,198
17190,26184,0
17191,26184,0
17192,24640,1096
17193,26184,0
17194,26184,0
17195,26184,0
17196,26184,0
17197,18458,6304
17198,26184,0
17199,21790,3312
17200,25070,784
17201,19543,5274
17202,26184,0
17203,26184,0
17204,24033,1546
17205,26184,0
17206,19459,5352
17207,25513,468
17208,26184,0
17209,24741,1022
17210,21000,3978
17211,25104,760
17212,26184,0
17213,26184,0
17214,23995,1574
17215,23043,2304
17216,24849,944
17217,26184,0
17218,26184,0
17219,26115,48
17220,25148,728
17221,26184,0
17222,26184,0
17223,26184,0
17224,26184,0
17225,26184,0
17226,26184,0
17227,26184,0
17228,21626,3448
17229,26184,0
17230,26184,0
17231,26184,0
17232,26184,0
17233,26184,0
17234,26184,0
17235,26184,0
17236,26184,0
17237,26184,0
17238,26184,0
17239,20306,4584
17240,26184,0
17241,26184,0
17242,26184,0
17243,26184,0
17244,23461,1980
17245,26184,0
17246,26184,0
17247,26184,0
17248,26184,0
17249,26184,0
17250,26184,0
17251,26184,0
17252,26063,84
17253,26184,0
17254,26184,0
17255,22530,2710
17256,24984,846
17257,26184,0
17258,26184,0
17259,25084,774
17260,26184,0
17261,26184,0
17262,5162,29278
17263,21531,3528
17264,26184,0
17265,26184,0
17266,26184,0
17267,25017,822
17268,26184,0
17269,23373,2048
17270,26184,0
17271,26184,0
17272,26184,0
17273,26184,0
17274,26184,0
17275,26184,0
17276,26184,0
17277,25305,616
17278,26184,0
17279,21355,3676
17280,26184,0
17281,26184,0
17282,26184,0
17283,26184,0
17284,26184,0
17285,26184,0
17286,26184,0
17287,26184,0
17288,22225,2956
17289,26184,0
17290,26184,0
17291,20921,4046
17292,22954,2374
17293,26184,0
17294,22608,2648
17295,25570,428
17296,26184,0
17297,26184,0
17298,26184,0
17299,26184,0
17300,26184,0
17301,26184,0
17302,17243,7532
17303,23120,2244
17304,26184,0
17305,26184,0
17306,24876,924
17307,24695,1056
17308,26184,0
17309,26144,28
17310,26150,24
17311,25260,648
17312,26184,0
17313,26184,0
17314,26184,0
17315,26184,0
17316,26184,0
17317,26184,0
17318,26184,0
17319,26184,0
17320,22112,3048
17321,26184,0
17322,19468,5344
17323,26184,0
17324,26184,0
17325,26184,0
17326,22728,2552
17327,26184,0
17328,25878,212
17329,19289,5510
17330,26184,0
17331,26184,0
17332,26184,0
17333,26184,0
17334,26184,0
17335,25547,444
17336,26184,0
17337,26184,0
17338,26184,0
17339,17785,6974
17340,26184,0
17341,26184,0
17342,26184,0
17343,26184,0
17344,26184,0
17345,23311,2096
17346,26184,0
17347,26184,0
17348,26184,0
17349,19643,5182
17350,26184,0
17351,26184,0
17352,26184,0
17353,25718,324
17354,26184,0
17355,26184,0
17356,26184,0
17357,26184,0
17358,25933,174
17359,26184,0
17360,26184,0
17361,26184,0
17362,20745,4198
17363,26184,0
17364,26184,0
17365,26184,0
17366,26184,0
17367,26184,0
17368,26184,0
17369,26184,0
17370,26184,0
17371,26184,0
17372,22230,2952
17373,26184,0
17374,26184,0
17375,26184,0
17376,26184,0
17377,24871,928
17378,26184,0
17379,26184,0
17380,21882,3236
17381,26184,0
17382,20346,4548
17383,26184,0
17384,20946,4024
17385,26184,0
17386,26184,0
17387,26184,0
17388,24843,948
17389,23141,2228
17390,26184,0
17391,26184,0
17392,25641,378
17393,26184,0
17394,26184,0
17395,26184,0
17396,22141,3024
17397,26184,0
17398,26184,0
17399,26184,0
17400,22423,2796
17401,26184,0
17402,26184,0
17403,26184,0
17404,26184,0
17405,26184,0
17406,26184,0
17407,22483,2748
17408,26184,0
17409,26184,0
17410,26184,0
17411,26184,0
17412,26184,0
17413,26184,0
17414,22987,2348
17415,26184,0
17416,25499,478
17417,20715,4224
17418,26184,0
17419,26184,0
17420,26184,0
17421,26184,0
17422,26184,0
17423,23141,2228
17424,18747,6024
17425,25434,524
17426,21507,3548
17427,24569,1148
17428,26184,0
17429,25576,424
17430,21270,3748
17431,26184,0
17432,26184,0
17433,26184,0
17434,26184,0
17435,26184,0
17436,24433,1248
17437,26184,0
17438,26184,0
17439,26184,0
17440,26184,0
17441,26184,0
17442,26184,0
17443,26184,0
17444,26184,0
17445,26184,0
17446,26184,0
17447,26184,0
17448,13292,12224
17449,26184,0
17450,23445,1992
17451,26184,0
17452,25260,648
17453,26184,0
17454,24223,1404
17455,26184,0
17456,26184,0
17457,26184,0
17458,26184,0
17459,13608,11800
17460,21735,3358
17461,26184,0
17462,26184,0
17463,22304,2892
17464,26184,0
17465,26184,0
17466,25446,516
17467,23404,2024
17468,26184,0
17469,26184,0
17470,25824,250
17471,26121,44
17472,20702,4236
17473,26184,0
17474,24330,1324
17475,23815,1710
17476,26184,0
17477,26184,0
17478,26184,0
17479,22383,2828
17480,25389,556
17481,21802,3302
17482,23487,1960
17483,25884,208
17484,25079,778
17485,26184,0
17486,26184,0
17487,26184,0
17488,26184,0
17489,26184,0
17490,26184,0
17491,26184,0
17492,25827,248
17493,26184,0
17494,23399,2028
17495,26184,0
17496,25701,336
17497,26184,0
17498,21319,3706
17499,26184,0
17500,26184,0
17501,26184,0
17502,26184,0
17503,24030,1548
17504,26184,0
17505,26184,0
17506,26184,0
17507,26150,24
17508,26184,0
17509,26184,0
17510,26184,0
17511,26184,0
17512,26184,0
17513,26184,0
17514,25294,624
17515,25570,428
17516,26184,0
17517,26184,0
17518,25079,778
17519,14606,10524
17520,24678,1068
17521,26184,0
17522,25154,724
17523,26184,0
17524,26184,0
17525,26184,0
17526,26184,0
17527,26184,0
17528,26184,0
17529,26184,0
17530,26184,0
17531,26184,0
17532,26184,0
17533,26184,0
17534,26184,0
17535,26184,0
17536,26184,0
17537,26184,0
17538,26184,0
17539,26184,0
17540,26184,0
17541,25260,648
17542,26184,0
17543,377,76436
17544,26144,28
17545,26184,0
17546,26184,0
17547,25148,728
17548,24309,1340
17549,22701,2574
17550,26184,0
17551,26184,0
17552,26184,0
17553,26184,0
17554,26184,0
17555,21953,3178
17556,22928,2394
17557,26184,0
17558,26184,0
17559,26184,0
17560,23945,1612
17561,26184,0
17562,25712,328
17563,23218,2168
17564,26184,0
17565,26184,0
17566,12182,13796
17567,26184,0
17568,26184,0
17569,26184,0
17570,21989,3148
17571,26184,0
17572,26184,0
17573,25718,324
17574,23243,2148
17575,26115,48
17576,26184,0
17577,25530,456
17578,26184,0
17579,26184,0
17580,25570,428
17581,26184,0
17582,25547,444
17583,14525,10624
17584,26184,0
17585,26184,0
17586,26184,0
17587,26184,0
17588,26184,0
17589,26184,0
17590,26184,0
17591,26184,0
17592,26184,0
17593,25288,628
17594,26184,0
17595,26184,0
17596,26184,0
17597,25429,528
17598,26184,0
17599,26184,0
17600,21868,3248
17601,26184,0
17602,25999,128
17603,24970,856
17604,26184,0
17605,26184,0
17606,23883,1659
17607,26184,0
17608,26184,0
17609,26184,0
17610,26184,0
17611,26184,0
17612,26184,0
17613,26184,0
17614,26184,0
17615,26184,0
17616,26184,0
17617,24458,1230
17618,26184,0
17619,23243,2148
17620,25718,324
17621,14792,10296
17622,26184,0
17623,26184,0
17624,26184,0
17625,23179,2198
17626,24695,1056
17627,26184,0
17628,26184,0
17629,22326,2874
17630,26184,0
17631,26184,0
17632,8590,20094
17633,26184,0
17634,26184,0
17635,25970,148
17636,26184,0
17637,1294,54220
17638,26184,0
17639,18460,6302
17640,19369,5436
17641,26184,0
17642,26184,0
17643,20100,4768
17644,1594,50468
17645,26184,0
17646,26184,0
17647,22638,2624
17648,26184,0
17649,25471,498
17650,25844,236
17651,26115,48
17652,26184,0
17653,25970,148
17654,20621,4306
17655,26184,0
17656,25400,548
17657,26184,0
17658,26184,0
17659,26184,0
17660,1631,50048
17661,26184,0
17662,26184,0
17663,23665,1824
17664,26184,0
17665,26184,0
17666,25336,594
17667,26184,0
17668,23929,1624
17669,26184,0
17670,26184,0
17671,26184,0
17672,26184,0
17673,26184,0
17674,26184,0
17675,13440,12024
17676,26184,0
17677,25429,528
17678,26184,0
17679,26184,0
17680,26184,0
17681,26184,0
17682,26184,0
17683,26184,0
17684,26184,0
17685,1,193788
17686,26184,0
17687,26184,0
17688,5782,27232
17689,22678,2592
17690,26184,0
17691,26184,0
17692,26184,0
17693,26184,0
17694,26184,0
17695,26184,0
17696,26184,0
17697,26184,0
17698,26184,0
17699,26184,0
17700,24706,1048
17701,26005,124
17702,26184,0
17703,26184,0
17704,26184,0
17705,22508,2728
17706,23102,2258
17707,26184,0
17708,26184,0
17709,18389,6372
17710,26184,0
17711,25154,724
17712,22638,2624
17713,26184,0
17714,26184,0
17715,26184,0
17716,25400,548
17717,26184,0
17718,26184,0
17719,26184,0
17720,26184,0
17721,24035,1544
17722,26184,0
17723,26184,0
17724,26184,0
17725,26184,0
17726,22708,2568
17727,24003,1568
17728,25224,674
17729,24433,1248
17730,22242,2942
17731,26184,0
17732,26184,0
17733,26184,0
17734,26184,0
17735,26184,0
17736,26184,0
17737,26184,0
17738,26184,0
17739,26184,0
17740,1498,51586
17741,26184,0
17742,26184,0
17743,23534,1924
17744,26184,0
17745,26184,0
17746,26184,0
17747,26184,0
17748,26184,0
17749,25547,444
17750,24632,1102
17751,23929,1624
17752,25861,224
17753,26184,0
17754,26184,0
17755,16894,7900
17756,25999,128
17757,26184,0
17758,14717,10388
17759,26184,0
17760,26184,0
17761,26184,0
17762,26184,0
17763,26184,0
17764,23007,2332
17765,26184,0
17766,25381,562
17767,26184,0
17768,26184,0
17769,26184,0
17770,25732,314
17771,26184,0
17772,24602,1124
17773,26184,0
17774,25154,724
17775,26150,24
17776,26184,0
17777,24970,856
17778,26184,0
17779,26184,0
17780,26184,0
17781,26184,0
17782,14588,10546
17783,26184,0
17784,26184,0
17785,25827,248
17786,26184,0
17787,26184,0
17788,26184,0
17789,26184,0
17790,26184,0
17791,26184,0
17792,26184,0
17793,25988,136
17794,15272,9720
17795,26121,44
17796,16872,7924
17797,26184,0
17798,26184,0
17799,23762,1750
17800,24923,890
17801,21355,3676
17802,25618,394
17803,26184,0
17804,26184,0
17805,26184,0
17806,26184,0
17807,25457,508
17808,26005,124
17809,26184,0
17810,26184,0
17811,26184,0
17812,25015,824
17813,26184,0
17814,24314,1336
17815,26184,0
17816,26184,0
17817,26184,0
17818,25778,282
17819,26184,0
17820,26184,0
17821,22050,3098
17822,26184,0
17823,26184,0
17824,25755,298
17825,26184,0
17826,26184,0
17827,26042,98
17828,13195,12356
17829,26184,0
17830,26184,0
17831,26184,0
17832,23760,1752
17833,26184,0
17834,26184,0
17835,26184,0
17836,1624,50124
17837,26184,0
17838,26184,0
17839,26184,0
17840,26184,0
17841,24821,964
17842,26184,0
17843,26184,0
17844,26184,0
17845,26184,0
17846,25294,624
17847,25758,296
17848,26184,0
17849,25530,456
17850,26184,0
17851,26184,0
17852,26184,0
17853,26184,0
17854,22954,2374
17855,23902,1644
17856,26184,0
17857,20633,4296
17858,26184,0
17859,26184,0
17860,26184,0
17861,26184,0
17862,26184,0
17863,26184,0
17864,26184,0
17865,24871,928
17866,26184,0
17867,25513,468
17868,18536,6228
17869,26184,0
17870,26184,0
17871,26184,0
17872,23280,2120
17873,26184,0
17874,26184,0
17875,25434,524
17876,26184,0
17877,26184,0
17878,26184,0
17879,24504,1196
17880,26132,36
17881,26184,0
17882,26184,0
17883,26184,0
17884,26184,0
17885,26184,0
17886,26184,0
17887,26184,0
17888,23298,2106
17889,26184,0
17890,26184,0
17891,26184,0
17892,26184,0
17893,26080,72
17894,26184,0
17895,26184,0
17896,26184,0
17897,26184,0
17898,26184,0
17899,25505,474
17900,26184,0
17901,26184,0
17902,25417,536
17903,26184,0
17904,26184,0
17905,26184,0
17906,26184,0
17907,26184,0
17908,26184,0
17909,25429,528
17910,26184,0
17911,26184,0
17912,26184,0
17913,25434,524
17914,26184,0
17915,26184,0
17916,26086,68
17917,23660,1828
17918,25844,236
17919,25015,824
17920,26184,0
17921,26184,0
17922,26184,0
17923,26184,0
17924,26184,0
17925,24271,1368
17926,23368,2052
17927,26184,0
17928,26184,0
17929,26184,0
17930,24651,1088
17931,26005,124
17932,25154,724
17933,26184,0
17934,26121,44
17935,26184,0
17936,26184,0
17937,26184,0
17938,26184,0
17939,26184,0
17940,26184,0
17941,16779,8024
17942,26184,0
17943,26184,0
17944,26184,0
17945,26184,0
17946,26184,0
17947,26184,0
17948,26184,0
17949,26184,0
17950,21997,3142
17951,26048,94
17952,25570,428
17953,26184,0
17954,26184,0
17955,26184,0
17956,26184,0
17957,25471,498
17958,26184,0
17959,25240,662
17960,25973,146
17961,26184,0
17962,24059,1526
17963,26184,0
17964,21369,3664
17965,26184,0
17966,26184,0
17967,26184,0
17968,26184,0
17969,26184,0
17970,26184,0
17971,26184,0
17972,26184,0
17973,26184,0
17974,26184,0
17975,25249,656
17976,26184,0
17977,26184,0
17978,26184,0
17979,25718,324
17980,26184,0
17981,26184,0
17982,26184,0
17983,24722,1036
17984,26184,0
17985,25266,644
17986,26184,0
17987,26184,0
17988,25976,144
17989,26184,0
17990,26184,0
17991,21603,3468
17992,26184,0
17993,26121,44
17994,26184,0
17995,26184,0
17996,26184,0
17997,26184,0
17998,26184,0
17999,23987,1580
18000,26184,0
18001,26184,0
18002,26184,0
18003,26184,0
18004,26184,0
18005,26184,0
18006,26184,0
18007,25950,162
18008,26184,0
18009,26184,0
18010,26184,0
18011,25827,248
18012,26184,0
18013,12735,12996
18014,26184,0
18015,26184,0
18016,26184,0
18017,26184,0
18018,20660,4272
18019,19509,5306
18020,22458,2768
18021,26184,0
18022,21471,3578
18023,26184,0
18024,22358,2848
18025,25712,328
18026,26184,0
18027,26184,0
18028,26184,0
18029,26184,0
18030,26184,0
18031,26184,0
18032,26184,0
18033,26184,0
18034,26184,0
18035,25009,828
18036,25916,186
18037,26184,0
18038,26184,0
18039,26184,0
18040,26184,0
18041,26184,0
18042,26184,0
18043,26184,0
18044,26184,0
18045,25249,656
18046,26184,0
18047,26184,0
18048,26184,0
18049,26184,0
18050,26184,0
18051,26184,0
18052,21359,3672
18053,26184,0
18054,26184,0
18055,26184,0
18056,19091,5696
18057,26184,0
18058,26184,0
18059,25406,544
18060,26184,0
18061,26184,0
18062,24832,956
18063,6348,25548
18064,25294,624
18065,22819,2480
18066,14728,10374
18067,26184,0
18068,26184,0
18069,26184,0
18070,26184,0
18071,26184,0
18072,26184,0
18073,25789,274
18074,26184,0
18075,26184,0
18076,26184,0
18077,26184,0
18078,26184,0
18079,24118,1482
18080,26184,0
18081,26184,0
18082,26184,0
18083,26184,0
18084,26184,0
18085,26184,0
18086,26184,0
18087,26184,0
18088,26184,0
18089,26184,0
18090,26184,0
18091,25855,228
18092,25406,544
18093,26184,0
18094,25789,274
18095,26184,0
18096,26184,0
18097,26184,0
18098,26184,0
18099,26184,0
18100,25576,424
18101,25718,324
18102,26184,0
18103,25154,724
18104,26184,0
18105,26184,0
18106,26184,0
18107,26184,0
18108,26184,0
18109,26184,0
18110,26184,0
18111,17231,7544
18112,26184,0
18113,26184,0
18114,26184,0
18115,26184,0
18116,26132,36
18117,26184,0
18118,26184,0
18119,26184,0
18120,26184,0
18121,26184,0
18122,26184,0
18123,26184,0
18124,26184,0
18125,25547,444
18126,26184,0
18127,26184,0
18128,26184,0
18129,26184,0
18130,26184,0
18131,25970,148
18132,26184,0
18133,24876,924
18134,23584,1886
18135,26184,0
18136,26184,0
18137,26184,0
18138,25832,244
18139,22296,2898
18140,26184,0
18141,26184,0
18142,26184,0
18143,26184,0
18144,26184,0
18145,26184,0
18146,26150,24
18147,26184,0
18148,26184,0
18149,25184,702
18150,22660,2606
18151,26184,0
18152,23002,2336
18153,26184,0
18154,25406,544
18155,26184,0
18156,26184,0
18157,26184,0
18158,20351,4544
18159,26184,0
18160,26184,0
18161,26184,0
18162,26184,0
18163,26184,0
18164,26184,0
18165,26184,0
18166,26184,0
18167,11703,14520
18168,26184,0
18169,26184,0
18170,26184,0
18171,26184,0
18172,26184,0
18173,26184,0
18174,1133,56616
18175,26184,0
18176,24196,1424
18177,26184,0
18178,25861,224
18179,26184,0
18180,23702,1796
18181,26184,0
18182,23339,2074
18183,25092,768
18184,26184,0
18185,26184,0
18186,20261,4624
18187,26184,0
18188,407,75056
18189,26184,0
18190,26184,0
18191,24876,924
18192,18743,6028
18193,26184,0
18194,26144,28
18195,18776,5996
18196,26184,0
18197,26184,0
18198,26184,0
18199,26184,0
18200,22284,2908
18201,24196,1424
18202,26184,0
18203,26184,0
18204,12721,13016
18205,26184,0
18206,26184,0
18207,26184,0
18208,26184,0
18209,19134,5656
18210,26184,0
18211,26184,0
18212,26184,0
18213,12263,13676
18214,26184,0
18215,24602,1124
18216,26184,0
18217,26184,0
18218,12115,13896
18219,26184,0
18220,26184,0
18221,26042,98
18222,26184,0
18223,26071,78
18224,26184,0
18225,22979,2354
18226,26184,0
18227,26184,0
18228,26184,0
18229,26184,0
18230,26184,0
18231,26184,0
18232,25406,544
18233,26184,0
18234,26184,0
18235,26184,0
18236,26184,0
18237,24330,1324
18238,26184,0
18239,26184,0
18240,26184,0
18241,26184,0
18242,25288,628
18243,25344,588
18244,26184,0
18245,26184,0
18246,26150,24
18247,26184,0
18248,26184,0
18249,26184,0
18250,26184,0
18251,25861,224
18252,26184,0
18253,26184,0
18254,26184,0
18255,26184,0
18256,26184,0
18257,26184,0
18258,26184,0
18259,23797,1724
18260,22939,2386
18261,16050,8824
18262,26184,0
18263,26184,0
18264,24596,1128
18265,25596,410
18266,26184,0
18267,11332,15100
18268,26184,0
18269,26184,0
18270,26184,0
18271,22264,2924
18272,26184,0
18273,26184,0
18274,26184,0
18275,26184,0
18276,19878,4968
18277,26184,0
18278,26184,0
18279,25547,444
18280,8902,19452
18281,26184,0
18282,25576,424
18283,26184,0
18284,26150,24
18285,26184,0
18286,26184,0
18287,26184,0
18288,24602,1124
18289,26184,0
18290,26184,0
18291,26184,0
18292,21989,3148
18293,26184,0
18294,24695,1056
18295,26184,0
18296,26184,0
18297,26184,0
18298,26184,0
18299,24733,1028
18300,26184,0
18301,26184,0
18302,24164,1448
18303,26184,0
18304,26184,0
18305,23924,1628
18306,26184,0
18307,26184,0
18308,26184,0
18309,26184,0
18310,26184,0
18311,24110,1488
18312,23731,1774
18313,25933,174
18314,26184,0
18315,26184,0
18316,26184,0
18317,26184,0
18318,23277,2122
18319,25530,456
18320,25855,228
18321,26184,0
18322,26184,0
18323,25570,428
18324,26184,0
18325,26184,0
18326,26184,0
18327,26184,0
18328,26086,68
18329,26184,0
18330,14210,11020
18331,26184,0
18332,26184,0
18333,25988,136
18334,26184,0
18335,26184,0
18336,26184,0
18337,26184,0
18338,26184,0
18339,26184,0
18340,26184,0
18341,25861,224
18342,26184,0
18343,26184,0
18344,26184,0
18345,26184,0
18346,25832,244
18347,25718,324
18348,26184,0
18349,26184,0
18350,26184,0
18351,26184,0
18352,26184,0
18353,26184,0
18354,26144,28
18355,26184,0
18356,26184,0
18357,26184,0
18358,24637,1098
18359,26184,0
18360,26184,0
18361,26184,0
18362,26184,0
18363,26184,0
18364,26184,0
18365,23649,1836
18366,22608,2648
18367,26150,24
18368,26184,0
18369,25519,464
18370,26184,0
18371,26184,0
18372,26184,0
18373,21035,3948
18374,26184,0
18375,25098,764
18376,26184,0
18377,26184,0
18378,26184,0
18379,26184,0
18380,26184,0
18381,24449,1236
18382,26184,0
18383,25758,296
18384,23182,2196
18385,26184,0
18386,26184,0
18387,25015,824
18388,26184,0
18389,26184,0
18390,25913,188
18391,26184,0
18392,26184,0
18393,26184,0
18394,25232,668
18395,26184,0
18396,26184,0
18397,26184,0
18398,26184,0
18399,24271,1368
18400,26184,0
18401,24260,1376
18402,20711,4228
18403,26184,0
18404,26150,24
18405,26184,0
18406,25154,724
18407,25015,824
18408,26184,0
18409,26184,0
18410,26184,0
18411,23552,1910
18412,26184,0
18413,26184,0
18414,25092,768
18415,26184,0
18416,26184,0
18417,26184,0
18418,26184,0
18419,13126,12450
18420,26184,0
18421,25358,578
18422,25260,648
18423,26184,0
18424,26184,0
18425,26184,0
18426,16093,8776
18427,26184,0
18428,26184,0
18429,26184,0
18430,26184,0
18431,26184,0
18432,26184,0
18433,26184,0
18434,26184,0
18435,26184,0
18436,25471,498
18437,26184,0
18438,24466,1224
18439,26184,0
18440,14402,10778
18441,26184,0
18442,22827,2474
18443,25827,248
18444,26184,0
18445,26184,0
18446,26184,0
18447,25238,664
18448,26184,0
18449,26184,0
18450,26184,0
18451,26184,0
18452,26184,0
18453,26184,0
18454,26184,0
18455,26184,0
18456,25718,324
18457,26184,0
18458,22448,2776
18459,17300,7472
18460,26184,0
18461,26184,0
18462,26184,0
18463,26184,0
18464,26184,0
18465,26184,0
18466,20688,4248
18467,26184,0
18468,26184,0
18469,26184,0
18470,26184,0
18471,26184,0
18472,26184,0
18473,26184,0
18474,26184,0
18475,26184,0
18476,25249,656
18477,26184,0
18478,25277,636
18479,25277,636
18480,25784,278
18481,25193,696
18482,26184,0
18483,25266,644
18484,25701,336
18485,23438,1998
18486,15479,9478
18487,26184,0
18488,26184,0
18489,26184,0
18490,26184,0
18491,26184,0
18492,26184,0
18493,26184,0
18494,26184,0
18495,25350,584
18496,26184,0
18497,26184,0
18498,25573,426
18499,26184,0
18500,26184,0
18501,23918,1632
18502,26184,0
18503,26184,0
18504,8204,20924
18505,26184,0
18506,6526,25048
18507,25009,828
18508,26184,0
18509,26184,0
18510,26184,0
18511,25712,328
18512,21646,3432
18513,25260,648
18514,24303,1344
18515,26184,0
18516,25712,328
18517,26184,0
18518,26184,0
18519,25738,310
18520,26184,0
18521,26184,0
18522,21397,3640
18523,26184,0
18524,26184,0
18525,25477,494
18526,26184,0
18527,26184,0
18528,25855,228
18529,21591,3478
18530,26184,0
18531,26184,0
18532,19274,5524
18533,26184,0
18534,26184,0
18535,25434,524
18536,26184,0
18537,25718,324
18538,26184,0
18539,26184,0
18540,26184,0
18541,26184,0
18542,26184,0
18543,25429,528
18544,26184,0
18545,26184,0
18546,26184,0
18547,23141,2228
18548,26184,0
18549,26184,0
18550,26184,0
18551,26184,0
18552,26184,0
18553,26184,0
18554,21890,3230
18555,25400,548
18556,23018,2324
18557,26184,0
18558,25358,578
18559,26184,0
18560,26184,0
18561,26184,0
18562,26184,0
18563,26184,0
18564,3151,38176
18565,24091,1502
18566,26184,0
18567,17862,6896
18568,26184,0
18569,26184,0
18570,26184,0
18571,26184,0
18572,26184,0
18573,22598,2656
18574,23537,1922
18575,26014,118
18576,18927,5852
18577,22613,2644
18578,26184,0
18579,26184,0
18580,12907,12754
18581,24330,1324
18582,22630,2630
18583,25201,690
18584,15040,9996
18585,26184,0
18586,26184,0
18587,26184,0
18588,26184,0
18589,26184,0
18590,17482,7284
18591,26184,0
18592,26184,0
18593,26184,0
18594,26184,0
18595,26184,0
18596,26184,0
18597,26184,0
18598,26184,0
18599,26184,0
18600,26184,0
18601,26184,0
18602,25650,372
18603,26184,0
18604,25970,148
18605,19659,5168
18606,22992,2344
18607,26184,0
18608,24807,974
18609,25009,828
18610,26184,0
18611,26184,0
18612,22764,2524
18613,26184,0
18614,26184,0
18615,26184,0
18616,26184,0
18617,26184,0
18618,26184,0
18619,22865,2444
18620,23474,1970
18621,26184,0
18622,26184,0
18623,25718,324
18624,26184,0
18625,24196,1424
18626,26184,0
18627,22711,2566
18628,26184,0
18629,22660,2606
18630,26184,0
18631,26184,0
18632,26184,0
18633,26150,24
18634,26184,0
18635,26184,0
18636,25417,536
18637,26184,0
18638,26184,0
18639,26184,0
18640,25429,528
18641,26184,0
18642,26184,0
18643,24703,1050
18644,25638,380
18645,23599,1874
18646,26184,0
18647,26184,0
18648,26184,0
18649,26184,0
18650,22799,2496
18651,26184,0
18652,4774,30686
18653,26184,0
18654,24030,1548
18655,23331,2080
18656,26184,0
18657,26184,0
18658,26184,0
18659,26184,0
18660,23534,1924
18661,18902,5876
18662,26184,0
18663,26184,0
18664,6473,25196
18665,26184,0
18666,17395,7374
18667,23534,1924
18668,26184,0
18669,26184,0
18670,8624,20024
18671,6051,26412
18672,25471,498
18673,26132,36
18674,26184,0
18675,26184,0
18676,26184,0
18677,26184,0
18678,23649,1836
18679,26184,0
18680,26184,0
18681,26184,0
18682,26184,0
18683,26184,0
18684,1633,50024
18685,22931,2392
18686,26184,0
18687,26184,0
18688,26031,106
18689,25556,438
18690,22264,2924
18691,22648,2616
18692,26184,0
18693,24406,1268
18694,24355,1306
18695,26184,0
18696,26184,0
18697,23210,2174
18698,26184,0
18699,18172,6586
18700,26048,94
18701,26184,0
18702,25012,826
18703,26184,0
18704,26184,0
18705,26184,0
18706,26184,0
18707,26184,0
18708,22460,2766
18709,26184,0
18710,26184,0
18711,26184,0
18712,23141,2228
18713,25015,824
18714,26184,0
18715,26,1000000
18716,26184,0
18717,26184,0
18718,25576,424
18719,26184,0
18720,26184,0
18721,26184,0
18722,23100,2260
18723,86,103136
18724,26184,0
18725,26184,0
18726,25406,544
18727,26184,0
18728,21982,3154
18729,25542,448
18730,26184,0
18731,26184,0
18732,21655,3424
18733,26184,0
18734,26184,0
18735,24998,836
18736,26184,0
18737,26184,0
18738,26184,0
18739,26184,0
18740,26184,0
18741,26184,0
18742,20812,4140
18743,26184,0
18744,24569,1148
18745,23036,2310
18746,26184,0
18747,26184,0
18748,26184,0
18749,26184,0
18750,26184,0
18751,26184,0
18752,26184,0
18753,26184,0
18754,26184,0
18755,26184,0
18756,25590,414
18757,1580,50624
18758,24449,1236
18759,26184,0
18760,26184,0
18761,26184,0
18762,26184,0
18763,26184,0
18764,26184,0
18765,26184,0
18766,26005,124
18767,26184,0
18768,26184,0
18769,26184,0
18770,26184,0
18771,16779,8024
18772,26184,0
18773,26184,0
18774,26184,0
18775,24943,876
18776,26184,0
18777,26184,0
18778,26184,0
18779,16509,8316
18780,24618,1112
18781,26184,0
18782,26184,0
18783,26184,0
18784,26184,0
18785,26184,0
18786,26184,0
18787,26184,0
18788,26184,0
18789,26184,0
18790,26184,0
18791,26184,0
18792,25684,348
18793,21232,3780
18794,26184,0
18795,22515,2722
18796,26184,0
18797,26184,0
18798,26184,0
18799,26184,0
18800,23649,1836
18801,26184,0
18802,26184,0
18803,24043,1538
18804,26184,0
18805,17251,7524
18806,26184,0
18807,24984,846
18808,26184,0
18809,26184,0
18810,26184,0
18811,26184,0
18812,26184,0
18813,26184,0
18814,26184,0
18815,19633,5192
18816,26184,0
18817,26184,0
18818,26184,0
18819,26184,0
18820,26184,0
18821,26184,0
18822,26184,0
18823,26184,0
18824,26184,0
18825,26184,0
18826,26184,0
18827,24802,978
18828,25661,364
18829,26184,0
18830,26184,0
18831,24509,1192
18832,26184,0
18833,26184,0
18834,26144,28
18835,26184,0
18836,26184,0
18837,26184,0
18838,26184,0
18839,26184,0
18840,24987,844
18841,26184,0
18842,26184,0
18843,26184,0
18844,25936,172
18845,24643,1094
18846,25092,768
18847,24739,1024
18848,26184,0
18849,26184,0
18850,26184,0
18851,26184,0
18852,26184,0
18853,26184,0
18854,26184,0
18855,26184,0
18856,26184,0
18857,25641,378
18858,26184,0
18859,26184,0
18860,23269,2128
18861,26184,0
18862,26184,0
18863,25576,424
18864,6113,26228
18865,21732,3360
18866,25850,232
18867,22764,2524
18868,26184,0
18869,26184,0
18870,26184,0
18871,26184,0
18872,26184,0
18873,26184,0
18874,24504,1196
18875,26184,0
18876,26184,0
18877,26184,0
18878,26184,0
18879,26184,0
18880,26184,0
18881,26184,0
18882,26184,0
18883,26184,0
18884,26184,0
18885,26184,0
18886,26184,0
18887,25861,224
18888,25296,622
18889,21665,3416
18890,26184,0
18891,26184,0
18892,26184,0
18893,26184,0
18894,26184,0
18895,26184,0
18896,25477,494
18897,26184,0
18898,26184,0
18899,26184,0
18900,26184,0
18901,26184,0
18902,26184,0
18903,26184,0
18904,26184,0
18905,24673,1072
18906,24774,998
18907,25559,436
18908,26184,0
18909,23739,1768
18910,12182,13796
18911,26184,0
18912,26184,0
18913,26184,0
18914,25718,324
18915,26184,0
18916,26184,0
18917,1575,50676
18918,26184,0
18919,26184,0
18920,26184,0
18921,26184,0
18922,22733,2548
18923,26184,0
18924,26184,0
18925,25576,424
18926,26184,0
18927,26184,0
18928,1959,46742
18929,26184,0
18930,22888,2426
18931,26184,0
18932,25999,128
18933,24849,944
18934,26184,0
18935,15525,9424
18936,26184,0
18937,24395,1276
18938,26184,0
18939,26184,0
18940,26184,0
18941,26184,0
18942,26184,0
18943,638,66958
18944,20909,4056
18945,26184,0
18946,26184,0
18947,26184,0
18948,26184,0
18949,26184,0
18950,26184,0
18951,24398,1274
18952,26184,0
18953,25861,224
18954,26184,0
18955,24791,986
18956,26184,0
18957,26184,0
18958,26184,0
18959,26184,0
18960,1,150328
18961,26184,0
18962,25451,512
18963,26184,0
18964,26184,0
18965,26184,0
18966,26184,0
18967,7497,22548
18968,26184,0
18969,26184,0
18970,1,525372
18971,25647,374
18972,26184,0
18973,26184,0
18974,25148,728
18975,26184,0
18976,26184,0
18977,26184,0
18978,26184,0
18979,26184,0
18980,23728,1776
18981,26144,28
18982,26184,0
18983,26184,0
18984,24153,1456
18985,25154,724
18986,26184,0
18987,26184,0
18988,25712,328
18989,23477,1968
18990,22102,3056
18991,25576,424
18992,26184,0
18993,26184,0
18994,26184,0
18995,26184,0
18996,26184,0
18997,26184,0
18998,26184,0
18999,26184,0
19000,26184,0
19001,26184,0
19002,24876,924
19003,26184,0
19004,26184,0
19005,25434,524
19006,23797,1724
19007,26184,0
19008,26184,0
19009,26184,0
19010,26184,0
19011,26184,0
19012,21284,3736
19013,26184,0
19014,26184,0
19015,21021,3960
19016,26184,0
19017,26184,0
19018,26184,0
19019,26184,0
19020,26184,0
19021,26184,0
19022,26184,0
19023,25718,324
19024,26184,0
19025,26184,0
19026,26184,0
19027,25907,192
19028,20033,4828
19029,24569,1148
19030,26184,0
19031,26184,0
19032,22450,2774
19033,26184,0
19034,26184,0
19035,26184,0
19036,26184,0
19037,13878,11446
19038,26184,0
19039,26184,0
19040,26184,0
19041,26184,0
19042,26184,0
19043,26184,0
19044,26184,0
19045,26184,0
19046,26184,0
19047,26184,0
19048,26184,0
19049,26184,0
19050,26184,0
19051,23213,2172
19052,26184,0
19053,26184,0
19054,26184,0
19055,26184,0
19056,26184,0
19057,26184,0
19058,26184,0
19059,26184,0
19060,26184,0
19061,26184,0
19062,26184,0
19063,26184,0
19064,26184,0
19065,26184,0
19066,26184,0
19067,26184,0
19068,26184,0
19069,7855,21708
19070,25684,348
19071,26184,0
19072,26184,0
19073,26184,0
19074,26184,0
19075,25154,724
19076,26184,0
19077,25252,654
19078,26184,0
19079,25729,316
19080,20317,4574
19081,26132,36
19082,26184,0
19083,25789,274
19084,26184,0
19085,24057,1528
19086,24876,924
19087,22962,2368
19088,26184,0
19089,11056,15544
19090,26184,0
19091,26184,0
19092,26184,0
19093,26184,0
19094,26184,0
19095,26184,0
19096,26184,0
19097,26184,0
19098,26184,0
19099,26184,0
19100,24011,1562
19101,26184,0
19102,18774,5998
19103,26184,0
19104,26184,0
19105,26184,0
19106,26184,0
19107,16351,8490
19108,24954,868
19109,25502,476
19110,26184,0
19111,26184,0
19112,25647,374
19113,22926,2396
19114,26184,0
19115,23362,2056
19116,25999,128
19117,1568,50758
19118,26051,92
19119,26184,0
19120,26184,0
19121,21007,3972
19122,24062,1524
19123,26184,0
19124,26150,24
19125,26184,0
19126,26184,0
19127,26074,76
19128,26184,0
19129,26184,0
19130,16667,8144
19131,25400,548
19132,25037,808
19133,26077,74
19134,26184,0
19135,21997,3142
19136,26184,0
19137,26184,0
19138,21897,3224
19139,26184,0
19140,1118,56858
19141,24635,1100
19142,26184,0
19143,26184,0
19144,26184,0
19145,24956,866
19146,26184,0
19147,26184,0
19148,26184,0
19149,21536,3524
19150,25499,478
19151,25647,374
19152,26184,0
19153,26184,0
19154,26184,0
19155,26184,0
19156,24363,1300
19157,26184,0
19158,26184,0
19159,26184,0
19160,26184,0
19161,26184,0
19162,23897,1648
19163,26184,0
19164,26184,0
19165,26184,0
19166,26184,0
19167,26184,0
19168,26184,0
19169,26184,0
19170,25288,628
19171,26184,0
19172,26150,24
19173,26109,52
19174,22203,2974
19175,24062,1524
19176,25434,524
19177,26184,0
19178,26184,0
19179,26184,0
19180,24722,1036
19181,12597,13192
19182,26184,0
19183,26184,0
19184,26184,0
19185,26184,0
19186,26184,0
19187,19266,5532
19188,26184,0
19189,26184,0
19190,26184,0
19191,1428,52444
19192,26184,0
19193,26184,0
19194,26184,0
19195,26184,0
19196,26184,0
19197,26184,0
19198,26184,0
19199,4958,30002
19200,26184,0
19201,26184,0
19202,26184,0
19203,20129,4742
19204,26184,0
19205,26184,0
19206,26184,0
19207,25718,324
19208,26184,0
19209,26184,0
19210,26184,0
19211,26184,0
19212,21790,3312
19213,26184,0
19214,26184,0
19215,26184,0
19216,26184,0
19217,26184,0
19218,26184,0
19219,26184,0
19220,26184,0
19221,25655,368
19222,26184,0
19223,25690,344
19224,26184,0
19225,26184,0
19226,26184,0
19227,21152,3848
19228,13847,11486
19229,26184,0
19230,26184,0
19231,26184,0
19232,25224,674
19233,8622,20028
19234,26184,0
19235,26184,0
19236,26184,0
19237,26184,0
19238,24477,1216
19239,26184,0
19240,26184,0
19241,26184,0
19242,26184,0
19243,26184,0
19244,26184,0
19245,26184,0
19246,20771,4176
19247,26184,0
19248,26184,0
19249,23243,2148
19250,25053,796
19251,26184,0
19252,26184,0
19253,26184,0
19254,26184,0
19255,26184,0
19256,23982,1584
19257,26184,0
19258,26184,0
19259,26184,0
19260,26184,0
19261,12212,13752
19262,26184,0
19263,24596,1128
19264,26184,0
19265,23082,2274
19266,26184,0
19267,25499,478
19268,26184,0
19269,26184,0
19270,20133,4738
19271,26184,0
19272,23839,1692
19273,24322,1330
19274,26184,0
19275,26184,0
19276,26184,0
19277,26184,0
19278,6451,25258
19279,26184,0
19280,26184,0
19281,25266,644
19282,26184,0
19283,26184,0
19284,26184,0
19285,26184,0
19286,26184,0
19287,26184,0
19288,26184,0
19289,26184,0
19290,26184,0
19291,26184,0
19292,26184,0
19293,26184,0
19294,26184,0
19295,26184,0
19296,26184,0
19297,23812,1712
19298,25630,386
19299,26184,0
19300,23074,2280
19301,26184,0
19302,26184,0
19303,26184,0
19304,26184,0
19305,26184,0
19306,26184,0
19307,15017,10024
19308,26115,48
19309,26184,0
19310,23373,2048
19311,26184,0
19312,26184,0
19313,26184,0
19314,19463,5348
19315,26184,0
19316,26184,0
19317,26184,0
19318,26184,0
19319,26184,0
19320,25832,244
19321,26184,0
19322,21307,3716
19323,26184,0
19324,26184,0
19325,26184,0
19326,26184,0
19327,26184,0
19328,26184,0
19329,26132,36
19330,26184,0
19331,26184,0
19332,25336,594
19333,26184,0
19334,1,145720
19335,22136,3028
19336,25789,274
19337,23649,1836
19338,25601,406
19339,26184,0
19340,22217,2962
19341,25516,466
19342,25999,128
19343,26184,0
19344,26184,0
19345,26184,0
19346,26184,0
19347,25613,398
19348,26184,0
19349,24019,1556
19350,25294,624
19351,26184,0
19352,26184,0
19353,26184,0
19354,26045,96
19355,26184,0
19356,26184,0
19357,24624,1108
19358,26184,0
19359,26184,0
19360,26184,0
19361,25505,474
19362,26184,0
19363,26184,0
19364,26184,0
19365,26184,0
19366,26184,0
19367,26184,0
19368,26184,0
19369,24860,936
19370,26184,0
19371,25916,186
19372,26184,0
19373,26184,0
19374,26184,0
19375,26184,0
19376,24520,1184
19377,26184,0
19378,25513,468
19379,26184,0
19380,26184,0
19381,26184,0
19382,26184,0
19383,26184,0
19384,26184,0
19385,25530,456
19386,26184,0
19387,26184,0
19388,24596,1128
19389,26184,0
19390,26184,0
19391,24439,1244
19392,26184,0
19393,26184,0
19394,25655,368
19395,5492,28160
19396,26184,0
19397,26184,0
19398,26184,0
19399,25434,524
19400,25718,324
19401,26184,0
19402,24843,948
19403,1597,50428
19404,25519,464
19405,26184,0
19406,21679,3404
19407,26184,0
19408,26184,0
19409,26086,68
19410,20292,4596
19411,26184,0
19412,26184,0
19413,23388,2036
19414,26184,0
19415,26184,0
19416,26184,0
19417,24816,968
19418,26184,0
19419,15942,8946
19420,23115,2248
19421,24158,1452
19422,25434,524
19423,23770,1744
19424,26184,0
19425,26184,0
19426,26184,0
19427,26184,0
19428,26184,0
19429,26184,0
19430,26184,0
19431,26184,0
19432,26184,0
19433,26184,0
19434,26184,0
19435,26184,0
19436,26184,0
19437,26184,0
19438,26184,0
19439,26184,0
19440,16203,8654
19441,26184,0
19442,26184,0
19443,18009,6748
19444,26184,0
19445,24357,1304
19446,26184,0
19447,26184,0
19448,26184,0
19449,26184,0
19450,26184,0
19451,26184,0
19452,26184,0
19453,26184,0
19454,26184,0
19455,26184,0
19456,26184,0
19457,26184,0
19458,26184,0
19459,26184,0
19460,26048,94
19461,25505,474
19462,26184,0
19463,25970,148
19464,25400,548
19465,21374,3660
19466,26184,0
19467,25148,728
19468,26184,0
19469,26184,0
19470,26184,0
19471,26184,0
19472,26184,0
19473,26184,0
19474,22299,2896
19475,26184,0
19476,24667,1076
19477,26184,0
19478,26184,0
19479,26184,0
19480,25999,128
19481,26060,86
19482,14150,11096
19483,1323,53818
19484,26184,0
19485,25499,478
19486,24970,856
19487,26184,0
19488,26184,0
19489,26184,0
19490,26184,0
19491,26184,0
19492,26184,0
19493,25137,736
19494,20100,4768
19495,26184,0
19496,26184,0
19497,26184,0
19498,26184,0
19499,1299,54152
19500,26184,0
19501,26184,0
19502,26184,0
19503,26184,0
19504,19524,5292
19505,26184,0
19506,25976,144
19507,26184,0
19508,21827,3282
19509,25970,148
19510,26184,0
19511,26184,0
19512,22603,2652
19513,25522,462
19514,26184,0
19515,26184,0
19516,22136,3028
19517,26184,0
19518,26184,0
19519,25701,336
19520,25266,644
19521,26184,0
19522,26184,0
19523,26184,0
19524,26184,0
19525,23765,1748
19526,25576,424
19527,24940,878
19528,25601,406
19529,26184,0
19530,26184,0
19531,26184,0
19532,22498,2736
19533,26184,0
19534,26184,0
19535,26184,0
19536,24490,1206
19537,26184,0
19538,23639,1844
19539,23018,2324
19540,24046,1536
19541,26184,0
19542,26184,0
19543,26184,0
19544,26184,0
19545,26184,0
19546,24569,1148
19547,26184,0
19548,26184,0
19549,26184,0
19550,26184,0
19551,26184,0
19552,26184,0
19553,26184,0
19554,26184,0
19555,26184,0
19556,16185,8674
19557,24099,1496
19558,20033,4828
19559,26184,0
19560,26184,0
19561,26184,0
19562,20243,4640
19563,26184,0
19564,25530,456
19565,26184,0
19566,26184,0
19567,26184,0
19568,26071,78
19569,26184,0
19570,25434,524
19571,22949,2378
19572,25499,478
19573,26184,0
19574,26184,0
19575,26184,0
19576,23300,2104
19577,25661,364
19578,26184,0
19579,22660,2606
19580,25079,778
19581,26184,0
19582,26071,78
19583,26184,0
19584,26184,0
19585,26184,0
19586,26184,0
19587,26184,0
19588,25409,542
19589,26184,0
19590,25210,684
19591,26184,0
19592,26184,0
19593,26184,0
19594,22885,2428
19595,26184,0
19596,26184,0
19597,26184,0
19598,26184,0
19599,26184,0
19600,26184,0
19601,26184,0
19602,25844,236
19603,25576,424
19604,26184,0
19605,25294,624
19606,26184,0
19607,22928,2394
19608,24433,1248
19609,26184,0
19610,24711,1044
19611,25570,428
19612,26184,0
19613,26184,0
19614,25630,386
19615,26184,0
19616,26184,0
19617,26184,0
19618,25861,224
19619,24137,1468
19620,25638,380
19621,26184,0
19622,26184,0
19623,25789,274
19624,26184,0
19625,26184,0
19626,26184,0
19627,25015,824
19628,26184,0
19629,26184,0
19630,26184,0
19631,24062,1524
19632,26184,0
19633,26184,0
19634,26184,0
19635,26184,0
19636,16710,8098
19637,24129,1474
19638,26184,0
19639,26184,0
19640,26184,0
19641,26184,0
19642,25647,374
19643,26184,0
19644,26184,0
19645,26184,0
19646,24843,948
19647,26184,0
19648,24129,1474
19649,25576,424
19650,26184,0
19651,12883,12788
19652,21414,3626
19653,26184,0
19654,13193,12358
19655,23754,1756
19656,25148,728
19657,26184,0
19658,26184,0
19659,26184,0
19660,26184,0
19661,26184,0
19662,26184,0
19663,21771,3328
19664,25429,528
19665,26184,0
19666,26184,0
19667,26184,0
19668,26184,0
19669,26184,0
19670,26184,0
19671,26184,0
19672,25764,292
19673,26184,0
19674,16434,8398
19675,26184,0
19676,26184,0
19677,25672,356
19678,26184,0
19679,26184,0
19680,25087,772
19681,26184,0
19682,24739,1024
19683,26184,0
19684,26184,0
19685,26184,0
19686,24057,1528
19687,26184,0
19688,26184,0
19689,26184,0
19690,22736,2546
19691,17937,6820
19692,26184,0
19693,26184,0
19694,26184,0
19695,26184,0
19696,26184,0
19697,26184,0
19698,26184,0
19699,26184,0
19700,24722,1036
19701,26184,0
19702,26184,0
19703,26184,0
19704,24849,944
19705,6295,25698
19706,25148,728
19707,26184,0
19708,25154,724
19709,26184,0
19710,25159,720
19711,26184,0
19712,25884,208
19713,26184,0
19714,26184,0
19715,26184,0
19716,24777,996
19717,24733,1028
19718,22623,2636
19719,26184,0
19720,26184,0
19721,25406,544
19722,26184,0
19723,26184,0
19724,25933,174
19725,26184,0
19726,26184,0
19727,26184,0
19728,23518,1936
19729,23246,2146
19730,1449,52180
19731,25661,364
19732,26184,0
19733,26184,0
19734,26184,0
19735,22503,2732
19736,26184,0
19737,26184,0
19738,26184,0
19739,26184,0
19740,26184,0
19741,26184,0
19742,25933,174
19743,25542,448
19744,25330,598
19745,26184,0
19746,26184,0
19747,19777,5060
19748,26184,0
19749,26184,0
19750,26184,0
19751,25827,248
19752,26184,0
19753,26184,0
19754,26184,0
19755,26184,0
19756,26184,0
19757,26184,0
19758,19777,5060
19759,26184,0
19760,26184,0
19761,18573,6192
19762,26184,0
19763,18332,6428
19764,26184,0
19765,25109,756
19766,26184,0
19767,26184,0
19768,26184,0
19769,17321,7450
19770,26184,0
19771,26184,0
19772,26184,0
19773,25429,528
19774,26184,0
19775,24750,1016
19776,26184,0
19777,26184,0
19778,26184,0
19779,26109,52
19780,26184,0
19781,26184,0
19782,26184,0
19783,26184,0
19784,26184,0
19785,26184,0
19786,26184,0
19787,26184,0
19788,26184,0
19789,224,85876
19790,26184,0
19791,26184,0
19792,26184,0
19793,24003,1568
19794,26184,0
19795,26184,0
19796,26184,0
19797,26184,0
19798,26184,0
19799,26184,0
19800,26184,0
19801,26184,0
19802,24711,1044
19803,26184,0
19804,24046,1536
19805,26184,0
19806,26184,0
19807,26184,0
19808,26184,0
19809,25913,188
19810,26184,0
19811,26184,0
19812,26184,0
19813,26184,0
19814,26184,0
19815,25079,778
19816,25641,378
19817,26184,0
19818,26184,0
19819,25707,332
19820,26184,0
19821,26184,0
19822,25417,536
19823,26150,24
19824,25224,674
19825,26184,0
19826,22733,2548
19827,26184,0
19828,26184,0
19829,25547,444
19830,25084,774
19831,23871,1668
19832,14504,10650
19833,25015,824
19834,26184,0
19835,26184,0
19836,26184,0
19837,25559,436
19838,26184,0
19839,26184,0
19840,26184,0
19841,26184,0
19842,23218,2168
19843,26184,0
19844,26184,0
19845,26184,0
19846,26184,0
19847,26184,0
19848,26184,0
19849,26184,0
19850,26184,0
19851,26184,0
19852,26184,0
19853,24030,1548
19854,26184,0
19855,25358,578
19856,25525,460
19857,26184,0
19858,26184,0
19859,25009,828
19860,26144,28
19861,26184,0
19862,26184,0
19863,25302,618
19864,26184,0
19865,26184,0
19866,23404,2024
19867,16516,8308
19868,26184,0
19869,26184,0
19870,26184,0
19871,26184,0
19872,26184,0
19873,26184,0
19874,26184,0
19875,26184,0
19876,26184,0
19877,26184,0
19878,25718,324
19879,26184,0
19880,26184,0
19881,26184,0
19882,23961,1600
19883,26184,0
19884,25429,528
19885,26184,0
19886,26184,0
19887,26184,0
19888,26184,0
19889,26184,0
19890,26184,0
19891,26184,0
19892,26150,24
19893,23115,2248
19894,26184,0
19895,26184,0
19896,22331,2870
19897,23174,2202
19898,25832,244
19899,26184,0
19900,26184,0
19901,26184,0
19902,26184,0
19903,26184,0
19904,26184,0
19905,26184,0
19906,26184,0
19907,26184,0
19908,26184,0
19909,24428,1252
19910,26184,0
19911,22538,2704
19912,26184,0
19913,26184,0
19914,26184,0
19915,26184,0
19916,26184,0
19917,26184,0
19918,26184,0
19919,26184,0
19920,26184,0
19921,26077,74
19922,26184,0
19923,26184,0
19924,26115,48
19925,24637,1098
19926,26184,0
19927,26184,0
19928,26184,0
19929,24062,1524
19930,26184,0
19931,26184,0
19932,26132,36
19933,26184,0
19934,26184,0
19935,26184,0
19936,26184,0
19937,26184,0
19938,26184,0
19939,26184,0
19940,23115,2248
19941,26184,0
19942,20430,4474
19943,22314,2884
19944,26184,0
19945,26184,0
19946,1890,47392
19947,26184,0
19948,26184,0
19949,25240,662
19950,26184,0
19951,26184,0
19952,26184,0
19953,26184,0
19954,26184,0
19955,26184,0
19956,25429,528
19957,26184,0
19958,25789,274
19959,25712,328
19960,25901,196
19961,19142,5648
19962,26184,0
19963,26184,0
19964,26184,0
19965,24678,1068
19966,25576,424
19967,26184,0
19968,26005,124
19969,26184,0
19970,26184,0
19971,26184,0
19972,26184,0
19973,26184,0
19974,25364,574
19975,26184,0
19976,22050,3098
19977,23807,1716
19978,26184,0
19979,23770,1744
19980,26184,0
19981,26184,0
19982,24876,924
19983,26184,0
19984,26184,0
19985,26184,0
19986,20093,4774
19987,26184,0
19988,26184,0
19989,25855,228
19990,14500,10656
19991,5942,26740
19992,26184,0
19993,18077,6680
19994,26184,0
19995,26184,0
19996,26184,0
19997,26184,0
19998,26184,0
19999,24876,924
20000,24444,1240
20001,26184,0
20002,26184,0
20003,26184,0
20004,26184,0
20005,17251,7524
20006,24818,966
20007,26184,0
20008,26184,0
20009,26184,0
20010,26184,0
20011,694,65454
20012,26184,0
20013,26184,0
20014,20546,4372
20015,14402,10778
20016,26184,0
20017,26071,78
20018,26184,0
20019,26184,0
20020,26184,0
20021,21629,3446
20022,26184,0
20023,18747,6024
20024,26184,0
20025,26184,0
20026,26184,0
20027,26184,0
20028,26184,0
20029,26184,0
20030,26184,0
20031,25755,298
20032,26184,0
20033,26184,0
20034,26184,0
20035,24871,928
20036,26184,0
20037,26184,0
20038,26184,0
20039,26184,0
20040,26184,0
20041,26184,0
20042,26184,0
20043,26184,0
20044,26184,0
20045,17688,7072
20046,26184,0
20047,26184,0
20048,26184,0
20049,23053,2296
20050,24843,948
20051,23440,1996
20052,26184,0
20053,26184,0
20054,26184,0
20055,26184,0
20056,21488,3564
20057,26184,0
20058,26184,0
20059,26184,0
20060,26184,0
20061,24981,848
20062,26184,0
20063,26184,0
20064,26184,0
20065,26184,0
20066,18035,6722
20067,26184,0
20068,6401,25398
20069,25701,336
20070,25260,648
20071,5682,27546
20072,26184,0
20073,26184,0
20074,26184,0
20075,23094,2264
20076,12166,13820
20077,26184,0
20078,24626,1106
20079,26184,0
20080,25542,448
20081,26184,0
20082,26184,0
20083,23831,1698
20084,26184,0
20085,23130,2236
20086,26184,0
20087,26184,0
20088,26184,0
20089,26005,124
20090,26184,0
20091,26184,0
20092,26184,0
20093,26184,0
20094,26063,84
20095,26184,0
20096,26184,0
20097,26184,0
20098,26184,0
20099,26184,0
20100,26184,0
20101,25434,524
20102,24180,1436
20103,24196,1424
20104,26184,0
20105,22053,3096
20106,26184,0
20107,26095,62
20108,26184,0
20109,26184,0
20110,23633,1848
20111,21715,3374
20112,23699,1798
20113,25053,796
20114,26184,0
20115,26184,0
20116,21650,3428
20117,26184,0
20118,26184,0
20119,26184,0
20120,26184,0
20121,26184,0
20122,11248,15234
20123,26184,0
20124,26184,0
20125,23993,1576
20126,26184,0
20127,26184,0
20128,17967,6790
20129,26184,0
20130,26184,0
20131,26184,0
20132,26184,0
20133,1082,57448
20134,26184,0
20135,24046,1536
20136,26184,0
20137,26184,0
20138,26184,0
20139,26184,0
20140,26184,0
20141,26184,0
20142,25505,474
20143,26184,0
20144,18581,6184
20145,26184,0
20146,25547,444
20147,18621,6146
20148,26184,0
20149,26184,0
20150,26184,0
20151,26184,0
20152,23373,2048
20153,25959,156
20154,26184,0
20155,26184,0
20156,26184,0
20157,26184,0
20158,25412,540
20159,20569,4352
20160,26132,36
20161,26184,0
20162,26184,0
20163,9976,17398
20164,26184,0
20165,26184,0
20166,26184,0
20167,4547,31564
20168,26184,0
20169,26184,0
20170,25584,418
20171,23739,1768
20172,26184,0
20173,24341,1316
20174,26184,0
20175,25741,308
20176,23673,1818
20177,14122,11132
20178,26184,0
20179,26184,0
20180,1514,51396
20181,26184,0
20182,26184,0
20183,26184,0
20184,26184,0
20185,26184,0
20186,26184,0
20187,23396,2030
20188,22190,2984
20189,25576,424
20190,23995,1574
20191,26184,0
20192,24909,900
20193,26184,0
20194,26184,0
20195,26184,0
20196,24843,948
20197,22383,2828
20198,25288,628
20199,26184,0
20200,23649,1836
20201,26184,0
20202,26184,0
20203,26132,36
20204,26184,0
20205,26184,0
20206,26144,28
20207,26184,0
20208,25277,636
20209,14851,10224
20210,26184,0
20211,23388,2036
20212,26184,0
20213,13528,11906
20214,26184,0
20215,26184,0
20216,26184,0
20217,26184,0
20218,23828,1700
20219,26184,0
20220,24126,1476
20221,26184,0
20222,26184,0
20223,26184,0
20224,26184,0
20225,22301,2894
20226,26184,0
20227,26184,0
20228,25601,406
20229,26184,0
20230,25827,248
20231,25126,744
20232,23130,2236
20233,26184,0
20234,26184,0
20235,26184,0
20236,25406,544
20237,22977,2356
20238,26184,0
20239,26184,0
20240,26184,0
20241,26184,0
20242,26184,0
20243,26184,0
20244,26184,0
20245,26184,0
20246,23141,2228
20247,26184,0
20248,23966,1596
20249,26184,0
20250,26184,0
20251,26184,0
20252,26184,0
20253,26184,0
20254,24596,1128
20255,26184,0
20256,26184,0
20257,26184,0
20258,26184,0
20259,26184,0
20260,26184,0
20261,26184,0
20262,19927,4924
20263,26184,0
20264,26184,0
20265,20923,4044
20266,26184,0
20267,26184,0
20268,26184,0
20269,18043,6714
20270,26184,0
20271,26184,0
20272,18814,5960
20273,25294,624
20274,26184,0
20275,26184,0
20276,26184,0
20277,25154,724
20278,26184,0
20279,26150,24
20280,24417,1260
20281,24466,1224
20282,26184,0
20283,10296,16828
20284,26184,0
20285,26184,0
20286,26184,0
20287,26184,0
20288,26184,0
20289,26184,0
20290,26184,0
20291,26184,0
20292,26184,0
20293,22883,2430
20294,26184,0
20295,26184,0
20296,25798,268
20297,26184,0
20298,26184,0
20299,26184,0
20300,26184,0
20301,25434,524
20302,24422,1256
20303,26184,0
20304,26184,0
20305,26184,0
20306,26184,0
20307,26184,0
20308,26184,0
20309,26184,0
20310,25288,628
20311,25294,624
20312,26184,0
20313,26184,0
20314,26184,0
20315,26184,0
20316,26184,0
20317,23615,1862
20318,24188,1430
20319,26184,0
20320,26184,0
20321,26184,0
20322,26057,88
20323,26184,0
20324,25040,806
20325,26184,0
20326,25789,274
20327,24998,836
20328,19036,5748
20329,26184,0
20330,26184,0
20331,26184,0
20332,26184,0
20333,26184,0
20334,22136,3028
20335,26184,0
20336,26184,0
20337,26184,0
20338,26184,0
20339,21771,3328
20340,23339,2074
20341,26184,0
20342,26184,0
20343,26184,0
20344,26184,0
20345,26184,0
20346,25861,224
20347,21072,3916
20348,26184,0
20349,22979,2354
20350,26184,0
20351,26184,0
20352,25140,734
20353,26184,0
20354,26184,0
20355,22136,3028
20356,26184,0
20357,26184,0
20358,26184,0
20359,26184,0
20360,15782,9128
20361,26184,0
20362,25084,774
20363,26184,0
20364,26184,0
20365,26184,0
20366,26184,0
20367,26184,0
20368,26184,0
20369,26184,0
20370,26184,0
20371,26184,0
20372,26184,0
20373,25429,528
20374,25701,336
20375,25701,336
20376,25547,444
20377,26184,0
20378,26005,124
20379,26184,0
20380,23018,2324
20381,26184,0
20382,26184,0
20383,19977,4878
20384,21341,3688
20385,26184,0
20386,23739,1768
20387,23855,1680
20388,26184,0
20389,26184,0
20390,26184,0
20391,25613,398
20392,26184,0
20393,26184,0
20394,26184,0
20395,26077,74
20396,17104,7678
20397,26184,0
20398,26184,0
20399,24662,1080
20400,26184,0
20401,21462,3586
20402,26184,0
20403,26184,0
20404,26184,0
20405,25570,428
20406,26150,24
20407,26184,0
20408,26184,0
20409,24425,1254
20410,26184,0
20411,25576,424
20412,26184,0
20413,26184,0
20414,25621,392
20415,26184,0
20416,26184,0
20417,8865,19526
20418,26184,0
20419,20718,4222
20420,26184,0
20421,26184,0
20422,25804,264
20423,26184,0
20424,23665,1824
20425,4468,31880
20426,26184,0
20427,26184,0
20428,26184,0
20429,14730,10372
20430,24907,902
20431,26184,0
20432,26184,0
20433,26184,0
20434,26184,0
20435,26184,0
20436,26184,0
20437,26184,0
20438,26184,0
20439,26184,0
20440,22987,2348
20441,26184,0
20442,26184,0
20443,26184,0
20444,26184,0
20445,26184,0
20446,8759,19744
20447,26184,0
20448,26184,0
20449,21839,3272
20450,26184,0
20451,26184,0
20452,26184,0
20453,26184,0
20454,19036,5748
20455,26184,0
20456,26184,0
20457,26184,0
20458,26184,0
20459,26184,0
20460,25530,456
20461,26184,0
20462,25364,574
20463,26184,0
20464,24670,1074
20465,24929,886
20466,26184,0
20467,26184,0
20468,26184,0
20469,26184,0
20470,25516,466
20471,26184,0
20472,1402,52780
20473,26184,0
20474,26184,0
20475,26184,0
20476,26184,0
20477,24981,848
20478,26184,0
20479,25695,340
20480,26184,0
20481,26184,0
20482,26184,0
20483,26184,0
20484,26150,24
20485,26184,0
20486,24876,924
20487,20831,4124
20488,23378,2044
20489,26184,0
20490,26184,0
20491,26184,0
20492,26184,0
20493,25701,336
20494,26184,0
20495,16682,8128
20496,24182,1434
20497,26184,0
20498,21192,3814
20499,26184,0
20500,26184,0
20501,26184,0
20502,25970,148
20503,26184,0
20504,26184,0
20505,25807,262
20506,26184,0
20507,26184,0
20508,26184,0
20509,24711,1044
20510,26184,0
20511,26184,0
20512,26184,0
20513,26184,0
20514,25576,424
20515,26042,98
20516,26184,0
20517,26184,0
20518,26184,0
20519,25434,524
20520,26184,0
20521,24596,1128
20522,26184,0
20523,26184,0
20524,26184,0
20525,24629,1104
20526,26184,0
20527,25999,128
20528,26184,0
20529,25260,648
20530,26184,0
20531,26184,0
20532,25718,324
20533,23130,2236
20534,26184,0
20535,24602,1124
20536,26184,0
20537,26184,0
20538,25861,224
20539,23089,2268
20540,26184,0
20541,26184,0
20542,25855,228
20543,26184,0
20544,26184,0
20545,25775,284
20546,26184,0
20547,26184,0
20548,26184,0
20549,25288,628
20550,26184,0
20551,22890,2424
20552,26184,0
20553,26184,0
20554,26184,0
20555,15460,9500
20556,26184,0
20557,26184,0
20558,26184,0
20559,26184,0
20560,20567,4354
20561,26184,0
20562,26184,0
20563,26184,0
20564,26184,0
20565,26184,0
20566,26184,0
20567,24153,1456
20568,26184,0
20569,26184,0
20570,24956,866
20571,25775,284
20572,26184,0
20573,26184,0
20574,26184,0
20575,26184,0
20576,26184,0
20577,26184,0
20578,13440,12024
20579,26184,0
20580,24330,1324
20581,26184,0
20582,26184,0
20583,25729,316
20584,26092,64
20585,14098,11162
20586,26184,0
20587,26184,0
20588,25861,224
20589,26184,0
20590,26184,0
20591,23404,2024
20592,25576,424
20593,26184,0
20594,26184,0
20595,26184,0
20596,24303,1344
20597,26184,0
20598,1372,53168
20599,13020,12596
20600,26184,0
20601,26150,24
20602,26184,0
20603,24401,1272
20604,26184,0
20605,26184,0
20606,26184,0
20607,26184,0
20608,26184,0
20609,23534,1924
20610,10527,16428
20611,26184,0
20612,26184,0
20613,23290,2112
20614,26184,0
20615,24876,924
20616,26184,0
20617,26184,0
20618,26184,0
20619,24129,1474
20620,25712,328
20621,26184,0
20622,17563,7200
20623,26184,0
20624,26184,0
20625,26184,0
20626,26184,0
20627,25712,328
20628,26184,0
20629,20933,4036
20630,26184,0
20631,26184,0
20632,26005,124
20633,26184,0
20634,23847,1686
20635,26184,0
20636,26184,0
20637,12351,13548
20638,17830,6928
20639,26184,0
20640,26184,0
20641,26184,0
20642,26184,0
20643,25982,140
20644,26184,0
20645,26184,0
20646,26184,0
20647,25684,348
20648,23913,1636
20649,24035,1544
20650,26184,0
20651,26184,0
20652,26184,0
20653,26184,0
20654,26184,0
20655,26150,24
20656,9244,18772
20657,25505,474
20658,26184,0
20659,26184,0
20660,26184,0
20661,23477,1968
20662,26184,0
20663,26184,0
20664,26184,0
20665,26184,0
20666,26184,0
20667,26184,0
20668,26184,0
20669,26184,0
20670,26184,0
20671,22890,2424
20672,26184,0
20673,26184,0
20674,26184,0
20675,26184,0
20676,26184,0
20677,26184,0
20678,23879,1662
20679,24030,1548
20680,26184,0
20681,26184,0
20682,17346,7424
20683,26184,0
20684,26184,0
20685,17651,7110
20686,26184,0
20687,26184,0
20688,23628,1852
20689,26184,0
20690,26184,0
20691,26184,0
20692,26184,0
20693,25198,692
20694,26184,0
20695,26184,0
20696,25672,356
20697,26184,0
20698,21916,3208
20699,25570,428
20700,25015,824
20701,25712,328
20702,26184,0
20703,26184,0
20704,26184,0
20705,26184,0
20706,22610,2646
20707,21989,3148
20708,26184,0
20709,22500,2734
20710,22885,2428
20711,25009,828
20712,26184,0
20713,26184,0
20714,26184,0
20715,26184,0
20716,26184,0
20717,26184,0
20718,26184,0
20719,25718,324
20720,26184,0
20721,26184,0
20722,26184,0
20723,23207,2176
20724,26184,0
20725,26184,0
20726,26184,0
20727,24876,924
20728,26184,0
20729,19431,5378
20730,26184,0
20731,26184,0
20732,26184,0
20733,26184,0
20734,17591,7172
20735,26184,0
20736,26184,0
20737,21307,3716
20738,26042,98
20739,26184,0
20740,26184,0
20741,25898,198
20742,22928,2394
20743,26184,0
20744,26184,0
20745,26184,0
20746,26184,0
20747,26184,0
20748,25434,524
20749,20884,4078
20750,26184,0
20751,23393,2032
20752,26184,0
20753,23331,2080
20754,14308,10896
20755,26184,0
20756,26184,0
20757,26184,0
20758,19598,5224
20759,26184,0
20760,26184,0
20761,25009,828
20762,24879,922
20763,26184,0
20764,25505,474
20765,26184,0
20766,26184,0
20767,26184,0
20768,26184,0
20769,26150,24
20770,26184,0
20771,26184,0
20772,26184,0
20773,26184,0
20774,26184,0
20775,25655,368
20776,26184,0
20777,14069,11200
20778,26184,0
20779,26184,0
20780,22126,3036
20781,26132,36
20782,26184,0
20783,26184,0
20784,26184,0
20785,23082,2274
20786,26184,0
20787,21617,3456
20788,26184,0
20789,26184,0
20790,26184,0
20791,26184,0
20792,26184,0
20793,11346,15078
20794,26184,0
20795,22648,2616
20796,26184,0
20797,26184,0
20798,26121,44
20799,26184,0
20800,26184,0
20801,26184,0
20802,23775,1740
20803,24932,884
20804,24621,1110
20805,4918,30148
20806,26184,0
20807,26184,0
20808,26184,0
20809,26031,106
20810,25672,356
20811,26184,0
20812,26184,0
20813,25827,248
20814,24231,1398
20815,26184,0
20816,18776,5996
20817,26184,0
20818,24062,1524
20819,26184,0
20820,26184,0
20821,26184,0
20822,25933,174
20823,26184,0
20824,26184,0
20825,26184,0
20826,26184,0
20827,26184,0
20828,23233,2156
20829,26184,0
20830,26184,0
20831,23741,1766
20832,26184,0
20833,24303,1344
20834,25664,362
20835,18952,5828
20836,26184,0
20837,26184,0
20838,24733,1028
20839,24934,882
20840,26184,0
20841,26184,0
20842,23079,2276
20843,26184,0
20844,26184,0
20845,26184,0
20846,26184,0
20847,25942,168
20848,26184,0
20849,18305,6454
20850,25098,764
20851,13698,11682
20852,25827,248
20853,26184,0
20854,26184,0
20855,26184,0
20856,1659,49740
20857,26184,0
20858,26184,0
20859,26184,0
20860,26184,0
20861,26184,0
20862,24150,1458
20863,26184,0
20864,26184,0
20865,26184,0
20866,18093,6664
20867,891,60952
20868,26184,0
20869,26184,0
20870,1180,55886
20871,26184,0
20872,26184,0
20873,26184,0
20874,26184,0
20875,25325,602
20876,26184,0
20877,26184,0
20878,26184,0
20879,22237,2946
20880,26184,0
20881,26184,0
20882,19498,5316
20883,24838,952
20884,26184,0
20885,26184,0
20886,26184,0
20887,15657,9272
20888,24303,1344
20889,24113,1486
20890,26184,0
20891,26184,0
20892,26184,0
20893,26184,0
20894,20482,4428
20895,16962,7828
20896,22890,2424
20897,17663,7098
20898,26184,0
20899,26184,0
20900,26184,0
20901,26184,0
20902,25570,428
20903,26184,0
20904,26184,0
20905,26184,0
20906,26184,0
20907,21897,3224
20908,26184,0
20909,26184,0
20910,22827,2474
20911,22723,2556
20912,26184,0
20913,26184,0
20914,24366,1298
20915,26184,0
20916,26184,0
20917,26184,0
20918,23130,2236
20919,25400,548
20920,1268,54584
20921,25684,348
20922,26184,0
20923,14790,10298
20924,26184,0
20925,26184,0
20926,26184,0
20927,26184,0
20928,26184,0
20929,22545,2698
20930,26184,0
20931,26184,0
20932,26115,48
20933,26184,0
20934,25761,294
20935,26184,0
20936,26184,0
20937,26184,0
20938,26184,0
20939,26184,0
20940,26184,0
20941,8494,20298
20942,26184,0
20943,26184,0
20944,26184,0
20945,26184,0
20946,20548,4370
20947,24027,1550
20948,26184,0
20949,26184,0
20950,14709,10398
20951,26184,0
20952,26184,0
20953,99,100500
20954,26184,0
20955,26184,0
20956,26184,0
20957,26184,0
20958,23834,1696
20959,23775,1740
20960,26184,0
20961,26115,48
20962,23002,2336
20963,26184,0
20964,26184,0
20965,26184,0
20966,26184,0
20967,25855,228
20968,26184,0
20969,26184,0
20970,25855,228
20971,26184,0
20972,26184,0
20973,26184,0
20974,26184,0
20975,4514,31696
20976,26184,0
20977,5717,27436
20978,26184,0
20979,66,107910
20980,25976,144
20981,26184,0
20982,26184,0
20983,26184,0
20984,14911,10152
20985,26184,0
20986,26184,0
20987,22463,2764
20988,26184,0
20989,26184,0
20990,26184,0
20991,26184,0
20992,26184,0
20993,26184,0
20994,26184,0
20995,26184,0
20996,26184,0
20997,26184,0
20998,26184,0
20999,24843,948
21000,25347,586
21001,26184,0
21002,26184,0
21003,26184,0
21004,26184,0
21005,26184,0
21006,26184,0
21007,26184,0
21008,26184,0
21009,26184,0
21010,26184,0
21011,25389,556
21012,26184,0
21013,25542,448
21014,26184,0
21015,23924,1628
21016,26184,0
21017,26184,0
21018,26184,0
21019,26184,0
21020,26184,0
21021,26184,0
21022,26184,0
21023,26184,0
21024,26184,0
21025,26184,0
21026,26184,0
21027,22890,2424
21028,26184,0
21029,26184,0
21030,21416,3624
21031,26184,0
21032,25224,674
21033,26184,0
21034,26184,0
21035,26184,0
21036,1559,50868
21037,26005,124
21038,26184,0
21039,26184,0
21040,25712,328
21041,26184,0
21042,26184,0
21043,26184,0
21044,22812,2486
21045,25294,624
21046,26184,0
21047,26184,0
21048,26184,0
21049,26184,0
21050,22505,2730
21051,16756,8048
21052,25999,128
21053,26184,0
21054,24981,848
21055,26184,0
21056,26184,0
21057,24876,924
21058,26184,0
21059,25530,456
21060,26184,0
21061,22450,2774
21062,26184,0
21063,26184,0
21064,26184,0
21065,26184,0
21066,26184,0
21067,19615,5208
21068,26184,0
21069,26184,0
21070,26184,0
21071,26184,0
21072,25647,374
21073,26184,0
21074,26184,0
21075,26184,0
21076,26184,0
21077,26184,0
21078,26184,0
21079,25712,328
21080,24791,986
21081,26184,0
21082,26184,0
21083,26184,0
21084,26184,0
21085,26184,0
21086,24263,1374
21087,26184,0
21088,26184,0
21089,26184,0
21090,26184,0
21091,26184,0
21092,26184,0
21093,26184,0
21094,26184,0
21095,26184,0
21096,26184,0
21097,26184,0
21098,22946,2380
21099,24816,968
21100,26184,0
21101,26184,0
21102,26184,0
21103,26184,0
21104,26184,0
21105,26184,0
21106,26184,0
21107,25148,728
21108,26184,0
21109,24739,1024
21110,26184,0
21111,26184,0
21112,26086,68
21113,26184,0
21114,24580,1140
21115,26144,28
21116,26184,0
21117,26184,0
21118,26184,0
21119,15017,10024
21120,26184,0
21121,26184,0
21122,26184,0
21123,26184,0
21124,26184,0
21125,26184,0
21126,26184,0
21127,24722,1036
21128,25154,724
21129,26184,0
21130,26184,0
21131,26184,0
21132,26184,0
21133,26184,0
21134,26184,0
21135,26184,0
21136,26184,0
21137,25861,224
21138,13707,11670
21139,26184,0
21140,18627,6140
21141,26184,0
21142,26184,0
21143,26184,0
21144,26184,0
21145,26184,0
21146,26184,0
21147,26184,0
21148,26184,0
21149,26184,0
21150,24739,1024
21151,26184,0
21152,26184,0
21153,23929,1624
21154,17041,7744
21155,26184,0
21156,26184,0
21157,25678,352
21158,26184,0
21159,26184,0
21160,26184,0
21161,26184,0
21162,26184,0
21163,22799,2496
21164,26184,0
21165,26184,0
21166,25855,228
21167,26184,0
21168,26184,0
21169,26184,0
21170,26184,0
21171,26077,74
21172,26184,0
21173,26184,0
21174,25576,424
21175,26184,0
21176,26184,0
21177,26184,0
21178,26184,0
21179,26115,48
21180,26184,0
21181,26184,0
21182,18182,6576
21183,26184,0
21184,26184,0
21185,25477,494
21186,23518,1936
21187,26184,0
21188,26184,0
21189,26184,0
21190,26184,0
21191,26184,0
21192,23660,1828
21193,25755,298
21194,26184,0
21195,26184,0
21196,24695,1056
21197,26132,36
21198,19015,5768
21199,26184,0
21200,26184,0
21201,23161,2212
21202,26184,0
21203,26184,0
21204,26184,0
21205,25576,424
21206,25576,424
21207,23797,1724
21208,26184,0
21209,8113,21124
21210,26184,0
21211,26184,0
21212,26184,0
21213,26184,0
21214,4299,32576
21215,26184,0
21216,26184,0
21217,26184,0
21218,26184,0
21219,26184,0
21220,24981,848
21221,25499,478
21222,22723,2556
21223,26184,0
21224,26184,0
21225,25434,524
21226,25718,324
21227,26184,0
21228,26184,0
21229,26184,0
21230,26184,0
21231,26184,0
21232,26184,0
21233,26184,0
21234,26184,0
21235,26184,0
21236,26184,0
21237,26184,0
21238,26184,0
21239,26184,0
21240,26121,44
21241,26184,0
21242,21388,3648
21243,20398,4502
21244,3429,36652
21245,26184,0
21246,26184,0
21247,26184,0
21248,25126,744
21249,26184,0
21250,26184,0
21251,26184,0
21252,26184,0
21253,19085,5702
21254,26184,0
21255,14519,10632
21256,26184,0
21257,23834,1696
21258,26184,0
21259,15717,9202
21260,26184,0
21261,23902,1644
21262,26184,0
21263,26184,0
21264,26184,0
21265,26184,0
21266,26074,76
21267,26184,0
21268,26184,0
21269,26184,0
21270,25576,424
21271,26184,0
21272,25134,738
21273,25288,628
21274,26184,0
21275,26092,64
21276,26184,0
21277,26184,0
21278,26184,0
21279,24009,1564
21280,26086,68
21281,25789,274
21282,26184,0
21283,25381,562
21284,26184,0
21285,26184,0
21286,21790,3312
21287,24490,1206
21288,26184,0
21289,26184,0
21290,26184,0
21291,26184,0
21292,26184,0
21293,22939,2386
21294,6505,25108
21295,26184,0
21296,21953,3178
21297,26184,0
21298,25690,344
21299,25584,418
21300,26184,0
21301,26184,0
21302,26184,0
21303,22860,2448
21304,26184,0
21305,26184,0
21306,26144,28
21307,26184,0
21308,26184,0
21309,25154,724
21310,17491,7274
21311,26184,0
21312,25687,346
21313,26184,0
21314,25218,678
21315,26184,0
21316,25249,656
21317,26184,0
21318,26184,0
21319,26184,0
21320,24876,924
21321,26184,0
21322,26184,0
21323,26184,0
21324,26184,0
21325,26184,0
21326,26184,0
21327,13551,11876
21328,26184,0
21329,26184,0
21330,24330,1324
21331,26115,48
21332,26184,0
21333,26184,0
21334,26184,0
21335,26184,0
21336,26184,0
21337,26184,0
21338,24981,848
21339,26184,0
21340,26184,0
21341,26184,0
21342,26184,0
21343,26184,0
21344,26184,0
21345,26184,0
21346,26184,0
21347,20573,4348
21348,26184,0
21349,26184,0
21350,22483,2748
21351,26184,0
21352,26184,0
21353,26184,0
21354,26184,0
21355,26184,0
21356,25644,376
21357,26121,44
21358,16992,7796
21359,26184,0
21360,26184,0
21361,26184,0
21362,26184,0
21363,24711,1044
21364,26184,0
21365,26184,0
21366,26184,0
21367,26184,0
21368,25302,618
21369,26184,0
21370,26184,0
21371,26184,0
21372,26184,0
21373,26184,0
21374,26184,0
21375,26184,0
21376,26184,0
21377,24466,1224
21378,24536,1172
21379,25045,802
21380,26184,0
21381,25277,636
21382,26184,0
21383,26184,0
21384,26184,0
21385,22053,3096
21386,26184,0
21387,26184,0
21388,26184,0
21389,23445,1992
21390,24904,904
21391,26184,0
21392,26184,0
21393,26184,0
21394,26184,0
21395,26184,0
21396,25712,328
21397,26184,0
21398,26184,0
21399,26184,0
21400,24406,1268
21401,26184,0
21402,25947,164
21403,26115,48
21404,26184,0
21405,26184,0
21406,26184,0
21407,23056,2294
21408,25491,484
21409,26184,0
21410,25218,678
21411,26150,24
21412,26184,0
21413,26184,0
21414,25026,816
21415,16594,8224
21416,25288,628
21417,26184,0
21418,26184,0
21419,26184,0
21420,23660,1828
21421,26005,124
21422,26184,0
21423,24099,1496
21424,26184,0
21425,26184,0
21426,26184,0
21427,26184,0
21428,26184,0
21429,26184,0
21430,26184,0
21431,98,100674
21432,26184,0
21433,25718,324
21434,26184,0
21435,26184,0
21436,25015,824
21437,26184,0
21438,24843,948
21439,26184,0
21440,26184,0
21441,25325,602
21442,26184,0
21443,24879,922
21444,25319,606
21445,25547,444
21446,26184,0
21447,26184,0
21448,26184,0
21449,26184,0
21450,22875,2436
21451,26184,0
21452,26184,0
21453,26184,0
21454,26184,0
21455,26184,0
21456,26184,0
21457,24954,868
21458,26184,0
21459,24293,1352
21460,26184,0
21461,26184,0
21462,21277,3742
21463,25570,428
21464,26184,0
21465,26184,0
21466,26184,0
21467,26184,0
21468,26184,0
21469,25684,348
21470,26184,0
21471,26184,0
21472,19683,5146
21473,22570,2678
21474,24976,852
21475,26184,0
21476,24271,1368
21477,26184,0
21478,23797,1724
21479,26184,0
21480,21958,3174
21481,26184,0
21482,1,823182
21483,26184,0
21484,26184,0
21485,26184,0
21486,26184,0
21487,26184,0
21488,25009,828
21489,26184,0
21490,22031,3114
21491,24422,1256
21492,26184,0
21493,26184,0
21494,26184,0
21495,26184,0
21496,25240,662
21497,26184,0
21498,25942,168
21499,26184,0
21500,26184,0
21501,25804,264
21502,26184,0
21503,26184,0
21504,26184,0
21505,26184,0
21506,26184,0
21507,26184,0
21508,26184,0
21509,26184,0
21510,26184,0
21511,14749,10348
21512,26184,0
21513,26184,0
21514,26184,0
21515,26184,0
21516,21591,3478
21517,25015,824
21518,26184,0
21519,26184,0
21520,26184,0
21521,23274,2124
21522,26184,0
21523,25015,824
21524,25690,344
21525,26077,74
21526,26184,0
21527,25690,344
21528,26077,74
21529,26184,0
21530,26184,0
21531,26184,0
21532,24733,1028
21533,22764,2524
21534,26184,0
21535,26184,0
21536,26184,0
21537,7072,23600
21538,26184,0
21539,26184,0
21540,26184,0
21541,26184,0
21542,24441,1242
21543,26184,0
21544,26184,0
21545,26184,0
21546,26184,0
21547,25294,624
21548,26184,0
21549,26184,0
21550,26184,0
21551,25434,524
21552,15751,9164
21553,26184,0
21554,26184,0
21555,25559,436
21556,26144,28
21557,26150,24
21558,26184,0
21559,25502,476
21560,26184,0
21561,26184,0
21562,26184,0
21563,26184,0
21564,24366,1298
21565,25570,428
21566,26184,0
21567,20162,4712
21568,26184,0
21569,26184,0
21570,25672,356
21571,26184,0
21572,26184,0
21573,26184,0
21574,24998,836
21575,25023,818
21576,25789,274
21577,26184,0
21578,26184,0
21579,24258,1378
21580,22077,3076
21581,26184,0
21582,26184,0
21583,26184,0
21584,26184,0
21585,26184,0
21586,26184,0
21587,26184,0
21588,26184,0
21589,26184,0
21590,26184,0
21591,25898,198
21592,26184,0
21593,26184,0
21594,22875,2436
21595,24395,1276
21596,26184,0
21597,22913,2406
21598,26184,0
21599,21740,3354
21600,26184,0
21601,26184,0
21602,26184,0
21603,26184,0
21604,26184,0
21605,26184,0
21606,26184,0
21607,26184,0
21608,22590,2662
21609,26184,0
21610,26184,0
21611,6172,26056
21612,26184,0
21613,26184,0
21614,26184,0
21615,26184,0
21616,26184,0
21617,26184,0
21618,26184,0
21619,26184,0
21620,26184,0
21621,26184,0
21622,26184,0
21623,26184,0
21624,25712,328
21625,26184,0
21626,25193,696
21627,19572,5248
21628,26184,0
21629,26184,0
21630,25618,394
21631,25832,244
21632,26184,0
21633,25266,644
21634,26184,0
21635,26184,0
21636,26184,0
21637,26184,0
21638,26184,0
21639,26184,0
21640,26184,0
21641,26184,0
21642,24025,1552
21643,26184,0
21644,26184,0
21645,26184,0
21646,24330,1324
21647,25316,608
21648,26184,0
21649,26184,0
21650,26184,0
21651,26184,0
21652,26184,0
21653,26184,0
21654,23668,1822
21655,26184,0
21656,26184,0
21657,24398,1274
21658,26184,0
21659,26184,0
21660,22890,2424
21661,26184,0
21662,26184,0
21663,26184,0
21664,20200,4678
21665,26184,0
21666,22789,2504
21667,26184,0
21668,26184,0
21669,26184,0
21670,23274,2124
21671,26184,0
21672,26184,0
21673,25684,348
21674,26184,0
21675,25861,224
21676,18456,6306
21677,24430,1250
21678,25718,324
21679,26184,0
21680,17517,7248
21681,26184,0
21682,26184,0
21683,18473,6290
21684,25576,424
21685,26184,0
21686,26184,0
21687,26184,0
21688,23979,1586
21689,26184,0
21690,24769,1002
21691,24739,1024
21692,26184,0
21693,25201,690
21694,26184,0
21695,23336,2076
21696,22638,2624
21697,23665,1824
21698,26184,0
21699,26184,0
21700,26184,0
21701,26184,0
21702,26184,0
21703,26184,0
21704,26184,0
21705,26184,0
21706,25855,228
21707,23529,1928
21708,26184,0
21709,26184,0
21710,26184,0
21711,26184,0
21712,26184,0
21713,26184,0
21714,21696,3390
21715,23210,2174
21716,26184,0
21717,24057,1528
21718,26184,0
21719,25861,224
21720,26184,0
21721,26184,0
21722,26184,0
21723,26184,0
21724,26184,0
21725,10932,15748
21726,26184,0
21727,26184,0
21728,26184,0
21729,26048,94
21730,26184,0
21731,26184,0
21732,26184,0
21733,26184,0
21734,26184,0
21735,26184,0
21736,17216,7560
21737,26184,0
21738,26184,0
21739,26184,0
21740,26184,0
21741,26184,0
21742,26184,0
21743,26184,0
21744,26184,0
21745,26184,0
21746,26184,0
21747,20942,4028
21748,26184,0
21749,26184,0
21750,24744,1020
21751,26184,0
21752,26184,0
21753,10067,17234
21754,26184,0
21755,26184,0
21756,26184,0
21757,26184,0
21758,23550,1912
21759,25288,628
21760,26184,0
21761,26184,0
21762,26184,0
21763,26184,0
21764,26184,0
21765,23082,2274
21766,26184,0
21767,26184,0
21768,26184,0
21769,5435,28348
21770,26184,0
21771,26184,0
21772,24700,1052
21773,26184,0
21774,26184,0
21775,26005,124
21776,26184,0
21777,25406,544
21778,26184,0
21779,26184,0
21780,24948,872
21781,26184,0
21782,26184,0
21783,25630,386
21784,26184,0
21785,26184,0
21786,1566,50778
21787,26184,0
21788,24843,948
21789,26184,0
21790,13221,12320
21791,25210,684
21792,26184,0
21793,26184,0
21794,26184,0
21795,23466,1976
21796,25684,348
21797,26184,0
21798,26184,0
21799,26184,0
21800,25170,712
21801,26184,0
21802,26184,0
21803,26184,0
21804,25196,694
21805,26184,0
21806,26184,0
21807,23360,2058
21808,26184,0
21809,25434,524
21810,26184,0
21811,26184,0
21812,26184,0
21813,26184,0
21814,20715,4224
21815,26184,0
21816,26184,0
21817,26184,0
21818,26184,0
21819,26184,0
21820,23886,1656
21821,25015,824
21822,26184,0
21823,25001,834
21824,25477,494
21825,25499,478
21826,26184,0
21827,26184,0
21828,26184,0
21829,26184,0
21830,26184,0
21831,26184,0
21832,15422,9544
21833,26184,0
21834,22888,2426
21835,26184,0
21836,23388,2036
21837,26184,0
21838,26184,0
21839,26184,0
21840,26184,0
21841,26184,0
21842,26184,0
21843,25020,820
21844,26184,0
21845,18109,6648
21846,26184,0
21847,26184,0
21848,26184,0
21849,26184,0
21850,25664,362
21851,26184,0
21852,26184,0
21853,26184,0
21854,23274,2124
21855,23921,1630
21856,26184,0
21857,26184,0
21858,26184,0
21859,970,59410
21860,26184,0
21861,26184,0
21862,25712,328
21863,26184,0
21864,26184,0
21865,26184,0
21866,24498,1200
21867,26184,0
21868,26184,0
21869,26121,44
21870,26184,0
21871,26184,0
21872,26184,0
21873,1501,51548
21874,25542,448
21875,24717,1040
21876,23860,1676
21877,25861,224
21878,1588,50530
21879,26184,0
21880,26184,0
21881,26184,0
21882,26184,0
21883,25576,424
21884,26184,0
21885,9571,18146
21886,26184,0
21887,26184,0
21888,26184,0
21889,26184,0
21890,26184,0
21891,26184,0
21892,26184,0
21893,26184,0
21894,26184,0
21895,26184,0
21896,22741,2542
21897,26184,0
21898,26184,0
21899,25260,648
21900,26184,0
21901,23482,1964
21902,26184,0
21903,26184,0
21904,26184,0
21905,26184,0
21906,26184,0
21907,26184,0
21908,26184,0
21909,26144,28
21910,26184,0
21911,22802,2494
21912,22824,2476
21913,23665,1824
21914,22992,2344
21915,1222,55252
21916,26184,0
21917,23696,1800
21918,26184,0
21919,26184,0
21920,26184,0
21921,26184,0
21922,16143,8720
21923,22638,2624
21924,26184,0
21925,23339,2074
21926,26184,0
21927,26184,0
21928,21615,3458
21929,26184,0
21930,25755,298
21931,24854,940
21932,26184,0
21933,26019,114
21934,26184,0
21935,26184,0
21936,26184,0
21937,26184,0
21938,26184,0
21939,26184,0
21940,21378,3656
21941,26184,0
21942,26184,0
21943,23151,2220
21944,26184,0
21945,26184,0
21946,23336,2076
21947,26184,0
21948,26184,0
21949,26184,0
21950,20863,4096
21951,23381,2042
21952,26184,0
21953,26184,0
21954,26184,0
21955,26184,0
21956,26184,0
21957,26184,0
21958,26184,0
21959,23623,1856
21960,26184,0
21961,26184,0
21962,26184,0
21963,25775,284
21964,26184,0
21965,19559,5260
21966,25294,624
21967,25084,774
21968,26184,0
21969,26184,0
21970,26184,0
21971,26184,0
21972,12078,13950
21973,26184,0
21974,26184,0
21975,14889,10178
21976,26184,0
21977,26184,0
21978,26184,0
21979,26184,0
21980,26184,0
21981,1440,52292
21982,26184,0
21983,26184,0
21984,26184,0
21985,24783,992
21986,26184,0
21987,7803,21828
21988,23107,2254
21989,16762,8042
21990,25647,374
21991,26184,0
21992,26184,0
21993,26184,0
21994,26184,0
21995,26184,0
21996,21737,3356
21997,26184,0
21998,26184,0
21999,25913,188
22000,26184,0
22001,26184,0
22002,26184,0
22003,26184,0
22004,26184,0
22005,26184,0
22006,26184,0
22007,26184,0
22008,26184,0
22009,26184,0
22010,1,622854
22011,26184,0
22012,24504,1196
22013,9265,18730
22014,26184,0
22015,22528,2712
22016,26184,0
22017,26184,0
22018,25522,462
22019,26184,0
22020,26150,24
22021,14707,10400
22022,24298,1348
22023,26184,0
22024,26184,0
22025,26184,0
22026,26184,0
22027,26184,0
22028,26184,0
22029,24774,998
22030,26184,0
22031,26184,0
22032,26184,0
22033,25336,594
22034,26184,0
22035,26184,0
22036,26184,0
22037,26150,24
22038,26184,0
22039,26184,0
22040,26184,0
22041,26184,0
22042,26184,0
22043,25434,524
22044,26184,0
22045,22264,2924
22046,19405,5402
22047,26184,0
22048,18735,6036
22049,26184,0
22050,26184,0
22051,23560,1904
22052,1630,50062
22053,26184,0
22054,26184,0
22055,18269,6490
22056,26184,0
22057,26184,0
22058,25154,724
22059,26184,0
22060,23274,2124
22061,26184,0
22062,25970,148
22063,14802,10284
22064,26184,0
22065,26184,0
22066,19437,5372
22067,25154,724
22068,26184,0
22069,26184,0
22070,26184,0
22071,26184,0
22072,26184,0
22073,26184,0
22074,26184,0
22075,26184,0
22076,25488,486
22077,26184,0
22078,26121,44
22079,26184,0
22080,25875,214
22081,19397,5410
22082,25179,706
22083,17327,7444
22084,26184,0
22085,26184,0
22086,26184,0
22087,26184,0
22088,20306,4584
22089,26184,0
22090,26184,0
22091,26184,0
22092,26184,0
22093,26184,0
22094,26184,0
22095,26184,0
22096,25542,448
22097,26184,0
22098,24706,1048
22099,26184,0
22100,26184,0
22101,6196,25986
22102,26184,0
22103,25009,828
22104,26184,0
22105,26184,0
22106,26184,0
22107,26184,0
22108,23053,2296
22109,26184,0
22110,26184,0
22111,25129,742
22112,26184,0
22113,26184,0
22114,26184,0
22115,26184,0
22116,18891,5886
22117,26184,0
22118,26184,0
22119,26184,0
22120,26184,0
22121,26184,0
22122,26184,0
22123,11088,15492
22124,24298,1348
22125,26184,0
22126,26184,0
22127,26184,0
22128,26184,0
22129,23010,2330
22130,25260,648
22131,26184,0
22132,26184,0
22133,26184,0
22134,26184,0
22135,26184,0
22136,26184,0
22137,26184,0
22138,26184,0
22139,26184,0
22140,26184,0
22141,25266,644
22142,24099,1496
22143,26184,0
22144,26184,0
22145,26184,0
22146,26184,0
22147,26184,0
22148,26184,0
22149,26184,0
22150,26184,0
22151,8594,20086
22152,25861,224
22153,25081,776
22154,26184,0
22155,26184,0
22156,26184,0
22157,26184,0
22158,26184,0
22159,26184,0
22160,26184,0
22161,26184,0
22162,26184,0
22163,26184,0
22164,26184,0
22165,26184,0
22166,26184,0
22167,22797,2498
22168,26184,0
22169,24981,848
22170,17797,6962
22171,26184,0
22172,26184,0
22173,24132,1472
22174,26103,56
22175,25364,574
22176,14300,10906
22177,25970,148
22178,26077,74
22179,26184,0
22180,25372,568
22181,26184,0
22182,10987,15658
22183,26184,0
22184,26184,0
22185,26184,0
22186,26184,0
22187,25350,584
22188,26184,0
22189,26184,0
22190,24368,1296
22191,26184,0
22192,26184,0
22193,26184,0
22194,26184,0
22195,26184,0
22196,26184,0
22197,26184,0
22198,26184,0
22199,26184,0
22200,26184,0
22201,23274,2124
22202,26184,0
22203,26184,0
22204,24325,1328
22205,26184,0
22206,26184,0
22207,25861,224
22208,26048,94
22209,26184,0
22210,26184,0
22211,26184,0
22212,26184,0
22213,26184,0
22214,25294,624
22215,25294,624
22216,26184,0
22217,24821,964
22218,26184,0
22219,25499,478
22220,26150,24
22221,26184,0
22222,26184,0
22223,26184,0
22224,26184,0
22225,26184,0
22226,26184,0
22227,25933,174
22228,26184,0
22229,26184,0
22230,26184,0
22231,26184,0
22232,26184,0
22233,26184,0
22234,23770,1744
22235,24001,1570
22236,26184,0
22237,26184,0
22238,25015,824
22239,26184,0
22240,26184,0
22241,26184,0
22242,25477,494
22243,26184,0
22244,25850,232
22245,26184,0
22246,25274,638
22247,26184,0
22248,26184,0
22249,23900,1646
22250,26184,0
22251,26184,0
22252,26184,0
22253,25861,224
22254,26184,0
22255,26184,0
22256,26184,0
22257,6830,24228
22258,25570,428
22259,26184,0
22260,26184,0
22261,26184,0
22262,20900,4064
22263,26184,0
22264,22210,2968
22265,26184,0
22266,26184,0
22267,26184,0
22268,26184,0
22269,8414,20468
22270,17872,6886
22271,26184,0
22272,26184,0
22273,26184,0
22274,26184,0
22275,26184,0
22276,25658,366
22277,26184,0
22278,26184,0
22279,26184,0
22280,26184,0
22281,26184,0
22282,26184,0
22283,25026,816
22284,24242,1390
22285,26184,0
22286,26184,0
22287,26184,0
22288,24057,1528
22289,26184,0
22290,26184,0
22291,26184,0
22292,25372,568
22293,26184,0
22294,26184,0
22295,26184,0
22296,22590,2662
22297,15479,9478
22298,26184,0
22299,26184,0
22300,22913,2406
22301,26184,0
22302,25137,736
22303,26184,0
22304,26184,0
22305,26184,0
22306,26184,0
22307,26184,0
22308,26095,62
22309,26184,0
22310,26184,0
22311,26184,0
22312,26184,0
22313,26184,0
22314,26184,0
22315,26184,0
22316,20946,4024
22317,25471,498
22318,20369,4528
22319,26184,0
22320,26184,0
22321,26184,0
22322,25299,620
22323,26184,0
22324,26184,0
22325,24871,928
22326,26184,0
22327,26184,0
22328,25747,304
22329,24414,1262
22330,25861,224
22331,26184,0
22332,26184,0
22333,26184,0
22334,15017,10024
22335,26184,0
22336,26184,0
22337,25488,486
22338,25084,774
22339,6295,25698
22340,26184,0
22341,26184,0
22342,26184,0
22343,26184,0
22344,26184,0
22345,25400,548
22346,26184,0
22347,26184,0
22348,26184,0
22349,26184,0
22350,22508,2728
22351,23929,1624
22352,26184,0
22353,26184,0
22354,19377,5428
22355,25499,478
22356,24196,1424
22357,26184,0
22358,19104,5684
22359,25053,796
22360,26184,0
22361,26184,0
22362,26184,0
22363,26184,0
22364,25564,432
22365,23607,1868
22366,26184,0
22367,25406,544
22368,21641,3436
22369,26184,0
22370,26184,0
22371,26184,0
22372,26042,98
22373,26184,0
22374,26184,0
22375,26184,0
22376,26184,0
22377,26184,0
22378,26184,0
22379,25398,550
22380,22764,2524
22381,26184,0
22382,26071,78
22383,26092,64
22384,26184,0
22385,26184,0
22386,26184,0
22387,26184,0
22388,26184,0
22389,26184,0
22390,10624,16264
22391,26184,0
22392,26184,0
22393,25687,346
22394,26184,0
22395,26184,0
22396,23272,2126
22397,26184,0
22398,26184,0
22399,25844,236
22400,14034,11244
22401,17692,7068
22402,26184,0
22403,26184,0
22404,26184,0
22405,26184,0
22406,26184,0
22407,26184,0
22408,26184,0
22409,26184,0
22410,1571,50724
22411,26184,0
22412,26184,0
22413,26184,0
22414,26184,0
22415,21836,3274
22416,26184,0
22417,26184,0
22418,26184,0
22419,25511,470
22420,26060,86
22421,25784,278
22422,26184,0
22423,26184,0
22424,26184,0
22425,25092,768
22426,26184,0
22427,26184,0
22428,26184,0
22429,26184,0
22430,22890,2424
22431,22698,2576
22432,26184,0
22433,24956,866
22434,26184,0
22435,26184,0
22436,26184,0
22437,26184,0
22438,26184,0
22439,26184,0
22440,24739,1024
22441,26184,0
22442,25627,388
22443,25687,346
22444,24164,1448
22445,26184,0
22446,26184,0
22447,26184,0
22448,26184,0
22449,26184,0
22450,26184,0
22451,24747,1018
22452,11627,14636
22453,25861,224
22454,26184,0
22455,25193,696
22456,23013,2328
22457,26184,0
22458,26184,0
22459,25294,624
22460,26184,0
22461,26184,0
22462,26184,0
22463,26184,0
22464,24460,1228
22465,15400,9570
22466,26184,0
22467,26184,0
22468,26184,0
22469,26184,0
22470,23863,1674
22471,26184,0
22472,26184,0
22473,26184,0
22474,26184,0
22475,26132,36
22476,26150,24
22477,26184,0
22478,24915,896
22479,26184,0
22480,26184,0
22481,26184,0
22482,26071,78
22483,26184,0
22484,22939,2386
22485,25570,428
22486,26184,0
22487,25429,528
22488,25933,174
22489,26005,124
22490,24876,924
22491,26184,0
22492,26184,0
22493,26184,0
22494,26184,0
22495,26184,0
22496,24998,836
22497,26184,0
22498,18981,5800
22499,26184,0
22500,22855,2452
22501,26184,0
22502,26184,0
22503,21771,3328
22504,26184,0
22505,25406,544
22506,25901,196
22507,23916,1634
22508,24722,1036
22509,1,151608
22510,26184,0
22511,26184,0
22512,26184,0
22513,26184,0
22514,23929,1624
22515,25735,312
22516,25406,544
22517,26184,0
22518,14335,10862
22519,26184,0
22520,26184,0
22521,26184,0
22522,25576,424
22523,23503,1948
22524,26184,0
22525,26184,0
22526,26184,0
22527,26184,0
22528,26184,0
22529,26184,0
22530,26184,0
22531,26184,0
22532,26184,0
22533,25347,586
22534,26184,0
22535,25084,774
22536,26184,0
22537,19369,5436
22538,26184,0
22539,26184,0
22540,26184,0
22541,26184,0
22542,26184,0
22543,5031,29740
22544,23503,1948
22545,26184,0
22546,26184,0
22547,26184,0
22548,26184,0
22549,25505,474
22550,26184,0
22551,26184,0
22552,26184,0
22553,23770,1744
22554,24062,1524
22555,26184,0
22556,26184,0
22557,26184,0
22558,26184,0
22559,26184,0
22560,26184,0
22561,5215,29092
22562,26184,0
22563,26184,0
22564,26184,0
22565,26184,0
22566,26184,0
22567,26184,0
22568,26184,0
22569,26184,0
22570,26184,0
22571,26184,0
22572,24912,898
22573,26184,0
22574,26184,0
22575,26184,0
22576,25576,424
22577,25661,364
22578,26184,0
22579,26184,0
22580,26184,0
22581,26184,0
22582,26184,0
22583,26184,0
22584,26184,0
22585,26184,0
22586,22483,2748
22587,26184,0
22588,26184,0
22589,26184,0
22590,26184,0
22591,89,102428
22592,26184,0
22593,26184,0
22594,17614,7148
22595,24739,1024
22596,26184,0
22597,26184,0
22598,25148,728
22599,26184,0
22600,24706,1048
22601,14894,10172
22602,26184,0
22603,26184,0
22604,24662,1080
22605,23388,2036
22606,26042,98
22607,26184,0
22608,26184,0
22609,26184,0
22610,26184,0
22611,26184,0
22612,7007,23766
22613,26184,0
22614,24596,1128
22615,26184,0
22616,26184,0
22617,26184,0
22618,18436,6326
22619,25009,828
22620,21438,3606
22621,21650,3428
22622,26184,0
22623,26184,0
22624,26144,28
22625,26184,0
22626,26184,0
22627,15566,9376
22628,25861,224
22629,26150,24
22630,25288,628
22631,26184,0
22632,26184,0
22633,26184,0
22634,26184,0
22635,26184,0
22636,26184,0
22637,26184,0
22638,26184,0
22639,26184,0
22640,26184,0
22641,24341,1316
22642,19661,5166
22643,25274,638
22644,26184,0
22645,26184,0
22646,26184,0
22647,26184,0
22648,26184,0
22649,23770,1744
22650,26184,0
22651,25429,528
22652,26184,0
22653,26184,0
22654,26184,0
22655,26184,0
22656,23979,1586
22657,25417,536
22658,25570,428
22659,26184,0
22660,26184,0
22661,23453,1986
22662,25434,524
22663,25930,176
22664,21324,3702
22665,26184,0
22666,26184,0
22667,26184,0
22668,26184,0
22669,26184,0
22670,26184,0
22671,23089,2268
22672,26184,0
22673,26184,0
22674,23531,1926
22675,26184,0
22676,26184,0
22677,26184,0
22678,26184,0
22679,26184,0
22680,26184,0
22681,26184,0
22682,22590,2662
22683,26184,0
22684,26184,0
22685,26184,0
22686,23995,1574
22687,24164,1448
22688,26184,0
22689,26016,116
22690,26184,0
22691,25400,548
22692,26184,0
22693,21747,3348
22694,26184,0
22695,26184,0
22696,26184,0
22697,23471,1972
22698,26184,0
22699,25970,148
22700,26068,80
22701,26184,0
22702,26184,0
22703,23783,1734
22704,26184,0
22705,26184,0
22706,26184,0
22707,26184,0
22708,26184,0
22709,25942,168
22710,23831,1698
22711,26184,0
22712,25051,798
22713,26184,0
22714,26184,0
22715,26184,0
22716,26184,0
22717,20462,4446
22718,26184,0
22719,26184,0
22720,25921,182
22721,23534,1924
22722,26184,0
22723,21776,3324
22724,26184,0
22725,25988,136
22726,26184,0
22727,26184,0
22728,24810,972
22729,1589,50524
22730,26184,0
22731,26184,0
22732,26184,0
22733,26184,0
22734,26184,0
22735,26184,0
22736,26184,0
22737,26184,0
22738,26184,0
22739,25627,388
22740,26184,0
22741,26184,0
22742,26184,0
22743,21555,3508
22744,26184,0
22745,1322,53830
22746,26184,0
22747,25260,648
22748,26184,0
22749,26184,0
22750,26184,0
22751,26184,0
22752,24325,1328
22753,26184,0
22754,26184,0
22755,26184,0
22756,26184,0
22757,26045,96
22758,25701,336
22759,26184,0
22760,26184,0
22761,23399,2028
22762,26184,0
22763,26184,0
22764,1633,50024
22765,25406,544
22766,24876,924
22767,26184,0
22768,26150,24
22769,26184,0
22770,26184,0
22771,26184,0
22772,26184,0
22773,25471,498
22774,21070,3918
22775,26184,0
22776,22050,3098
22777,26184,0
22778,24460,1228
22779,26184,0
22780,26184,0
22781,26184,0
22782,26184,0
22783,24871,928
22784,26184,0
22785,26184,0
22786,26184,0
22787,23534,1924
22788,26184,0
22789,25207,686
22790,26184,0
22791,24046,1536
22792,25266,644
22793,23238,2152
22794,26184,0
22795,22822,2478
22796,22723,2556
22797,26184,0
22798,23274,2124
22799,2638,41380
22800,26184,0
22801,6446,25272
22802,26184,0
22803,12439,13420
22804,26184,0
22805,26184,0
22806,24981,848
22807,26184,0
22808,22148,3018
22809,26184,0
22810,26184,0
22811,26184,0
22812,23233,2156
22813,26184,0
22814,26071,78
22815,26184,0
22816,26184,0
22817,26184,0
22818,26184,0
22819,26184,0
22820,26184,0
22821,20977,3998
22822,26184,0
22823,26184,0
22824,26184,0
22825,26184,0
22826,24940,878
22827,25384,560
22828,25593,412
22829,26184,0
22830,26184,0
22831,8622,20028
22832,26184,0
22833,26184,0
22834,26184,0
22835,26184,0
22836,26060,86
22837,20578,4344
22838,24860,936
22839,26184,0
22840,26184,0
22841,26184,0
22842,26184,0
22843,26184,0
22844,26184,0
22845,26184,0
22846,26184,0
22847,26184,0
22848,26184,0
22849,26184,0
22850,26184,0
22851,25718,324
22852,23116,2247
22853,26184,0
22854,26184,0
22855,7013,23752
22856,26184,0
22857,13342,12156
22858,25570,428
22859,25120,748
22860,25898,198
22861,26048,94
22862,23373,2048
22863,4946,30048
22864,26184,0
22865,24722,1036
22866,19707,5124
22867,26184,0
22868,26184,0
22869,26184,0
22870,26184,0
22871,26077,74
22872,26184,0
22873,26184,0
22874,26184,0
22875,26184,0
22876,26184,0
22877,24670,1074
22878,26184,0
22879,26184,0
22880,26184,0
22881,22598,2656
22882,26184,0
22883,26184,0
22884,26184,0
22885,26184,0
22886,26184,0
22887,26184,0
22888,25499,478
22889,26184,0
22890,26184,0
22891,25650,372
22892,21892,3228
22893,26184,0
22894,24926,888
22895,26184,0
22896,24366,1298
22897,24466,1224
22898,26184,0
22899,26184,0
22900,26184,0
22901,25154,724
22902,26184,0
22903,26184,0
22904,26184,0
22905,26184,0
22906,26184,0
22907,26184,0
22908,26184,0
22909,26184,0
22910,26184,0
22911,26184,0
22912,24204,1418
22913,26184,0
22914,26184,0
22915,25635,382
22916,26184,0
22917,26184,0
22918,26184,0
22919,25861,224
22920,26184,0
22921,26184,0
22922,25976,144
22923,26184,0
22924,26184,0
22925,26184,0
22926,26184,0
22927,26184,0
22928,26184,0
22929,26184,0
22930,26184,0
22931,24774,998
22932,26184,0
22933,26184,0
22934,21469,3580
22935,26184,0
22936,26184,0
22937,26184,0
22938,23451,1988
22939,26184,0
22940,26184,0
22941,25570,428
22942,26184,0
22943,26184,0
22944,23135,2232
22945,26184,0
22946,26184,0
22947,26121,44
22948,26184,0
22949,26150,24
22950,26184,0
22951,24981,848
22952,25232,668
22953,26184,0
22954,26184,0
22955,26184,0
22956,23469,1974
22957,26184,0
22958,23399,2028
22959,23599,1874
22960,21543,3518
22961,26184,0
22962,26184,0
22963,26184,0
22964,26184,0
22965,26184,0
22966,26184,0
22967,24876,924
22968,26184,0
22969,26184,0
22970,26184,0
22971,26184,0
22972,26184,0
22973,26184,0
22974,26184,0
22975,26184,0
22976,26184,0
22977,23576,1892
22978,26184,0
22979,26184,0
22980,26184,0
22981,22890,2424
22982,21805,3300
22983,26184,0
22984,26184,0
22985,26184,0
22986,26184,0
22987,26184,0
22988,26184,0
22989,21769,3330
22990,22954,2374
22991,25148,728
22992,24328,1326
22993,26184,0
22994,26184,0
22995,24164,1448
22996,26184,0
22997,22686,2586
22998,26184,0
22999,26184,0
23000,26184,0
23001,6337,25578
23002,26184,0
23003,26184,0
23004,22890,2424
23005,25647,374
23006,26184,0
23007,26184,0
23008,26184,0
23009,25109,756
23010,26184,0
23011,26184,0
23012,26184,0
23013,26184,0
23014,26184,0
23015,26184,0
23016,26184,0
23017,21814,3292
23018,26184,0
23019,26184,0
23020,26184,0
23021,26184,0
23022,26184,0
23023,26184,0
23024,26184,0
23025,25266,644
23026,26184,0
23027,25154,724
23028,26184,0
23029,26184,0
23030,26184,0
23031,26184,0
23032,26184,0
23033,26184,0
23034,26184,0
23035,26184,0
23036,26184,0
23037,25530,456
23038,25477,494
23039,26184,0
23040,24258,1378
23041,24534,1174
23042,24062,1524
23043,26184,0
23044,25285,630
23045,26184,0
23046,26184,0
23047,26184,0
23048,26184,0
23049,26184,0
23050,26184,0
23051,26184,0
23052,26184,0
23053,26184,0
23054,26184,0
23055,24998,836
23056,24981,848
23057,26184,0
23058,26184,0
23059,26184,0
23060,23639,1844
23061,26184,0
23062,26184,0
23063,23665,1824
23064,26184,0
23065,26184,0
23066,26184,0
23067,25009,828
23068,26184,0
23069,26184,0
23070,26184,0
23071,25712,328
23072,26184,0
23073,26184,0
23074,26184,0
23075,26184,0
23076,26184,0
23077,24046,1536
23078,26184,0
23079,26184,0
23080,26184,0
23081,25120,748
23082,26184,0
23083,26184,0
23084,24019,1556
23085,26184,0
23086,26184,0
23087,26184,0
23088,26184,0
23089,26184,0
23090,26184,0
23091,26184,0
23092,25294,624
23093,26005,124
23094,26184,0
23095,26184,0
23096,26184,0
23097,26184,0
23098,26184,0
23099,26184,0
23100,26184,0
23101,25542,448
23102,26184,0
23103,26184,0
23104,26184,0
23105,24818,966
23106,17235,7540
23107,21270,3748
23108,26184,0
23109,26184,0
23110,15477,9480
23111,26184,0
23112,25389,556
23113,26184,0
23114,23210,2174
23115,26184,0
23116,26184,0
23117,22388,2824
23118,26184,0
23119,26042,98
23120,21916,3208
23121,26184,0
23122,25434,524
23123,26132,36
23124,15724,9194
23125,26184,0
23126,26184,0
23127,26184,0
23128,25154,724
23129,26184,0
23130,26184,0
23131,26184,0
23132,26184,0
23133,26184,0
23134,26184,0
23135,26184,0
23136,25890,204
23137,26184,0
23138,24739,1024
23139,23876,1664
23140,25861,224
23141,26184,0
23142,26184,0
23143,26184,0
23144,26184,0
23145,25218,678
23146,25530,456
23147,26184,0
23148,26184,0
23149,26184,0
23150,26184,0
23151,26184,0
23152,26184,0
23153,25429,528
23154,25547,444
23155,26184,0
23156,26184,0
23157,26184,0
23158,26184,0
23159,25154,724
23160,1,259028
23161,22583,2668
23162,7440,22686
23163,26184,0
23164,452,73196
23165,24070,1518
23166,26184,0
23167,26184,0
23168,26184,0
23169,26184,0
23170,26184,0
23171,25542,448
23172,26184,0
23173,25502,476
23174,24670,1074
23175,24382,1286
23176,23865,1672
23177,26184,0
23178,26184,0
23179,26184,0
23180,25542,448
23181,26184,0
23182,26184,0
23183,26184,0
23184,25126,744
23185,26184,0
23186,26184,0
23187,26184,0
23188,26184,0
23189,25358,578
23190,26184,0
23191,26184,0
23192,25988,136
23193,25126,744
23194,26184,0
23195,26184,0
23196,15017,10024
23197,26184,0
23198,26184,0
23199,23357,2060
23200,26184,0
23201,26184,0
23202,26184,0
23203,26184,0
23204,25570,428
23205,26184,0
23206,24846,946
23207,5071,29596
23208,26184,0
23209,23151,2220
23210,26184,0
23211,26005,124
23212,26184,0
23213,26184,0
23214,26184,0
23215,26184,0
23216,26184,0
23217,26184,0
23218,16345,8496
23219,25861,224
23220,26184,0
23221,25224,674
23222,22483,2748
23223,26184,0
23224,26184,0
23225,26184,0
23226,26184,0
23227,26184,0
23228,26184,0
23229,26184,0
23230,25443,518
23231,26184,0
23232,26184,0
23233,25647,374
23234,25747,304
23235,26184,0
23236,21797,3306
23237,26184,0
23238,26184,0
23239,26184,0
23240,26184,0
23241,26184,0
23242,26184,0
23243,26184,0
23244,4711,30924
23245,18129,6628
23246,26184,0
23247,24670,1074
23248,26042,98
23249,26184,0
23250,26184,0
23251,26184,0
23252,25718,324
23253,26144,28
23254,26184,0
23255,26184,0
23256,26184,0
23257,26184,0
23258,26184,0
23259,24995,838
23260,26184,0
23261,26184,0
23262,24542,1168
23263,22353,2852
23264,25092,768
23265,22633,2628
23266,26184,0
23267,25664,362
23268,25095,766
23269,24706,1048
23270,26184,0
23271,26150,24
23272,26184,0
23273,26184,0
23274,20299,4590
23275,26184,0
23276,22455,2770
23277,6427,25324
23278,26184,0
23279,26184,0
23280,26184,0
23281,26184,0
23282,26184,0
23283,21462,3586
23284,26184,0
23285,23752,1758
23286,26184,0
23287,24460,1228
23288,8572,20132
23289,26184,0
23290,26184,0
23291,26184,0
23292,13396,12084
23293,25904,194
23294,25758,296
23295,23707,1792
23296,26144,28
23297,26184,0
23298,24190,1428
23299,26150,24
23300,18285,6474
23301,24477,1216
23302,20185,4692
23303,25120,748
23304,26184,0
23305,26184,0
23306,25143,732
23307,25417,536
23308,26184,0
23309,24821,964
23310,25530,456
23311,25288,628
23312,26184,0
23313,26184,0
23314,23399,2028
23315,26184,0
23316,26184,0
23317,26184,0
23318,26184,0
23319,25933,174
23320,26184,0
23321,23665,1824
23322,26184,0
23323,26184,0
23324,25148,728
23325,26184,0
23326,26184,0
23327,25254,652
23328,6535,25024
23329,25761,294
23330,26184,0
23331,26184,0
23332,26184,0
23333,26184,0
23334,26184,0
23335,26184,0
23336,26184,0
23337,22728,2552
23338,26184,0
23339,26184,0
23340,23649,1836
23341,26184,0
23342,26184,0
23343,23929,1624
23344,26184,0
23345,26184,0
23346,26184,0
23347,26184,0
23348,26121,44
23349,26150,24
23350,26184,0
23351,26184,0
23352,26184,0
23353,26184,0
23354,23560,1904
23355,26184,0
23356,18956,5824
23357,26184,0
23358,26184,0
23359,25429,528
23360,26184,0
23361,24330,1324
23362,26184,0
23363,26184,0
23364,26184,0
23365,20346,4548
23366,26184,0
23367,26184,0
23368,20826,4128
23369,25870,218
23370,26184,0
23371,26184,0
23372,23913,1636
23373,26184,0
23374,26184,0
23375,26184,0
23376,26184,0
23377,26184,0
23378,26184,0
23379,26184,0
23380,26184,0
23381,26184,0
23382,24832,956
23383,26184,0
23384,26184,0
23385,26184,0
23386,9418,18436
23387,26184,0
23388,26184,0
23389,26184,0
23390,26184,0
23391,22969,2362
23392,26184,0
23393,25701,336
23394,26184,0
23395,26184,0
23396,26184,0
23397,25684,348
23398,26184,0
23399,26184,0
23400,24981,848
23401,26184,0
23402,26184,0
23403,25844,236
23404,26184,0
23405,26184,0
23406,26005,124
23407,26184,0
23408,26184,0
23409,23146,2224
23410,26184,0
23411,26077,74
23412,24460,1228
23413,21638,3438
23414,26184,0
23415,26184,0
23416,26184,0
23417,26184,0
23418,26184,0
23419,26184,0
23420,25861,224
23421,23308,2098
23422,26184,0
23423,26184,0
23424,26184,0
23425,12645,13124
23426,26184,0
23427,26184,0
23428,26184,0
23429,26184,0
23430,26184,0
23431,26184,0
23432,26184,0
23433,26184,0
23434,26184,0
23435,25815,256
23436,26184,0
23437,26184,0
23438,26184,0
23439,25718,324
23440,26184,0
23441,26184,0
23442,26184,0
23443,26184,0
23444,26184,0
23445,24035,1544
23446,26184,0
23447,26184,0
23448,22353,2852
23449,26184,0
23450,26184,0
23451,24553,1160
23452,26184,0
23453,1,109796
23454,15007,10036
23455,26184,0
23456,26184,0
23457,26184,0
23458,25364,574
23459,26184,0
23460,25015,824
23461,26184,0
23462,26184,0
23463,26184,0
23464,26184,0
23465,26184,0
23466,26184,0
23467,20970,4004
23468,26184,0
23469,26077,74
23470,19628,5196
23471,26184,0
23472,21622,3452
23473,24169,1444
23474,25570,428
23475,26184,0
23476,21180,3824
23477,26184,0
23478,26150,24
23479,26184,0
23480,26184,0
23481,26184,0
23482,26184,0
23483,26184,0
23484,26184,0
23485,17659,7102
23486,26184,0
23487,15775,9136
23488,23094,2264
23489,26184,0
23490,26184,0
23491,26184,0
23492,26184,0
23493,18984,5798
23494,26184,0
23495,26184,0
23496,1491,51668
23497,26184,0
23498,26184,0
23499,26184,0
23500,5849,27024
23501,26184,0
23502,26184,0
23503,26184,0
23504,17251,7524
23505,26184,0
23506,26184,0
23507,26184,0
23508,24395,1276
23509,21154,3846
23510,26184,0
23511,25015,824
23512,26184,0
23513,26184,0
23514,26184,0
23515,26184,0
23516,25861,224
23517,8683,19900
23518,26184,0
23519,26184,0
23520,26184,0
23521,25294,624
23522,26184,0
23523,26184,0
23524,19409,5398
23525,25079,778
23526,23274,2124
23527,26184,0
23528,6399,25404
23529,26184,0
23530,26184,0
23531,26184,0
23532,26184,0
23533,26184,0
23534,26184,0
23535,23886,1656
23536,26184,0
23537,25092,768
23538,26184,0
23539,26184,0
23540,26184,0
23541,26184,0
23542,23823,1704
23543,26184,0
23544,26184,0
23545,26184,0
23546,20247,4636
23547,10455,16552
23548,26077,74
23549,26184,0
23550,24030,1548
23551,21727,3364
23552,26144,28
23553,26184,0
23554,26184,0
23555,26184,0
23556,26184,0
23557,5255,28954
23558,26184,0
23559,26184,0
23560,26184,0
23561,25844,236
23562,26184,0
23563,26184,0
23564,26184,0
23565,26077,74
23566,25224,674
23567,26184,0
23568,26184,0
23569,26184,0
23570,23089,2268
23571,26184,0
23572,26184,0
23573,26184,0
23574,24962,862
23575,21684,3400
23576,25120,748
23577,25429,528
23578,26184,0
23579,26184,0
23580,26184,0
23581,25451,512
23582,26184,0
23583,26184,0
23584,26184,0
23585,25471,498
23586,23249,2144
23587,26184,0
23588,25647,374
23589,26184,0
23590,26184,0
23591,26184,0
23592,26184,0
23593,22819,2480
23594,26184,0
23595,24204,1418
23596,26184,0
23597,26184,0
23598,26184,0
23599,23628,1852
23600,26184,0
23601,26184,0
23602,23492,1956
23603,26184,0
23604,26184,0
23605,25664,362
23606,26184,0
23607,26184,0
23608,26005,124
23609,26184,0
23610,26184,0
23611,25647,374
23612,26184,0
23613,26184,0
23614,26184,0
23615,25542,448
23616,26184,0
23617,26184,0
23618,23373,2048
23619,17038,7748
23620,26184,0
23621,26184,0
23622,26184,0
23623,26184,0
23624,26184,0
23625,26184,0
23626,26184,0
23627,26184,0
23628,25553,440
23629,26184,0
23630,26184,0
23631,26184,0
23632,23388,2036
23633,26184,0
23634,22388,2824
23635,26184,0
23636,26184,0
23637,26184,0
23638,26184,0
23639,26184,0
23640,26184,0
23641,24341,1316
23642,26184,0
23643,17732,7028
23644,23069,2284
23645,26184,0
23646,25266,644
23647,26184,0
23648,26184,0
23649,26184,0
23650,25513,468
23651,26184,0
23652,23662,1826
23653,26184,0
23654,24330,1324
23655,26184,0
23656,26184,0
23657,26184,0
23658,26184,0
23659,26184,0
23660,19168,5624
23661,25053,796
23662,26184,0
23663,26184,0
23664,26184,0
23665,26184,0
23666,26184,0
23667,7838,21746
23668,26184,0
23669,26184,0
23670,24263,1374
23671,25712,328
23672,26184,0
23673,26184,0
23674,26184,0
23675,26184,0
23676,26184,0
23677,26184,0
23678,26184,0
23679,26184,0
23680,25576,424
23681,21476,3574
23682,26184,0
23683,26184,0
23684,25999,128
23685,26184,0
23686,26184,0
23687,26184,0
23688,26184,0
23689,25927,178
23690,26184,0
23691,26184,0
23692,26184,0
23693,26184,0
23694,26184,0
23695,26184,0
23696,8003,21370
23697,26184,0
23698,26184,0
23699,26184,0
23700,26184,0
23701,26184,0
23702,26184,0
23703,25053,796
23704,26184,0
23705,26121,44
23706,26184,0
23707,26184,0
23708,26184,0
23709,26184,0
23710,21634,3442
23711,26184,0
23712,26184,0
23713,26184,0
23714,22403,2812
23715,26184,0
23716,26184,0
23717,26184,0
23718,26184,0
23719,25933,174
23720,26184,0
23721,26184,0
23722,26184,0
23723,24596,1128
23724,26184,0
23725,26184,0
23726,25772,286
23727,26184,0
23728,26184,0
23729,25210,684
23730,26184,0
23731,24871,928
23732,22580,2670
23733,26184,0
23734,26184,0
23735,4952,30024
23736,26184,0
23737,25429,528
23738,25712,328
23739,26184,0
23740,22021,3122
23741,26184,0
23742,26184,0
23743,24142,1464
23744,26184,0
23745,26184,0
23746,26184,0
23747,26184,0
23748,23910,1638
23749,26184,0
23750,26184,0
23751,25502,476
23752,14098,11162
23753,23823,1704
23754,26184,0
23755,26184,0
23756,26184,0
23757,26184,0
23758,26184,0
23759,26184,0
23760,26184,0
23761,26184,0
23762,24035,1544
23763,26184,0
23764,26184,0
23765,26184,0
23766,26184,0
23767,26184,0
23768,26184,0
23769,24277,1364
23770,26184,0
23771,26184,0
23772,25294,624
23773,21980,3156
23774,26184,0
23775,24425,1254
23776,26184,0
23777,26184,0
23778,26184,0
23779,25148,728
23780,26184,0
23781,22508,2728
23782,26184,0
23783,26184,0
23784,26184,0
23785,26184,0
23786,25434,524
23787,26184,0
23788,26184,0
23789,25372,568
23790,26184,0
23791,26184,0
23792,20374,4524
23793,22749,2536
23794,26184,0
23795,20946,4024
23796,26184,0
23797,26184,0
23798,26184,0
23799,26184,0
23800,26184,0
23801,26184,0
23802,26184,0
23803,26184,0
23804,25789,274
23805,22259,2928
23806,26184,0
23807,26184,0
23808,26184,0
23809,24433,1248
23810,22225,2956
23811,26184,0
23812,26184,0
23813,26184,0
23814,26184,0
23815,26184,0
23816,26184,0
23817,26184,0
23818,26184,0
23819,23018,2324
23820,26092,64
23821,26184,0
23822,26184,0
23823,26184,0
23824,26103,56
23825,26184,0
23826,26184,0
23827,26184,0
23828,26184,0
23829,26184,0
23830,21478,3572
23831,26184,0
23832,26184,0
23833,22398,2816
23834,19812,5028
23835,26184,0
23836,21948,3182
23837,26184,0
23838,26184,0
23839,25084,774
23840,25154,724
23841,25576,424
23842,26184,0
23843,26184,0
23844,26184,0
23845,25530,456
23846,26184,0
23847,26184,0
23848,26184,0
23849,25344,588
23850,26184,0
23851,26184,0
23852,26184,0
23853,26184,0
23854,26184,0
23855,26184,0
23856,25434,524
23857,26184,0
23858,26184,0
23859,26184,0
23860,19729,5104
23861,26184,0
23862,25712,328
23863,26184,0
23864,26184,0
23865,26184,0
23866,26184,0
23867,26184,0
23868,24954,868
23869,26184,0
23870,26184,0
23871,26184,0
23872,23277,2122
23873,26184,0
23874,25979,142
23875,25126,744
23876,26184,0
23877,26184,0
23878,26184,0
23879,26184,0
23880,25976,144
23881,24970,856
23882,26184,0
23883,25999,128
23884,25120,748
23885,26184,0
23886,22208,2970
23887,20100,4768
23888,25559,436
23889,22987,2348
23890,16771,8032
23891,24169,1444
23892,26184,0
23893,26115,48
23894,26184,0
23895,26184,0
23896,26184,0
23897,22728,2552
23898,24534,1174
23899,26184,0
23900,26184,0
23901,26184,0
23902,26184,0
23903,24643,1094
23904,26184,0
23905,26184,0
23906,26184,0
23907,26184,0
23908,26184,0
23909,26184,0
23910,26184,0
23911,26184,0
23912,26184,0
23913,26184,0
23914,26184,0
23915,26184,0
23916,26184,0
23917,26184,0
23918,26184,0
23919,26184,0
23920,26184,0
23921,23404,2024
23922,23161,2212
23923,26184,0
23924,26184,0
23925,26184,0
23926,20460,4448
23927,26184,0
23928,25505,474
23929,26184,0
23930,26184,0
23931,26184,0
23932,26115,48
23933,26184,0
23934,22645,2618
23935,3829,34664
23936,25638,380
23937,26184,0
23938,24542,1168
23939,24805,976
23940,25861,224
23941,21383,3652
23942,18134,6624
23943,26184,0
23944,14652,10468
23945,26184,0
23946,22279,2912
23947,26184,0
23948,26184,0
23949,26184,0
23950,26184,0
23951,26184,0
23952,25542,448
23953,20946,4024
23954,26184,0
23955,25336,594
23956,26184,0
23957,26184,0
23958,26184,0
23959,19753,5082
23960,26184,0
23961,24774,998
23962,26184,0
23963,26184,0
23964,26184,0
23965,25718,324
23966,26184,0
23967,26184,0
23968,26184,0
23969,26184,0
23970,25154,724
23971,25137,736
23972,26184,0
23973,25601,406
23974,25434,524
23975,26184,0
23976,25015,824
23977,26184,0
23978,26184,0
23979,11798,14374
23980,26184,0
23981,26184,0
23982,25451,512
23983,26184,0
23984,26184,0
23985,26184,0
23986,23668,1822
23987,26184,0
23988,22990,2346
23989,24987,844
23990,26184,0
23991,26184,0
23992,26184,0
23993,26184,0
23994,26184,0
23995,25539,450
23996,26184,0
23997,22764,2524
23998,26184,0
23999,23508,1944
24000,26184,0
24001,26184,0
24002,26184,0
24003,26184,0
24004,26184,0
24005,26184,0
24006,15695,9228
24007,25556,438
24008,26184,0
24009,21514,3542
24010,26184,0
24011,26184,0
24012,26184,0
24013,26184,0
24014,26184,0
24015,26184,0
24016,26184,0
24017,26184,0
24018,26184,0
24019,26184,0
24020,25067,786
24021,26184,0
24022,25443,518
24023,22835,2468
24024,26184,0
24025,22458,2768
24026,26184,0
24027,26184,0
24028,26184,0
24029,26184,0
24030,26184,0
24031,26184,0
24032,26184,0
24033,26184,0
24034,26184,0
24035,26184,0
24036,26184,0
24037,21447,3598
24038,8574,20128
24039,26184,0
24040,24998,836
24041,26184,0
24042,6222,25908
24043,26184,0
24044,26184,0
24045,26184,0
24046,24945,874
24047,26184,0
24048,23765,1748
24049,16149,8714
24050,25378,564
24051,23007,2332
24052,26184,0
24053,26184,0
24054,26184,0
24055,26184,0
24056,26121,44
24057,26184,0
24058,24137,1468
24059,25221,676
24060,26184,0
24061,26184,0
24062,24981,848
24063,26184,0
24064,23013,2328
24065,25400,548
24066,26184,0
24067,26184,0
24068,26184,0
24069,26184,0
24070,25953,160
24071,26184,0
24072,23274,2124
24073,17013,7774
24074,25238,664
24075,25712,328
24076,25364,574
24077,25505,474
24078,21771,3328
24079,26184,0
24080,26184,0
24081,26184,0
24082,25513,468
24083,26184,0
24084,26184,0
24085,26184,0
24086,16660,8152
24087,26184,0
24088,26184,0
24089,26184,0
24090,26184,0
24091,26184,0
24092,26184,0
24093,26184,0
24094,26184,0
24095,26184,0
24096,26184,0
24097,22875,2436
24098,26184,0
24099,25429,528
24100,26184,0
24101,26184,0
24102,17712,7048
24103,26184,0
24104,24876,924
24105,26184,0
24106,26144,28
24107,26184,0
24108,24940,878
24109,26184,0
24110,26184,0
24111,24596,1128
24112,26184,0
24113,1423,52504
24114,26184,0
24115,26184,0
24116,26184,0
24117,26184,0
24118,26184,0
24119,26184,0
24120,26184,0
24121,26184,0
24122,25718,324
24123,23399,2028
24124,26184,0
24125,26184,0
24126,17420,7348
24127,26184,0
24128,25576,424
24129,4273,32684
24130,26184,0
24131,26150,24
24132,26184,0
24133,26184,0
24134,26184,0
24135,24428,1252
24136,26184,0
24137,26184,0
24138,26121,44
24139,26184,0
24140,26184,0
24141,24555,1158
24142,25120,748
24143,26184,0
24144,26184,0
24145,26184,0
24146,25137,736
24147,26184,0
24148,26184,0
24149,26184,0
24150,26184,0
24151,24876,924
24152,16756,8048
24153,24843,948
24154,4707,30942
24155,26184,0
24156,26184,0
24157,25976,144
24158,26184,0
24159,26184,0
24160,24398,1274
24161,25519,464
24162,26184,0
24163,26184,0
24164,22671,2598
24165,26184,0
24166,26184,0
24167,26184,0
24168,25684,348
24169,26184,0
24170,20766,4180
24171,26184,0
24172,26184,0
24173,25933,174
24174,26184,0
24175,26184,0
24176,17916,6842
24177,25655,368
24178,26184,0
24179,26184,0
24180,26184,0
24181,26184,0
24182,26184,0
24183,26184,0
24184,26184,0
24185,25176,708
24186,26184,0
24187,26184,0
24188,26184,0
24189,26184,0
24190,26184,0
24191,26184,0
24192,26184,0
24193,26184,0
24194,26184,0
24195,26184,0
24196,20149,4724
24197,19057,5728
24198,24043,1538
24199,26184,0
24200,26184,0
24201,26184,0
24202,24662,1080
24203,26184,0
24204,23313,2094
24205,26184,0
24206,26184,0
24207,25367,572
24208,26184,0
24209,26045,96
24210,26184,0
24211,25434,524
24212,26184,0
24213,25576,424
24214,25364,574
24215,26184,0
24216,26045,96
24217,21776,3324
24218,26184,0
24219,26184,0
24220,23089,2268
24221,1692,49392
24222,17098,7684
24223,25933,174
24224,26184,0
24225,26184,0
24226,25009,828
24227,25970,148
24228,26184,0
24229,26184,0
24230,26184,0
24231,20191,4686
24232,26184,0
24233,26184,0
24234,26184,0
24235,26184,0
24236,26184,0
24237,26184,0
24238,23213,2172
24239,26184,0
24240,26184,0
24241,25844,236
24242,26184,0
24243,24550,1162
24244,26184,0
24245,26184,0
24246,26184,0
24247,25120,748
24248,26184,0
24249,26184,0
24250,26184,0
24251,26150,24
24252,26184,0
24253,26184,0
24254,26184,0
24255,26184,0
24256,26184,0
24257,26184,0
24258,22190,2984
24259,26184,0
24260,26184,0
24261,19602,5220
24262,26184,0
24263,1,394016
24264,26184,0
24265,20171,4704
24266,26184,0
24267,26184,0
24268,26184,0
24269,26184,0
24270,16411,8424
24271,26184,0
24272,25861,224
24273,26184,0
24274,26184,0
24275,26184,0
24276,24998,836
24277,26184,0
24278,24463,1226
24279,26184,0
24280,80,104494
24281,1413,52630
24282,26184,0
24283,26184,0
24284,22890,2424
24285,25712,328
24286,26184,0
24287,26184,0
24288,25198,692
24289,26184,0
24290,23665,1824
24291,26184,0
24292,24330,1324
24293,26184,0
24294,26184,0
24295,23313,2094
24296,26184,0
24297,26086,68
24298,26184,0
24299,22865,2444
24300,26184,0
24301,26184,0
24302,26184,0
24303,24943,876
24304,26184,0
24305,26184,0
24306,26184,0
24307,26184,0
24308,26184,0
24309,26184,0
24310,26184,0
24311,26184,0
24312,26184,0
24313,23950,1608
24314,26184,0
24315,26184,0
24316,26184,0
24317,26184,0
24318,22249,2936
24319,4096,33446
24320,26184,0
24321,26184,0
24322,26184,0
24323,26184,0
24324,26184,0
24325,26184,0
24326,25252,654
24327,26184,0
24328,26184,0
24329,26184,0
24330,23534,1924
24331,26184,0
24332,26184,0
24333,26184,0
24334,26184,0
24335,25861,224
24336,26184,0
24337,26184,0
24338,22513,2724
24339,26184,0
24340,4187,33050
24341,26184,0
24342,26184,0
24343,26184,0
24344,26184,0
24345,26184,0
24346,26184,0
24347,26184,0
24348,26184,0
24349,21868,3248
24350,26184,0
24351,25664,362
24352,26184,0
24353,26184,0
24354,26184,0
24355,26184,0
24356,26184,0
24357,26184,0
24358,26184,0
24359,18662,6106
24360,26184,0
24361,22475,2754
24362,25976,144
24363,26184,0
24364,23900,1646
24365,24460,1228
24366,26184,0
24367,26184,0
24368,26184,0
24369,25607,402
24370,26184,0
24371,18776,5996
24372,26184,0
24373,26184,0
24374,26184,0
24375,26184,0
24376,26184,0
24377,26184,0
24378,26184,0
24379,24460,1228
24380,26184,0
24381,26184,0
24382,26184,0
24383,25252,654
24384,26184,0
24385,26184,0
24386,26184,0
24387,26184,0
24388,25559,436
24389,24190,1428
24390,24706,1048
24391,14769,10324
24392,26184,0
24393,26184,0
24394,26184,0
24395,25576,424
24396,25457,508
24397,26184,0
24398,26184,0
24399,26184,0
24400,26184,0
24401,26184,0
24402,26184,0
24403,26184,0
24404,26184,0
24405,26150,24
24406,26184,0
24407,23378,2044
24408,23778,1738
24409,24818,966
24410,26184,0
24411,26184,0
24412,26184,0
24413,26184,0
24414,25429,528
24415,1461,52036
24416,26184,0
24417,25904,194
24418,25015,824
24419,26184,0
24420,26184,0
24421,23929,1624
24422,26184,0
24423,26184,0
24424,26184,0
24425,26184,0
24426,26184,0
24427,26184,0
24428,26184,0
24429,26184,0
24430,26184,0
24431,26184,0
24432,26184,0
24433,26184,0
24434,22769,2520
24435,26184,0
24436,26184,0
24437,26184,0
24438,26184,0
24439,25474,496
24440,26184,0
24441,26184,0
24442,26184,0
24443,26184,0
24444,26184,0
24445,26184,0
24446,26184,0
24447,24466,1224
24448,26184,0
24449,26184,0
24450,23592,1880
24451,25618,394
24452,26184,0
24453,26184,0
24454,19652,5174
24455,25001,834
24456,26184,0
24457,26184,0
24458,6252,25824
24459,26184,0
24460,26184,0
24461,26184,0
24462,26184,0
24463,26184,0
24464,24670,1074
24465,26184,0
24466,25559,436
24467,26184,0
24468,26184,0
24469,26184,0
24470,26184,0
24471,26184,0
24472,26184,0
24473,26184,0
24474,26184,0
24475,25443,518
24476,26184,0
24477,26184,0
24478,25764,292
24479,26184,0
24480,26184,0
24481,22797,2498
24482,26184,0
24483,26184,0
24484,26184,0
24485,26184,0
24486,26184,0
24487,21536,3524
24488,26184,0
24489,26184,0
24490,26184,0
24491,15573,9368
24492,26184,0
24493,22136,3028
24494,25787,276
24495,26184,0
24496,26184,0
24497,26184,0
24498,26184,0
24499,24263,1374
24500,26184,0
24501,26184,0
24502,26184,0
24503,26184,0
24504,26184,0
24505,26184,0
24506,26184,0
24507,26184,0
24508,26184,0
24509,1631,50044
24510,26184,0
24511,26184,0
24512,26184,0
24513,26184,0
24514,26184,0
24515,26184,0
24516,26184,0
24517,26184,0
24518,26184,0
24519,26184,0
24520,26184,0
24521,26184,0
24522,26184,0
24523,26184,0
24524,22264,2924
24525,26005,124
24526,25630,386
24527,26184,0
24528,26184,0
24529,26184,0
24530,26184,0
24531,26184,0
24532,21984,3152
24533,26184,0
24534,26184,0
24535,24893,912
24536,24062,1524
24537,26184,0
24538,26184,0
24539,26184,0
24540,26184,0
24541,26184,0
24542,26184,0
24543,23760,1752
24544,26184,0
24545,26184,0
24546,25084,774
24547,26184,0
24548,17813,6946
24549,26184,0
24550,26184,0
24551,26184,0
24552,26184,0
24553,25417,536
24554,26184,0
24555,26184,0
24556,26184,0
24557,26184,0
24558,1511,51422
24559,26184,0
24560,26184,0
24561,26184,0
24562,26184,0
24563,26184,0
24564,26184,0
24565,26184,0
24566,26184,0
24567,26184,0
24568,26184,0
24569,26184,0
24570,26184,0
24571,26184,0
24572,21416,3624
24573,26184,0
24574,19812,5028
24575,23599,1874
24576,26184,0
24577,26184,0
24578,23373,2048
24579,26184,0
24580,23233,2156
24581,26184,0
24582,25861,224
24583,25389,556
24584,26184,0
24585,26184,0
24586,24596,1128
24587,26184,0
24588,26184,0
24589,26005,124
24590,26184,0
24591,26184,0
24592,24033,1546
24593,26184,0
24594,26184,0
24595,26184,0
24596,26184,0
24597,20711,4228
24598,26184,0
24599,23620,1858
24600,26184,0
24601,26184,0
24602,26184,0
24603,26184,0
24604,26184,0
24605,25429,528
24606,26184,0
24607,26184,0
24608,26150,24
24609,21897,3224
24610,26184,0
24611,26115,48
24612,25630,386
24613,26184,0
24614,26184,0
24615,26184,0
24616,26184,0
24617,25898,198
24618,26184,0
24619,26184,0
24620,26184,0
24621,19125,5664
24622,26184,0
24623,20203,4676
24624,26184,0
24625,26184,0
24626,26184,0
24627,26184,0
24628,26184,0
24629,26184,0
24630,26184,0
24631,26184,0
24632,26184,0
24633,26184,0
24634,26184,0
24635,26184,0
24636,26184,0
24637,22014,3128
24638,22131,3032
24639,23633,1848
24640,1518,51348
24641,26184,0
24642,26184,0
24643,26184,0
24644,26121,44
24645,26184,0
24646,26184,0
24647,26121,44
24648,26184,0
24649,26184,0
24650,26184,0
24651,26184,0
24652,25630,386
24653,22936,2388
24654,26184,0
24655,26184,0
24656,26184,0
24657,26184,0
24658,16679,8131
24659,26184,0
24660,13363,12128
24661,26184,0
24662,26184,0
24663,26184,0
24664,21897,3224
24665,26184,0
24666,26184,0
24667,26184,0
24668,26184,0
24669,23238,2152
24670,26184,0
24671,26184,0
24672,26184,0
24673,26184,0
24674,26184,0
24675,26184,0
24676,26184,0
24677,26184,0
24678,26184,0
24679,26184,0
24680,26184,0
24681,24314,1336
24682,26184,0
24683,24550,1162
24684,26184,0
24685,26184,0
24686,26184,0
24687,26150,24
24688,6885,24084
24689,26184,0
24690,26184,0
24691,1596,50436
24692,26184,0
24693,26184,0
24694,1586,50556
24695,21239,3774
24696,26184,0
24697,26184,0
24698,25815,256
24699,26184,0
24700,26184,0
24701,26184,0
24702,25832,244
24703,26045,96
24704,26184,0
24705,26184,0
24706,14575,10562
24707,26184,0
24708,26184,0
24709,26184,0
24710,26184,0
24711,26184,0
24712,26184,0
24713,26184,0
24714,26184,0
24715,26184,0
24716,26184,0
24717,26184,0
24718,19942,4910
24719,26184,0
24720,7507,22524
24721,26184,0
24722,26184,0
24723,9104,19048
24724,26184,0
24725,26184,0
24726,26184,0
24727,26184,0
24728,26184,0
24729,26184,0
24730,26184,0
24731,25933,174
24732,26184,0
24733,26184,0
24734,26184,0
24735,23274,2124
24736,26184,0
24737,26184,0
24738,26184,0
24739,25570,428
24740,25601,406
24741,26184,0
24742,26184,0
24743,26121,44
24744,26184,0
24745,25207,686
24746,25400,548
24747,26184,0
24748,26184,0
24749,26184,0
24750,26184,0
24751,24536,1172
24752,26184,0
24753,25999,128
24754,24330,1324
24755,26184,0
24756,26184,0
24757,24196,1424
24758,23985,1582
24759,26184,0
24760,26184,0
24761,26184,0
24762,26184,0
24763,26184,0
24764,26184,0
24765,26184,0
24766,26184,0
24767,26184,0
24768,25755,298
24769,26184,0
24770,8789,19682
24771,26184,0
24772,26184,0
24773,26184,0
24774,26184,0
24775,23002,2336
24776,26184,0
24777,26184,0
24778,26184,0
24779,26184,0
24780,23115,2248
24781,24474,1218
24782,26115,48
24783,26184,0
24784,26184,0
24785,25913,188
24786,26184,0
24787,26184,0
24788,25400,548
24789,26184,0
24790,26184,0
24791,25684,348
24792,26184,0
24793,26184,0
24794,26184,0
24795,26184,0
24796,26184,0
24797,24366,1298
24798,26184,0
24799,26184,0
24800,24733,1028
24801,26184,0
24802,1475,51858
24803,26184,0
24804,26184,0
24805,26184,0
24806,26184,0
24807,26184,0
24808,26071,78
24809,26184,0
24810,26184,0
24811,26184,0
24812,25367,572
24813,24250,1384
24814,26184,0
24815,21989,3148
24816,26184,0
24817,26184,0
24818,23739,1768
24819,14678,10436
24820,26184,0
24821,26184,0
24822,26184,0
24823,26184,0
24824,25690,344
24825,26184,0
24826,26184,0
24827,26184,0
24828,26184,0
24829,23399,2028
24830,26184,0
24831,26184,0
24832,26184,0
24833,22343,2860
24834,26184,0
24835,26184,0
24836,22875,2436
24837,26068,80
24838,26184,0
24839,23503,1948
24840,26092,64
24841,24244,1388
24842,25294,624
24843,23018,2324
24844,26184,0
24845,22274,2916
24846,24374,1292
24847,21298,3724
24848,24466,1224
24849,20151,4722
24850,26184,0
24851,26184,0
24852,26184,0
24853,26184,0
24854,25861,224
24855,24998,836
24856,19463,5348
24857,26184,0
24858,26184,0
24859,26184,0
24860,26184,0
24861,24382,1286
24862,23592,1880
24863,26184,0
24864,26184,0
24865,25333,596
24866,25232,668
24867,22050,3098
24868,25499,478
24869,25294,624
24870,26184,0
24871,26184,0
24872,24945,874
24873,25547,444
24874,26184,0
24875,26184,0
24876,26184,0
24877,24059,1526
24878,26184,0
24879,18559,6206
24880,25613,398
24881,25330,598
24882,12562,13242
24883,24526,1180
24884,24981,848
24885,26184,0
24886,26184,0
24887,24174,1440
24888,26184,0
24889,26184,0
24890,26184,0
24891,26184,0
24892,26184,0
24893,25973,146
24894,26184,0
24895,25630,386
24896,24466,1224
24897,24164,1448
24898,26184,0
24899,26184,0
24900,26184,0
24901,26184,0
24902,26184,0
24903,26184,0
24904,26184,0
24905,26184,0
24906,26016,116
24907,26184,0
24908,26184,0
24909,26184,0
24910,26184,0
24911,26184,0
24912,26184,0
24913,26184,0
24914,26184,0
24915,26184,0
24916,26184,0
24917,26184,0
24918,25988,136
24919,26184,0
24920,26184,0
24921,23926,1626
24922,26184,0
24923,26184,0
24924,26184,0
24925,26184,0
24926,26184,0
24927,25126,744
24928,26184,0
24929,26184,0
24930,26184,0
24931,24956,866
24932,26184,0
24933,24802,978
24934,26184,0
24935,21752,3344
24936,25434,524
24937,26184,0
24938,26184,0
24939,26184,0
24940,26184,0
24941,24871,928
24942,26184,0
24943,26184,0
24944,26184,0
24945,26184,0
24946,26184,0
24947,26184,0
24948,26184,0
24949,26184,0
24950,26184,0
24951,26184,0
24952,26184,0
24953,23847,1686
24954,26184,0
24955,24225,1402
24956,26184,0
24957,26184,0
24958,26184,0
24959,26184,0
24960,1,500770
24961,26184,0
24962,26184,0
24963,26005,124
24964,26184,0
24965,24575,1144
24966,26080,72
24967,26184,0
24968,26184,0
24969,26184,0
24970,26184,0
24971,26184,0
24972,26184,0
24973,26184,0
24974,25684,348
24975,26184,0
24976,26060,86
24977,26184,0
24978,25861,224
24979,26184,0
24980,26184,0
24981,26184,0
24982,22141,3024
24983,26184,0
24984,26184,0
24985,26184,0
24986,22383,2828
24987,26184,0
24988,21622,3452
24989,2585,41748
24990,20024,4836
24991,26184,0
24992,26184,0
24993,26184,0
24994,26060,86
24995,24268,1370
24996,26184,0
24997,26184,0
24998,26184,0
24999,26184,0
25000,24123,1478
25001,25232,668
25002,26184,0
25003,26184,0
25004,26184,0
25005,23902,1644
25006,26184,0
25007,26184,0
25008,19702,5128
25009,26184,0
25010,24596,1128
25011,25570,428
25012,26184,0
25013,26184,0
25014,26184,0
25015,26184,0
25016,20854,4104
25017,26184,0
25018,26184,0
25019,24252,1382
25020,26184,0
25021,26184,0
25022,17606,7156
25023,26184,0
25024,26184,0
25025,26184,0
25026,23373,2048
25027,26184,0
25028,26184,0
25029,26184,0
25030,26184,0
25031,19005,5778
25032,26184,0
25033,26184,0
25034,26184,0
25035,26184,0
25036,26184,0
25037,26184,0
25038,25505,474
25039,26184,0
25040,26184,0
25041,26184,0
25042,25266,644
25043,22388,2824
25044,26184,0
25045,26184,0
25046,26184,0
25047,24322,1330
25048,26184,0
25049,26184,0
25050,26184,0
25051,22405,2810
25052,24777,996
25053,26184,0
25054,25810,260
25055,16945,7846
25056,21972,3162
25057,24871,928
25058,25499,478
25059,17781,6978
25060,26184,0
25061,26184,0
25062,24196,1424
25063,26184,0
25064,26184,0
25065,26184,0
25066,26184,0
25067,26184,0
25068,26184,0
25069,26184,0
25070,26184,0
25071,26184,0
25072,26184,0
25073,26184,0
25074,6071,26352
25075,26184,0
25076,26184,0
25077,1562,50828
25078,26184,0
25079,26184,0
25080,26184,0
25081,26184,0
25082,24498,1200
25083,26184,0
25084,26184,0
25085,26184,0
25086,26184,0
25087,26184,0
25088,19144,5646
25089,26121,44
25090,26184,0
25091,26184,0
25092,26184,0
25093,26184,0
25094,26184,0
25095,23187,2192
25096,25965,152
25097,26184,0
25098,25701,336
25099,25364,574
25100,25294,624
25101,26184,0
25102,25956,158
25103,22348,2856
25104,26184,0
25105,26184,0
25106,23373,2048
25107,24821,964
25108,26184,0
25109,26184,0
25110,22443,2780
25111,24580,1140
25112,26184,0
25113,26184,0
25114,15007,10036
25115,26184,0
25116,22739,2544
25117,26184,0
25118,26184,0
25119,26184,0
25120,26184,0
25121,26184,0
25122,26144,28
25123,25547,444
25124,25684,348
25125,25288,628
25126,26184,0
25127,26184,0
25128,24920,892
25129,26184,0
25130,26184,0
25131,26184,0
25132,25154,724
25133,26184,0
25134,25148,728
25135,26184,0
25136,26184,0
25137,26184,0
25138,26184,0
25139,26184,0
25140,26184,0
25141,26184,0
25142,26184,0
25143,26184,0
25144,26184,0
25145,26184,0
25146,26184,0
25147,26184,0
25148,21028,3954
25149,26184,0
25150,26077,74
25151,24436,1246
25152,26184,0
25153,26184,0
25154,25542,448
25155,25789,274
25156,26184,0
25157,26184,0
25158,25154,724
25159,26184,0
25160,25718,324
25161,24637,1098
25162,26184,0
25163,26184,0
25164,26184,0
25165,26184,0
25166,26184,0
25167,26184,0
25168,24665,1078
25169,26184,0
25170,26184,0
25171,26184,0
25172,26184,0
25173,26184,0
25174,26184,0
25175,26184,0
25176,25861,224
25177,26184,0
25178,26184,0
25179,25542,448
25180,26184,0
25181,26184,0
25182,26184,0
25183,17346,7424
25184,26184,0
25185,26184,0
25186,26184,0
25187,26184,0
25188,26184,0
25189,26184,0
25190,26184,0
25191,26184,0
25192,26184,0
25193,25718,324
25194,16951,7840
25195,1019,58536
25196,26184,0
25197,26184,0
25198,26184,0
25199,26184,0
25200,23013,2328
25201,25364,574
25202,26184,0
25203,26184,0
25204,26184,0
25205,26184,0
25206,26184,0
25207,25499,478
25208,14871,10200
25209,26184,0
25210,26184,0
25211,26005,124
25212,24463,1226
25213,26184,0
25214,25870,218
25215,26184,0
25216,25389,556
25217,22799,2496
25218,26184,0
25219,26184,0
25220,26184,0
25221,26184,0
25222,25976,144
25223,26184,0
25224,26184,0
25225,26184,0
25226,23865,1672
25227,26184,0
25228,24384,1284
25229,26184,0
25230,26184,0
25231,26184,0
25232,26184,0
25233,26184,0
25234,26184,0
25235,22890,2424
25236,26184,0
25237,22473,2756
25238,25661,364
25239,26184,0
25240,24876,924
25241,26184,0
25242,26184,0
25243,23534,1924
25244,26184,0
25245,26184,0
25246,26184,0
25247,26184,0
25248,23115,2248
25249,26184,0
25250,22513,2724
25251,21641,3436
25252,24046,1536
25253,26184,0
25254,25045,802
25255,20144,4728
25256,26184,0
25257,25861,224
25258,26057,88
25259,26184,0
25260,24998,836
25261,25513,468
25262,26184,0
25263,26184,0
25264,25294,624
25265,26184,0
25266,26184,0
25267,21892,3228
25268,24126,1476
25269,26184,0
25270,26184,0
25271,26184,0
25272,26184,0
25273,26184,0
25274,22885,2428
25275,26184,0
25276,26184,0
25277,26184,0
25278,22141,3024
25279,21807,3298
25280,26184,0
25281,25576,424
25282,26184,0
25283,25847,234
25284,26184,0
25285,26184,0
25286,26184,0
25287,26184,0
25288,25855,228
25289,26184,0
25290,20919,4048
25291,26184,0
25292,26184,0
25293,26184,0
25294,22343,2860
25295,24945,874
25296,26184,0
25297,22683,2588
25298,25154,724
25299,26184,0
25300,26184,0
25301,26184,0
25302,26184,0
25303,26184,0
25304,22176,2996
25305,26184,0
25306,26184,0
25307,26184,0
25308,26184,0
25309,25818,254
25310,26184,0
25311,26184,0
25312,26144,28
25313,22862,2446
25314,21682,3402
25315,26184,0
25316,24843,948
25317,26184,0
25318,26184,0
25319,26184,0
25320,26184,0
25321,26184,0
25322,19388,5418
25323,23990,1578
25324,26184,0
25325,24596,1128
25326,26184,0
25327,19852,4992
25328,8690,19886
25329,26184,0
25330,26184,0
25331,26184,0
25332,26184,0
25333,26184,0
25334,22766,2522
25335,26184,0
25336,26184,0
25337,26184,0
25338,26005,124
25339,26184,0
25340,23243,2148
25341,9477,18324
25342,23500,1950
25343,25294,624
25344,1494,51628
25345,4777,30676
25346,26184,0
25347,26184,0
25348,25815,256
25349,26184,0
25350,25787,276
25351,22733,2548
25352,26184,0
25353,26115,48
25354,26184,0
25355,26184,0
25356,1351,53448
25357,26184,0
25358,25417,536
25359,26184,0
25360,26184,0
25361,26184,0
25362,26184,0
25363,26184,0
25364,26184,0
25365,25406,544
25366,26184,0
25367,25855,228
25368,26184,0
25369,23871,1668
25370,25084,774
25371,26184,0
25372,26184,0
25373,26184,0
25374,26184,0
25375,24282,1360
25376,26184,0
25377,26184,0
25378,24733,1028
25379,26184,0
25380,26184,0
25381,26184,0
25382,20937,4032
25383,25126,744
25384,26184,0
25385,25260,648
25386,26184,0
25387,25832,244
25388,26184,0
25389,26184,0
25390,24463,1226
25391,26184,0
25392,26184,0
25393,26184,0
25394,26184,0
25395,26184,0
25396,26184,0
25397,26184,0
25398,26184,0
25399,26184,0
25400,26184,0
25401,26184,0
25402,26184,0
25403,26184,0
25404,26184,0
25405,26184,0
25406,26184,0
25407,26184,0
25408,25547,444
25409,26184,0
25410,26184,0
25411,26144,28
25412,25996,130
25413,26184,0
25414,26184,0
25415,26184,0
25416,26184,0
25417,23466,1976
25418,26184,0
25419,26184,0
25420,26184,0
25421,24422,1256
25422,26184,0
25423,26184,0
25424,25051,798
25425,24140,1466
25426,26184,0
25427,26086,68
25428,25429,528
25429,26184,0
25430,25672,356
25431,26184,0
25432,26184,0
25433,26184,0
25434,26184,0
25435,26184,0
25436,26184,0
25437,25993,132
25438,26095,62
25439,22014,3128
25440,26184,0
25441,26184,0
25442,26184,0
25443,26184,0
25444,12608,13176
25445,25718,324
25446,26184,0
25447,26132,36
25448,1,500852
25449,26184,0
25450,24739,1024
25451,26184,0
25452,26184,0
25453,26184,0
25454,20653,4278
25455,24763,1006
25456,26184,0
25457,26184,0
25458,21466,3582
25459,21072,3916
25460,26184,0
25461,26184,0
25462,26184,0
25463,26184,0
25464,24843,948
25465,25400,548
25466,24807,974
25467,26184,0
25468,26184,0
25469,26184,0
25470,24105,1492
25471,24998,836
25472,26184,0
25473,26184,0
25474,26184,0
25475,26184,0
25476,26184,0
25477,24075,1514
25478,26184,0
25479,26184,0
25480,25117,750
25481,23797,1724
25482,26184,0
25483,26184,0
25484,26184,0
25485,20984,3992
25486,26184,0
25487,25263,646
25488,26184,0
25489,26184,0
25490,25065,788
25491,25712,328
25492,26184,0
25493,21890,3230
25494,13497,11948
25495,26184,0
25496,26184,0
25497,26184,0
25498,23929,1624
25499,26184,0
25500,26077,74
25501,26184,0
25502,26184,0
25503,26184,0
25504,26115,48
25505,26184,0
25506,25855,228
25507,26184,0
25508,26184,0
25509,24255,1380
25510,26184,0
25511,26184,0
25512,26184,0
25513,26184,0
25514,26184,0
25515,26184,0
25516,26184,0
25517,26184,0
25518,26184,0
25519,26184,0
25520,14743,10356
25521,26184,0
25522,26184,0
25523,26184,0
25524,26184,0
25525,26184,0
25526,26184,0
25527,26184,0
25528,26184,0
25529,24615,1114
25530,24067,1520
25531,26184,0
25532,26184,0
25533,25570,428
25534,26184,0
25535,22573,2676
25536,26184,0
25537,26184,0
25538,26184,0
25539,26184,0
25540,23633,1848
25541,26184,0
25542,26184,0
25543,26184,0
25544,24035,1544
25545,26184,0
25546,26184,0
25547,26002,126
25548,26184,0
25549,26184,0
25550,26184,0
25551,26184,0
25552,26184,0
25553,26184,0
25554,26184,0
25555,25988,136
25556,26184,0
25557,26184,0
25558,26184,0
25559,25505,474
25560,26150,24
25561,26184,0
25562,26184,0
25563,26184,0
25564,26184,0
25565,26184,0
25566,26184,0
25567,10607,16292
25568,26184,0
25569,26115,48
25570,26184,0
25571,22967,2364
25572,26184,0
25573,26184,0
25574,26184,0
25575,26184,0
25576,26184,0
25577,26184,0
25578,26184,0
25579,26184,0
25580,26184,0
25581,26184,0
25582,25661,364
25583,26184,0
25584,26184,0
25585,26005,124
25586,26184,0
25587,18348,6412
25588,26184,0
25589,26184,0
25590,22136,3028
25591,26184,0
25592,22279,2912
25593,25690,344
25594,26184,0
25595,26184,0
25596,26184,0
25597,26184,0
25598,25584,418
25599,26184,0
25600,26184,0
25601,26184,0
25602,26184,0
25603,26184,0
25604,26184,0
25605,26184,0
25606,22797,2498
25607,25154,724
25608,26184,0
25609,20886,4076
25610,26184,0
25611,25613,398
25612,26184,0
25613,26184,0
25614,26184,0
25615,26115,48
25616,26184,0
25617,26184,0
25618,26184,0
25619,26184,0
25620,26184,0
25621,26184,0
25622,26184,0
25623,23141,2228
25624,22776,2514
25625,26184,0
25626,26184,0
25627,26184,0
25628,26184,0
25629,26184,0
25630,26184,0
25631,25832,244
25632,26184,0
25633,26184,0
25634,26184,0
25635,26184,0
25636,26184,0
25637,25154,724
25638,26184,0
25639,26184,0
25640,26184,0
25641,26184,0
25642,26184,0
25643,19036,5748
25644,26184,0
25645,26184,0
25646,25505,474
25647,26184,0
25648,24879,922
25649,26184,0
25650,26184,0
25651,22483,2748
25652,26184,0
25653,26184,0
25654,26184,0
25655,26184,0
25656,26184,0
25657,26184,0
25658,21955,3176
25659,26184,0
25660,22279,2912
25661,26184,0
25662,21839,3272
25663,26184,0
25664,26184,0
25665,26184,0
25666,23347,2068
25667,26184,0
25668,25576,424
25669,25547,444
25670,26184,0
25671,25618,394
25672,26184,0
25673,26184,0
25674,26184,0
25675,26184,0
25676,23373,2048
25677,24287,1356
25678,26184,0
25679,26184,0
25680,97,100924
25681,26184,0
25682,25154,724
25683,26184,0
25684,26184,0
25685,26014,118
25686,26184,0
25687,9645,18006
25688,26184,0
25689,21848,3264
25690,26184,0
25691,26184,0
25692,26184,0
25693,26184,0
25694,26184,0
25695,26184,0
25696,26184,0
25697,26184,0
25698,26184,0
25699,25170,712
25700,23440,1996
25701,22875,2436
25702,26184,0
25703,6117,26216
25704,26184,0
25705,26184,0
25706,26184,0
25707,26184,0
25708,26184,0
25709,26184,0
25710,26184,0
25711,22693,2580
25712,26184,0
25713,11557,14746
25714,26184,0
25715,26184,0
25716,26184,0
25717,19463,5348
25718,26184,0
25719,26184,0
25720,26184,0
25721,26184,0
25722,23982,1584
25723,25496,480
25724,26184,0
25725,26184,0
25726,24711,1044
25727,26184,0
25728,19121,5668
25729,14545,10600
25730,26184,0
25731,26184,0
25732,26184,0
25733,26184,0
25734,25296,622
25735,26184,0
25736,25844,236
25737,26184,0
25738,26184,0
25739,15017,10024
25740,26184,0
25741,23733,1772
25742,26184,0
25743,26184,0
25744,25092,768
25745,26184,0
25746,21848,3264
25747,26184,0
25748,26184,0
25749,25576,424
25750,19663,5164
25751,24876,924
25752,26184,0
25753,26184,0
25754,26086,68
25755,26184,0
25756,26071,78
25757,26184,0
25758,19121,5668
25759,25381,562
25760,26184,0
25761,26184,0
25762,26184,0
25763,26184,0
25764,26184,0
25765,24030,1548
25766,25243,660
25767,26184,0
25768,26184,0
25769,25389,556
25770,26184,0
25771,26184,0
25772,25647,374
25773,26184,0
25774,26184,0
25775,26184,0
25776,26184,0
25777,26184,0
25778,21843,3268
25779,26184,0
25780,26184,0
25781,26184,0
25782,26184,0
25783,26184,0
25784,26184,0
25785,22969,2362
25786,22766,2522
25787,26184,0
25788,24904,904
25789,26184,0
25790,26184,0
25791,26184,0
25792,22835,2468
25793,26184,0
25794,25547,444
25795,22343,2860
25796,26184,0
25797,24485,1210
25798,26184,0
25799,26184,0
25800,26184,0
25801,22465,2762
25802,26184,0
25803,26184,0
25804,26184,0
25805,23534,1924
25806,25079,778
25807,26184,0
25808,25690,344
25809,13807,11538
25810,26184,0
25811,23378,2044
25812,26005,124
25813,26184,0
25814,26184,0
25815,26184,0
25816,26150,24
25817,26184,0
25818,26184,0
25819,24303,1344
25820,26184,0
25821,26184,0
25822,26184,0
25823,12954,12688
25824,26184,0
25825,24439,1244
25826,25053,796
25827,21641,3436
25828,26184,0
25829,23018,2324
25830,26184,0
25831,26184,0
25832,26184,0
25833,14332,10866
25834,26184,0
25835,26184,0
25836,26184,0
25837,26184,0
25838,26184,0
25839,20374,4524
25840,26184,0
25841,26184,0
25842,20369,4528
25843,26184,0
25844,26184,0
25845,26184,0
25846,26184,0
25847,26184,0
25848,26184,0
25849,25364,574
25850,26184,0
25851,26184,0
25852,25530,456
25853,26184,0
25854,26184,0
25855,24504,1196
25856,26184,0
25857,26184,0
25858,26184,0
25859,26184,0
25860,25499,478
25861,23765,1748
25862,26184,0
25863,25861,224
25864,25389,556
25865,22418,2800
25866,25761,294
25867,26184,0
25868,26184,0
25869,26184,0
25870,26184,0
25871,26184,0
25872,26184,0
25873,21843,3268
25874,25647,374
25875,26184,0
25876,26184,0
25877,25218,678
25878,25009,828
25879,26184,0
25880,91,102100
25881,26184,0
25882,26184,0
25883,26184,0
25884,26184,0
25885,6516,25076
25886,26184,0
25887,26184,0
25888,23117,2246
25889,26184,0
25890,26005,124
25891,24528,1178
25892,1102,57116
25893,26184,0
25894,26184,0
25895,23526,1930
25896,26184,0
25897,23924,1628
25898,26184,0
25899,1511,51426
25900,26184,0
25901,26184,0
25902,26184,0
25903,26184,0
25904,26184,0
25905,24231,1398
25906,26184,0
25907,25684,348
25908,26184,0
25909,26184,0
25910,24126,1476
25911,22885,2428
25912,25154,724
25913,26019,114
25914,26184,0
25915,26184,0
25916,26184,0
25917,26184,0
25918,25364,574
25919,22865,2444
25920,26184,0
25921,26184,0
25922,26184,0
25923,26184,0
25924,25547,444
25925,24490,1206
25926,26184,0
25927,26184,0
25928,22865,2444
25929,26184,0
25930,26184,0
25931,26184,0
25932,26184,0
25933,14362,10828
25934,25017,822
25935,26184,0
25936,26184,0
25937,26184,0
25938,26184,0
25939,25718,324
25940,26184,0
25941,25758,296
25942,26184,0
25943,26184,0
25944,26150,24
25945,25547,444
25946,25120,748
25947,26184,0
25948,26184,0
25949,23440,1996
25950,26184,0
25951,26184,0
25952,26184,0
25953,26184,0
25954,21790,3312
25955,26184,0
25956,25477,494
25957,26184,0
25958,21124,3872
25959,25712,328
25960,26184,0
25961,14812,10272
25962,26184,0
25963,23797,1724
25964,26184,0
25965,26184,0
25966,26184,0
25967,26184,0
25968,3743,35074
25969,26184,0
25970,26184,0
25971,26184,0
25972,26184,0
25973,25285,630
25974,26184,0
25975,26184,0
25976,26184,0
25977,26184,0
25978,26184,0
25979,26184,0
25980,23313,2094
25981,26184,0
25982,26184,0
25983,26184,0
25984,26184,0
25985,22319,2880
25986,26115,48
25987,26184,0
25988,26184,0
25989,24196,1424
25990,23929,1624
25991,26184,0
25992,11813,14350
25993,26184,0
25994,26184,0
25995,26184,0
25996,26184,0
25997,8523,20236
25998,26184,0
25999,26184,0
26000,26184,0
26001,22136,3028
26002,26184,0
26003,26184,0
26004,26184,0
26005,26184,0
26006,26184,0
26007,26184,0
26008,26184,0
26009,26184,0
26010,26184,0
26011,26184,0
26012,26184,0
26013,26184,0
26014,23897,1648
26015,26184,0
26016,26019,114
26017,26184,0
26018,26184,0
26019,26184,0
26020,26184,0
26021,26005,124
26022,26184,0
26023,26184,0
26024,24948,872
26025,26184,0
26026,26184,0
26027,26184,0
26028,26184,0
26029,26103,56
26030,24046,1536
26031,23148,2222
26032,26184,0
26033,18743,6028
26034,26184,0
26035,26184,0
26036,26184,0
26037,20633,4296
26038,26184,0
26039,22112,3048
26040,26184,0
26041,26184,0
26042,26184,0
26043,23388,2036
26044,26184,0
26045,26184,0
26046,26184,0
26047,26184,0
26048,25079,778
26049,26184,0
26050,26184,0
26051,26184,0
26052,26184,0
26053,24998,836
26054,26184,0
26055,26184,0
26056,26184,0
26057,26184,0
26058,4295,32592
26059,24585,1136
26060,26184,0
26061,26184,0
26062,26184,0
26063,26184,0
26064,26184,0
26065,24862,934
26066,26184,0
26067,26184,0
26068,26184,0
26069,21531,3528
26070,24654,1086
26071,25154,724
26072,21752,3344
26073,26184,0
26074,26184,0
26075,25855,228
26076,26184,0
26077,21776,3324
26078,25429,528
26079,26184,0
26080,26184,0
26081,25873,216
26082,26184,0
26083,25844,236
26084,26184,0
26085,26184,0
26086,23336,2076
26087,26184,0
26088,22638,2624
26089,26184,0
26090,22262,2926
26091,26184,0
26092,25434,524
26093,26184,0
26094,26184,0
26095,25120,748
26096,26184,0
26097,25898,198
26098,26184,0
26099,26184,0
26100,26184,0
26101,26184,0
26102,26184,0
26103,26184,0
26104,24876,924
26105,26184,0
26106,25499,478
26107,26184,0
26108,26184,0
26109,26184,0
26110,26184,0
26111,19149,5642
26112,25712,328
26113,26184,0
26114,25576,424
26115,25403,546
26116,25417,536
26117,26184,0
26118,26184,0
26119,26184,0
26120,25246,658
26121,26121,44
26122,26184,0
26123,26184,0
26124,24602,1124
26125,26184,0
26126,26184,0
26127,25513,468
26128,26184,0
26129,26184,0
26130,26184,0
26131,25215,680
26132,26184,0
26133,25400,548
26134,26184,0
26135,20355,4540
26136,18389,6372
26137,26184,0
26138,25207,686
26139,25647,374
26140,21975,3160
26141,26184,0
26142,26184,0
26143,25477,494
26144,26184,0
26145,26184,0
26146,24918,894
26147,26184,0
26148,26184,0
26149,26184,0
26150,26184,0
26151,26184,0
26152,25299,620
26153,25718,324
26154,25432,526
26155,26184,0
26156,18460,6302
26157,26184,0
26158,20261,4624
26159,26184,0
26160,26184,0
26161,26184,0
26162,26184,0
26163,26184,0
26164,26184,0
26165,26184,0
26166,26184,0
26167,25502,476
26168,25604,404
26169,26184,0
26170,26184,0
26171,26184,0
26172,26184,0
26173,26184,0
26174,26184,0
26175,25988,136
26176,23839,1692
26177,26184,0
26178,25827,248
26179,26184,0
26180,26184,0
26181,26184,0
26182,26184,0
26183,26184,0
26184,26184,0
26185,26184,0
26186,25988,136
26187,26184,0
26188,26184,0
26189,26184,0
26190,26184,0
26191,26150,24
26192,26184,0
26193,26184,0
26194,26184,0
26195,16906,7888
26196,26184,0
26197,26184,0
26198,26184,0
26199,26184,0
26200,25499,478
26201,26184,0
26202,26184,0
26203,26184,0
26204,26014,118
26205,26184,0
26206,26184,0
26207,26184,0
26208,26077,74
26209,22264,2924
26210,26184,0
26211,26184,0
26212,26184,0
26213,26184,0
26214,26184,0
26215,26184,0
26216,26184,0
26217,26184,0
26218,22741,2542
26219,21980,3156
26220,26184,0
26221,26184,0
26222,26184,0
26223,26184,0
26224,26184,0
26225,26184,0
26226,26184,0
26227,26184,0
26228,18743,6028
26229,26184,0
26230,23164,2210
26231,25593,412
26232,24807,974
26233,26184,0
26234,1629,50074
26235,26184,0
26236,26184,0
26237,26184,0
26238,26184,0
26239,25576,424
26240,26184,0
26241,26184,0
26242,26184,0
26243,26184,0
26244,26184,0
26245,17075,7708
26246,26184,0
26247,22448,2776
26248,23082,2274
26249,26184,0
26250,26184,0
26251,26184,0
26252,26184,0
26253,26184,0
26254,26184,0
26255,26184,0
26256,26184,0
26257,26184,0
26258,26184,0
26259,26121,44
26260,11766,14422
26261,26184,0
26262,25051,798
26263,26184,0
26264,26184,0
26265,22028,3116
26266,25690,344
26267,23399,2028
26268,26184,0
26269,26184,0
26270,26184,0
26271,26184,0
26272,26184,0
26273,23146,2224
26274,26184,0
26275,26184,0
26276,26184,0
26277,26184,0
26278,26184,0
26279,25474,496
26280,26184,0
26281,26184,0
26282,26184,0
26283,25048,800
26284,26184,0
26285,26184,0
26286,24433,1248
26287,25547,444
26288,26150,24
26289,26184,0
26290,26184,0
26291,19927,4924
26292,26184,0
26293,26184,0
26294,25015,824
26295,26184,0
26296,26184,0
26297,26184,0
26298,26184,0
26299,25904,194
26300,25988,136
26301,23464,1978
26302,26184,0
26303,26184,0
26304,26184,0
26305,24196,1424
26306,26184,0
26307,26184,0
26308,22388,2824
26309,26184,0
26310,26184,0
26311,24976,852
26312,26184,0
26313,15014,10028
26314,14508,10646
26315,26184,0
26316,26184,0
26317,26184,0
26318,26184,0
26319,25761,294
26320,26184,0
26321,24097,1498
26322,26184,0
26323,26184,0
26324,26184,0
26325,26184,0
26326,26184,0
26327,22850,2456
26328,19546,5272
26329,26184,0
26330,25576,424
26331,26184,0
26332,17155,7624
26333,26150,24
26334,26184,0
26335,26184,0
26336,26184,0
26337,26184,0
26338,26184,0
26339,26184,0
26340,14673,10442
26341,26184,0
26342,26184,0
26343,26184,0
26344,26184,0
26345,25434,524
26346,25576,424
26347,22483,2748
26348,26184,0
26349,26184,0
26350,26184,0
26351,26184,0
26352,26184,0
26353,26184,0
26354,26184,0
26355,26184,0
26356,26184,0
26357,26144,28
26358,18200,6558
26359,22054,3095
26360,25137,736
26361,26022,112
26362,26184,0
26363,25516,466
26364,26184,0
26365,26184,0
26366,24057,1528
26367,26184,0
26368,26184,0
26369,24733,1028
26370,26184,0
26371,26184,0
26372,25015,824
26373,26184,0
26374,26184,0
26375,26184,0
26376,25798,268
26377,26184,0
26378,26184,0
26379,22077,3076
26380,25999,128
26381,26184,0
26382,26184,0
26383,26184,0
26384,26184,0
26385,26184,0
26386,20430,4474
26387,26184,0
26388,26184,0
26389,23373,2048
26390,26184,0
26391,26184,0
26392,26184,0
26393,26184,0
26394,26184,0
26395,26184,0
26396,26184,0
26397,25684,348
26398,22329,2872
26399,26184,0
26400,13870,11456
26401,25079,778
26402,26184,0
26403,26184,0
26404,26184,0
26405,25434,524
26406,26184,0
26407,4601,31352
26408,26184,0
26409,23298,2106
26410,26184,0
26411,26184,0
26412,26184,0
26413,26184,0
26414,21703,3384
26415,26184,0
26416,26184,0
26417,24190,1428
26418,25684,348
26419,26184,0
26420,26184,0
26421,18546,6218
26422,26184,0
26423,22468,2760
26424,26184,0
26425,26184,0
26426,26150,24
26427,26184,0
26428,22193,2982
26429,26184,0
26430,24637,1098
26431,25485,488
26432,25690,344
26433,21237,3776
26434,26184,0
26435,26184,0
26436,24099,1496
26437,22764,2524
26438,26184,0
26439,26184,0
26440,17634,7128
26441,26184,0
26442,26184,0
26443,24733,1028
26444,26184,0
26445,26184,0
26446,26184,0
26447,26184,0
26448,26184,0
26449,26184,0
26450,26150,24
26451,26184,0
26452,25635,382
26453,26184,0
26454,25443,518
26455,19659,5168
26456,13364,12126
26457,26184,0
26458,21771,3328
26459,26184,0
26460,22585,2666
26461,20185,4692
26462,26184,0
26463,26184,0
26464,26184,0
26465,26184,0
26466,8808,19642
26467,26184,0
26468,25547,444
26469,26184,0
26470,21251,3764
26471,20803,4148
26472,23849,1684
26473,26184,0
26474,26184,0
26475,20633,4296
26476,26184,0
26477,26184,0
26478,26184,0
26479,25154,724
26480,26184,0
26481,26184,0
26482,23665,1824
26483,23146,2224
26484,26184,0
26485,26184,0
26486,26184,0
26487,26184,0
26488,26005,124
26489,24602,1124
26490,26184,0
26491,26184,0
26492,26184,0
26493,26184,0
26494,26184,0
26495,20176,4700
26496,26184,0
26497,26184,0
26498,26184,0
26499,26184,0
26500,25120,748
26501,24843,948
26502,12395,13484
26503,26184,0
26504,25126,744
26505,26184,0
26506,26184,0
26507,26184,0
26508,26184,0
26509,1610,50278
26510,26184,0
26511,26184,0
26512,26184,0
26513,26184,0
26514,17400,7368
26515,26184,0
26516,26184,0
26517,26184,0
26518,26184,0
26519,25434,524
26520,24325,1328
26521,26184,0
26522,26184,0
26523,26184,0
26524,914,60490
26525,26184,0
26526,26184,0
26527,25970,148
26528,25126,744
26529,22448,2776
26530,26184,0
26531,26184,0
26532,26184,0
26533,26184,0
26534,26184,0
26535,26184,0
26536,23018,2324
26537,26184,0
26538,26184,0
26539,26184,0
26540,24528,1178
26541,26184,0
26542,3190,37952
26543,26184,0
26544,25789,274
26545,16027,8850
26546,17687,7074
26547,26184,0
26548,26184,0
26549,26184,0
26550,25784,278
26551,26184,0
26552,22638,2624
26553,26184,0
26554,26184,0
26555,26184,0
26556,26028,108
26557,24998,836
26558,26184,0
26559,26121,44
26560,26184,0
26561,25325,602
26562,26150,24
26563,26184,0
26564,24258,1378
26565,26184,0
26566,26184,0
26567,26184,0
26568,26184,0
26569,26005,124
26570,26184,0
26571,26184,0
26572,19369,5436
26573,24164,1448
26574,26095,62
26575,26184,0
26576,26184,0
26577,24596,1128
26578,26184,0
26579,26184,0
26580,26184,0
26581,26184,0
26582,26184,0
26583,26184,0
26584,25294,624
26585,26184,0
26586,22885,2428
26587,26184,0
26588,26184,0
26589,26184,0
26590,18942,5838
26591,26184,0
26592,25832,244
26593,26184,0
26594,26184,0
26595,26184,0
26596,26184,0
26597,26184,0
26598,26184,0
26599,26184,0
26600,26121,44
26601,26184,0
26602,26184,0
26603,25358,578
26604,26184,0
26605,26184,0
26606,24849,944
26607,26184,0
26608,26184,0
26609,26184,0
26610,26184,0
26611,26184,0
26612,25959,156
26613,26184,0
26614,24169,1444
26615,26184,0
26616,26184,0
26617,22964,2366
26618,25827,248
26619,26184,0
26620,26184,0
26621,20430,4474
26622,26184,0
26623,26184,0
26624,25364,574
26625,26184,0
26626,20633,4296
26627,25718,324
26628,26184,0
26629,26184,0
26630,18588,6178
26631,26184,0
26632,26184,0
26633,25313,610
26634,26184,0
26635,26184,0
26636,20011,4848
26637,26184,0
26638,26184,0
26639,17908,6850
26640,26184,0
26641,26103,56
26642,26184,0
26643,25547,444
26644,25463,504
26645,20194,4684
26646,26060,86
26647,23115,2248
26648,26184,0
26649,25403,546
26650,22151,3016
26651,26184,0
26652,26184,0
26653,26184,0
26654,26184,0
26655,24137,1468
26656,26184,0
26657,23477,1968
26658,26184,0
26659,24449,1236
26660,25641,378
26661,26184,0
26662,25827,248
26663,26184,0
26664,25226,672
26665,26184,0
26666,26184,0
26667,26184,0
26668,26184,0
26669,26184,0
26670,25936,172
26671,26184,0
26672,26184,0
26673,26184,0
26674,14222,11004
26675,26184,0
26676,26184,0
26677,26184,0
26678,25547,444
26679,25505,474
26680,26184,0
26681,26184,0
26682,16872,7924
26683,22918,2402
26684,26184,0
26685,26184,0
26686,26184,0
26687,23404,2024
26688,26184,0
26689,26184,0
26690,26184,0
26691,26184,0
26692,26184,0
26693,25196,694
26694,26184,0
26695,26184,0
26696,23505,1946
26697,25718,324
26698,26184,0
26699,26184,0
26700,26184,0
26701,26184,0
26702,20923,4044
26703,21412,3628
26704,24838,952
26705,26184,0
26706,26184,0
26707,22608,2648
26708,26184,0
26709,24062,1524
26710,26184,0
26711,26184,0
26712,26184,0
26713,26184,0
26714,26184,0
26715,22786,2506
26716,25621,392
26717,26184,0
26718,26184,0
26719,26184,0
26720,26184,0
26721,26184,0
26722,26184,0
26723,26184,0
26724,26184,0
26725,23492,1956
26726,26184,0
26727,26184,0
26728,14485,10674
26729,26184,0
26730,26184,0
26731,26184,0
26732,26184,0
26733,26184,0
26734,26184,0
26735,26184,0
26736,22766,2522
26737,26184,0
26738,26184,0
26739,26184,0
26740,20919,4048
26741,18977,5804
26742,26184,0
26743,26184,0
26744,26184,0
26745,25260,648
26746,26184,0
26747,26184,0
26748,26184,0
26749,26184,0
26750,26184,0
26751,26184,0
26752,26184,0
26753,25684,348
26754,1,138600
26755,26184,0
26756,26184,0
26757,26184,0
26758,26184,0
26759,26184,0
26760,26184,0
26761,25260,648
26762,26184,0
26763,26184,0
26764,26184,0
26765,26184,0
26766,19287,5512
26767,26184,0
26768,26184,0
26769,26184,0
26770,26150,24
26771,24166,1446
26772,26184,0
26773,26184,0
26774,26184,0
26775,26184,0
26776,26184,0
26777,25157,722
26778,22009,3132
26779,26184,0
26780,26184,0
26781,26184,0
26782,26184,0
26783,26184,0
26784,26184,0
26785,22257,2930
26786,26184,0
26787,26184,0
26788,26184,0
26789,24575,1144
26790,26184,0
26791,26184,0
26792,26184,0
26793,26184,0
26794,17470,7296
26795,15356,9622
26796,26184,0
26797,24876,924
26798,26184,0
26799,26184,0
26800,26184,0
26801,26184,0
26802,19633,5192
26803,24777,996
26804,26184,0
26805,26184,0
26806,26184,0
26807,26184,0
26808,23243,2148
26809,24466,1224
26810,23259,2136
26811,26184,0
26812,26184,0
26813,26184,0
26814,26184,0
26815,26184,0
26816,26184,0
26817,23633,1848
26818,26184,0
26819,26184,0
26820,26150,24
26821,26184,0
26822,8500,20284
26823,26184,0
26824,24882,920
26825,17362,7408
26826,26184,0
26827,25477,494
26828,26184,0
26829,24750,1016
26830,26184,0
26831,26184,0
26832,26184,0
26833,26184,0
26834,26184,0
26835,25542,448
26836,26184,0
26837,18129,6628
26838,25850,232
26839,26184,0
26840,26103,56
26841,26115,48
26842,26184,0
26843,26184,0
26844,26184,0
26845,26184,0
26846,26184,0
26847,26184,0
26848,26184,0
26849,26184,0
26850,26184,0
26851,26184,0
26852,26184,0
26853,26184,0
26854,26184,0
26855,26184,0
26856,26150,24
26857,25148,728
26858,26184,0
26859,25576,424
26860,24739,1024
26861,26184,0
26862,24923,890
26863,26184,0
26864,23290,2112
26865,26184,0
26866,26184,0
26867,26184,0
26868,26184,0
26869,26184,0
26870,26184,0
26871,25406,544
26872,26184,0
26873,26184,0
26874,26184,0
26875,21603,3468
26876,26184,0
26877,25505,474
26878,26184,0
26879,26184,0
26880,26184,0
26881,23720,1782
26882,26184,0
26883,26184,0
26884,24030,1548
26885,26184,0
26886,26184,0
26887,26184,0
26888,26184,0
26889,23797,1724
26890,24640,1096
26891,26184,0
26892,26184,0
26893,26184,0
26894,26042,98
26895,26077,74
26896,26184,0
26897,26184,0
26898,25933,174
26899,26184,0
26900,26184,0
26901,26184,0
26902,23963,1598
26903,26184,0
26904,26184,0
26905,25084,774
26906,26184,0
26907,26184,0
26908,26184,0
26909,25861,224
26910,21289,3732
26911,26184,0
26912,26184,0
26913,26184,0
26914,26103,56
26915,26184,0
26916,26184,0
26917,26184,0
26918,26184,0
26919,23146,2224
26920,24019,1556
26921,26184,0
26922,23298,2106
26923,26184,0
26924,22671,2598
26925,26121,44
26926,26184,0
26927,26184,0
26928,26184,0
26929,26184,0
26930,26184,0
26931,26184,0
26932,26184,0
26933,26184,0
26934,26184,0
26935,26184,0
26936,26184,0
26937,26184,0
26938,26184,0
26939,26184,0
26940,23205,2178
26941,26184,0
26942,20569,4352
26943,26184,0
26944,26184,0
26945,17886,6872
26946,26184,0
26947,24062,1524
26948,25644,376
26949,26184,0
26950,23025,2318
26951,25042,804
26952,25092,768
26953,19377,5428
26954,26184,0
26955,26184,0
26956,20886,4076
26957,23886,1656
26958,26184,0
26959,26184,0
26960,25970,148
26961,26184,0
26962,26184,0
26963,25336,594
26964,26184,0
26965,26184,0
26966,25218,678
26967,26184,0
26968,26086,68
26969,26184,0
26970,16204,8652
26971,26184,0
26972,26184,0
26973,26184,0
26974,26184,0
26975,26184,0
26976,21655,3424
26977,15599,9338
26978,26184,0
26979,24596,1128
26980,23534,1924
26981,25664,362
26982,25499,478
26983,26184,0
26984,26184,0
26985,25266,644
26986,7955,21480
26987,25053,796
26988,22264,2924
26989,25641,378
26990,26184,0
26991,26184,0
26992,26184,0
26993,26184,0
26994,26184,0
26995,25299,620
26996,25593,412
26997,26184,0
26998,26115,48
26999,23886,1656
27000,26184,0
27001,23828,1700
27002,23404,2024
27003,26184,0
27004,26184,0
27005,26184,0
27006,26184,0
27007,23269,2128
27008,26184,0
27009,26184,0
27010,25690,344
27011,26184,0
27012,26184,0
27013,26184,0
27014,26184,0
27015,24918,894
27016,26184,0
27017,26184,0
27018,26184,0
27019,26184,0
27020,26184,0
27021,22423,2796
27022,26184,0
27023,25718,324
27024,26184,0
27025,1543,51048
27026,76,105222
27027,26184,0
27028,26184,0
27029,26184,0
27030,26184,0
27031,1545,51028
27032,26184,0
27033,26184,0
27034,23963,1598
27035,26184,0
27036,26184,0
27037,25474,496
27038,26184,0
27039,26115,48
27040,26184,0
27041,26184,0
27042,26184,0
27043,26184,0
27044,24569,1148
27045,25718,324
27046,22764,2524
27047,26184,0
27048,26184,0
27049,26184,0
27050,24583,1138
27051,26184,0
27052,26184,0
27053,26184,0
27054,23699,1798
27055,26184,0
27056,26184,0
27057,26184,0
27058,26184,0
27059,26184,0
27060,26045,96
27061,26184,0
27062,26184,0
27063,24046,1536
27064,23087,2270
27065,26184,0
27066,26184,0
27067,26184,0
27068,26184,0
27069,25718,324
27070,26184,0
27071,26184,0
27072,14668,10448
27073,26184,0
27074,26184,0
27075,26184,0
27076,23013,2328
27077,26184,0
27078,20564,4356
27079,26184,0
27080,23503,1948
27081,24190,1428
27082,26184,0
27083,26184,0
27084,26184,0
27085,26121,44
27086,26184,0
27087,26184,0
27088,26184,0
27089,25861,224
27090,26184,0
27091,23768,1746
27092,26184,0
27093,18706,6064
27094,26184,0
27095,26184,0
27096,18089,6668
27097,25294,624
27098,25095,766
27099,20451,4456
27100,24196,1424
27101,26184,0
27102,26184,0
27103,26184,0
27104,26184,0
27105,25901,196
27106,26184,0
27107,25798,268
27108,21732,3360
27109,26184,0
27110,26184,0
27111,26184,0
27112,26184,0
27113,24981,848
27114,26184,0
27115,26184,0
27116,25664,362
27117,26184,0
27118,25148,728
27119,26184,0
27120,15719,9200
27121,25547,444
27122,26184,0
27123,24739,1024
27124,26184,0
27125,26184,0
27126,26184,0
27127,26184,0
27128,1305,54072
27129,26184,0
27130,26184,0
27131,26184,0
27132,26184,0
27133,26184,0
27134,26184,0
27135,18464,6298
27136,26184,0
27137,26109,52
27138,25692,342
27139,16026,8852
27140,24596,1128
27141,26184,0
27142,26184,0
27143,22102,3056
27144,24041,1540
27145,25429,528
27146,26184,0
27147,26184,0
27148,24325,1328
27149,6314,25644
27150,26184,0
27151,26184,0
27152,26184,0
27153,26184,0
27154,26184,0
27155,26184,0
27156,25712,328
27157,13274,12248
27158,26184,0
27159,19816,5024
27160,26184,0
27161,26184,0
27162,26184,0
27163,8081,21196
27164,26184,0
27165,26184,0
27166,26184,0
27167,26077,74
27168,26184,0
27169,26184,0
27170,26184,0
27171,25999,128
27172,26184,0
27173,26184,0
27174,25861,224
27175,22962,2368
27176,26184,0
27177,26184,0
27178,26184,0
27179,26184,0
27180,26184,0
27181,26184,0
27182,26184,0
27183,26184,0
27184,20628,4300
27185,24054,1530
27186,26184,0
27187,26184,0
27188,23929,1624
27189,26184,0
27190,25358,578
27191,26184,0
27192,26184,0
27193,26184,0
27194,26184,0
27195,26184,0
27196,26184,0
27197,26184,0
27198,26184,0
27199,26184,0
27200,26184,0
27201,26184,0
27202,26184,0
27203,26184,0
27204,26060,86
27205,26184,0
27206,26184,0
27207,24945,874
27208,24542,1168
27209,22608,2648
27210,26184,0
27211,26184,0
27212,26184,0
27213,26184,0
27214,928,60224
27215,26184,0
27216,26184,0
27217,26184,0
27218,24433,1248
27219,26184,0
27220,26184,0
27221,26184,0
27222,25861,224
27223,26184,0
27224,26184,0
27225,26184,0
27226,26184,0
27227,26184,0
27228,26184,0
27229,26184,0
27230,24097,1498
27231,24588,1134
27232,26184,0
27233,26184,0
27234,26184,0
27235,26184,0
27236,26184,0
27237,26184,0
27238,26184,0
27239,26184,0
27240,26184,0
27241,26184,0
27242,26184,0
27243,23274,2124
27244,26184,0
27245,23995,1574
27246,21129,3868
27247,26184,0
27248,25718,324
27249,26184,0
27250,25260,648
27251,26184,0
27252,26184,0
27253,25832,244
27254,26184,0
27255,24739,1024
27256,26184,0
27257,26184,0
27258,26184,0
27259,26184,0
27260,25658,366
27261,19463,5348
27262,26184,0
27263,26184,0
27264,26184,0
27265,26184,0
27266,26184,0
27267,26184,0
27268,23218,2168
27269,22418,2800
27270,26184,0
27271,20780,4168
27272,26184,0
27273,22698,2576
27274,26184,0
27275,26184,0
27276,26184,0
27277,26150,24
27278,26184,0
27279,26184,0
27280,26184,0
27281,26184,0
27282,26184,0
27283,25618,394
27284,24091,1502
27285,26184,0
27286,26184,0
27287,26184,0
27288,26184,0
27289,26184,0
27290,26184,0
27291,26184,0
27292,26184,0
27293,26184,0
27294,24196,1424
27295,24247,1386
27296,26184,0
27297,26184,0
27298,26184,0
27299,26184,0
27300,26184,0
27301,26184,0
27302,26184,0
27303,26184,0
27304,26184,0
27305,26184,0
27306,26184,0
27307,26144,28
27308,26184,0
27309,26184,0
27310,26184,0
27311,26184,0
27312,26184,0
27313,26184,0
27314,26184,0
27315,14800,10286
27316,26184,0
27317,15504,9448
27318,26184,0
27319,25844,236
27320,26184,0
27321,26184,0
27322,26184,0
27323,25950,162
27324,18202,6556
27325,26144,28
27326,26184,0
27327,26184,0
27328,26184,0
27329,26184,0
27330,20281,4606
27331,24670,1074
27332,26184,0
27333,26184,0
27334,26184,0
27335,26184,0
27336,22358,2848
27337,26184,0
27338,26184,0
27339,24979,850
27340,26184,0
27341,24640,1096
27342,26184,0
27343,26184,0
27344,21958,3174
27345,26184,0
27346,2934,39464
27347,26184,0
27348,19958,4896
27349,26184,0
27350,26184,0
27351,26184,0
27352,8429,20436
27353,26184,0
27354,26184,0
27355,26184,0
27356,26184,0
27357,26184,0
27358,26184,0
27359,26184,0
27360,26150,24
27361,26184,0
27362,26184,0
27363,26184,0
27364,22590,2662
27365,26184,0
27366,26184,0
27367,23550,1912
27368,25477,494
27369,25999,128
27370,23731,1774
27371,26184,0
27372,25947,164
27373,25154,724
27374,26184,0
27375,24169,1444
27376,26184,0
27377,26184,0
27378,25830,246
27379,26184,0
27380,26184,0
27381,26184,0
27382,25294,624
27383,26184,0
27384,26184,0
27385,25266,644
27386,26184,0
27387,19311,5490
27388,26184,0
27389,26184,0
27390,25499,478
27391,26184,0
27392,26184,0
27393,26184,0
27394,26184,0
27395,5489,28170
27396,24915,896
27397,23169,2206
27398,26150,24
27399,26184,0
27400,26184,0
27401,26184,0
27402,26184,0
27403,26184,0
27404,26184,0
27405,26184,0
27406,26184,0
27407,26184,0
27408,24706,1048
27409,26184,0
27410,26184,0
27411,26184,0
27412,25970,148
27413,25336,594
27414,26184,0
27415,26184,0
27416,26184,0
27417,22977,2356
27418,21521,3536
27419,26184,0
27420,26184,0
27421,26184,0
27422,25755,298
27423,26184,0
27424,23373,2048
27425,26184,0
27426,21992,3146
27427,26184,0
27428,22954,2374
27429,26184,0
27430,24708,1046
27431,26184,0
27432,26184,0
27433,26184,0
27434,25148,728
27435,26184,0
27436,25288,628
27437,23430,2004
27438,21471,3578
27439,26184,0
27440,26014,118
27441,26184,0
27442,25502,476
27443,26184,0
27444,24596,1128
27445,26184,0
27446,26184,0
27447,25126,744
27448,26184,0
27449,22809,2488
27450,1,152978
27451,26184,0
27452,26184,0
27453,1615,50224
27454,15188,9820
27455,26184,0
27456,26184,0
27457,25460,506
27458,26184,0
27459,26184,0
27460,82,104024
27461,26184,0
27462,26184,0
27463,18722,6048
27464,26184,0
27465,26184,0
27466,24471,1220
27467,26184,0
27468,26184,0
27469,26184,0
27470,24466,1224
27471,25294,624
27472,23897,1648
27473,26184,0
27474,26184,0
27475,26184,0
27476,26184,0
27477,24070,1518
27478,26184,0
27479,26184,0
27480,26184,0
27481,25904,194
27482,26184,0
27483,26184,0
27484,26184,0
27485,26184,0
27486,26184,0
27487,26184,0
27488,26184,0
27489,26184,0
27490,25154,724
27491,24439,1244
27492,26184,0
27493,26184,0
27494,26184,0
27495,26184,0
27496,26184,0
27497,26184,0
27498,25747,304
27499,25429,528
27500,26184,0
27501,26184,0
27502,26184,0
27503,26184,0
27504,22969,2362
27505,26184,0
27506,26184,0
27507,26103,56
27508,26184,0
27509,26184,0
27510,26184,0
27511,26184,0
27512,26184,0
27513,26184,0
27514,26184,0
27515,26184,0
27516,26184,0
27517,26184,0
27518,26184,0
27519,26071,78
27520,26184,0
27521,21419,3622
27522,26184,0
27523,26184,0
27524,26184,0
27525,26184,0
27526,26184,0
27527,26184,0
27528,26184,0
27529,26184,0
27530,26184,0
27531,22102,3056
27532,25576,424
27533,23141,2228
27534,23665,1824
27535,25138,735
27536,26184,0
27537,23084,2272
27538,26184,0
27539,26184,0
27540,26184,0
27541,25015,824
27542,26184,0
27543,25429,528
27544,26184,0
27545,26184,0
27546,26184,0
27547,26184,0
27548,26184,0
27549,26184,0
27550,26184,0
27551,26184,0
27552,26184,0
27553,26184,0
27554,22764,2524
27555,26184,0
27556,26184,0
27557,26184,0
27558,20360,4536
27559,26184,0
27560,26184,0
27561,26184,0
27562,23900,1646
27563,26184,0
27564,26184,0
27565,26184,0
27566,26184,0
27567,25296,622
27568,26184,0
27569,26184,0
27570,26184,0
27571,24860,936
27572,26184,0
27573,26184,0
27574,26184,0
27575,1457,52082
27576,26184,0
27577,24706,1048
27578,26184,0
27579,26184,0
27580,26184,0
27581,26184,0
27582,26184,0
27583,26184,0
27584,26184,0
27585,26184,0
27586,26184,0
27587,26184,0
27588,25635,382
27589,26184,0
27590,23633,1848
27591,26184,0
27592,26184,0
27593,25364,574
27594,26184,0
27595,25982,140
27596,26184,0
27597,26184,0
27598,25477,494
27599,26184,0
27600,26184,0
27601,26184,0
27602,26184,0
27603,20124,4746
27604,26184,0
27605,26184,0
27606,26184,0
27607,24447,1238
27608,26184,0
27609,26184,0
27610,26184,0
27611,26184,0
27612,1611,50272
27613,26184,0
27614,26184,0
27615,26184,0
27616,25434,524
27617,26184,0
27618,24667,1076
27619,26184,0
27620,26184,0
27621,25079,778
27622,26184,0
27623,26184,0
27624,26184,0
27625,20933,4036
27626,26184,0
27627,26184,0
27628,24460,1228
27629,24572,1146
27630,25434,524
27631,26184,0
27632,26184,0
27633,26184,0
27634,26184,0
27635,26184,0
27636,22498,2736
27637,26184,0
27638,26184,0
27639,23404,2024
27640,26184,0
27641,25712,328
27642,26184,0
27643,26184,0
27644,13775,11580
27645,12575,13224
27646,19520,5296
27647,25861,224
27648,25126,744
27649,25976,144
27650,26184,0
27651,25198,692
27652,26121,44
27653,26184,0
27654,26184,0
27655,26184,0
27656,26184,0
27657,24368,1296
27658,26184,0
27659,26184,0
27660,26184,0
27661,18438,6324
27662,25778,282
27663,26184,0
27664,25162,718
27665,26184,0
27666,26184,0
27667,26184,0
27668,26184,0
27669,26184,0
27670,21497,3556
27671,26184,0
27672,26184,0
27673,26184,0
27674,26184,0
27675,26184,0
27676,24569,1148
27677,26184,0
27678,26184,0
27679,26184,0
27680,21783,3318
27681,18385,6376
27682,26184,0
27683,26184,0
27684,25221,676
27685,26184,0
27686,26184,0
27687,26184,0
27688,26184,0
27689,26184,0
27690,26184,0
27691,24357,1304
27692,25288,628
27693,25434,524
27694,26150,24
27695,26184,0
27696,26184,0
27697,26184,0
27698,20360,4536
27699,22019,3124
27700,26184,0
27701,26184,0
27702,23274,2124
27703,26184,0
27704,26184,0
27705,26184,0
27706,24169,1444
27707,26184,0
27708,26184,0
27709,26184,0
27710,26184,0
27711,26184,0
27712,26184,0
27713,26184,0
27714,25976,144
27715,24777,996
27716,25434,524
27717,24215,1410
27718,26184,0
27719,26184,0
27720,21747,3348
27721,12858,12822
27722,26184,0
27723,25804,264
27724,25154,724
27725,26184,0
27726,26184,0
27727,26184,0
27728,25249,656
27729,26184,0
27730,17712,7048
27731,26184,0
27732,25434,524
27733,26184,0
27734,26184,0
27735,22019,3124
27736,26184,0
27737,23269,2128
27738,26184,0
27739,26184,0
27740,26184,0
27741,26184,0
27742,25970,148
27743,26184,0
27744,26184,0
27745,19157,5634
27746,23868,1670
27747,26184,0
27748,25678,352
27749,26184,0
27750,26184,0
27751,26184,0
27752,26184,0
27753,26184,0
27754,26184,0
27755,26184,0
27756,26184,0
27757,1479,51808
27758,26184,0
27759,26184,0
27760,26184,0
27761,26184,0
27762,26184,0
27763,25482,490
27764,23602,1872
27765,26184,0
27766,26184,0
27767,20328,4564
27768,26184,0
27769,26150,24
27770,26184,0
27771,26184,0
27772,26184,0
27773,26184,0
27774,25215,680
27775,26184,0
27776,26184,0
27777,26184,0
27778,26184,0
27779,11789,14388
27780,23503,1948
27781,26184,0
27782,25154,724
27783,26184,0
27784,26184,0
27785,26184,0
27786,26184,0
27787,1,508304
27788,26184,0
27789,26184,0
27790,26184,0
27791,26184,0
27792,26184,0
27793,26184,0
27794,26184,0
27795,24236,1394
27796,26184,0
27797,26184,0
27798,26184,0
27799,26184,0
27800,26184,0
27801,26184,0
27802,25815,256
27803,26184,0
27804,26184,0
27805,23670,1820
27806,26184,0
27807,26184,0
27808,26184,0
27809,26184,0
27810,26184,0
27811,24945,874
27812,26184,0
27813,26184,0
27814,26184,0
27815,24992,840
27816,26184,0
27817,26184,0
27818,26184,0
27819,26184,0
27820,25959,156
27821,26184,0
27822,26184,0
27823,25154,724
27824,25718,324
27825,26184,0
27826,21555,3508
27827,26184,0
27828,26184,0
27829,26184,0
27830,26184,0
27831,26184,0
27832,23508,1944
27833,25999,128
27834,25056,794
27835,23571,1896
27836,26184,0
27837,26184,0
27838,15014,10028
27839,26184,0
27840,19539,5278
27841,26184,0
27842,26184,0
27843,26184,0
27844,25505,474
27845,26184,0
27846,25724,320
27847,26184,0
27848,25947,164
27849,24981,848
27850,26184,0
27851,26184,0
27852,25547,444
27853,26184,0
27854,19576,5244
27855,26184,0
27856,26184,0
27857,26184,0
27858,26184,0
27859,21068,3920
27860,24572,1146
27861,26184,0
27862,26184,0
27863,26184,0
27864,26184,0
27865,26184,0
27866,25488,486
27867,25081,776
27868,26184,0
27869,26184,0
27870,22723,2556
27871,1891,47382
27872,26184,0
27873,24876,924
27874,6317,25636
27875,26184,0
27876,26184,0
27877,26184,0
27878,26184,0
27879,26184,0
27880,26184,0
27881,26184,0
27882,25403,546
27883,26184,0
27884,26184,0
27885,26184,0
27886,26184,0
27887,26184,0
27888,26184,0
27889,26184,0
27890,25630,386
27891,26184,0
27892,26184,0
27893,23274,2124
27894,26184,0
27895,26184,0
27896,26184,0
27897,24046,1536
27898,26184,0
27899,20499,4413
27900,26184,0
27901,26184,0
27902,26184,0
27903,26184,0
27904,26184,0
27905,25630,386
27906,26184,0
27907,26184,0
27908,26184,0
27909,26184,0
27910,26184,0
27911,26184,0
27912,26184,0
27913,22718,2560
27914,23378,2044
27915,26184,0
27916,26184,0
27917,25712,328
27918,26184,0
27919,26184,0
27920,26184,0
27921,26184,0
27922,26115,48
27923,26184,0
27924,21402,3636
27925,26184,0
27926,26184,0
27927,26184,0
27928,16831,7968
27929,26184,0
27930,26184,0
27931,26184,0
27932,26184,0
27933,26184,0
27934,18497,6266
27935,26184,0
27936,26184,0
27937,26184,0
27938,26184,0
27939,26184,0
27940,26184,0
27941,26184,0
27942,26184,0
27943,23171,2204
27944,26184,0
27945,25530,456
27946,26184,0
27947,26184,0
27948,26184,0
27949,26184,0
27950,25861,224
27951,24862,934
27952,26184,0
27953,26184,0
27954,25789,274
27955,26184,0
27956,26184,0
27957,26184,0
27958,26184,0
27959,26184,0
27960,26184,0
27961,26184,0
27962,26184,0
27963,26184,0
27964,26184,0
27965,26184,0
27966,26184,0
27967,26184,0
27968,26184,0
27969,26184,0
27970,26184,0
27971,26184,0
27972,25403,546
27973,26184,0
27974,26184,0
27975,25999,128
27976,25684,348
27977,23453,1986
27978,26184,0
27979,26184,0
27980,26184,0
27981,26184,0
27982,26184,0
27983,26184,0
27984,26184,0
27985,14934,10124
27986,26184,0
27987,26184,0
27988,26184,0
27989,26184,0
27990,26184,0
27991,26184,0
27992,24832,956
27993,16962,7828
27994,26184,0
27995,26184,0
27996,26144,28
27997,26184,0
27998,26184,0
27999,26132,36
28000,26184,0
28001,26184,0
28002,23860,1676
28003,26184,0
28004,21655,3424
28005,25252,654
28006,24199,1422
28007,18466,6296
28008,26184,0
28009,26184,0
28010,26184,0
28011,25190,698
28012,26184,0
28013,26184,0
28014,25530,456
28015,26184,0
28016,25477,494
28017,26184,0
28018,22329,2872
28019,21626,3448
28020,26184,0
28021,26184,0
28022,26184,0
28023,26184,0
28024,25576,424
28025,26184,0
28026,24065,1522
28027,26184,0
28028,25513,468
28029,26184,0
28030,26184,0
28031,26184,0
28032,22112,3048
28033,26184,0
28034,26184,0
28035,19772,5064
28036,26184,0
28037,24161,1450
28038,25364,574
28039,25718,324
28040,26184,0
28041,26184,0
28042,26184,0
28043,26184,0
28044,26184,0
28045,25855,228
28046,26184,0
28047,26184,0
28048,24684,1064
28049,26184,0
28050,26184,0
28051,25477,494
28052,25576,424
28053,24569,1148
28054,26031,106
28055,26184,0
28056,26184,0
28057,25252,654
28058,26184,0
28059,26184,0
28060,25861,224
28061,9730,17848
28062,20845,4112
28063,22794,2500
28064,26184,0
28065,24714,1042
28066,25576,424
28067,25976,144
28068,26184,0
28069,25398,550
28070,26184,0
28071,24876,924
28072,26184,0
28073,24945,874
28074,26184,0
28075,26184,0
28076,24466,1224
28077,22962,2368
28078,26184,0
28079,26184,0
28080,26184,0
28081,26184,0
28082,26184,0
28083,21562,3502
28084,26184,0
28085,25406,544
28086,26184,0
28087,26184,0
28088,26184,0
28089,16061,8812
28090,26184,0
28091,26184,0
28092,26184,0
28093,26184,0
28094,26184,0
28095,26184,0
28096,26150,24
28097,26184,0
28098,26184,0
28099,26184,0
28100,26184,0
28101,26184,0
28102,26184,0
28103,26184,0
28104,26184,0
28105,26184,0
28106,26184,0
28107,26184,0
28108,26184,0
28109,23378,2044
28110,26184,0
28111,26184,0
28112,26184,0
28113,25701,336
28114,22415,2802
28115,26184,0
28116,24860,936
28117,26184,0
28118,26184,0
28119,26184,0
28120,22827,2474
28121,25154,724
28122,26184,0
28123,26184,0
28124,26184,0
28125,26184,0
28126,26184,0
28127,26184,0
28128,26184,0
28129,26184,0
28130,26184,0
28131,26184,0
28132,26184,0
28133,26184,0
28134,26184,0
28135,22797,2498
28136,26184,0
28137,26184,0
28138,26184,0
28139,26184,0
28140,26184,0
28141,26184,0
28142,26184,0
28143,26184,0
28144,17210,7566
28145,26184,0
28146,26184,0
28147,26184,0
28148,26184,0
28149,26184,0
28150,26184,0
28151,25499,478
28152,26184,0
28153,24695,1056
28154,26184,0
28155,26184,0
28156,25718,324
28157,12769,12948
28158,24314,1336
28159,26184,0
28160,26184,0
28161,18444,6318
28162,26184,0
28163,21497,3556
28164,26184,0
28165,26184,0
28166,14207,11024
28167,25249,656
28168,26184,0
28169,26184,0
28170,14522,10628
28171,21378,3656
28172,26184,0
28173,26184,0
28174,26184,0
28175,26184,0
28176,25434,524
28177,26184,0
28178,26184,0
28179,26184,0
28180,26184,0
28181,26184,0
28182,26184,0
28183,24733,1028
28184,26184,0
28185,26184,0
28186,22358,2848
28187,26184,0
28188,26184,0
28189,26184,0
28190,25434,524
28191,26184,0
28192,26184,0
28193,26184,0
28194,24190,1428
28195,26184,0
28196,26184,0
28197,26184,0
28198,26184,0
28199,22508,2728
28200,26184,0
28201,26184,0
28202,25576,424
28203,24190,1428
28204,826,62324
28205,26184,0
28206,26184,0
28207,26184,0
28208,26184,0
28209,26184,0
28210,26184,0
28211,26184,0
28212,26184,0
28213,25576,424
28214,26184,0
28215,26184,0
28216,26184,0
28217,26184,0
28218,26184,0
28219,25684,348
28220,26184,0
28221,26184,0
28222,25434,524
28223,26184,0
28224,26184,0
28225,26184,0
28226,26184,0
28227,26184,0
28228,19212,5582
28229,26184,0
28230,26184,0
28231,26184,0
28232,26184,0
28233,26184,0
28234,26184,0
28235,26184,0
28236,26184,0
28237,26184,0
28238,26184,0
28239,20392,4508
28240,26184,0
28241,26184,0
28242,26184,0
28243,26184,0
28244,26184,0
28245,22761,2526
28246,26184,0
28247,22774,2516
28248,26184,0
28249,26184,0
28250,26132,36
28251,26184,0
28252,22885,2428
28253,26184,0
28254,25148,728
28255,26184,0
28256,23141,2228
28257,23365,2054
28258,25976,144
28259,26184,0
28260,26184,0
28261,26184,0
28262,26184,0
28263,26184,0
28264,26077,74
28265,19742,5092
28266,26184,0
28267,26184,0
28268,26184,0
28269,22784,2508
28270,26184,0
28271,26184,0
28272,21061,3926
28273,26184,0
28274,26184,0
28275,22759,2528
28276,26184,0
28277,26184,0
28278,26184,0
28279,26184,0
28280,26184,0
28281,26132,36
28282,26184,0
28283,24371,1294
28284,24035,1544
28285,26184,0
28286,24981,848
28287,26184,0
28288,25999,128
28289,26184,0
28290,26184,0
28291,26184,0
28292,26184,0
28293,26184,0
28294,25084,774
28295,26184,0
28296,26184,0
28297,25513,468
28298,26184,0
28299,26184,0
28300,25406,544
28301,26184,0
28302,26184,0
28303,26184,0
28304,26184,0
28305,24722,1036
28306,24382,1286
28307,26184,0
28308,26184,0
28309,26184,0
28310,14684,10428
28311,26184,0
28312,25741,308
28313,26184,0
28314,26184,0
28315,26184,0
28316,26184,0
28317,26184,0
28318,26184,0
28319,23120,2244
28320,26184,0
28321,26184,0
28322,22638,2624
28323,25861,224
28324,26071,78
28325,26184,0
28326,26184,0
28327,26184,0
28328,26184,0
28329,26184,0
28330,24607,1120
28331,26184,0
28332,26184,0
28333,26184,0
28334,26184,0
28335,1306,54060
28336,26184,0
28337,26071,78
28338,26184,0
28339,26184,0
28340,26184,0
28341,18735,6036
28342,23399,2028
28343,26184,0
28344,26184,0
28345,26184,0
28346,26184,0
28347,26184,0
28348,26184,0
28349,25927,178
28350,26184,0
28351,26184,0
28352,25434,524
28353,25827,248
28354,26184,0
28355,26184,0
28356,26184,0
28357,26184,0
28358,26184,0
28359,26184,0
28360,26184,0
28361,26184,0
28362,26184,0
28363,26184,0
28364,26184,0
28365,26184,0
28366,26184,0
28367,25556,438
28368,24466,1224
28369,26184,0
28370,26184,0
28371,26184,0
28372,26184,0
28373,26184,0
28374,26184,0
28375,25400,548
28376,26184,0
28377,26184,0
28378,26184,0
28379,26184,0
28380,26184,0
28381,26184,0
28382,23689,1806
28383,26184,0
28384,26184,0
28385,26184,0
28386,26184,0
28387,26184,0
28388,15798,9110
28389,22987,2348
28390,26184,0
28391,14400,10780
28392,25277,636
28393,26184,0
28394,26184,0
28395,11069,15524
28396,26184,0
28397,26184,0
28398,26184,0
28399,26150,24
28400,26184,0
28401,26184,0
28402,26184,0
28403,23141,2228
28404,26184,0
28405,26184,0
28406,22249,2936
28407,26184,0
28408,26184,0
28409,26184,0
28410,23689,1806
28411,26184,0
28412,26184,0
28413,22141,3024
28414,26184,0
28415,23414,2016
28416,26184,0
28417,14485,10674
28418,18156,6602
28419,26184,0
28420,22613,2644
28421,25684,348
28422,26184,0
28423,26184,0
28424,24196,1424
28425,24926,888
28426,15636,9296
28427,25570,428
28428,26184,0
28429,23051,2298
28430,26184,0
28431,22458,2768
28432,24303,1344
28433,25434,524
28434,26184,0
28435,26184,0
28436,22890,2424
28437,25249,656
28438,26184,0
28439,26184,0
28440,26184,0
28441,26184,0
28442,26184,0
28443,26184,0
28444,26184,0
28445,26184,0
28446,24739,1024
28447,25210,684
28448,10647,16224
28449,26184,0
28450,26184,0
28451,25448,514
28452,25904,194
28453,25630,386
28454,26184,0
28455,26184,0
28456,26184,0
28457,21989,3148
28458,26184,0
28459,26184,0
28460,26184,0
28461,26184,0
28462,26184,0
28463,26184,0
28464,26184,0
28465,26184,0
28466,25855,228
28467,26184,0
28468,26184,0
28469,26184,0
28470,26184,0
28471,21035,3948
28472,26184,0
28473,19543,5274
28474,22987,2348
28475,24602,1124
28476,20247,4636
28477,26184,0
28478,1,183502
28479,14613,10516
28480,25179,706
28481,26184,0
28482,26184,0
28483,26184,0
28484,26184,0
28485,25288,628
28486,26184,0
28487,26184,0
28488,26184,0
28489,26184,0
28490,25358,578
28491,26184,0
28492,26184,0
28493,22764,2524
28494,22885,2428
28495,8845,19568
28496,26184,0
28497,25012,826
28498,26184,0
28499,26184,0
28500,26184,0
28501,26184,0
28502,25861,224
28503,25012,826
28504,26184,0
28505,26184,0
28506,26184,0
28507,24466,1224
28508,26184,0
28509,26184,0
28510,26184,0
28511,23404,2024
28512,26184,0
28513,26184,0
28514,26184,0
28515,25372,568
28516,26184,0
28517,26184,0
28518,23913,1636
28519,19442,5368
28520,26184,0
28521,26184,0
28522,26150,24
28523,26184,0
28524,26184,0
28525,26184,0
28526,21197,3810
28527,25294,624
28528,23422,2010
28529,25712,328
28530,26184,0
28531,22550,2694
28532,26184,0
28533,26184,0
28534,26184,0
28535,26184,0
28536,21567,3498
28537,24190,1428
28538,26184,0
28539,26184,0
28540,26184,0
28541,26184,0
28542,26184,0
28543,26184,0
28544,26184,0
28545,26184,0
28546,25644,376
28547,26184,0
28548,26184,0
28549,24330,1324
28550,26184,0
28551,25775,284
28552,26184,0
28553,26184,0
28554,26184,0
28555,26184,0
28556,26184,0
28557,26184,0
28558,26184,0
28559,26184,0
28560,1565,50798
28561,26184,0
28562,26115,48
28563,26184,0
28564,26184,0
28565,26014,118
28566,26184,0
28567,25179,706
28568,26184,0
28569,26184,0
28570,22050,3098
28571,26184,0
28572,26184,0
28573,26184,0
28574,26184,0
28575,26184,0
28576,26184,0
28577,24711,1044
28578,26184,0
28579,25347,586
28580,26184,0
28581,26184,0
28582,23547,1914
28583,26184,0
28584,26184,0
28585,24263,1374
28586,25009,828
28587,26184,0
28588,26184,0
28589,26184,0
28590,26184,0
28591,26184,0
28592,24263,1374
28593,25126,744
28594,26184,0
28595,26184,0
28596,24755,1012
28597,26184,0
28598,26184,0
28599,26184,0
28600,26184,0
28601,26184,0
28602,26184,0
28603,19431,5378
28604,26184,0
28605,22545,2698
28606,26184,0
28607,26184,0
28608,24547,1164
28609,26184,0
28610,23657,1830
28611,26184,0
28612,26184,0
28613,25904,194
28614,26184,0
28615,26184,0
28616,26184,0
28617,26184,0
28618,25224,674
28619,25758,296
28620,26184,0
28621,26184,0
28622,26184,0
28623,26184,0
28624,24062,1524
28625,24190,1428
28626,26184,0
28627,26184,0
28628,24915,896
28629,26184,0
28630,26184,0
28631,26184,0
28632,26184,0
28633,26184,0
28634,26184,0
28635,26184,0
28636,26184,0
28637,26184,0
28638,26184,0
28639,26184,0
28640,26184,0
28641,26184,0
28642,26184,0
28643,25832,244
28644,19274,5524
28645,26184,0
28646,1434,52364
28647,23770,1744
28648,24678,1068
28649,26184,0
28650,25513,468
28651,26184,0
28652,26184,0
28653,26184,0
28654,26184,0
28655,26184,0
28656,26184,0
28657,1,250056
28658,26184,0
28659,26184,0
28660,26184,0
28661,26184,0
28662,26184,0
28663,26184,0
28664,26184,0
28665,26184,0
28666,26184,0
28667,25434,524
28668,26184,0
28669,26184,0
28670,26184,0
28671,22418,2800
28672,26184,0
28673,26184,0
28674,26184,0
28675,26184,0
28676,26184,0
28677,26184,0
28678,25661,364
28679,23929,1624
28680,26184,0
28681,7021,23732
28682,25294,624
28683,26184,0
28684,26184,0
28685,26184,0
28686,26184,0
28687,26184,0
28688,26184,0
28689,23660,1828
28690,26184,0
28691,26184,0
28692,25294,624
28693,26184,0
28694,20417,4486
28695,26184,0
28696,23399,2028
28697,26184,0
28698,6238,25864
28699,26184,0
28700,23362,2056
28701,26184,0
28702,26184,0
28703,26184,0
28704,26184,0
28705,26184,0
28706,24876,924
28707,25542,448
28708,26184,0
28709,26184,0
28710,26184,0
28711,26184,0
28712,26184,0
28713,26184,0
28714,22749,2536
28715,23115,2248
28716,26184,0
28717,26184,0
28718,26184,0
28719,25633,384
28720,26184,0
28721,22393,2820
28722,26184,0
28723,17912,6846
28724,17687,7074
28725,26184,0
28726,26184,0
28727,16212,8644
28728,26184,0
28729,25266,644
28730,26184,0
28731,26184,0
28732,24711,1044
28733,21588,3480
28734,26184,0
28735,21454,3592
28736,25933,174
28737,26184,0
28738,6392,25424
28739,24599,1126
28740,26184,0
28741,21583,3484
28742,26184,0
28743,26184,0
28744,26184,0
28745,26184,0
28746,26184,0
28747,23537,1922
28748,26184,0
28749,26184,0
28750,23871,1668
28751,25698,338
28752,26184,0
28753,20149,4724
28754,26184,0
28755,26184,0
28756,26184,0
28757,25769,288
28758,26184,0
28759,6534,25028
28760,26184,0
28761,25400,548
28762,21819,3288
28763,14846,10230
28764,20970,4004
28765,26184,0
28766,26184,0
28767,18810,5964
28768,26184,0
28769,26184,0
28770,26184,0
28771,26184,0
28772,26184,0
28773,26184,0
28774,26184,0
28775,22764,2524
28776,25165,716
28777,26184,0
28778,26184,0
28779,26184,0
28780,25137,736
28781,25434,524
28782,26184,0
28783,25570,428
28784,26184,0
28785,25547,444
28786,26184,0
28787,72,106244
28788,26184,0
28789,26184,0
28790,23639,1844
28791,1554,50922
28792,25547,444
28793,26184,0
28794,25664,362
28795,26184,0
28796,26184,0
28797,26184,0
28798,26184,0
28799,25400,548
28800,26184,0
28801,26184,0
28802,24105,1492
28803,26184,0
28804,25499,478
28805,26184,0
28806,26184,0
28807,23404,2024
28808,2630,41436
28809,26184,0
28810,26184,0
28811,25451,512
28812,26184,0
28813,26184,0
28814,25970,148
28815,26184,0
28816,24363,1300
28817,26184,0
28818,26184,0
28819,8506,20272
28820,26184,0
28821,5831,27078
28822,26184,0
28823,26184,0
28824,25827,248
28825,24366,1298
28826,26184,0
28827,26184,0
28828,26184,0
28829,26184,0
28830,23466,1976
28831,25690,344
28832,14759,10336
28833,26184,0
28834,25570,428
28835,26184,0
28836,26184,0
28837,26184,0
28838,24959,864
28839,26184,0
28840,25480,492
28841,26184,0
28842,26184,0
28843,25861,224
28844,26184,0
28845,26184,0
28846,26184,0
28847,26184,0
28848,26184,0
28849,26184,0
28850,26184,0
28851,26150,24
28852,26184,0
28853,25347,586
28854,26184,0
28855,26184,0
28856,23529,1928
28857,26184,0
28858,26184,0
28859,26184,0
28860,26184,0
28861,26184,0
28862,26184,0
28863,6434,25306
28864,26184,0
28865,26184,0
28866,23298,2106
28867,26184,0
28868,26184,0
28869,25744,306
28870,25576,424
28871,26184,0
28872,26184,0
28873,26184,0
28874,16407,8428
28875,26184,0
28876,26184,0
28877,18623,6144
28878,26115,48
28879,26184,0
28880,26184,0
28881,26184,0
28882,14950,10104
28883,24602,1124
28884,26184,0
28885,26184,0
28886,24766,1004
28887,26184,0
28888,26184,0
28889,24871,928
28890,26184,0
28891,1392,52900
28892,25154,724
28893,24384,1284
28894,26184,0
28895,3631,35618
28896,25959,156
28897,26184,0
28898,26184,0
28899,26184,0
28900,26184,0
28901,26184,0
28902,26184,0
28903,25953,160
28904,26184,0
28905,26184,0
28906,26184,0
28907,26184,0
28908,26184,0
28909,24920,892
28910,26184,0
28911,26184,0
28912,25647,374
28913,26184,0
28914,24460,1228
28915,26184,0
28916,26184,0
28917,26184,0
28918,26184,0
28919,26184,0
28920,26184,0
28921,26184,0
28922,26184,0
28923,1560,50848
28924,24436,1246
28925,26184,0
28926,26184,0
28927,26184,0
28928,25355,580
28929,25009,828
28930,26184,0
28931,26184,0
28932,26184,0
28933,23179,2198
28934,26184,0
28935,26184,0
28936,26184,0
28937,26184,0
28938,26184,0
28939,26184,0
28940,26184,0
28941,24030,1548
28942,26184,0
28943,26184,0
28944,17251,7524
28945,25400,548
28946,26048,94
28947,24670,1074
28948,26184,0
28949,26184,0
28950,26184,0
28951,25468,500
28952,26184,0
28953,26184,0
28954,26184,0
28955,26184,0
28956,19041,5744
28957,26184,0
28958,26132,36
28959,26184,0
28960,26184,0
28961,26184,0
28962,26184,0
28963,19913,4936
28964,25772,286
28965,26184,0
28966,25026,816
28967,26184,0
28968,26184,0
28969,26184,0
28970,26184,0
28971,25126,744
28972,26184,0
28973,26184,0
28974,26150,24
28975,26184,0
28976,26184,0
28977,26184,0
28978,26184,0
28979,26184,0
28980,24585,1136
28981,26184,0
28982,26184,0
28983,26184,0
28984,23649,1836
28985,26184,0
28986,26184,0
28987,26184,0
28988,26103,56
28989,26184,0
28990,26042,98
28991,26184,0
28992,26184,0
28993,26184,0
28994,26184,0
28995,26184,0
28996,26184,0
28997,17004,7784
28998,22448,2776
28999,18643,6124
29000,26184,0
29001,26184,0
29002,25718,324
29003,26184,0
29004,26184,0
29005,18885,5892
29006,25148,728
29007,1540,51078
29008,25288,628
29009,1,542188
29010,26071,78
29011,26071,78
29012,26184,0
29013,15889,9006
29014,26184,0
29015,26184,0
29016,26184,0
29017,25755,298
29018,26184,0
29019,25855,228
29020,26184,0
29021,26184,0
29022,26184,0
29023,26184,0
29024,26184,0
29025,9911,17516
29026,25154,724
29027,26121,44
29028,26184,0
29029,22393,2820
29030,22751,2534
29031,18952,5828
29032,26184,0
29033,25810,260
29034,23725,1778
29035,26184,0
29036,26184,0
29037,26184,0
29038,26184,0
29039,26184,0
29040,26184,0
29041,26184,0
29042,26184,0
29043,26184,0
29044,26184,0
29045,26184,0
29046,26184,0
29047,23990,1578
29048,26184,0
29049,26184,0
29050,26184,0
29051,26184,0
29052,23995,1574
29053,24907,902
29054,26184,0
29055,25240,662
29056,26184,0
29057,26184,0
29058,26184,0
29059,26184,0
29060,26184,0
29061,26184,0
29062,26184,0
29063,26184,0
29064,26184,0
29065,26184,0
29066,24981,848
29067,26184,0
29068,23791,1728
29069,20118,4752
29070,26184,0
29071,25448,514
29072,26184,0
29073,26184,0
29074,26184,0
29075,26184,0
29076,26184,0
29077,26184,0
29078,26184,0
29079,26184,0
29080,8836,19586
29081,26184,0
29082,1540,51078
29083,26184,0
29084,22822,2478
29085,24684,1064
29086,26184,0
29087,26184,0
29088,26184,0
29089,26184,0
29090,24678,1068
29091,23649,1836
29092,26184,0
29093,26184,0
29094,26184,0
29095,26077,74
29096,25576,424
29097,26184,0
29098,26184,0
29099,23665,1824
29100,25294,624
29101,26184,0
29102,23362,2056
29103,26184,0
29104,4940,30068
29105,24439,1244
29106,26184,0
29107,26184,0
29108,25224,674
29109,26184,0
29110,26184,0
29111,26184,0
29112,26184,0
29113,26184,0
29114,26184,0
29115,26184,0
29116,23115,2248
29117,26184,0
29118,26184,0
29119,26184,0
29120,26184,0
29121,24325,1328
29122,26184,0
29123,25098,764
29124,26184,0
29125,26184,0
29126,26184,0
29127,26184,0
29128,23746,1762
29129,25403,546
29130,26184,0
29131,25904,194
29132,26184,0
29133,22880,2432
29134,26184,0
29135,26184,0
29136,26184,0
29137,26184,0
29138,23863,1674
29139,23492,1956
29140,26184,0
29141,26184,0
29142,26184,0
29143,21166,3836
29144,26184,0
29145,26184,0
29146,26184,0
29147,25154,724
29148,26184,0
29149,22739,2544
29150,23018,2324
29151,24466,1224
29152,26184,0
29153,26184,0
29154,26184,0
29155,26184,0
29156,26184,0
29157,26184,0
29158,26184,0
29159,23644,1840
29160,26184,0
29161,26184,0
29162,26184,0
29163,26184,0
29164,26184,0
29165,26184,0
29166,26184,0
29167,26184,0
29168,26184,0
29169,26184,0
29170,26080,72
29171,26184,0
29172,26184,0
29173,21960,3172
29174,26005,124
29175,22043,3104
29176,3382,36900
29177,25559,436
29178,25576,424
29179,25429,528
29180,26184,0
29181,26184,0
29182,26184,0
29183,21194,3812
29184,25576,424
29185,26184,0
29186,26184,0
29187,26184,0
29188,25154,724
29189,26184,0
29190,25154,724
29191,26184,0
29192,26184,0
29193,24873,926
29194,26184,0
29195,26184,0
29196,26184,0
29197,25051,798
29198,26184,0
29199,26184,0
29200,26184,0
29201,22860,2448
29202,26184,0
29203,25576,424
29204,26184,0
29205,26184,0
29206,26184,0
29207,26184,0
29208,20351,4544
29209,26184,0
29210,26184,0
29211,24428,1252
29212,26184,0
29213,26184,0
29214,26184,0
29215,26184,0
29216,26184,0
29217,26184,0
29218,21416,3624
29219,26184,0
29220,26184,0
29221,26184,0
29222,24739,1024
29223,23321,2088
29224,23924,1628
29225,19089,5698
29226,26184,0
29227,25505,474
29228,26184,0
29229,26184,0
29230,26184,0
29231,26184,0
29232,26184,0
29233,6165,26074
29234,26184,0
29235,26184,0
29236,26184,0
29237,26184,0
29238,25999,128
29239,21397,3640
29240,25238,664
29241,26184,0
29242,2780,40436
29243,24428,1252
29244,26184,0
29245,26150,24
29246,26184,0
29247,26184,0
29248,26184,0
29249,24613,1116
29250,26184,0
29251,26184,0
29252,26184,0
29253,26144,28
29254,4910,30180
29255,26184,0
29256,26184,0
29257,21222,3788
29258,26184,0
29259,25294,624
29260,26184,0
29261,26071,78
29262,1,253472
29263,26184,0
29264,26184,0
29265,25761,294
29266,26184,0
29267,26184,0
29268,26184,0
29269,26184,0
29270,25398,550
29271,26184,0
29272,26184,0
29273,20113,4756
29274,26184,0
29275,26184,0
29276,20946,4024
29277,25294,624
29278,21319,3706
29279,11042,15568
29280,26184,0
29281,26184,0
29282,26184,0
29283,26184,0
29284,24651,1088
29285,25718,324
29286,26184,0
29287,19902,4946
29288,26184,0
29289,26184,0
29290,25576,424
29291,26184,0
29292,25789,274
29293,26184,0
29294,26184,0
29295,23660,1828
29296,26184,0
29297,26184,0
29298,21440,3604
29299,26184,0
29300,26077,74
29301,26184,0
29302,26184,0
29303,25690,344
29304,26184,0
29305,25672,356
29306,25196,694
29307,26184,0
29308,25718,324
29309,23425,2008
29310,20872,4088
29311,26184,0
29312,26184,0
29313,24788,988
29314,26184,0
29315,26184,0
29316,26184,0
29317,26184,0
29318,26144,28
29319,26184,0
29320,26184,0
29321,26184,0
29322,26184,0
29323,26184,0
29324,25240,662
29325,26184,0
29326,26184,0
29327,26184,0
29328,26184,0
29329,26184,0
29330,25844,236
29331,26184,0
29332,22077,3076
29333,26184,0
29334,26184,0
29335,11408,14980
29336,24374,1292
29337,25294,624
29338,21012,3968
29339,23958,1602
29340,26184,0
29341,18520,6244
29342,26150,24
29343,26184,0
29344,26184,0
29345,26184,0
29346,26184,0
29347,25667,360
29348,26184,0
29349,26184,0
29350,21286,3734
29351,26184,0
29352,26005,124
29353,26184,0
29354,25400,548
29355,22141,3024
29356,22528,2712
29357,23902,1644
29358,26184,0
29359,26184,0
29360,26184,0
29361,26184,0
29362,26184,0
29363,26184,0
29364,26184,0
29365,25224,674
29366,25718,324
29367,24973,854
29368,26184,0
29369,25095,766
29370,22954,2374
29371,26184,0
29372,21870,3246
29373,24460,1228
29374,26184,0
29375,26184,0
29376,22746,2538
29377,19637,5188
29378,26184,0
29379,26184,0
29380,25861,224
29381,26184,0
29382,25959,156
29383,26184,0
29384,25260,648
29385,26184,0
29386,26184,0
29387,26184,0
29388,26184,0
29389,26184,0
29390,26184,0
29391,24569,1148
29392,26184,0
29393,26184,0
29394,26184,0
29395,26184,0
29396,26184,0
29397,26184,0
29398,26184,0
29399,25294,624
29400,26184,0
29401,26184,0
29402,26184,0
29403,26144,28
29404,26184,0
29405,26184,0
29406,26184,0
29407,26184,0
29408,25664,362
29409,26184,0
29410,23929,1624
29411,26184,0
29412,26184,0
29413,26184,0
29414,25844,236
29415,25115,752
29416,22019,3124
29417,25485,488
29418,25364,574
29419,26184,0
29420,26184,0
29421,26184,0
29422,26184,0
29423,26184,0
29424,26184,0
29425,15815,9090
29426,26184,0
29427,26184,0
29428,26184,0
29429,26184,0
29430,25576,424
29431,26184,0
29432,17329,7442
29433,24487,1208
29434,26184,0
29435,26184,0
29436,26184,0
29437,26184,0
29438,26184,0
29439,25712,328
29440,26184,0
29441,16338,8504
29442,26184,0
29443,26184,0
29444,26184,0
29445,26184,0
29446,24534,1174
29447,26184,0
29448,26184,0
29449,26184,0
29450,26184,0
29451,24901,906
29452,25861,224
29453,26184,0
29454,24180,1436
29455,26184,0
29456,26184,0
29457,26184,0
29458,26184,0
29459,23051,2298
29460,26184,0
29461,26184,0
29462,26184,0
29463,26184,0
29464,26115,48
29465,26184,0
29466,25092,768
29467,25724,320
29468,24807,974
29469,26184,0
29470,26184,0
29471,14626,10500
29472,26184,0
29473,26184,0
29474,26184,0
29475,26184,0
29476,25644,376
29477,19852,4992
29478,26184,0
29479,26184,0
29480,26184,0
29481,25655,368
29482,13607,11802
29483,25502,476
29484,26184,0
29485,26184,0
29486,26184,0
29487,26184,0
29488,26184,0
29489,25661,364
29490,26184,0
29491,26184,0
29492,26184,0
29493,26184,0
29494,26184,0
29495,23231,2158
29496,26184,0
29497,24062,1524
29498,25727,318
29499,3988,33930
29500,26184,0
29501,26184,0
29502,26184,0
29503,26184,0
29504,26184,0
29505,26184,0
29506,26184,0
29507,24981,848
29508,26144,28
29509,26184,0
29510,26184,0
29511,25550,442
29512,23860,1676
29513,26184,0
29514,26184,0
29515,26184,0
29516,26184,0
29517,26184,0
29518,23623,1856
29519,26184,0
29520,26184,0
29521,26048,94
29522,26184,0
29523,25769,288
29524,26184,0
29525,26184,0
29526,26184,0
29527,26144,28
29528,25400,548
29529,26184,0
29530,26184,0
29531,26184,0
29532,21255,3760
29533,26184,0
29534,26184,0
29535,26184,0
29536,26184,0
29537,11745,14454
29538,26150,24
29539,26184,0
29540,26184,0
29541,25294,624
29542,26184,0
29543,26184,0
29544,26184,0
29545,26184,0
29546,26184,0
29547,5368,28572
29548,26184,0
29549,26184,0
29550,26184,0
29551,24632,1102
29552,26184,0
29553,25212,682
29554,25970,148
29555,25224,674
29556,23412,2018
29557,26184,0
29558,26184,0
29559,26184,0
29560,25073,782
29561,26184,0
29562,26184,0
29563,25131,740
29564,26184,0
29565,26184,0
29566,22733,2548
29567,26184,0
29568,26184,0
29569,26184,0
29570,24054,1530
29571,26184,0
29572,26184,0
29573,26184,0
29574,26184,0
29575,26184,0
29576,24330,1324
29577,24843,948
29578,23886,1656
29579,26184,0
29580,26184,0
29581,26184,0
29582,26184,0
29583,26184,0
29584,26184,0
29585,23274,2124
29586,26184,0
29587,26184,0
29588,24449,1236
29589,26184,0
29590,26150,24
29591,24739,1024
29592,23534,1924
29593,26184,0
29594,5532,28028
29595,26184,0
29596,26184,0
29597,26184,0
29598,24030,1548
29599,19166,5626
29600,26184,0
29601,26184,0
29602,25406,544
29603,23285,2116
29604,25855,228
29605,26184,0
29606,26184,0
29607,26184,0
29608,25718,324
29609,26184,0
29610,24512,1190
29611,26184,0
29612,26184,0
29613,26184,0
29614,26184,0
29615,26184,0
29616,26184,0
29617,26184,0
29618,25288,628
29619,25844,236
29620,26184,0
29621,21907,3216
29622,26184,0
29623,26184,0
29624,26184,0
29625,13628,11774
29626,26184,0
29627,26184,0
29628,26184,0
29629,26184,0
29630,26184,0
29631,26184,0
29632,26184,0
29633,26184,0
29634,26184,0
29635,14303,10902
29636,26184,0
29637,26184,0
29638,26184,0
29639,26184,0
29640,26184,0
29641,23404,2024
29642,26184,0
29643,26184,0
29644,16779,8024
29645,26184,0
29646,26184,0
29647,26184,0
29648,26184,0
29649,25570,428
29650,26184,0
29651,24314,1336
29652,26184,0
29653,26184,0
29654,25198,692
29655,26184,0
29656,26184,0
29657,26184,0
29658,26184,0
29659,26184,0
29660,24602,1124
29661,26184,0
29662,26184,0
29663,26184,0
29664,25260,648
29665,26184,0
29666,26184,0
29667,26184,0
29668,26184,0
29669,26184,0
29670,26184,0
29671,26184,0
29672,26184,0
29673,23797,1724
29674,26184,0
29675,26184,0
29676,26184,0
29677,26184,0
29678,22513,2724
29679,26184,0
29680,25009,828
29681,26184,0
29682,26184,0
29683,26184,0
29684,24382,1286
29685,25330,598
29686,26184,0
29687,26184,0
29688,26184,0
29689,26184,0
29690,26184,0
29691,25015,824
29692,26184,0
29693,26045,96
29694,24466,1224
29695,24153,1456
29696,24643,1094
29697,26051,92
29698,23305,2100
29699,26184,0
29700,26184,0
29701,26184,0
29702,26184,0
29703,22977,2356
29704,26184,0
29705,24849,944
29706,21068,3920
29707,26184,0
29708,26184,0
29709,26184,0
29710,26184,0
29711,26184,0
29712,26184,0
29713,26184,0
29714,26184,0
29715,26184,0
29716,26184,0
29717,26184,0
29718,24086,1506
29719,26184,0
29720,26184,0
29721,25755,298
29722,25009,828
29723,26184,0
29724,26184,0
29725,26040,100
29726,26184,0
29727,26184,0
29728,26184,0
29729,24637,1098
29730,20692,4244
29731,23913,1636
29732,26184,0
29733,26184,0
29734,24531,1176
29735,24255,1380
29736,25400,548
29737,25599,408
29738,26184,0
29739,18438,6324
29740,18358,6402
29741,25009,828
29742,24057,1528
29743,26184,0
29744,26184,0
29745,26184,0
29746,26184,0
29747,26184,0
29748,25576,424
29749,25232,668
29750,26184,0
29751,25913,188
29752,22485,2746
29753,26184,0
29754,26184,0
29755,1538,51112
29756,26184,0
29757,26184,0
29758,23051,2298
29759,26184,0
29760,26184,0
29761,26184,0
29762,24943,876
29763,26184,0
29764,26184,0
29765,26184,0
29766,26184,0
29767,26184,0
29768,26184,0
29769,26184,0
29770,26184,0
29771,26184,0
29772,25288,628
29773,26184,0
29774,24355,1306
29775,26184,0
29776,26184,0
29777,26184,0
29778,19489,5324
29779,26184,0
29780,25570,428
29781,1102,57124
29782,26184,0
29783,26184,0
29784,26184,0
29785,23182,2196
29786,26184,0
29787,26184,0
29788,18127,6630
29789,26184,0
29790,25664,362
29791,25126,744
29792,26184,0
29793,26184,0
29794,26184,0
29795,25474,496
29796,26184,0
29797,26184,0
29798,23929,1624
29799,26184,0
29800,26184,0
29801,26184,0
29802,25451,512
29803,26184,0
29804,26184,0
29805,26184,0
29806,26184,0
29807,26184,0
29808,26184,0
29809,26184,0
29810,26184,0
29811,26184,0
29812,26184,0
29813,24739,1024
29814,26184,0
29815,26042,98
29816,26184,0
29817,26184,0
29818,26184,0
29819,26184,0
29820,26184,0
29821,26184,0
29822,22956,2372
29823,20376,4522
29824,25718,324
29825,26184,0
29826,26184,0
29827,26184,0
29828,25855,228
29829,26184,0
29830,26184,0
29831,26184,0
29832,26184,0
29833,20573,4348
29834,24741,1022
29835,26184,0
29836,26184,0
29837,26184,0
29838,24493,1204
29839,13704,11674
29840,25400,548
29841,26184,0
29842,23921,1630
29843,26184,0
29844,26184,0
29845,26184,0
29846,26184,0
29847,26184,0
29848,26184,0
29849,26184,0
29850,26184,0
29851,26184,0
29852,26184,0
29853,26184,0
29854,26184,0
29855,26184,0
29856,26184,0
29857,26184,0
29858,26184,0
29859,26184,0
29860,25015,824
29861,26184,0
29862,26184,0
29863,26184,0
29864,26184,0
29865,26184,0
29866,21218,3792
29867,26184,0
29868,23079,2276
29869,26184,0
29870,26184,0
29871,26184,0
29872,20715,4224
29873,26184,0
29874,26184,0
29875,26184,0
29876,26184,0
29877,26184,0
29878,22141,3024
29879,26184,0
29880,26184,0
29881,25015,824
29882,26184,0
29883,24637,1098
29884,26184,0
29885,26184,0
29886,26184,0
29887,26184,0
29888,26184,0
29889,26184,0
29890,26071,78
29891,25434,524
29892,24466,1224
29893,26184,0
29894,26184,0
29895,26184,0
29896,25429,528
29897,23110,2252
29898,22698,2576
29899,26184,0
29900,26184,0
29901,24330,1324
29902,26184,0
29903,26184,0
29904,26184,0
29905,26184,0
29906,26184,0
29907,26184,0
29908,6483,25168
29909,23757,1754
29910,26184,0
29911,25547,444
29912,26184,0
29913,26184,0
29914,26184,0
29915,26184,0
29916,25224,674
29917,26184,0
29918,25861,224
29919,20942,4028
29920,26150,24
29921,26184,0
29922,26184,0
29923,22890,2424
29924,26184,0
29925,26184,0
29926,26005,124
29927,26184,0
29928,23020,2322
29929,8273,20772
29930,26184,0
29931,26184,0
29932,26121,44
29933,26184,0
29934,26184,0
29935,26184,0
29936,26184,0
29937,26184,0
29938,26184,0
29939,26184,0
29940,26184,0
29941,26184,0
29942,26184,0
29943,26184,0
29944,20773,4174
29945,26184,0
29946,24585,1136
29947,26184,0
29948,22269,2920
29949,25559,436
29950,22205,2972
29951,26184,0
29952,25129,742
29953,20835,4120
29954,24398,1274
29955,26184,0
29956,26184,0
29957,26184,0
29958,26184,0
29959,26184,0
29960,25434,524
29961,26184,0
29962,5972,26648
29963,24651,1088
29964,26184,0
29965,26184,0
29966,26184,0
29967,26184,0
29968,26184,0
29969,19946,4906
29970,24046,1536
29971,26184,0
29972,26184,0
29973,6039,26448
29974,26184,0
29975,22117,3044
29976,26184,0
29977,26184,0
29978,26184,0
29979,26184,0
29980,26184,0
29981,26184,0
29982,26184,0
29983,26184,0
29984,26184,0
29985,26184,0
29986,25294,624
29987,26184,0
29988,26184,0
29989,26184,0
29990,26184,0
29991,26184,0
29992,26184,0
29993,26184,0
29994,26184,0
29995,25417,536
29996,24575,1144
29997,26184,0
29998,26184,0
29999,14050,11224
30000,26184,0
30001,26184,0
30002,23018,2324
30003,26184,0
30004,26048,94
30005,26184,0
30006,26184,0
30007,26184,0
30008,26028,108
30009,26184,0
30010,26184,0
30011,26184,0
30012,26184,0
30013,26184,0
30014,24871,928
30015,26184,0
30016,22358,2848
30017,26184,0
30018,26184,0
30019,24282,1360
30020,26184,0
30021,26184,0
30022,26184,0
30023,23347,2068
30024,26184,0
30025,26184,0
30026,24976,852
30027,26184,0
30028,15779,9132
30029,26184,0
30030,21797,3306
30031,24940,878
30032,26184,0
30033,26184,0
30034,26184,0
30035,26184,0
30036,26184,0
30037,26184,0
30038,26184,0
30039,21182,3822
30040,26121,44
30041,24452,1234
30042,23313,2094
30043,26184,0
30044,26184,0
30045,26184,0
30046,25712,328
30047,17922,6836
30048,25367,572
30049,24536,1172
30050,26184,0
30051,26184,0
30052,25855,228
30053,26184,0
30054,26184,0
30055,25576,424
30056,26184,0
30057,25015,824
30058,26184,0
30059,26184,0
30060,26184,0
30061,26184,0
30062,26184,0
30063,22931,2392
30064,26184,0
30065,26184,0
30066,6392,25424
30067,26184,0
30068,26184,0
30069,25953,160
30070,26184,0
30071,26184,0
30072,19274,5524
30073,26184,0
30074,26184,0
30075,26184,0
30076,1580,50624
30077,26184,0
30078,26184,0
30079,26184,0
30080,20383,4516
30081,25224,674
30082,25079,778
30083,26184,0
30084,26184,0
30085,25009,828
30086,26184,0
30087,26184,0
30088,26184,0
30089,26184,0
30090,26184,0
30091,26184,0
30092,22733,2548
30093,26184,0
30094,25294,624
30095,85,103344
30096,26184,0
30097,26184,0
30098,25647,374
30099,26184,0
30100,26184,0
30101,24876,924
30102,26184,0
30103,26184,0
30104,26184,0
30105,26184,0
30106,26184,0
30107,23243,2148
30108,26184,0
30109,26184,0
30110,26184,0
30111,26184,0
30112,26184,0
30113,26184,0
30114,25079,778
30115,24945,874
30116,26184,0
30117,26184,0
30118,24752,1014
30119,24439,1244
30120,26184,0
30121,26184,0
30122,4788,30634
30123,26184,0
30124,26184,0
30125,26184,0
30126,3476,36408
30127,23115,2248
30128,26184,0
30129,25690,344
30130,20256,4628
30131,26184,0
30132,26184,0
30133,26184,0
30134,26060,86
30135,21445,3600
30136,26184,0
30137,2402,43066
30138,24876,924
30139,24920,892
30140,26184,0
30141,24981,848
30142,26184,0
30143,21035,3948
30144,26184,0
30145,24406,1268
30146,26184,0
30147,22653,2612
30148,24260,1376
30149,23274,2124
30150,26184,0
30151,20040,4822
30152,25224,674
30153,19125,5664
30154,24937,880
30155,26184,0
30156,26184,0
30157,26184,0
30158,25015,824
30159,26184,0
30160,25288,628
30161,26184,0
30162,24901,906
30163,26184,0
30164,26184,0
30165,26184,0
30166,26184,0
30167,25942,168
30168,26184,0
30169,24374,1292
30170,25861,224
30171,26184,0
30172,26184,0
30173,24643,1094
30174,25570,428
30175,26184,0
30176,26184,0
30177,24062,1524
30178,23161,2212
30179,21641,3436
30180,25613,398
30181,26184,0
30182,24885,918
30183,26184,0
30184,26184,0
30185,26184,0
30186,24449,1236
30187,26184,0
30188,26184,0
30189,26184,0
30190,26184,0
30191,26184,0
30192,26184,0
30193,26184,0
30194,26184,0
30195,26184,0
30196,26184,0
30197,26184,0
30198,26184,0
30199,26184,0
30200,26184,0
30201,26184,0
30202,26184,0
30203,26184,0
30204,26184,0
30205,25988,136
30206,26184,0
30207,23141,2228
30208,26184,0
30209,26184,0
30210,24466,1224
30211,26184,0
30212,26184,0
30213,26184,0
30214,25641,378
30215,26184,0
30216,24643,1094
30217,25026,816
30218,26184,0
30219,26184,0
30220,26184,0
30221,26184,0
30222,25647,374
30223,26184,0
30224,26184,0
30225,14013,11272
30226,26184,0
30227,26184,0
30228,25542,448
30229,23940,1616
30230,26184,0
30231,26184,0
30232,26184,0
30233,26184,0
30234,26184,0
30235,891,60956
30236,26184,0
30237,26184,0
30238,26184,0
30239,26184,0
30240,26184,0
30241,20011,4848
30242,25789,274
30243,26184,0
30244,23274,2124
30245,25855,228
30246,26184,0
30247,26184,0
30248,26115,48
30249,25182,704
30250,26184,0
30251,26184,0
30252,25218,678
30253,26184,0
30254,26184,0
30255,26184,0
30256,26184,0
30257,25429,528
30258,26184,0
30259,26184,0
30260,24860,936
30261,26184,0
30262,23770,1744
30263,19971,4884
30264,26184,0
30265,26184,0
30266,19764,5072
30267,22759,2528
30268,26184,0
30269,26184,0
30270,21624,3450
30271,25576,424
30272,26184,0
30273,25330,598
30274,26184,0
30275,26184,0
30276,26184,0
30277,26184,0
30278,25165,716
30279,26184,0
30280,26184,0
30281,26184,0
30282,26184,0
30283,26184,0
30284,26184,0
30285,26184,0
30286,26184,0
30287,26184,0
30288,24719,1038
30289,26184,0
30290,26184,0
30291,25009,828
30292,26184,0
30293,25505,474
30294,26184,0
30295,26184,0
30296,26184,0
30297,26184,0
30298,26184,0
30299,26184,0
30300,26184,0
30301,25513,468
30302,26184,0
30303,26184,0
30304,26184,0
30305,24843,948
30306,26184,0
30307,26184,0
30308,25355,580
30309,26184,0
30310,25364,574
30311,26184,0
30312,14333,10864
30313,26184,0
30314,26184,0
30315,25400,548
30316,23681,1812
30317,26184,0
30318,1352,53428
30319,19816,5024
30320,26184,0
30321,26184,0
30322,26184,0
30323,26184,0
30324,24225,1402
30325,23871,1668
30326,26184,0
30327,25789,274
30328,24846,946
30329,26184,0
30330,26184,0
30331,26184,0
30332,26184,0
30333,25684,348
30334,26184,0
30335,26184,0
30336,26184,0
30337,26184,0
30338,24640,1096
30339,26184,0
30340,26184,0
30341,25429,528
30342,26184,0
30343,25406,544
30344,21547,3514
30345,26184,0
30346,16779,8024
30347,26184,0
30348,26184,0
30349,26184,0
30350,26184,0
30351,26184,0
30352,26184,0
30353,26184,0
30354,26184,0
30355,26184,0
30356,26184,0
30357,26184,0
30358,26184,0
30359,8555,20168
30360,26184,0
30361,23754,1756
30362,26184,0
30363,26184,0
30364,26184,0
30365,26184,0
30366,26184,0
30367,26184,0
30368,23710,1790
30369,25488,486
30370,26184,0
30371,13864,11464
30372,24711,1044
30373,24531,1176
30374,26184,0
30375,25358,578
30376,26184,0
30377,24739,1024
30378,26184,0
30379,26184,0
30380,26184,0
30381,22590,2662
30382,26184,0
30383,25904,194
30384,26184,0
30385,18571,6194
30386,24733,1028
30387,26077,74
30388,26184,0
30389,25647,374
30390,26184,0
30391,25901,196
30392,26184,0
30393,26184,0
30394,26184,0
30395,26184,0
30396,26184,0
30397,26184,0
30398,26184,0
30399,26184,0
30400,26184,0
30401,26184,0
30402,26184,0
30403,26184,0
30404,10759,16036
30405,26184,0
30406,26184,0
30407,24564,1152
30408,25861,224
30409,26184,0
30410,23623,1856
30411,26184,0
30412,26184,0
30413,25542,448
30414,26184,0
30415,26184,0
30416,26184,0
30417,26184,0
30418,26150,24
30419,26184,0
30420,26184,0
30421,26184,0
30422,23053,2296
30423,25647,374
30424,23518,1936
30425,26184,0
30426,26071,78
30427,23105,2256
30428,26184,0
30429,21997,3142
30430,26184,0
30431,26184,0
30432,25294,624
30433,26184,0
30434,26184,0
30435,26184,0
30436,26184,0
30437,26103,56
30438,24940,878
30439,25511,470
30440,26184,0
30441,26184,0
30442,26184,0
30443,26184,0
30444,25832,244
30445,26184,0
30446,24862,934
30447,26184,0
30448,26184,0
30449,20351,4544
30450,26184,0
30451,26184,0
30452,25942,168
30453,26184,0
30454,26184,0
30455,26184,0
30456,21769,3330
30457,26184,0
30458,25684,348
30459,26184,0
30460,26184,0
30461,22926,2396
30462,21058,3928
30463,26184,0
30464,26184,0
30465,26184,0
30466,26184,0
30467,26184,0
30468,26184,0
30469,26184,0
30470,26184,0
30471,26184,0
30472,24807,974
30473,26184,0
30474,26005,124
30475,26184,0
30476,24460,1228
30477,26184,0
30478,26184,0
30479,11351,15070
30480,26184,0
30481,24876,924
30482,24915,896
30483,26184,0
30484,26184,0
30485,26184,0
30486,26184,0
30487,26184,0
30488,26184,0
30489,26184,0
30490,22358,2848
30491,26184,0
30492,26184,0
30493,26184,0
30494,26184,0
30495,26184,0
30496,26184,0
30497,22151,3016
30498,26184,0
30499,26184,0
30500,1,150134
30501,26184,0
30502,26184,0
30503,26184,0
30504,25378,564
30505,26184,0
30506,26184,0
30507,26184,0
30508,26184,0
30509,26184,0
30510,26184,0
30511,25901,196
30512,26184,0
30513,26184,0
30514,26184,0
30515,26184,0
30516,26184,0
30517,24301,1346
30518,26184,0
30519,26184,0
30520,26184,0
30521,26184,0
30522,20884,4078
30523,26184,0
30524,26077,74
30525,22893,2422
30526,26184,0
30527,25092,768
30528,25684,348
30529,26184,0
30530,26184,0
30531,26184,0
30532,26184,0
30533,26184,0
30534,26184,0
30535,26184,0
30536,9825,17672
30537,22388,2824
30538,24266,1372
30539,26184,0
30540,21357,3674
30541,26184,0
30542,26184,0
30543,26184,0
30544,26184,0
30545,26184,0
30546,26184,0
30547,26121,44
30548,26184,0
30549,26184,0
30550,26184,0
30551,26184,0
30552,26184,0
30553,26184,0
30554,26184,0
30555,26184,0
30556,26184,0
30557,26184,0
30558,24637,1098
30559,25028,814
30560,26184,0
30561,25434,524
30562,26184,0
30563,23318,2090
30564,26184,0
30565,26184,0
30566,26184,0
30567,26184,0
30568,25690,344
30569,26184,0
30570,26144,28
30571,26184,0
30572,26184,0
30573,26184,0
30574,26184,0
30575,25446,516
30576,26184,0
30577,26184,0
30578,26184,0
30579,26031,106
30580,13000,12624
30581,26184,0
30582,26184,0
30583,26184,0
30584,21086,3904
30585,26184,0
30586,26184,0
30587,26184,0
30588,26184,0
30589,19330,5472
30590,22749,2536
30591,26184,0
30592,26184,0
30593,12973,12662
30594,26184,0
30595,23584,1886
30596,26184,0
30597,26184,0
30598,26184,0
30599,26184,0
30600,25976,144
30601,26184,0
30602,26184,0
30603,1,120202
30604,26184,0
30605,24849,944
30606,26184,0
30607,26184,0
30608,25870,218
30609,25999,128
30610,26184,0
30611,24558,1156
30612,26184,0
30613,26184,0
30614,25294,624
30615,26184,0
30616,24515,1188
30617,26184,0
30618,26184,0
30619,26184,0
30620,6459,25236
30621,26184,0
30622,26184,0
30623,26184,0
30624,26184,0
30625,24730,1030
30626,20211,4668
30627,26184,0
30628,22701,2574
30629,25784,278
30630,26184,0
30631,26184,0
30632,26184,0
30633,26184,0
30634,25727,318
30635,26184,0
30636,25855,228
30637,26184,0
30638,26184,0
30639,25429,528
30640,26184,0
30641,26184,0
30642,26184,0
30643,26184,0
30644,26005,124
30645,26184,0
30646,24987,844
30647,1,506524
30648,25480,492
30649,26184,0
30650,26184,0
30651,26184,0
30652,26184,0
30653,26184,0
30654,26184,0
30655,26184,0
30656,25970,148
30657,23995,1574
30658,23311,2096
30659,26184,0
30660,26184,0
30661,26184,0
30662,26184,0
30663,26184,0
30664,26184,0
30665,26184,0
30666,26184,0
30667,26184,0
30668,26184,0
30669,26184,0
30670,26184,0
30671,26184,0
30672,24670,1074
30673,26184,0
30674,26184,0
30675,23451,1988
30676,18747,6024
30677,26184,0
30678,25576,424
30679,24976,852
30680,26184,0
30681,26184,0
30682,21591,3478
30683,26184,0
30684,22638,2624
30685,20573,4348
30686,26184,0
30687,24799,980
30688,26184,0
30689,26184,0
30690,26184,0
30691,26184,0
30692,25650,372
30693,26184,0
30694,26184,0
30695,26184,0
30696,26184,0
30697,25471,498
30698,25898,198
30699,26184,0
30700,26184,0
30701,25976,144
30702,23025,2318
30703,25271,640
30704,25641,378
30705,25154,724
30706,20942,4028
30707,26184,0
30708,26184,0
30709,26184,0
30710,26184,0
30711,26184,0
30712,26184,0
30713,26184,0
30714,24602,1124
30715,26184,0
30716,25126,744
30717,26184,0
30718,25358,578
30719,26121,44
30720,25618,394
30721,26184,0
30722,23430,2004
30723,26184,0
30724,26184,0
30725,26184,0
30726,24433,1248
30727,26184,0
30728,26184,0
30729,25288,628
30730,26184,0
30731,26184,0
30732,26144,28
30733,26184,0
30734,26184,0
30735,23243,2148
30736,26184,0
30737,25372,568
30738,26184,0
30739,26184,0
30740,25051,798
30741,26150,24
30742,26184,0
30743,26184,0
30744,26184,0
30745,26184,0
30746,25861,224
30747,25154,724
30748,26184,0
30749,26184,0
30750,26184,0
30751,26184,0
30752,26184,0
30753,26184,0
30754,26184,0
30755,26184,0
30756,26184,0
30757,25658,366
30758,26184,0
30759,26184,0
30760,22383,2828
30761,25755,298
30762,25573,426
30763,23231,2158
30764,25570,428
30765,25434,524
30766,21234,3778
30767,25976,144
30768,26184,0
30769,23388,2036
30770,26184,0
30771,26184,0
30772,26184,0
30773,23678,1814
30774,26184,0
30775,26184,0
30776,26184,0
30777,26184,0
30778,26184,0
30779,19803,5036
30780,26184,0
30781,26184,0
30782,26184,0
30783,26184,0
30784,26184,0
30785,23246,2146
30786,22473,2756
30787,22279,2912
30788,26184,0
30789,26184,0
30790,26184,0
30791,26184,0
30792,21208,3800
30793,26184,0
30794,26184,0
30795,26184,0
30796,26184,0
30797,22913,2406
30798,25120,748
30799,25690,344
30800,24984,846
30801,26184,0
30802,26184,0
30803,26184,0
30804,26184,0
30805,22693,2580
30806,26184,0
30807,24558,1156
30808,26184,0
30809,26184,0
30810,26184,0
30811,5427,28374
30812,26184,0
30813,26184,0
30814,26184,0
30815,26184,0
30816,26184,0
30817,24984,846
30818,22408,2808
30819,23675,1816
30820,26184,0
30821,26184,0
30822,26184,0
30823,23508,1944
30824,22259,2928
30825,26184,0
30826,24876,924
30827,25715,326
30828,26184,0
30829,26184,0
30830,26184,0
30831,22264,2924
30832,26184,0
30833,26184,0
30834,19563,5256
30835,26184,0
30836,21612,3460
30837,25015,824
30838,26184,0
30839,26184,0
30840,26184,0
30841,23699,1798
30842,26184,0
30843,26184,0
30844,26132,36
30845,26184,0
30846,26184,0
30847,26042,98
30848,26184,0
30849,26184,0
30850,26184,0
30851,26184,0
30852,13763,11596
30853,26184,0
30854,26184,0
30855,15625,9308
30856,26184,0
30857,25627,388
30858,26184,0
30859,26184,0
30860,25976,144
30861,26184,0
30862,26184,0
30863,26092,64
30864,26184,0
30865,26184,0
30866,26184,0
30867,26184,0
30868,26184,0
30869,23404,2024
30870,22075,3078
30871,26184,0
30872,25154,724
30873,25942,168
30874,26184,0
30875,26184,0
30876,26184,0
30877,26184,0
30878,25530,456
30879,26184,0
30880,25417,536
30881,26115,48
30882,24542,1168
30883,26184,0
30884,25999,128
30885,25570,428
30886,20082,4784
30887,26184,0
30888,26184,0
30889,26184,0
30890,26184,0
30891,26184,0
30892,23725,1778
30893,26184,0
30894,9608,18076
30895,25855,228
30896,24190,1428
30897,23267,2130
30898,26184,0
30899,26184,0
30900,26005,124
30901,26184,0
30902,25260,648
30903,26184,0
30904,26184,0
30905,26184,0
30906,26184,0
30907,25630,386
30908,23995,1574
30909,25218,678
30910,26184,0
30911,26184,0
30912,25288,628
30913,26184,0
30914,18186,6572
30915,23720,1782
30916,25067,786
30917,26184,0
30918,26184,0
30919,26184,0
30920,26184,0
30921,22373,2836
30922,23950,1608
30923,26184,0
30924,22860,2448
30925,26184,0
30926,26184,0
30927,26184,0
30928,26184,0
30929,22638,2624
30930,26184,0
30931,19980,4876
30932,26184,0
30933,26184,0
30934,25294,624
30935,26184,0
30936,26184,0
30937,26184,0
30938,13809,11536
30939,26184,0
30940,26184,0
30941,26184,0
30942,24564,1152
30943,26184,0
30944,26121,44
30945,26184,0
30946,25471,498
30947,26184,0
30948,26092,64
30949,26150,24
30950,26184,0
30951,25218,678
30952,26184,0
30953,23018,2324
30954,26184,0
30955,25861,224
30956,24062,1524
30957,26184,0
30958,26184,0
30959,26184,0
30960,13878,11446
30961,19729,5104
30962,26184,0
30963,25505,474
30964,26184,0
30965,26184,0
30966,24876,924
30967,26184,0
30968,26184,0
30969,26184,0
30970,26184,0
30971,26184,0
30972,26184,0
30973,26184,0
30974,26184,0
30975,26184,0
30976,6137,26156
30977,26184,0
30978,26184,0
30979,26184,0
30980,26184,0
30981,13666,11724
30982,25148,728
30983,26184,0
30984,26184,0
30985,26184,0
30986,26184,0
30987,26184,0
30988,26184,0
30989,24802,978
30990,26184,0
30991,14914,10148
30992,26184,0
30993,26184,0
30994,26184,0
30995,6236,25868
30996,26184,0
30997,26184,0
30998,26184,0
30999,25148,728
31000,23282,2118
31001,25861,224
31002,26184,0
31003,26184,0
31004,26184,0
31005,26184,0
31006,20432,4472
31007,26184,0
31008,19382,5424
31009,22235,2948
31010,26184,0
31011,26184,0
31012,26184,0
31013,22583,2668
31014,26150,24
31015,11054,15548
31016,25630,386
31017,26184,0
31018,25755,298
31019,26184,0
31020,26184,0
31021,26184,0
31022,26184,0
31023,26184,0
31024,26184,0
31025,25718,324
31026,26184,0
31027,26184,0
31028,26184,0
31029,26184,0
31030,23620,1858
31031,26184,0
31032,26184,0
31033,26184,0
31034,26184,0
31035,9110,19036
31036,26184,0
31037,24678,1068
31038,26184,0
31039,26184,0
31040,26184,0
31041,14972,10078
31042,25499,478
31043,26184,0
31044,26184,0
31045,26184,0
31046,26184,0
31047,26184,0
31048,25729,316
31049,25661,364
31050,23466,1976
31051,26184,0
31052,26184,0
31053,26184,0
31054,26184,0
31055,23818,1708
31056,26184,0
31057,26184,0
31058,26184,0
31059,25140,734
31060,26184,0
31061,25875,214
31062,14997,10048
31063,26184,0
31064,26184,0
31065,26184,0
31066,26184,0
31067,18810,5964
31068,26184,0
31069,24030,1548
31070,26184,0
31071,26184,0
31072,24057,1528
31073,26184,0
31074,26184,0
31075,26184,0
31076,23210,2174
31077,26184,0
31078,26184,0
31079,26184,0
31080,24180,1436
31081,16411,8424
31082,23464,1978
31083,26184,0
31084,26184,0
31085,26184,0
31086,26184,0
31087,26184,0
31088,26184,0
31089,26184,0
31090,26184,0
31091,26184,0
31092,26184,0
31093,26184,0
31094,20514,4400
31095,26095,62
31096,25844,236
31097,23998,1572
31098,26184,0
31099,26184,0
31100,26184,0
31101,26184,0
31102,26184,0
31103,26184,0
31104,26184,0
31105,26184,0
31106,26184,0
31107,25499,478
31108,23146,2224
31109,26184,0
31110,26184,0
31111,26184,0
31112,22080,3074
31113,26184,0
31114,26184,0
31115,26184,0
31116,26184,0
31117,26184,0
31118,24190,1428
31119,26184,0
31120,22321,2878
31121,26184,0
31122,26184,0
31123,26184,0
31124,26184,0
31125,26184,0
31126,23089,2268
31127,23056,2294
31128,26184,0
31129,26184,0
31130,26184,0
31131,26184,0
31132,26184,0
31133,26144,28
31134,26184,0
31135,26184,0
31136,26184,0
31137,26184,0
31138,24062,1524
31139,26184,0
31140,26092,64
31141,26184,0
31142,26184,0
31143,26184,0
31144,26184,0
31145,26184,0
31146,26184,0
31147,26184,0
31148,26184,0
31149,26184,0
31150,26184,0
31151,24722,1036
31152,26184,0
31153,26184,0
31154,26184,0
31155,23731,1774
31156,26184,0
31157,26184,0
31158,26184,0
31159,26184,0
31160,26048,94
31161,26184,0
31162,26184,0
31163,25519,464
31164,26184,0
31165,26184,0
31166,21583,3484
31167,19761,5074
31168,24846,946
31169,26184,0
31170,26184,0
31171,26005,124
31172,26184,0
31173,26184,0
31174,26184,0
31175,26184,0
31176,26184,0
31177,26184,0
31178,26184,0
31179,26184,0
31180,16118,8748
31181,11894,14228
31182,26184,0
31183,26184,0
31184,26184,0
31185,26184,0
31186,24330,1324
31187,21084,3906
31188,26184,0
31189,26184,0
31190,26184,0
31191,26184,0
31192,26184,0
31193,23010,2330
31194,4826,30490
31195,26184,0
31196,26184,0
31197,26184,0
31198,26184,0
31199,25718,324
31200,25395,552
31201,26184,0
31202,26184,0
31203,23929,1624
31204,22430,2790
31205,26184,0
31206,26184,0
31207,26184,0
31208,26184,0
31209,17583,7180
31210,26184,0
31211,24395,1276
31212,26184,0
31213,26121,44
31214,26184,0
31215,26184,0
31216,23339,2074
31217,26184,0
31218,26184,0
31219,26184,0
31220,26184,0
31221,26184,0
31222,26184,0
31223,26184,0
31224,24739,1024
31225,25684,348
31226,26184,0
31227,26184,0
31228,24439,1244
31229,26184,0
31230,26184,0
31231,8642,19986
31232,23633,1848
31233,23404,2024
31234,26184,0
31235,26184,0
31236,26184,0
31237,26184,0
31238,26184,0
31239,26184,0
31240,26184,0
31241,26184,0
31242,23797,1724
31243,23924,1628
31244,24951,870
31245,26184,0
31246,26184,0
31247,26184,0
31248,26184,0
31249,26184,0
31250,26184,0
31251,26184,0
31252,26184,0
31253,26184,0
31254,26184,0
31255,26184,0
31256,21232,3780
31257,26150,24
31258,26184,0
31259,22949,2378
31260,23287,2114
31261,26184,0
31262,26184,0
31263,26184,0
31264,23689,1806
31265,25336,594
31266,25508,472
31267,22603,2652
31268,26184,0
31269,26184,0
31270,21273,3745
31271,23649,1836
31272,26184,0
31273,26184,0
31274,26184,0
31275,26184,0
31276,26184,0
31277,23929,1624
31278,26184,0
31279,26184,0
31280,25491,484
31281,20220,4660
31282,14169,11072
31283,26184,0
31284,24695,1056
31285,26184,0
31286,26184,0
31287,26184,0
31288,26150,24
31289,26184,0
31290,26184,0
31291,26184,0
31292,23900,1646
31293,26184,0
31294,24164,1448
31295,26048,94
31296,26184,0
31297,26184,0
31298,26184,0
31299,26184,0
31300,25076,780
31301,26184,0
31302,26184,0
31303,26184,0
31304,1213,55392
31305,26184,0
31306,26184,0
31307,26184,0
31308,23924,1628
31309,24733,1028
31310,26184,0
31311,2840,40048
31312,26184,0
31313,26184,0
31314,26184,0
31315,26184,0
31316,26184,0
31317,24569,1148
31318,26184,0
31319,26014,118
31320,26184,0
31321,19125,5664
31322,26184,0
31323,26184,0
31324,26184,0
31325,26184,0
31326,26184,0
31327,26184,0
31328,25429,528
31329,23558,1906
31330,26184,0
31331,23169,2206
31332,26184,0
31333,26184,0
31334,26184,0
31335,26184,0
31336,26184,0
31337,26031,106
31338,26184,0
31339,26184,0
31340,26184,0
31341,24330,1324
31342,25488,486
31343,26184,0
31344,26184,0
31345,26184,0
31346,26184,0
31347,26184,0
31348,26184,0
31349,21785,3316
31350,26184,0
31351,26184,0
31352,25999,128
31353,26184,0
31354,26184,0
31355,7497,22548
31356,26184,0
31357,26184,0
31358,25593,412
31359,26184,0
31360,26184,0
31361,24384,1284
31362,24057,1528
31363,1,201572
31364,22890,2424
31365,22799,2496
31366,26184,0
31367,26184,0
31368,26184,0
31369,26184,0
31370,25641,378
31371,26184,0
31372,26184,0
31373,26184,0
31374,26184,0
31375,26184,0
31376,26184,0
31377,26184,0
31378,26184,0
31379,26184,0
31380,26184,0
31381,26184,0
31382,26184,0
31383,26184,0
31384,26184,0
31385,26184,0
31386,26184,0
31387,26184,0
31388,26184,0
31389,26184,0
31390,26184,0
31391,26184,0
31392,26184,0
31393,26184,0
31394,25542,448
31395,26184,0
31396,26184,0
31397,26184,0
31398,26184,0
31399,26184,0
31400,26184,0
31401,26184,0
31402,6480,25176
31403,26184,0
31404,26184,0
31405,26184,0
31406,26005,124
31407,16994,7794
31408,26184,0
31409,26184,0
31410,26184,0
31411,20576,4346
31412,26184,0
31413,25499,478
31414,26184,0
31415,26132,36
31416,26184,0
31417,26184,0
31418,26184,0
31419,26184,0
31420,26034,104
31421,25126,744
31422,26184,0
31423,26184,0
31424,25009,828
31425,26184,0
31426,26184,0
31427,26184,0
31428,26184,0
31429,26184,0
31430,26184,0
31431,26184,0
31432,25364,574
31433,12738,12992
31434,26184,0
31435,26184,0
31436,26184,0
31437,26184,0
31438,5845,27036
31439,23141,2228
31440,26184,0
31441,26184,0
31442,26184,0
31443,26184,0
31444,26184,0
31445,25755,298
31446,26184,0
31447,26184,0
31448,26184,0
31449,26184,0
31450,26184,0
31451,26184,0
31452,23555,1908
31453,25844,236
31454,26184,0
31455,21507,3548
31456,26184,0
31457,26184,0
31458,26184,0
31459,26184,0
31460,20167,4708
31461,25109,756
31462,26184,0
31463,26184,0
31464,26184,0
31465,23471,1972
31466,26184,0
31467,26184,0
31468,26184,0
31469,24363,1300
31470,26184,0
31471,25333,596
31472,26184,0
31473,26184,0
31474,26184,0
31475,24667,1076
31476,26184,0
31477,25556,438
31478,26025,110
31479,26184,0
31480,24893,912
31481,23929,1624
31482,24035,1544
31483,25724,320
31484,19794,5044
31485,25126,744
31486,19390,5416
31487,25358,578
31488,26184,0
31489,26184,0
31490,26184,0
31491,26184,0
31492,26184,0
31493,26184,0
31494,26184,0
31495,26184,0
31496,26184,0
31497,24501,1198
31498,26184,0
31499,25542,448
31500,22802,2494
31501,26184,0
31502,26184,0
31503,26184,0
31504,4827,30488
31505,26184,0
31506,21603,3468
31507,26184,0
31508,25333,596
31509,25672,356
31510,26184,0
31511,19924,4926
31512,21326,3700
31513,26184,0
31514,26184,0
31515,26184,0
31516,25684,348
31517,24212,1412
31518,23731,1774
31519,25294,624
31520,26184,0
31521,23339,2074
31522,26184,0
31523,26184,0
31524,24231,1398
31525,24610,1118
31526,26184,0
31527,26184,0
31528,26184,0
31529,26184,0
31530,26184,0
31531,26184,0
31532,24670,1074
31533,26184,0
31534,25148,728
31535,25861,224
31536,26184,0
31537,26184,0
31538,26184,0
31539,26184,0
31540,26184,0
31541,26184,0
31542,23007,2332
31543,26132,36
31544,26184,0
31545,23826,1702
31546,26184,0
31547,26184,0
31548,26184,0
31549,26184,0
31550,26184,0
31551,26184,0
31552,25084,774
31553,26184,0
31554,26184,0
31555,14559,10582
31556,26121,44
31557,24433,1248
31558,26184,0
31559,26184,0
31560,26184,0
31561,22520,2718
31562,25784,278
31563,24739,1024
31564,22141,3024
31565,24099,1496
31566,26184,0
31567,24247,1386
31568,24062,1524
31569,26184,0
31570,26184,0
31571,26184,0
31572,26121,44
31573,26184,0
31574,26184,0
31575,23352,2064
31576,26184,0
31577,26184,0
31578,23440,1996
31579,26184,0
31580,26184,0
31581,26184,0
31582,25400,548
31583,25471,498
31584,22645,2618
31585,26184,0
31586,25655,368
31587,26184,0
31588,15835,9068
31589,1,152080
31590,26184,0
31591,14684,10428
31592,19062,5724
31593,26184,0
31594,26184,0
31595,26184,0
31596,25092,768
31597,26184,0
31598,26184,0
31599,26184,0
31600,26184,0
31601,26184,0
31602,25547,444
31603,24722,1036
31604,26184,0
31605,26184,0
31606,24695,1056
31607,26184,0
31608,26184,0
31609,25718,324
31610,25015,824
31611,7058,23636
31612,25443,518
31613,26184,0
31614,26184,0
31615,25999,128
31616,23995,1574
31617,15152,9862
31618,13509,11932
31619,25154,724
31620,25154,724
31621,26184,0
31622,26184,0
31623,26184,0
31624,26184,0
31625,24398,1274
31626,26184,0
31627,26184,0
31628,19183,5610
31629,26184,0
31630,26184,0
31631,26184,0
31632,25457,508
31633,26184,0
31634,25701,336
31635,6395,25416
31636,26184,0
31637,26184,0
31638,26184,0
31639,26184,0
31640,26184,0
31641,26184,0
31642,22739,2544
31643,25844,236
31644,26042,98
31645,26184,0
31646,26184,0
31647,25491,484
31648,26184,0
31649,25446,516
31650,26184,0
31651,26184,0
31652,26184,0
31653,26184,0
31654,26184,0
31655,19313,5488
31656,26184,0
31657,26184,0
31658,26121,44
31659,26184,0
31660,3976,33982
31661,26184,0
31662,25277,636
31663,26184,0
31664,26184,0
31665,26184,0
31666,26184,0
31667,26184,0
31668,26184,0
31669,26184,0
31670,26184,0
31671,26184,0
31672,26184,0
31673,26184,0
31674,26184,0
31675,26184,0
31676,24602,1124
31677,11227,15268
31678,25567,430
31679,26184,0
31680,22448,2776
31681,26184,0
31682,26184,0
31683,25690,344
31684,25474,496
31685,26184,0
31686,22638,2624
31687,26184,0
31688,26184,0
31689,26184,0
31690,23665,1824
31691,17364,7406
31692,26184,0
31693,20432,4472
31694,25576,424
31695,26184,0
31696,26184,0
31697,23982,1584
31698,26184,0
31699,23791,1728
31700,26184,0
31701,26184,0
31702,26184,0
31703,26184,0
31704,15017,10024
31705,20587,4336
31706,26184,0
31707,26184,0
31708,24739,1024
31709,26184,0
31710,26184,0
31711,26184,0
31712,25400,548
31713,23503,1948
31714,23274,2124
31715,26184,0
31716,26184,0
31717,24678,1068
31718,26184,0
31719,26184,0
31720,26184,0
31721,22638,2624
31722,26184,0
31723,26184,0
31724,26077,74
31725,26184,0
31726,26184,0
31727,26184,0
31728,26184,0
31729,24876,924
31730,26184,0
31731,26184,0
31732,26184,0
31733,25429,528
31734,24466,1224
31735,26184,0
31736,24807,974
31737,23963,1598
31738,26184,0
31739,26184,0
31740,26184,0
31741,26184,0
31742,26184,0
31743,23762,1750
31744,26184,0
31745,26184,0
31746,26184,0
31747,26184,0
31748,24062,1524
31749,22240,2944
31750,26184,0
31751,26184,0
31752,26184,0
31753,26184,0
31754,26184,0
31755,22827,2474
31756,26184,0
31757,26184,0
31758,25613,398
31759,26184,0
31760,26184,0
31761,22936,2388
31762,26184,0
31763,26184,0
31764,26184,0
31765,24887,916
31766,26184,0
31767,26184,0
31768,26184,0
31769,26184,0
31770,26144,28
31771,26184,0
31772,26184,0
31773,21493,3560
31774,26184,0
31775,26184,0
31776,26184,0
31777,26184,0
31778,25294,624
31779,26184,0
31780,25672,356
31781,26184,0
31782,24575,1144
31783,26184,0
31784,26184,0
31785,26184,0
31786,26184,0
31787,26184,0
31788,19229,5566
31789,26184,0
31790,26184,0
31791,26184,0
31792,26184,0
31793,22701,2574
31794,22435,2786
31795,26184,0
31796,26184,0
31797,26184,0
31798,26184,0
31799,26184,0
31800,26184,0
31801,26184,0
31802,26184,0
31803,12526,13294
31804,24102,1494
31805,25434,524
31806,25434,524
31807,18887,5890
31808,26184,0
31809,26184,0
31810,26184,0
31811,26184,0
31812,26184,0
31813,26184,0
31814,25505,474
31815,26184,0
31816,24990,842
31817,26184,0
31818,26184,0
31819,26184,0
31820,25861,224
31821,26184,0
31822,24706,1048
31823,26184,0
31824,23146,2224
31825,25154,724
31826,24998,836
31827,26184,0
31828,26184,0
31829,26184,0
31830,26184,0
31831,26184,0
31832,26184,0
31833,15124,9896
31834,26184,0
31835,26184,0
31836,25576,424
31837,26184,0
31838,26184,0
31839,26184,0
31840,26184,0
31841,26184,0
31842,26184,0
31843,26184,0
31844,25861,224
31845,22222,2958
31846,26184,0
31847,24970,856
31848,26184,0
31849,26184,0
31850,25154,724
31851,26184,0
31852,26184,0
31853,26184,0
31854,20640,4290
31855,26184,0
31856,26184,0
31857,25095,766
31858,26184,0
31859,23249,2144
31860,26184,0
31861,26184,0
31862,26184,0
31863,26184,0
31864,26184,0
31865,26184,0
31866,24700,1052
31867,26184,0
31868,24433,1248
31869,26184,0
31870,26184,0
31871,26184,0
31872,26184,0
31873,25403,546
31874,26184,0
31875,26184,0
31876,26184,0
31877,26184,0
31878,26184,0
31879,26184,0
31880,26115,48
31881,26184,0
31882,21598,3472
31883,26184,0
31884,26184,0
31885,26184,0
31886,24998,836
31887,25933,174
31888,26184,0
31889,26184,0
31890,26184,0
31891,26184,0
31892,25542,448
31893,26184,0
31894,22126,3036
31895,25288,628
31896,26184,0
31897,26184,0
31898,26184,0
31899,26184,0
31900,26184,0
31901,26184,0
31902,26184,0
31903,23754,1756
31904,25221,676
31905,26184,0
31906,26184,0
31907,26184,0
31908,26184,0
31909,26184,0
31910,26184,0
31911,26184,0
31912,26184,0
31913,26184,0
31914,25999,128
31915,26184,0
31916,26184,0
31917,26184,0
31918,23894,1650
31919,24640,1096
31920,26184,0
31921,25530,456
31922,26184,0
31923,26184,0
31924,20100,4768
31925,26184,0
31926,26184,0
31927,26184,0
31928,26184,0
31929,25916,186
31930,26184,0
31931,25154,724
31932,26184,0
31933,26184,0
31934,17736,7024
31935,26184,0
31936,26184,0
31937,26184,0
31938,24196,1424
31939,26184,0
31940,26184,0
31941,26184,0
31942,19794,5044
31943,26184,0
31944,21298,3724
31945,26077,74
31946,26086,68
31947,26184,0
31948,26184,0
31949,26184,0
31950,26184,0
31951,26184,0
31952,26184,0
31953,26184,0
31954,26184,0
31955,26184,0
31956,22987,2348
31957,26184,0
31958,26184,0
31959,26184,0
31960,26184,0
31961,26184,0
31962,26184,0
31963,26184,0
31964,26184,0
31965,26184,0
31966,26184,0
31967,26184,0
31968,26184,0
31969,26184,0
31970,26184,0
31971,26184,0
31972,26184,0
31973,26184,0
31974,26184,0
31975,14795,10292
31976,26184,0
31977,26184,0
31978,26184,0
31979,26184,0
31980,25266,644
31981,26184,0
31982,26184,0
31983,26184,0
31984,26184,0
31985,25718,324
31986,26184,0
31987,26184,0
31988,26184,0
31989,25434,524
31990,26184,0
31991,26184,0
31992,26184,0
31993,14886,10182
31994,26184,0
31995,26184,0
31996,26184,0
31997,26184,0
31998,26184,0
31999,26184,0
32000,26184,0
32001,25434,524
32002,26184,0
32003,24506,1194
32004,26184,0
32005,19038,5746
32006,1594,50468
32007,26184,0
32008,26184,0
32009,1,516330
32010,26184,0
32011,24670,1074
32012,26184,0
32013,26184,0
32014,26184,0
32015,26184,0
32016,26184,0
32017,26184,0
32018,26184,0
32019,24871,928
32020,26184,0
32021,23311,2096
32022,26184,0
32023,26184,0
32024,26184,0
32025,26184,0
32026,26011,120
32027,26184,0
32028,26184,0
32029,22660,2606
32030,26184,0
32031,23200,2182
32032,21747,3348
32033,25644,376
32034,26184,0
32035,26184,0
32036,26184,0
32037,26184,0
32038,26184,0
32039,26184,0
32040,26184,0
32041,26184,0
32042,26184,0
32043,26184,0
32044,26184,0
32045,26184,0
32046,26184,0
32047,26184,0
32048,25887,206
32049,25861,224
32050,23534,1924
32051,25559,436
32052,26184,0
32053,13702,11676
32054,26184,0
32055,24062,1524
32056,23929,1624
32057,26184,0
32058,26184,0
32059,26184,0
32060,26184,0
32061,26184,0
32062,26184,0
32063,26184,0
32064,26184,0
32065,26184,0
32066,26184,0
32067,26184,0
32068,26184,0
32069,22458,2768
32070,26150,24
32071,26184,0
32072,26184,0
32073,26184,0
32074,26184,0
32075,26184,0
32076,26184,0
32077,26184,0
32078,26184,0
32079,26184,0
32080,24643,1094
32081,26184,0
32082,26184,0
32083,26184,0
32084,25137,736
32085,26184,0
32086,26184,0
32087,22141,3024
32088,26184,0
32089,25294,624
32090,25522,462
32091,26184,0
32092,26184,0
32093,26184,0
32094,26184,0
32095,26184,0
32096,24520,1184
32097,25502,476
32098,26184,0
32099,26184,0
32100,26184,0
32101,26184,0
32102,16664,8148
32103,26184,0
32104,26184,0
32105,26184,0
32106,26184,0
32107,26184,0
32108,23770,1744
32109,26184,0
32110,26184,0
32111,25576,424
32112,26184,0
32113,26184,0
32114,24196,1424
32115,26184,0
32116,14587,10548
32117,26184,0
32118,26184,0
32119,26184,0
32120,17182,7596
32121,25154,724
32122,25154,724
32123,26184,0
32124,26184,0
32125,26184,0
32126,26184,0
32127,26184,0
32128,23699,1798
32129,26184,0
32130,26184,0
32131,26184,0
32132,26184,0
32133,26060,86
32134,23765,1748
32135,26184,0
32136,23974,1590
32137,26184,0
32138,22733,2548
32139,26184,0
32140,26184,0
32141,26184,0
32142,26184,0
32143,26184,0
32144,26184,0
32145,26184,0
32146,19969,4886
32147,26184,0
32148,26184,0
32149,25120,748
32150,26184,0
32151,26184,0
32152,26184,0
32153,17636,7126
32154,1,275124
32155,26184,0
32156,26184,0
32157,26184,0
32158,26184,0
32159,26184,0
32160,26184,0
32161,26184,0
32162,26184,0
32163,26184,0
32164,26184,0
32165,26184,0
32166,26184,0
32167,26184,0
32168,26184,0
32169,26184,0
32170,20919,4048
32171,26184,0
32172,26184,0
32173,23913,1636
32174,23633,1848
32175,25601,406
32176,26184,0
32177,26184,0
32178,26184,0
32179,26184,0
32180,26184,0
32181,26184,0
32182,21689,3396
32183,26184,0
32184,26184,0
32185,26184,0
32186,22205,2972
32187,26184,0
32188,26184,0
32189,26184,0
32190,26184,0
32191,26184,0
32192,26184,0
32193,19502,5312
32194,25924,180
32195,25655,368
32196,26184,0
32197,22890,2424
32198,26184,0
32199,20466,4442
32200,26184,0
32201,23990,1578
32202,26184,0
32203,26184,0
32204,23074,2280
32205,26184,0
32206,26184,0
32207,25305,616
32208,14608,10522
32209,25530,456
32210,26184,0
32211,26184,0
32212,26184,0
32213,26184,0
32214,23929,1624
32215,26184,0
32216,24937,880
32217,26184,0
32218,16898,7896
32219,25570,428
32220,23269,2128
32221,26184,0
32222,5698,27496
32223,26184,0
32224,23146,2224
32225,23715,1786
32226,24575,1144
32227,26184,0
32228,26184,0
32229,26184,0
32230,26184,0
32231,26184,0
32232,26184,0
32233,26184,0
32234,25505,474
32235,26184,0
32236,26184,0
32237,26184,0
32238,26184,0
32239,24250,1384
32240,26184,0
32241,26184,0
32242,26184,0
32243,26184,0
32244,18507,6256
32245,25400,548
32246,22235,2948
32247,25613,398
32248,26184,0
32249,24976,852
32250,26184,0
32251,26184,0
32252,26184,0
32253,26184,0
32254,26184,0
32255,26184,0
32256,26132,36
32257,26184,0
32258,26184,0
32259,26184,0
32260,26184,0
32261,26184,0
32262,21416,3624
32263,26184,0
32264,26184,0
32265,25959,156
32266,26184,0
32267,26184,0
32268,26184,0
32269,26184,0
32270,26184,0
32271,26184,0
32272,26184,0
32273,26184,0
32274,26184,0
32275,26184,0
32276,26184,0
32277,26184,0
32278,26184,0
32279,26184,0
32280,26184,0
32281,25513,468
32282,26184,0
32283,26184,0
32284,26184,0
32285,16075,8796
32286,26184,0
32287,26184,0
32288,26184,0
32289,26184,0
32290,26184,0
32291,26184,0
32292,25815,256
32293,23274,2124
32294,26184,0
32295,26184,0
32296,24003,1568
32297,24807,974
32298,26184,0
32299,26132,36
32300,24915,896
32301,26184,0
32302,25758,296
32303,26184,0
32304,6288,25718
32305,25752,300
32306,26184,0
32307,24509,1192
32308,26184,0
32309,26184,0
32310,26184,0
32311,26184,0
32312,26184,0
32313,26184,0
32314,26184,0
32315,26184,0
32316,26184,0
32317,26184,0
32318,25772,286
32319,21416,3624
32320,24876,924
32321,18360,6400
32322,26184,0
32323,26184,0
32324,24073,1516
32325,24876,924
32326,22990,2346
32327,26184,0
32328,26184,0
32329,22136,3028
32330,26184,0
32331,26184,0
32332,20919,4048
32333,26184,0
32334,26184,0
32335,26184,0
32336,26184,0
32337,24706,1048
32338,26184,0
32339,26184,0
32340,23518,1936
32341,23141,2228
32342,26184,0
32343,26184,0
32344,26184,0
32345,25400,548
32346,26184,0
32347,26184,0
32348,26184,0
32349,1262,54674
32350,26184,0
32351,1454,52118
32352,23929,1624
32353,26184,0
32354,26184,0
32355,24876,924
32356,26184,0
32357,23963,1598
32358,26184,0
32359,23916,1634
32360,26045,96
32361,26184,0
32362,26184,0
32363,20831,4124
32364,26103,56
32365,25684,348
32366,25347,586
32367,26184,0
32368,26184,0
32369,24602,1124
32370,26184,0
32371,26184,0
32372,26184,0
32373,24395,1276
32374,25638,380
32375,26184,0
32376,22188,2986
32377,26184,0
32378,26184,0
32379,26184,0
32380,26184,0
32381,26184,0
32382,26184,0
32383,25120,748
32384,26184,0
32385,14150,11096
32386,26184,0
32387,25976,144
32388,26184,0
32389,18912,5866
32390,26184,0
32391,26184,0
32392,26184,0
32393,26184,0
32394,26184,0
32395,14213,11016
32396,26184,0
32397,24741,1022
32398,25913,188
32399,26184,0
32400,26184,0
32401,17732,7028
32402,3306,37312
32403,26184,0
32404,26184,0
32405,26184,0
32406,26184,0
32407,26184,0
32408,26184,0
32409,22141,3024
32410,25804,264
32411,26184,0
32412,22418,2800
32413,26184,0
32414,26184,0
32415,26184,0
32416,26184,0
32417,26184,0
32418,26184,0
32419,24019,1556
32420,26184,0
32421,26184,0
32422,22668,2600
32423,22560,2686
32424,26184,0
32425,26184,0
32426,24398,1274
32427,26184,0
32428,1593,50474
32429,26184,0
32430,26184,0
32431,26184,0
32432,26184,0
32433,26184,0
32434,25193,696
32435,20888,4074
32436,26184,0
32437,26184,0
32438,26184,0
32439,25491,484
32440,14050,11224
32441,26184,0
32442,26184,0
32443,26184,0
32444,26184,0
32445,26184,0
32446,25890,204
32447,26184,0
32448,26184,0
32449,26184,0
32450,26184,0
32451,26184,0
32452,15658,9270
32453,26184,0
32454,26184,0
32455,26184,0
32456,26184,0
32457,26184,0
32458,25190,698
32459,26184,0
32460,24596,1128
32461,26184,0
32462,26184,0
32463,26184,0
32464,24303,1344
32465,1437,52328
32466,24485,1210
32467,26184,0
32468,26184,0
32469,19433,5376
32470,25570,428
32471,25260,648
32472,26184,0
32473,26184,0
32474,26150,24
32475,26184,0
32476,24594,1130
32477,26184,0
32478,25053,796
32479,26184,0
32480,25443,518
32481,26184,0
32482,25761,294
32483,26097,60
32484,19598,5224
32485,26184,0
32486,26184,0
32487,23781,1736
32488,25827,248
32489,26184,0
32490,26184,0
32491,26184,0
32492,25412,540
32493,26184,0
32494,25661,364
32495,26184,0
32496,25887,206
32497,25260,648
32498,26184,0
32499,24393,1278
32500,26184,0
32501,26184,0
32502,26184,0
32503,26184,0
32504,25084,774
32505,26184,0
32506,24062,1524
32507,25023,818
32508,21831,3278
32509,26184,0
32510,26184,0
32511,23913,1636
32512,26184,0
32513,26184,0
32514,26184,0
32515,25451,512
32516,25621,392
32517,25613,398
32518,6463,25224
32519,1166,56100
32520,26184,0
32521,26184,0
32522,26184,0
32523,26184,0
32524,26184,0
32525,26184,0
32526,23765,1748
32527,24490,1206
32528,26184,0
32529,26184,0
32530,24509,1192
32531,26184,0
32532,26184,0
32533,26184,0
32534,23339,2074
32535,25015,824
32536,26184,0
32537,26184,0
32538,26184,0
32539,26184,0
32540,26184,0
32541,26184,0
32542,26184,0
32543,26184,0
32544,13742,11624
32545,26184,0
32546,24708,1046
32547,26184,0
32548,26184,0
32549,26184,0
32550,26184,0
32551,21885,3234
32552,26184,0
32553,26184,0
32554,25364,574
32555,26184,0
32556,26184,0
32557,25015,824
32558,26005,124
32559,26184,0
32560,26184,0
32561,26184,0
32562,26184,0
32563,26184,0
32564,26184,0
32565,26184,0
32566,26184,0
32567,26184,0
32568,26184,0
32569,26184,0
32570,26060,86
32571,26184,0
32572,21882,3236
32573,26184,0
32574,26184,0
32575,26184,0
32576,26184,0
32577,26184,0
32578,26184,0
32579,26184,0
32580,26184,0
32581,26071,78
32582,26184,0
32583,24970,856
32584,23534,1924
32585,26184,0
32586,22075,3078
32587,26184,0
32588,25712,328
32589,22885,2428
32590,26184,0
32591,24879,922
32592,26184,0
32593,26184,0
32594,26184,0
32595,22168,3002
32596,26184,0
32597,26184,0
32598,25930,176
32599,25434,524
32600,26184,0
32601,26184,0
32602,26184,0
32603,26184,0
32604,21381,3654
32605,26184,0
32606,26184,0
32607,26184,0
32608,21655,3424
32609,26184,0
32610,26184,0
32611,26184,0
32612,26184,0
32613,26184,0
32614,26184,0
32615,26184,0
32616,26184,0
32617,26184,0
32618,26184,0
32619,25400,548
32620,1499,51574
32621,6416,25356
32622,24695,1056
32623,26184,0
32624,26184,0
32625,26184,0
32626,26184,0
32627,26184,0
32628,26184,0
32629,14990,10056
32630,26184,0
32631,26184,0
32632,23404,2024
32633,26184,0
32634,25690,344
32635,26184,0
32636,26184,0
32637,26184,0
32638,26184,0
32639,26184,0
32640,26115,48
32641,24466,1224
32642,26184,0
32643,26184,0
32644,22583,2668
32645,26005,124
32646,26184,0
32647,26184,0
32648,11177,15348
32649,25084,774
32650,26184,0
32651,26184,0
32652,26184,0
32653,26184,0
32654,26184,0
32655,26184,0
32656,25260,648
32657,22852,2454
32658,25970,148
32659,26184,0
32660,26184,0
32661,26184,0
32662,1442,52266
32663,26184,0
32664,26184,0
32665,26184,0
32666,26184,0
32667,26184,0
32668,26184,0
32669,26184,0
32670,26184,0
32671,26184,0
32672,10870,15850
32673,26184,0
32674,26184,0
32675,26184,0
32676,26184,0
32677,26184,0
32678,26005,124
32679,26184,0
32680,24954,868
32681,25576,424
32682,22949,2378
32683,26184,0
32684,26184,0
32685,23993,1576
32686,26184,0
32687,26184,0
32688,26184,0
32689,26150,24
32690,24142,1464
32691,26184,0
32692,26184,0
32693,25154,724
32694,25263,646
32695,25204,688
32696,26184,0
32697,26184,0
32698,26184,0
32699,26184,0
32700,26184,0
32701,26184,0
32702,26184,0
32703,26184,0
32704,26184,0
32705,21902,3220
32706,26184,0
32707,13292,12224
32708,25887,206
32709,25827,248
32710,26184,0
32711,24640,1096
32712,26184,0
32713,26184,0
32714,26184,0
32715,26184,0
32716,26184,0
32717,24766,1004
32718,26184,0
32719,26184,0
32720,26184,0
32721,26184,0
32722,26184,0
32723,25090,770
32724,26184,0
32725,18963,5818
32726,26184,0
32727,26184,0
32728,26184,0
32729,26184,0
32730,26184,0
32731,26184,0
32732,26184,0
32733,25861,224
32734,26184,0
32735,26184,0
32736,26184,0
32737,26184,0
32738,26184,0
32739,26184,0
32740,26184,0
32741,24384,1284
32742,25009,828
32743,26184,0
32744,26184,0
32745,26184,0
32746,26184,0
32747,26184,0
32748,25026,816
32749,26184,0
32750,26184,0
32751,26184,0
32752,26184,0
32753,23274,2124
32754,19702,5128
32755,24422,1256
32756,26184,0
32757,24046,1536
32758,26184,0
32759,26184,0
32760,26184,0
32761,26184,0
32762,26042,98
32763,26184,0
32764,21571,3494
32765,26184,0
32766,23368,2052
32767,26184,0
32768,26184,0
32769,8562,20154
32770,25950,162
32771,26184,0
32772,7633,22224
32773,26184,0
32774,21485,3566
32775,23897,1648
32776,26184,0
32777,26184,0
32778,26184,0
32779,24733,1028
32780,26045,96
32781,26184,0
32782,26184,0
32783,23715,1786
32784,26184,0
32785,26184,0
32786,26184,0
32787,25644,376
32788,24807,974
32789,5479,28202
32790,24719,1038
32791,26184,0
32792,26184,0
32793,26184,0
32794,26184,0
32795,26184,0
32796,18695,6074
32797,26184,0
32798,22348,2856
32799,26184,0
32800,26184,0
32801,23865,1672
32802,26184,0
32803,26184,0
32804,24479,1214
32805,26184,0
32806,26184,0
32807,26184,0
32808,26184,0
32809,26184,0
32810,21033,3950
32811,26184,0
32812,25827,248
32813,26184,0
32814,26184,0
32815,26184,0
32816,26184,0
32817,22498,2736
32818,26184,0
32819,25513,468
32820,26184,0
32821,26184,0
32822,24602,1124
32823,26184,0
32824,26184,0
32825,26184,0
32826,18287,6472
32827,17665,7096
32828,25051,798
32829,26184,0
32830,24733,1028
32831,26184,0
32832,26184,0
32833,26184,0
32834,26184,0
32835,26184,0
32836,26184,0
32837,26184,0
32838,25505,474
32839,26184,0
32840,21882,3236
32841,18438,6324
32842,23749,1760
32843,26184,0
32844,25176,708
32845,26184,0
32846,26184,0
32847,26184,0
32848,25718,324
32849,25684,348
32850,26184,0
32851,23038,2308
32852,26184,0
32853,26184,0
32854,26184,0
32855,22141,3024
32856,22860,2448
32857,22291,2902
32858,26184,0
32859,24341,1316
32860,26184,0
32861,26184,0
32862,26184,0
32863,26184,0
32864,26184,0
32865,26184,0
32866,26184,0
32867,26184,0
32868,26184,0
32869,26184,0
32870,26184,0
32871,25547,444
32872,25576,424
32873,26184,0
32874,20798,4152
32875,26184,0
32876,26184,0
32877,26184,0
32878,25832,244
32879,22926,2396
32880,23259,2136
32881,26184,0
32882,26184,0
32883,26184,0
32884,25858,226
32885,26184,0
32886,26184,0
32887,26184,0
32888,26184,0
32889,26184,0
32890,26184,0
32891,25601,406
32892,26184,0
32893,26184,0
32894,26184,0
32895,26184,0
32896,26184,0
32897,26184,0
32898,26184,0
32899,25364,574
32900,1,127164
32901,26184,0
32902,26184,0
32903,26184,0
32904,26184,0
32905,25400,548
32906,26184,0
32907,26184,0
32908,26184,0
32909,9636,18024
32910,26184,0
32911,26184,0
32912,26184,0
32913,26184,0
32914,22693,2580
32915,26184,0
32916,24150,1458
32917,26184,0
32918,26184,0
32919,26184,0
32920,19819,5022
32921,26184,0
32922,26184,0
32923,26184,0
32924,24602,1124
32925,26184,0
32926,26184,0
32927,26184,0
32928,14950,10104
32929,26184,0
32930,22764,2524
32931,26184,0
32932,26184,0
32933,23995,1574
32934,26184,0
32935,24547,1164
32936,24046,1536
32937,26184,0
32938,26184,0
32939,26184,0
32940,26184,0
32941,23375,2046
32942,26184,0
32943,355,77536
32944,25260,648
32945,25988,136
32946,23749,1760
32947,26184,0
32948,26184,0
32949,26184,0
32950,26184,0
32951,26184,0
32952,26184,0
32953,26184,0
32954,26184,0
32955,23547,1914
32956,26184,0
32957,25855,228
32958,25904,194
32959,26184,0
32960,26184,0
32961,23069,2284
32962,25358,578
32963,26184,0
32964,26184,0
32965,26184,0
32966,26184,0
32967,26184,0
32968,26184,0
32969,17811,6948
32970,26184,0
32971,26184,0
32972,26184,0
32973,26184,0
32974,26184,0
32975,26184,0
32976,1,300036
32977,26184,0
32978,26184,0
32979,26184,0
32980,26184,0
32981,26184,0
32982,26184,0
32983,26184,0
32984,23451,1988
32985,26184,0
32986,26184,0
32987,23053,2296
32988,26184,0
32989,26071,78
32990,26184,0
32991,26184,0
32992,26184,0
32993,26184,0
32994,26184,0
32995,26184,0
32996,26184,0
32997,26184,0
32998,26184,0
32999,26184,0
33000,26184,0
33001,26184,0
33002,26184,0
33003,22329,2872
33004,26184,0
33005,26184,0
33006,26184,0
33007,26184,0
33008,26184,0
33009,25576,424
33010,26184,0
33011,26184,0
33012,26184,0
33013,24057,1528
33014,26184,0
33015,26184,0
33016,26184,0
33017,26184,0
33018,26184,0
33019,26184,0
33020,26184,0
33021,26184,0
33022,26184,0
33023,26184,0
33024,26184,0
33025,24774,998
33026,26184,0
33027,24490,1206
33028,26184,0
33029,26184,0
33030,24940,878
33031,26184,0
33032,23018,2324
33033,26184,0
33034,24722,1036
33035,25277,636
33036,26184,0
33037,26184,0
33038,26184,0
33039,26184,0
33040,26184,0
33041,24970,856
33042,25051,798
33043,26184,0
33044,26184,0
33045,26184,0
33046,26184,0
33047,10192,17012
33048,26184,0
33049,26184,0
33050,26184,0
33051,26184,0
33052,26184,0
33053,26184,0
33054,26184,0
33055,26184,0
33056,26184,0
33057,23550,1912
33058,23295,2108
33059,26184,0
33060,26184,0
33061,26184,0
33062,26184,0
33063,26184,0
33064,26184,0
33065,26184,0
33066,23961,1600
33067,26103,56
33068,26184,0
33069,26184,0
33070,26184,0
33071,26184,0
33072,24314,1336
33073,26184,0
33074,26184,0
33075,26184,0
33076,26184,0
33077,9909,17520
33078,23339,2074
33079,26184,0
33080,26184,0
33081,26184,0
33082,26184,0
33083,26184,0
33084,26184,0
33085,16838,7960
33086,26184,0
33087,26184,0
33088,26184,0
33089,26121,44
33090,14687,10424
33091,26184,0
33092,26184,0
33093,25434,524
33094,26184,0
33095,26184,0
33096,25224,674
33097,26184,0
33098,21926,3200
33099,22525,2714
33100,2764,40540
33101,26184,0
33102,25861,224
33103,26184,0
33104,26184,0
33105,26184,0
33106,25970,148
33107,26184,0
33108,23871,1668
33109,26184,0
33110,26184,0
33111,26184,0
33112,25367,572
33113,14975,10074
33114,26184,0
33115,25120,748
33116,26184,0
33117,25758,296
33118,26184,0
33119,26184,0
33120,26184,0
33121,26184,0
33122,25505,474
33123,7127,23460
33124,26184,0
33125,26184,0
33126,26184,0
33127,26184,0
33128,24471,1220
33129,22827,2474
33130,11377,15028
33131,26184,0
33132,26184,0
33133,26150,24
33134,26184,0
33135,26184,0
33136,22936,2388
33137,26184,0
33138,25260,648
33139,22890,2424
33140,26184,0
33141,12010,14052
33142,26184,0
33143,25942,168
33144,25965,152
33145,26184,0
33146,26184,0
33147,26184,0
33148,26184,0
33149,26184,0
33150,26184,0
33151,26184,0
33152,26184,0
33153,26184,0
33154,26184,0
33155,26184,0
33156,26184,0
33157,26150,24
33158,26184,0
33159,26184,0
33160,26077,74
33161,24333,1322
33162,26184,0
33163,26184,0
33164,26184,0
33165,26045,96
33166,26184,0
33167,26144,28
33168,26184,0
33169,26184,0
33170,18743,6028
33171,26184,0
33172,26184,0
33173,26184,0
33174,26184,0
33175,26184,0
33176,25647,374
33177,26184,0
33178,26184,0
33179,17132,7648
33180,26184,0
33181,26184,0
33182,23665,1824
33183,26184,0
33184,26184,0
33185,26184,0
33186,25721,322
33187,24719,1038
33188,25576,424
33189,22264,2924
33190,26184,0
33191,26184,0
33192,26184,0
33193,24196,1424
33194,26184,0
33195,26184,0
33196,25761,294
33197,26184,0
33198,26184,0
33199,25647,374
33200,26184,0
33201,26184,0
33202,24536,1172
33203,26184,0
33204,25999,128
33205,24545,1166
33206,25570,428
33207,26184,0
33208,18129,6628
33209,26184,0
33210,26184,0
33211,26184,0
33212,26184,0
33213,26184,0
33214,26184,0
33215,26184,0
33216,24618,1112
33217,26150,24
33218,26184,0
33219,26184,0
33220,26184,0
33221,26184,0
33222,26184,0
33223,26184,0
33224,26184,0
33225,26184,0
33226,26184,0
33227,26184,0
33228,25154,724
33229,26184,0
33230,24678,1068
33231,26184,0
33232,26115,48
33233,26184,0
33234,26184,0
33235,26184,0
33236,24196,1424
33237,26184,0
33238,26184,0
33239,26184,0
33240,26184,0
33241,26184,0
33242,26184,0
33243,26184,0
33244,25832,244
33245,26184,0
33246,26184,0
33247,26184,0
33248,25933,174
33249,26184,0
33250,26184,0
33251,26184,0
33252,26184,0
33253,26184,0
33254,26184,0
33255,23146,2224
33256,26184,0
33257,26184,0
33258,26184,0
33259,26184,0
33260,22885,2428
33261,26184,0
33262,19313,5488
33263,22764,2524
33264,26184,0
33265,26184,0
33266,25547,444
33267,26184,0
33268,25747,304
33269,22711,2566
33270,26184,0
33271,26184,0
33272,26184,0
33273,25092,768
33274,26184,0
33275,25761,294
33276,26184,0
33277,26184,0
33278,25513,468
33279,26184,0
33280,26184,0
33281,26184,0
33282,26184,0
33283,26184,0
33284,26184,0
33285,26184,0
33286,7618,22260
33287,23313,2094
33288,26184,0
33289,26184,0
33290,19781,5056
33291,26184,0
33292,26184,0
33293,25285,630
33294,26184,0
33295,26184,0
33296,26184,0
33297,1470,51924
33298,26184,0
33299,26184,0
33300,26184,0
33301,26184,0
33302,26184,0
33303,26184,0
33304,26184,0
33305,26184,0
33306,26184,0
33307,26184,0
33308,26184,0
33309,26184,0
33310,26184,0
33311,26184,0
33312,26184,0
33313,26184,0
33314,24832,956
33315,26184,0
33316,26184,0
33317,24190,1428
33318,24314,1336
33319,26184,0
33320,19274,5524
33321,26184,0
33322,20310,4580
33323,26184,0
33324,26184,0
33325,26184,0
33326,26184,0
33327,26184,0
33328,26184,0
33329,20355,4540
33330,21274,3744
33331,25530,456
33332,26184,0
33333,24943,876
33334,26184,0
33335,26184,0
33336,26184,0
33337,26184,0
33338,26184,0
33339,24460,1228
33340,26184,0
33341,11234,15256
33342,26184,0
33343,26184,0
33344,25755,298
33345,26184,0
33346,20473,4436
33347,26184,0
33348,26184,0
33349,25299,620
33350,26184,0
33351,2815,40212
33352,26184,0
33353,26184,0
33354,26184,0
33355,25364,574
33356,16606,8211
33357,26184,0
33358,26184,0
33359,26184,0
33360,25784,278
33361,26184,0
33362,24843,948
33363,26184,0
33364,26184,0
33365,26184,0
33366,26184,0
33367,25701,336
33368,26184,0
33369,26184,0
33370,26184,0
33371,26184,0
33372,26184,0
33373,25154,724
33374,26184,0
33375,24687,1062
33376,26184,0
33377,26184,0
33378,22139,3026
33379,26150,24
33380,26184,0
33381,26184,0
33382,26184,0
33383,26184,0
33384,26057,88
33385,23469,1974
33386,25718,324
33387,26184,0
33388,26184,0
33389,26184,0
33390,26184,0
33391,26184,0
33392,26184,0
33393,26184,0
33394,26184,0
33395,26184,0
33396,26184,0
33397,25893,202
33398,26184,0
33399,10249,16912
33400,26184,0
33401,26184,0
33402,26184,0
33403,26184,0
33404,25690,344
33405,26184,0
33406,20745,4198
33407,26184,0
33408,25684,348
33409,25123,746
33410,24496,1202
33411,25333,596
33412,6954,23904
33413,26184,0
33414,26184,0
33415,26184,0
33416,24843,948
33417,12877,12796
33418,26184,0
33419,26184,0
33420,26184,0
33421,26184,0
33422,26184,0
33423,26184,0
33424,25835,242
33425,24695,1056
33426,19274,5524
33427,24706,1048
33428,25460,506
33429,26184,0
33430,26184,0
33431,26184,0
33432,24512,1190
33433,26184,0
33434,26184,0
33435,26184,0
33436,22321,2878
33437,26184,0
33438,26184,0
33439,26184,0
33440,24876,924
33441,26184,0
33442,26184,0
33443,18379,6382
33444,26184,0
33445,26184,0
33446,26005,124
33447,26184,0
33448,26184,0
33449,26184,0
33450,26184,0
33451,26184,0
33452,26184,0
33453,26184,0
33454,26184,0
33455,26184,0
33456,26184,0
33457,22418,2800
33458,24670,1074
33459,26184,0
33460,20419,4484
33461,26184,0
33462,26184,0
33463,26184,0
33464,26184,0
33465,26184,0
33466,17811,6948
33467,25040,806
33468,23576,1892
33469,26184,0
33470,26184,0
33471,25641,378
33472,26184,0
33473,26184,0
33474,26184,0
33475,26184,0
33476,26184,0
33477,26184,0
33478,26184,0
33479,26184,0
33480,26184,0
33481,26184,0
33482,26184,0
33483,26184,0
33484,26184,0
33485,26184,0
33486,26184,0
33487,16389,8448
33488,23404,2024
33489,23102,2258
33490,26184,0
33491,22923,2398
33492,26184,0
33493,26184,0
33494,26184,0
33495,26184,0
33496,26184,0
33497,26184,0
33498,26184,0
33499,23347,2068
33500,26184,0
33501,26184,0
33502,26184,0
33503,26184,0
33504,26184,0
33505,24739,1024
33506,25277,636
33507,26184,0
33508,26184,0
33509,16742,8064
33510,26184,0
33511,25959,156
33512,26184,0
33513,26184,0
33514,26184,0
33515,26184,0
33516,26184,0
33517,23924,1628
33518,25210,684
33519,26184,0
33520,25690,344
33521,26184,0
33522,26184,0
33523,23293,2110
33524,26184,0
33525,26184,0
33526,21110,3884
33527,13260,12268
33528,18005,6752
33529,25613,398
33530,25684,348
33531,25148,728
33532,26184,0
33533,21769,3330
33534,26184,0
33535,26184,0
33536,24998,836
33537,25513,468
33538,26184,0
33539,26184,0
33540,26184,0
33541,26184,0
33542,23051,2298
33543,26184,0
33544,26184,0
33545,26184,0
33546,26184,0
33547,21466,3582
33548,19144,5646
33549,25434,524
33550,26184,0
33551,26184,0
33552,23628,1852
33553,26184,0
33554,25684,348
33555,26184,0
33556,26184,0
33557,26184,0
33558,18639,6128
33559,26184,0
33560,26184,0
33561,402,75320
33562,26184,0
33563,26184,0
33564,26184,0
33565,26184,0
33566,26184,0
33567,21921,3204
33568,23243,2148
33569,26184,0
33570,25294,624
33571,16269,8580
33572,26184,0
33573,26184,0
33574,5465,28248
33575,25712,328
33576,24466,1224
33577,26184,0
33578,26184,0
33579,26184,0
33580,26184,0
33581,26184,0
33582,26184,0
33583,24401,1272
33584,26184,0
33585,26184,0
33586,25221,676
33587,26184,0
33588,26184,0
33589,26184,0
33590,26184,0
33591,26184,0
33592,26184,0
33593,26184,0
33594,26184,0
33595,6260,25800
33596,26184,0
33597,26184,0
33598,26184,0
33599,26184,0
33600,26184,0
33601,26184,0
33602,1,117492
33603,26184,0
33604,26184,0
33605,26184,0
33606,24940,878
33607,26184,0
33608,26184,0
33609,26184,0
33610,26184,0
33611,26184,0
33612,26184,0
33613,26184,0
33614,26184,0
33615,24504,1196
33616,26184,0
33617,26184,0
33618,26184,0
33619,26184,0
33620,26184,0
33621,26184,0
33622,26121,44
33623,26184,0
33624,20403,4498
33625,26115,48
33626,26184,0
33627,25451,512
33628,26184,0
33629,25400,548
33630,26077,74
33631,25372,568
33632,26184,0
33633,16002,8878
33634,26184,0
33635,26184,0
33636,26184,0
33637,26184,0
33638,26184,0
33639,26184,0
33640,26184,0
33641,26184,0
33642,26184,0
33643,26184,0
33644,26184,0
33645,26184,0
33646,26184,0
33647,26184,0
33648,21955,3176
33649,26184,0
33650,26184,0
33651,26184,0
33652,25789,274
33653,26184,0
33654,26184,0
33655,26184,0
33656,18045,6712
33657,26184,0
33658,26184,0
33659,25861,224
33660,26184,0
33661,19215,5580
33662,26184,0
33663,26184,0
33664,25154,724
33665,24433,1248
33666,10881,15832
33667,26184,0
33668,26184,0
33669,26184,0
33670,26184,0
33671,26184,0
33672,26184,0
33673,26184,0
33674,26184,0
33675,23013,2328
33676,26184,0
33677,26121,44
33678,26184,0
33679,26184,0
33680,26184,0
33681,25485,488
33682,26184,0
33683,20578,4344
33684,26184,0
33685,26184,0
33686,25712,328
33687,25403,546
33688,26184,0
33689,1803,48246
33690,25389,556
33691,26184,0
33692,26184,0
33693,26184,0
33694,26184,0
33695,26184,0
33696,26184,0
33697,26184,0
33698,25294,624
33699,26184,0
33700,26184,0
33701,26184,0
33702,26184,0
33703,26184,0
33704,26184,0
33705,25559,436
33706,25933,174
33707,26184,0
33708,26184,0
33709,25861,224
33710,26184,0
33711,25477,494
33712,26184,0
33713,13324,12180
33714,26184,0
33715,26184,0
33716,26184,0
33717,897,60826
33718,26028,108
33719,26184,0
33720,26184,0
33721,26184,0
33722,26184,0
33723,26184,0
33724,26184,0
33725,25009,828
33726,26184,0
33727,25904,194
33728,26184,0
33729,26184,0
33730,26184,0
33731,26184,0
33732,26184,0
33733,24876,924
33734,26184,0
33735,21497,3556
33736,26184,0
33737,26184,0
33738,26184,0
33739,26184,0
33740,25165,716
33741,14087,11176
33742,26184,0
33743,24293,1352
33744,26184,0
33745,26184,0
33746,16414,8420
33747,26184,0
33748,26184,0
33749,26184,0
33750,24123,1478
33751,26184,0
33752,26184,0
33753,23082,2274
33754,24298,1348
33755,22613,2644
33756,25271,640
33757,26184,0
33758,26184,0
33759,26184,0
33760,26184,0
33761,26184,0
33762,22190,2984
33763,26184,0
33764,26184,0
33765,26184,0
33766,26184,0
33767,26184,0
33768,26184,0
33769,26184,0
33770,26184,0
33771,26184,0
33772,23791,1728
33773,26184,0
33774,26184,0
33775,26184,0
33776,26184,0
33777,26184,0
33778,26184,0
33779,22259,2928
33780,23262,2134
33781,21679,3404
33782,26184,0
33783,24766,1004
33784,26184,0
33785,23056,2294
33786,26184,0
33787,26184,0
33788,26184,0
33789,26184,0
33790,26184,0
33791,23105,2256
33792,22593,2660
33793,26184,0
33794,22890,2424
33795,26184,0
33796,26184,0
33797,26184,0
33798,25471,498
33799,25718,324
33800,26184,0
33801,26184,0
33802,26184,0
33803,25870,218
33804,26184,0
33805,26184,0
33806,25827,248
33807,26184,0
33808,26184,0
33809,26184,0
33810,14609,10520
33811,26184,0
33812,19830,5012
33813,25285,630
33814,22249,2936
33815,24945,874
33816,26184,0
33817,26184,0
33818,26184,0
33819,15269,9724
33820,26184,0
33821,26184,0
33822,26184,0
33823,26184,0
33824,26184,0
33825,22860,2448
33826,26184,0
33827,25389,556
33828,26184,0
33829,26184,0
33830,6147,26128
33831,25207,686
33832,26184,0
33833,26150,24
33834,26184,0
33835,25761,294
33836,23399,2028
33837,26184,0
33838,26184,0
33839,23963,1598
33840,26184,0
33841,26184,0
33842,26184,0
33843,25761,294
33844,26184,0
33845,25576,424
33846,23966,1596
33847,26184,0
33848,25513,468
33849,26184,0
33850,26184,0
33851,26184,0
33852,26184,0
33853,26184,0
33854,26184,0
33855,18639,6128
33856,23404,2024
33857,26184,0
33858,25090,770
33859,26184,0
33860,26184,0
33861,25400,548
33862,25690,344
33863,1591,50496
33864,26184,0
33865,25827,248
33866,26184,0
33867,26184,0
33868,22565,2682
33869,26184,0
33870,26184,0
33871,26184,0
33872,26184,0
33873,26060,86
33874,26184,0
33875,26184,0
33876,26184,0
33877,26184,0
33878,19513,5302
33879,25542,448
33880,26184,0
33881,26184,0
33882,26184,0
33883,26184,0
33884,18743,6028
33885,26184,0
33886,26184,0
33887,25570,428
33888,26184,0
33889,26184,0
33890,26184,0
33891,26184,0
33892,19155,5636
33893,26184,0
33894,26184,0
33895,26184,0
33896,26184,0
33897,26184,0
33898,26184,0
33899,26184,0
33900,24485,1210
33901,26184,0
33902,25769,288
33903,25749,302
33904,26184,0
33905,26184,0
33906,25400,548
33907,26184,0
33908,26184,0
33909,26184,0
33910,24981,848
33911,26184,0
33912,21564,3500
33913,26184,0
33914,22835,2468
33915,26184,0
33916,22703,2572
33917,26184,0
33918,23388,2036
33919,26184,0
33920,14324,10876
33921,26184,0
33922,26184,0
33923,26184,0
33924,26184,0
33925,26184,0
33926,24390,1280
33927,25370,570
33928,26184,0
33929,26184,0
33930,24196,1424
33931,25400,548
33932,26184,0
33933,24352,1308
33934,26184,0
33935,26184,0
33936,26184,0
33937,25988,136
33938,26184,0
33939,26184,0
33940,26184,0
33941,22420,2798
33942,26184,0
33943,26184,0
33944,23388,2036
33945,26184,0
33946,26184,0
33947,26184,0
33948,26184,0
33949,26184,0
33950,26184,0
33951,22744,2540
33952,26184,0
33953,25519,464
33954,26184,0
33955,26184,0
33956,26184,0
33957,26184,0
33958,26184,0
33959,26184,0
33960,26132,36
33961,25468,500
33962,26184,0
33963,26184,0
33964,26184,0
33965,26184,0
33966,26184,0
33967,26184,0
33968,26184,0
33969,25137,736
33970,25542,448
33971,24153,1456
33972,26184,0
33973,26184,0
33974,26184,0
33975,26184,0
33976,26184,0
33977,26184,0
33978,22759,2528
33979,26184,0
33980,24569,1148
33981,26184,0
33982,21708,3380
33983,6284,25730
33984,26184,0
33985,24558,1156
33986,26184,0
33987,23033,2312
33988,25690,344
33989,26184,0
33990,26184,0
33991,26184,0
33992,26184,0
33993,25641,378
33994,26184,0
33995,23274,2124
33996,26184,0
33997,26184,0
33998,26184,0
33999,25434,524
34000,26184,0
34001,26184,0
34002,26184,0
34003,25120,748
34004,26184,0
34005,25372,568
34006,26184,0
34007,25095,766
34008,26184,0
34009,26184,0
34010,1,210948
34011,25959,156
34012,23445,1992
34013,26184,0
34014,17736,7024
34015,10884,15828
34016,18440,6322
34017,16768,8036
34018,23324,2086
34019,26184,0
34020,26184,0
34021,26184,0
34022,26184,0
34023,26184,0
34024,26184,0
34025,26184,0
34026,26184,0
34027,26184,0
34028,26184,0
34029,26184,0
34030,26184,0
34031,26184,0
34032,26184,0
34033,5728,27400
34034,26184,0
34035,26184,0
34036,25855,228
34037,26184,0
34038,26184,0
34039,24247,1386
34040,26184,0
34041,26184,0
34042,26184,0
34043,26184,0
34044,26184,0
34045,26184,0
34046,26184,0
34047,19935,4916
34048,25810,260
34049,26184,0
34050,26184,0
34051,26184,0
34052,26184,0
34053,26184,0
34054,26184,0
34055,26150,24
34056,26184,0
34057,26184,0
34058,26184,0
34059,26184,0
34060,26184,0
34061,26184,0
34062,26184,0
34063,268,82580
34064,26184,0
34065,25545,446
34066,26184,0
34067,15211,9792
34068,26184,0
34069,24115,1484
34070,26184,0
34071,1,235660
34072,26184,0
34073,26184,0
34074,26184,0
34075,26184,0
34076,24515,1188
34077,26184,0
34078,26184,0
34079,26184,0
34080,26184,0
34081,25460,506
34082,20519,4396
34083,26184,0
34084,26184,0
34085,26184,0
34086,23243,2148
34087,26184,0
34088,26184,0
34089,26184,0
34090,26184,0
34091,26184,0
34092,26184,0
34093,23336,2076
34094,23560,1904
34095,26184,0
34096,26150,24
34097,25499,478
34098,25266,644
34099,25999,128
34100,26184,0
34101,26184,0
34102,26184,0
34103,26184,0
34104,26184,0
34105,26184,0
34106,26184,0
34107,23010,2330
34108,26184,0
34109,25827,248
34110,26184,0
34111,26184,0
34112,26184,0
34113,19324,5478
34114,26184,0
34115,26184,0
34116,24681,1066
34117,26184,0
34118,685,65696
34119,19009,5774
34120,26184,0
34121,26184,0
34122,24526,1180
34123,23649,1836
34124,26184,0
34125,25465,502
34126,26184,0
34127,26184,0
34128,26184,0
34129,25288,628
34130,26184,0
34131,26184,0
34132,26184,0
34133,22348,2856
34134,26184,0
34135,26115,48
34136,26048,94
34137,26184,0
34138,18722,6048
34139,26184,0
34140,26184,0
34141,26184,0
34142,25137,736
34143,25778,282
34144,23404,2024
34145,26184,0
34146,25933,174
34147,26184,0
34148,26184,0
34149,26184,0
34150,26184,0
34151,26184,0
34152,26184,0
34153,26184,0
34154,26184,0
34155,26184,0
34156,26184,0
34157,26184,0
34158,26184,0
34159,26184,0
34160,26184,0
34161,25260,648
34162,5711,27456
34163,26184,0
34164,26184,0
34165,19433,5376
34166,26184,0
34167,25789,274
34168,26184,0
34169,22200,2976
34170,26184,0
34171,26184,0
34172,26184,0
34173,24851,942
34174,26184,0
34175,26184,0
34176,26184,0
34177,886,61054
34178,24962,862
34179,26184,0
34180,26184,0
34181,23871,1668
34182,26184,0
34183,26184,0
34184,25204,688
34185,26184,0
34186,26184,0
34187,20225,4656
34188,25618,394
34189,26184,0
34190,23503,1948
34191,26184,0
34192,26184,0
34193,26184,0
34194,26184,0
34195,26184,0
34196,16590,8228
34197,26184,0
34198,26184,0
34199,26184,0
34200,25832,244
34201,26184,0
34202,26184,0
34203,26184,0
34204,26184,0
34205,26184,0
34206,26184,0
34207,26184,0
34208,26184,0
34209,2574,41820
34210,24263,1374
34211,26184,0
34212,25718,324
34213,26184,0
34214,25381,562
34215,26184,0
34216,26184,0
34217,18904,5874
34218,26184,0
34219,25190,698
34220,26184,0
34221,26184,0
34222,23929,1624
34223,26184,0
34224,26184,0
34225,25260,648
34226,6427,25324
34227,26184,0
34228,19885,4962
34229,23902,1644
34230,26184,0
34231,26184,0
34232,25576,424
34233,26184,0
34234,26184,0
34235,26184,0
34236,26068,80
34237,26184,0
34238,26184,0
34239,26184,0
34240,21699,3388
34241,26184,0
34242,26184,0
34243,17639,7122
34244,26184,0
34245,26184,0
34246,26184,0
34247,26184,0
34248,1522,51290
34249,26184,0
34250,26184,0
34251,26092,64
34252,25718,324
34253,26184,0
34254,25249,656
34255,26184,0
34256,26184,0
34257,26184,0
34258,26184,0
34259,26184,0
34260,24255,1380
34261,26184,0
34262,6521,25064
34263,26184,0
34264,26184,0
34265,26184,0
34266,26184,0
34267,26184,0
34268,26184,0
34269,25576,424
34270,26184,0
34271,26184,0
34272,26184,0
34273,26184,0
34274,26184,0
34275,25302,618
34276,16924,7868
34277,26184,0
34278,26048,94
34279,25364,574
34280,26184,0
34281,23036,2310
34282,26184,0
34283,26184,0
34284,26184,0
34285,25712,328
34286,25015,824
34287,26184,0
34288,25870,218
34289,26184,0
34290,26184,0
34291,26184,0
34292,25009,828
34293,26184,0
34294,26184,0
34295,26184,0
34296,26184,0
34297,26048,94
34298,26071,78
34299,26184,0
34300,14402,10778
34301,26184,0
34302,23660,1828
34303,24706,1048
34304,26184,0
34305,26184,0
34306,26184,0
34307,26184,0
34308,26184,0
34309,26184,0
34310,26184,0
34311,24871,928
34312,26184,0
34313,26184,0
34314,25434,524
34315,26184,0
34316,14167,11074
34317,26184,0
34318,26184,0
34319,23487,1960
34320,26184,0
34321,26184,0
34322,26184,0
34323,6286,25724
34324,26184,0
34325,22931,2392
34326,25855,228
34327,26184,0
34328,26184,0
34329,26184,0
34330,26184,0
34331,26184,0
34332,26184,0
34333,25009,828
34334,26184,0
34335,26184,0
34336,26184,0
34337,26184,0
34338,26184,0
34339,21058,3928
34340,26184,0
34341,24937,880
34342,24258,1378
34343,26184,0
34344,26184,0
34345,19382,5424
34346,22736,2546
34347,25701,336
34348,24463,1226
34349,26184,0
34350,26184,0
34351,26184,0
34352,26184,0
34353,26184,0
34354,21778,3322
34355,26184,0
34356,958,59634
34357,26184,0
34358,26184,0
34359,24678,1068
34360,25547,444
34361,26115,48
34362,26086,68
34363,26184,0
34364,26184,0
34365,26184,0
34366,25735,312
34367,26184,0
34368,26184,0
34369,26184,0
34370,24572,1146
34371,26184,0
34372,21426,3616
34373,26184,0
34374,26184,0
34375,23660,1828
34376,26184,0
34377,24083,1508
34378,26184,0
34379,26184,0
34380,26184,0
34381,26184,0
34382,26184,0
34383,24835,954
34384,26184,0
34385,26184,0
34386,26184,0
34387,26184,0
34388,23018,2324
34389,26184,0
34390,26184,0
34391,26184,0
34392,26184,0
34393,26184,0
34394,26184,0
34395,26184,0
34396,26184,0
34397,26184,0
34398,22992,2344
34399,26184,0
34400,25137,736
34401,23225,2162
34402,26184,0
34403,26184,0
34404,26184,0
34405,26184,0
34406,26184,0
34407,15988,8894
34408,24876,924
34409,26184,0
34410,24706,1048
34411,26184,0
34412,25755,298
34413,26184,0
34414,21689,3396
34415,25613,398
34416,26184,0
34417,26184,0
34418,26184,0
34419,26184,0
34420,26184,0
34421,26184,0
34422,26184,0
34423,26184,0
34424,19403,5404
34425,26184,0
34426,26184,0
34427,26184,0
34428,26184,0
34429,26184,0
34430,26184,0
34431,26184,0
34432,24876,924
34433,26184,0
34434,26184,0
34435,26184,0
34436,26184,0
34437,26184,0
34438,26184,0
34439,26184,0
34440,25154,724
34441,26184,0
34442,25243,660
34443,25471,498
34444,23728,1776
34445,26184,0
34446,25260,648
34447,26184,0
34448,26184,0
34449,26184,0
34450,26184,0
34451,26184,0
34452,25406,544
34453,26184,0
34454,26184,0
34455,26184,0
34456,26184,0
34457,26184,0
34458,26184,0
34459,26184,0
34460,24148,1460
34461,26184,0
34462,24871,928
34463,573,68904
34464,25530,456
34465,26184,0
34466,26184,0
34467,12934,12716
34468,26184,0
34469,16389,8448
34470,12586,13208
34471,25330,598
34472,26184,0
34473,26184,0
34474,26184,0
34475,22326,2874
34476,24887,916
34477,24711,1044
34478,26184,0
34479,26184,0
34480,26184,0
34481,26184,0
34482,26184,0
34483,23440,1996
34484,24981,848
34485,26184,0
34486,26184,0
34487,26184,0
34488,26184,0
34489,26184,0
34490,25009,828
34491,26184,0
34492,26184,0
34493,26184,0
34494,26184,0
34495,26184,0
34496,26184,0
34497,26184,0
34498,25154,724
34499,26184,0
34500,20651,4280
34501,26184,0
34502,26184,0
34503,25827,248
34504,26184,0
34505,22686,2586
34506,23249,2144
34507,26184,0
34508,26184,0
34509,26184,0
34510,26184,0
34511,26184,0
34512,26184,0
34513,26184,0
34514,26184,0
34515,26184,0
34516,25610,400
34517,24501,1198
34518,26184,0
34519,23430,2004
34520,26184,0
34521,26184,0
34522,26184,0
34523,25638,380
34524,26184,0
34525,26184,0
34526,26184,0
34527,26184,0
34528,26184,0
34529,21970,3164
34530,26184,0
34531,26184,0
34532,26184,0
34533,26184,0
34534,26184,0
34535,26184,0
34536,26184,0
34537,26184,0
34538,26184,0
34539,24003,1568
34540,26184,0
34541,26184,0
34542,26184,0
34543,26184,0
34544,26184,0
34545,26184,0
34546,25861,224
34547,26184,0
34548,26184,0
34549,26184,0
34550,26184,0
34551,26184,0
34552,26184,0
34553,25294,624
34554,26184,0
34555,26184,0
34556,21298,3724
34557,26184,0
34558,26184,0
34559,15905,8988
34560,26184,0
34561,26184,0
34562,26184,0
34563,26184,0
34564,26184,0
34565,26184,0
34566,24733,1028
34567,26184,0
34568,26184,0
34569,22448,2776
34570,25417,536
34571,23728,1776
34572,26184,0
34573,24816,968
34574,26184,0
34575,25294,624
34576,26184,0
34577,25672,356
34578,25570,428
34579,26184,0
34580,24412,1264
34581,26184,0
34582,26184,0
34583,23534,1924
34584,26184,0
34585,26184,0
34586,26184,0
34587,26184,0
34588,26184,0
34589,26184,0
34590,26184,0
34591,26184,0
34592,25844,236
34593,24857,938
34594,18348,6412
34595,26184,0
34596,25350,584
34597,26184,0
34598,26184,0
34599,18666,6102
34600,26184,0
34601,26184,0
34602,26184,0
34603,26184,0
34604,26184,0
34605,26184,0
34606,26063,84
34607,26184,0
34608,26184,0
34609,26184,0
34610,24912,898
34611,19382,5424
34612,12666,13094
34613,26184,0
34614,26184,0
34615,26184,0
34616,11113,15452
34617,26184,0
34618,26184,0
34619,24613,1116
34620,26184,0
34621,26184,0
34622,26184,0
34623,1413,52630
34624,23857,1678
34625,26184,0
34626,22708,2568
34627,26184,0
34628,26184,0
34629,26184,0
34630,26184,0
34631,23791,1728
34632,26184,0
34633,26184,0
34634,26184,0
34635,20346,4548
34636,26184,0
34637,26184,0
34638,26184,0
34639,6402,25396
34640,26184,0
34641,26184,0
34642,26184,0
34643,26184,0
34644,26184,0
34645,26184,0
34646,26184,0
34647,26184,0
34648,23002,2336
34649,26184,0
34650,24976,852
34651,26184,0
34652,24479,1214
34653,26184,0
34654,26184,0
34655,26184,0
34656,26184,0
34657,26184,0
34658,25218,678
34659,26184,0
34660,24613,1116
34661,26184,0
34662,26184,0
34663,26184,0
34664,26184,0
34665,26184,0
34666,26184,0
34667,23018,2324
34668,26144,28
34669,26184,0
34670,26184,0
34671,24164,1448
34672,26184,0
34673,26184,0
34674,26060,86
34675,26184,0
34676,26184,0
34677,23623,1856
34678,26184,0
34679,26184,0
34680,25378,564
34681,26184,0
34682,2495,42384
34683,26184,0
34684,26184,0
34685,26184,0
34686,25576,424
34687,21166,3836
34688,23115,2248
34689,26184,0
34690,26109,52
34691,26184,0
34692,22850,2456
34693,26184,0
34694,26184,0
34695,26184,0
34696,21507,3548
34697,26184,0
34698,26184,0
34699,26184,0
34700,26184,0
34701,26184,0
34702,26184,0
34703,26184,0
34704,26184,0
34705,26184,0
34706,26184,0
34707,26184,0
34708,26184,0
34709,26184,0
34710,25650,372
34711,25784,278
34712,26184,0
34713,26184,0
34714,26184,0
34715,22031,3114
34716,26077,74
34717,26184,0
34718,25516,466
34719,25547,444
34720,25701,336
34721,26184,0
34722,26184,0
34723,26184,0
34724,26184,0
34725,26184,0
34726,24504,1196
34727,22771,2518
34728,26184,0
34729,26184,0
34730,26184,0
34731,23200,2182
34732,26184,0
34733,20715,4224
34734,18446,6316
34735,24212,1412
34736,24466,1224
34737,26184,0
34738,26184,0
34739,26184,0
34740,26184,0
34741,26184,0
34742,26184,0
34743,26184,0
34744,26184,0
34745,26184,0
34746,26184,0
34747,26184,0
34748,26121,44
34749,26184,0
34750,26184,0
34751,24802,978
34752,26184,0
34753,26184,0
34754,26184,0
34755,21272,3746
34756,26184,0
34757,26184,0
34758,26184,0
34759,26184,0
34760,26184,0
34761,25224,674
34762,26184,0
34763,26184,0
34764,25684,348
34765,26184,0
34766,25815,256
34767,26184,0
34768,22578,2672
34769,26184,0
34770,22065,3086
34771,26184,0
34772,26184,0
34773,24596,1128
34774,26184,0
34775,26184,0
34776,26184,0
34777,26184,0
34778,25855,228
34779,26184,0
34780,26184,0
34781,26184,0
34782,26184,0
34783,26184,0
34784,26184,0
34785,26184,0
34786,23233,2156
34787,26184,0
34788,13138,12434
34789,26184,0
34790,26184,0
34791,26184,0
34792,24266,1372
34793,26184,0
34794,26184,0
34795,26184,0
34796,26184,0
34797,26184,0
34798,25417,536
34799,26184,0
34800,26184,0
34801,23378,2044
34802,26184,0
34803,25266,644
34804,26184,0
34805,25417,536
34806,26184,0
34807,26184,0
34808,26184,0
34809,26184,0
34810,26184,0
34811,22326,2874
34812,26184,0
34813,24876,924
34814,17239,7536
34815,25471,498
34816,26184,0
34817,26184,0
34818,26086,68
34819,26184,0
34820,24973,854
34821,23466,1976
34822,26184,0
34823,25437,522
34824,26184,0
34825,26184,0
34826,26184,0
34827,17854,6904
34828,26184,0
34829,26184,0
34830,26184,0
34831,24945,874
34832,26184,0
34833,25712,328
34834,26184,0
34835,26184,0
34836,10070,17228
34837,26184,0
34838,26184,0
34839,26184,0
34840,26184,0
34841,26184,0
34842,26184,0
34843,25755,298
34844,26184,0
34845,26184,0
34846,26184,0
34847,1373,53150
34848,22087,3068
34849,26184,0
34850,26184,0
34851,26184,0
34852,25630,386
34853,24030,1548
34854,24687,1062
34855,26184,0
34856,23913,1636
34857,26184,0
34858,26184,0
34859,20523,4392
34860,26184,0
34861,26184,0
34862,26184,0
34863,26184,0
34864,26184,0
34865,26184,0
34866,17890,6868
34867,22799,2496
34868,26184,0
34869,26184,0
34870,26184,0
34871,26184,0
34872,25325,602
34873,26184,0
34874,26184,0
34875,23620,1858
34876,26184,0
34877,22764,2524
34878,23225,2162
34879,25547,444
34880,25576,424
34881,21989,3148
34882,23120,2244
34883,26184,0
34884,26184,0
34885,26184,0
34886,21,108296
34887,26184,0
34888,26184,0
34889,23529,1928
34890,26184,0
34891,26184,0
34892,24739,1024
34893,26184,0
34894,26184,0
34895,23469,1974
34896,22703,2572
34897,21742,3352
34898,26184,0
34899,26184,0
34900,26184,0
34901,22009,3132
34902,23146,2224
34903,24706,1048
34904,26184,0
34905,26184,0
34906,24871,928
34907,20644,4286
34908,26184,0
34909,26184,0
34910,26184,0
34911,26184,0
34912,26184,0
34913,26184,0
34914,26184,0
34915,26184,0
34916,26184,0
34917,24531,1176
34918,26184,0
34919,26184,0
34920,26184,0
34921,25718,324
34922,23048,2300
34923,23043,2304
34924,26184,0
34925,26184,0
34926,26184,0
34927,26184,0
34928,23169,2206
34929,26184,0
34930,22141,3024
34931,19079,5708
34932,26184,0
34933,26184,0
34934,26184,0
34935,26184,0
34936,26184,0
34937,26184,0
34938,26184,0
34939,26184,0
34940,26184,0
34941,13038,12572
34942,25795,270
34943,26184,0
34944,25718,324
34945,26184,0
34946,25861,224
34947,26184,0
34948,26184,0
34949,26184,0
34950,26184,0
34951,24915,896
34952,25827,248
34953,26184,0
34954,26184,0
34955,26184,0
34956,26184,0
34957,25361,576
34958,26184,0
34959,26184,0
34960,26184,0
34961,19193,5600
34962,26184,0
34963,25576,424
34964,17755,7004
34965,26184,0
34966,26184,0
34967,26184,0
34968,6513,25086
34969,26184,0
34970,19062,5724
34971,26184,0
34972,26184,0
34973,25647,374
34974,25701,336
34975,26184,0
34976,26184,0
34977,23665,1824
34978,26184,0
34979,23924,1628
34980,24164,1448
34981,26184,0
34982,26184,0
34983,26184,0
34984,26184,0
34985,26184,0
34986,26184,0
34987,26184,0
34988,26184,0
34989,16686,8124
34990,26184,0
34991,26184,0
34992,25827,248
34993,26184,0
34994,26184,0
34995,25429,528
34996,26184,0
34997,21936,3192
34998,26184,0
34999,26184,0
35000,26184,0
35001,26184,0
35002,25644,376
35003,26184,0
35004,23649,1836
35005,26184,0
35006,22230,2952
35007,25570,428
35008,26184,0
35009,25999,128
35010,26184,0
35011,26184,0
35012,26184,0
35013,26184,0
35014,26184,0
35015,23871,1668
35016,25288,628
35017,26184,0
35018,26184,0
35019,26184,0
35020,26184,0
35021,26184,0
35022,24330,1324
35023,26184,0
35024,24580,1140
35025,26184,0
35026,26184,0
35027,26184,0
35028,26184,0
35029,26144,28
35030,26184,0
35031,22136,3028
35032,26121,44
35033,23966,1596
35034,26184,0
35035,26184,0
35036,26184,0
35037,26115,48
35038,26184,0
35039,23339,2074
35040,26184,0
35041,26184,0
35042,19816,5024
35043,26184,0
35044,24739,1024
35045,26184,0
35046,26184,0
35047,25988,136
35048,26184,0
35049,26184,0
35050,26184,0
35051,25570,428
35052,26184,0
35053,16411,8424
35054,21655,3424
35055,20615,4312
35056,26184,0
35057,19062,5724
35058,26184,0
35059,26184,0
35060,24339,1318
35061,24602,1124
35062,25525,460
35063,26184,0
35064,26184,0
35065,26184,0
35066,25832,244
35067,26184,0
35068,26184,0
35069,25789,274
35070,26184,0
35071,26184,0
35072,26184,0
35073,18594,6172
35074,26184,0
35075,26184,0
35076,26184,0
35077,26115,48
35078,26184,0
35079,26184,0
35080,26184,0
35081,24970,856
35082,26184,0
35083,26184,0
35084,26184,0
35085,26184,0
35086,16538,8284
35087,26184,0
35088,24330,1324
35089,24409,1266
35090,25101,762
35091,26184,0
35092,26184,0
35093,24466,1224
35094,26184,0
35095,20261,4624
35096,26184,0
35097,26184,0
35098,18851,5924
35099,21574,3492
35100,25115,752
35101,24998,836
35102,26184,0
35103,23725,1778
35104,23308,2098
35105,26184,0
35106,24651,1088
35107,26184,0
35108,20369,4528
35109,26184,0
35110,26184,0
35111,26184,0
35112,21624,3450
35113,26184,0
35114,24325,1328
35115,26184,0
35116,22267,2922
35117,26121,44
35118,26184,0
35119,26184,0
35120,20826,4128
35121,24339,1318
35122,26184,0
35123,26184,0
35124,23440,1996
35125,26184,0
35126,15873,9024
35127,26184,0
35128,26184,0
35129,26184,0
35130,26184,0
35131,25664,362
35132,26184,0
35133,26184,0
35134,25277,636
35135,20909,4056
35136,25861,224
35137,26184,0
35138,20900,4064
35139,26184,0
35140,26184,0
35141,26184,0
35142,26184,0
35143,26184,0
35144,26184,0
35145,26184,0
35146,26184,0
35147,26184,0
35148,24466,1224
35149,19918,4932
35150,26184,0
35151,21531,3528
35152,22908,2410
35153,26184,0
35154,26184,0
35155,26184,0
35156,25970,148
35157,26184,0
35158,26184,0
35159,26184,0
35160,26184,0
35161,26184,0
35162,26184,0
35163,26184,0
35164,26184,0
35165,25855,228
35166,26184,0
35167,25878,212
35168,26184,0
35169,26184,0
35170,26184,0
35171,26184,0
35172,25240,662
35173,18833,5942
35174,21783,3318
35175,26184,0
35176,26184,0
35177,26184,0
35178,26184,0
35179,26184,0
35180,26184,0
35181,26184,0
35182,26184,0
35183,24739,1024
35184,26184,0
35185,24670,1074
35186,26184,0
35187,16643,8170
35188,26071,78
35189,26184,0
35190,26184,0
35191,26184,0
35192,26184,0
35193,26184,0
35194,26184,0
35195,26184,0
35196,25942,168
35197,26184,0
35198,26184,0
35199,26184,0
35200,26184,0
35201,26184,0
35202,24662,1080
35203,26184,0
35204,25154,724
35205,26184,0
35206,25988,136
35207,26184,0
35208,26184,0
35209,26184,0
35210,25023,818
35211,26184,0
35212,25878,212
35213,26184,0
35214,26184,0
35215,23324,2086
35216,24339,1318
35217,26184,0
35218,26184,0
35219,23161,2212
35220,26184,0
35221,26184,0
35222,26184,0
35223,26184,0
35224,26184,0
35225,26184,0
35226,26184,0
35227,26184,0
35228,24882,920
35229,26184,0
35230,25684,348
35231,19244,5552
35232,25827,248
35233,23886,1656
35234,21037,3946
35235,6832,24224
35236,26184,0
35237,26184,0
35238,26184,0
35239,26184,0
35240,14028,11252
35241,24940,878
35242,26184,0
35243,14972,10078
35244,26184,0
35245,23534,1924
35246,26184,0
35247,26184,0
35248,26184,0
35249,26184,0
35250,25559,436
35251,26184,0
35252,26184,0
35253,26184,0
35254,22237,2946
35255,25120,748
35256,26184,0
35257,22513,2724
35258,25190,698
35259,26184,0
35260,26184,0
35261,21831,3278
35262,26184,0
35263,25389,556
35264,26184,0
35265,26184,0
35266,25890,204
35267,26184,0
35268,26184,0
35269,26184,0
35270,24164,1448
35271,25434,524
35272,26184,0
35273,16775,8028
35274,26184,0
35275,25207,686
35276,26184,0
35277,26184,0
35278,25542,448
35279,26184,0
35280,26184,0
35281,26184,0
35282,26184,0
35283,26184,0
35284,26184,0
35285,25864,222
35286,24180,1436
35287,24763,1006
35288,26184,0
35289,26184,0
35290,26184,0
35291,26184,0
35292,26184,0
35293,26184,0
35294,23731,1774
35295,26184,0
35296,26144,28
35297,26184,0
35298,26184,0
35299,22107,3052
35300,26184,0
35301,26184,0
35302,21531,3528
35303,23534,1924
35304,24504,1196
35305,26184,0
35306,26184,0
35307,26184,0
35308,26184,0
35309,25690,344
35310,25712,328
35311,24920,892
35312,26184,0
35313,26184,0
35314,26184,0
35315,25970,148
35316,26184,0
35317,26184,0
35318,26184,0
35319,1481,51792
35320,26184,0
35321,26184,0
35322,26184,0
35323,26184,0
35324,24330,1324
35325,26184,0
35326,22176,2996
35327,26184,0
35328,26184,0
35329,26184,0
35330,24320,1332
35331,25168,714
35332,14684,10428
35333,26184,0
35334,26184,0
35335,26184,0
35336,26184,0
35337,26184,0
35338,24374,1292
35339,23179,2198
35340,24330,1324
35341,26184,0
35342,21648,3430
35343,20011,4848
35344,26184,0
35345,26184,0
35346,26184,0
35347,24057,1528
35348,25613,398
35349,26184,0
35350,26184,0
35351,24876,924
35352,24575,1144
35353,26184,0
35354,26184,0
35355,26184,0
35356,19272,5526
35357,25576,424
35358,10411,16628
35359,26184,0
35360,25015,824
35361,23308,2098
35362,25137,736
35363,26184,0
35364,18411,6350
35365,26184,0
35366,26077,74
35367,22987,2348
35368,26184,0
35369,26184,0
35370,26184,0
35371,24153,1456
35372,26184,0
35373,26184,0
35374,26184,0
35375,26184,0
35376,24945,874
35377,26184,0
35378,26184,0
35379,26184,0
35380,26184,0
35381,26184,0
35382,26184,0
35383,26184,0
35384,26184,0
35385,23649,1836
35386,26184,0
35387,25827,248
35388,25804,264
35389,26184,0
35390,24876,924
35391,26184,0
35392,26184,0
35393,26016,116
35394,26184,0
35395,26184,0
35396,26184,0
35397,25684,348
35398,24987,844
35399,26184,0
35400,24876,924
35401,26184,0
35402,26184,0
35403,23404,2024
35404,26184,0
35405,26184,0
35406,26184,0
35407,26184,0
35408,14914,10148
35409,26184,0
35410,25761,294
35411,21848,3264
35412,25260,648
35413,26184,0
35414,22987,2348
35415,26184,0
35416,16300,8546
35417,16484,8344
35418,26184,0
35419,26184,0
35420,26184,0
35421,26184,0
35422,25576,424
35423,26184,0
35424,26184,0
35425,26184,0
35426,26184,0
35427,23138,2230
35428,26184,0
35429,26184,0
35430,26184,0
35431,26184,0
35432,26184,0
35433,26184,0
35434,23453,1986
35435,26184,0
35436,26184,0
35437,26184,0
35438,26184,0
35439,26184,0
35440,25827,248
35441,26184,0
35442,25815,256
35443,26184,0
35444,1627,50096
35445,26184,0
35446,26184,0
35447,26184,0
35448,24298,1348
35449,25827,248
35450,26184,0
35451,24640,1096
35452,26184,0
35453,26184,0
35454,26184,0
35455,24909,900
35456,26184,0
35457,25434,524
35458,26184,0
35459,26184,0
35460,26184,0
35461,26184,0
35462,17298,7474
35463,22311,2886
35464,26184,0
35465,26184,0
35466,26184,0
35467,8158,21024
35468,4590,31394
35469,26184,0
35470,26184,0
35471,26184,0
35472,24843,948
35473,26184,0
35474,3891,34372
35475,26092,64
35476,26184,0
35477,25718,324
35478,24954,868
35479,25690,344
35480,19944,4908
35481,26184,0
35482,26184,0
35483,26184,0
35484,25505,474
35485,24602,1124
35486,26184,0
35487,23053,2296
35488,26184,0
35489,26184,0
35490,26086,68
35491,17220,7556
35492,26184,0
35493,26184,0
35494,26184,0
35495,24733,1028
35496,25009,828
35497,26184,0
35498,25137,736
35499,22383,2828
35500,26184,0
35501,26184,0
35502,26184,0
35503,26184,0
35504,24572,1146
35505,26184,0
35506,26184,0
35507,26184,0
35508,26184,0
35509,25310,612
35510,20847,4110
35511,26184,0
35512,25154,724
35513,26184,0
35514,25170,712
35515,26184,0
35516,26184,0
35517,26184,0
35518,26184,0
35519,25065,788
35520,26184,0
35521,26184,0
35522,26184,0
35523,26184,0
35524,24196,1424
35525,26184,0
35526,26184,0
35527,26184,0
35528,25294,624
35529,23781,1736
35530,26184,0
35531,26184,0
35532,26184,0
35533,25970,148
35534,22860,2448
35535,26184,0
35536,26184,0
35537,26184,0
35538,26150,24
35539,26184,0
35540,26184,0
35541,26184,0
35542,26184,0
35543,26184,0
35544,25015,824
35545,26184,0
35546,24517,1186
35547,26184,0
35548,26184,0
35549,26184,0
35550,20191,4686
35551,26184,0
35552,26184,0
35553,26042,98
35554,26184,0
35555,24896,910
35556,26184,0
35557,25718,324
35558,23886,1656
35559,26184,0
35560,25224,674
35561,26184,0
35562,26184,0
35563,18434,6328
35564,26184,0
35565,11762,14428
35566,26184,0
35567,26184,0
35568,23592,1880
35569,25017,822
35570,26184,0
35571,26103,56
35572,24799,980
35573,26184,0
35574,26184,0
35575,26184,0
35576,26184,0
35577,23477,1968
35578,26184,0
35579,26184,0
35580,26184,0
35581,14668,10448
35582,26184,0
35583,24915,896
35584,26184,0
35585,26184,0
35586,26184,0
35587,26184,0
35588,26184,0
35589,26184,0
35590,26184,0
35591,23370,2050
35592,26184,0
35593,25294,624
35594,24777,996
35595,1,119134
35596,26184,0
35597,26184,0
35598,26184,0
35599,22097,3060
35600,1457,52080
35601,25542,448
35602,19962,4892
35603,18977,5804
35604,26184,0
35605,22126,3036
35606,26184,0
35607,26184,0
35608,26184,0
35609,14751,10346
35610,26184,0
35611,26184,0
35612,25570,428
35613,26184,0
35614,25120,748
35615,26184,0
35616,25576,424
35617,26184,0
35618,26184,0
35619,26184,0
35620,25630,386
35621,26184,0
35622,25933,174
35623,25712,328
35624,26184,0
35625,26184,0
35626,26184,0
35627,26184,0
35628,26184,0
35629,26184,0
35630,26184,0
35631,26184,0
35632,26184,0
35633,24062,1524
35634,26086,68
35635,26184,0
35636,26184,0
35637,26184,0
35638,22764,2524
35639,23660,1828
35640,26184,0
35641,26184,0
35642,19405,5402
35643,26184,0
35644,26184,0
35645,26184,0
35646,26184,0
35647,26184,0
35648,26184,0
35649,25570,428
35650,26184,0
35651,26077,74
35652,25570,428
35653,26184,0
35654,26184,0
35655,25712,328
35656,23924,1628
35657,25148,728
35658,26184,0
35659,26184,0
35660,26184,0
35661,6708,24554
35662,26184,0
35663,16102,8766
35664,26184,0
35665,26184,0
35666,26184,0
35667,26184,0
35668,24629,1104
35669,26184,0
35670,26184,0
35671,24637,1098
35672,26184,0
35673,26184,0
35674,26184,0
35675,26184,0
35676,26184,0
35677,25339,592
35678,26184,0
35679,25294,624
35680,21293,3728
35681,26184,0
35682,26184,0
35683,26184,0
35684,26184,0
35685,26184,0
35686,26184,0
35687,20346,4548
35688,26184,0
35689,26184,0
35690,26184,0
35691,21502,3552
35692,26184,0
35693,24065,1522
35694,26184,0
35695,20624,4304
35696,26184,0
35697,26184,0
35698,26184,0
35699,26184,0
35700,26184,0
35701,26184,0
35702,25601,406
35703,26184,0
35704,25494,482
35705,26184,0
35706,26184,0
35707,26184,0
35708,23097,2262
35709,26184,0
35710,26184,0
35711,26184,0
35712,26184,0
35713,21776,3324
35714,26184,0
35715,26184,0
35716,26184,0
35717,26184,0
35718,25109,756
35719,26184,0
35720,26184,0
35721,26184,0
35722,26184,0
35723,26184,0
35724,26184,0
35725,26184,0
35726,26184,0
35727,25999,128
35728,26184,0
35729,1,209846
35730,24330,1324
35731,26184,0
35732,26184,0
35733,26184,0
35734,26184,0
35735,26184,0
35736,26184,0
35737,22338,2864
35738,26184,0
35739,26184,0
35740,26184,0
35741,26184,0
35742,26184,0
35743,26184,0
35744,26184,0
35745,26184,0
35746,26184,0
35747,26184,0
35748,26184,0
35749,22068,3084
35750,24733,1028
35751,26184,0
35752,26184,0
35753,26184,0
35754,26184,0
35755,26184,0
35756,26184,0
35757,22603,2652
35758,13055,12548
35759,26184,0
35760,26184,0
35761,25350,584
35762,26184,0
35763,26184,0
35764,26184,0
35765,26184,0
35766,26184,0
35767,26184,0
35768,26184,0
35769,25913,188
35770,24371,1294
35771,26184,0
35772,26184,0
35773,26184,0
35774,25701,336
35775,26184,0
35776,11284,15176
35777,26184,0
35778,6356,25524
35779,26184,0
35780,25672,356
35781,26184,0
35782,26184,0
35783,26184,0
35784,26184,0
35785,26184,0
35786,26184,0
35787,26184,0
35788,26184,0
35789,26184,0
35790,25815,256
35791,26184,0
35792,26184,0
35793,25690,344
35794,26184,0
35795,24602,1124
35796,26184,0
35797,26184,0
35798,25294,624
35799,26184,0
35800,18055,6702
35801,26184,0
35802,26184,0
35803,25496,480
35804,26184,0
35805,26184,0
35806,26184,0
35807,25576,424
35808,26184,0
35809,26184,0
35810,26184,0
35811,26184,0
35812,26184,0
35813,24695,1056
35814,25570,428
35815,26184,0
35816,26184,0
35817,26184,0
35818,26184,0
35819,26184,0
35820,25896,200
35821,26184,0
35822,26184,0
35823,26184,0
35824,26184,0
35825,26184,0
35826,26184,0
35827,26184,0
35828,26184,0
35829,25712,328
35830,22361,2846
35831,26184,0
35832,21388,3648
35833,22987,2348
35834,23966,1596
35835,26184,0
35836,26184,0
35837,22575,2674
35838,22890,2424
35839,14172,11068
35840,26184,0
35841,26184,0
35842,25670,358
35843,26184,0
35844,26184,0
35845,26184,0
35846,26184,0
35847,26184,0
35848,26184,0
35849,26184,0
35850,26184,0
35851,26184,0
35852,26184,0
35853,26184,0
35854,26184,0
35855,26184,0
35856,22455,2770
35857,26184,0
35858,26184,0
35859,26184,0
35860,26184,0
35861,26184,0
35862,26184,0
35863,26184,0
35864,16296,8550
35865,26028,108
35866,26184,0
35867,26184,0
35868,26184,0
35869,26184,0
35870,26184,0
35871,22708,2568
35872,26184,0
35873,26184,0
35874,14416,10760
35875,26184,0
35876,22977,2356
35877,26184,0
35878,26184,0
35879,26184,0
35880,26184,0
35881,26184,0
35882,25505,474
35883,25434,524
35884,26184,0
35885,26184,0
35886,26184,0
35887,22764,2524
35888,26184,0
35889,26184,0
35890,14704,10404
35891,21454,3592
35892,26184,0
35893,26184,0
35894,26184,0
35895,26184,0
35896,26184,0
35897,26184,0
35898,23691,1804
35899,21180,3824
35900,26184,0
35901,26184,0
35902,26184,0
35903,26184,0
35904,23141,2228
35905,25861,224
35906,26184,0
35907,26184,0
35908,26184,0
35909,26184,0
35910,26184,0
35911,16349,8492
35912,26184,0
35913,23435,2000
35914,24909,900
35915,26184,0
35916,26184,0
35917,26184,0
35918,26184,0
35919,26184,0
35920,25530,456
35921,25375,566
35922,1556,50892
35923,26184,0
35924,26184,0
35925,26184,0
35926,26184,0
35927,26184,0
35928,25827,248
35929,24722,1036
35930,25154,724
35931,26184,0
35932,26184,0
35933,26184,0
35934,25855,228
35935,14889,10178
35936,22289,2904
35937,26184,0
35938,26184,0
35939,26132,36
35940,21603,3468
35941,11825,14332
35942,25417,536
35943,26184,0
35944,25712,328
35945,25844,236
35946,26184,0
35947,26184,0
35948,26184,0
35949,25294,624
35950,26184,0
35951,26184,0
35952,26184,0
35953,26184,0
35954,26184,0
35955,26184,0
35956,17639,7122
35957,26184,0
35958,26184,0
35959,26184,0
35960,26184,0
35961,26184,0
35962,25630,386
35963,19949,4904
35964,26184,0
35965,26184,0
35966,26184,0
35967,26184,0
35968,26184,0
35969,21737,3356
35970,26184,0
35971,26184,0
35972,26184,0
35973,25641,378
35974,25890,204
35975,26184,0
35976,26184,0
35977,26184,0
35978,25727,318
35979,26184,0
35980,25400,548
35981,26184,0
35982,26184,0
35983,26184,0
35984,26184,0
35985,26184,0
35986,25942,168
35987,26184,0
35988,26184,0
35989,26184,0
35990,26184,0
35991,22553,2692
35992,26184,0
35993,22080,3074
35994,26184,0
35995,26184,0
35996,26184,0
35997,26184,0
35998,25137,736
35999,26184,0
36000,26184,0
36001,26184,0
36002,26184,0
36003,26184,0
36004,11352,15068
36005,20135,4736
36006,15986,8896
36007,26184,0
36008,26184,0
36009,26184,0
36010,26184,0
36011,25927,178
36012,26184,0
36013,25148,728
36014,26184,0
36015,26184,0
36016,24129,1474
36017,26074,76
36018,26184,0
36019,25126,744
36020,26184,0
36021,26184,0
36022,26184,0
36023,26184,0
36024,26184,0
36025,26184,0
36026,26184,0
36027,26184,0
36028,23182,2196
36029,26184,0
36030,26184,0
36031,20288,4600
36032,23797,1724
36033,23990,1578
36034,22781,2510
36035,25159,720
36036,26184,0
36037,26184,0
36038,25930,176
36039,25921,182
36040,25358,578
36041,24706,1048
36042,26184,0
36043,26184,0
36044,23287,2114
36045,26184,0
36046,26184,0
36047,26184,0
36048,19294,5506
36049,21414,3626
36050,26184,0
36051,26184,0
36052,24030,1548
36053,26184,0
36054,26184,0
36055,26184,0
36056,26184,0
36057,26184,0
36058,26184,0
36059,25294,624
36060,26184,0
36061,26184,0
36062,26184,0
36063,26184,0
36064,26184,0
36065,26184,0
36066,26184,0
36067,26184,0
36068,1,109690
36069,25542,448
36070,26184,0
36071,26184,0
36072,26184,0
36073,18612,6154
36074,24954,868
36075,26184,0
36076,26184,0
36077,26184,0
36078,25015,824
36079,26184,0
36080,26184,0
36081,26184,0
36082,26184,0
36083,26184,0
36084,26184,0
36085,26184,0
36086,22749,2536
36087,26184,0
36088,2583,41762
36089,26184,0
36090,26184,0
36091,24596,1128
36092,26184,0
36093,24739,1024
36094,26184,0
36095,26184,0
36096,26184,0
36097,24466,1224
36098,16264,8586
36099,25012,826
36100,26184,0
36101,26184,0
36102,26184,0
36103,26184,0
36104,22860,2448
36105,26184,0
36106,25288,628
36107,26184,0
36108,26184,0
36109,23571,1896
36110,26184,0
36111,26184,0
36112,26184,0
36113,26184,0
36114,96,101176
36115,26184,0
36116,23607,1868
36117,26184,0
36118,26184,0
36119,20670,4264
36120,24062,1524
36121,26184,0
36122,25570,428
36123,22628,2632
36124,25336,594
36125,26184,0
36126,26184,0
36127,26184,0
36128,26184,0
36129,26184,0
36130,26092,64
36131,26184,0
36132,10473,16522
36133,26184,0
36134,26184,0
36135,26184,0
36136,26184,0
36137,26184,0
36138,25815,256
36139,22706,2570
36140,24629,1104
36141,26184,0
36142,24849,944
36143,21911,3212
36144,25613,398
36145,26184,0
36146,26184,0
36147,26184,0
36148,17155,7624
36149,26184,0
36150,26184,0
36151,26184,0
36152,26184,0
36153,26184,0
36154,22126,3036
36155,26184,0
36156,24816,968
36157,26184,0
36158,26005,124
36159,26184,0
36160,26184,0
36161,26184,0
36162,26184,0
36163,22109,3050
36164,26184,0
36165,26184,0
36166,26184,0
36167,25907,192
36168,26184,0
36169,26184,0
36170,26184,0
36171,26184,0
36172,26184,0
36173,23924,1628
36174,26184,0
36175,26184,0
36176,25339,592
36177,26184,0
36178,26184,0
36179,23654,1832
36180,26184,0
36181,26184,0
36182,26150,24
36183,26184,0
36184,26184,0
36185,26144,28
36186,26184,0
36187,26184,0
36188,26184,0
36189,26184,0
36190,26184,0
36191,26184,0
36192,26184,0
36193,26184,0
36194,26184,0
36195,26184,0
36196,26184,0
36197,26184,0
36198,21531,3528
36199,26184,0
36200,26184,0
36201,26184,0
36202,25137,736
36203,26184,0
36204,26184,0
36205,26184,0
36206,26184,0
36207,21569,3496
36208,19567,5252
36209,26115,48
36210,26184,0
36211,26184,0
36212,26184,0
36213,26184,0
36214,26184,0
36215,24945,874
36216,26184,0
36217,26184,0
36218,20587,4336
36219,26184,0
36220,26184,0
36221,26184,0
36222,26184,0
36223,22068,3084
36224,24433,1248
36225,26184,0
36226,26184,0
36227,26184,0
36228,26184,0
36229,26184,0
36230,13488,11960
36231,26184,0
36232,25471,498
36233,26184,0
36234,26184,0
36235,26184,0
36236,25406,544
36237,26184,0
36238,26184,0
36239,26184,0
36240,26184,0
36241,26184,0
36242,26150,24
36243,23018,2324
36244,26184,0
36245,23023,2320
36246,26184,0
36247,26184,0
36248,25344,588
36249,26184,0
36250,25690,344
36251,26184,0
36252,25294,624
36253,26184,0
36254,26184,0
36255,26184,0
36256,26103,56
36257,26086,68
36258,26144,28
36259,26184,0
36260,26184,0
36261,26184,0
36262,26184,0
36263,26184,0
36264,26184,0
36265,26184,0
36266,25533,454
36267,23781,1736
36268,26184,0
36269,26184,0
36270,26184,0
36271,26184,0
36272,26184,0
36273,26184,0
36274,26184,0
36275,24344,1314
36276,26184,0
36277,26184,0
36278,26184,0
36279,26184,0
36280,1633,50024
36281,25847,234
36282,26184,0
36283,26184,0
36284,26184,0
36285,26184,0
36286,26184,0
36287,26184,0
36288,26184,0
36289,26184,0
36290,26184,0
36291,26184,0
36292,23069,2284
36293,26184,0
36294,26184,0
36295,26184,0
36296,24368,1296
36297,22500,2734
36298,26184,0
36299,26184,0
36300,26184,0
36301,26184,0
36302,26184,0
36303,25370,570
36304,26184,0
36305,26184,0
36306,25224,674
36307,26184,0
36308,18948,5832
36309,1448,52198
36310,26184,0
36311,26184,0
36312,26184,0
36313,23277,2122
36314,26184,0
36315,1580,50624
36316,25999,128
36317,23681,1812
36318,26184,0
36319,26184,0
36320,26184,0
36321,26042,98
36322,26184,0
36323,26184,0
36324,26184,0
36325,26184,0
36326,26184,0
36327,26184,0
36328,23146,2224
36329,26184,0
36330,26184,0
36331,20773,4174
36332,26184,0
36333,26184,0
36334,6877,24104
36335,26184,0
36336,25084,774
36337,26184,0
36338,24665,1078
36339,25210,684
36340,26184,0
36341,24148,1460
36342,25738,310
36343,26184,0
36344,26184,0
36345,26184,0
36346,26184,0
36347,26184,0
36348,26184,0
36349,26184,0
36350,26184,0
36351,19366,5438
36352,24512,1190
36353,26184,0
36354,26184,0
36355,26184,0
36356,26184,0
36357,25367,572
36358,26184,0
36359,26184,0
36360,26184,0
36361,26184,0
36362,26184,0
36363,26071,78
36364,26184,0
36365,26184,0
36366,26184,0
36367,24196,1424
36368,26150,24
36369,24271,1368
36370,21689,3396
36371,24057,1528
36372,26184,0
36373,26184,0
36374,25235,666
36375,26103,56
36376,25417,536
36377,26184,0
36378,26184,0
36379,26184,0
36380,26184,0
36381,26184,0
36382,26184,0
36383,26184,0
36384,26184,0
36385,21114,3880
36386,22363,2844
36387,25898,198
36388,26184,0
36389,26184,0
36390,26184,0
36391,26184,0
36392,26184,0
36393,25288,628
36394,26150,24
36395,26184,0
36396,26184,0
36397,26184,0
36398,26184,0
36399,26184,0
36400,26184,0
36401,26184,0
36402,26184,0
36403,26184,0
36404,23508,1944
36405,26184,0
36406,25513,468
36407,26184,0
36408,21348,3682
36409,26184,0
36410,1595,50456
36411,25827,248
36412,26184,0
36413,26184,0
36414,26184,0
36415,21374,3660
36416,13852,11480
36417,26184,0
36418,26184,0
36419,26184,0
36420,26184,0
36421,26184,0
36422,26184,0
36423,26184,0
36424,22410,2806
36425,25212,682
36426,26184,0
36427,22388,2824
36428,26184,0
36429,25260,648
36430,26184,0
36431,26184,0
36432,9895,17544
36433,26184,0
36434,26184,0
36435,26184,0
36436,23089,2268
36437,12645,13124
36438,26184,0
36439,26184,0
36440,19351,5452
36441,26184,0
36442,26184,0
36443,23404,2024
36444,26184,0
36445,25761,294
36446,22835,2468
36447,26121,44
36448,26184,0
36449,26184,0
36450,26184,0
36451,26184,0
36452,26184,0
36453,26184,0
36454,26184,0
36455,25224,674
36456,26184,0
36457,26184,0
36458,25718,324
36459,26184,0
36460,24893,912
36461,26184,0
36462,25539,450
36463,19041,5744
36464,26184,0
36465,26184,0
36466,25148,728
36467,26184,0
36468,21860,3254
36469,26184,0
36470,26184,0
36471,25999,128
36472,26184,0
36473,26184,0
36474,25154,724
36475,26184,0
36476,26184,0
36477,26184,0
36478,26184,0
36479,23485,1962
36480,26184,0
36481,26184,0
36482,26184,0
36483,17228,7548
36484,25530,456
36485,26184,0
36486,26184,0
36487,25584,418
36488,26184,0
36489,26184,0
36490,26184,0
36491,24019,1556
36492,23171,2204
36493,24670,1074
36494,23202,2180
36495,26184,0
36496,26184,0
36497,25344,588
36498,26184,0
36499,26184,0
36500,17424,7344
36501,26184,0
36502,13509,11932
36503,23607,1868
36504,26184,0
36505,24873,926
36506,26184,0
36507,24876,924
36508,26184,0
36509,21902,3220
36510,26184,0
36511,23355,2062
36512,26184,0
36513,26184,0
36514,26184,0
36515,25744,306
36516,26184,0
36517,26184,0
36518,26184,0
36519,21860,3254
36520,26184,0
36521,25827,248
36522,26184,0
36523,20729,4212
36524,26184,0
36525,26184,0
36526,26184,0
36527,26184,0
36528,22633,2628
36529,26184,0
36530,26184,0
36531,26184,0
36532,26184,0
36533,22741,2542
36534,25784,278
36535,23797,1724
36536,26184,0
36537,26184,0
36538,26184,0
36539,23456,1984
36540,22860,2448
36541,26184,0
36542,26184,0
36543,11770,14416
36544,22860,2448
36545,24700,1052
36546,23631,1850
36547,26184,0
36548,17736,7024
36549,23791,1728
36550,26184,0
36551,26184,0
36552,26184,0
36553,26184,0
36554,24739,1024
36555,25827,248
36556,26184,0
36557,26184,0
36558,26184,0
36559,26184,0
36560,26184,0
36561,26184,0
36562,26184,0
36563,25784,278
36564,26184,0
36565,22885,2428
36566,23633,1848
36567,26184,0
36568,26184,0
36569,26184,0
36570,25026,816
36571,26184,0
36572,26184,0
36573,26184,0
36574,26184,0
36575,26184,0
36576,25953,160
36577,26184,0
36578,25542,448
36579,26184,0
36580,26184,0
36581,26184,0
36582,24821,964
36583,25718,324
36584,25224,674
36585,26184,0
36586,26184,0
36587,26184,0
36588,25647,374
36589,26184,0
36590,24640,1096
36591,22764,2524
36592,26184,0
36593,26184,0
36594,26184,0
36595,23597,1876
36596,26184,0
36597,23725,1778
36598,26184,0
36599,25727,318
36600,23924,1628
36601,22827,2474
36602,26184,0
36603,26184,0
36604,26184,0
36605,25861,224
36606,24871,928
36607,23050,2299
36608,26184,0
36609,26184,0
36610,25784,278
36611,26184,0
36612,26184,0
36613,24596,1128
36614,25718,324
36615,26184,0
36616,25784,278
36617,26184,0
36618,26184,0
36619,26184,0
36620,26184,0
36621,26184,0
36622,26184,0
36623,26184,0
36624,26184,0
36625,26184,0
36626,26184,0
36627,26184,0
36628,26184,0
36629,26184,0
36630,26184,0
36631,26184,0
36632,26184,0
36633,26184,0
36634,26184,0
36635,26184,0
36636,26184,0
36637,26184,0
36638,26184,0
36639,26184,0
36640,7396,22794
36641,25976,144
36642,19463,5348
36643,20960,4012
36644,25965,152
36645,26184,0
36646,25502,476
36647,26184,0
36648,19984,4872
36649,26184,0
36650,26184,0
36651,9050,19154
36652,25792,272
36653,26184,0
36654,26184,0
36655,26184,0
36656,21773,3326
36657,26184,0
36658,22383,2828
36659,26184,0
36660,25973,146
36661,26184,0
36662,24926,888
36663,26184,0
36664,24142,1464
36665,26184,0
36666,26184,0
36667,26184,0
36668,1,127048
36669,25364,574
36670,12074,13956
36671,11380,15024
36672,25861,224
36673,25154,724
36674,26184,0
36675,24531,1176
36676,26184,0
36677,26184,0
36678,26184,0
36679,26184,0
36680,26184,0
36681,26184,0
36682,16762,8042
36683,26184,0
36684,23151,2220
36685,26184,0
36686,23015,2326
36687,26184,0
36688,23406,2022
36689,23881,1660
36690,26184,0
36691,26184,0
36692,26184,0
36693,26184,0
36694,26184,0
36695,26184,0
36696,26184,0
36697,26184,0
36698,26184,0
36699,26184,0
36700,21371,3662
36701,26184,0
36702,14936,10122
36703,26184,0
36704,14746,10352
36705,25109,756
36706,26184,0
36707,24368,1296
36708,26184,0
36709,24062,1524
36710,26184,0
36711,23274,2124
36712,15174,9836
36713,26184,0
36714,26184,0
36715,25434,524
36716,26184,0
36717,26184,0
36718,25647,374
36719,25890,204
36720,25224,674
36721,26184,0
36722,26184,0
36723,26184,0
36724,26184,0
36725,26184,0
36726,25190,698
36727,26184,0
36728,26184,0
36729,26184,0
36730,26184,0
36731,26184,0
36732,26184,0
36733,26184,0
36734,26184,0
36735,26184,0
36736,26184,0
36737,26184,0
36738,25434,524
36739,25302,618
36740,24493,1204
36741,26184,0
36742,26184,0
36743,26184,0
36744,26184,0
36745,26184,0
36746,26184,0
36747,25570,428
36748,26184,0
36749,26184,0
36750,26184,0
36751,26184,0
36752,26184,0
36753,26184,0
36754,25400,548
36755,26184,0
36756,22087,3068
36757,19446,5364
36758,20972,4002
36759,26184,0
36760,26184,0
36761,26184,0
36762,26150,24
36763,26184,0
36764,23352,2064
36765,26184,0
36766,26184,0
36767,19991,4866
36768,26184,0
36769,26184,0
36770,24733,1028
36771,18960,5820
36772,17862,6896
36773,26184,0
36774,26184,0
36775,26184,0
36776,24843,948
36777,26184,0
36778,24190,1428
36779,26184,0
36780,26184,0
36781,26184,0
36782,26184,0
36783,26121,44
36784,23274,2124
36785,26184,0
36786,26184,0
36787,21512,3544
36788,26184,0
36789,26184,0
36790,26184,0
36791,26060,86
36792,26184,0
36793,26184,0
36794,26184,0
36795,25641,378
36796,24062,1524
36797,26184,0
36798,26184,0
36799,19777,5060
36800,20631,4298
36801,26184,0
36802,26184,0
36803,26184,0
36804,25434,524
36805,24306,1342
36806,24025,1552
36807,26184,0
36808,26184,0
36809,26184,0
36810,20006,4852
36811,26184,0
36812,22890,2424
36813,26184,0
36814,26184,0
36815,26184,0
36816,23349,2066
36817,26184,0
36818,24923,890
36819,26121,44
36820,26184,0
36821,26184,0
36822,26184,0
36823,26184,0
36824,26184,0
36825,26184,0
36826,26184,0
36827,25333,596
36828,6356,25524
36829,26184,0
36830,26184,0
36831,26184,0
36832,24843,948
36833,26184,0
36834,22598,2656
36835,26184,0
36836,26184,0
36837,26184,0
36838,26184,0
36839,26184,0
36840,23969,1594
36841,24126,1476
36842,26184,0
36843,26184,0
36844,26184,0
36845,26184,0
36846,26184,0
36847,25789,274
36848,26184,0
36849,19168,5624
36850,25855,228
36851,26184,0
36852,26184,0
36853,26184,0
36854,25505,474
36855,26184,0
36856,26184,0
36857,26184,0
36858,26184,0
36859,26184,0
36860,26184,0
36861,25502,476
36862,26184,0
36863,26184,0
36864,26184,0
36865,26184,0
36866,26184,0
36867,26184,0
36868,26184,0
36869,26184,0
36870,26184,0
36871,26184,0
36872,26184,0
36873,26184,0
36874,7708,22048
36875,26042,98
36876,26184,0
36877,26184,0
36878,26184,0
36879,26132,36
36880,26184,0
36881,26184,0
36882,25372,568
36883,26184,0
36884,26184,0
36885,26184,0
36886,25409,542
36887,25056,794
36888,26184,0
36889,26184,0
36890,26184,0
36891,22764,2524
36892,21607,3464
36893,26184,0
36894,26184,0
36895,26184,0
36896,26184,0
36897,26184,0
36898,26184,0
36899,26184,0
36900,26184,0
36901,25277,636
36902,26184,0
36903,26184,0
36904,1233,55096
36905,24816,968
36906,26184,0
36907,26184,0
36908,25277,636
36909,26184,0
36910,26184,0
36911,26184,0
36912,25832,244
36913,26184,0
36914,26184,0
36915,26184,0
36916,26184,0
36917,26184,0
36918,24706,1048
36919,24805,976
36920,26184,0
36921,26184,0
36922,26184,0
36923,26184,0
36924,24954,868
36925,26184,0
36926,26184,0
36927,26184,0
36928,26184,0
36929,26184,0
36930,25550,442
36931,26184,0
36932,16930,7862
36933,23469,1974
36934,25333,596
36935,26184,0
36936,26184,0
36937,26184,0
36938,23534,1924
36939,26184,0
36940,26184,0
36941,26184,0
36942,24153,1456
36943,25015,824
36944,26184,0
36945,26184,0
36946,26184,0
36947,26184,0
36948,25513,468
36949,26184,0
36950,26184,0
36951,26184,0
36952,25690,344
36953,26184,0
36954,26184,0
36955,26184,0
36956,26184,0
36957,26184,0
36958,20238,4644
36959,26184,0
36960,26184,0
36961,26184,0
36962,26184,0
36963,25698,338
36964,25051,798
36965,26184,0
36966,26184,0
36967,15017,10024
36968,26184,0
36969,26184,0
36970,26184,0
36971,26184,0
36972,26184,0
36973,26144,28
36974,26184,0
36975,25650,372
36976,26184,0
36977,24585,1136
36978,23451,1988
36979,26184,0
36980,26184,0
36981,26184,0
36982,24973,854
36983,18524,6240
36984,26184,0
36985,26184,0
36986,26184,0
36987,17665,7096
36988,26184,0
36989,26184,0
36990,25933,174
36991,26184,0
36992,26184,0
36993,25212,682
36994,26184,0
36995,26184,0
36996,26184,0
36997,26184,0
36998,26184,0
36999,26184,0
37000,26184,0
37001,26184,0
37002,26184,0
37003,26184,0
37004,26184,0
37005,26184,0
37006,26184,0
37007,26184,0
37008,26184,0
37009,26184,0
37010,26184,0
37011,26184,0
37012,26184,0
37013,26184,0
37014,26184,0
37015,26184,0
37016,26184,0
37017,26184,0
37018,26022,112
37019,26184,0
37020,26184,0
37021,26184,0
37022,26184,0
37023,26184,0
37024,26184,0
37025,26184,0
37026,26184,0
37027,24303,1344
37028,26184,0
37029,26184,0
37030,18998,5784
37031,26184,0
37032,26184,0
37033,26184,0
37034,26184,0
37035,26184,0
37036,26184,0
37037,26184,0
37038,23388,2036
37039,26184,0
37040,24363,1300
37041,26184,0
37042,26184,0
37043,26184,0
37044,26184,0
37045,26184,0
37046,26184,0
37047,26184,0
37048,26184,0
37049,25170,712
37050,25092,768
37051,23979,1586
37052,25070,784
37053,26150,24
37054,26184,0
37055,26184,0
37056,26184,0
37057,26184,0
37058,26184,0
37059,26184,0
37060,26184,0
37061,26184,0
37062,26184,0
37063,26184,0
37064,26184,0
37065,26184,0
37066,26184,0
37067,26184,0
37068,26184,0
37069,26184,0
37070,24528,1178
37071,26184,0
37072,24945,874
37073,26184,0
37074,26144,28
37075,25443,518
37076,26184,0
37077,26184,0
37078,26184,0
37079,23339,2074
37080,26184,0
37081,26184,0
37082,19382,5424
37083,23399,2028
37084,26184,0
37085,26184,0
37086,96,101028
37087,26184,0
37088,25015,824
37089,25559,436
37090,24439,1244
37091,24602,1124
37092,26184,0
37093,26184,0
37094,23195,2186
37095,26184,0
37096,24987,844
37097,26184,0
37098,22376,2834
37099,25570,428
37100,26184,0
37101,26184,0
37102,26184,0
37103,26184,0
37104,25641,378
37105,26184,0
37106,26184,0
37107,26184,0
37108,26184,0
37109,25542,448
37110,26184,0
37111,26184,0
37112,26184,0
37113,26184,0
37114,26184,0
37115,26184,0
37116,26184,0
37117,26184,0
37118,26184,0
37119,25299,620
37120,26184,0
37121,26184,0
37122,26184,0
37123,26103,56
37124,26184,0
37125,25406,544
37126,19958,4896
37127,26184,0
37128,26184,0
37129,26184,0
37130,25570,428
37131,26184,0
37132,24876,924
37133,26184,0
37134,22112,3048
37135,26184,0
37136,23033,2312
37137,26184,0
37138,11052,15552
37139,26184,0
37140,26184,0
37141,6367,25494
37142,26184,0
37143,26184,0
37144,26184,0
37145,23373,2048
37146,26184,0
37147,23285,2116
37148,26184,0
37149,26184,0
37150,26184,0
37151,23464,1978
37152,26184,0
37153,23362,2056
37154,26184,0
37155,25647,374
37156,20211,4668
37157,26184,0
37158,23141,2228
37159,26184,0
37160,26184,0
37161,26184,0
37162,26184,0
37163,26184,0
37164,26184,0
37165,26184,0
37166,26184,0
37167,24824,962
37168,26184,0
37169,26184,0
37170,26184,0
37171,26184,0
37172,26184,0
37173,23000,2338
37174,26184,0
37175,26184,0
37176,26184,0
37177,24046,1536
37178,26184,0
37179,26184,0
37180,25970,148
37181,21559,3504
37182,26184,0
37183,26184,0
37184,26184,0
37185,26184,0
37186,26184,0
37187,23373,2048
37188,26184,0
37189,26184,0
37190,26184,0
37191,26184,0
37192,26184,0
37193,26184,0
37194,26184,0
37195,26184,0
37196,26184,0
37197,26184,0
37198,26184,0
37199,26184,0
37200,26184,0
37201,26184,0
37202,25988,136
37203,26184,0
37204,26184,0
37205,21464,3584
37206,26144,28
37207,26184,0
37208,26184,0
37209,26184,0
37210,25933,174
37211,26184,0
37212,26184,0
37213,26184,0
37214,24739,1024
37215,24876,924
37216,26184,0
37217,26184,0
37218,26184,0
37219,26184,0
37220,23963,1598
37221,26184,0
37222,26184,0
37223,26184,0
37224,26184,0
37225,14851,10224
37226,26184,0
37227,22711,2566
37228,26184,0
37229,23404,2024
37230,26184,0
37231,26184,0
37232,26184,0
37233,26184,0
37234,26184,0
37235,26184,0
37236,26045,96
37237,26184,0
37238,26144,28
37239,26184,0
37240,23834,1696
37241,26184,0
37242,25330,598
37243,26184,0
37244,26184,0
37245,26184,0
37246,26184,0
37247,26184,0
37248,26184,0
37249,26184,0
37250,26184,0
37251,26184,0
37252,26184,0
37253,24876,924
37254,26184,0
37255,26184,0
37256,26184,0
37257,24569,1148
37258,25330,598
37259,25647,374
37260,26184,0
37261,26184,0
37262,26184,0
37263,26184,0
37264,26184,0
37265,26184,0
37266,26184,0
37267,26184,0
37268,26184,0
37269,26184,0
37270,26184,0
37271,26184,0
37272,26184,0
37273,26184,0
37274,1,158460
37275,26184,0
37276,25051,798
37277,26184,0
37278,26184,0
37279,26184,0
37280,24366,1298
37281,26184,0
37282,26184,0
37283,23352,2064
37284,26184,0
37285,26184,0
37286,26184,0
37287,26184,0
37288,25870,218
37289,24678,1068
37290,26184,0
37291,26184,0
37292,26184,0
37293,26184,0
37294,26184,0
37295,26184,0
37296,26184,0
37297,26184,0
37298,26184,0
37299,26184,0
37300,26184,0
37301,26184,0
37302,26184,0
37303,26092,64
37304,26184,0
37305,26184,0
37306,26184,0
37307,26184,0
37308,26184,0
37309,26184,0
37310,26184,0
37311,21569,3496
37312,26184,0
37313,26184,0
37314,26150,24
37315,26184,0
37316,23202,2180
37317,26184,0
37318,25827,248
37319,26184,0
37320,26184,0
37321,26184,0
37322,26184,0
37323,26184,0
37324,26184,0
37325,26184,0
37326,26184,0
37327,25098,764
37328,25988,136
37329,26184,0
37330,26184,0
37331,20383,4516
37332,26184,0
37333,26184,0
37334,26184,0
37335,23469,1974
37336,26184,0
37337,26184,0
37338,24876,924
37339,26184,0
37340,26184,0
37341,26184,0
37342,25576,424
37343,20826,4128
37344,25488,486
37345,25542,448
37346,25406,544
37347,26184,0
37348,26184,0
37349,26184,0
37350,26184,0
37351,26184,0
37352,25417,536
37353,26184,0
37354,25570,428
37355,26184,0
37356,26184,0
37357,26184,0
37358,26184,0
37359,26184,0
37360,26184,0
37361,26077,74
37362,26184,0
37363,291,81132
37364,26184,0
37365,26184,0
37366,23324,2086
37367,26184,0
37368,26184,0
37369,23399,2028
37370,26184,0
37371,25026,816
37372,26184,0
37373,26184,0
37374,26184,0
37375,26184,0
37376,26184,0
37377,26184,0
37378,26184,0
37379,14399,10782
37380,26184,0
37381,25505,474
37382,14047,11228
37383,25844,236
37384,26184,0
37385,26184,0
37386,6347,25552
37387,26184,0
37388,20158,4716
37389,26184,0
37390,26184,0
37391,26184,0
37392,26184,0
37393,26184,0
37394,23184,2194
37395,26184,0
37396,22936,2388
37397,26144,28
37398,26074,76
37399,26184,0
37400,26184,0
37401,26132,36
37402,25999,128
37403,17320,7452
37404,26184,0
37405,773,63512
37406,22733,2548
37407,26184,0
37408,24689,1060
37409,26034,104
37410,26184,0
37411,26184,0
37412,26184,0
37413,21870,3246
37414,26184,0
37415,21133,3864
37416,26184,0
37417,26184,0
37418,26184,0
37419,26184,0
37420,26184,0
37421,25576,424
37422,26184,0
37423,26184,0
37424,26184,0
37425,24912,898
37426,26184,0
37427,26184,0
37428,1,155624
37429,26184,0
37430,25647,374
37431,26184,0
37432,26184,0
37433,21569,3496
37434,26184,0
37435,26184,0
37436,26184,0
37437,26184,0
37438,26184,0
37439,25576,424
37440,26184,0
37441,26184,0
37442,25429,528
37443,26184,0
37444,26184,0
37445,9633,18028
37446,25120,748
37447,26184,0
37448,26184,0
37449,26184,0
37450,26184,0
37451,24929,886
37452,26184,0
37453,23534,1924
37454,26184,0
37455,26184,0
37456,14188,11048
37457,26184,0
37458,26184,0
37459,25959,156
37460,26184,0
37461,26184,0
37462,21180,3824
37463,23233,2156
37464,26184,0
37465,26184,0
37466,26184,0
37467,26042,98
37468,26184,0
37469,26184,0
37470,25009,828
37471,26184,0
37472,26184,0
37473,26184,0
37474,26184,0
37475,26184,0
37476,26150,24
37477,25154,724
37478,26184,0
37479,26184,0
37480,26184,0
37481,26184,0
37482,24153,1456
37483,15723,9196
37484,26184,0
37485,26184,0
37486,26184,0
37487,26184,0
37488,26077,74
37489,15119,9902
37490,26184,0
37491,26184,0
37492,26184,0
37493,26184,0
37494,26184,0
37495,17445,7322
37496,25288,628
37497,26184,0
37498,26184,0
37499,26184,0
37500,25618,394
37501,22259,2928
37502,26184,0
37503,26184,0
37504,26184,0
37505,26184,0
37506,26184,0
37507,21058,3928
37508,26184,0
37509,26184,0
37510,26184,0
37511,24531,1176
37512,17649,7112
37513,26184,0
37514,26184,0
37515,26184,0
37516,26184,0
37517,25661,364
37518,25712,328
37519,26184,0
37520,26184,0
37521,26184,0
37522,26184,0
37523,26184,0
37524,24577,1142
37525,26184,0
37526,26184,0
37527,26184,0
37528,26184,0
37529,24610,1118
37530,26184,0
37531,96,101072
37532,26184,0
37533,26184,0
37534,25154,724
37535,22698,2576
37536,21166,3836
37537,25927,178
37538,26184,0
37539,26184,0
37540,23913,1636
37541,26184,0
37542,26184,0
37543,26184,0
37544,26184,0
37545,26184,0
37546,26184,0
37547,26184,0
37548,26184,0
37549,26184,0
37550,26184,0
37551,26184,0
37552,23581,1888
37553,22173,2998
37554,24827,960
37555,26184,0
37556,26184,0
37557,26184,0
37558,26184,0
37559,20631,4298
37560,25294,624
37561,25712,328
37562,26184,0
37563,26184,0
37564,26184,0
37565,26184,0
37566,25942,168
37567,26184,0
37568,25154,724
37569,20194,4684
37570,23115,2248
37571,26184,0
37572,26184,0
37573,1212,55406
37574,26184,0
37575,26184,0
37576,26184,0
37577,26184,0
37578,26184,0
37579,26184,0
37580,26184,0
37581,26184,0
37582,26184,0
37583,26184,0
37584,24937,880
37585,26184,0
37586,24651,1088
37587,26184,0
37588,13198,12352
37589,25224,674
37590,26184,0
37591,25844,236
37592,26184,0
37593,26184,0
37594,26115,48
37595,26184,0
37596,25641,378
37597,26184,0
37598,26184,0
37599,574,68892
37600,26184,0
37601,26184,0
37602,26184,0
37603,26184,0
37604,25855,228
37605,25417,536
37606,26184,0
37607,12497,13336
37608,25485,488
37609,26184,0
37610,26184,0
37611,26184,0
37612,18542,6222
37613,26184,0
37614,26086,68
37615,26184,0
37616,25647,374
37617,26184,0
37618,21650,3428
37619,26184,0
37620,25070,784
37621,26184,0
37622,25613,398
37623,26132,36
37624,26184,0
37625,26184,0
37626,26184,0
37627,26184,0
37628,26184,0
37629,26184,0
37630,26184,0
37631,24708,1046
37632,24387,1282
37633,26184,0
37634,26184,0
37635,26184,0
37636,26184,0
37637,26184,0
37638,26184,0
37639,26184,0
37640,26184,0
37641,26184,0
37642,26184,0
37643,26184,0
37644,26184,0
37645,26184,0
37646,26184,0
37647,26184,0
37648,26184,0
37649,26184,0
37650,26184,0
37651,25999,128
37652,26184,0
37653,26184,0
37654,24436,1246
37655,26184,0
37656,26184,0
37657,26184,0
37658,19591,5230
37659,26184,0
37660,25576,424
37661,26184,0
37662,26184,0
37663,26184,0
37664,26184,0
37665,21909,3214
37666,26184,0
37667,26184,0
37668,26184,0
37669,26184,0
37670,26184,0
37671,19680,5148
37672,26184,0
37673,26184,0
37674,23443,1994
37675,21574,3492
37676,26184,0
37677,26184,0
37678,23929,1624
37679,26184,0
37680,26184,0
37681,26184,0
37682,26184,0
37683,26184,0
37684,26184,0
37685,26184,0
37686,26184,0
37687,26184,0
37688,24934,882
37689,25732,314
37690,26184,0
37691,26184,0
37692,26184,0
37693,25576,424
37694,26077,74
37695,26184,0
37696,26184,0
37697,26184,0
37698,26184,0
37699,26184,0
37700,26184,0
37701,26184,0
37702,22563,2684
37703,26184,0
37704,26184,0
37705,26184,0
37706,26184,0
37707,24816,968
37708,26184,0
37709,26184,0
37710,26184,0
37711,26184,0
37712,26184,0
37713,26184,0
37714,26184,0
37715,26184,0
37716,14901,10164
37717,26184,0
37718,20460,4448
37719,26184,0
37720,6383,25448
37721,26184,0
37722,23897,1648
37723,26184,0
37724,26184,0
37725,15916,8976
37726,26184,0
37727,26184,0
37728,25999,128
37729,26184,0
37730,26184,0
37731,26184,0
37732,24030,1548
37733,26077,74
37734,25015,824
37735,26184,0
37736,23210,2174
37737,26184,0
37738,24832,956
37739,26184,0
37740,26184,0
37741,26184,0
37742,26184,0
37743,26184,0
37744,26184,0
37745,23362,2056
37746,25718,324
37747,26184,0
37748,26184,0
37749,25861,224
37750,26184,0
37751,26184,0
37752,26184,0
37753,26184,0
37754,26184,0
37755,26184,0
37756,21536,3524
37757,26184,0
37758,26184,0
37759,26184,0
37760,26184,0
37761,26184,0
37762,26184,0
37763,26184,0
37764,26184,0
37765,14787,10302
37766,26184,0
37767,26184,0
37768,25288,628
37769,25744,306
37770,26184,0
37771,26184,0
37772,26184,0
37773,26184,0
37774,26184,0
37775,23974,1590
37776,20118,4752
37777,23189,2190
37778,26184,0
37779,26184,0
37780,23373,2048
37781,22274,2916
37782,25827,248
37783,26184,0
37784,25434,524
37785,26184,0
37786,24531,1176
37787,26184,0
37788,25240,662
37789,26184,0
37790,26184,0
37791,26184,0
37792,26014,118
37793,26184,0
37794,23699,1798
37795,26184,0
37796,11875,14256
37797,26184,0
37798,26184,0
37799,26184,0
37800,26184,0
37801,26184,0
37802,26184,0
37803,26184,0
37804,26184,0
37805,24887,916
37806,26184,0
37807,26184,0
37808,26184,0
37809,4173,33110
37810,26184,0
37811,26184,0
37812,26184,0
37813,26184,0
37814,26184,0
37815,26184,0
37816,25015,824
37817,24934,882
37818,26184,0
37819,25904,194
37820,25434,524
37821,1613,50248
37822,26184,0
37823,25850,232
37824,26184,0
37825,26184,0
37826,26184,0
37827,21989,3148
37828,26184,0
37829,26184,0
37830,26184,0
37831,25855,228
37832,26184,0
37833,26184,0
37834,23249,2144
37835,26184,0
37836,26184,0
37837,26184,0
37838,26184,0
37839,26184,0
37840,26184,0
37841,26184,0
37842,26184,0
37843,26184,0
37844,26184,0
37845,8624,20024
37846,26184,0
37847,26184,0
37848,26184,0
37849,26184,0
37850,26184,0
37851,26184,0
37852,26184,0
37853,26184,0
37854,26184,0
37855,24057,1528
37856,26184,0
37857,26184,0
37858,26184,0
37859,26184,0
37860,26184,0
37861,26184,0
37862,26184,0
37863,26184,0
37864,26184,0
37865,26184,0
37866,26184,0
37867,25735,312
37868,26184,0
37869,26184,0
37870,14571,10568
37871,24129,1474
37872,26184,0
37873,26184,0
37874,26184,0
37875,26184,0
37876,20919,4048
37877,23492,1956
37878,26184,0
37879,26184,0
37880,26184,0
37881,26184,0
37882,26184,0
37883,26184,0
37884,26184,0
37885,26184,0
37886,26184,0
37887,25789,274
37888,26184,0
37889,23521,1934
37890,26184,0
37891,26184,0
37892,26184,0
37893,26184,0
37894,26184,0
37895,25190,698
37896,25084,774
37897,26184,0
37898,26184,0
37899,22653,2612
37900,26184,0
37901,26184,0
37902,26184,0
37903,26184,0
37904,26184,0
37905,26184,0
37906,26184,0
37907,26074,76
37908,26016,116
37909,26150,24
37910,19816,5024
37911,26184,0
37912,26184,0
37913,26184,0
37914,26184,0
37915,26184,0
37916,21658,3422
37917,25017,822
37918,26184,0
37919,26184,0
37920,26184,0
37921,26184,0
37922,26184,0
37923,26184,0
37924,26184,0
37925,26184,0
37926,26184,0
37927,19962,4892
37928,26184,0
37929,26184,0
37930,26184,0
37931,26184,0
37932,26184,0
37933,24987,844
37934,20396,4504
37935,26184,0
37936,22348,2856
37937,26184,0
37938,26184,0
37939,26184,0
37940,26092,64
37941,26184,0
37942,26184,0
37943,26184,0
37944,26184,0
37945,20688,4248
37946,26184,0
37947,22208,2970
37948,26184,0
37949,25784,278
37950,25009,828
37951,26184,0
37952,26184,0
37953,26184,0
37954,26184,0
37955,25861,224
37956,24542,1168
37957,26184,0
37958,26184,0
37959,26184,0
37960,26184,0
37961,24605,1122
37962,26184,0
37963,26184,0
37964,26184,0
37965,26184,0
37966,26184,0
37967,26184,0
37968,26184,0
37969,23686,1808
37970,26184,0
37971,26184,0
37972,26184,0
37973,26184,0
37974,1600,50396
37975,26184,0
37976,26184,0
37977,26184,0
37978,26184,0
37979,26184,0
37980,24298,1348
37981,22126,3036
37982,25547,444
37983,26184,0
37984,26184,0
37985,26184,0
37986,26184,0
37987,26184,0
37988,16460,8370
37989,26184,0
37990,26184,0
37991,26184,0
37992,24632,1102
37993,24062,1524
37994,26184,0
37995,26184,0
37996,24772,1000
37997,25641,378
37998,26184,0
37999,26184,0
38000,22321,2878
38001,25855,228
38002,26184,0
38003,26184,0
38004,26184,0
38005,26184,0
38006,24466,1224
38007,26184,0
38008,25120,748
38009,26184,0
38010,26184,0
38011,22618,2640
38012,26184,0
38013,26184,0
38014,26184,0
38015,26184,0
38016,26184,0
38017,26184,0
38018,26184,0
38019,26184,0
38020,26184,0
38021,26184,0
38022,26184,0
38023,26184,0
38024,26184,0
38025,24180,1436
38026,26150,24
38027,24271,1368
38028,25832,244
38029,26184,0
38030,26184,0
38031,26184,0
38032,22764,2524
38033,26184,0
38034,26184,0
38035,26071,78
38036,26184,0
38037,26184,0
38038,26184,0
38039,26184,0
38040,26184,0
38041,26184,0
38042,22885,2428
38043,26184,0
38044,26184,0
38045,26184,0
38046,24898,908
38047,26184,0
38048,26184,0
38049,6535,25024
38050,25718,324
38051,26184,0
38052,26184,0
38053,23404,2024
38054,26184,0
38055,26184,0
38056,26184,0
38057,26184,0
38058,26184,0
38059,26184,0
38060,26184,0
38061,24030,1548
38062,26184,0
38063,26184,0
38064,26184,0
38065,26184,0
38066,26184,0
38067,16150,8712
38068,15663,9264
38069,26184,0
38070,25288,628
38071,26074,76
38072,26184,0
38073,1721,49080
38074,25232,668
38075,26184,0
38076,26184,0
38077,26184,0
38078,15064,9968
38079,24832,956
38080,23474,1970
38081,26005,124
38082,26184,0
38083,26184,0
38084,12712,13028
38085,26184,0
38086,23210,2174
38087,26184,0
38088,26184,0
38089,26184,0
38090,26184,0
38091,26184,0
38092,26184,0
38093,26184,0
38094,26184,0
38095,26184,0
38096,25193,696
38097,26184,0
38098,25547,444
38099,26184,0
38100,20033,4828
38101,26184,0
38102,26184,0
38103,26184,0
38104,26184,0
38105,26184,0
38106,24766,1004
38107,26184,0
38108,26184,0
38109,26184,0
38110,26184,0
38111,26184,0
38112,26184,0
38113,26121,44
38114,26184,0
38115,26184,0
38116,23013,2328
38117,26184,0
38118,25844,236
38119,26184,0
38120,26184,0
38121,26184,0
38122,22890,2424
38123,26184,0
38124,26184,0
38125,21002,3976
38126,24962,862
38127,26184,0
38128,26184,0
38129,25576,424
38130,26184,0
38131,1276,54478
38132,26184,0
38133,26184,0
38134,24739,1024
38135,26184,0
38136,23781,1736
38137,22568,2680
38138,26184,0
38139,26184,0
38140,26184,0
38141,26184,0
38142,11007,15624
38143,26184,0
38144,25333,596
38145,26184,0
38146,25420,534
38147,26184,0
38148,26184,0
38149,26184,0
38150,26184,0
38151,25067,786
38152,26184,0
38153,26184,0
38154,26184,0
38155,26184,0
38156,26184,0
38157,26184,0
38158,26184,0
38159,26184,0
38160,26184,0
38161,26184,0
38162,26184,0
38163,26184,0
38164,26150,24
38165,26184,0
38166,26184,0
38167,26184,0
38168,23544,1916
38169,22210,2968
38170,25443,518
38171,26184,0
38172,26184,0
38173,26184,0
38174,26184,0
38175,26184,0
38176,26184,0
38177,26184,0
38178,26184,0
38179,25513,468
38180,25406,544
38181,26184,0
38182,26184,0
38183,26184,0
38184,26184,0
38185,26184,0
38186,26184,0
38187,26184,0
38188,26184,0
38189,26184,0
38190,26184,0
38191,26184,0
38192,26184,0
38193,26184,0
38194,26184,0
38195,24876,924
38196,26184,0
38197,26184,0
38198,26184,0
38199,24843,948
38200,26184,0
38201,26184,0
38202,26184,0
38203,26184,0
38204,26184,0
38205,26184,0
38206,26184,0
38207,13292,12224
38208,25266,644
38209,26184,0
38210,26184,0
38211,26184,0
38212,26184,0
38213,26184,0
38214,26184,0
38215,26184,0
38216,26184,0
38217,26184,0
38218,26184,0
38219,23966,1596
38220,26184,0
38221,26184,0
38222,26184,0
38223,23995,1574
38224,25154,724
38225,26184,0
38226,18387,6374
38227,26184,0
38228,26184,0
38229,25821,252
38230,26184,0
38231,26184,0
38232,26184,0
38233,26184,0
38234,25403,546
38235,26184,0
38236,26184,0
38237,25137,736
38238,23652,1834
38239,26184,0
38240,26184,0
38241,26184,0
38242,26184,0
38243,26184,0
38244,26184,0
38245,26184,0
38246,24673,1072
38247,26184,0
38248,17056,7728
38249,21388,3648
38250,26184,0
38251,26184,0
38252,24876,924
38253,26184,0
38254,25832,244
38255,26184,0
38256,26045,96
38257,26184,0
38258,26184,0
38259,24943,876
38260,21718,3372
38261,22235,2948
38262,26150,24
38263,26184,0
38264,26184,0
38265,26184,0
38266,26184,0
38267,26184,0
38268,26184,0
38269,26184,0
38270,25491,484
38271,26184,0
38272,26184,0
38273,26184,0
38274,26184,0
38275,26184,0
38276,26184,0
38277,26184,0
38278,26184,0
38279,20991,3986
38280,26184,0
38281,26184,0
38282,22264,2924
38283,26184,0
38284,26184,0
38285,26184,0
38286,26184,0
38287,26184,0
38288,23797,1724
38289,26184,0
38290,26184,0
38291,15758,9156
38292,21960,3172
38293,26184,0
38294,26184,0
38295,26184,0
38296,25672,356
38297,26184,0
38298,26184,0
38299,26184,0
38300,26184,0
38301,26184,0
38302,20360,4536
38303,26184,0
38304,26184,0
38305,26184,0
38306,26184,0
38307,26184,0
38308,26184,0
38309,26184,0
38310,26184,0
38311,23723,1780
38312,23422,2010
38313,26184,0
38314,26184,0
38315,26184,0
38316,26184,0
38317,25266,644
38318,26184,0
38319,25542,448
38320,25434,524
38321,26184,0
38322,22141,3024
38323,22723,2556
38324,26184,0
38325,26184,0
38326,26184,0
38327,24466,1224
38328,26184,0
38329,26184,0
38330,26184,0
38331,24987,844
38332,22875,2436
38333,26184,0
38334,20891,4072
38335,26184,0
38336,24193,1426
38337,26184,0
38338,22618,2640
38339,26184,0
38340,26184,0
38341,26184,0
38342,26184,0
38343,23897,1648
38344,26184,0
38345,25647,374
38346,26184,0
38347,1605,50336
38348,22878,2434
38349,26184,0
38350,26184,0
38351,26184,0
38352,24807,974
38353,25896,200
38354,25372,568
38355,26184,0
38356,25434,524
38357,26184,0
38358,22299,2896
38359,20229,4652
38360,26184,0
38361,26184,0
38362,26184,0
38363,25807,262
38364,24520,1184
38365,26184,0
38366,25364,574
38367,26184,0
38368,14921,10140
38369,26184,0
38370,26184,0
38371,18619,6148
38372,26184,0
38373,26184,0
38374,26184,0
38375,26184,0
38376,26184,0
38377,24695,1056
38378,26184,0
38379,26184,0
38380,26184,0
38381,23778,1738
38382,23565,1900
38383,26184,0
38384,25815,256
38385,26184,0
38386,24706,1048
38387,26184,0
38388,24708,1046
38389,26184,0
38390,25240,662
38391,26184,0
38392,1349,53476
38393,26184,0
38394,26184,0
38395,25873,216
38396,24062,1524
38397,24099,1496
38398,26184,0
38399,26184,0
38400,26184,0
38401,20946,4024
38402,25009,828
38403,26184,0
38404,26184,0
38405,26184,0
38406,26184,0
38407,24981,848
38408,25288,628
38409,26184,0
38410,19261,5536
38411,26184,0
38412,25904,194
38413,24929,886
38414,25718,324
38415,25530,456
38416,26184,0
38417,24395,1276
38418,26184,0
38419,26184,0
38420,26184,0
38421,25576,424
38422,23146,2224
38423,26184,0
38424,25148,728
38425,26184,0
38426,26184,0
38427,26184,0
38428,25672,356
38429,23378,2044
38430,25675,354
38431,26184,0
38432,26077,74
38433,23929,1624
38434,26184,0
38435,26184,0
38436,22578,2672
38437,25333,596
38438,26184,0
38439,26184,0
38440,24596,1128
38441,26184,0
38442,23573,1894
38443,26184,0
38444,26184,0
38445,25294,624
38446,21367,3666
38447,25429,528
38448,24829,958
38449,24062,1524
38450,26184,0
38451,26184,0
38452,24398,1274
38453,26184,0
38454,24517,1186
38455,26184,0
38456,26184,0
38457,26184,0
38458,24621,1110
38459,26184,0
38460,26184,0
38461,26184,0
38462,26184,0
38463,26184,0
38464,25434,524
38465,25542,448
38466,26184,0
38467,26184,0
38468,26184,0
38469,4742,30806
38470,26184,0
38471,26184,0
38472,26184,0
38473,26184,0
38474,26184,0
38475,25927,178
38476,26184,0
38477,14914,10148
38478,26184,0
38479,26184,0
38480,26184,0
38481,26184,0
38482,26184,0
38483,26184,0
38484,26184,0
38485,26184,0
38486,26184,0
38487,26184,0
38488,26184,0
38489,26184,0
38490,26184,0
38491,26184,0
38492,26184,0
38493,26184,0
38494,26184,0
38495,26184,0
38496,26184,0
38497,26184,0
38498,24602,1124
38499,26184,0
38500,26184,0
38501,26184,0
38502,26184,0
38503,26184,0
38504,25277,636
38505,26184,0
38506,26184,0
38507,26184,0
38508,4710,30928
38509,26184,0
38510,26184,0
38511,11970,14112
38512,26184,0
38513,26184,0
38514,26184,0
38515,25724,320
38516,26184,0
38517,23399,2028
38518,26184,0
38519,24460,1228
38520,21033,3950
38521,26184,0
38522,26184,0
38523,26184,0
38524,26184,0
38525,24640,1096
38526,25381,562
38527,20942,4028
38528,26184,0
38529,26184,0
38530,21963,3170
38531,26184,0
38532,26184,0
38533,26184,0
38534,26184,0
38535,26184,0
38536,24651,1088
38537,25327,600
38538,26184,0
38539,26184,0
38540,26184,0
38541,22812,2486
38542,26184,0
38543,20292,4596
38544,26184,0
38545,25976,144
38546,21829,3280
38547,26184,0
38548,26048,94
38549,23236,2154
38550,26184,0
38551,17844,6914
38552,26184,0
38553,26184,0
38554,26184,0
38555,26184,0
38556,26184,0
38557,26184,0
38558,25970,148
38559,25294,624
38560,25690,344
38561,26184,0
38562,26184,0
38563,26184,0
38564,26184,0
38565,26184,0
38566,26184,0
38567,26184,0
38568,26184,0
38569,24030,1548
38570,26184,0
38571,24981,848
38572,26184,0
38573,26184,0
38574,26184,0
38575,21227,3784
38576,26184,0
38577,26184,0
38578,26184,0
38579,26184,0
38580,10902,15798
38581,26184,0
38582,26184,0
38583,22916,2404
38584,25400,548
38585,26184,0
38586,18977,5804
38587,21882,3236
38588,26184,0
38589,25712,328
38590,26184,0
38591,26184,0
38592,24025,1552
38593,26184,0
38594,26184,0
38595,26115,48
38596,26184,0
38597,26184,0
38598,26184,0
38599,25999,128
38600,26184,0
38601,26184,0
38602,26184,0
38603,26184,0
38604,26184,0
38605,25772,286
38606,26184,0
38607,26184,0
38608,26184,0
38609,26184,0
38610,26184,0
38611,26184,0
38612,26184,0
38613,26184,0
38614,26184,0
38615,26184,0
38616,26184,0
38617,26184,0
38618,26074,76
38619,26184,0
38620,26184,0
38621,26184,0
38622,26184,0
38623,26184,0
38624,26184,0
38625,26184,0
38626,20487,4424
38627,26184,0
38628,26184,0
38629,25827,248
38630,23378,2044
38631,21800,3304
38632,26184,0
38633,26184,0
38634,26184,0
38635,23594,1878
38636,26184,0
38637,25601,406
38638,18362,6398
38639,26184,0
38640,22058,3092
38641,26184,0
38642,26184,0
38643,20919,4048
38644,26184,0
38645,17712,7048
38646,26184,0
38647,26184,0
38648,26184,0
38649,26184,0
38650,22761,2526
38651,26184,0
38652,26184,0
38653,22992,2344
38654,26184,0
38655,26184,0
38656,26184,0
38657,26184,0
38658,25137,736
38659,26184,0
38660,26184,0
38661,26184,0
38662,26184,0
38663,26184,0
38664,26184,0
38665,26184,0
38666,26184,0
38667,26184,0
38668,26184,0
38669,26184,0
38670,26184,0
38671,26184,0
38672,26184,0
38673,23897,1648
38674,21293,3728
38675,23223,2164
38676,26184,0
38677,25559,436
38678,26184,0
38679,25959,156
38680,26184,0
38681,25009,828
38682,25789,274
38683,26184,0
38684,26184,0
38685,25884,208
38686,26184,0
38687,26184,0
38688,13119,12460
38689,26184,0
38690,25827,248
38691,26184,0
38692,26184,0
38693,24207,1416
38694,26184,0
38695,23373,2048
38696,26184,0
38697,26184,0
38698,26184,0
38699,25285,630
38700,26184,0
38701,26184,0
38702,25827,248
38703,16686,8124
38704,26184,0
38705,26184,0
38706,26184,0
38707,23797,1724
38708,25570,428
38709,26184,0
38710,26184,0
38711,26184,0
38712,26184,0
38713,26184,0
38714,26184,0
38715,25701,336
38716,26184,0
38717,25137,736
38718,25827,248
38719,26184,0
38720,26184,0
38721,26184,0
38722,26184,0
38723,26184,0
38724,26184,0
38725,25727,318
38726,26184,0
38727,26184,0
38728,26184,0
38729,26184,0
38730,26184,0
38731,26184,0
38732,26184,0
38733,26184,0
38734,26184,0
38735,26184,0
38736,26184,0
38737,26184,0
38738,26184,0
38739,26184,0
38740,26184,0
38741,26184,0
38742,26184,0
38743,25221,676
38744,26132,36
38745,26184,0
38746,24739,1024
38747,25647,374
38748,25916,186
38749,25120,748
38750,26184,0
38751,26184,0
38752,26184,0
38753,26184,0
38754,26184,0
38755,25288,628
38756,26184,0
38757,26184,0
38758,26184,0
38759,26184,0
38760,26184,0
38761,23274,2124
38762,26184,0
38763,26184,0
38764,23388,2036
38765,25432,526
38766,26184,0
38767,26184,0
38768,26184,0
38769,24602,1124
38770,17724,7036
38771,25832,244
38772,22242,2942
38773,26184,0
38774,26184,0
38775,26184,0
38776,16194,8664
38777,26184,0
38778,26184,0
38779,23298,2106
38780,26184,0
38781,26184,0
38782,24341,1316
38783,25364,574
38784,26184,0
38785,25294,624
38786,26184,0
38787,22987,2348
38788,22543,2700
38789,26184,0
38790,26184,0
38791,26184,0
38792,26184,0
38793,26184,0
38794,26184,0
38795,26184,0
38796,25434,524
38797,26184,0
38798,25151,726
38799,26184,0
38800,24733,1028
38801,26184,0
38802,17420,7348
38803,26184,0
38804,26184,0
38805,26184,0
38806,26184,0
38807,26184,0
38808,26184,0
38809,26184,0
38810,24876,924
38811,26184,0
38812,26184,0
38813,26184,0
38814,26184,0
38815,26184,0
38816,25701,336
38817,26184,0
38818,26184,0
38819,26184,0
38820,26184,0
38821,26184,0
38822,21931,3196
38823,26184,0
38824,25898,198
38825,26184,0
38826,25910,190
38827,26184,0
38828,25630,386
38829,26184,0
38830,26184,0
38831,26184,0
38832,25942,168
38833,19702,5128
38834,26184,0
38835,26184,0
38836,25434,524
38837,24637,1098
38838,26184,0
38839,26184,0
38840,25933,174
38841,26184,0
38842,26184,0
38843,26184,0
38844,24406,1268
38845,26184,0
38846,26184,0
38847,26184,0
38848,25832,244
38849,24412,1264
38850,26184,0
38851,24954,868
38852,24959,864
38853,26184,0
38854,23228,2160
38855,26184,0
38856,26184,0
38857,26184,0
38858,26184,0
38859,26184,0
38860,26184,0
38861,26184,0
38862,26184,0
38863,23013,2328
38864,26184,0
38865,26184,0
38866,26184,0
38867,26184,0
38868,20487,4424
38869,18518,6246
38870,26184,0
38871,638,66964
38872,24466,1224
38873,26184,0
38874,26184,0
38875,26184,0
38876,23982,1584
38877,26184,0
38878,26184,0
38879,26184,0
38880,26184,0
38881,26184,0
38882,26184,0
38883,26184,0
38884,26184,0
38885,26184,0
38886,26184,0
38887,26184,0
38888,26184,0
38889,26184,0
38890,26184,0
38891,26184,0
38892,26184,0
38893,26184,0
38894,26184,0
38895,26184,0
38896,26184,0
38897,26184,0
38898,26184,0
38899,873,61308
38900,26184,0
38901,25613,398
38902,26184,0
38903,26184,0
38904,26184,0
38905,26184,0
38906,26184,0
38907,23141,2228
38908,26184,0
38909,26184,0
38910,26184,0
38911,21965,3168
38912,23770,1744
38913,26184,0
38914,26184,0
38915,26184,0
38916,26184,0
38917,26184,0
38918,26184,0
38919,26184,0
38920,18528,6236
38921,25254,652
38922,24330,1324
38923,23990,1578
38924,26184,0
38925,26184,0
38926,25942,168
38927,26184,0
38928,24460,1228
38929,26184,0
38930,25519,464
38931,26184,0
38932,25310,612
38933,22774,2516
38934,26184,0
38935,26184,0
38936,26184,0
38937,26184,0
38938,26184,0
38939,14039,11238
38940,24129,1474
38941,26184,0
38942,25599,408
38943,26184,0
38944,25333,596
38945,26184,0
38946,26184,0
38947,26184,0
38948,26184,0
38949,26184,0
38950,26184,0
38951,26184,0
38952,25913,188
38953,26184,0
38954,22890,2424
38955,26184,0
38956,26184,0
38957,16476,8352
38958,26184,0
38959,13611,11796
38960,26184,0
38961,19522,5294
38962,26184,0
38963,25389,556
38964,22373,2836
38965,25559,436
38966,26014,118
38967,17585,7178
38968,23404,2024
38969,26184,0
38970,26184,0
38971,26184,0
38972,26184,0
38973,24303,1344
38974,26184,0
38975,24137,1468
38976,26184,0
38977,25429,528
38978,21274,3744
38979,26184,0
38980,17834,6924
38981,26184,0
38982,26184,0
38983,26184,0
38984,26184,0
38985,26184,0
38986,26184,0
38987,26184,0
38988,23871,1668
38989,26184,0
38990,26184,0
38991,26184,0
38992,23924,1628
38993,26184,0
38994,26184,0
38995,24665,1078
38996,26184,0
38997,26184,0
38998,26184,0
38999,26184,0
39000,26184,0
39001,26184,0
39002,26184,0
39003,17389,7380
39004,25434,524
39005,22513,2724
39006,26184,0
39007,26184,0
39008,26184,0
39009,6490,25148
39010,26184,0
39011,25930,176
39012,26150,24
39013,26184,0
39014,24673,1072
39015,26184,0
39016,26184,0
39017,26184,0
39018,26184,0
39019,26184,0
39020,26184,0
39021,26184,0
39022,24722,1036
39023,26184,0
39024,26184,0
39025,26184,0
39026,26184,0
39027,25927,178
39028,26184,0
39029,26184,0
39030,26184,0
39031,26184,0
39032,24190,1428
39033,25559,436
39034,26184,0
39035,26184,0
39036,26184,0
39037,25015,824
39038,25109,756
39039,26184,0
39040,26184,0
39041,26184,0
39042,26184,0
39043,26184,0
39044,26184,0
39045,26184,0
39046,26132,36
39047,26184,0
39048,25547,444
39049,26184,0
39050,20688,4248
39051,26184,0
39052,25249,656
39053,26184,0
39054,26184,0
39055,24876,924
39056,24670,1074
39057,26184,0
39058,26184,0
39059,23797,1724
39060,25804,264
39061,26184,0
39062,26184,0
39063,26184,0
39064,26184,0
39065,26184,0
39066,26184,0
39067,26184,0
39068,24626,1106
39069,26048,94
39070,26184,0
39071,26060,86
39072,26184,0
39073,26184,0
39074,25855,228
39075,26184,0
39076,14972,10078
39077,26184,0
39078,26184,0
39079,26184,0
39080,26184,0
39081,26184,0
39082,26184,0
39083,26184,0
39084,26184,0
39085,26184,0
39086,26184,0
39087,26184,0
39088,25429,528
39089,23274,2124
39090,23018,2324
39091,26184,0
39092,26184,0
39093,19980,4876
39094,26184,0
39095,26184,0
39096,26184,0
39097,26184,0
39098,26184,0
39099,25547,444
39100,23347,2068
39101,26184,0
39102,26184,0
39103,26184,0
39104,25120,748
39105,26184,0
39106,26184,0
39107,26184,0
39108,21819,3288
39109,26184,0
39110,25542,448
39111,26184,0
39112,26184,0
39113,25684,348
39114,26184,0
39115,26184,0
39116,26184,0
39117,25613,398
39118,26184,0
39119,26184,0
39120,24920,892
39121,26184,0
39122,24843,948
39123,26184,0
39124,26184,0
39125,22736,2546
39126,25576,424
39127,26184,0
39128,26184,0
39129,25322,604
39130,26184,0
39131,26184,0
39132,26184,0
39133,26184,0
39134,26184,0
39135,26184,0
39136,25613,398
39137,24215,1410
39138,20711,4228
39139,26184,0
39140,26184,0
39141,26184,0
39142,26184,0
39143,24882,920
39144,26184,0
39145,26184,0
39146,26184,0
39147,26184,0
39148,25148,728
39149,26184,0
39150,24711,1044
39151,26184,0
39152,26184,0
39153,26184,0
39154,26184,0
39155,26184,0
39156,25364,574
39157,25661,364
39158,26184,0
39159,26184,0
39160,26184,0
39161,21007,3972
39162,26184,0
39163,26184,0
39164,26184,0
39165,24901,906
39166,26184,0
39167,24956,866
39168,26184,0
39169,26184,0
39170,4709,30932
39171,22640,2622
39172,26184,0
39173,18536,6228
39174,17949,6808
39175,26184,0
39176,26184,0
39177,26184,0
39178,26184,0
39179,20573,4348
39180,26184,0
39181,26184,0
39182,26184,0
39183,26184,0
39184,26184,0
39185,26184,0
39186,24011,1562
39187,26184,0
39188,26184,0
39189,26184,0
39190,13388,12094
39191,25266,644
39192,26184,0
39193,26184,0
39194,26184,0
39195,26005,124
39196,26184,0
39197,26184,0
39198,25053,796
39199,25988,136
39200,26184,0
39201,26037,102
39202,26184,0
39203,26184,0
39204,26184,0
39205,26184,0
39206,26184,0
39207,26184,0
39208,12343,13560
39209,26184,0
39210,26184,0
39211,26184,0
39212,26184,0
39213,26184,0
39214,26184,0
39215,22992,2344
39216,26184,0
39217,24534,1174
39218,26184,0
39219,26184,0
39220,26184,0
39221,26184,0
39222,23013,2328
39223,25015,824
39224,19013,5770
39225,26184,0
39226,26184,0
39227,26184,0
39228,26184,0
39229,26184,0
39230,26184,0
39231,26184,0
39232,26184,0
39233,22180,2992
39234,26184,0
39235,25718,324
39236,26184,0
39237,26121,44
39238,26184,0
39239,24030,1548
39240,26184,0
39241,23929,1624
39242,26184,0
39243,26184,0
39244,26184,0
39245,26184,0
39246,23871,1668
39247,25400,548
39248,26184,0
39249,26184,0
39250,26184,0
39251,25999,128
39252,26184,0
39253,26184,0
39254,26184,0
39255,26184,0
39256,26184,0
39257,22786,2506
39258,26184,0
39259,26184,0
39260,26184,0
39261,23404,2024
39262,25496,480
39263,26184,0
39264,22987,2348
39265,25288,628
39266,26184,0
39267,26184,0
39268,26184,0
39269,26184,0
39270,25012,826
39271,23995,1574
39272,26184,0
39273,26184,0
39274,26184,0
39275,26184,0
39276,26184,0
39277,26184,0
39278,26184,0
39279,26184,0
39280,26184,0
39281,25224,674
39282,22708,2568
39283,26184,0
39284,26184,0
39285,26184,0
39286,26184,0
39287,26184,0
39288,23259,2136
39289,26184,0
39290,26184,0
39291,8996,19262
39292,25712,328
39293,26184,0
39294,24317,1334
39295,26184,0
39296,26184,0
39297,26184,0
39298,26184,0
39299,26184,0
39300,26184,0
39301,22781,2510
39302,26184,0
39303,20842,4114
39304,18751,6020
39305,26184,0
39306,17420,7348
39307,25434,524
39308,26184,0
39309,26184,0
39310,26184,0
39311,26184,0
39312,26184,0
39313,16421,8412
39314,26184,0
39315,26184,0
39316,7929,21538
39317,22829,2472
39318,26184,0
39319,25821,252
39320,23210,2174
39321,25861,224
39322,26184,0
39323,26184,0
39324,26184,0
39325,26184,0
39326,26121,44
39327,26184,0
39328,26184,0
39329,26184,0
39330,23681,1812
39331,26184,0
39332,24876,924
39333,26184,0
39334,20342,4552
39335,26184,0
39336,26184,0
39337,26184,0
39338,26184,0
39339,24132,1472
39340,26184,0
39341,26184,0
39342,26184,0
39343,26184,0
39344,23082,2274
39345,25434,524
39346,26184,0
39347,26184,0
39348,26184,0
39349,24126,1476
39350,26184,0
39351,26184,0
39352,25120,748
39353,26184,0
39354,26184,0
39355,26184,0
39356,26184,0
39357,26184,0
39358,26005,124
39359,22075,3078
39360,23130,2236
39361,26184,0
39362,26184,0
39363,24471,1220
39364,26184,0
39365,26184,0
39366,26184,0
39367,26014,118
39368,26184,0
39369,26184,0
39370,14008,11278
39371,26184,0
39372,26184,0
39373,25775,284
39374,26184,0
39375,26184,0
39376,26184,0
39377,25927,178
39378,26184,0
39379,26184,0
39380,26184,0
39381,26184,0
39382,26184,0
39383,26184,0
39384,26184,0
39385,26184,0
39386,5826,27096
39387,26184,0
39388,26184,0
39389,26184,0
39390,25148,728
39391,26184,0
39392,1625,50110
39393,26184,0
39394,25789,274
39395,22540,2702
39396,20256,4628
39397,8864,19528
39398,26184,0
39399,26132,36
39400,26184,0
39401,26184,0
39402,26184,0
39403,17220,7556
39404,24698,1054
39405,26184,0
39406,26184,0
39407,26184,0
39408,25505,474
39409,26184,0
39410,26184,0
39411,25112,754
39412,26184,0
39413,22749,2536
39414,26184,0
39415,25784,278
39416,20487,4424
39417,26184,0
39418,26184,0
39419,26184,0
39420,25861,224
39421,26184,0
39422,26184,0
39423,22136,3028
39424,25364,574
39425,26184,0
39426,26184,0
39427,26184,0
39428,26184,0
39429,26184,0
39430,26184,0
39431,26184,0
39432,26184,0
39433,26121,44
39434,26184,0
39435,26184,0
39436,26184,0
39437,26184,0
39438,26184,0
39439,23117,2246
39440,26184,0
39441,26184,0
39442,26184,0
39443,22860,2448
39444,26184,0
39445,26184,0
39446,26184,0
39447,25109,756
39448,26184,0
39449,26184,0
39450,26184,0
39451,26184,0
39452,26184,0
39453,25400,548
39454,24330,1324
39455,26184,0
39456,12189,13786
39457,26184,0
39458,25712,328
39459,25406,544
39460,22814,2484
39461,25684,348
39462,26184,0
39463,26184,0
39464,26184,0
39465,26184,0
39466,26184,0
39467,26184,0
39468,26184,0
39469,26184,0
39470,26184,0
39471,26184,0
39472,26184,0
39473,26184,0
39474,11807,14360
39475,26184,0
39476,26184,0
39477,24466,1224
39478,26184,0
39479,25485,488
39480,25979,142
39481,26184,0
39482,26184,0
39483,26184,0
39484,26184,0
39485,25570,428
39486,25712,328
39487,26184,0
39488,26184,0
39489,26184,0
39490,26184,0
39491,8765,19732
39492,26184,0
39493,26184,0
39494,26184,0
39495,26184,0
39496,23404,2024
39497,22736,2546
39498,23924,1628
39499,26184,0
39500,25266,644
39501,26184,0
39502,16389,8448
39503,24945,874
39504,26184,0
39505,26184,0
39506,26184,0
39507,25471,498
39508,25196,694
39509,26184,0
39510,26184,0
39511,23665,1824
39512,25420,534
39513,26184,0
39514,25570,428
39515,26184,0
39516,23404,2024
39517,26184,0
39518,26184,0
39519,26184,0
39520,25400,548
39521,26184,0
39522,26184,0
39523,26184,0
39524,26184,0
39525,26184,0
39526,26184,0
39527,26184,0
39528,23781,1736
39529,26184,0
39530,26184,0
39531,26184,0
39532,26184,0
39533,26184,0
39534,26184,0
39535,25367,572
39536,26184,0
39537,26115,48
39538,26184,0
39539,26184,0
39540,26184,0
39541,21355,3676
39542,26184,0
39543,26184,0
39544,25126,744
39545,17811,6948
39546,24596,1128
39547,22749,2536
39548,26184,0
39549,26184,0
39550,26184,0
39551,25263,646
39552,26184,0
39553,11717,14498
39554,25772,286
39555,22890,2424
39556,26121,44
39557,26184,0
39558,26184,0
39559,26184,0
39560,26184,0
39561,26184,0
39562,26184,0
39563,26184,0
39564,26184,0
39565,26184,0
39566,26184,0
39567,26184,0
39568,26184,0
39569,25151,726
39570,26184,0
39571,26184,0
39572,26184,0
39573,26184,0
39574,26184,0
39575,26184,0
39576,26060,86
39577,26184,0
39578,23156,2216
39579,26184,0
39580,26184,0
39581,24774,998
39582,22240,2944
39583,24739,1024
39584,26184,0
39585,26184,0
39586,26184,0
39587,26184,0
39588,26184,0
39589,26184,0
39590,26184,0
39591,16168,8692
39592,26184,0
39593,26184,0
39594,24220,1406
39595,25148,728
39596,21471,3578
39597,25148,728
39598,26005,124
39599,21958,3174
39600,26184,0
39601,22513,2724
39602,25827,248
39603,26184,0
39604,26184,0
39605,26184,0
39606,26184,0
39607,26184,0
39608,26184,0
39609,26184,0
39610,26184,0
39611,4146,33228
39612,19680,5148
39613,26184,0
39614,25294,624
39615,26184,0
39616,18313,6446
39617,26184,0
39618,26184,0
39619,1,257564
39620,26184,0
39621,26184,0
39622,26184,0
39623,26184,0
39624,25999,128
39625,26184,0
39626,26144,28
39627,26184,0
39628,1628,50082
39629,25916,186
39630,25288,628
39631,26184,0
39632,26184,0
39633,26184,0
39634,26184,0
39635,26184,0
39636,24333,1322
39637,26184,0
39638,26184,0
39639,26184,0
39640,26184,0
39641,26184,0
39642,24981,848
39643,24954,868
39644,26184,0
39645,26184,0
39646,26184,0
39647,26184,0
39648,26184,0
39649,26184,0
39650,26184,0
39651,18212,6546
39652,26184,0
39653,26184,0
39654,26184,0
39655,26184,0
39656,26184,0
39657,23969,1594
39658,26144,28
39659,26184,0
39660,26184,0
39661,26184,0
39662,26150,24
39663,25718,324
39664,26048,94
39665,26184,0
39666,15698,9224
39667,26184,0
39668,26184,0
39669,22716,2562
39670,26184,0
39671,26184,0
39672,26184,0
39673,26184,0
39674,26184,0
39675,26184,0
39676,22264,2924
39677,26184,0
39678,26184,0
39679,20937,4032
39680,26184,0
39681,26184,0
39682,26184,0
39683,26184,0
39684,25684,348
39685,22299,2896
39686,26184,0
39687,26184,0
39688,26121,44
39689,26184,0
39690,23213,2172
39691,25616,396
39692,2006,46320
39693,26184,0
39694,25712,328
39695,24062,1524
39696,25547,444
39697,26184,0
39698,26184,0
39699,26184,0
39700,25471,498
39701,24368,1296
39702,26184,0
39703,26184,0
39704,26184,0
39705,26184,0
39706,26184,0
39707,26184,0
39708,26184,0
39709,26184,0
39710,25294,624
39711,25009,828
39712,26184,0
39713,26184,0
39714,26184,0
39715,26184,0
39716,26184,0
39717,18466,6296
39718,25120,748
39719,26184,0
39720,26184,0
39721,24333,1322
39722,24832,956
39723,23197,2184
39724,25576,424
39725,26184,0
39726,25884,208
39727,26184,0
39728,26184,0
39729,21459,3588
39730,26184,0
39731,26184,0
39732,26184,0
39733,24035,1544
39734,26184,0
39735,26184,0
39736,26184,0
39737,26184,0
39738,26184,0
39739,26184,0
39740,26184,0
39741,24019,1556
39742,26184,0
39743,26184,0
39744,26184,0
39745,26184,0
39746,26184,0
39747,26184,0
39748,26184,0
39749,25798,268
39750,26184,0
39751,24062,1524
39752,26184,0
39753,26184,0
39754,26184,0
39755,24303,1344
39756,26184,0
39757,26184,0
39758,26184,0
39759,21975,3160
39760,26184,0
39761,26184,0
39762,26184,0
39763,25684,348
39764,23971,1592
39765,20182,4694
39766,26184,0
39767,26184,0
39768,23963,1598
39769,26184,0
39770,25051,798
39771,26184,0
39772,26184,0
39773,26184,0
39774,26184,0
39775,26184,0
39776,26184,0
39777,26184,0
39778,20473,4436
39779,26184,0
39780,14914,10148
39781,26184,0
39782,26184,0
39783,23259,2136
39784,25576,424
39785,26184,0
39786,24739,1024
39787,23665,1824
39788,26184,0
39789,26184,0
39790,24722,1036
39791,26184,0
39792,26184,0
39793,26184,0
39794,23599,1874
39795,26184,0
39796,26184,0
39797,26184,0
39798,26184,0
39799,26184,0
39800,26184,0
39801,26184,0
39802,26184,0
39803,25305,616
39804,26184,0
39805,19377,5428
39806,26184,0
39807,26184,0
39808,24330,1324
39809,26184,0
39810,20688,4248
39811,26184,0
39812,26071,78
39813,26184,0
39814,26184,0
39815,20585,4338
39816,25434,524
39817,26184,0
39818,22240,2944
39819,26184,0
39820,26184,0
39821,26184,0
39822,26184,0
39823,26184,0
39824,26184,0
39825,25970,148
39826,26184,0
39827,26184,0
39828,23002,2336
39829,26184,0
39830,26184,0
39831,26184,0
39832,22080,3074
39833,26184,0
39834,26184,0
39835,23053,2296
39836,24646,1092
39837,25976,144
39838,26184,0
39839,26184,0
39840,26184,0
39841,26184,0
39842,26184,0
39843,25268,642
39844,26184,0
39845,26184,0
39846,26184,0
39847,24268,1370
39848,24849,944
39849,26184,0
39850,26184,0
39851,26184,0
39852,18230,6528
39853,26184,0
39854,26005,124
39855,26184,0
39856,19028,5756
39857,26184,0
39858,26184,0
39859,25927,178
39860,23355,2062
39861,26184,0
39862,26184,0
39863,26184,0
39864,26184,0
39865,26184,0
39866,26184,0
39867,25827,248
39868,26184,0
39869,26184,0
39870,26184,0
39871,25400,548
39872,26184,0
39873,25724,320
39874,26184,0
39875,25927,178
39876,26184,0
39877,22448,2776
39878,21892,3228
39879,26184,0
39880,26184,0
39881,26184,0
39882,26184,0
39883,26184,0
39884,26184,0
39885,26184,0
39886,23352,2064
39887,26184,0
39888,26184,0
39889,26184,0
39890,26184,0
39891,26184,0
39892,26184,0
39893,26184,0
39894,26184,0
39895,26184,0
39896,26184,0
39897,26184,0
39898,26184,0
39899,26184,0
39900,26184,0
39901,22053,3096
39902,25179,706
39903,23594,1878
39904,26184,0
39905,26184,0
39906,24832,956
39907,26184,0
39908,15007,10036
39909,18803,5970
39910,26184,0
39911,26184,0
39912,26184,0
39913,26184,0
39914,26184,0
39915,26184,0
39916,26184,0
39917,26184,0
39918,26184,0
39919,26184,0
39920,26184,0
39921,26184,0
39922,26184,0
39923,26184,0
39924,26184,0
39925,26184,0
39926,25471,498
39927,26184,0
39928,23373,2048
39929,26184,0
39930,26184,0
39931,26184,0
39932,26184,0
39933,26184,0
39934,26184,0
39935,24534,1174
39936,12045,14000
39937,23362,2056
39938,26184,0
39939,26184,0
39940,26184,0
39941,26184,0
39942,25434,524
39943,26184,0
39944,26184,0
39945,26184,0
39946,26184,0
39947,24547,1164
39948,26184,0
39949,26184,0
39950,26150,24
39951,26184,0
39952,5728,27402
39953,23802,1720
39954,26184,0
39955,26184,0
39956,26184,0
39957,14587,10548
39958,26184,0
39959,26184,0
39960,26184,0
39961,26184,0
39962,26184,0
39963,26184,0
39964,26184,0
39965,23495,1954
39966,25684,348
39967,26184,0
39968,26184,0
39969,26014,118
39970,25861,224
39971,23130,2236
39972,26184,0
39973,26184,0
39974,26184,0
39975,26184,0
39976,24596,1128
39977,26184,0
39978,26184,0
39979,26184,0
39980,26184,0
39981,26184,0
39982,15636,9296
39983,26184,0
39984,25784,278
39985,17696,7064
39986,26184,0
39987,26184,0
39988,26184,0
39989,23534,1924
39990,25701,336
39991,22036,3110
39992,26184,0
39993,26184,0
39994,20211,4668
39995,26184,0
39996,26184,0
39997,26184,0
39998,26184,0
39999,26144,28
40000,25009,828
