1,24219,810
2,24585,1100
3,25662,1930
4,23822,490
5,23650,350
6,26010,2190
7,24057,680
8,24345,910
9,26471,2530
10,24661,1160
11,26104,2260
12,24257,840
13,23884,540
14,27432,3220
15,26870,2820
16,24357,920
17,24119,730
18,23468,200
19,23847,510
20,24132,740
21,23995,630
22,26649,2660
23,24866,1320
24,25557,1850
25,24471,1010
26,23736,420
27,25583,1870
28,23298,60
29,27389,3190
30,24320,890
31,24395,950
32,24674,1170
33,24853,1310
34,26608,2630
35,24840,1300
36,26498,2550
37,29081,4350
38,24395,950
39,25491,1800
40,27038,2940
41,24969,1400
42,23945,590
43,24107,720
44,24521,1050
45,26389,2470
46,23773,450
47,25889,2100
48,25996,2180
49,25755,2000
50,24057,680
51,25229,1600
52,25281,1640
53,24307,880
54,24144,750
55,24572,1090
56,27702,3410
57,23626,330
58,23896,550
59,24598,1110
60,24094,710
61,23785,460
62,24370,930
63,26375,2460
64,24395,950
65,24157,760
66,26375,2460
67,23847,510
68,25242,1610
69,24828,1290
70,24169,770
71,24269,850
72,24232,820
73,25742,1990
74,23383,130
75,24307,880
76,23262,30
77,23958,600
78,23970,610
79,29429,4580
80,24521,1050
81,24995,1420
82,23983,620
83,24345,910
84,24357,920
85,24169,770
86,23724,410
87,27432,3220
88,24943,1380
89,24020,650
90,26829,2790
91,24357,920
92,23773,450
93,24332,900
94,27517,3280
95,25202,1580
96,24879,1330
97,23822,490
98,27038,2940
99,25124,1520
100,24598,1110
101,26280,2390
102,27052,2950
103,23785,460
104,26402,2480
105,26171,2310
106,24636,1140
107,24157,760
108,23699,390
109,25073,1480
110,23871,530
111,27860,3520
112,25491,1800
113,26691,2690
114,25008,1430
115,26635,2650
116,24458,1000
117,24320,890
118,25609,1890
119,26416,2490
120,23455,190
121,24082,700
122,25425,1750
123,25073,1480
124,24446,990
125,23711,400
126,24294,870
127,26144,2290
128,27674,3390
129,24598,1110
130,23822,490
131,25822,2050
132,24269,850
133,24370,930
134,23322,80
135,23983,620
136,24572,1090
137,24598,1110
138,24069,690
139,25111,1510
140,24244,830
141,24560,1080
142,25176,1560
143,27976,3600
144,23675,370
145,25517,1820
146,23687,380
147,24943,1380
148,24509,1040
149,23699,390
150,23810,480
151,24269,850
152,25176,1560
153,24119,730
154,24623,1130
155,27889,3540
156,25583,1870
157,25623,1900
158,25124,1520
159,24840,1300
160,24045,670
161,24069,690
162,24815,1280
163,23970,610
164,26402,2480
165,25359,1700
166,24509,1040
167,24789,1260
168,23553,270
169,24257,840
170,23407,150
171,24828,1290
172,24157,760
173,24572,1090
174,23226,0
175,24751,1230
176,26266,2380
177,24802,1270
178,23226,0
179,26334,2430
180,24700,1190
181,24687,1180
182,23589,300
183,24194,790
184,25425,1750
185,26077,2240
186,25098,1500
187,23298,60
188,25034,1450
189,24269,850
190,24905,1350
191,24182,780
192,23834,500
193,24107,720
194,24332,900
195,23565,280
196,25202,1580
197,23504,230
198,29232,4450
199,24866,1320
200,25822,2050
201,24007,640
202,25098,1500
203,23958,600
204,25359,1700
205,27206,3060
206,24623,1130
207,24905,1350
208,24918,1360
209,24244,830
210,23810,480
211,26104,2260
212,24420,970
213,24547,1070
214,23274,40
215,24471,1010
216,23687,380
217,24194,790
218,24020,650
219,24598,1110
220,25862,2080
221,23908,560
222,25557,1850
223,25662,1930
224,25385,1720
225,25150,1540
226,25676,1940
227,24560,1080
228,30153,5050
229,24219,810
230,24020,650
231,24345,910
232,23395,140
233,24144,750
234,26158,2300
235,24560,1080
236,25530,1830
237,24069,690
238,24623,1130
239,24649,1150
240,28150,3720
241,24982,1410
242,23871,530
243,24382,940
244,27108,2990
245,25662,1930
246,25124,1520
247,26815,2780
248,28664,4070
249,23884,540
250,25111,1510
251,25098,1500
252,23516,240
253,25124,1520
254,23797,470
255,23810,480
256,24623,1130
257,24269,850
258,24521,1050
259,23785,460
260,23540,260
261,23553,270
262,25359,1700
263,25242,1610
264,24157,760
265,24332,900
266,24840,1300
267,25163,1550
268,24521,1050
269,25372,1710
270,25623,1900
271,24169,770
272,23896,550
273,25956,2150
274,24534,1060
275,23958,600
276,25111,1510
277,26050,2220
278,23589,300
279,24866,1320
280,23871,530
281,26567,2600
282,25008,1430
283,23970,610
284,25307,1660
285,26212,2340
286,24840,1300
287,25412,1740
288,23847,510
289,23662,360
290,23492,220
291,23528,250
292,24194,790
293,24982,1410
294,23504,230
295,25596,1880
296,23896,550
297,25098,1500
298,24610,1120
299,25676,1940
300,25320,1670
301,25202,1580
302,23810,480
303,24509,1040
304,25649,1920
305,26553,2590
306,27688,3400
307,26253,2370
308,23589,300
309,24132,740
310,25742,1990
311,24169,770
312,23822,490
313,26857,2810
314,23933,580
315,23480,210
316,25163,1550
317,24853,1310
318,23834,500
319,23468,200
320,23662,360
321,25202,1580
322,24294,870
323,26334,2430
324,24370,930
325,25889,2100
326,23797,470
327,26362,2450
328,24789,1260
329,26293,2400
330,24776,1250
331,23908,560
332,24585,1100
333,23589,300
334,24232,820
335,24458,1000
336,23322,80
337,32016,6210
338,23614,320
339,23711,400
340,24020,650
341,25623,1900
342,23908,560
343,24244,830
344,23395,140
345,24687,1180
346,28516,3970
347,25359,1700
348,24257,840
349,27290,3120
350,27220,3070
351,23589,300
352,24382,940
353,25649,1920
354,27403,3200
355,25098,1500
356,24082,700
357,26158,2300
358,25795,2030
359,24956,1390
360,24560,1080
361,24661,1160
362,23760,440
363,29368,4540
364,27333,3150
365,23687,380
366,27846,3510
367,23810,480
368,23773,450
369,25268,1630
370,31801,6080
371,26117,2270
372,33333,6990
373,26815,2780
374,23773,450
375,24661,1160
376,23884,540
377,24157,760
378,24232,820
379,26402,2480
380,23407,150
381,25451,1770
382,24194,790
383,23626,330
384,24828,1290
385,29444,4590
386,24257,840
387,24496,1030
388,23711,400
389,24207,800
390,23492,220
391,26334,2430
392,24636,1140
393,25729,1980
394,25623,1900
395,25835,2060
396,24320,890
397,25359,1700
398,28281,3810
399,27503,3270
400,24918,1360
401,25530,1830
402,26608,2630
403,24623,1130
404,25676,1940
405,24763,1240
406,24007,640
407,24057,680
408,24509,1040
409,25809,2040
410,26117,2270
411,24585,1100
412,23322,80
413,24905,1350
414,24182,780
415,26484,2540
416,26280,2390
417,23638,340
418,23347,100
419,25189,1570
420,24094,710
421,23626,330
422,30435,5230
423,24636,1140
424,26117,2270
425,25268,1630
426,25163,1550
427,23286,50
428,23601,310
429,23871,530
430,24045,670
431,27108,2990
432,25835,2060
433,25438,1760
434,26321,2420
435,24751,1230
436,25676,1940
437,23736,420
438,23724,410
439,24119,730
440,25795,2030
441,25111,1510
442,23662,360
443,23933,580
444,25742,1990
445,24307,880
446,24232,820
447,24320,890
448,23371,120
449,24382,940
450,26691,2690
451,24471,1010
452,24045,670
453,23995,630
454,24395,950
455,24257,840
456,24132,740
457,25111,1510
458,24094,710
459,23540,260
460,25189,1570
461,25111,1510
462,24610,1120
463,23286,50
464,24496,1030
465,23347,100
466,26321,2420
467,32165,6300
468,23577,290
469,26362,2450
470,25202,1580
471,23359,110
472,27474,3250
473,24182,780
474,25557,1850
475,24357,920
476,24307,880
477,26443,2510
478,24738,1220
479,23250,20
480,23577,290
481,23773,450
482,24866,1320
483,25543,1840
484,25124,1520
485,23699,390
486,25333,1680
487,25320,1670
488,25889,2100
489,25623,1900
490,24157,760
491,23785,460
492,24840,1300
493,23286,50
494,28354,3860
495,28325,3840
496,25755,2000
497,23995,630
498,23773,450
499,27846,3510
500,25021,1440
501,24930,1370
502,24610,1120
503,25150,1540
504,26884,2830
505,28723,4110
506,25451,1770
507,25662,1930
508,24995,1420
509,25729,1980
510,24674,1170
511,24982,1410
512,23516,240
513,23589,300
514,28887,4220
515,24956,1390
516,25702,1960
517,27052,2950
518,24119,730
519,25809,2040
520,24560,1080
521,25229,1600
522,23822,490
523,25517,1820
524,28164,3730
525,24521,1050
526,25835,2060
527,24610,1120
528,24069,690
529,27602,3340
530,23760,440
531,26212,2340
532,24943,1380
533,26430,2500
534,24943,1380
535,23455,190
536,25021,1440
537,27531,3290
538,23748,430
539,25307,1660
540,24815,1280
541,23847,510
542,23371,120
543,26996,2910
544,25060,1470
545,25320,1670
546,27645,3370
547,26940,2870
548,24674,1170
549,24094,710
550,27038,2940
551,25111,1510
552,23724,410
553,27150,3020
554,24244,830
555,27038,2940
556,24082,700
557,23859,520
558,26649,2660
559,24057,680
560,25124,1520
561,25150,1540
562,25294,1650
563,26539,2580
564,23675,370
565,24395,950
566,25111,1510
567,24776,1250
568,24207,800
569,23958,600
570,25876,2090
571,23419,160
572,23748,430
573,23983,620
574,28782,4150
575,23226,0
576,25795,2030
577,25202,1580
578,23970,610
579,24294,870
580,26037,2210
581,23347,100
582,23760,440
583,24598,1110
584,26077,2240
585,23736,420
586,28194,3750
587,23983,620
588,25137,1530
589,23896,550
590,25983,2170
591,23822,490
592,23455,190
593,24725,1210
594,23286,50
595,24982,1410
596,26829,2790
597,23638,340
598,25636,1910
599,23662,360
600,31006,5590
601,31900,6140
602,27760,3450
603,25782,2020
604,23347,100
605,23847,510
606,24420,970
607,23945,590
608,25716,1970
609,28310,3830
610,23773,450
611,24433,980
612,27432,3220
613,24458,1000
614,26362,2450
615,23933,580
616,23540,260
617,23945,590
618,26185,2320
619,25425,1750
620,24119,730
621,24802,1270
622,25425,1750
623,26063,2230
624,25215,1590
625,23773,450
626,23983,620
627,25137,1530
628,23773,450
629,23614,320
630,23736,420
631,23773,450
632,23822,490
633,28413,3900
634,27178,3040
635,24471,1010
636,23711,400
637,26239,2360
638,26117,2270
639,25008,1430
640,25085,1490
641,24057,680
642,24269,850
643,26773,2750
644,24370,930
645,24585,1100
646,25543,1840
647,23834,500
648,25464,1780
649,24207,800
650,25983,2170
651,24182,780
652,24995,1420
653,25491,1800
654,24892,1340
655,23589,300
656,23699,390
657,23383,130
658,24687,1180
659,25809,2040
660,24802,1270
661,24307,880
662,24572,1090
663,23773,450
664,24032,660
665,25491,1800
666,25150,1540
667,23516,240
668,28019,3630
669,23884,540
670,24496,1030
671,23847,510
672,25307,1660
673,25464,1780
674,26063,2230
675,23958,600
676,26982,2900
677,23797,470
678,23286,50
679,26362,2450
680,24969,1400
681,27932,3570
682,24483,1020
683,26307,2410
684,25530,1830
685,23650,350
686,24194,790
687,23359,110
688,25929,2130
689,23359,110
690,24866,1320
691,24534,1060
692,24674,1170
693,23908,560
694,25862,2080
695,24930,1370
696,24560,1080
697,27976,3600
698,25189,1570
699,25202,1580
700,24332,900
701,24610,1120
702,24547,1070
703,25702,1960
704,23468,200
705,23699,390
706,24905,1350
707,26090,2250
708,25034,1450
709,25085,1490
710,24169,770
711,26457,2520
712,23699,390
713,23262,30
714,24357,920
715,24332,900
716,24763,1240
717,25742,1990
718,25111,1510
719,24840,1300
720,25543,1840
721,24649,1150
722,24007,640
723,23711,400
724,24357,920
725,24776,1250
726,24382,940
727,25047,1460
728,24107,720
729,24282,860
730,25111,1510
731,23970,610
732,25242,1610
733,23504,230
734,25662,1930
735,25543,1840
736,25530,1830
737,23516,240
738,24219,810
739,23797,470
740,27319,3140
741,30168,5060
742,23614,320
743,24560,1080
744,24521,1050
745,23347,100
746,27674,3390
747,23908,560
748,28947,4260
749,26253,2370
750,27178,3040
751,24320,890
752,24458,1000
753,24661,1160
754,24789,1260
755,23431,170
756,23748,430
757,31038,5610
758,24572,1090
759,23884,540
760,24144,750
761,25242,1610
762,24107,720
763,25742,1990
764,24598,1110
765,25073,1480
766,27531,3290
767,25876,2090
768,23238,10
769,24815,1280
770,25504,1810
771,24069,690
772,24995,1420
773,25124,1520
774,26307,2410
775,25649,1920
776,25189,1570
777,25111,1510
778,24509,1040
779,23945,590
780,24995,1420
781,26023,2200
782,23455,190
783,27192,3050
784,24119,730
785,26171,2310
786,23371,120
787,24534,1060
788,23958,600
789,23565,280
790,26580,2610
791,27108,2990
792,24433,980
793,26171,2310
794,25137,1530
795,24995,1420
796,23724,410
797,24169,770
798,23528,250
799,24840,1300
800,27574,3320
801,23797,470
802,23540,260
803,23933,580
804,24789,1260
805,23711,400
806,24144,750
807,24320,890
808,23226,0
809,23407,150
810,25111,1510
811,23468,200
812,26010,2190
813,23577,290
814,23347,100
815,25530,1830
816,24687,1180
817,24943,1380
818,24082,700
819,27136,3010
820,25862,2080
821,24370,930
822,24119,730
823,25359,1700
824,24969,1400
825,24433,980
826,23504,230
827,25150,1540
828,23577,290
829,26321,2420
830,26117,2270
831,23662,360
832,27418,3210
833,24905,1350
834,26635,2650
835,23638,340
836,25822,2050
837,24828,1290
838,27052,2950
839,26926,2860
840,24572,1090
841,26402,2480
842,23724,410
843,23871,530
844,24182,780
845,24232,820
846,23711,400
847,25215,1590
848,23395,140
849,23226,0
850,23748,430
851,25530,1830
852,24776,1250
853,28693,4090
854,24840,1300
855,25889,2100
856,26010,2190
857,26104,2260
858,31966,6180
859,23638,340
860,26815,2780
861,28384,3880
862,26293,2400
863,25451,1770
864,25835,2060
865,25491,1800
866,26362,2450
867,24802,1270
868,24045,670
869,29858,4860
870,25543,1840
871,23847,510
872,24182,780
873,32752,6650
874,24057,680
875,23589,300
876,23822,490
877,26050,2220
878,24982,1410
879,25294,1650
880,23896,550
881,24207,800
882,25425,1750
883,24144,750
884,23797,470
885,23371,120
886,25333,1680
887,26050,2220
888,23736,420
889,24866,1320
890,25438,1760
891,25242,1610
892,25346,1690
893,26635,2650
894,26926,2860
895,23724,410
896,25889,2100
897,25008,1430
898,25202,1580
899,24521,1050
900,25098,1500
901,30278,5130
902,24610,1120
903,24232,820
904,25047,1460
905,25636,1910
906,25609,1890
907,24828,1290
908,24879,1330
909,25570,1860
910,29720,4770
911,23516,240
912,24458,1000
913,23431,170
914,24045,670
915,25570,1860
916,24828,1290
917,24751,1230
918,25996,2180
919,24969,1400
920,25294,1650
921,27531,3290
922,24521,1050
923,24207,800
924,25662,1930
925,23250,20
926,24194,790
927,24020,650
928,24661,1160
929,25609,1890
930,23492,220
931,24244,830
932,28428,3910
933,25636,1910
934,23504,230
935,27010,2920
936,25491,1800
937,23896,550
938,23711,400
939,24269,850
940,25702,1960
941,25307,1660
942,24521,1050
943,25649,1920
944,23970,610
945,23847,510
946,24194,790
947,23970,610
948,24521,1050
949,25137,1530
950,24282,860
951,23724,410
952,25255,1620
953,24610,1120
954,24918,1360
955,25716,1970
956,23626,330
957,26253,2370
958,25983,2170
959,24521,1050
960,24585,1100
961,24496,1030
962,25438,1760
963,27248,3090
964,25451,1770
965,24918,1360
966,26704,2700
967,25307,1660
968,23970,610
969,25021,1440
970,23736,420
971,23626,330
972,24687,1180
973,23983,620
974,23650,350
975,23983,620
976,26580,2610
977,23468,200
978,24320,890
979,24282,860
980,25176,1560
981,24157,760
982,23958,600
983,24712,1200
984,25294,1650
985,25809,2040
986,25202,1580
987,23884,540
988,24815,1280
989,25689,1950
990,23995,630
991,23565,280
992,25073,1480
993,23589,300
994,24751,1230
995,25649,1920
996,24082,700
997,24094,710
998,24815,1280
999,27150,3020
1000,24789,1260
1001,24169,770
1002,23970,610
1003,24879,1330
1004,26010,2190
1005,24132,740
1006,23773,450
1007,23797,470
1008,23908,560
1009,26104,2260
1010,24969,1400
1011,25876,2090
1012,23286,50
1013,24395,950
1014,27178,3040
1015,23589,300
1016,24169,770
1017,25021,1440
1018,24969,1400
1019,24560,1080
1020,24969,1400
1021,28266,3800
1022,24219,810
1023,23395,140
1024,24483,1020
1025,24649,1150
1026,26471,2530
1027,23662,360
1028,23431,170
1029,23347,100
1030,26321,2420
1031,23528,250
1032,26484,2540
1033,24471,1010
1034,23748,430
1035,25477,1790
1036,24007,640
1037,24219,810
1038,25425,1750
1039,24219,810
1040,23528,250
1041,30356,5180
1042,30862,5500
1043,23383,130
1044,23614,320
1045,23468,200
1046,25085,1490
1047,26787,2760
1048,25543,1840
1049,25229,1600
1050,23577,290
1051,26226,2350
1052,23516,240
1053,23407,150
1054,23797,470
1055,25047,1460
1056,23687,380
1057,25359,1700
1058,26539,2580
1059,24094,710
1060,23298,60
1061,23589,300
1062,26649,2660
1063,23773,450
1064,26131,2280
1065,26996,2910
1066,26037,2210
1067,23724,410
1068,25307,1660
1069,24751,1230
1070,26253,2370
1071,24840,1300
1072,25399,1730
1073,23958,600
1074,23995,630
1075,24157,760
1076,23822,490
1077,24408,960
1078,25835,2060
1079,23589,300
1080,24547,1070
1081,24282,860
1082,23528,250
1083,23933,580
1084,25702,1960
1085,26498,2550
1086,23711,400
1087,26471,2530
1088,25150,1540
1089,26023,2200
1090,23983,620
1091,25176,1560
1092,23859,520
1093,26266,2380
1094,24763,1240
1095,24069,690
1096,23419,160
1097,24408,960
1098,26940,2870
1099,25372,1710
1100,27588,3330
1101,25189,1570
1102,28019,3630
1103,25636,1910
1104,26567,2600
1105,27574,3320
1106,24763,1240
1107,24649,1150
1108,24408,960
1109,28019,3630
1110,23298,60
1111,27403,3200
1112,25399,1730
1113,29951,4920
1114,26430,2500
1115,26253,2370
1116,25281,1640
1117,23773,450
1118,25956,2150
1119,23859,520
1120,24194,790
1121,24943,1380
1122,26266,2380
1123,25755,2000
1124,25491,1800
1125,25596,1880
1126,24420,970
1127,24332,900
1128,24094,710
1129,25034,1450
1130,24458,1000
1131,23662,360
1132,23699,390
1133,23407,150
1134,24956,1390
1135,24982,1410
1136,24232,820
1137,23970,610
1138,24738,1220
1139,24853,1310
1140,23884,540
1141,24219,810
1142,23468,200
1143,23908,560
1144,23589,300
1145,24776,1250
1146,24244,830
1147,24294,870
1148,25451,1770
1149,25320,1670
1150,23945,590
1151,23298,60
1152,25281,1640
1153,23662,360
1154,26131,2280
1155,23834,500
1156,24547,1070
1157,24840,1300
1158,25294,1650
1159,28753,4130
1160,24169,770
1161,24918,1360
1162,23736,420
1163,23896,550
1164,24169,770
1165,26498,2550
1166,26691,2690
1167,26718,2710
1168,24918,1360
1169,25491,1800
1170,25769,2010
1171,23773,450
1172,26635,2650
1173,23322,80
1174,23226,0
1175,24623,1130
1176,26402,2480
1177,25876,2090
1178,23810,480
1179,26212,2340
1180,25150,1540
1181,26843,2800
1182,25862,2080
1183,24585,1100
1184,25916,2120
1185,24776,1250
1186,25795,2030
1187,27545,3300
1188,25702,1960
1189,25996,2180
1190,24382,940
1191,25702,1960
1192,26718,2710
1193,24496,1030
1194,23650,350
1195,24007,640
1196,24918,1360
1197,23958,600
1198,23589,300
1199,26037,2210
1200,24623,1130
1201,24458,1000
1202,25359,1700
1203,24483,1020
1204,24674,1170
1205,24496,1030
1206,25008,1430
1207,25359,1700
1208,25849,2070
1209,23921,570
1210,23565,280
1211,24969,1400
1212,26773,2750
1213,23468,200
1214,24649,1150
1215,23797,470
1216,23958,600
1217,23871,530
1218,27220,3070
1219,24132,740
1220,23528,250
1221,24547,1070
1222,24020,650
1223,25008,1430
1224,25916,2120
1225,25320,1670
1226,23785,460
1227,27474,3250
1228,24509,1040
1229,23945,590
1230,23736,420
1231,23492,220
1232,24840,1300
1233,25543,1840
1234,26940,2870
1235,25902,2110
1236,25636,1910
1237,24282,860
1238,25320,1670
1239,24879,1330
1240,24687,1180
1241,23908,560
1242,24020,650
1243,23626,330
1244,24132,740
1245,25742,1990
1246,23847,510
1247,24649,1150
1248,24969,1400
1249,28092,3680
1250,23565,280
1251,23540,260
1252,27094,2980
1253,25281,1640
1254,25385,1720
1255,24840,1300
1256,23933,580
1257,24636,1140
1258,26982,2900
1259,25983,2170
1260,25346,1690
1261,23589,300
1262,23871,530
1263,25073,1480
1264,24712,1200
1265,27460,3240
1266,25085,1490
1267,23958,600
1268,25902,2110
1269,24382,940
1270,25215,1590
1271,23322,80
1272,26212,2340
1273,24649,1150
1274,25662,1930
1275,24521,1050
1276,23847,510
1277,24157,760
1278,24483,1020
1279,24219,810
1280,23896,550
1281,24534,1060
1282,23896,550
1283,23650,350
1284,23455,190
1285,27038,2940
1286,26691,2690
1287,26416,2490
1288,24132,740
1289,24395,950
1290,23395,140
1291,24815,1280
1292,26063,2230
1293,24853,1310
1294,23834,500
1295,24789,1260
1296,25215,1590
1297,25530,1830
1298,25176,1560
1299,27192,3050
1300,25491,1800
1301,25835,2060
1302,23322,80
1303,24905,1350
1304,23347,100
1305,25268,1630
1306,24725,1210
1307,23553,270
1308,24032,660
1309,24661,1160
1310,24840,1300
1311,23748,430
1312,25676,1940
1313,24661,1160
1314,25662,1930
1315,24082,700
1316,25047,1460
1317,24382,940
1318,28063,3660
1319,25412,1740
1320,23687,380
1321,24244,830
1322,24282,860
1323,25229,1600
1324,25425,1750
1325,25557,1850
1326,24420,970
1327,23395,140
1328,26402,2480
1329,24687,1180
1330,23455,190
1331,25902,2110
1332,26498,2550
1333,23528,250
1334,24892,1340
1335,24032,660
1336,24496,1030
1337,23395,140
1338,24370,930
1339,24433,980
1340,24332,900
1341,27192,3050
1342,24598,1110
1343,23711,400
1344,23626,330
1345,24132,740
1346,26430,2500
1347,25307,1660
1348,23577,290
1349,26010,2190
1350,24547,1070
1351,24433,980
1352,25491,1800
1353,24636,1140
1354,23650,350
1355,26829,2790
1356,26307,2410
1357,24956,1390
1358,27545,3300
1359,23884,540
1360,23347,100
1361,24572,1090
1362,23626,330
1363,23834,500
1364,24269,850
1365,24560,1080
1366,25372,1710
1367,23662,360
1368,24751,1230
1369,25150,1540
1370,24521,1050
1371,24169,770
1372,27432,3220
1373,27588,3330
1374,23785,460
1375,26334,2430
1376,24471,1010
1377,25835,2060
1378,23407,150
1379,24687,1180
1380,28266,3800
1381,24471,1010
1382,26185,2320
1383,24244,830
1384,23335,90
1385,24776,1250
1386,25098,1500
1387,23238,10
1388,23748,430
1389,23822,490
1390,27588,3330
1391,25916,2120
1392,24119,730
1393,24207,800
1394,25570,1860
1395,24509,1040
1396,24687,1180
1397,24332,900
1398,24521,1050
1399,23298,60
1400,25412,1740
1401,23945,590
1402,24446,990
1403,25307,1660
1404,26443,2510
1405,24458,1000
1406,25517,1820
1407,25085,1490
1408,25229,1600
1409,24132,740
1410,23933,580
1411,24982,1410
1412,26117,2270
1413,23810,480
1414,24107,720
1415,24332,900
1416,24370,930
1417,23589,300
1418,23736,420
1419,25702,1960
1420,24408,960
1421,24032,660
1422,26293,2400
1423,25477,1790
1424,24269,850
1425,25596,1880
1426,23970,610
1427,25702,1960
1428,25034,1450
1429,29689,4750
1430,25242,1610
1431,25124,1520
1432,24918,1360
1433,23407,150
1434,24307,880
1435,24282,860
1436,26362,2450
1437,23480,210
1438,24194,790
1439,26553,2590
1440,25876,2090
1441,23859,520
1442,23431,170
1443,24661,1160
1444,26649,2660
1445,24840,1300
1446,24956,1390
1447,23455,190
1448,23760,440
1449,25702,1960
1450,25163,1550
1451,24357,920
1452,24119,730
1453,24007,640
1454,23528,250
1455,24169,770
1456,24995,1420
1457,23773,450
1458,24420,970
1459,25150,1540
1460,23589,300
1461,23286,50
1462,25662,1930
1463,23995,630
1464,23847,510
1465,24370,930
1466,25307,1660
1467,23359,110
1468,24853,1310
1469,25111,1510
1470,24244,830
1471,23760,440
1472,25822,2050
1473,23908,560
1474,26580,2610
1475,23565,280
1476,23662,360
1477,24572,1090
1478,27361,3170
1479,23822,490
1480,24107,720
1481,24866,1320
1482,24496,1030
1483,23884,540
1484,25333,1680
1485,26362,2450
1486,23958,600
1487,24674,1170
1488,24182,780
1489,24207,800
1490,26773,2750
1491,25636,1910
1492,27094,2980
1493,24789,1260
1494,25916,2120
1495,24244,830
1496,24751,1230
1497,24956,1390
1498,25124,1520
1499,25242,1610
1500,24585,1100
1501,25268,1630
1502,25163,1550
1503,26063,2230
1504,24408,960
1505,25862,2080
1506,24345,910
1507,23359,110
1508,24244,830
1509,24763,1240
1510,24282,860
1511,23650,350
1512,23970,610
1513,23859,520
1514,23785,460
1515,23908,560
1516,24982,1410
1517,24636,1140
1518,23847,510
1519,24320,890
1520,24879,1330
1521,24572,1090
1522,26144,2290
1523,23995,630
1524,24956,1390
1525,23528,250
1526,23945,590
1527,26050,2220
1528,24892,1340
1529,23371,120
1530,25268,1630
1531,24712,1200
1532,24560,1080
1533,23226,0
1534,24905,1350
1535,25098,1500
1536,25477,1790
1537,24534,1060
1538,24119,730
1539,24905,1350
1540,27150,3020
1541,25412,1740
1542,24094,710
1543,26104,2260
1544,23626,330
1545,23419,160
1546,23871,530
1547,25809,2040
1548,25623,1900
1549,24420,970
1550,24840,1300
1551,23834,500
1552,24521,1050
1553,23711,400
1554,23577,290
1555,23884,540
1556,25021,1440
1557,26280,2390
1558,25163,1550
1559,24956,1390
1560,26063,2230
1561,28768,4140
1562,24169,770
1563,24776,1250
1564,30388,5200
1565,24194,790
1566,25425,1750
1567,29597,4690
1568,26649,2660
1569,24840,1300
1570,25809,2040
1571,23921,570
1572,23650,350
1573,23970,610
1574,25795,2030
1575,26144,2290
1576,25412,1740
1577,26926,2860
1578,25862,2080
1579,24547,1070
1580,24802,1270
1581,24751,1230
1582,25111,1510
1583,24282,860
1584,26843,2800
1585,25795,2030
1586,24320,890
1587,24446,990
1588,23797,470
1589,24751,1230
1590,26594,2620
1591,23516,240
1592,25242,1610
1593,24879,1330
1594,26063,2230
1595,26185,2320
1596,24294,870
1597,23601,310
1598,23847,510
1599,25008,1430
1600,25491,1800
1601,23760,440
1602,24433,980
1603,23773,450
1604,23601,310
1605,24194,790
1606,23945,590
1607,24244,830
1608,25742,1990
1609,29797,4820
1610,23699,390
1611,24483,1020
1612,23797,470
1613,25623,1900
1614,24483,1020
1615,28398,3890
1616,24332,900
1617,24572,1090
1618,23760,440
1619,23565,280
1620,24496,1030
1621,24471,1010
1622,24257,840
1623,25307,1660
1624,25281,1640
1625,26010,2190
1626,24892,1340
1627,24853,1310
1628,26158,2300
1629,24157,760
1630,26104,2260
1631,24395,950
1632,23871,530
1633,24534,1060
1634,24598,1110
1635,23347,100
1636,25809,2040
1637,24032,660
1638,23748,430
1639,23540,260
1640,23492,220
1641,24866,1320
1642,26293,2400
1643,23626,330
1644,24132,740
1645,25425,1750
1646,24458,1000
1647,23407,150
1648,24509,1040
1649,25202,1580
1650,24572,1090
1651,23468,200
1652,23847,510
1653,23970,610
1654,25557,1850
1655,24636,1140
1656,24458,1000
1657,26010,2190
1658,27403,3200
1659,26239,2360
1660,23711,400
1661,26649,2660
1662,24207,800
1663,23516,240
1664,26334,2430
1665,23407,150
1666,23675,370
1667,25862,2080
1668,25034,1450
1669,23504,230
1670,23359,110
1671,24294,870
1672,24395,950
1673,23528,250
1674,27347,3160
1675,23335,90
1676,28486,3950
1677,23638,340
1678,25889,2100
1679,24661,1160
1680,27108,2990
1681,23958,600
1682,24207,800
1683,23687,380
1684,24661,1160
1685,28812,4170
1686,23347,100
1687,25320,1670
1688,24943,1380
1689,23347,100
1690,24674,1170
1691,26857,2810
1692,24661,1160
1693,23480,210
1694,26954,2880
1695,23933,580
1696,24610,1120
1697,25124,1520
1698,24094,710
1699,24032,660
1700,24725,1210
1701,26280,2390
1702,23724,410
1703,24207,800
1704,23614,320
1705,23347,100
1706,25034,1450
1707,23528,250
1708,23468,200
1709,25060,1470
1710,25073,1480
1711,25333,1680
1712,28693,4090
1713,24320,890
1714,25202,1580
1715,25689,1950
1716,23834,500
1717,23638,340
1718,26023,2200
1719,24866,1320
1720,24458,1000
1721,24157,760
1722,25137,1530
1723,25150,1540
1724,24232,820
1725,26362,2450
1726,24636,1140
1727,23945,590
1728,23822,490
1729,25202,1580
1730,24069,690
1731,23601,310
1732,23908,560
1733,24194,790
1734,23335,90
1735,26334,2430
1736,23407,150
1737,24057,680
1738,25782,2020
1739,25504,1810
1740,23871,530
1741,24433,980
1742,23834,500
1743,23589,300
1744,23516,240
1745,25242,1610
1746,26498,2550
1747,24725,1210
1748,25716,1970
1749,27503,3270
1750,26293,2400
1751,25649,1920
1752,26239,2360
1753,24157,760
1754,25956,2150
1755,24219,810
1756,24623,1130
1757,24307,880
1758,24815,1280
1759,25255,1620
1760,28063,3660
1761,27788,3470
1762,23553,270
1763,24057,680
1764,26635,2650
1765,24420,970
1766,26402,2480
1767,26104,2260
1768,23871,530
1769,29628,4710
1770,25137,1530
1771,23760,440
1772,27164,3030
1773,23983,620
1774,25530,1830
1775,23748,430
1776,24345,910
1777,23736,420
1778,26580,2610
1779,25769,2010
1780,24207,800
1781,23785,460
1782,23958,600
1783,25189,1570
1784,26773,2750
1785,25085,1490
1786,23601,310
1787,25073,1480
1788,24969,1400
1789,25996,2180
1790,24534,1060
1791,24572,1090
1792,24636,1140
1793,24905,1350
1794,23859,520
1795,27333,3150
1796,25111,1510
1797,25060,1470
1798,25530,1830
1799,25281,1640
1800,23395,140
1801,25385,1720
1802,27304,3130
1803,24802,1270
1804,24219,810
1805,24107,720
1806,24738,1220
1807,24107,720
1808,23274,40
1809,26212,2340
1810,26117,2270
1811,23785,460
1812,23468,200
1813,24598,1110
1814,24157,760
1815,26023,2200
1816,24840,1300
1817,23492,220
1818,24119,730
1819,25822,2050
1820,25255,1620
1821,24840,1300
1822,25983,2170
1823,25596,1880
1824,25294,1650
1825,24207,800
1826,24534,1060
1827,24623,1130
1828,25849,2070
1829,26185,2320
1830,25255,1620
1831,25294,1650
1832,23492,220
1833,23724,410
1834,26594,2620
1835,24969,1400
1836,24282,860
1837,23810,480
1838,23371,120
1839,23748,430
1840,25583,1870
1841,24687,1180
1842,24458,1000
1843,25636,1910
1844,26362,2450
1845,24751,1230
1846,24483,1020
1847,24045,670
1848,23650,350
1849,24446,990
1850,24082,700
1851,24032,660
1852,24815,1280
1853,23896,550
1854,24649,1150
1855,23383,130
1856,23760,440
1857,23687,380
1858,25782,2020
1859,26498,2550
1860,24420,970
1861,26375,2460
1862,24687,1180
1863,23760,440
1864,26117,2270
1865,23884,540
1866,25255,1620
1867,25491,1800
1868,24119,730
1869,24169,770
1870,23995,630
1871,25464,1780
1872,24534,1060
1873,23614,320
1874,26471,2530
1875,25372,1710
1876,25098,1500
1877,24687,1180
1878,24232,820
1879,24232,820
1880,24082,700
1881,23896,550
1882,24433,980
1883,23455,190
1884,25517,1820
1885,24982,1410
1886,23983,620
1887,24853,1310
1888,25438,1760
1889,28077,3670
1890,24560,1080
1891,26307,2410
1892,24840,1300
1893,25464,1780
1894,26389,2470
1895,24661,1160
1896,24738,1220
1897,24082,700
1898,24751,1230
1899,25060,1470
1900,25636,1910
1901,23322,80
1902,25530,1830
1903,24547,1070
1904,25956,2150
1905,24269,850
1906,26023,2200
1907,24219,810
1908,23884,540
1909,24521,1050
1910,24144,750
1911,24969,1400
1912,24661,1160
1913,24521,1050
1914,23983,620
1915,25229,1600
1916,25716,1970
1917,24471,1010
1918,24700,1190
1919,23724,410
1920,24320,890
1921,24674,1170
1922,26307,2410
1923,26144,2290
1924,28310,3830
1925,24585,1100
1926,24661,1160
1927,24169,770
1928,25034,1450
1929,26063,2230
1930,24194,790
1931,25073,1480
1932,26077,2240
1933,25333,1680
1934,28575,4010
1935,28857,4200
1936,25477,1790
1937,26982,2900
1938,23383,130
1939,25716,1970
1940,25229,1600
1941,23847,510
1942,26037,2210
1943,26704,2700
1944,24094,710
1945,25983,2170
1946,23871,530
1947,25862,2080
1948,23834,500
1949,24020,650
1950,24995,1420
1951,24751,1230
1952,24144,750
1953,23553,270
1954,24433,980
1955,24943,1380
1956,24547,1070
1957,26185,2320
1958,24408,960
1959,24905,1350
1960,26131,2280
1961,24132,740
1962,26185,2320
1963,23650,350
1964,24244,830
1965,24207,800
1966,24370,930
1967,25929,2130
1968,24802,1270
1969,23834,500
1970,26539,2580
1971,23638,340
1972,25399,1730
1973,23810,480
1974,25163,1550
1975,26117,2270
1976,24357,920
1977,24751,1230
1978,24995,1420
1979,24496,1030
1980,25822,2050
1981,23958,600
1982,24969,1400
1983,24610,1120
1984,23322,80
1985,24969,1400
1986,24572,1090
1987,26131,2280
1988,25176,1560
1989,23760,440
1990,23504,230
1991,23834,500
1992,23797,470
1993,25359,1700
1994,24232,820
1995,24382,940
1996,25294,1650
1997,24257,840
1998,23359,110
1999,23528,250
2000,23933,580
2001,23797,470
2002,28961,4270
2003,24069,690
2004,23528,250
2005,25111,1510
2006,23589,300
2007,23724,410
2008,24598,1110
2009,23528,250
2010,26307,2410
2011,23540,260
2012,24144,750
2013,25477,1790
2014,24866,1320
2015,25702,1960
2016,24828,1290
2017,24534,1060
2018,24956,1390
2019,26773,2750
2020,23250,20
2021,25320,1670
2022,23773,450
2023,28947,4260
2024,24219,810
2025,26023,2200
2026,26594,2620
2027,24282,860
2028,24458,1000
2029,23983,620
2030,24345,910
2031,23884,540
2032,26144,2290
2033,27731,3430
2034,23371,120
2035,27660,3380
2036,25716,1970
2037,24169,770
2038,26843,2800
2039,24969,1400
2040,25983,2170
2041,26402,2480
2042,25242,1610
2043,29142,4390
2044,23626,330
2045,23335,90
2046,23983,620
2047,25889,2100
2048,26430,2500
2049,23468,200
2050,23540,260
2051,24132,740
2052,24918,1360
2053,24332,900
2054,24918,1360
2055,24982,1410
2056,27688,3400
2057,23687,380
2058,23455,190
2059,24623,1130
2060,24032,660
2061,25294,1650
2062,24069,690
2063,24332,900
2064,24332,900
2065,24623,1130
2066,23896,550
2067,24471,1010
2068,24969,1400
2069,23773,450
2070,24751,1230
2071,24194,790
2072,23773,450
2073,23662,360
2074,24712,1200
2075,26131,2280
2076,24483,1020
2077,24094,710
2078,26321,2420
2079,25281,1640
2080,24446,990
2081,23675,370
2082,25451,1770
2083,24866,1320
2084,24572,1090
2085,23650,350
2086,24244,830
2087,24496,1030
2088,23896,550
2089,25596,1880
2090,24370,930
2091,24395,950
2092,25294,1650
2093,23626,330
2094,25359,1700
2095,24446,990
2096,23958,600
2097,24244,830
2098,24789,1260
2099,24182,780
2100,25189,1570
2101,24119,730
2102,24471,1010
2103,27976,3600
2104,24853,1310
2105,23822,490
2106,25346,1690
2107,24585,1100
2108,26185,2320
2109,24956,1390
2110,24712,1200
2111,26996,2910
2112,25255,1620
2113,23896,550
2114,24282,860
2115,24918,1360
2116,25809,2040
2117,23810,480
2118,23810,480
2119,24045,670
2120,24458,1000
2121,24521,1050
2122,26293,2400
2123,24020,650
2124,24282,860
2125,26773,2750
2126,26144,2290
2127,24045,670
2128,27617,3350
2129,26375,2460
2130,24483,1020
2131,26870,2820
2132,27474,3250
2133,25822,2050
2134,25098,1500
2135,24649,1150
2136,24661,1160
2137,25060,1470
2138,23921,570
2139,23480,210
2140,23724,410
2141,25150,1540
2142,24207,800
2143,24144,750
2144,23565,280
2145,25060,1470
2146,23553,270
2147,24269,850
2148,26158,2300
2149,24763,1240
2150,26553,2590
2151,27024,2930
2152,23847,510
2153,25996,2180
2154,23970,610
2155,24815,1280
2156,24763,1240
2157,24045,670
2158,24207,800
2159,24144,750
2160,25543,1840
2161,25636,1910
2162,25943,2140
2163,24828,1290
2164,25412,1740
2165,24649,1150
2166,24636,1140
2167,26594,2620
2168,30231,5100
2169,23847,510
2170,24232,820
2171,26389,2470
2172,23565,280
2173,23614,320
2174,23347,100
2175,23958,600
2176,24269,850
2177,23565,280
2178,25307,1660
2179,24395,950
2180,28575,4010
2181,24982,1410
2182,24382,940
2183,23970,610
2184,23468,200
2185,28812,4170
2186,28486,3950
2187,24918,1360
2188,26375,2460
2189,24357,920
2190,31900,6140
2191,25729,1980
2192,25438,1760
2193,24700,1190
2194,23468,200
2195,24408,960
2196,25008,1430
2197,24382,940
2198,24107,720
2199,24345,910
2200,23958,600
2201,24483,1020
2202,27206,3060
2203,24157,760
2204,25399,1730
2205,24020,650
2206,27319,3140
2207,25438,1760
2208,25073,1480
2209,25464,1780
2210,26898,2840
2211,24585,1100
2212,24007,640
2213,23687,380
2214,24169,770
2215,28413,3900
2216,24943,1380
2217,27319,3140
2218,23810,480
2219,24866,1320
2220,23614,320
2221,26171,2310
2222,24194,790
2223,24636,1140
2224,24269,850
2225,23958,600
2226,25333,1680
2227,25098,1500
2228,24969,1400
2229,25782,2020
2230,25438,1760
2231,24282,860
2232,24107,720
2233,24182,780
2234,25889,2100
2235,25098,1500
2236,23699,390
2237,25491,1800
2238,25425,1750
2239,24674,1170
2240,24320,890
2241,26457,2520
2242,24751,1230
2243,24905,1350
2244,25689,1950
2245,23638,340
2246,28797,4160
2247,25782,2020
2248,24244,830
2249,30703,5400
2250,25822,2050
2251,23528,250
2252,28135,3710
2253,25229,1600
2254,23589,300
2255,25268,1630
2256,29278,4480
2257,23626,330
2258,24194,790
2259,25849,2070
2260,23347,100
2261,24572,1090
2262,23773,450
2263,24547,1070
2264,25124,1520
2265,23468,200
2266,25996,2180
2267,26185,2320
2268,24182,780
2269,24649,1150
2270,23443,180
2271,27164,3030
2272,24032,660
2273,24763,1240
2274,25294,1650
2275,24382,940
2276,24294,870
2277,27803,3480
2278,23226,0
2279,25809,2040
2280,24020,650
2281,24751,1230
2282,23995,630
2283,24307,880
2284,24082,700
2285,24244,830
2286,24840,1300
2287,23896,550
2288,24157,760
2289,24969,1400
2290,24107,720
2291,23736,420
2292,23662,360
2293,25943,2140
2294,23504,230
2295,25268,1630
2296,23504,230
2297,23896,550
2298,23711,400
2299,26732,2720
2300,25047,1460
2301,24905,1350
2302,25956,2150
2303,23945,590
2304,27832,3500
2305,25202,1580
2306,26718,2710
2307,25242,1610
2308,24420,970
2309,24107,720
2310,25385,1720
2311,25570,1860
2312,23847,510
2313,25956,2150
2314,24521,1050
2315,24332,900
2316,25916,2120
2317,26512,2560
2318,25822,2050
2319,26691,2690
2320,24738,1220
2321,24307,880
2322,28005,3620
2323,27206,3060
2324,25983,2170
2325,29505,4630
2326,23834,500
2327,23395,140
2328,24572,1090
2329,25255,1620
2330,25464,1780
2331,25862,2080
2332,25943,2140
2333,28560,4000
2334,24082,700
2335,23724,410
2336,25662,1930
2337,23577,290
2338,31491,5890
2339,25649,1920
2340,24357,920
2341,23736,420
2342,24132,740
2343,24382,940
2344,24700,1190
2345,26185,2320
2346,29142,4390
2347,23443,180
2348,24534,1060
2349,26870,2820
2350,24257,840
2351,26471,2530
2352,25716,1970
2353,25729,1980
2354,24420,970
2355,24408,960
2356,25333,1680
2357,24057,680
2358,23553,270
2359,26239,2360
2360,23335,90
2361,23553,270
2362,23958,600
2363,29202,4430
2364,26884,2830
2365,25189,1570
2366,24879,1330
2367,25809,2040
2368,23834,500
2369,24057,680
2370,23589,300
2371,23797,470
2372,24232,820
2373,25689,1950
2374,24332,900
2375,28442,3920
2376,25530,1830
2377,23945,590
2378,24307,880
2379,23983,620
2380,24357,920
2381,25862,2080
2382,23908,560
2383,24244,830
2384,23834,500
2385,25702,1960
2386,25822,2050
2387,24132,740
2388,24370,930
2389,24232,820
2390,23553,270
2391,24789,1260
2392,31280,5760
2393,25111,1510
2394,25163,1550
2395,29051,4330
2396,23773,450
2397,24119,730
2398,23504,230
2399,23871,530
2400,24294,870
2401,25956,2150
2402,23614,320
2403,24661,1160
2404,27432,3220
2405,25795,2030
2406,25176,1560
2407,23760,440
2408,31409,5840
2409,23995,630
2410,24585,1100
2411,24357,920
2412,25399,1730
2413,27136,3010
2414,24207,800
2415,24032,660
2416,25111,1510
2417,23468,200
2418,24623,1130
2419,24560,1080
2420,26843,2800
2421,24408,960
2422,25438,1760
2423,26280,2390
2424,24483,1020
2425,23970,610
2426,24674,1170
2427,26430,2500
2428,24534,1060
2429,25268,1630
2430,24905,1350
2431,25189,1570
2432,25307,1660
2433,24269,850
2434,24032,660
2435,24345,910
2436,28048,3650
2437,24257,840
2438,24257,840
2439,24649,1150
2440,24032,660
2441,25124,1520
2442,24320,890
2443,24020,650
2444,24623,1130
2445,26334,2430
2446,27803,3480
2447,24282,860
2448,24687,1180
2449,29278,4480
2450,25636,1910
2451,25124,1520
2452,23810,480
2453,27234,3080
2454,23945,590
2455,23711,400
2456,24244,830
2457,25755,2000
2458,26050,2220
2459,26996,2910
2460,23650,350
2461,24144,750
2462,25137,1530
2463,24585,1100
2464,24169,770
2465,25137,1530
2466,24776,1250
2467,24943,1380
2468,25557,1850
2469,25137,1530
2470,27976,3600
2471,24521,1050
2472,23748,430
2473,24082,700
2474,23921,570
2475,30013,4960
2476,23970,610
2477,24007,640
2478,26430,2500
2479,24496,1030
2480,24534,1060
2481,24007,640
2482,24232,820
2483,23540,260
2484,25412,1740
2485,24712,1200
2486,27234,3080
2487,27304,3130
2488,23834,500
2489,24712,1200
2490,23699,390
2491,24585,1100
2492,24458,1000
2493,23407,150
2494,24307,880
2495,25399,1730
2496,23371,120
2497,23687,380
2498,23958,600
2499,24905,1350
2500,23958,600
2501,24789,1260
2502,25111,1510
2503,23395,140
2504,23601,310
2505,28782,4150
2506,23577,290
2507,25609,1890
2508,25742,1990
2509,23226,0
2510,25359,1700
2511,24182,780
2512,23589,300
2513,26131,2280
2514,23687,380
2515,25047,1460
2516,24320,890
2517,23711,400
2518,27094,2980
2519,23760,440
2520,23797,470
2521,23601,310
2522,24763,1240
2523,28048,3650
2524,24700,1190
2525,28678,4080
2526,26526,2570
2527,24623,1130
2528,25137,1530
2529,23455,190
2530,24866,1320
2531,26912,2850
2532,24560,1080
2533,28354,3860
2534,25517,1820
2535,28223,3770
2536,25047,1460
2537,24866,1320
2538,25504,1810
2539,24045,670
2540,32718,6630
2541,24674,1170
2542,24623,1130
2543,25996,2180
2544,25702,1960
2545,25742,1990
2546,25755,2000
2547,24345,910
2548,25929,2130
2549,27234,3080
2550,24045,670
2551,24815,1280
2552,24572,1090
2553,24219,810
2554,27875,3530
2555,24560,1080
2556,23958,600
2557,24623,1130
2558,25849,2070
2559,27347,3160
2560,23553,270
2561,24458,1000
2562,31022,5600
2563,26512,2560
2564,23516,240
2565,23431,170
2566,25346,1690
2567,24370,930
2568,23958,600
2569,27503,3270
2570,30894,5520
2571,23298,60
2572,25742,1990
2573,24879,1330
2574,24169,770
2575,30561,5310
2576,25163,1550
2577,23797,470
2578,24623,1130
2579,24918,1360
2580,23748,430
2581,25021,1440
2582,29157,4400
2583,24132,740
2584,24182,780
2585,24094,710
2586,29612,4700
2587,26954,2880
2588,25477,1790
2589,23601,310
2590,25755,2000
2591,24866,1320
2592,23958,600
2593,23748,430
2594,24738,1220
2595,23945,590
2596,23785,460
2597,28063,3660
2598,24879,1330
2599,23431,170
2600,25689,1950
2601,24610,1120
2602,23748,430
2603,26430,2500
2604,24307,880
2605,27918,3560
2606,23958,600
2607,23896,550
2608,25570,1860
2609,24282,860
2610,23760,440
2611,26226,2350
2612,25716,1970
2613,27617,3350
2614,25929,2130
2615,27976,3600
2616,26704,2700
2617,24182,780
2618,23662,360
2619,24219,810
2620,26677,2680
2621,23504,230
2622,25795,2030
2623,25085,1490
2624,24905,1350
2625,24408,960
2626,24144,750
2627,24725,1210
2628,24995,1420
2629,24382,940
2630,24082,700
2631,24395,950
2632,23908,560
2633,24738,1220
2634,25438,1760
2635,25755,2000
2636,23614,320
2637,24776,1250
2638,23785,460
2639,24572,1090
2640,23577,290
2641,25242,1610
2642,26090,2250
2643,24661,1160
2644,24107,720
2645,23650,350
2646,25307,1660
2647,23638,340
2648,24521,1050
2649,23908,560
2650,23797,470
2651,25008,1430
2652,24082,700
2653,23614,320
2654,24866,1320
2655,24661,1160
2656,24763,1240
2657,23983,620
2658,24496,1030
2659,23419,160
2660,23773,450
2661,24269,850
2662,27066,2960
2663,23504,230
2664,26104,2260
2665,24995,1420
2666,26226,2350
2667,23626,330
2668,25111,1510
2669,26266,2380
2670,24182,780
2671,23995,630
2672,23785,460
2673,25822,2050
2674,24069,690
2675,24357,920
2676,25333,1680
2677,25098,1500
2678,23492,220
2679,26430,2500
2680,23970,610
2681,24446,990
2682,24032,660
2683,24132,740
2684,23995,630
2685,23347,100
2686,23226,0
2687,24082,700
2688,25755,2000
2689,23675,370
2690,23286,50
2691,24866,1320
2692,25111,1510
2693,25662,1930
2694,23921,570
2695,23383,130
2696,25425,1750
2697,23933,580
2698,24892,1340
2699,24257,840
2700,24458,1000
2701,23226,0
2702,26171,2310
2703,23958,600
2704,24144,750
2705,23577,290
2706,24219,810
2707,24157,760
2708,25111,1510
2709,24674,1170
2710,24446,990
2711,28768,4140
2712,25372,1710
2713,23540,260
2714,24585,1100
2715,25916,2120
2716,25346,1690
2717,24725,1210
2718,25399,1730
2719,24157,760
2720,25124,1520
2721,24107,720
2722,25163,1550
2723,23504,230
2724,23699,390
2725,24370,930
2726,24496,1030
2727,24943,1380
2728,27262,3100
2729,25676,1940
2730,24007,640
2731,24207,800
2732,23359,110
2733,25202,1580
2734,23662,360
2735,23896,550
2736,24623,1130
2737,27788,3470
2738,24446,990
2739,24232,820
2740,24789,1260
2741,24219,810
2742,23395,140
2743,23650,350
2744,25876,2090
2745,23711,400
2746,23662,360
2747,28369,3870
2748,25008,1430
2749,23589,300
2750,26077,2240
2751,25557,1850
2752,24244,830
2753,24725,1210
2754,23638,340
2755,26348,2440
2756,24853,1310
2757,24032,660
2758,25163,1550
2759,24840,1300
2760,24395,950
2761,24471,1010
2762,24509,1040
2763,25399,1730
2764,25956,2150
2765,24496,1030
2766,25399,1730
2767,24446,990
2768,23810,480
2769,24420,970
2770,28325,3840
2771,26402,2480
2772,24712,1200
2773,25098,1500
2774,24382,940
2775,24446,990
2776,24661,1160
2777,24446,990
2778,25517,1820
2779,27731,3430
2780,24636,1140
2781,23431,170
2782,27617,3350
2783,23958,600
2784,24560,1080
2785,26996,2910
2786,24776,1250
2787,23785,460
2788,24905,1350
2789,25876,2090
2790,24107,720
2791,24789,1260
2792,24244,830
2793,23847,510
2794,25504,1810
2795,25636,1910
2796,23589,300
2797,25795,2030
2798,23310,70
2799,26307,2410
2800,23262,30
2801,29966,4930
2802,24866,1320
2803,23711,400
2804,24007,640
2805,23933,580
2806,24020,650
2807,23383,130
2808,24751,1230
2809,30687,5390
2810,23847,510
2811,26746,2730
2812,24712,1200
2813,25676,1940
2814,25755,2000
2815,24649,1150
2816,27164,3030
2817,23736,420
2818,25060,1470
2819,26199,2330
2820,25215,1590
2821,25822,2050
2822,23699,390
2823,24408,960
2824,24294,870
2825,25702,1960
2826,29323,4510
2827,28619,4040
2828,27875,3530
2829,24458,1000
2830,24534,1060
2831,29582,4680
2832,25021,1440
2833,25242,1610
2834,25557,1850
2835,23455,190
2836,23650,350
2837,25060,1470
2838,25294,1650
2839,25073,1480
2840,24521,1050
2841,23310,70
2842,25425,1750
2843,24182,780
2844,24420,970
2845,24751,1230
2846,25676,1940
2847,23810,480
2848,35137,8010
2849,24382,940
2850,24610,1120
2851,25021,1440
2852,24144,750
2853,25202,1580
2854,27745,3440
2855,24194,790
2856,23834,500
2857,24307,880
2858,26266,2380
2859,24057,680
2860,24471,1010
2861,23274,40
2862,25215,1590
2863,28325,3840
2864,26732,2720
2865,25163,1550
2866,24649,1150
2867,24382,940
2868,25517,1820
2869,23699,390
2870,24712,1200
2871,23528,250
2872,23419,160
2873,25281,1640
2874,24560,1080
2875,25412,1740
2876,27460,3240
2877,24483,1020
2878,25862,2080
2879,26158,2300
2880,27774,3460
2881,23847,510
2882,23650,350
2883,24032,660
2884,26063,2230
2885,23238,10
2886,23650,350
2887,24370,930
2888,24094,710
2889,24738,1220
2890,25729,1980
2891,25281,1640
2892,24182,780
2893,24307,880
2894,24069,690
2895,25021,1440
2896,24082,700
2897,25742,1990
2898,24687,1180
2899,27262,3100
2900,25543,1840
2901,23871,530
2902,24408,960
2903,24207,800
2904,24082,700
2905,23286,50
2906,23921,570
2907,23274,40
2908,23711,400
2909,26498,2550
2910,24956,1390
2911,25689,1950
2912,24982,1410
2913,24307,880
2914,24521,1050
2915,23286,50
2916,23347,100
2917,24057,680
2918,23662,360
2919,24194,790
2920,24892,1340
2921,24157,760
2922,29920,4900
2923,27192,3050
2924,24776,1250
2925,23675,370
2926,23492,220
2927,23970,610
2928,26732,2720
2929,23650,350
2930,24483,1020
2931,25399,1730
2932,23589,300
2933,23650,350
2934,24232,820
2935,27932,3570
2936,26266,2380
2937,24969,1400
2938,25255,1620
2939,26718,2710
2940,24382,940
2941,24119,730
2942,24307,880
2943,26704,2700
2944,26457,2520
2945,25451,1770
2946,24610,1120
2947,24879,1330
2948,24763,1240
2949,25676,1940
2950,23675,370
2951,24956,1390
2952,26117,2270
2953,24623,1130
2954,25150,1540
2955,24687,1180
2956,24420,970
2957,23468,200
2958,24598,1110
2959,28516,3970
2960,26375,2460
2961,23565,280
2962,24370,930
2963,25557,1850
2964,23589,300
2965,23983,620
2966,26010,2190
2967,26144,2290
2968,24433,980
2969,26253,2370
2970,23822,490
2971,24408,960
2972,31507,5900
2973,23614,320
2974,26996,2910
2975,24157,760
2976,25385,1720
2977,24082,700
2978,24057,680
2979,24547,1070
2980,25504,1810
2981,25359,1700
2982,24892,1340
2983,23322,80
2984,25649,1920
2985,23638,340
2986,26773,2750
2987,25189,1570
2988,23262,30
2989,25399,1730
2990,25399,1730
2991,25176,1560
2992,23760,440
2993,23455,190
2994,23662,360
2995,26430,2500
2996,25570,1860
2997,23884,540
2998,25294,1650
2999,23589,300
3000,24560,1080
3001,24636,1140
3002,24433,980
3003,24458,1000
3004,23724,410
3005,25649,1920
3006,23675,370
3007,23468,200
3008,24382,940
3009,26077,2240
3010,23699,390
3011,28223,3770
3012,25047,1460
3013,23859,520
3014,25969,2160
3015,24107,720
3016,25163,1550
3017,26787,2760
3018,25477,1790
3019,25543,1840
3020,24420,970
3021,28092,3680
3022,23945,590
3023,26063,2230
3024,24509,1040
3025,23577,290
3026,31867,6120
3027,27932,3570
3028,23896,550
3029,25385,1720
3030,23933,580
3031,26050,2220
3032,27574,3320
3033,25609,1890
3034,24687,1180
3035,24257,840
3036,25716,1970
3037,26226,2350
3038,26199,2330
3039,25294,1650
3040,31345,5800
3041,24892,1340
3042,25835,2060
3043,23933,580
3044,25137,1530
3045,24207,800
3046,25098,1500
3047,25543,1840
3048,23250,20
3049,23589,300
3050,23480,210
3051,24232,820
3052,25281,1640
3053,25570,1860
3054,24345,910
3055,26567,2600
3056,26199,2330
3057,23933,580
3058,26430,2500
3059,23395,140
3060,24382,940
3061,24982,1410
3062,29112,4370
3063,23419,160
3064,25609,1890
3065,26622,2640
3066,25268,1630
3067,27517,3280
3068,23553,270
3069,23834,500
3070,26144,2290
3071,23286,50
3072,24132,740
3073,26253,2370
3074,23958,600
3075,25047,1460
3076,24182,780
3077,27347,3160
3078,24294,870
3079,25359,1700
3080,24395,950
3081,24357,920
3082,24610,1120
3083,24069,690
3084,25609,1890
3085,24483,1020
3086,24943,1380
3087,24483,1020
3088,23371,120
3089,23614,320
3090,25491,1800
3091,25268,1630
3092,27290,3120
3093,25755,2000
3094,24956,1390
3095,29323,4510
3096,25491,1800
3097,23834,500
3098,23958,600
3099,25268,1630
3100,24094,710
3101,24433,980
3102,25943,2140
3103,24725,1210
3104,25596,1880
3105,24020,650
3106,28457,3930
3107,24244,830
3108,24828,1290
3109,25557,1850
3110,29674,4740
3111,26104,2260
3112,23687,380
3113,23262,30
3114,26457,2520
3115,25098,1500
3116,27460,3240
3117,24547,1070
3118,25047,1460
3119,25491,1800
3120,26131,2280
3121,26199,2330
3122,23773,450
3123,24956,1390
3124,23797,470
3125,25333,1680
3126,25557,1850
3127,23847,510
3128,26954,2880
3129,23516,240
3130,28384,3880
3131,26457,2520
3132,24930,1370
3133,23516,240
3134,28442,3920
3135,24789,1260
3136,27136,3010
3137,24763,1240
3138,25491,1800
3139,23553,270
3140,24969,1400
3141,23822,490
3142,24207,800
3143,24802,1270
3144,27192,3050
3145,25294,1650
3146,29051,4330
3147,24244,830
3148,23958,600
3149,26912,2850
3150,26691,2690
3151,23834,500
3152,25281,1640
3153,24382,940
3154,23274,40
3155,24585,1100
3156,24802,1270
3157,24194,790
3158,23711,400
3159,23945,590
3160,24802,1270
3161,23638,340
3162,24244,830
3163,24020,650
3164,29521,4640
3165,24157,760
3166,23921,570
3167,23797,470
3168,25583,1870
3169,23711,400
3170,23983,620
3171,26023,2200
3172,24547,1070
3173,23480,210
3174,23810,480
3175,23286,50
3176,25215,1590
3177,24382,940
3178,28442,3920
3179,25504,1810
3180,23614,320
3181,27290,3120
3182,25702,1960
3183,23431,170
3184,24534,1060
3185,24776,1250
3186,27674,3390
3187,24995,1420
3188,24969,1400
3189,28634,4050
3190,25676,1940
3191,23958,600
3192,25464,1780
3193,23310,70
3194,23958,600
3195,24458,1000
3196,23933,580
3197,25073,1480
3198,24610,1120
3199,25557,1850
3200,27446,3230
3201,26704,2700
3202,24007,640
3203,24332,900
3204,26104,2260
3205,24094,710
3206,23896,550
3207,26266,2380
3208,24751,1230
3209,25557,1850
3210,27460,3240
3211,24585,1100
3212,25008,1430
3213,27947,3580
3214,23785,460
3215,24032,660
3216,23347,100
3217,25477,1790
3218,24269,850
3219,23675,370
3220,23601,310
3221,25176,1560
3222,26158,2300
3223,23859,520
3224,24294,870
3225,25543,1840
3226,23810,480
3227,24395,950
3228,24471,1010
3229,23553,270
3230,25822,2050
3231,23847,510
3232,23748,430
3233,27178,3040
3234,24789,1260
3235,27150,3020
3236,24332,900
3237,24157,760
3238,24119,730
3239,27817,3490
3240,23675,370
3241,24282,860
3242,24282,860
3243,24032,660
3244,24219,810
3245,30974,5570
3246,23933,580
3247,27094,2980
3248,25557,1850
3249,30624,5350
3250,24598,1110
3251,24815,1280
3252,24521,1050
3253,26090,2250
3254,23419,160
3255,28486,3950
3256,24763,1240
3257,25060,1470
3258,25307,1660
3259,24057,680
3260,24069,690
3261,23760,440
3262,24132,740
3263,25346,1690
3264,23970,610
3265,26293,2400
3266,23614,320
3267,23711,400
3268,24918,1360
3269,29081,4350
3270,26608,2630
3271,24930,1370
3272,25333,1680
3273,26580,2610
3274,28797,4160
3275,24382,940
3276,24840,1300
3277,23407,150
3278,25983,2170
3279,25399,1730
3280,24207,800
3281,24082,700
3282,25281,1640
3283,24294,870
3284,24446,990
3285,24572,1090
3286,27760,3450
3287,23468,200
3288,23553,270
3289,25916,2120
3290,24661,1160
3291,23528,250
3292,24496,1030
3293,24282,860
3294,24815,1280
3295,26253,2370
3296,25916,2120
3297,24433,980
3298,24521,1050
3299,24370,930
3300,25570,1860
3301,24370,930
3302,24623,1130
3303,25255,1620
3304,24610,1120
3305,24700,1190
3306,26362,2450
3307,24534,1060
3308,25425,1750
3309,24020,650
3310,23383,130
3311,24294,870
3312,24649,1150
3313,26389,2470
3314,24636,1140
3315,24332,900
3316,24094,710
3317,27588,3330
3318,23933,580
3319,26746,2730
3320,25889,2100
3321,27860,3520
3322,23528,250
3323,24661,1160
3324,24969,1400
3325,25060,1470
3326,24257,840
3327,24144,750
3328,26321,2420
3329,24982,1410
3330,24534,1060
3331,25229,1600
3332,25755,2000
3333,23773,450
3334,24007,640
3335,24840,1300
3336,26144,2290
3337,25969,2160
3338,23797,470
3339,26402,2480
3340,24094,710
3341,23335,90
3342,24661,1160
3343,26050,2220
3344,26635,2650
3345,24069,690
3346,23262,30
3347,26334,2430
3348,24357,920
3349,23908,560
3350,23626,330
3351,25491,1800
3352,28048,3650
3353,24332,900
3354,26375,2460
3355,25202,1580
3356,25477,1790
3357,25320,1670
3358,24082,700
3359,26037,2210
3360,26553,2590
3361,24144,750
3362,24598,1110
3363,23468,200
3364,28063,3660
3365,29247,4460
3366,23896,550
3367,25689,1950
3368,23748,430
3369,23859,520
3370,24712,1200
3371,23226,0
3372,25085,1490
3373,23528,250
3374,24107,720
3375,24649,1150
3376,23834,500
3377,27276,3110
3378,23970,610
3379,24853,1310
3380,24207,800
3381,26443,2510
3382,26131,2280
3383,23945,590
3384,24144,750
3385,24982,1410
3386,24107,720
3387,24332,900
3388,27904,3550
3389,25583,1870
3390,25943,2140
3391,23908,560
3392,26553,2590
3393,23614,320
3394,25636,1910
3395,25021,1440
3396,23958,600
3397,23834,500
3398,24207,800
3399,24307,880
3400,24082,700
3401,27503,3270
3402,23847,510
3403,25530,1830
3404,27361,3170
3405,26334,2430
3406,27545,3300
3407,24446,990
3408,30735,5420
3409,24905,1350
3410,24776,1250
3411,23760,440
3412,23958,600
3413,26594,2620
3414,24521,1050
3415,27474,3250
3416,24982,1410
3417,25451,1770
3418,23871,530
3419,24943,1380
3420,27290,3120
3421,27474,3250
3422,27108,2990
3423,24534,1060
3424,23983,620
3425,25124,1520
3426,24057,680
3427,25307,1660
3428,24257,840
3429,23933,580
3430,26539,2580
3431,24082,700
3432,25517,1820
3433,27446,3230
3434,24320,890
3435,23298,60
3436,23298,60
3437,27489,3260
3438,24572,1090
3439,27389,3190
3440,28590,4020
3441,24082,700
3442,25596,1880
3443,24892,1340
3444,25268,1630
3445,23921,570
3446,23810,480
3447,24623,1130
3448,24082,700
3449,25795,2030
3450,25557,1850
3451,23383,130
3452,25163,1550
3453,23322,80
3454,23395,140
3455,26443,2510
3456,39328,10190
3457,23908,560
3458,27774,3460
3459,24207,800
3460,24370,930
3461,25557,1850
3462,28531,3980
3463,24357,920
3464,23675,370
3465,23921,570
3466,23431,170
3467,24700,1190
3468,25385,1720
3469,23748,430
3470,24969,1400
3471,25689,1950
3472,24956,1390
3473,23896,550
3474,24521,1050
3475,23322,80
3476,24700,1190
3477,24995,1420
3478,29112,4370
3479,26430,2500
3480,25557,1850
3481,24458,1000
3482,24598,1110
3483,28812,4170
3484,24751,1230
3485,25477,1790
3486,27066,2960
3487,27460,3240
3488,23945,590
3489,24269,850
3490,24560,1080
3491,23699,390
3492,24610,1120
3493,27846,3510
3494,23650,350
3495,24408,960
3496,27904,3550
3497,25281,1640
3498,25047,1460
3499,26362,2450
3500,24294,870
3501,23431,170
3502,23724,410
3503,23419,160
3504,27150,3020
3505,30545,5300
3506,26815,2780
3507,25517,1820
3508,24132,740
3509,23687,380
3510,24725,1210
3511,23983,620
3512,24509,1040
3513,25676,1940
3514,23748,430
3515,23504,230
3516,24257,840
3517,25163,1550
3518,26912,2850
3519,24307,880
3520,24918,1360
3521,24956,1390
3522,25596,1880
3523,28106,3690
3524,28472,3940
3525,29643,4720
3526,25623,1900
3527,26199,2330
3528,24357,920
3529,27178,3040
3530,23748,430
3531,23995,630
3532,23995,630
3533,24969,1400
3534,29920,4900
3535,28782,4150
3536,24649,1150
3537,24057,680
3538,28531,3980
3539,25889,2100
3540,24107,720
3541,24045,670
3542,26037,2210
3543,25769,2010
3544,27489,3260
3545,24169,770
3546,24725,1210
3547,25596,1880
3548,23407,150
3549,27760,3450
3550,24776,1250
3551,23419,160
3552,24725,1210
3553,23553,270
3554,25150,1540
3555,27961,3590
3556,23650,350
3557,30231,5100
3558,23896,550
3559,23834,500
3560,26144,2290
3561,24828,1290
3562,23896,550
3563,24433,980
3564,24269,850
3565,24751,1230
3566,25517,1820
3567,29920,4900
3568,24157,760
3569,23443,180
3570,24020,650
3571,24815,1280
3572,24560,1080
3573,23468,200
3574,27774,3460
3575,24623,1130
3576,24032,660
3577,26498,2550
3578,24094,710
3579,26348,2440
3580,27588,3330
3581,23662,360
3582,24144,750
3583,26843,2800
3584,23322,80
3585,25451,1770
3586,24182,780
3587,25034,1450
3588,23614,320
3589,25242,1610
3590,24094,710
3591,24269,850
3592,23468,200
3593,24446,990
3594,24082,700
3595,23286,50
3596,24712,1200
3597,23322,80
3598,24082,700
3599,25755,2000
3600,24560,1080
3601,25189,1570
3602,23504,230
3603,25008,1430
3604,24332,900
3605,24194,790
3606,25543,1840
3607,23724,410
3608,23785,460
3609,23553,270
3610,24332,900
3611,24194,790
3612,24471,1010
3613,24433,980
3614,24057,680
3615,24169,770
3616,24082,700
3617,23443,180
3618,25268,1630
3619,23724,410
3620,24560,1080
3621,23675,370
3622,24623,1130
3623,24182,780
3624,24232,820
3625,23565,280
3626,23736,420
3627,24269,850
3628,24700,1190
3629,24995,1420
3630,25662,1930
3631,24598,1110
3632,25729,1980
3633,24244,830
3634,23516,240
3635,24119,730
3636,25451,1770
3637,24045,670
3638,27503,3270
3639,24244,830
3640,23577,290
3641,27432,3220
3642,24370,930
3643,28947,4260
3644,23553,270
3645,23286,50
3646,23601,310
3647,27760,3450
3648,24020,650
3649,24687,1180
3650,23896,550
3651,24853,1310
3652,23650,350
3653,23908,560
3654,24020,650
3655,26677,2680
3656,23675,370
3657,25294,1650
3658,24995,1420
3659,25835,2060
3660,24320,890
3661,24207,800
3662,24294,870
3663,24282,860
3664,25215,1590
3665,26144,2290
3666,23675,370
3667,23589,300
3668,26732,2720
3669,23650,350
3670,23896,550
3671,25716,1970
3672,24892,1340
3673,24182,780
3674,24918,1360
3675,23480,210
3676,23945,590
3677,26212,2340
3678,24712,1200
3679,23859,520
3680,26348,2440
3681,24789,1260
3682,24636,1140
3683,23859,520
3684,25969,2160
3685,24802,1270
3686,24560,1080
3687,27574,3320
3688,23834,500
3689,27446,3230
3690,24956,1390
3691,23601,310
3692,25438,1760
3693,24045,670
3694,24853,1310
3695,23797,470
3696,24132,740
3697,25916,2120
3698,26158,2300
3699,23504,230
3700,23516,240
3701,23480,210
3702,23589,300
3703,24082,700
3704,24007,640
3705,23945,590
3706,24674,1170
3707,23675,370
3708,25996,2180
3709,23504,230
3710,25268,1630
3711,27889,3540
3712,24560,1080
3713,24674,1170
3714,25320,1670
3715,24789,1260
3716,25333,1680
3717,24057,680
3718,23736,420
3719,25098,1500
3720,28932,4250
3721,24828,1290
3722,24496,1030
3723,25111,1510
3724,23310,70
3725,24357,920
3726,24382,940
3727,26982,2900
3728,23577,290
3729,24776,1250
3730,25111,1510
3731,24446,990
3732,23335,90
3733,24763,1240
3734,24815,1280
3735,24282,860
3736,24020,650
3737,24879,1330
3738,25649,1920
3739,25008,1430
3740,25359,1700
3741,23589,300
3742,28738,4120
3743,23650,350
3744,23933,580
3745,29766,4800
3746,25742,1990
3747,24045,670
3748,23286,50
3749,25189,1570
3750,23699,390
3751,24182,780
3752,24661,1160
3753,24157,760
3754,24534,1060
3755,25047,1460
3756,24357,920
3757,25782,2020
3758,26402,2480
3759,25372,1710
3760,25676,1940
3761,28237,3780
3762,25570,1860
3763,26117,2270
3764,23797,470
3765,23589,300
3766,24458,1000
3767,24521,1050
3768,24169,770
3769,26212,2340
3770,25530,1830
3771,23226,0
3772,25795,2030
3773,24496,1030
3774,24712,1200
3775,24207,800
3776,24661,1160
3777,24458,1000
3778,24572,1090
3779,24408,960
3780,24069,690
3781,25916,2120
3782,25649,1920
3783,24207,800
3784,23565,280
3785,26104,2260
3786,25596,1880
3787,25137,1530
3788,28194,3750
3789,23395,140
3790,24094,710
3791,23933,580
3792,24969,1400
3793,23958,600
3794,24509,1040
3795,24069,690
3796,27136,3010
3797,23711,400
3798,28932,4250
3799,23958,600
3800,25769,2010
3801,27375,3180
3802,27545,3300
3803,24610,1120
3804,23395,140
3805,25649,1920
3806,24157,760
3807,27717,3420
3808,24802,1270
3809,32382,6430
3810,25242,1610
3811,24408,960
3812,25073,1480
3813,24082,700
3814,24534,1060
3815,24585,1100
3816,24802,1270
3817,26580,2610
3818,24995,1420
3819,25085,1490
3820,25769,2010
3821,24623,1130
3822,23847,510
3823,24751,1230
3824,25889,2100
3825,25876,2090
3826,24534,1060
3827,23724,410
3828,24738,1220
3829,23638,340
3830,24370,930
3831,24219,810
3832,24269,850
3833,24636,1140
3834,24585,1100
3835,23443,180
3836,26471,2530
3837,26050,2220
3838,24828,1290
3839,26594,2620
3840,23504,230
3841,24982,1410
3842,23589,300
3843,25943,2140
3844,25451,1770
3845,24144,750
3846,23699,390
3847,23480,210
3848,23407,150
3849,24496,1030
3850,25098,1500
3851,24082,700
3852,24370,930
3853,24119,730
3854,24032,660
3855,24370,930
3856,23395,140
3857,25399,1730
3858,23810,480
3859,24623,1130
3860,26982,2900
3861,24649,1150
3862,24194,790
3863,26512,2560
3864,24661,1160
3865,25085,1490
3866,24995,1420
3867,24918,1360
3868,23859,520
3869,26090,2250
3870,25385,1720
3871,24320,890
3872,24232,820
3873,23601,310
3874,24332,900
3875,25689,1950
3876,24294,870
3877,28768,4140
3878,24007,640
3879,23675,370
3880,26226,2350
3881,24007,640
3882,26704,2700
3883,23371,120
3884,24446,990
3885,24207,800
3886,24969,1400
3887,24509,1040
3888,24802,1270
3889,24636,1140
3890,23760,440
3891,25346,1690
3892,26362,2450
3893,26348,2440
3894,27545,3300
3895,24269,850
3896,25782,2020
3897,26787,2760
3898,23810,480
3899,23773,450
3900,26512,2560
3901,26280,2390
3902,26307,2410
3903,25983,2170
3904,23371,120
3905,23834,500
3906,23933,580
3907,24269,850
3908,25385,1720
3909,24082,700
3910,24157,760
3911,25268,1630
3912,24269,850
3913,24725,1210
3914,26293,2400
3915,25060,1470
3916,24294,870
3917,24395,950
3918,24471,1010
3919,26050,2220
3920,25438,1760
3921,24610,1120
3922,23970,610
3923,24144,750
3924,28208,3760
3925,23736,420
3926,25477,1790
3927,27333,3150
3928,24496,1030
3929,26982,2900
3930,26158,2300
3931,25047,1460
3932,24610,1120
3933,36001,8480
3934,24700,1190
3935,25782,2020
3936,24194,790
3937,25557,1850
3938,23995,630
3939,24395,950
3940,23262,30
3941,24534,1060
3942,23724,410
3943,24598,1110
3944,25320,1670
3945,23662,360
3946,24585,1100
3947,29232,4450
3948,23371,120
3949,24471,1010
3950,24789,1260
3951,27418,3210
3952,28442,3920
3953,23760,440
3954,24969,1400
3955,23995,630
3956,24408,960
3957,28827,4180
3958,24269,850
3959,23834,500
3960,23908,560
3961,25702,1960
3962,23528,250
3963,25021,1440
3964,24345,910
3965,23699,390
3966,24687,1180
3967,27038,2940
3968,24119,730
3969,24446,990
3970,26293,2400
3971,24433,980
3972,23970,610
3973,24598,1110
3974,24057,680
3975,23933,580
3976,23908,560
3977,23736,420
3978,24232,820
3979,24244,830
3980,26416,2490
3981,30624,5350
3982,23626,330
3983,24905,1350
3984,23675,370
3985,28092,3680
3986,24345,910
3987,25729,1980
3988,24943,1380
3989,23945,590
3990,25399,1730
3991,23492,220
3992,23797,470
3993,23516,240
3994,23945,590
3995,32466,6480
3996,23859,520
3997,26010,2190
3998,24307,880
3999,24232,820
4000,24458,1000
4001,23347,100
4002,23626,330
4003,24094,710
4004,23371,120
4005,24382,940
4006,25491,1800
4007,23736,420
4008,23395,140
4009,28164,3730
4010,23699,390
4011,25530,1830
4012,23958,600
4013,25809,2040
4014,24789,1260
4015,27702,3410
4016,25098,1500
4017,25609,1890
4018,24032,660
4019,26402,2480
4020,27192,3050
4021,23921,570
4022,25359,1700
4023,26171,2310
4024,24700,1190
4025,24182,780
4026,25060,1470
4027,26199,2330
4028,24320,890
4029,24370,930
4030,24763,1240
4031,26539,2580
4032,23371,120
4033,25530,1830
4034,24219,810
4035,26253,2370
4036,24182,780
4037,25294,1650
4038,24420,970
4039,25229,1600
4040,29612,4700
4041,28932,4250
4042,25150,1540
4043,23933,580
4044,24610,1120
4045,27080,2970
4046,23383,130
4047,26691,2690
4048,27976,3600
4049,23322,80
4050,24069,690
4051,24244,830
4052,25229,1600
4053,24032,660
4054,24032,660
4055,25098,1500
4056,26594,2620
4057,25916,2120
4058,29566,4670
4059,24320,890
4060,23455,190
4061,23983,620
4062,23528,250
4063,24107,720
4064,26815,2780
4065,24119,730
4066,24828,1290
4067,26348,2440
4068,25596,1880
4069,24420,970
4070,23908,560
4071,24194,790
4072,23933,580
4073,25073,1480
4074,24257,840
4075,23797,470
4076,23884,540
4077,24045,670
4078,33644,7170
4079,29551,4660
4080,23760,440
4081,24866,1320
4082,24282,860
4083,23347,100
4084,25755,2000
4085,24776,1250
4086,24094,710
4087,23724,410
4088,24674,1170
4089,23298,60
4090,26185,2320
4091,24956,1390
4092,26884,2830
4093,24232,820
4094,24892,1340
4095,24182,780
4096,23958,600
4097,24725,1210
4098,25769,2010
4099,26443,2510
4100,23859,520
4101,25412,1740
4102,24446,990
4103,27889,3540
4104,24458,1000
4105,25242,1610
4106,25943,2140
4107,23298,60
4108,24032,660
4109,23468,200
4110,23859,520
4111,24905,1350
4112,23736,420
4113,24370,930
4114,23871,530
4115,23626,330
4116,26526,2570
4117,24144,750
4118,23933,580
4119,23871,530
4120,25412,1740
4121,28077,3670
4122,27446,3230
4123,26239,2360
4124,24357,920
4125,24144,750
4126,24905,1350
4127,27889,3540
4128,25176,1560
4129,24738,1220
4130,25060,1470
4131,25583,1870
4132,24420,970
4133,23601,310
4134,25073,1480
4135,26539,2580
4136,24802,1270
4137,28398,3890
4138,25835,2060
4139,24521,1050
4140,24219,810
4141,27474,3250
4142,25983,2170
4143,24969,1400
4144,24357,920
4145,25073,1480
4146,30529,5290
4147,26663,2670
4148,24169,770
4149,24395,950
4150,24219,810
4151,24144,750
4152,23492,220
4153,23834,500
4154,26144,2290
4155,25085,1490
4156,25889,2100
4157,26334,2430
4158,24725,1210
4159,23589,300
4160,25889,2100
4161,24560,1080
4162,24661,1160
4163,24294,870
4164,24395,950
4165,23748,430
4166,26158,2300
4167,24738,1220
4168,23577,290
4169,25150,1540
4170,24132,740
4171,24471,1010
4172,25996,2180
4173,27976,3600
4174,24751,1230
4175,25137,1530
4176,25822,2050
4177,25996,2180
4178,23724,410
4179,24725,1210
4180,33195,6910
4181,24738,1220
4182,27178,3040
4183,24687,1180
4184,24182,780
4185,23945,590
4186,24866,1320
4187,23614,320
4188,23884,540
4189,25399,1730
4190,23443,180
4191,25782,2020
4192,24332,900
4193,23650,350
4194,26567,2600
4195,25008,1430
4196,25916,2120
4197,23847,510
4198,23847,510
4199,24905,1350
4200,26050,2220
4201,23650,350
4202,30231,5100
4203,31280,5760
4204,25268,1630
4205,24534,1060
4206,24433,980
4207,23480,210
4208,24345,910
4209,24521,1050
4210,24007,640
4211,27446,3230
4212,24789,1260
4213,30309,5150
4214,27150,3020
4215,25596,1880
4216,26266,2380
4217,27760,3450
4218,24649,1150
4219,25307,1660
4220,24082,700
4221,26760,2740
4222,23797,470
4223,24282,860
4224,25294,1650
4225,24244,830
4226,24395,950
4227,25504,1810
4228,28516,3970
4229,23589,300
4230,25822,2050
4231,25543,1840
4232,24725,1210
4233,23565,280
4234,24332,900
4235,25268,1630
4236,23443,180
4237,23638,340
4238,24700,1190
4239,24370,930
4240,27276,3110
4241,23797,470
4242,24007,640
4243,24776,1250
4244,23322,80
4245,25983,2170
4246,26158,2300
4247,25242,1610
4248,23516,240
4249,26389,2470
4250,25983,2170
4251,25943,2140
4252,24572,1090
4253,30672,5380
4254,24132,740
4255,23958,600
4256,23773,450
4257,27192,3050
4258,28976,4280
4259,24969,1400
4260,26677,2680
4261,23626,330
4262,23859,520
4263,25111,1510
4264,23504,230
4265,25676,1940
4266,23995,630
4267,24420,970
4268,27774,3460
4269,28252,3790
4270,24763,1240
4271,24182,780
4272,24257,840
4273,24776,1250
4274,31361,5810
4275,24232,820
4276,24032,660
4277,23834,500
4278,24194,790
4279,25111,1510
4280,24828,1290
4281,25889,2100
4282,23310,70
4283,23589,300
4284,28428,3910
4285,24982,1410
4286,24032,660
4287,24119,730
4288,23810,480
4289,24661,1160
4290,24610,1120
4291,26375,2460
4292,28296,3820
4293,26334,2430
4294,24776,1250
4295,25956,2150
4296,25085,1490
4297,23945,590
4298,23286,50
4299,26402,2480
4300,24157,760
4301,23407,150
4302,25202,1580
4303,25034,1450
4304,30878,5510
4305,30783,5450
4306,29021,4310
4307,23443,180
4308,23310,70
4309,26649,2660
4310,23650,350
4311,26348,2440
4312,23834,500
4313,25320,1670
4314,25676,1940
4315,23650,350
4316,25215,1590
4317,27038,2940
4318,24840,1300
4319,26416,2490
4320,23711,400
4321,23773,450
4322,26526,2570
4323,23933,580
4324,28947,4260
4325,23407,150
4326,23847,510
4327,24057,680
4328,25242,1610
4329,32282,6370
4330,23335,90
4331,25795,2030
4332,27010,2920
4333,24712,1200
4334,25111,1510
4335,23662,360
4336,25822,2050
4337,28077,3670
4338,24509,1040
4339,24956,1390
4340,24020,650
4341,23626,330
4342,23834,500
4343,24649,1150
4344,23589,300
4345,25822,2050
4346,24521,1050
4347,23748,430
4348,23859,520
4349,25504,1810
4350,24521,1050
4351,23589,300
4352,28077,3670
4353,23650,350
4354,23589,300
4355,25163,1550
4356,24866,1320
4357,25047,1460
4358,28005,3620
4359,24471,1010
4360,24357,920
4361,25008,1430
4362,25073,1480
4363,23589,300
4364,28164,3730
4365,24144,750
4366,24930,1370
4367,24357,920
4368,24382,940
4369,23650,350
4370,25596,1880
4371,27745,3440
4372,24521,1050
4373,28208,3760
4374,24649,1150
4375,26307,2410
4376,24828,1290
4377,25755,2000
4378,24725,1210
4379,24082,700
4380,23699,390
4381,23859,520
4382,23983,620
4383,24232,820
4384,23970,610
4385,24408,960
4386,23736,420
4387,23492,220
4388,23626,330
4389,24144,750
4390,25662,1930
4391,25517,1820
4392,29658,4730
4393,23908,560
4394,26801,2770
4395,24483,1020
4396,25876,2090
4397,23958,600
4398,23711,400
4399,24521,1050
4400,24840,1300
4401,25517,1820
4402,24157,760
4403,24382,940
4404,23859,520
4405,27617,3350
4406,24572,1090
4407,24725,1210
4408,24661,1160
4409,28961,4270
4410,25517,1820
4411,25769,2010
4412,26104,2260
4413,25034,1450
4414,28005,3620
4415,24307,880
4416,25623,1900
4417,24840,1300
4418,23995,630
4419,24169,770
4420,28560,4000
4421,24751,1230
4422,23748,430
4423,24107,720
4424,24032,660
4425,24918,1360
4426,23274,40
4427,24144,750
4428,24802,1270
4429,25372,1710
4430,24802,1270
4431,25034,1450
4432,26471,2530
4433,25399,1730
4434,25636,1910
4435,24219,810
4436,24802,1270
4437,24370,930
4438,24194,790
4439,24853,1310
4440,26037,2210
4441,26375,2460
4442,24496,1030
4443,25047,1460
4444,25163,1550
4445,25477,1790
4446,24032,660
4447,24420,970
4448,25242,1610
4449,24020,650
4450,24132,740
4451,23945,590
4452,26239,2360
4453,26760,2740
4454,23601,310
4455,26815,2780
4456,25281,1640
4457,23650,350
4458,23773,450
4459,24244,830
4460,26171,2310
4461,25438,1760
4462,26857,2810
4463,26212,2340
4464,25073,1480
4465,34632,7730
4466,23847,510
4467,24930,1370
4468,23614,320
4469,25889,2100
4470,25876,2090
4471,24661,1160
4472,23286,50
4473,23504,230
4474,25755,2000
4475,24244,830
4476,23480,210
4477,27745,3440
4478,24905,1350
4479,27094,2980
4480,25649,1920
4481,25491,1800
4482,24032,660
4483,25307,1660
4484,24547,1070
4485,23455,190
4486,24094,710
4487,23540,260
4488,23638,340
4489,24471,1010
4490,25464,1780
4491,23687,380
4492,27234,3080
4493,24332,900
4494,25098,1500
4495,23528,250
4496,23995,630
4497,25268,1630
4498,23226,0
4499,26512,2560
4500,24446,990
4501,24357,920
4502,23748,430
4503,23687,380
4504,24905,1350
4505,23504,230
4506,24892,1340
4507,25163,1550
4508,23724,410
4509,24776,1250
4510,24892,1340
4511,24294,870
4512,23687,380
4513,26293,2400
4514,23662,360
4515,25742,1990
4516,26416,2490
4517,24320,890
4518,23859,520
4519,27474,3250
4520,27262,3100
4521,23970,610
4522,24636,1140
4523,23528,250
4524,24119,730
4525,26010,2190
4526,24969,1400
4527,27503,3270
4528,24674,1170
4529,25150,1540
4530,26430,2500
4531,26677,2680
4532,25073,1480
4533,23983,620
4534,23565,280
4535,23638,340
4536,24585,1100
4537,25929,2130
4538,24776,1250
4539,25477,1790
4540,25889,2100
4541,25716,1970
4542,26526,2570
4543,23553,270
4544,26131,2280
4545,23662,360
4546,28354,3860
4547,26293,2400
4548,25163,1550
4549,24509,1040
4550,28413,3900
4551,23945,590
4552,24157,760
4553,24107,720
4554,24408,960
4555,24995,1420
4556,25557,1850
4557,25098,1500
4558,23675,370
4559,24471,1010
4560,24420,970
4561,23443,180
4562,26239,2360
4563,23626,330
4564,23859,520
4565,25307,1660
4566,23589,300
4567,26266,2380
4568,24069,690
4569,24045,670
4570,24458,1000
4571,24194,790
4572,27832,3500
4573,27038,2940
4574,24560,1080
4575,24408,960
4576,25702,1960
4577,25294,1650
4578,26594,2620
4579,23601,310
4580,26760,2740
4581,23662,360
4582,23945,590
4583,26512,2560
4584,24534,1060
4585,25021,1440
4586,24802,1270
4587,25702,1960
4588,25464,1780
4589,24157,760
4590,24032,660
4591,24598,1110
4592,26594,2620
4593,25085,1490
4594,23983,620
4595,25189,1570
4596,25021,1440
4597,24294,870
4598,23626,330
4599,23335,90
4600,24144,750
4601,24345,910
4602,23298,60
4603,24144,750
4604,23577,290
4605,24956,1390
4606,23468,200
4607,25835,2060
4608,24045,670
4609,25702,1960
4610,26622,2640
4611,26471,2530
4612,24020,650
4613,23540,260
4614,24332,900
4615,25477,1790
4616,24534,1060
4617,23431,170
4618,28179,3740
4619,25570,1860
4620,26334,2430
4621,23773,450
4622,23310,70
4623,24598,1110
4624,24636,1140
4625,23226,0
4626,25202,1580
4627,26539,2580
4628,25782,2020
4629,23687,380
4630,24320,890
4631,27745,3440
4632,23395,140
4633,24610,1120
4634,26567,2600
4635,24307,880
4636,25098,1500
4637,24382,940
4638,25202,1580
4639,25769,2010
4640,27262,3100
4641,24483,1020
4642,25215,1590
4643,24751,1230
4644,24420,970
4645,26037,2210
4646,23589,300
4647,25956,2150
4648,24007,640
4649,23504,230
4650,23724,410
4651,23226,0
4652,23896,550
4653,27788,3470
4654,28092,3680
4655,26457,2520
4656,24496,1030
4657,24547,1070
4658,25111,1510
4659,26704,2700
4660,23383,130
4661,24879,1330
4662,23933,580
4663,24879,1330
4664,25098,1500
4665,24815,1280
4666,25425,1750
4667,23468,200
4668,23516,240
4669,23921,570
4670,23896,550
4671,24636,1140
4672,24094,710
4673,26580,2610
4674,24496,1030
4675,23958,600
4676,25255,1620
4677,26090,2250
4678,26512,2560
4679,26023,2200
4680,23528,250
4681,24119,730
4682,25307,1660
4683,26801,2770
4684,23480,210
4685,24943,1380
4686,24598,1110
4687,23995,630
4688,24433,980
4689,26996,2910
4690,25862,2080
4691,24094,710
4692,23699,390
4693,28208,3760
4694,25596,1880
4695,24119,730
4696,29112,4370
4697,23760,440
4698,24636,1140
4699,24207,800
4700,24700,1190
4701,24840,1300
4702,25307,1660
4703,25281,1640
4704,24610,1120
4705,26926,2860
4706,23298,60
4707,28501,3960
4708,23933,580
4709,25835,2060
4710,24045,670
4711,24057,680
4712,24244,830
4713,25755,2000
4714,23871,530
4715,25689,1950
4716,25716,1970
4717,26199,2330
4718,24802,1270
4719,27904,3550
4720,25242,1610
4721,24357,920
4722,23359,110
4723,28237,3780
4724,24194,790
4725,23650,350
4726,25294,1650
4727,23626,330
4728,23540,260
4729,27602,3340
4730,24738,1220
4731,24107,720
4732,26580,2610
4733,24182,780
4734,23896,550
4735,25098,1500
4736,24943,1380
4737,24763,1240
4738,24879,1330
4739,25242,1610
4740,24207,800
4741,26077,2240
4742,25021,1440
4743,24395,950
4744,24521,1050
4745,23711,400
4746,24320,890
4747,25809,2040
4748,24032,660
4749,23335,90
4750,24282,860
4751,24007,640
4752,25008,1430
4753,23347,100
4754,24725,1210
4755,26050,2220
4756,27164,3030
4757,24725,1210
4758,26457,2520
4759,26996,2910
4760,24119,730
4761,24458,1000
4762,24182,780
4763,24789,1260
4764,23724,410
4765,26144,2290
4766,25716,1970
4767,23724,410
4768,24509,1040
4769,23908,560
4770,23945,590
4771,25835,2060
4772,28135,3710
4773,23589,300
4774,25202,1580
4775,24509,1040
4776,25098,1500
4777,23662,360
4778,25294,1650
4779,23455,190
4780,24307,880
4781,24725,1210
4782,25060,1470
4783,25189,1570
4784,24969,1400
4785,25451,1770
4786,23748,430
4787,23528,250
4788,23589,300
4789,23347,100
4790,23822,490
4791,27560,3310
4792,23797,470
4793,24534,1060
4794,24269,850
4795,24776,1250
4796,27717,3420
4797,23970,610
4798,28842,4190
4799,27066,2960
4800,24119,730
4801,23614,320
4802,24107,720
4803,28019,3630
4804,24610,1120
4805,23626,330
4806,25649,1920
4807,24244,830
4808,24294,870
4809,23662,360
4810,25596,1880
4811,23553,270
4812,23884,540
4813,23614,320
4814,25916,2120
4815,27904,3550
4816,23675,370
4817,24649,1150
4818,23748,430
4819,23859,520
4820,25189,1570
4821,25359,1700
4822,24943,1380
4823,26010,2190
4824,23958,600
4825,24370,930
4826,24585,1100
4827,24269,850
4828,26635,2650
4829,25202,1580
4830,24219,810
4831,25557,1850
4832,23577,290
4833,23921,570
4834,26307,2410
4835,25636,1910
4836,26912,2850
4837,27262,3100
4838,24094,710
4839,26498,2550
4840,25294,1650
4841,24866,1320
4842,26090,2250
4843,26023,2200
4844,27474,3250
4845,23859,520
4846,24943,1380
4847,24057,680
4848,24509,1040
4849,23724,410
4850,25623,1900
4851,23565,280
4852,25111,1510
4853,30044,4980
4854,24408,960
4855,24674,1170
4856,24585,1100
4857,25969,2160
4858,24433,980
4859,25649,1920
4860,24370,930
4861,24408,960
4862,25320,1670
4863,24661,1160
4864,24269,850
4865,25085,1490
4866,26553,2590
4867,25636,1910
4868,24725,1210
4869,23871,530
4870,23797,470
4871,24045,670
4872,25755,2000
4873,24956,1390
4874,24357,920
4875,24866,1320
4876,25060,1470
4877,24572,1090
4878,23675,370
4879,24007,640
4880,23748,430
4881,23822,490
4882,23540,260
4883,24320,890
4884,25008,1430
4885,23614,320
4886,24107,720
4887,23504,230
4888,23626,330
4889,24207,800
4890,25073,1480
4891,24182,780
4892,24282,860
4893,25412,1740
4894,23662,360
4895,24560,1080
4896,25034,1450
4897,24458,1000
4898,23675,370
4899,25596,1880
4900,27702,3410
4901,23773,450
4902,26471,2530
4903,26158,2300
4904,24610,1120
4905,23995,630
4906,25438,1760
4907,23226,0
4908,24157,760
4909,23933,580
4910,24610,1120
4911,23810,480
4912,25943,2140
4913,26389,2470
4914,24956,1390
4915,24560,1080
4916,25702,1960
4917,25609,1890
4918,24007,640
4919,23395,140
4920,24483,1020
4921,23896,550
4922,24725,1210
4923,23760,440
4924,23958,600
4925,24496,1030
4926,24057,680
4927,23983,620
4928,24032,660
4929,25491,1800
4930,24244,830
4931,23699,390
4932,25008,1430
4933,26199,2330
4934,24943,1380
4935,24357,920
4936,24918,1360
4937,24007,640
4938,24521,1050
4939,24509,1040
4940,25399,1730
4941,23662,360
4942,28961,4270
4943,25609,1890
4944,25034,1450
4945,24560,1080
4946,24700,1190
4947,24020,650
4948,26402,2480
4949,24320,890
4950,23810,480
4951,23504,230
4952,24446,990
4953,28797,4160
4954,26063,2230
4955,25822,2050
4956,25294,1650
4957,25202,1580
4958,24332,900
4959,27403,3200
4960,23638,340
4961,25307,1660
4962,23847,510
4963,25782,2020
4964,28619,4040
4965,27375,3180
4966,27248,3090
4967,24649,1150
4968,23662,360
4969,27660,3380
4970,25662,1930
4971,24789,1260
4972,24969,1400
4973,23724,410
4974,23335,90
4975,23859,520
4976,24751,1230
4977,25517,1820
4978,24763,1240
4979,24674,1170
4980,24458,1000
4981,28413,3900
4982,25047,1460
4983,30545,5300
4984,25189,1570
4985,23226,0
4986,23455,190
4987,24789,1260
4988,24219,810
4989,24433,980
4990,23760,440
4991,23431,170
4992,26594,2620
4993,24119,730
4994,25034,1450
4995,26649,2660
4996,27645,3370
4997,24057,680
4998,24905,1350
4999,25543,1840
5000,23933,580
5001,25809,2040
5002,24623,1130
5003,26539,2580
5004,24738,1220
5005,25176,1560
5006,28634,4050
5007,25163,1550
5008,25320,1670
5009,29308,4500
5010,25676,1940
5011,23226,0
5012,26104,2260
5013,25491,1800
5014,24057,680
5015,24045,670
5016,23785,460
5017,27052,2950
5018,25189,1570
5019,28369,3870
5020,24649,1150
5021,25996,2180
5022,23589,300
5023,23711,400
5024,23933,580
5025,23724,410
5026,25385,1720
5027,25176,1560
5028,24585,1100
5029,24585,1100
5030,26321,2420
5031,24610,1120
5032,24144,750
5033,25215,1590
5034,26063,2230
5035,24082,700
5036,27234,3080
5037,23687,380
5038,26158,2300
5039,24521,1050
5040,24144,750
5041,25996,2180
5042,24370,930
5043,24458,1000
5044,29036,4320
5045,26117,2270
5046,23797,470
5047,23638,340
5048,25636,1910
5049,25464,1780
5050,23933,580
5051,24509,1040
5052,25372,1710
5053,26104,2260
5054,26280,2390
5055,23995,630
5056,25098,1500
5057,28310,3830
5058,25008,1430
5059,24132,740
5060,24433,980
5061,25596,1880
5062,24521,1050
5063,24943,1380
5064,24956,1390
5065,23322,80
5066,23226,0
5067,25662,1930
5068,24956,1390
5069,24905,1350
5070,28693,4090
5071,24471,1010
5072,24534,1060
5073,23359,110
5074,24687,1180
5075,25008,1430
5076,24496,1030
5077,28768,4140
5078,25570,1860
5079,23274,40
5080,26158,2300
5081,27474,3250
5082,27418,3210
5083,24119,730
5084,23859,520
5085,24930,1370
5086,23822,490
5087,25111,1510
5088,26787,2760
5089,23322,80
5090,24357,920
5091,23443,180
5092,23699,390
5093,26649,2660
5094,24007,640
5095,24828,1290
5096,23834,500
5097,23810,480
5098,24332,900
5099,24853,1310
5100,23797,470
5101,24930,1370
5102,24320,890
5103,23516,240
5104,24649,1150
5105,24534,1060
5106,25412,1740
5107,23859,520
5108,23614,320
5109,32685,6610
5110,25769,2010
5111,23822,490
5112,23958,600
5113,28266,3800
5114,23455,190
5115,27760,3450
5116,24969,1400
5117,23748,430
5118,24521,1050
5119,23760,440
5120,25782,2020
5121,23773,450
5122,24119,730
5123,25073,1480
5124,24194,790
5125,24020,650
5126,23834,500
5127,23675,370
5128,25451,1770
5129,26580,2610
5130,24345,910
5131,25412,1740
5132,23614,320
5133,23736,420
5134,26010,2190
5135,25124,1520
5136,23626,330
5137,23884,540
5138,25451,1770
5139,24853,1310
5140,23958,600
5141,24598,1110
5142,23724,410
5143,26649,2660
5144,23871,530
5145,24144,750
5146,25716,1970
5147,25649,1920
5148,23958,600
5149,24995,1420
5150,29097,4360
5151,24294,870
5152,23553,270
5153,23419,160
5154,24585,1100
5155,24244,830
5156,23983,620
5157,24572,1090
5158,26144,2290
5159,24828,1290
5160,24332,900
5161,24892,1340
5162,25281,1640
5163,24219,810
5164,25517,1820
5165,25359,1700
5166,23958,600
5167,24956,1390
5168,24357,920
5169,23908,560
5170,23407,150
5171,23995,630
5172,23958,600
5173,27024,2930
5174,25111,1510
5175,25438,1760
5176,23810,480
5177,26090,2250
5178,24918,1360
5179,24610,1120
5180,24534,1060
5181,27276,3110
5182,26968,2890
5183,23995,630
5184,23933,580
5185,23797,470
5186,23958,600
5187,24207,800
5188,25385,1720
5189,25755,2000
5190,25268,1630
5191,27150,3020
5192,23748,430
5193,23492,220
5194,24995,1420
5195,27361,3170
5196,24521,1050
5197,24420,970
5198,24483,1020
5199,25477,1790
5200,25202,1580
5201,25809,2040
5202,24357,920
5203,26375,2460
5204,25111,1510
5205,23540,260
5206,23504,230
5207,27080,2970
5208,24725,1210
5209,23516,240
5210,25862,2080
5211,23662,360
5212,25729,1980
5213,25755,2000
5214,26787,2760
5215,25215,1590
5216,24560,1080
5217,26801,2770
5218,27832,3500
5219,23785,460
5220,24509,1040
5221,24610,1120
5222,25596,1880
5223,24943,1380
5224,24725,1210
5225,25662,1930
5226,23359,110
5227,23896,550
5228,23958,600
5229,24169,770
5230,23407,150
5231,23785,460
5232,25676,1940
5233,27164,3030
5234,27574,3320
5235,24751,1230
5236,26131,2280
5237,26484,2540
5238,26334,2430
5239,26663,2670
5240,26226,2350
5241,25491,1800
5242,24408,960
5243,23662,360
5244,24395,950
5245,24905,1350
5246,25835,2060
5247,24521,1050
5248,25451,1770
5249,24496,1030
5250,25176,1560
5251,24107,720
5252,23262,30
5253,26117,2270
5254,24738,1220
5255,24789,1260
5256,23480,210
5257,25189,1570
5258,23760,440
5259,25662,1930
5260,27875,3530
5261,26307,2410
5262,23748,430
5263,25464,1780
5264,23834,500
5265,24738,1220
5266,23589,300
5267,24269,850
5268,24244,830
5269,24982,1410
5270,24738,1220
5271,26553,2590
5272,25956,2150
5273,23565,280
5274,23650,350
5275,25956,2150
5276,27918,3560
5277,23468,200
5278,25294,1650
5279,26321,2420
5280,24866,1320
5281,23675,370
5282,26280,2390
5283,27474,3250
5284,23492,220
5285,24905,1350
5286,24776,1250
5287,24483,1020
5288,23958,600
5289,24320,890
5290,26732,2720
5291,27052,2950
5292,25202,1580
5293,25809,2040
5294,24712,1200
5295,23933,580
5296,24320,890
5297,23859,520
5298,25034,1450
5299,26171,2310
5300,24853,1310
5301,23859,520
5302,25557,1850
5303,24879,1330
5304,24930,1370
5305,24433,980
5306,25822,2050
5307,23443,180
5308,26704,2700
5309,23443,180
5310,23921,570
5311,23565,280
5312,24458,1000
5313,24751,1230
5314,23896,550
5315,26801,2770
5316,26968,2890
5317,23711,400
5318,25255,1620
5319,25889,2100
5320,24776,1250
5321,24943,1380
5322,23847,510
5323,28340,3850
5324,23834,500
5325,27052,2950
5326,24496,1030
5327,25742,1990
5328,23884,540
5329,24294,870
5330,25438,1760
5331,25570,1860
5332,24244,830
5333,25111,1510
5334,26457,2520
5335,25176,1560
5336,23896,550
5337,23540,260
5338,26307,2410
5339,25047,1460
5340,27918,3560
5341,24420,970
5342,27774,3460
5343,24194,790
5344,25294,1650
5345,25929,2130
5346,25021,1440
5347,30340,5170
5348,24282,860
5349,25596,1880
5350,24007,640
5351,23699,390
5352,24094,710
5353,24521,1050
5354,24943,1380
5355,25085,1490
5356,23298,60
5357,23359,110
5358,24332,900
5359,25255,1620
5360,26321,2420
5361,32583,6550
5362,23884,540
5363,26677,2680
5364,24943,1380
5365,25609,1890
5366,24534,1060
5367,25034,1450
5368,23638,340
5369,24661,1160
5370,24157,760
5371,24082,700
5372,25098,1500
5373,25862,2080
5374,24776,1250
5375,24357,920
5376,25124,1520
5377,24572,1090
5378,24458,1000
5379,25215,1590
5380,24332,900
5381,27375,3180
5382,23908,560
5383,28812,4170
5384,24045,670
5385,25795,2030
5386,26567,2600
5387,23589,300
5388,23810,480
5389,25346,1690
5390,23675,370
5391,23504,230
5392,24521,1050
5393,24483,1020
5394,25268,1630
5395,28266,3800
5396,29021,4310
5397,25229,1600
5398,24269,850
5399,27602,3340
5400,24471,1010
5401,30091,5010
5402,25060,1470
5403,24420,970
5404,29232,4450
5405,24132,740
5406,24257,840
5407,24598,1110
5408,23958,600
5409,26131,2280
5410,23736,420
5411,23359,110
5412,24879,1330
5413,23859,520
5414,24395,950
5415,24094,710
5416,24598,1110
5417,26239,2360
5418,23785,460
5419,24534,1060
5420,24700,1190
5421,23995,630
5422,25849,2070
5423,24332,900
5424,25530,1830
5425,24483,1020
5426,30028,4970
5427,25438,1760
5428,24320,890
5429,24725,1210
5430,24082,700
5431,23908,560
5432,24157,760
5433,24294,870
5434,23626,330
5435,25229,1600
5436,25021,1440
5437,23995,630
5438,24244,830
5439,23785,460
5440,24828,1290
5441,23662,360
5442,23431,170
5443,26760,2740
5444,25662,1930
5445,24420,970
5446,30687,5390
5447,24496,1030
5448,24751,1230
5449,29353,4530
5450,24294,870
5451,25649,1920
5452,24119,730
5453,23760,440
5454,27150,3020
5455,23884,540
5456,23468,200
5457,25623,1900
5458,24763,1240
5459,23834,500
5460,24269,850
5461,24094,710
5462,30168,5060
5463,27788,3470
5464,24905,1350
5465,27052,2950
5466,29797,4820
5467,23773,450
5468,25294,1650
5469,26815,2780
5470,25034,1450
5471,24687,1180
5472,24232,820
5473,26773,2750
5474,24534,1060
5475,28516,3970
5476,23711,400
5477,25021,1440
5478,23504,230
5479,23226,0
5480,25943,2140
5481,23675,370
5482,23834,500
5483,27262,3100
5484,27418,3210
5485,24408,960
5486,25849,2070
5487,25176,1560
5488,23662,360
5489,23565,280
5490,25849,2070
5491,24547,1070
5492,23896,550
5493,32248,6350
5494,25929,2130
5495,26158,2300
5496,23995,630
5497,23884,540
5498,24094,710
5499,23847,510
5500,23262,30
5501,24332,900
5502,23884,540
5503,23760,440
5504,27319,3140
5505,25996,2180
5506,23638,340
5507,24534,1060
5508,26815,2780
5509,26539,2580
5510,25294,1650
5511,23760,440
5512,25073,1480
5513,24119,730
5514,24232,820
5515,24521,1050
5516,23871,530
5517,26898,2840
5518,25570,1860
5519,23687,380
5520,25202,1580
5521,23675,370
5522,24738,1220
5523,24357,920
5524,26050,2220
5525,25464,1780
5526,26926,2860
5527,25889,2100
5528,25163,1550
5529,23785,460
5530,24045,670
5531,28063,3660
5532,26348,2440
5533,24169,770
5534,24751,1230
5535,25835,2060
5536,24840,1300
5537,23810,480
5538,24433,980
5539,24082,700
5540,26926,2860
5541,26815,2780
5542,27136,3010
5543,23724,410
5544,25729,1980
5545,23958,600
5546,25385,1720
5547,23945,590
5548,26023,2200
5549,27024,2930
5550,24636,1140
5551,24853,1310
5552,25333,1680
5553,25163,1550
5554,24572,1090
5555,24828,1290
5556,24032,660
5557,26457,2520
5558,29247,4460
5559,29232,4450
5560,24547,1070
5561,25202,1580
5562,25307,1660
5563,25124,1520
5564,28384,3880
5565,24157,760
5566,24345,910
5567,25649,1920
5568,26077,2240
5569,23431,170
5570,23662,360
5571,24918,1360
5572,26704,2700
5573,24194,790
5574,23662,360
5575,25676,1940
5576,24094,710
5577,24144,750
5578,24207,800
5579,23859,520
5580,24307,880
5581,23614,320
5582,24776,1250
5583,23468,200
5584,28150,3720
5585,23286,50
5586,23431,170
5587,24496,1030
5588,23810,480
5589,24119,730
5590,24905,1350
5591,25047,1460
5592,25047,1460
5593,24687,1180
5594,24943,1380
5595,24144,750
5596,23773,450
5597,23810,480
5598,29142,4390
5599,25281,1640
5600,24007,640
5601,24471,1010
5602,24534,1060
5603,25346,1690
5604,25517,1820
5605,25609,1890
5606,25268,1630
5607,24918,1360
5608,28092,3680
5609,31589,5950
5610,24496,1030
5611,24207,800
5612,24332,900
5613,28872,4210
5614,24069,690
5615,23371,120
5616,26471,2530
5617,24219,810
5618,27234,3080
5619,24320,890
5620,26023,2200
5621,23884,540
5622,23958,600
5623,25504,1810
5624,24763,1240
5625,26389,2470
5626,25491,1800
5627,24598,1110
5628,24866,1320
5629,25137,1530
5630,24094,710
5631,24069,690
5632,25189,1570
5633,27361,3170
5634,25716,1970
5635,25268,1630
5636,23395,140
5637,25008,1430
5638,26443,2510
5639,26787,2760
5640,24307,880
5641,27961,3590
5642,25530,1830
5643,23748,430
5644,23736,420
5645,24828,1290
5646,25307,1660
5647,26512,2560
5648,24802,1270
5649,26457,2520
5650,23834,500
5651,25333,1680
5652,24132,740
5653,26704,2700
5654,27617,3350
5655,25916,2120
5656,25307,1660
5657,23908,560
5658,26801,2770
5659,24032,660
5660,24712,1200
5661,24332,900
5662,29066,4340
5663,27206,3060
5664,28516,3970
5665,24751,1230
5666,24207,800
5667,26010,2190
5668,23626,330
5669,24879,1330
5670,28753,4130
5671,26334,2430
5672,23736,420
5673,26131,2280
5674,25636,1910
5675,24610,1120
5676,24219,810
5677,25047,1460
5678,27418,3210
5679,24585,1100
5680,26608,2630
5681,25073,1480
5682,26691,2690
5683,28932,4250
5684,25583,1870
5685,25689,1950
5686,23565,280
5687,24207,800
5688,26926,2860
5689,27418,3210
5690,26801,2770
5691,28063,3660
5692,24408,960
5693,24294,870
5694,23553,270
5695,26608,2630
5696,26117,2270
5697,24357,920
5698,24661,1160
5699,24020,650
5700,23724,410
5701,23921,570
5702,23480,210
5703,23724,410
5704,25876,2090
5705,25929,2130
5706,25163,1550
5707,25359,1700
5708,25281,1640
5709,26117,2270
5710,25477,1790
5711,24169,770
5712,25662,1930
5713,24144,750
5714,23662,360
5715,24345,910
5716,27932,3570
5717,24534,1060
5718,23896,550
5719,26996,2910
5720,24892,1340
5721,27080,2970
5722,25822,2050
5723,23970,610
5724,27150,3020
5725,26718,2710
5726,24244,830
5727,25596,1880
5728,23565,280
5729,23896,550
5730,23896,550
5731,23540,260
5732,29720,4770
5733,25929,2130
5734,25073,1480
5735,24905,1350
5736,24332,900
5737,24357,920
5738,30815,5470
5739,24294,870
5740,24751,1230
5741,24282,860
5742,24763,1240
5743,24082,700
5744,28252,3790
5745,24969,1400
5746,23859,520
5747,25916,2120
5748,24776,1250
5749,27460,3240
5750,24232,820
5751,23298,60
5752,25835,2060
5753,23298,60
5754,23419,160
5755,27432,3220
5756,25034,1450
5757,27290,3120
5758,23834,500
5759,24879,1330
5760,23553,270
5761,25034,1450
5762,24045,670
5763,26732,2720
5764,26982,2900
5765,26526,2570
5766,26389,2470
5767,23822,490
5768,23589,300
5769,25662,1930
5770,23395,140
5771,24840,1300
5772,24674,1170
5773,24194,790
5774,24307,880
5775,25689,1950
5776,24815,1280
5777,25729,1980
5778,24194,790
5779,25150,1540
5780,24930,1370
5781,24802,1270
5782,23945,590
5783,24471,1010
5784,30419,5220
5785,23711,400
5786,26362,2450
5787,25008,1430
5788,24182,780
5789,23650,350
5790,23724,410
5791,25150,1540
5792,24207,800
5793,23699,390
5794,25255,1620
5795,25137,1530
5796,26171,2310
5797,25929,2130
5798,24069,690
5799,24182,780
5800,24547,1070
5801,25098,1500
5802,23970,610
5803,28678,4080
5804,25229,1600
5805,23359,110
5806,24471,1010
5807,24930,1370
5808,24585,1100
5809,25034,1450
5810,27024,2930
5811,24420,970
5812,25596,1880
5813,25176,1560
5814,23921,570
5815,24866,1320
5816,25517,1820
5817,27531,3290
5818,25543,1840
5819,26117,2270
5820,23322,80
5821,25438,1760
5822,24082,700
5823,24082,700
5824,24219,810
5825,26037,2210
5826,24892,1340
5827,24207,800
5828,23760,440
5829,24294,870
5830,27418,3210
5831,27080,2970
5832,23601,310
5833,24057,680
5834,25294,1650
5835,27066,2960
5836,25385,1720
5837,24307,880
5838,23662,360
5839,26635,2650
5840,25902,2110
5841,24636,1140
5842,25098,1500
5843,24370,930
5844,25268,1630
5845,26857,2810
5846,26362,2450
5847,23395,140
5848,24763,1240
5849,24776,1250
5850,27150,3020
5851,24069,690
5852,23553,270
5853,26010,2190
5854,24725,1210
5855,27178,3040
5856,24521,1050
5857,23834,500
5858,24094,710
5859,25137,1530
5860,23983,620
5861,23504,230
5862,26870,2820
5863,25215,1590
5864,23528,250
5865,24853,1310
5866,23785,460
5867,25916,2120
5868,24995,1420
5869,32365,6420
5870,24521,1050
5871,25662,1930
5872,25255,1620
5873,23711,400
5874,26023,2200
5875,26226,2350
5876,23516,240
5877,23810,480
5878,26131,2280
5879,23492,220
5880,27206,3060
5881,24119,730
5882,23760,440
5883,26348,2440
5884,25268,1630
5885,24446,990
5886,25943,2140
5887,25929,2130
5888,24674,1170
5889,23407,150
5890,24598,1110
5891,23970,610
5892,23847,510
5893,24661,1160
5894,25320,1670
5895,31312,5780
5896,24320,890
5897,25242,1610
5898,25662,1930
5899,27319,3140
5900,24905,1350
5901,24420,970
5902,23945,590
5903,25060,1470
5904,25809,2040
5905,23797,470
5906,24496,1030
5907,26158,2300
5908,23699,390
5909,23810,480
5910,26171,2310
5911,27052,2950
5912,25876,2090
5913,23785,460
5914,23699,390
5915,23262,30
5916,23834,500
5917,28019,3630
5918,23933,580
5919,24420,970
5920,26829,2790
5921,24094,710
5922,26982,2900
5923,25916,2120
5924,25047,1460
5925,23797,470
5926,25835,2060
5927,25124,1520
5928,23773,450
5929,24598,1110
5930,24244,830
5931,25399,1730
5932,26199,2330
5933,24547,1070
5934,30028,4970
5935,28560,4000
5936,24687,1180
5937,24307,880
5938,23383,130
5939,25517,1820
5940,25425,1750
5941,26023,2200
5942,27418,3210
5943,25399,1730
5944,24194,790
5945,27150,3020
5946,24169,770
5947,24828,1290
5948,24458,1000
5949,23760,440
5950,23822,490
5951,24408,960
5952,24496,1030
5953,24020,650
5954,25649,1920
5955,26567,2600
5956,23419,160
5957,25889,2100
5958,24789,1260
5959,23553,270
5960,24905,1350
5961,24496,1030
5962,24207,800
5963,23945,590
5964,23834,500
5965,24345,910
5966,25769,2010
5967,23614,320
5968,24828,1290
5969,24345,910
5970,23847,510
5971,23601,310
5972,25451,1770
5973,25969,2160
5974,25929,2130
5975,24057,680
5976,24815,1280
5977,25477,1790
5978,24082,700
5979,25916,2120
5980,23970,610
5981,24815,1280
5982,24320,890
5983,24661,1160
5984,24712,1200
5985,25137,1530
5986,28887,4220
5987,26321,2420
5988,28384,3880
5989,24687,1180
5990,24132,740
5991,23958,600
5992,23601,310
5993,29232,4450
5994,25662,1930
5995,24905,1350
5996,24144,750
5997,23347,100
5998,23589,300
5999,25333,1680
6000,23834,500
6001,24370,930
6002,25034,1450
6003,24232,820
6004,25399,1730
6005,26982,2900
6006,24157,760
6007,24982,1410
6008,24969,1400
6009,25202,1580
6010,24712,1200
6011,25202,1580
6012,25835,2060
6013,24045,670
6014,25504,1810
6015,24751,1230
6016,24420,970
6017,23553,270
6018,25596,1880
6019,25098,1500
6020,23359,110
6021,24956,1390
6022,27361,3170
6023,25008,1430
6024,25702,1960
6025,24496,1030
6026,24905,1350
6027,26649,2660
6028,24712,1200
6029,27602,3340
6030,23711,400
6031,26171,2310
6032,24269,850
6033,24661,1160
6034,25047,1460
6035,26622,2640
6036,25242,1610
6037,24207,800
6038,23662,360
6039,27319,3140
6040,24496,1030
6041,26484,2540
6042,24471,1010
6043,24294,870
6044,23945,590
6045,25294,1650
6046,24674,1170
6047,24853,1310
6048,23871,530
6049,23662,360
6050,23310,70
6051,23492,220
6052,24045,670
6053,24918,1360
6054,24995,1420
6055,24144,750
6056,25689,1950
6057,25782,2020
6058,25716,1970
6059,24094,710
6060,26063,2230
6061,26732,2720
6062,24332,900
6063,26526,2570
6064,24866,1320
6065,24471,1010
6066,23347,100
6067,27517,3280
6068,25008,1430
6069,23443,180
6070,23724,410
6071,24269,850
6072,24969,1400
6073,27602,3340
6074,23262,30
6075,25649,1920
6076,24370,930
6077,25464,1780
6078,26567,2600
6079,25425,1750
6080,25916,2120
6081,29735,4780
6082,26677,2680
6083,24269,850
6084,23492,220
6085,24700,1190
6086,24969,1400
6087,24107,720
6088,23601,310
6089,25034,1450
6090,25425,1750
6091,25047,1460
6092,28516,3970
6093,24700,1190
6094,24674,1170
6095,25822,2050
6096,25268,1630
6097,24433,980
6098,25649,1920
6099,26050,2220
6100,24069,690
6101,24712,1200
6102,24509,1040
6103,25176,1560
6104,26307,2410
6105,25636,1910
6106,28106,3690
6107,25137,1530
6108,24853,1310
6109,24930,1370
6110,25008,1430
6111,28516,3970
6112,24995,1420
6113,25956,2150
6114,24956,1390
6115,26293,2400
6116,23945,590
6117,25742,1990
6118,23736,420
6119,24853,1310
6120,24828,1290
6121,23871,530
6122,24623,1130
6123,25073,1480
6124,26010,2190
6125,25862,2080
6126,24119,730
6127,24840,1300
6128,24471,1010
6129,23871,530
6130,27319,3140
6131,24219,810
6132,23553,270
6133,25889,2100
6134,24144,750
6135,25021,1440
6136,24020,650
6137,23945,590
6138,23983,620
6139,25543,1840
6140,25425,1750
6141,25307,1660
6142,25202,1580
6143,24712,1200
6144,24496,1030
6145,24712,1200
6146,24636,1140
6147,23958,600
6148,25034,1450
6149,23933,580
6150,24649,1150
6151,24057,680
6152,24045,670
6153,24257,840
6154,24598,1110
6155,23638,340
6156,24408,960
6157,23724,410
6158,23970,610
6159,24828,1290
6160,24032,660
6161,31135,5670
6162,24943,1380
6163,23383,130
6164,24057,680
6165,24194,790
6166,24345,910
6167,25372,1710
6168,24471,1010
6169,25085,1490
6170,26553,2590
6171,24107,720
6172,24157,760
6173,24496,1030
6174,25425,1750
6175,24879,1330
6176,25557,1850
6177,25021,1440
6178,23748,430
6179,24751,1230
6180,23553,270
6181,26362,2450
6182,23687,380
6183,24082,700
6184,24332,900
6185,25202,1580
6186,27517,3280
6187,23884,540
6188,24332,900
6189,24194,790
6190,27136,3010
6191,24182,780
6192,24244,830
6193,26704,2700
6194,24357,920
6195,24776,1250
6196,23995,630
6197,26239,2360
6198,24408,960
6199,25609,1890
6200,23699,390
6201,23687,380
6202,24057,680
6203,25889,2100
6204,24157,760
6205,24879,1330
6206,25307,1660
6207,25008,1430
6208,23958,600
6209,24458,1000
6210,23662,360
6211,25060,1470
6212,23995,630
6213,24207,800
6214,24943,1380
6215,24661,1160
6216,24194,790
6217,24674,1170
6218,23226,0
6219,24357,920
6220,23945,590
6221,23970,610
6222,23565,280
6223,24169,770
6224,24712,1200
6225,27574,3320
6226,24007,640
6227,25425,1750
6228,24082,700
6229,23847,510
6230,24982,1410
6231,23553,270
6232,26416,2490
6233,23785,460
6234,23711,400
6235,23395,140
6236,24560,1080
6237,23958,600
6238,23298,60
6239,24840,1300
6240,24207,800
6241,25281,1640
6242,24598,1110
6243,26334,2430
6244,24905,1350
6245,23662,360
6246,24905,1350
6247,24751,1230
6248,24969,1400
6249,26677,2680
6250,23748,430
6251,25098,1500
6252,24751,1230
6253,23589,300
6254,24636,1140
6255,23614,320
6256,24840,1300
6257,25822,2050
6258,25583,1870
6259,23785,460
6260,23896,550
6261,25755,2000
6262,24370,930
6263,23773,450
6264,24725,1210
6265,23933,580
6266,25124,1520
6267,23958,600
6268,23687,380
6269,24144,750
6270,23810,480
6271,27875,3530
6272,24700,1190
6273,25176,1560
6274,23601,310
6275,23896,550
6276,23638,340
6277,23383,130
6278,26117,2270
6279,25557,1850
6280,26307,2410
6281,24751,1230
6282,23577,290
6283,24294,870
6284,25124,1520
6285,23395,140
6286,24345,910
6287,23431,170
6288,26158,2300
6289,23492,220
6290,24598,1110
6291,26402,2480
6292,23995,630
6293,23760,440
6294,24382,940
6295,25464,1780
6296,23359,110
6297,25399,1730
6298,25822,2050
6299,24610,1120
6300,23933,580
6301,23711,400
6302,23443,180
6303,23589,300
6304,24738,1220
6305,25098,1500
6306,26144,2290
6307,25412,1740
6308,24032,660
6309,24307,880
6310,28723,4110
6311,26321,2420
6312,24547,1070
6313,25294,1650
6314,23884,540
6315,25137,1530
6316,24370,930
6317,27024,2930
6318,25202,1580
6319,25438,1760
6320,28179,3740
6321,25464,1780
6322,23724,410
6323,26430,2500
6324,24357,920
6325,25399,1730
6326,24157,760
6327,28384,3880
6328,24282,860
6329,24547,1070
6330,25782,2020
6331,25889,2100
6332,24918,1360
6333,26117,2270
6334,23662,360
6335,23724,410
6336,26430,2500
6337,23347,100
6338,25889,2100
6339,26362,2450
6340,24776,1250
6341,24219,810
6342,24763,1240
6343,29674,4740
6344,24853,1310
6345,23970,610
6346,25795,2030
6347,24182,780
6348,23724,410
6349,25636,1910
6350,25111,1510
6351,23711,400
6352,23908,560
6353,24879,1330
6354,25649,1920
6355,25294,1650
6356,24244,830
6357,25782,2020
6358,27290,3120
6359,24572,1090
6360,23395,140
6361,24207,800
6362,23785,460
6363,27403,3200
6364,23310,70
6365,25098,1500
6366,24674,1170
6367,24969,1400
6368,25491,1800
6369,24345,910
6370,26594,2620
6371,23601,310
6372,27760,3450
6373,24751,1230
6374,23443,180
6375,24700,1190
6376,24420,970
6377,24244,830
6378,26968,2890
6379,23383,130
6380,25716,1970
6381,23896,550
6382,24269,850
6383,24892,1340
6384,25098,1500
6385,26253,2370
6386,24776,1250
6387,23847,510
6388,24943,1380
6389,28106,3690
6390,24598,1110
6391,24560,1080
6392,26158,2300
6393,23983,620
6394,24257,840
6395,28902,4230
6396,23359,110
6397,23711,400
6398,25163,1550
6399,25636,1910
6400,24119,730
6401,23675,370
6402,24712,1200
6403,24408,960
6404,23577,290
6405,24119,730
6406,23760,440
6407,23699,390
6408,26926,2860
6409,25385,1720
6410,24598,1110
6411,24107,720
6412,29475,4610
6413,24269,850
6414,24257,840
6415,23797,470
6416,26131,2280
6417,24395,950
6418,26023,2200
6419,23748,430
6420,24892,1340
6421,23540,260
6422,27010,2920
6423,23958,600
6424,24623,1130
6425,23970,610
6426,25782,2020
6427,25399,1730
6428,23736,420
6429,23995,630
6430,24119,730
6431,24776,1250
6432,25609,1890
6433,25530,1830
6434,25176,1560
6435,27904,3550
6436,27150,3020
6437,24866,1320
6438,24521,1050
6439,24776,1250
6440,24320,890
6441,24649,1150
6442,25372,1710
6443,24207,800
6444,25662,1930
6445,26104,2260
6446,24725,1210
6447,26389,2470
6448,25862,2080
6449,23921,570
6450,23528,250
6451,23871,530
6452,26498,2550
6453,28768,4140
6454,23711,400
6455,25346,1690
6456,23933,580
6457,24458,1000
6458,24045,670
6459,24776,1250
6460,26334,2430
6461,24057,680
6462,24661,1160
6463,24408,960
6464,25596,1880
6465,24509,1040
6466,23773,450
6467,24572,1090
6468,24969,1400
6469,25229,1600
6470,25399,1730
6471,25047,1460
6472,34064,7410
6473,24471,1010
6474,24119,730
6475,25809,2040
6476,25060,1470
6477,25060,1470
6478,26746,2730
6479,23614,320
6480,25215,1590
6481,23711,400
6482,24585,1100
6483,23760,440
6484,24879,1330
6485,23773,450
6486,24357,920
6487,24007,640
6488,26608,2630
6489,24458,1000
6490,25359,1700
6491,25557,1850
6492,24509,1040
6493,27304,3130
6494,26212,2340
6495,25596,1880
6496,23662,360
6497,24332,900
6498,26117,2270
6499,27846,3510
6500,26732,2720
6501,27990,3610
6502,23250,20
6503,25189,1570
6504,25281,1640
6505,26912,2850
6506,24207,800
6507,25294,1650
6508,24332,900
6509,26077,2240
6510,25464,1780
6511,26498,2550
6512,24257,840
6513,24789,1260
6514,23226,0
6515,24982,1410
6516,24483,1020
6517,25399,1730
6518,27760,3450
6519,26375,2460
6520,26416,2490
6521,26266,2380
6522,23785,460
6523,24446,990
6524,23785,460
6525,25543,1840
6526,24982,1410
6527,25385,1720
6528,24995,1420
6529,25689,1950
6530,24282,860
6531,23958,600
6532,26037,2210
6533,24332,900
6534,24395,950
6535,28872,4210
6536,24700,1190
6537,25215,1590
6538,26023,2200
6539,23626,330
6540,23383,130
6541,25425,1750
6542,24420,970
6543,23226,0
6544,33110,6860
6545,24269,850
6546,23995,630
6547,23626,330
6548,24995,1420
6549,27136,3010
6550,24357,920
6551,26649,2660
6552,24144,750
6553,23859,520
6554,24069,690
6555,24598,1110
6556,24674,1170
6557,24509,1040
6558,24294,870
6559,24282,860
6560,24020,650
6561,23443,180
6562,24345,910
6563,29612,4700
6564,25504,1810
6565,24560,1080
6566,24610,1120
6567,23540,260
6568,24572,1090
6569,28590,4020
6570,24585,1100
6571,23335,90
6572,24547,1070
6573,24433,980
6574,27403,3200
6575,26996,2910
6576,24420,970
6577,24995,1420
6578,29384,4550
6579,24700,1190
6580,25570,1860
6581,24534,1060
6582,30403,5210
6583,24094,710
6584,25359,1700
6585,23614,320
6586,24995,1420
6587,26512,2560
6588,24789,1260
6589,24521,1050
6590,28678,4080
6591,23896,550
6592,24332,900
6593,24433,980
6594,24840,1300
6595,24045,670
6596,24866,1320
6597,23286,50
6598,23565,280
6599,24144,750
6600,24471,1010
6601,24433,980
6602,24282,860
6603,25809,2040
6604,23286,50
6605,24840,1300
6606,24395,950
6607,23650,350
6608,24307,880
6609,24509,1040
6610,25557,1850
6611,24712,1200
6612,23662,360
6613,25229,1600
6614,26375,2460
6615,25333,1680
6616,25085,1490
6617,26010,2190
6618,26512,2560
6619,23626,330
6620,23896,550
6621,24725,1210
6622,23504,230
6623,24995,1420
6624,25255,1620
6625,25956,2150
6626,24345,910
6627,25530,1830
6628,23822,490
6629,26077,2240
6630,24094,710
6631,24395,950
6632,25137,1530
6633,26954,2880
6634,25795,2030
6635,24828,1290
6636,26898,2840
6637,23298,60
6638,23995,630
6639,28048,3650
6640,23871,530
6641,28034,3640
6642,24982,1410
6643,27517,3280
6644,24007,640
6645,24496,1030
6646,23908,560
6647,24207,800
6648,24471,1010
6649,24082,700
6650,25137,1530
6651,25425,1750
6652,24320,890
6653,24094,710
6654,25163,1550
6655,24751,1230
6656,24840,1300
6657,23553,270
6658,25902,2110
6659,24892,1340
6660,30091,5010
6661,25849,2070
6662,23589,300
6663,25504,1810
6664,24751,1230
6665,26010,2190
6666,23226,0
6667,24458,1000
6668,24521,1050
6669,25189,1570
6670,24045,670
6671,26239,2360
6672,23662,360
6673,25021,1440
6674,24995,1420
6675,23834,500
6676,24357,920
6677,27517,3280
6678,26471,2530
6679,27717,3420
6680,23797,470
6681,24045,670
6682,24282,860
6683,24458,1000
6684,26077,2240
6685,26996,2910
6686,24828,1290
6687,26870,2820
6688,24840,1300
6689,26718,2710
6690,23601,310
6691,24282,860
6692,25124,1520
6693,23970,610
6694,26815,2780
6695,25021,1440
6696,25034,1450
6697,28947,4260
6698,27080,2970
6699,23983,620
6700,25385,1720
6701,23736,420
6702,25795,2030
6703,23995,630
6704,27290,3120
6705,24840,1300
6706,23614,320
6707,25636,1910
6708,24094,710
6709,24244,830
6710,23834,500
6711,23896,550
6712,24057,680
6713,24307,880
6714,24007,640
6715,24182,780
6716,23638,340
6717,24547,1070
6718,25649,1920
6719,23638,340
6720,24307,880
6721,27024,2930
6722,23650,350
6723,24700,1190
6724,24157,760
6725,23896,550
6726,25137,1530
6727,23675,370
6728,23638,340
6729,24712,1200
6730,27248,3090
6731,23577,290
6732,23614,320
6733,24345,910
6734,26077,2240
6735,25504,1810
6736,25570,1860
6737,25320,1670
6738,23504,230
6739,23565,280
6740,24069,690
6741,23908,560
6742,24182,780
6743,23785,460
6744,24995,1420
6745,23322,80
6746,24547,1070
6747,24866,1320
6748,27990,3610
6749,24789,1260
6750,23675,370
6751,24082,700
6752,24763,1240
6753,23958,600
6754,23687,380
6755,25359,1700
6756,23347,100
6757,25983,2170
6758,25163,1550
6759,25504,1810
6760,25438,1760
6761,24345,910
6762,27234,3080
6763,24560,1080
6764,24370,930
6765,24534,1060
6766,24232,820
6767,24107,720
6768,24446,990
6769,25085,1490
6770,24521,1050
6771,23675,370
6772,24157,760
6773,24534,1060
6774,24007,640
6775,24395,950
6776,24661,1160
6777,24892,1340
6778,24219,810
6779,24687,1180
6780,23896,550
6781,27545,3300
6782,23945,590
6783,23834,500
6784,23614,320
6785,25021,1440
6786,24982,1410
6787,24866,1320
6788,24045,670
6789,23553,270
6790,25623,1900
6791,23871,530
6792,24776,1250
6793,23908,560
6794,25530,1830
6795,28501,3960
6796,24446,990
6797,29172,4410
6798,26226,2350
6799,24763,1240
6800,26704,2700
6801,29368,4540
6802,23785,460
6803,26773,2750
6804,24905,1350
6805,26843,2800
6806,25060,1470
6807,23626,330
6808,24892,1340
6809,23748,430
6810,24107,720
6811,24219,810
6812,26870,2820
6813,23443,180
6814,24420,970
6815,25809,2040
6816,24020,650
6817,26484,2540
6818,25346,1690
6819,23859,520
6820,24157,760
6821,25189,1570
6822,26402,2480
6823,23748,430
6824,24269,850
6825,24082,700
6826,25504,1810
6827,24521,1050
6828,25755,2000
6829,24674,1170
6830,24307,880
6831,25662,1930
6832,24623,1130
6833,24674,1170
6834,23983,620
6835,24547,1070
6836,24700,1190
6837,24776,1250
6838,24320,890
6839,24182,780
6840,25320,1670
6841,24357,920
6842,24879,1330
6843,23638,340
6844,26982,2900
6845,24107,720
6846,24700,1190
6847,24815,1280
6848,24738,1220
6849,23395,140
6850,27545,3300
6851,26732,2720
6852,23455,190
6853,23933,580
6854,24547,1070
6855,25268,1630
6856,25346,1690
6857,24082,700
6858,23810,480
6859,23859,520
6860,24194,790
6861,23995,630
6862,24649,1150
6863,23884,540
6864,24144,750
6865,24802,1270
6866,24995,1420
6867,24107,720
6868,24107,720
6869,23614,320
6870,24521,1050
6871,27889,3540
6872,24853,1310
6873,25085,1490
6874,23921,570
6875,27631,3360
6876,24534,1060
6877,25782,2020
6878,25609,1890
6879,25333,1680
6880,23748,430
6881,24433,980
6882,25189,1570
6883,23492,220
6884,25372,1710
6885,23419,160
6886,23810,480
6887,24483,1020
6888,23614,320
6889,24433,980
6890,23871,530
6891,25189,1570
6892,27108,2990
6893,23724,410
6894,23834,500
6895,24194,790
6896,24320,890
6897,26594,2620
6898,25596,1880
6899,25729,1980
6900,24712,1200
6901,25557,1850
6902,24045,670
6903,24094,710
6904,23847,510
6905,25163,1550
6906,23736,420
6907,24789,1260
6908,26982,2900
6909,27731,3430
6910,25111,1510
6911,23395,140
6912,26732,2720
6913,24207,800
6914,24232,820
6915,23443,180
6916,23492,220
6917,26023,2200
6918,24408,960
6919,25835,2060
6920,23736,420
6921,24032,660
6922,25359,1700
6923,24661,1160
6924,27150,3020
6925,24433,980
6926,24866,1320
6927,23896,550
6928,24674,1170
6929,23871,530
6930,24458,1000
6931,23250,20
6932,24458,1000
6933,24866,1320
6934,27122,3000
6935,23711,400
6936,23699,390
6937,24446,990
6938,25215,1590
6939,26843,2800
6940,28932,4250
6941,25716,1970
6942,28753,4130
6943,26484,2540
6944,27066,2960
6945,25996,2180
6946,24509,1040
6947,24610,1120
6948,25255,1620
6949,24094,710
6950,25464,1780
6951,23933,580
6952,26512,2560
6953,25359,1700
6954,23896,550
6955,25412,1740
6956,23528,250
6957,23958,600
6958,23347,100
6959,24395,950
6960,25281,1640
6961,24107,720
6962,24969,1400
6963,26635,2650
6964,23419,160
6965,24345,910
6966,25176,1560
6967,25543,1840
6968,24687,1180
6969,26037,2210
6970,24144,750
6971,27150,3020
6972,24069,690
6973,24572,1090
6974,24119,730
6975,25202,1580
6976,25849,2070
6977,23310,70
6978,24433,980
6979,23834,500
6980,24471,1010
6981,23565,280
6982,25969,2160
6983,24219,810
6984,24930,1370
6985,26954,2880
6986,24982,1410
6987,24119,730
6988,24269,850
6989,24815,1280
6990,26857,2810
6991,24282,860
6992,23250,20
6993,25215,1590
6994,25956,2150
6995,24207,800
6996,25425,1750
6997,24420,970
6998,25835,2060
6999,24132,740
7000,24332,900
7001,25956,2150
7002,23983,620
7003,25385,1720
7004,28442,3920
7005,24446,990
7006,23834,500
7007,25782,2020
7008,25021,1440
7009,23896,550
7010,24395,950
7011,24282,860
7012,25517,1820
7013,23785,460
7014,31900,6140
7015,23553,270
7016,25399,1730
7017,23884,540
7018,25229,1600
7019,23359,110
7020,24446,990
7021,26293,2400
7022,25822,2050
7023,27262,3100
7024,24483,1020
7025,25034,1450
7026,23298,60
7027,26857,2810
7028,25822,2050
7029,24132,740
7030,26484,2540
7031,24712,1200
7032,26746,2730
7033,25451,1770
7034,23675,370
7035,23908,560
7036,25229,1600
7037,24585,1100
7038,24712,1200
7039,24057,680
7040,25255,1620
7041,25464,1780
7042,24458,1000
7043,24094,710
7044,24879,1330
7045,27333,3150
7046,23884,540
7047,23871,530
7048,33540,7110
7049,23983,620
7050,24789,1260
7051,24969,1400
7052,23995,630
7053,28019,3630
7054,24395,950
7055,23859,520
7056,24282,860
7057,24866,1320
7058,26954,2880
7059,27674,3390
7060,24182,780
7061,25021,1440
7062,26649,2660
7063,28991,4290
7064,24712,1200
7065,24345,910
7066,24982,1410
7067,23395,140
7068,25215,1590
7069,24345,910
7070,27717,3420
7071,23933,580
7072,24866,1320
7073,26212,2340
7074,24420,970
7075,23785,460
7076,24069,690
7077,27038,2940
7078,24370,930
7079,25034,1450
7080,25098,1500
7081,23748,430
7082,23847,510
7083,24207,800
7084,25425,1750
7085,24776,1250
7086,26732,2720
7087,23847,510
7088,23577,290
7089,25047,1460
7090,23540,260
7091,23834,500
7092,23553,270
7093,24370,930
7094,26063,2230
7095,24509,1040
7096,25425,1750
7097,26746,2730
7098,23711,400
7099,25809,2040
7100,23847,510
7101,25111,1510
7102,25464,1780
7103,26635,2650
7104,25202,1580
7105,24244,830
7106,23298,60
7107,25782,2020
7108,23896,550
7109,24712,1200
7110,23711,400
7111,24020,650
7112,23871,530
7113,24244,830
7114,25849,2070
7115,33041,6820
7116,23933,580
7117,24623,1130
7118,25124,1520
7119,24032,660
7120,27403,3200
7121,23995,630
7122,25189,1570
7123,27066,2960
7124,25438,1760
7125,26498,2550
7126,25702,1960
7127,24521,1050
7128,24219,810
7129,25557,1850
7130,25742,1990
7131,23589,300
7132,25822,2050
7133,23675,370
7134,23711,400
7135,24458,1000
7136,25676,1940
7137,23699,390
7138,24345,910
7139,27803,3480
7140,24433,980
7141,23699,390
7142,24763,1240
7143,24712,1200
7144,25215,1590
7145,24610,1120
7146,25085,1490
7147,24269,850
7148,24207,800
7149,24879,1330
7150,25491,1800
7151,23347,100
7152,27574,3320
7153,23675,370
7154,25649,1920
7155,25124,1520
7156,23371,120
7157,24332,900
7158,23383,130
7159,26023,2200
7160,25085,1490
7161,25557,1850
7162,24649,1150
7163,23785,460
7164,23748,430
7165,24107,720
7166,25034,1450
7167,25163,1550
7168,24332,900
7169,23407,150
7170,29505,4630
7171,23553,270
7172,23785,460
7173,23884,540
7174,25689,1950
7175,27731,3430
7176,26293,2400
7177,24712,1200
7178,33454,7060
7179,25438,1760
7180,23540,260
7181,25583,1870
7182,25530,1830
7183,29036,4320
7184,23516,240
7185,23347,100
7186,24751,1230
7187,24738,1220
7188,24918,1360
7189,24649,1150
7190,25782,2020
7191,23748,430
7192,23601,310
7193,24382,940
7194,24700,1190
7195,26158,2300
7196,24943,1380
7197,24483,1020
7198,27875,3530
7199,24700,1190
7200,23614,320
7201,24082,700
7202,24282,860
7203,25372,1710
7204,26158,2300
7205,23675,370
7206,24815,1280
7207,26498,2550
7208,24943,1380
7209,30153,5050
7210,23785,460
7211,26104,2260
7212,23773,450
7213,24879,1330
7214,24623,1130
7215,25969,2160
7216,28413,3900
7217,25242,1610
7218,23748,430
7219,24866,1320
7220,24892,1340
7221,24007,640
7222,24144,750
7223,23687,380
7224,23945,590
7225,26185,2320
7226,24776,1250
7227,26334,2430
7228,24144,750
7229,23908,560
7230,24007,640
7231,28354,3860
7232,23785,460
7233,23773,450
7234,24332,900
7235,24282,860
7236,26539,2580
7237,24370,930
7238,27220,3070
7239,25438,1760
7240,28442,3920
7241,24446,990
7242,24370,930
7243,24969,1400
7244,26307,2410
7245,25557,1850
7246,24244,830
7247,24547,1070
7248,24157,760
7249,23589,300
7250,24496,1030
7251,24687,1180
7252,23921,570
7253,25399,1730
7254,25649,1920
7255,24408,960
7256,25477,1790
7257,25983,2170
7258,24282,860
7259,24244,830
7260,24232,820
7261,23395,140
7262,25346,1690
7263,24789,1260
7264,23933,580
7265,23601,310
7266,23921,570
7267,29843,4850
7268,23908,560
7269,24119,730
7270,24269,850
7271,23958,600
7272,26815,2780
7273,26457,2520
7274,23711,400
7275,26239,2360
7276,25163,1550
7277,23286,50
7278,26023,2200
7279,26104,2260
7280,24560,1080
7281,25307,1660
7282,24969,1400
7283,28842,4190
7284,24194,790
7285,25649,1920
7286,25047,1460
7287,24032,660
7288,25742,1990
7289,25137,1530
7290,24879,1330
7291,25983,2170
7292,24560,1080
7293,23958,600
7294,24269,850
7295,26158,2300
7296,23638,340
7297,23983,620
7298,23395,140
7299,24547,1070
7300,24132,740
7301,24458,1000
7302,24610,1120
7303,26512,2560
7304,23614,320
7305,24521,1050
7306,23662,360
7307,23871,530
7308,24687,1180
7309,23933,580
7310,24119,730
7311,24712,1200
7312,23970,610
7313,23711,400
7314,25504,1810
7315,25242,1610
7316,23748,430
7317,23797,470
7318,24446,990
7319,24144,750
7320,23250,20
7321,23810,480
7322,23748,430
7323,27774,3460
7324,26815,2780
7325,24866,1320
7326,25583,1870
7327,24420,970
7328,24892,1340
7329,24636,1140
7330,28164,3730
7331,26608,2630
7332,23601,310
7333,24649,1150
7334,25583,1870
7335,29278,4480
7336,25636,1910
7337,24132,740
7338,23945,590
7339,24892,1340
7340,23626,330
7341,25189,1570
7342,23638,340
7343,24219,810
7344,25098,1500
7345,26280,2390
7346,23859,520
7347,24244,830
7348,24294,870
7349,23468,200
7350,24345,910
7351,25202,1580
7352,23262,30
7353,24332,900
7354,25583,1870
7355,23516,240
7356,24712,1200
7357,25385,1720
7358,26226,2350
7359,26402,2480
7360,23650,350
7361,24257,840
7362,23908,560
7363,26512,2560
7364,23528,250
7365,24169,770
7366,24020,650
7367,25294,1650
7368,23419,160
7369,26954,2880
7370,25636,1910
7371,24534,1060
7372,23638,340
7373,24471,1010
7374,23310,70
7375,24585,1100
7376,25073,1480
7377,24853,1310
7378,23995,630
7379,23347,100
7380,24345,910
7381,24320,890
7382,24866,1320
7383,24132,740
7384,25412,1740
7385,27206,3060
7386,23516,240
7387,25689,1950
7388,23335,90
7389,25729,1980
7390,26375,2460
7391,25636,1910
7392,23884,540
7393,26553,2590
7394,23871,530
7395,26567,2600
7396,24219,810
7397,24057,680
7398,23504,230
7399,24395,950
7400,25073,1480
7401,25849,2070
7402,24598,1110
7403,23995,630
7404,28325,3840
7405,24408,960
7406,24194,790
7407,24119,730
7408,27731,3430
7409,24395,950
7410,23884,540
7411,24169,770
7412,23274,40
7413,23995,630
7414,25464,1780
7415,24007,640
7416,28005,3620
7417,23970,610
7418,25795,2030
7419,23455,190
7420,23896,550
7421,24094,710
7422,23785,460
7423,23773,450
7424,24157,760
7425,31022,5600
7426,24032,660
7427,24395,950
7428,24020,650
7429,24995,1420
7430,24420,970
7431,27403,3200
7432,24802,1270
7433,27094,2980
7434,24032,660
7435,23773,450
7436,25504,1810
7437,25073,1480
7438,26131,2280
7439,23958,600
7440,24082,700
7441,24661,1160
7442,30878,5510
7443,25333,1680
7444,25570,1860
7445,27702,3410
7446,25583,1870
7447,24623,1130
7448,24294,870
7449,24433,980
7450,24496,1030
7451,23419,160
7452,26144,2290
7453,23650,350
7454,27918,3560
7455,26968,2890
7456,24408,960
7457,23711,400
7458,24182,780
7459,24194,790
7460,25570,1860
7461,23896,550
7462,24032,660
7463,24956,1390
7464,25517,1820
7465,24370,930
7466,24905,1350
7467,28976,4280
7468,23995,630
7469,23687,380
7470,25346,1690
7471,24020,650
7472,23431,170
7473,29920,4900
7474,25098,1500
7475,23748,430
7476,24674,1170
7477,24751,1230
7478,24357,920
7479,25176,1560
7480,24232,820
7481,25111,1510
7482,24815,1280
7483,24307,880
7484,23785,460
7485,27361,3170
7486,24905,1350
7487,23995,630
7488,24918,1360
7489,24560,1080
7490,25530,1830
7491,25150,1540
7492,24956,1390
7493,23945,590
7494,23626,330
7495,23614,320
7496,23540,260
7497,25320,1670
7498,24610,1120
7499,29566,4670
7500,23847,510
7501,24712,1200
7502,24751,1230
7503,23958,600
7504,26253,2370
7505,23711,400
7506,26512,2560
7507,23834,500
7508,24789,1260
7509,23797,470
7510,24572,1090
7511,26321,2420
7512,24623,1130
7513,26226,2350
7514,23480,210
7515,24207,800
7516,25060,1470
7517,25782,2020
7518,23662,360
7519,24082,700
7520,24082,700
7521,26158,2300
7522,27178,3040
7523,24649,1150
7524,28135,3710
7525,23760,440
7526,24433,980
7527,24471,1010
7528,24269,850
7529,24905,1350
7530,23896,550
7531,25098,1500
7532,24892,1340
7533,24560,1080
7534,24560,1080
7535,24332,900
7536,24094,710
7537,23371,120
7538,24828,1290
7539,25268,1630
7540,29368,4540
7541,23785,460
7542,23614,320
7543,25034,1450
7544,26843,2800
7545,24420,970
7546,25929,2130
7547,25943,2140
7548,23492,220
7549,23455,190
7550,23797,470
7551,23785,460
7552,26239,2360
7553,25333,1680
7554,24956,1390
7555,24357,920
7556,23908,560
7557,24598,1110
7558,25346,1690
7559,24763,1240
7560,23871,530
7561,24294,870
7562,25943,2140
7563,24320,890
7564,24918,1360
7565,24738,1220
7566,26635,2650
7567,24057,680
7568,24345,910
7569,23238,10
7570,23687,380
7571,26131,2280
7572,26321,2420
7573,25755,2000
7574,26484,2540
7575,23760,440
7576,23785,460
7577,24712,1200
7578,23921,570
7579,24182,780
7580,24032,660
7581,23748,430
7582,26050,2220
7583,23614,320
7584,26512,2560
7585,25557,1850
7586,26732,2720
7587,25294,1650
7588,23983,620
7589,25809,2040
7590,25320,1670
7591,24636,1140
7592,26912,2850
7593,23847,510
7594,23565,280
7595,24207,800
7596,23958,600
7597,24057,680
7598,23760,440
7599,24585,1100
7600,23589,300
7601,24169,770
7602,23553,270
7603,24094,710
7604,24509,1040
7605,24244,830
7606,26023,2200
7607,24357,920
7608,29429,4580
7609,25008,1430
7610,23773,450
7611,24395,950
7612,23908,560
7613,23945,590
7614,23908,560
7615,25943,2140
7616,23760,440
7617,24144,750
7618,25464,1780
7619,25729,1980
7620,25623,1900
7621,24751,1230
7622,25333,1680
7623,23601,310
7624,25229,1600
7625,23773,450
7626,30435,5230
7627,26321,2420
7628,23884,540
7629,23871,530
7630,24107,720
7631,29951,4920
7632,26158,2300
7633,24738,1220
7634,24534,1060
7635,27220,3070
7636,23908,560
7637,24045,670
7638,23347,100
7639,24712,1200
7640,25189,1570
7641,23540,260
7642,23970,610
7643,23983,620
7644,25662,1930
7645,24320,890
7646,23859,520
7647,24560,1080
7648,24547,1070
7649,24521,1050
7650,23298,60
7651,26037,2210
7652,24320,890
7653,23896,550
7654,25425,1750
7655,25034,1450
7656,23871,530
7657,23359,110
7658,27276,3110
7659,25835,2060
7660,24879,1330
7661,24395,950
7662,27347,3160
7663,23736,420
7664,24725,1210
7665,24094,710
7666,23785,460
7667,23553,270
7668,28442,3920
7669,23748,430
7670,27080,2970
7671,23347,100
7672,23371,120
7673,32786,6670
7674,24789,1260
7675,26594,2620
7676,25307,1660
7677,24776,1250
7678,24930,1370
7679,23995,630
7680,25742,1990
7681,25491,1800
7682,25333,1680
7683,23650,350
7684,25596,1880
7685,23995,630
7686,25464,1780
7687,24269,850
7688,23933,580
7689,23810,480
7690,24547,1070
7691,23371,120
7692,23431,170
7693,24674,1170
7694,27602,3340
7695,23908,560
7696,24918,1360
7697,24094,710
7698,25702,1960
7699,24169,770
7700,25412,1740
7701,23896,550
7702,25543,1840
7703,26457,2520
7704,26104,2260
7705,26857,2810
7706,23516,240
7707,25085,1490
7708,24320,890
7709,23443,180
7710,25085,1490
7711,23468,200
7712,26158,2300
7713,24471,1010
7714,23383,130
7715,26773,2750
7716,23419,160
7717,24082,700
7718,26037,2210
7719,25215,1590
7720,23958,600
7721,24738,1220
7722,25517,1820
7723,23626,330
7724,25150,1540
7725,26926,2860
7726,24725,1210
7727,23443,180
7728,25716,1970
7729,24007,640
7730,23847,510
7731,24521,1050
7732,24725,1210
7733,24687,1180
7734,24069,690
7735,23335,90
7736,24572,1090
7737,23492,220
7738,24446,990
7739,24802,1270
7740,25150,1540
7741,25202,1580
7742,24483,1020
7743,23395,140
7744,29006,4300
7745,24763,1240
7746,24007,640
7747,23760,440
7748,24219,810
7749,24943,1380
7750,25477,1790
7751,31752,6050
7752,24585,1100
7753,23945,590
7754,24687,1180
7755,26732,2720
7756,24458,1000
7757,23760,440
7758,27717,3420
7759,24483,1020
7760,25124,1520
7761,25163,1550
7762,24370,930
7763,24194,790
7764,26226,2350
7765,23662,360
7766,25596,1880
7767,25229,1600
7768,24636,1140
7769,23540,260
7770,24458,1000
7771,24982,1410
7772,24269,850
7773,24521,1050
7774,27432,3220
7775,29097,4360
7776,24094,710
7777,23785,460
7778,25491,1800
7779,23528,250
7780,23675,370
7781,24207,800
7782,25111,1510
7783,24057,680
7784,25451,1770
7785,26185,2320
7786,24674,1170
7787,24382,940
7788,23736,420
7789,24257,840
7790,25189,1570
7791,25451,1770
7792,26090,2250
7793,23871,530
7794,23983,620
7795,24840,1300
7796,26293,2400
7797,24144,750
7798,25835,2060
7799,24547,1070
7800,24320,890
7801,24169,770
7802,24107,720
7803,26787,2760
7804,23736,420
7805,25242,1610
7806,26746,2730
7807,24918,1360
7808,24119,730
7809,27574,3320
7810,23773,450
7811,24232,820
7812,24560,1080
7813,23468,200
7814,24307,880
7815,24244,830
7816,24458,1000
7817,26773,2750
7818,23933,580
7819,23565,280
7820,24892,1340
7821,27617,3350
7822,28223,3770
7823,24132,740
7824,25809,2040
7825,24332,900
7826,24560,1080
7827,26253,2370
7828,29262,4470
7829,24776,1250
7830,24433,980
7831,24840,1300
7832,24725,1210
7833,23933,580
7834,24534,1060
7835,24057,680
7836,24244,830
7837,25596,1880
7838,25047,1460
7839,23443,180
7840,27760,3450
7841,25085,1490
7842,24892,1340
7843,24294,870
7844,28649,4060
7845,25021,1440
7846,24585,1100
7847,25333,1680
7848,26063,2230
7849,24207,800
7850,24521,1050
7851,24157,760
7852,23687,380
7853,24483,1020
7854,26023,2200
7855,23847,510
7856,26635,2650
7857,23443,180
7858,25477,1790
7859,23921,570
7860,25862,2080
7861,24700,1190
7862,24687,1180
7863,24282,860
7864,24943,1380
7865,24802,1270
7866,23921,570
7867,24521,1050
7868,24194,790
7869,23650,350
7870,24623,1130
7871,26498,2550
7872,23822,490
7873,25085,1490
7874,25835,2060
7875,24458,1000
7876,25294,1650
7877,27588,3330
7878,25543,1840
7879,24257,840
7880,25359,1700
7881,27617,3350
7882,24751,1230
7883,28575,4010
7884,23504,230
7885,23822,490
7886,23516,240
7887,23736,420
7888,24169,770
7889,24623,1130
7890,24207,800
7891,23614,320
7892,26239,2360
7893,24585,1100
7894,24840,1300
7895,24840,1300
7896,25477,1790
7897,24069,690
7898,25702,1960
7899,23687,380
7900,25636,1910
7901,23504,230
7902,25073,1480
7903,24057,680
7904,24534,1060
7905,24534,1060
7906,24182,780
7907,23958,600
7908,24408,960
7909,23250,20
7910,24382,940
7911,24560,1080
7912,23540,260
7913,26553,2590
7914,23395,140
7915,23797,470
7916,26926,2860
7917,25008,1430
7918,23468,200
7919,24918,1360
7920,24244,830
7921,24094,710
7922,24282,860
7923,24776,1250
7924,28398,3890
7925,23565,280
7926,27846,3510
7927,23601,310
7928,23335,90
7929,23995,630
7930,26787,2760
7931,25034,1450
7932,25372,1710
7933,24649,1150
7934,23455,190
7935,27347,3160
7936,28106,3690
7937,25034,1450
7938,24194,790
7939,24458,1000
7940,23650,350
7941,23834,500
7942,25543,1840
7943,24905,1350
7944,26090,2250
7945,23958,600
7946,23310,70
7947,30106,5020
7948,25889,2100
7949,23760,440
7950,23310,70
7951,24320,890
7952,24560,1080
7953,23748,430
7954,23711,400
7955,23711,400
7956,23871,530
7957,24547,1070
7958,24219,810
7959,26512,2560
7960,25346,1690
7961,23359,110
7962,23638,340
7963,24244,830
7964,25242,1610
7965,23274,40
7966,24879,1330
7967,24496,1030
7968,26940,2870
7969,23958,600
7970,24674,1170
7971,23687,380
7972,25307,1660
7973,25504,1810
7974,25570,1860
7975,23540,260
7976,24219,810
7977,24446,990
7978,24840,1300
7979,26077,2240
7980,23896,550
7981,23834,500
7982,24905,1350
7983,24182,780
7984,24982,1410
7985,26050,2220
7986,25333,1680
7987,23443,180
7988,23871,530
7989,24815,1280
7990,24649,1150
7991,26104,2260
7992,23995,630
7993,30751,5430
7994,25504,1810
7995,26567,2600
7996,24751,1230
7997,24144,750
7998,26280,2390
7999,26912,2850
8000,26870,2820
8001,24307,880
8002,23687,380
8003,25876,2090
8004,24007,640
8005,25557,1850
8006,24045,670
8007,25530,1830
8008,25943,2140
8009,29612,4700
8010,24370,930
8011,24294,870
8012,23516,240
8013,24007,640
8014,26226,2350
8015,24751,1230
8016,24132,740
8017,26010,2190
8018,23859,520
8019,24560,1080
8020,28782,4150
8021,23958,600
8022,25782,2020
8023,23736,420
8024,23822,490
8025,24969,1400
8026,24802,1270
8027,25372,1710
8028,26334,2430
8029,23359,110
8030,25623,1900
8031,24956,1390
8032,25294,1650
8033,25716,1970
8034,24995,1420
8035,24219,810
8036,23896,550
8037,25517,1820
8038,25662,1930
8039,23945,590
8040,26077,2240
8041,23516,240
8042,23859,520
8043,24776,1250
8044,23834,500
8045,24370,930
8046,26307,2410
8047,25124,1520
8048,23847,510
8049,26307,2410
8050,24471,1010
8051,24094,710
8052,23565,280
8053,25557,1850
8054,23601,310
8055,23785,460
8056,26649,2660
8057,24107,720
8058,24712,1200
8059,25034,1450
8060,25385,1720
8061,25822,2050
8062,24345,910
8063,23286,50
8064,26010,2190
8065,24119,730
8066,25956,2150
8067,25835,2060
8068,23310,70
8069,25176,1560
8070,23553,270
8071,24649,1150
8072,27545,3300
8073,25281,1640
8074,26677,2680
8075,23797,470
8076,25849,2070
8077,23958,600
8078,26334,2430
8079,24853,1310
8080,24995,1420
8081,24982,1410
8082,24509,1040
8083,23614,320
8084,26117,2270
8085,23638,340
8086,24828,1290
8087,24496,1030
8088,24408,960
8089,25689,1950
8090,24446,990
8091,24712,1200
8092,23699,390
8093,25124,1520
8094,25543,1840
8095,24598,1110
8096,23773,450
8097,26226,2350
8098,25242,1610
8099,25702,1960
8100,25255,1620
8101,24572,1090
8102,24082,700
8103,24020,650
8104,24207,800
8105,23589,300
8106,25320,1670
8107,25916,2120
8108,25491,1800
8109,24433,980
8110,24674,1170
8111,26010,2190
8112,23958,600
8113,23589,300
8114,23958,600
8115,24969,1400
8116,23662,360
8117,25662,1930
8118,25596,1880
8119,23528,250
8120,24007,640
8121,24132,740
8122,24119,730
8123,23711,400
8124,26117,2270
8125,24892,1340
8126,26801,2770
8127,24725,1210
8128,24194,790
8129,29720,4770
8130,24776,1250
8131,25491,1800
8132,23675,370
8133,26077,2240
8134,25649,1920
8135,26348,2440
8136,24370,930
8137,24840,1300
8138,24738,1220
8139,24712,1200
8140,25649,1920
8141,25809,2040
8142,23347,100
8143,25385,1720
8144,24598,1110
8145,24007,640
8146,24789,1260
8147,24802,1270
8148,23983,620
8149,25281,1640
8150,24712,1200
8151,25742,1990
8152,24471,1010
8153,23958,600
8154,26539,2580
8155,27094,2980
8156,25649,1920
8157,26037,2210
8158,23958,600
8159,24032,660
8160,24458,1000
8161,25996,2180
8162,25281,1640
8163,23871,530
8164,24969,1400
8165,23748,430
8166,23834,500
8167,23650,350
8168,23958,600
8169,24069,690
8170,26443,2510
8171,23785,460
8172,25504,1810
8173,24892,1340
8174,23614,320
8175,27489,3260
8176,25969,2160
8177,25583,1870
8178,23908,560
8179,23528,250
8180,24332,900
8181,26307,2410
8182,29006,4300
8183,23650,350
8184,24815,1280
8185,25294,1650
8186,28797,4160
8187,23859,520
8188,27220,3070
8189,23347,100
8190,24712,1200
8191,23516,240
8192,35429,8170
8193,24661,1160
8194,24776,1250
8195,25943,2140
8196,24776,1250
8197,25742,1990
8198,24789,1260
8199,24636,1140
8200,24840,1300
8201,23528,250
8202,28634,4050
8203,24943,1380
8204,25464,1780
8205,23250,20
8206,23407,150
8207,24738,1220
8208,23983,620
8209,25202,1580
8210,24207,800
8211,23995,630
8212,24207,800
8213,24433,980
8214,26580,2610
8215,25929,2130
8216,24357,920
8217,24069,690
8218,24674,1170
8219,24879,1330
8220,25294,1650
8221,26199,2330
8222,25385,1720
8223,25583,1870
8224,24853,1310
8225,24433,980
8226,23395,140
8227,29036,4320
8228,24866,1320
8229,24763,1240
8230,24496,1030
8231,25412,1740
8232,23995,630
8233,25111,1510
8234,25889,2100
8235,25073,1480
8236,23662,360
8237,24471,1010
8238,25623,1900
8239,24853,1310
8240,24534,1060
8241,27066,2960
8242,24357,920
8243,23298,60
8244,24257,840
8245,24094,710
8246,25320,1670
8247,24232,820
8248,27319,3140
8249,24892,1340
8250,27403,3200
8251,26594,2620
8252,23675,370
8253,24219,810
8254,31167,5690
8255,26063,2230
8256,25755,2000
8257,25543,1840
8258,23226,0
8259,26857,2810
8260,24269,850
8261,25729,1980
8262,25215,1590
8263,23262,30
8264,24751,1230
8265,23492,220
8266,26348,2440
8267,23492,220
8268,32432,6460
8269,25060,1470
8270,24332,900
8271,28872,4210
8272,23516,240
8273,25242,1610
8274,24244,830
8275,24700,1190
8276,26063,2230
8277,23540,260
8278,25385,1720
8279,25623,1900
8280,25372,1710
8281,25491,1800
8282,24182,780
8283,24244,830
8284,24458,1000
8285,25477,1790
8286,23419,160
8287,25124,1520
8288,23298,60
8289,24332,900
8290,23797,470
8291,23371,120
8292,24879,1330
8293,25835,2060
8294,25491,1800
8295,25543,1840
8296,25060,1470
8297,23834,500
8298,23760,440
8299,25916,2120
8300,25111,1510
8301,25359,1700
8302,27403,3200
8303,24763,1240
8304,24194,790
8305,25320,1670
8306,24433,980
8307,23589,300
8308,27192,3050
8309,25202,1580
8310,23347,100
8311,25583,1870
8312,24995,1420
8313,23724,410
8314,24853,1310
8315,30815,5470
8316,24509,1040
8317,28398,3890
8318,24471,1010
8319,29293,4490
8320,28738,4120
8321,25163,1550
8322,24057,680
8323,23958,600
8324,25229,1600
8325,23528,250
8326,27731,3430
8327,24483,1020
8328,24119,730
8329,27375,3180
8330,25822,2050
8331,25609,1890
8332,24332,900
8333,27108,2990
8334,24207,800
8335,24572,1090
8336,25242,1610
8337,27432,3220
8338,25876,2090
8339,30356,5180
8340,26760,2740
8341,24182,780
8342,24244,830
8343,25596,1880
8344,23455,190
8345,28457,3930
8346,24776,1250
8347,25451,1770
8348,24345,910
8349,23298,60
8350,24069,690
8351,26226,2350
8352,24610,1120
8353,27024,2930
8354,24020,650
8355,24828,1290
8356,25255,1620
8357,26334,2430
8358,26829,2790
8359,24119,730
8360,26553,2590
8361,24182,780
8362,24918,1360
8363,24969,1400
8364,24674,1170
8365,26843,2800
8366,27304,3130
8367,28384,3880
8368,24853,1310
8369,24032,660
8370,27248,3090
8371,28281,3810
8372,23335,90
8373,23970,610
8374,25889,2100
8375,26010,2190
8376,24674,1170
8377,24534,1060
8378,25047,1460
8379,24943,1380
8380,27220,3070
8381,24534,1060
8382,25570,1860
8383,25176,1560
8384,25464,1780
8385,23945,590
8386,26090,2250
8387,23407,150
8388,25729,1980
8389,24232,820
8390,24918,1360
8391,24712,1200
8392,24815,1280
8393,23834,500
8394,24815,1280
8395,23687,380
8396,24408,960
8397,24789,1260
8398,25676,1940
8399,25662,1930
8400,26293,2400
8401,24357,920
8402,23871,530
8403,24107,720
8404,24969,1400
8405,24382,940
8406,24219,810
8407,24408,960
8408,24905,1350
8409,24879,1330
8410,26185,2320
8411,25676,1940
8412,26746,2730
8413,24853,1310
8414,24687,1180
8415,23589,300
8416,24269,850
8417,28560,4000
8418,26787,2760
8419,24408,960
8420,25596,1880
8421,26185,2320
8422,23933,580
8423,24169,770
8424,25996,2180
8425,25320,1670
8426,23504,230
8427,24007,640
8428,29582,4680
8429,23711,400
8430,24332,900
8431,24269,850
8432,25137,1530
8433,24207,800
8434,24257,840
8435,29536,4650
8436,24069,690
8437,23322,80
8438,23834,500
8439,26402,2480
8440,24623,1130
8441,23699,390
8442,24636,1140
8443,28310,3830
8444,25438,1760
8445,23443,180
8446,27418,3210
8447,24776,1250
8448,24572,1090
8449,24471,1010
8450,23687,380
8451,25229,1600
8452,23577,290
8453,23431,170
8454,25124,1520
8455,24751,1230
8456,25294,1650
8457,23504,230
8458,24943,1380
8459,23638,340
8460,24598,1110
8461,25716,1970
8462,23589,300
8463,25359,1700
8464,24712,1200
8465,24598,1110
8466,23286,50
8467,25425,1750
8468,23626,330
8469,24345,910
8470,26402,2480
8471,24045,670
8472,24969,1400
8473,25996,2180
8474,24840,1300
8475,23859,520
8476,27220,3070
8477,25060,1470
8478,23650,350
8479,25229,1600
8480,25320,1670
8481,24433,980
8482,24674,1170
8483,26226,2350
8484,26512,2560
8485,23871,530
8486,24020,650
8487,25189,1570
8488,23871,530
8489,28063,3660
8490,26649,2660
8491,24107,720
8492,23431,170
8493,27875,3530
8494,31022,5600
8495,24471,1010
8496,25517,1820
8497,23565,280
8498,25438,1760
8499,25073,1480
8500,25320,1670
8501,24282,860
8502,27192,3050
8503,24232,820
8504,23468,200
8505,25716,1970
8506,26334,2430
8507,26732,2720
8508,25649,1920
8509,26050,2220
8510,23577,290
8511,24132,740
8512,25689,1950
8513,26553,2590
8514,26898,2840
8515,23589,300
8516,24020,650
8517,31006,5590
8518,25202,1580
8519,25307,1660
8520,25543,1840
8521,24840,1300
8522,24738,1220
8523,23662,360
8524,23859,520
8525,24007,640
8526,24082,700
8527,24144,750
8528,28106,3690
8529,24107,720
8530,24918,1360
8531,24282,860
8532,27474,3250
8533,27545,3300
8534,25822,2050
8535,23822,490
8536,25517,1820
8537,25596,1880
8538,23748,430
8539,24157,760
8540,23528,250
8541,23443,180
8542,24943,1380
8543,23834,500
8544,23359,110
8545,24496,1030
8546,24687,1180
8547,23711,400
8548,24572,1090
8549,23443,180
8550,23748,430
8551,23748,430
8552,24483,1020
8553,23565,280
8554,25333,1680
8555,24802,1270
8556,26829,2790
8557,26226,2350
8558,30878,5510
8559,25215,1590
8560,26954,2880
8561,25583,1870
8562,24244,830
8563,24420,970
8564,26226,2350
8565,25557,1850
8566,24420,970
8567,24905,1350
8568,23322,80
8569,23443,180
8570,25215,1590
8571,25189,1570
8572,27990,3610
8573,23443,180
8574,23711,400
8575,23797,470
8576,26512,2560
8577,26457,2520
8578,24408,960
8579,25047,1460
8580,24069,690
8581,23724,410
8582,25163,1550
8583,24433,980
8584,29490,4620
8585,23226,0
8586,23896,550
8587,23371,120
8588,25996,2180
8589,26746,2730
8590,24094,710
8591,24982,1410
8592,24905,1350
8593,24107,720
8594,24107,720
8595,24840,1300
8596,24969,1400
8597,25769,2010
8598,24007,640
8599,23995,630
8600,25929,2130
8601,27276,3110
8602,24269,850
8603,25755,2000
8604,23504,230
8605,25849,2070
8606,24307,880
8607,23724,410
8608,24956,1390
8609,27947,3580
8610,26760,2740
8611,23884,540
8612,24119,730
8613,23810,480
8614,23995,630
8615,24700,1190
8616,27276,3110
8617,23626,330
8618,23468,200
8619,25782,2020
8620,25399,1730
8621,24219,810
8622,24598,1110
8623,23797,470
8624,24738,1220
8625,24069,690
8626,26171,2310
8627,28501,3960
8628,24598,1110
8629,26104,2260
8630,24496,1030
8631,23736,420
8632,25543,1840
8633,25176,1560
8634,23638,340
8635,23589,300
8636,23443,180
8637,23675,370
8638,25034,1450
8639,25021,1440
8640,24232,820
8641,27617,3350
8642,24132,740
8643,23286,50
8644,23970,610
8645,27262,3100
8646,31103,5650
8647,31785,6070
8648,23945,590
8649,23810,480
8650,24420,970
8651,23822,490
8652,23395,140
8653,23286,50
8654,24956,1390
8655,26266,2380
8656,24982,1410
8657,24032,660
8658,23589,300
8659,26843,2800
8660,27024,2930
8661,24623,1130
8662,25320,1670
8663,24357,920
8664,23589,300
8665,24687,1180
8666,23736,420
8667,24382,940
8668,24182,780
8669,25150,1540
8670,23748,430
8671,24700,1190
8672,25876,2090
8673,23970,610
8674,24332,900
8675,24082,700
8676,26815,2780
8677,28857,4200
8678,25085,1490
8679,23455,190
8680,25255,1620
8681,25956,2150
8682,24320,890
8683,25268,1630
8684,27024,2930
8685,23638,340
8686,24995,1420
8687,25333,1680
8688,23773,450
8689,24408,960
8690,27150,3020
8691,24182,780
8692,25849,2070
8693,23748,430
8694,23675,370
8695,23553,270
8696,30656,5370
8697,23871,530
8698,26185,2320
8699,24282,860
8700,24496,1030
8701,24458,1000
8702,25956,2150
8703,25983,2170
8704,23983,620
8705,24370,930
8706,27164,3030
8707,26567,2600
8708,24119,730
8709,24687,1180
8710,26773,2750
8711,23773,450
8712,24828,1290
8713,23468,200
8714,30075,5000
8715,24420,970
8716,24738,1220
8717,27136,3010
8718,25596,1880
8719,26171,2310
8720,25956,2150
8721,25047,1460
8722,28664,4070
8723,26815,2780
8724,24007,640
8725,25320,1670
8726,25491,1800
8727,25372,1710
8728,24207,800
8729,23359,110
8730,24674,1170
8731,25047,1460
8732,24157,760
8733,24020,650
8734,24547,1070
8735,24132,740
8736,23748,430
8737,23565,280
8738,25034,1450
8739,27517,3280
8740,23785,460
8741,26226,2350
8742,26416,2490
8743,24032,660
8744,26732,2720
8745,25333,1680
8746,24866,1320
8747,24232,820
8748,27745,3440
8749,26389,2470
8750,23773,450
8751,26293,2400
8752,24244,830
8753,23528,250
8754,23884,540
8755,24207,800
8756,24585,1100
8757,24294,870
8758,24840,1300
8759,25229,1600
8760,24802,1270
8761,23896,550
8762,26760,2740
8763,25412,1740
8764,23884,540
8765,25399,1730
8766,25769,2010
8767,25491,1800
8768,23995,630
8769,25346,1690
8770,25176,1560
8771,24257,840
8772,24674,1170
8773,23995,630
8774,23383,130
8775,25889,2100
8776,26293,2400
8777,25385,1720
8778,24144,750
8779,26898,2840
8780,25163,1550
8781,25281,1640
8782,24282,860
8783,23238,10
8784,23995,630
8785,23921,570
8786,23480,210
8787,25268,1630
8788,25307,1660
8789,23834,500
8790,25111,1510
8791,25451,1770
8792,25795,2030
8793,24032,660
8794,24357,920
8795,25189,1570
8796,28664,4070
8797,23921,570
8798,23468,200
8799,26293,2400
8800,24521,1050
8801,25477,1790
8802,24763,1240
8803,23298,60
8804,25189,1570
8805,24357,920
8806,23797,470
8807,24119,730
8808,26037,2210
8809,23322,80
8810,23958,600
8811,26293,2400
8812,25530,1830
8813,25702,1960
8814,25822,2050
8815,24840,1300
8816,24119,730
8817,26307,2410
8818,23626,330
8819,25111,1510
8820,23650,350
8821,23859,520
8822,24119,730
8823,23322,80
8824,26037,2210
8825,25202,1580
8826,25021,1440
8827,24420,970
8828,25399,1730
8829,29781,4810
8830,24534,1060
8831,25716,1970
8832,25702,1960
8833,25689,1950
8834,24725,1210
8835,25609,1890
8836,26131,2280
8837,24610,1120
8838,24930,1370
8839,24725,1210
8840,31999,6200
8841,24433,980
8842,24107,720
8843,25281,1640
8844,25098,1500
8845,26471,2530
8846,26185,2320
8847,25333,1680
8848,23699,390
8849,24408,960
8850,23638,340
8851,25702,1960
8852,23958,600
8853,25281,1640
8854,25769,2010
8855,26226,2350
8856,23933,580
8857,24057,680
8858,26954,2880
8859,25530,1830
8860,26430,2500
8861,23262,30
8862,23711,400
8863,23773,450
8864,24905,1350
8865,26718,2710
8866,24738,1220
8867,25372,1710
8868,25943,2140
8869,27731,3430
8870,25596,1880
8871,24082,700
8872,24382,940
8873,23286,50
8874,24082,700
8875,24107,720
8876,24623,1130
8877,24623,1130
8878,23896,550
8879,25596,1880
8880,25346,1690
8881,25137,1530
8882,26677,2680
8883,23884,540
8884,25729,1980
8885,25098,1500
8886,25189,1570
8887,24119,730
8888,27560,3310
8889,24433,980
8890,23884,540
8891,24879,1330
8892,25359,1700
8893,24930,1370
8894,24471,1010
8895,24496,1030
8896,24879,1330
8897,24294,870
8898,24815,1280
8899,23359,110
8900,24332,900
8901,27947,3580
8902,27304,3130
8903,26829,2790
8904,24194,790
8905,26010,2190
8906,26362,2450
8907,24132,740
8908,24082,700
8909,26293,2400
8910,24853,1310
8911,26199,2330
8912,24408,960
8913,24712,1200
8914,24207,800
8915,27432,3220
8916,24521,1050
8917,25281,1640
8918,23383,130
8919,25111,1510
8920,25073,1480
8921,24879,1330
8922,25822,2050
8923,23504,230
8924,25047,1460
8925,25517,1820
8926,25176,1560
8927,26457,2520
8928,24471,1010
8929,24244,830
8930,26239,2360
8931,24905,1350
8932,24995,1420
8933,24157,760
8934,24345,910
8935,24471,1010
8936,25504,1810
8937,24521,1050
8938,24687,1180
8939,27788,3470
8940,25782,2020
8941,26389,2470
8942,27066,2960
8943,27660,3380
8944,23933,580
8945,23431,170
8946,23958,600
8947,23834,500
8948,25504,1810
8949,23298,60
8950,23884,540
8951,28384,3880
8952,25755,2000
8953,25676,1940
8954,25451,1770
8955,25098,1500
8956,23687,380
8957,25862,2080
8958,23601,310
8959,25889,2100
8960,26553,2590
8961,26090,2250
8962,25359,1700
8963,24687,1180
8964,25372,1710
8965,25902,2110
8966,23724,410
8967,26077,2240
8968,24610,1120
8969,24521,1050
8970,23871,530
8971,27745,3440
8972,25307,1660
8973,24094,710
8974,24357,920
8975,26829,2790
8976,24446,990
8977,26580,2610
8978,26199,2330
8979,23921,570
8980,25517,1820
8981,24483,1020
8982,25916,2120
8983,23310,70
8984,24244,830
8985,25215,1590
8986,25876,2090
8987,24382,940
8988,23286,50
8989,25716,1970
8990,24725,1210
8991,23810,480
8992,24751,1230
8993,23933,580
8994,26307,2410
8995,25530,1830
8996,24032,660
8997,24585,1100
8998,23492,220
8999,23958,600
9000,24232,820
9001,24943,1380
9002,26063,2230
9003,30325,5160
9004,25822,2050
9005,23286,50
9006,23516,240
9007,24776,1250
9008,27418,3210
9009,24789,1260
9010,23970,610
9011,24930,1370
9012,24840,1300
9013,26416,2490
9014,23896,550
9015,24345,910
9016,23371,120
9017,24032,660
9018,24332,900
9019,27024,2930
9020,26484,2540
9021,23810,480
9022,24357,920
9023,24207,800
9024,24560,1080
9025,26050,2220
9026,24082,700
9027,23662,360
9028,23322,80
9029,24144,750
9030,24082,700
9031,26732,2720
9032,23480,210
9033,25385,1720
9034,24395,950
9035,25504,1810
9036,23650,350
9037,24687,1180
9038,25729,1980
9039,23834,500
9040,25425,1750
9041,24433,980
9042,25399,1730
9043,23675,370
9044,24320,890
9045,25268,1630
9046,23810,480
9047,25822,2050
9048,28857,4200
9049,24069,690
9050,28310,3830
9051,24802,1270
9052,27304,3130
9053,26266,2380
9054,24332,900
9055,24433,980
9056,24382,940
9057,23431,170
9058,23419,160
9059,23797,470
9060,25596,1880
9061,25215,1590
9062,23995,630
9063,24082,700
9064,23528,250
9065,26857,2810
9066,24057,680
9067,24408,960
9068,24471,1010
9069,25649,1920
9070,23995,630
9071,26050,2220
9072,27262,3100
9073,26117,2270
9074,23859,520
9075,26321,2420
9076,24294,870
9077,24169,770
9078,24956,1390
9079,28590,4020
9080,24712,1200
9081,24521,1050
9082,26704,2700
9083,25412,1740
9084,28252,3790
9085,23773,450
9086,24623,1130
9087,24649,1150
9088,27517,3280
9089,25150,1540
9090,25969,2160
9091,24269,850
9092,23970,610
9093,23773,450
9094,23359,110
9095,24232,820
9096,23371,120
9097,24107,720
9098,23687,380
9099,26023,2200
9100,23589,300
9101,23933,580
9102,25557,1850
9103,28092,3680
9104,27432,3220
9105,26471,2530
9106,25782,2020
9107,24069,690
9108,24207,800
9109,25676,1940
9110,24020,650
9111,23601,310
9112,24144,750
9113,24687,1180
9114,27192,3050
9115,24269,850
9116,24585,1100
9117,25399,1730
9118,24020,650
9119,27010,2920
9120,24572,1090
9121,24496,1030
9122,24169,770
9123,25623,1900
9124,23995,630
9125,25491,1800
9126,23601,310
9127,25464,1780
9128,25425,1750
9129,27038,2940
9130,23662,360
9131,24776,1250
9132,25543,1840
9133,23298,60
9134,27276,3110
9135,24433,980
9136,25491,1800
9137,23760,440
9138,27574,3320
9139,24132,740
9140,23322,80
9141,25176,1560
9142,23407,150
9143,23335,90
9144,25333,1680
9145,23908,560
9146,29157,4400
9147,23884,540
9148,23810,480
9149,24132,740
9150,24789,1260
9151,24207,800
9152,24572,1090
9153,24232,820
9154,26718,2710
9155,25916,2120
9156,25876,2090
9157,24585,1100
9158,23995,630
9159,24802,1270
9160,26457,2520
9161,24307,880
9162,24610,1120
9163,23785,460
9164,24930,1370
9165,24182,780
9166,23516,240
9167,23383,130
9168,24257,840
9169,27150,3020
9170,23736,420
9171,26498,2550
9172,27094,2980
9173,24496,1030
9174,26171,2310
9175,23797,470
9176,24892,1340
9177,25676,1940
9178,23468,200
9179,25307,1660
9180,23970,610
9181,23565,280
9182,26375,2460
9183,25451,1770
9184,24219,810
9185,24521,1050
9186,23662,360
9187,31038,5610
9188,24408,960
9189,24269,850
9190,25504,1810
9191,24598,1110
9192,25425,1750
9193,24483,1020
9194,24943,1380
9195,25464,1780
9196,24560,1080
9197,25034,1450
9198,25425,1750
9199,27080,2970
9200,25412,1740
9201,23589,300
9202,29612,4700
9203,25137,1530
9204,23480,210
9205,25202,1580
9206,24534,1060
9207,25623,1900
9208,23553,270
9209,28947,4260
9210,23970,610
9211,28457,3930
9212,24357,920
9213,27389,3190
9214,23638,340
9215,27904,3550
9216,23589,300
9217,24182,780
9218,23810,480
9219,25060,1470
9220,25073,1480
9221,26801,2770
9222,24700,1190
9223,24282,860
9224,24408,960
9225,25111,1510
9226,26158,2300
9227,24496,1030
9228,25583,1870
9229,24069,690
9230,24560,1080
9231,25268,1630
9232,24763,1240
9233,24232,820
9234,24776,1250
9235,23310,70
9236,24712,1200
9237,25742,1990
9238,26293,2400
9239,25268,1630
9240,23371,120
9241,26050,2220
9242,24458,1000
9243,23970,610
9244,24649,1150
9245,24232,820
9246,25795,2030
9247,24244,830
9248,26104,2260
9249,24649,1150
9250,24345,910
9251,25676,1940
9252,24610,1120
9253,26253,2370
9254,28325,3840
9255,25662,1930
9256,24069,690
9257,24207,800
9258,23921,570
9259,24395,950
9260,26594,2620
9261,24207,800
9262,25255,1620
9263,23760,440
9264,32232,6340
9265,23589,300
9266,23871,530
9267,24433,980
9268,23504,230
9269,23226,0
9270,27602,3340
9271,24763,1240
9272,24244,830
9273,26760,2740
9274,25425,1750
9275,24119,730
9276,24853,1310
9277,25098,1500
9278,23528,250
9279,24007,640
9280,27860,3520
9281,24357,920
9282,24598,1110
9283,23785,460
9284,23383,130
9285,24045,670
9286,24307,880
9287,25320,1670
9288,24345,910
9289,26104,2260
9290,25294,1650
9291,30075,5000
9292,24232,820
9293,24094,710
9294,23626,330
9295,26649,2660
9296,24144,750
9297,24094,710
9298,24207,800
9299,24282,860
9300,23724,410
9301,25346,1690
9302,24649,1150
9303,25034,1450
9304,24585,1100
9305,24521,1050
9306,24471,1010
9307,25229,1600
9308,24420,970
9309,26050,2220
9310,26539,2580
9311,23589,300
9312,23785,460
9313,25782,2020
9314,25385,1720
9315,24094,710
9316,25676,1940
9317,23748,430
9318,23274,40
9319,25623,1900
9320,23626,330
9321,26375,2460
9322,24007,640
9323,25623,1900
9324,24930,1370
9325,24995,1420
9326,23383,130
9327,24307,880
9328,25268,1630
9329,24144,750
9330,24294,870
9331,25189,1570
9332,24169,770
9333,25596,1880
9334,24357,920
9335,23516,240
9336,25889,2100
9337,25034,1450
9338,24082,700
9339,24496,1030
9340,24408,960
9341,31900,6140
9342,23468,200
9343,27904,3550
9344,24483,1020
9345,28768,4140
9346,27560,3310
9347,24332,900
9348,23711,400
9349,24057,680
9350,24763,1240
9351,24408,960
9352,26348,2440
9353,23383,130
9354,23847,510
9355,24132,740
9356,23724,410
9357,28019,3630
9358,23785,460
9359,24094,710
9360,23736,420
9361,23760,440
9362,24194,790
9363,23748,430
9364,23504,230
9365,25021,1440
9366,23614,320
9367,23711,400
9368,25320,1670
9369,24032,660
9370,24119,730
9371,27976,3600
9372,25662,1930
9373,24751,1230
9374,25189,1570
9375,23871,530
9376,25008,1430
9377,23601,310
9378,24032,660
9379,24982,1410
9380,23298,60
9381,24995,1420
9382,24007,640
9383,23773,450
9384,24370,930
9385,23383,130
9386,24776,1250
9387,25098,1500
9388,24815,1280
9389,25189,1570
9390,26144,2290
9391,24623,1130
9392,25504,1810
9393,23921,570
9394,27206,3060
9395,24687,1180
9396,25835,2060
9397,25242,1610
9398,25060,1470
9399,24610,1120
9400,27702,3410
9401,26553,2590
9402,24521,1050
9403,26090,2250
9404,37540,9290
9405,24307,880
9406,25385,1720
9407,23933,580
9408,25202,1580
9409,23983,620
9410,24395,950
9411,27192,3050
9412,24458,1000
9413,24057,680
9414,23810,480
9415,25822,2050
9416,26829,2790
9417,27947,3580
9418,24789,1260
9419,24471,1010
9420,24433,980
9421,24032,660
9422,24879,1330
9423,23785,460
9424,23822,490
9425,23504,230
9426,25623,1900
9427,25098,1500
9428,27588,3330
9429,26498,2550
9430,26954,2880
9431,23540,260
9432,24483,1020
9433,25782,2020
9434,24020,650
9435,25517,1820
9436,24282,860
9437,25320,1670
9438,24395,950
9439,23945,590
9440,24395,950
9441,25229,1600
9442,24395,950
9443,24572,1090
9444,26239,2360
9445,25477,1790
9446,25008,1430
9447,24598,1110
9448,23822,490
9449,23601,310
9450,24045,670
9451,24610,1120
9452,23736,420
9453,27290,3120
9454,24257,840
9455,23945,590
9456,24132,740
9457,23589,300
9458,26567,2600
9459,23589,300
9460,25929,2130
9461,24345,910
9462,26926,2860
9463,23958,600
9464,25008,1430
9465,26348,2440
9466,23650,350
9467,24119,730
9468,23638,340
9469,24572,1090
9470,24082,700
9471,24585,1100
9472,24712,1200
9473,24207,800
9474,28887,4220
9475,25202,1580
9476,24320,890
9477,27220,3070
9478,24483,1020
9479,23834,500
9480,25189,1570
9481,24892,1340
9482,24269,850
9483,25557,1850
9484,26090,2250
9485,24918,1360
9486,24119,730
9487,24674,1170
9488,25163,1550
9489,24446,990
9490,24560,1080
9491,24045,670
9492,23711,400
9493,25769,2010
9494,24521,1050
9495,23871,530
9496,25008,1430
9497,25320,1670
9498,24169,770
9499,25320,1670
9500,24483,1020
9501,24107,720
9502,25425,1750
9503,24382,940
9504,23859,520
9505,24169,770
9506,24585,1100
9507,25742,1990
9508,25425,1750
9509,24585,1100
9510,25137,1530
9511,24496,1030
9512,25008,1430
9513,24636,1140
9514,23286,50
9515,24057,680
9516,25281,1640
9517,25073,1480
9518,27122,3000
9519,26104,2260
9520,24892,1340
9521,25862,2080
9522,25916,2120
9523,26010,2190
9524,24169,770
9525,25517,1820
9526,26512,2560
9527,23773,450
9528,23736,420
9529,23995,630
9530,24332,900
9531,26104,2260
9532,24420,970
9533,25242,1610
9534,25929,2130
9535,24725,1210
9536,25399,1730
9537,23419,160
9538,24623,1130
9539,25451,1770
9540,23687,380
9541,24789,1260
9542,23871,530
9543,25412,1740
9544,26266,2380
9545,26773,2750
9546,24815,1280
9547,24307,880
9548,23908,560
9549,25557,1850
9550,23577,290
9551,24610,1120
9552,25294,1650
9553,26104,2260
9554,29704,4760
9555,25822,2050
9556,26677,2680
9557,27976,3600
9558,24892,1340
9559,23687,380
9560,25504,1810
9561,24509,1040
9562,26212,2340
9563,23250,20
9564,25359,1700
9565,25176,1560
9566,26484,2540
9567,25098,1500
9568,25862,2080
9569,23871,530
9570,24320,890
9571,23810,480
9572,23322,80
9573,31572,5940
9574,23711,400
9575,24725,1210
9576,25795,2030
9577,23859,520
9578,23773,450
9579,23921,570
9580,23516,240
9581,25755,2000
9582,23785,460
9583,25649,1920
9584,25202,1580
9585,24585,1100
9586,33976,7360
9587,26801,2770
9588,26293,2400
9589,25399,1730
9590,24943,1380
9591,24194,790
9592,24776,1250
9593,23711,400
9594,25150,1540
9595,25649,1920
9596,24320,890
9597,26171,2310
9598,25609,1890
9599,24649,1150
9600,23958,600
9601,24458,1000
9602,24094,710
9603,25085,1490
9604,25137,1530
9605,23983,620
9606,24119,730
9607,25124,1520
9608,26293,2400
9609,23908,560
9610,24232,820
9611,25956,2150
9612,24610,1120
9613,25623,1900
9614,23958,600
9615,24879,1330
9616,27489,3260
9617,26732,2720
9618,26158,2300
9619,23859,520
9620,25346,1690
9621,25451,1770
9622,27545,3300
9623,25943,2140
9624,27460,3240
9625,24244,830
9626,23589,300
9627,25385,1720
9628,27774,3460
9629,28664,4070
9630,23626,330
9631,28121,3700
9632,24802,1270
9633,25189,1570
9634,26815,2780
9635,24585,1100
9636,24763,1240
9637,25294,1650
9638,23724,410
9639,23760,440
9640,26430,2500
9641,30388,5200
9642,23528,250
9643,25176,1560
9644,24307,880
9645,24194,790
9646,25477,1790
9647,28457,3930
9648,23419,160
9649,24879,1330
9650,24572,1090
9651,25517,1820
9652,24232,820
9653,23908,560
9654,28902,4230
9655,25333,1680
9656,24257,840
9657,24433,980
9658,25333,1680
9659,25294,1650
9660,26594,2620
9661,24866,1320
9662,23724,410
9663,23407,150
9664,25150,1540
9665,23687,380
9666,23675,370
9667,26635,2650
9668,25073,1480
9669,25242,1610
9670,27474,3250
9671,24094,710
9672,23995,630
9673,24082,700
9674,23908,560
9675,24943,1380
9676,24560,1080
9677,23908,560
9678,24132,740
9679,24107,720
9680,24232,820
9681,24408,960
9682,26037,2210
9683,25835,2060
9684,26471,2530
9685,23822,490
9686,25862,2080
9687,25609,1890
9688,25320,1670
9689,25491,1800
9690,24094,710
9691,24866,1320
9692,23480,210
9693,25008,1430
9694,23601,310
9695,26010,2190
9696,23650,350
9697,24182,780
9698,25021,1440
9699,26457,2520
9700,23492,220
9701,23359,110
9702,24357,920
9703,23884,540
9704,30262,5120
9705,26649,2660
9706,25491,1800
9707,24700,1190
9708,26594,2620
9709,23528,250
9710,23748,430
9711,23528,250
9712,25215,1590
9713,24382,940
9714,25755,2000
9715,24382,940
9716,27489,3260
9717,32016,6210
9718,23553,270
9719,23492,220
9720,24661,1160
9721,25255,1620
9722,24700,1190
9723,25530,1830
9724,24119,730
9725,29858,4860
9726,24866,1320
9727,24357,920
9728,25047,1460
9729,23859,520
9730,24918,1360
9731,28917,4240
9732,27688,3400
9733,24815,1280
9734,24700,1190
9735,25795,2030
9736,25268,1630
9737,24320,890
9738,27617,3350
9739,23675,370
9740,23516,240
9741,24892,1340
9742,27234,3080
9743,25623,1900
9744,23675,370
9745,23504,230
9746,24057,680
9747,25596,1880
9748,24534,1060
9749,25822,2050
9750,25596,1880
9751,24269,850
9752,25008,1430
9753,26553,2590
9754,23822,490
9755,23995,630
9756,24045,670
9757,24738,1220
9758,23983,620
9759,25060,1470
9760,23650,350
9761,26870,2820
9762,26512,2560
9763,24182,780
9764,23662,360
9765,23407,150
9766,27192,3050
9767,24995,1420
9768,23286,50
9769,23810,480
9770,26954,2880
9771,24956,1390
9772,24674,1170
9773,25242,1610
9774,24610,1120
9775,24815,1280
9776,23724,410
9777,24649,1150
9778,23773,450
9779,25412,1740
9780,24585,1100
9781,25782,2020
9782,23736,420
9783,27588,3330
9784,24789,1260
9785,24169,770
9786,24853,1310
9787,25281,1640
9788,24585,1100
9789,24789,1260
9790,23945,590
9791,24194,790
9792,23945,590
9793,26704,2700
9794,26104,2260
9795,24069,690
9796,25399,1730
9797,24194,790
9798,23699,390
9799,26498,2550
9800,23859,520
9801,24269,850
9802,24840,1300
9803,27503,3270
9804,24738,1220
9805,24382,940
9806,23504,230
9807,26239,2360
9808,25150,1540
9809,23250,20
9810,23662,360
9811,23395,140
9812,24207,800
9813,24982,1410
9814,27389,3190
9815,25008,1430
9816,26348,2440
9817,24032,660
9818,24712,1200
9819,23565,280
9820,24610,1120
9821,23614,320
9822,25969,2160
9823,23310,70
9824,25085,1490
9825,23958,600
9826,26063,2230
9827,23577,290
9828,24094,710
9829,26212,2340
9830,23601,310
9831,23675,370
9832,26801,2770
9833,25085,1490
9834,24294,870
9835,28048,3650
9836,23995,630
9837,23492,220
9838,23921,570
9839,24763,1240
9840,24307,880
9841,24320,890
9842,28281,3810
9843,24725,1210
9844,24918,1360
9845,23395,140
9846,24623,1130
9847,25729,1980
9848,24207,800
9849,25795,2030
9850,24725,1210
9851,25425,1750
9852,23797,470
9853,24483,1020
9854,24132,740
9855,24119,730
9856,23834,500
9857,24649,1150
9858,24420,970
9859,27234,3080
9860,23626,330
9861,27460,3240
9862,23226,0
9863,27319,3140
9864,24082,700
9865,23431,170
9866,23699,390
9867,24738,1220
9868,24157,760
9869,26077,2240
9870,23983,620
9871,26539,2580
9872,26829,2790
9873,28005,3620
9874,23310,70
9875,25662,1930
9876,23724,410
9877,24509,1040
9878,24370,930
9879,24496,1030
9880,24094,710
9881,23711,400
9882,27304,3130
9883,23504,230
9884,25464,1780
9885,26375,2460
9886,24194,790
9887,24572,1090
9888,23250,20
9889,30719,5410
9890,24157,760
9891,26362,2450
9892,23760,440
9893,23711,400
9894,24082,700
9895,25255,1620
9896,24182,780
9897,24458,1000
9898,23601,310
9899,25889,2100
9900,25346,1690
9901,23834,500
9902,23601,310
9903,24853,1310
9904,25876,2090
9905,26023,2200
9906,26131,2280
9907,24194,790
9908,29475,4610
9909,23797,470
9910,25795,2030
9911,26375,2460
9912,24471,1010
9913,26443,2510
9914,26063,2230
9915,23810,480
9916,25294,1650
9917,23896,550
9918,23226,0
9919,23945,590
9920,25769,2010
9921,24828,1290
9922,23896,550
9923,24930,1370
9924,26815,2780
9925,25530,1830
9926,24956,1390
9927,24007,640
9928,25385,1720
9929,25008,1430
9930,31119,5660
9931,23250,20
9932,25689,1950
9933,23871,530
9934,24244,830
9935,23933,580
9936,24483,1020
9937,24320,890
9938,25021,1440
9939,24395,950
9940,24157,760
9941,23773,450
9942,23699,390
9943,24282,860
9944,25124,1520
9945,29097,4360
9946,24144,750
9947,24956,1390
9948,25702,1960
9949,25176,1560
9950,24107,720
9951,24995,1420
9952,25359,1700
9953,23822,490
9954,25956,2150
9955,26498,2550
9956,24069,690
9957,23516,240
9958,24560,1080
9959,25769,2010
9960,26430,2500
9961,25073,1480
9962,24700,1190
9963,24282,860
9964,25517,1820
9965,24649,1150
9966,24082,700
9967,25111,1510
9968,25649,1920
9969,23958,600
9970,26375,2460
9971,25202,1580
9972,25372,1710
9973,23553,270
9974,23626,330
9975,23504,230
9976,25491,1800
9977,24157,760
9978,23970,610
9979,23262,30
9980,24320,890
9981,24007,640
9982,24700,1190
9983,24294,870
9984,24169,770
9985,25451,1770
9986,23995,630
9987,25047,1460
9988,24828,1290
9989,23626,330
9990,24598,1110
9991,24943,1380
9992,23468,200
9993,23995,630
9994,24307,880
9995,24144,750
9996,24257,840
9997,23310,70
9998,27192,3050
9999,26677,2680
10000,24219,810
10001,23711,400
10002,24969,1400
10003,24420,970
10004,27961,3590
10005,24169,770
10006,24547,1070
10007,23933,580
10008,24879,1330
10009,23908,560
10010,26982,2900
10011,23760,440
10012,24182,780
10013,24598,1110
10014,28457,3930
10015,25281,1640
10016,25517,1820
10017,24357,920
10018,24332,900
10019,24471,1010
10020,25294,1650
10021,24918,1360
10022,27976,3600
10023,30608,5340
10024,23958,600
10025,24700,1190
10026,24738,1220
10027,27432,3220
10028,24357,920
10029,24094,710
10030,23797,470
10031,27432,3220
10032,24157,760
10033,26010,2190
10034,25229,1600
10035,24661,1160
10036,28048,3650
10037,24623,1130
10038,25047,1460
10039,24661,1160
10040,23970,610
10041,23675,370
10042,24207,800
10043,25517,1820
10044,27094,2980
10045,26884,2830
10046,23528,250
10047,23286,50
10048,23310,70
10049,24420,970
10050,23383,130
10051,26239,2360
10052,23274,40
10053,24547,1070
10054,23601,310
10055,24610,1120
10056,23724,410
10057,24918,1360
10058,24020,650
10059,23504,230
10060,23995,630
10061,26348,2440
10062,24332,900
10063,24433,980
10064,27617,3350
10065,27645,3370
10066,24509,1040
10067,23589,300
10068,25742,1990
10069,25073,1480
10070,25034,1450
10071,25662,1930
10072,24157,760
10073,26063,2230
10074,23983,620
10075,24045,670
10076,24420,970
10077,23589,300
10078,24144,750
10079,23958,600
10080,29036,4320
10081,23626,330
10082,25202,1580
10083,24244,830
10084,26321,2420
10085,24169,770
10086,24828,1290
10087,25755,2000
10088,26884,2830
10089,24815,1280
10090,26594,2620
10091,24458,1000
10092,24157,760
10093,24853,1310
10094,23250,20
10095,24194,790
10096,24057,680
10097,23238,10
10098,26498,2550
10099,24119,730
10100,25124,1520
10101,24408,960
10102,24094,710
10103,24572,1090
10104,27052,2950
10105,23347,100
10106,27192,3050
10107,24345,910
10108,28281,3810
10109,26266,2380
10110,25596,1880
10111,25163,1550
10112,24219,810
10113,25916,2120
10114,24082,700
10115,25662,1930
10116,24357,920
10117,24623,1130
10118,25425,1750
10119,24918,1360
10120,24815,1280
10121,25835,2060
10122,26402,2480
10123,25570,1860
10124,23859,520
10125,23540,260
10126,27688,3400
10127,25609,1890
10128,23983,620
10129,23822,490
10130,24194,790
10131,26023,2200
10132,25229,1600
10133,24496,1030
10134,23970,610
10135,26580,2610
10136,25281,1640
10137,23468,200
10138,23711,400
10139,25372,1710
10140,25137,1530
10141,24232,820
10142,23226,0
10143,23675,370
10144,24853,1310
10145,25596,1880
10146,27503,3270
10147,23565,280
10148,24789,1260
10149,24751,1230
10150,24521,1050
10151,24560,1080
10152,24776,1250
10153,23822,490
10154,25609,1890
10155,25557,1850
10156,25163,1550
10157,23504,230
10158,24032,660
10159,27474,3250
10160,23834,500
10161,23736,420
10162,24802,1270
10163,23773,450
10164,24661,1160
10165,25320,1670
10166,25702,1960
10167,25073,1480
10168,23371,120
10169,24815,1280
10170,25008,1430
10171,24194,790
10172,26457,2520
10173,24995,1420
10174,24282,860
10175,24395,950
10176,26212,2340
10177,24282,860
10178,23834,500
10179,23810,480
10180,26131,2280
10181,23847,510
10182,25649,1920
10183,27290,3120
10184,24232,820
10185,25320,1670
10186,25047,1460
10187,24408,960
10188,24738,1220
10189,25530,1830
10190,23589,300
10191,26677,2680
10192,25849,2070
10193,24547,1070
10194,26512,2560
10195,24207,800
10196,23834,500
10197,23822,490
10198,24905,1350
10199,23662,360
10200,25649,1920
10201,24207,800
10202,23933,580
10203,25346,1690
10204,25716,1970
10205,24879,1330
10206,24496,1030
10207,24918,1360
10208,23650,350
10209,25385,1720
10210,23626,330
10211,24969,1400
10212,24119,730
10213,24661,1160
10214,24930,1370
10215,23675,370
10216,24433,980
10217,24853,1310
10218,24866,1320
10219,24144,750
10220,24918,1360
10221,23601,310
10222,23958,600
10223,24776,1250
10224,24294,870
10225,25702,1960
10226,25176,1560
10227,23675,370
10228,25320,1670
10229,23516,240
10230,26884,2830
10231,23443,180
10232,23884,540
10233,24534,1060
10234,24082,700
10235,24879,1330
10236,28005,3620
10237,24420,970
10238,24232,820
10239,24598,1110
10240,24892,1340
10241,25676,1940
10242,23711,400
10243,23896,550
10244,26954,2880
10245,23359,110
10246,23565,280
10247,24674,1170
10248,23238,10
10249,24057,680
10250,24446,990
10251,24853,1310
10252,26077,2240
10253,24219,810
10254,25385,1720
10255,24370,930
10256,24045,670
10257,26077,2240
10258,23468,200
10259,26926,2860
10260,24370,930
10261,24687,1180
10262,24194,790
10263,24674,1170
10264,24207,800
10265,26293,2400
10266,23407,150
10267,23871,530
10268,24082,700
10269,26580,2610
10270,23871,530
10271,25281,1640
10272,24763,1240
10273,26829,2790
10274,24157,760
10275,23847,510
10276,28604,4030
10277,25215,1590
10278,23834,500
10279,25956,2150
10280,24345,910
10281,32651,6590
10282,24840,1300
10283,24471,1010
10284,23822,490
10285,23995,630
10286,23884,540
10287,26982,2900
10288,24182,780
10289,25047,1460
10290,23492,220
10291,23983,620
10292,24725,1210
10293,25862,2080
10294,23699,390
10295,24738,1220
10296,27122,3000
10297,25916,2120
10298,35119,8000
10299,25425,1750
10300,25034,1450
10301,23589,300
10302,26199,2330
10303,26663,2670
10304,26104,2260
10305,32115,6270
10306,24345,910
10307,25451,1770
10308,25215,1590
10309,24157,760
10310,23736,420
10311,24232,820
10312,26199,2330
10313,23834,500
10314,23492,220
10315,25124,1520
10316,23371,120
10317,23736,420
10318,27460,3240
10319,23995,630
10320,24496,1030
10321,23468,200
10322,25202,1580
10323,31769,6060
10324,25530,1830
10325,24572,1090
10326,25689,1950
10327,24032,660
10328,25689,1950
10329,25755,2000
10330,26443,2510
10331,25307,1660
10332,23724,410
10333,24232,820
10334,26266,2380
10335,24119,730
10336,24521,1050
10337,25769,2010
10338,24918,1360
10339,24725,1210
10340,23347,100
10341,25085,1490
10342,25769,2010
10343,25202,1580
10344,24157,760
10345,24738,1220
10346,25835,2060
10347,24930,1370
10348,25372,1710
10349,26334,2430
10350,23601,310
10351,25073,1480
10352,23395,140
10353,24458,1000
10354,23773,450
10355,23711,400
10356,25281,1640
10357,23724,410
10358,28106,3690
10359,23262,30
10360,23383,130
10361,25229,1600
10362,24345,910
10363,23687,380
10364,24032,660
10365,24700,1190
10366,23797,470
10367,23847,510
10368,24687,1180
10369,23847,510
10370,24712,1200
10371,23455,190
10372,24107,720
10373,24496,1030
10374,27418,3210
10375,26443,2510
10376,24674,1170
10377,26829,2790
10378,24182,780
10379,24661,1160
10380,24144,750
10381,23822,490
10382,24572,1090
10383,23871,530
10384,23847,510
10385,24623,1130
10386,27290,3120
10387,23638,340
10388,24598,1110
10389,24294,870
10390,23371,120
10391,24357,920
10392,24144,750
10393,24509,1040
10394,25596,1880
10395,25124,1520
10396,24661,1160
10397,25073,1480
10398,23834,500
10399,25689,1950
10400,27010,2920
10401,23455,190
10402,24232,820
10403,24534,1060
10404,26090,2250
10405,24815,1280
10406,24700,1190
10407,24132,740
10408,23528,250
10409,25649,1920
10410,25255,1620
10411,26199,2330
10412,24585,1100
10413,23601,310
10414,24623,1130
10415,23810,480
10416,24458,1000
10417,24119,730
10418,26253,2370
10419,23945,590
10420,26704,2700
10421,27290,3120
10422,24585,1100
10423,25215,1590
10424,26077,2240
10425,24094,710
10426,24057,680
10427,24918,1360
10428,24649,1150
10429,25491,1800
10430,24738,1220
10431,27136,3010
10432,23226,0
10433,24905,1350
10434,25742,1990
10435,23589,300
10436,24132,740
10437,30894,5520
10438,25202,1580
10439,28034,3640
10440,25623,1900
10441,23638,340
10442,25425,1750
10443,23896,550
10444,24610,1120
10445,23455,190
10446,25047,1460
10447,24982,1410
10448,24069,690
10449,24269,850
10450,27446,3230
10451,24496,1030
10452,23262,30
10453,25176,1560
10454,25021,1440
10455,23662,360
10456,26471,2530
10457,23516,240
10458,27262,3100
10459,28634,4050
10460,25215,1590
10461,28179,3740
10462,23262,30
10463,25229,1600
10464,24496,1030
10465,26416,2490
10466,24982,1410
10467,24649,1150
10468,25689,1950
10469,25176,1560
10470,24610,1120
10471,26567,2600
10472,24674,1170
10473,25849,2070
10474,23921,570
10475,30309,5150
10476,27347,3160
10477,24866,1320
10478,23383,130
10479,26635,2650
10480,24408,960
10481,24020,650
10482,23810,480
10483,23896,550
10484,25150,1540
10485,23847,510
10486,24382,940
10487,24169,770
10488,23504,230
10489,23528,250
10490,23970,610
10491,25609,1890
10492,26968,2890
10493,23528,250
10494,23871,530
10495,24458,1000
10496,24763,1240
10497,23298,60
10498,24687,1180
10499,24119,730
10500,26362,2450
10501,23565,280
10502,27206,3060
10503,24840,1300
10504,23884,540
10505,30278,5130
10506,24132,740
10507,25008,1430
10508,26037,2210
10509,25570,1860
10510,23322,80
10511,24032,660
10512,24282,860
10513,25202,1580
10514,24969,1400
10515,23286,50
10516,24879,1330
10517,25412,1740
10518,27122,3000
10519,26063,2230
10520,25098,1500
10521,25702,1960
10522,24815,1280
10523,23589,300
10524,23908,560
10525,23933,580
10526,26484,2540
10527,23589,300
10528,24930,1370
10529,23540,260
10530,24802,1270
10531,24182,780
10532,25085,1490
10533,24751,1230
10534,24815,1280
10535,28135,3710
10536,25491,1800
10537,23286,50
10538,24269,850
10539,24802,1270
10540,24420,970
10541,26389,2470
10542,25294,1650
10543,23724,410
10544,27460,3240
10545,23699,390
10546,23431,170
10547,26253,2370
10548,24370,930
10549,25399,1730
10550,24840,1300
10551,24623,1130
10552,24738,1220
10553,23492,220
10554,23847,510
10555,24458,1000
10556,23395,140
10557,27660,3380
10558,26608,2630
10559,23908,560
10560,24232,820
10561,26321,2420
10562,25111,1510
10563,24610,1120
10564,27192,3050
10565,23443,180
10566,25268,1630
10567,23773,450
10568,24345,910
10569,24182,780
10570,24483,1020
10571,27220,3070
10572,24483,1020
10573,23577,290
10574,24853,1310
10575,24244,830
10576,24082,700
10577,23286,50
10578,24370,930
10579,24020,650
10580,24207,800
10581,26760,2740
10582,24918,1360
10583,25702,1960
10584,25477,1790
10585,27860,3520
10586,23958,600
10587,26389,2470
10588,23847,510
10589,24674,1170
10590,23884,540
10591,25477,1790
10592,23871,530
10593,25359,1700
10594,23626,330
10595,23650,350
10596,26773,2750
10597,24840,1300
10598,24674,1170
10599,24776,1250
10600,25438,1760
10601,24943,1380
10602,24610,1120
10603,24687,1180
10604,25649,1920
10605,28164,3730
10606,23847,510
10607,23896,550
10608,24395,950
10609,24182,780
10610,24840,1300
10611,25085,1490
10612,30122,5030
10613,23859,520
10614,25916,2120
10615,24738,1220
10616,24509,1040
10617,35742,8340
10618,25085,1490
10619,26077,2240
10620,23614,320
10621,24269,850
10622,23322,80
10623,24982,1410
10624,24943,1380
10625,25956,2150
10626,27262,3100
10627,25676,1940
10628,23859,520
10629,26090,2250
10630,23995,630
10631,23760,440
10632,26226,2350
10633,25412,1740
10634,24509,1040
10635,24094,710
10636,25889,2100
10637,23528,250
10638,27674,3390
10639,25229,1600
10640,23884,540
10641,25557,1850
10642,24382,940
10643,25969,2160
10644,25862,2080
10645,24623,1130
10646,25623,1900
10647,24269,850
10648,27136,3010
10649,23711,400
10650,24446,990
10651,27080,2970
10652,30624,5350
10653,25835,2060
10654,23638,340
10655,26982,2900
10656,23310,70
10657,25969,2160
10658,25008,1430
10659,23748,430
10660,24509,1040
10661,24892,1340
10662,24509,1040
10663,27760,3450
10664,24802,1270
10665,23492,220
10666,25008,1430
10667,24661,1160
10668,25491,1800
10669,27262,3100
10670,23724,410
10671,23785,460
10672,23407,150
10673,25676,1940
10674,23921,570
10675,25215,1590
10676,25412,1740
10677,25543,1840
10678,23226,0
10679,26010,2190
10680,27122,3000
10681,24169,770
10682,25956,2150
10683,25268,1630
10684,25359,1700
10685,24763,1240
10686,24045,670
10687,26498,2550
10688,23748,430
10689,26430,2500
10690,24840,1300
10691,25255,1620
10692,25073,1480
10693,24132,740
10694,24332,900
10695,24320,890
10696,24357,920
10697,23626,330
10698,27774,3460
10699,24776,1250
10700,26471,2530
10701,23383,130
10702,25111,1510
10703,29036,4320
10704,24007,640
10705,25716,1970
10706,23958,600
10707,26375,2460
10708,25399,1730
10709,26732,2720
10710,24069,690
10711,23468,200
10712,23443,180
10713,25163,1550
10714,25809,2040
10715,24144,750
10716,24610,1120
10717,24094,710
10718,24169,770
10719,25073,1480
10720,24232,820
10721,24610,1120
10722,25229,1600
10723,25021,1440
10724,24483,1020
10725,25242,1610
10726,26539,2580
10727,23797,470
10728,24007,640
10729,23298,60
10730,24307,880
10731,23983,620
10732,23553,270
10733,33959,7350
10734,25623,1900
10735,24610,1120
10736,25782,2020
10737,27602,3340
10738,25795,2030
10739,24585,1100
10740,24661,1160
10741,24892,1340
10742,24332,900
10743,23797,470
10744,24956,1390
10745,28048,3650
10746,24307,880
10747,24853,1310
10748,23504,230
10749,24623,1130
10750,24244,830
10751,25124,1520
10752,24157,760
10753,28266,3800
10754,24776,1250
10755,26443,2510
10756,25956,2150
10757,23834,500
10758,25983,2170
10759,25202,1580
10760,26185,2320
10761,24345,910
10762,25729,1980
10763,23748,430
10764,24930,1370
10765,23760,440
10766,23601,310
10767,24257,840
10768,24700,1190
10769,24219,810
10770,23359,110
10771,25346,1690
10772,25623,1900
10773,23626,330
10774,24905,1350
10775,25163,1550
10776,27947,3580
10777,24853,1310
10778,24282,860
10779,25412,1740
10780,24082,700
10781,27760,3450
10782,23995,630
10783,23371,120
10784,23614,320
10785,25021,1440
10786,25111,1510
10787,24815,1280
10788,26760,2740
10789,25530,1830
10790,26608,2630
10791,23286,50
10792,23884,540
10793,24020,650
10794,25137,1530
10795,24610,1120
10796,24815,1280
10797,24534,1060
10798,23958,600
10799,24219,810
10800,28738,4120
10801,24144,750
10802,23322,80
10803,25835,2060
10804,23884,540
10805,26010,2190
10806,23995,630
10807,27038,2940
10808,24789,1260
10809,23736,420
10810,26649,2660
10811,23847,510
10812,23933,580
10813,24157,760
10814,25255,1620
10815,25822,2050
10816,24345,910
10817,24738,1220
10818,27389,3190
10819,23614,320
10820,24395,950
10821,24458,1000
10822,25359,1700
10823,25215,1590
10824,24572,1090
10825,27418,3210
10826,23626,330
10827,23383,130
10828,24687,1180
10829,25242,1610
10830,24207,800
10831,23724,410
10832,24332,900
10833,24674,1170
10834,23995,630
10835,25491,1800
10836,25034,1450
10837,24815,1280
10838,23577,290
10839,24725,1210
10840,24094,710
10841,24661,1160
10842,23724,410
10843,25242,1610
10844,23896,550
10845,23492,220
10846,23286,50
10847,27832,3500
10848,23528,250
10849,25623,1900
10850,23736,420
10851,28428,3910
10852,23724,410
10853,26063,2230
10854,23785,460
10855,24082,700
10856,23322,80
10857,25596,1880
10858,24458,1000
10859,24082,700
10860,25662,1930
10861,27122,3000
10862,24661,1160
10863,26402,2480
10864,24521,1050
10865,25021,1440
10866,23322,80
10867,23371,120
10868,26884,2830
10869,23847,510
10870,23504,230
10871,27290,3120
10872,24269,850
10873,23871,530
10874,23933,580
10875,23871,530
10876,27932,3570
10877,24132,740
10878,23983,620
10879,31507,5900
10880,23614,320
10881,24521,1050
10882,24020,650
10883,26912,2850
10884,24828,1290
10885,24219,810
10886,24943,1380
10887,24307,880
10888,23699,390
10889,24982,1410
10890,29658,4730
10891,26348,2440
10892,24956,1390
10893,23785,460
10894,25943,2140
10895,24082,700
10896,25649,1920
10897,25889,2100
10898,25557,1850
10899,27375,3180
10900,24244,830
10901,28019,3630
10902,25294,1650
10903,24776,1250
10904,25150,1540
10905,25359,1700
10906,25047,1460
10907,25021,1440
10908,24207,800
10909,24738,1220
10910,25795,2030
10911,23859,520
10912,23983,620
10913,23565,280
10914,24169,770
10915,24751,1230
10916,24610,1120
10917,23945,590
10918,25862,2080
10919,23626,330
10920,25229,1600
10921,24674,1170
10922,24674,1170
10923,23347,100
10924,25294,1650
10925,26117,2270
10926,25229,1600
10927,24420,970
10928,26829,2790
10929,28398,3890
10930,25729,1980
10931,25755,2000
10932,24930,1370
10933,23662,360
10934,30719,5410
10935,23908,560
10936,30767,5440
10937,24382,940
10938,25623,1900
10939,26622,2640
10940,24943,1380
10941,24420,970
10942,26334,2430
10943,23589,300
10944,25073,1480
10945,27192,3050
10946,24763,1240
10947,24433,980
10948,29051,4330
10949,24408,960
10950,27904,3550
10951,24636,1140
10952,25098,1500
10953,26773,2750
10954,23822,490
10955,24763,1240
10956,31572,5940
10957,23626,330
10958,24057,680
10959,25176,1560
10960,24157,760
10961,25359,1700
10962,24182,780
10963,24119,730
10964,25769,2010
10965,23650,350
10966,23492,220
10967,24395,950
10968,25320,1670
10969,26471,2530
10970,23577,290
10971,24157,760
10972,24232,820
10973,23553,270
10974,25189,1570
10975,24496,1030
10976,24446,990
10977,24840,1300
10978,24420,970
10979,25491,1800
10980,23638,340
10981,28545,3990
10982,24943,1380
10983,25137,1530
10984,24840,1300
10985,26023,2200
10986,24446,990
10987,24802,1270
10988,23724,410
10989,25333,1680
10990,24918,1360
10991,23675,370
10992,24433,980
10993,23773,450
10994,23383,130
10995,24282,860
10996,24585,1100
10997,26443,2510
10998,26704,2700
10999,24879,1330
11000,24995,1420
11001,26266,2380
11002,24521,1050
11003,26498,2550
11004,26498,2550
11005,23504,230
11006,24700,1190
11007,27531,3290
11008,24995,1420
11009,23553,270
11010,24572,1090
11011,25163,1550
11012,24649,1150
11013,23921,570
11014,25412,1740
11015,25557,1850
11016,23983,620
11017,24332,900
11018,25268,1630
11019,23298,60
11020,23347,100
11021,25098,1500
11022,26815,2780
11023,24119,730
11024,24483,1020
11025,26843,2800
11026,24623,1130
11027,27645,3370
11028,24395,950
11029,24610,1120
11030,23675,370
11031,23662,360
11032,24282,860
11033,24007,640
11034,25596,1880
11035,27347,3160
11036,24157,760
11037,25307,1660
11038,24007,640
11039,23859,520
11040,24345,910
11041,24269,850
11042,23468,200
11043,24572,1090
11044,23226,0
11045,24879,1330
11046,27038,2940
11047,24828,1290
11048,23921,570
11049,25346,1690
11050,24395,950
11051,25150,1540
11052,25491,1800
11053,24207,800
11054,25098,1500
11055,26829,2790
11056,23662,360
11057,23736,420
11058,26870,2820
11059,25098,1500
11060,24207,800
11061,23468,200
11062,24560,1080
11063,25098,1500
11064,26307,2410
11065,23711,400
11066,24905,1350
11067,25021,1440
11068,29006,4300
11069,26635,2650
11070,23896,550
11071,23687,380
11072,25755,2000
11073,23286,50
11074,23650,350
11075,26023,2200
11076,24282,860
11077,24032,660
11078,23540,260
11079,27875,3530
11080,25215,1590
11081,23859,520
11082,24370,930
11083,24930,1370
11084,23884,540
11085,26829,2790
11086,24207,800
11087,25636,1910
11088,25755,2000
11089,24483,1020
11090,26199,2330
11091,25163,1550
11092,24840,1300
11093,24789,1260
11094,24982,1410
11095,25268,1630
11096,24521,1050
11097,24738,1220
11098,34812,7830
11099,24725,1210
11100,24534,1060
11101,24636,1140
11102,23347,100
11103,24866,1320
11104,23638,340
11105,23553,270
11106,26787,2760
11107,27489,3260
11108,25716,1970
11109,24382,940
11110,24840,1300
11111,24866,1320
11112,23322,80
11113,23834,500
11114,24572,1090
11115,25889,2100
11116,25189,1570
11117,24045,670
11118,24815,1280
11119,23699,390
11120,24905,1350
11121,24294,870
11122,26171,2310
11123,25702,1960
11124,24943,1380
11125,24032,660
11126,24853,1310
11127,23785,460
11128,24232,820
11129,25557,1850
11130,24157,760
11131,24649,1150
11132,23822,490
11133,25596,1880
11134,24433,980
11135,24244,830
11136,26307,2410
11137,24623,1130
11138,25530,1830
11139,23395,140
11140,24395,950
11141,25636,1910
11142,24751,1230
11143,24828,1290
11144,27688,3400
11145,23810,480
11146,24382,940
11147,27588,3330
11148,24840,1300
11149,28872,4210
11150,24257,840
11151,24357,920
11152,23407,150
11153,24853,1310
11154,24257,840
11155,24094,710
11156,25530,1830
11157,24332,900
11158,24082,700
11159,26212,2340
11160,24282,860
11161,24219,810
11162,23480,210
11163,25623,1900
11164,24521,1050
11165,24905,1350
11166,24674,1170
11167,26912,2850
11168,24458,1000
11169,26498,2550
11170,23589,300
11171,25969,2160
11172,23810,480
11173,24943,1380
11174,23601,310
11175,23347,100
11176,24879,1330
11177,23884,540
11178,24370,930
11179,27645,3370
11180,24219,810
11181,25255,1620
11182,25477,1790
11183,25916,2120
11184,23896,550
11185,25215,1590
11186,23970,610
11187,26898,2840
11188,25782,2020
11189,24382,940
11190,24866,1320
11191,24725,1210
11192,23650,350
11193,23395,140
11194,25215,1590
11195,24763,1240
11196,24496,1030
11197,26580,2610
11198,24207,800
11199,28442,3920
11200,24661,1160
11201,25021,1440
11202,24207,800
11203,25202,1580
11204,23626,330
11205,24547,1070
11206,24585,1100
11207,24751,1230
11208,27932,3570
11209,25215,1590
11210,25307,1660
11211,24332,900
11212,24496,1030
11213,24623,1130
11214,26912,2850
11215,26050,2220
11216,23310,70
11217,24182,780
11218,24483,1020
11219,25268,1630
11220,23638,340
11221,24294,870
11222,24802,1270
11223,25021,1440
11224,24623,1130
11225,25242,1610
11226,26226,2350
11227,30926,5540
11228,24269,850
11229,23760,440
11230,23933,580
11231,24610,1120
11232,25372,1710
11233,25849,2070
11234,26144,2290
11235,26829,2790
11236,23589,300
11237,24623,1130
11238,23638,340
11239,23896,550
11240,25969,2160
11241,23528,250
11242,24332,900
11243,23626,330
11244,24119,730
11245,23760,440
11246,23504,230
11247,23711,400
11248,24045,670
11249,25034,1450
11250,27674,3390
11251,26996,2910
11252,25889,2100
11253,25294,1650
11254,24623,1130
11255,25163,1550
11256,24320,890
11257,25716,1970
11258,24995,1420
11259,23528,250
11260,23958,600
11261,23748,430
11262,23724,410
11263,25229,1600
11264,24144,750
11265,24471,1010
11266,24382,940
11267,24905,1350
11268,24815,1280
11269,23601,310
11270,27304,3130
11271,24828,1290
11272,30091,5010
11273,23407,150
11274,24725,1210
11275,23958,600
11276,23797,470
11277,23419,160
11278,24560,1080
11279,27290,3120
11280,24521,1050
11281,24751,1230
11282,24712,1200
11283,27375,3180
11284,23797,470
11285,23565,280
11286,23859,520
11287,24700,1190
11288,24257,840
11289,25294,1650
11290,24370,930
11291,25307,1660
11292,27631,3360
11293,23286,50
11294,25034,1450
11295,24930,1370
11296,27080,2970
11297,25702,1960
11298,26787,2760
11299,25098,1500
11300,23724,410
11301,24840,1300
11302,23419,160
11303,23699,390
11304,25163,1550
11305,24045,670
11306,24636,1140
11307,24282,860
11308,25530,1830
11309,25636,1910
11310,23310,70
11311,25729,1980
11312,30200,5080
11313,25255,1620
11314,24930,1370
11315,23371,120
11316,24282,860
11317,23834,500
11318,25346,1690
11319,23810,480
11320,23675,370
11321,23468,200
11322,24789,1260
11323,23516,240
11324,24636,1140
11325,23958,600
11326,23650,350
11327,23834,500
11328,24433,980
11329,24471,1010
11330,24345,910
11331,24853,1310
11332,26580,2610
11333,28340,3850
11334,24712,1200
11335,27961,3590
11336,31752,6050
11337,24636,1140
11338,27774,3460
11339,26199,2330
11340,26416,2490
11341,24687,1180
11342,24649,1150
11343,25268,1630
11344,27122,3000
11345,24094,710
11346,24815,1280
11347,25034,1450
11348,23773,450
11349,25689,1950
11350,24307,880
11351,25060,1470
11352,24069,690
11353,23286,50
11354,26926,2860
11355,28472,3940
11356,24357,920
11357,26968,2890
11358,25333,1680
11359,26037,2210
11360,24069,690
11361,24094,710
11362,24471,1010
11363,26857,2810
11364,23810,480
11365,24879,1330
11366,23699,390
11367,27347,3160
11368,27178,3040
11369,26334,2430
11370,24661,1160
11371,24132,740
11372,25320,1670
11373,24157,760
11374,24069,690
11375,24840,1300
11376,23347,100
11377,24995,1420
11378,25716,1970
11379,24232,820
11380,23298,60
11381,24905,1350
11382,24207,800
11383,26023,2200
11384,25150,1540
11385,23847,510
11386,25320,1670
11387,24521,1050
11388,28121,3700
11389,26334,2430
11390,23711,400
11391,26594,2620
11392,28678,4080
11393,23834,500
11394,24232,820
11395,24307,880
11396,24219,810
11397,24751,1230
11398,24751,1230
11399,23834,500
11400,24269,850
11401,25530,1830
11402,24789,1260
11403,23371,120
11404,23468,200
11405,28398,3890
11406,24057,680
11407,24182,780
11408,23884,540
11409,23589,300
11410,24815,1280
11411,23983,620
11412,26801,2770
11413,25504,1810
11414,25969,2160
11415,24610,1120
11416,26253,2370
11417,23589,300
11418,23908,560
11419,24032,660
11420,24345,910
11421,24918,1360
11422,24483,1020
11423,23970,610
11424,24357,920
11425,23492,220
11426,25969,2160
11427,24649,1150
11428,26037,2210
11429,24534,1060
11430,23748,430
11431,24982,1410
11432,25189,1570
11433,24269,850
11434,25716,1970
11435,26253,2370
11436,24269,850
11437,24045,670
11438,24471,1010
11439,25464,1780
11440,24370,930
11441,23431,170
11442,26104,2260
11443,24244,830
11444,24763,1240
11445,26926,2860
11446,25008,1430
11447,23724,410
11448,26117,2270
11449,24244,830
11450,24169,770
11451,27617,3350
11452,23443,180
11453,24560,1080
11454,24144,750
11455,25307,1660
11456,23921,570
11457,25150,1540
11458,26239,2360
11459,23945,590
11460,24623,1130
11461,24382,940
11462,23335,90
11463,23896,550
11464,25504,1810
11465,23933,580
11466,24547,1070
11467,23516,240
11468,25835,2060
11469,26402,2480
11470,25557,1850
11471,24982,1410
11472,24007,640
11473,24815,1280
11474,23970,610
11475,24905,1350
11476,23983,620
11477,28782,4150
11478,25822,2050
11479,25333,1680
11480,28121,3700
11481,25137,1530
11482,29935,4910
11483,26023,2200
11484,23859,520
11485,25849,2070
11486,24623,1130
11487,24534,1060
11488,23958,600
11489,29036,4320
11490,25702,1960
11491,24598,1110
11492,24687,1180
11493,24082,700
11494,26857,2810
11495,23407,150
11496,27617,3350
11497,24282,860
11498,30184,5070
11499,26199,2330
11500,28516,3970
11501,26144,2290
11502,28005,3620
11503,27262,3100
11504,24840,1300
11505,26996,2910
11506,25085,1490
11507,24738,1220
11508,23431,170
11509,23748,430
11510,23933,580
11511,24674,1170
11512,24370,930
11513,24294,870
11514,23565,280
11515,23847,510
11516,23577,290
11517,24828,1290
11518,23687,380
11519,24082,700
11520,26104,2260
11521,28194,3750
11522,23760,440
11523,30013,4960
11524,23884,540
11525,23896,550
11526,23970,610
11527,25202,1580
11528,25956,2150
11529,23884,540
11530,23958,600
11531,24408,960
11532,24649,1150
11533,23650,350
11534,24828,1290
11535,23896,550
11536,23736,420
11537,25021,1440
11538,25150,1540
11539,23528,250
11540,25983,2170
11541,25583,1870
11542,27617,3350
11543,26498,2550
11544,23335,90
11545,25008,1430
11546,23834,500
11547,24132,740
11548,24763,1240
11549,23896,550
11550,24007,640
11551,24995,1420
11552,26362,2450
11553,23810,480
11554,24207,800
11555,24107,720
11556,24182,780
11557,24892,1340
11558,25425,1750
11559,24020,650
11560,28369,3870
11561,24194,790
11562,24712,1200
11563,24045,670
11564,23748,430
11565,29505,4630
11566,24395,950
11567,23687,380
11568,24763,1240
11569,25557,1850
11570,25676,1940
11571,24345,910
11572,23492,220
11573,23797,470
11574,25517,1820
11575,25021,1440
11576,26293,2400
11577,24045,670
11578,24956,1390
11579,24534,1060
11580,23699,390
11581,25255,1620
11582,25412,1740
11583,23238,10
11584,24674,1170
11585,25596,1880
11586,26050,2220
11587,27262,3100
11588,26857,2810
11589,27164,3030
11590,24534,1060
11591,25399,1730
11592,26131,2280
11593,23958,600
11594,24032,660
11595,26253,2370
11596,24534,1060
11597,25889,2100
11598,24483,1020
11599,23650,350
11600,26982,2900
11601,25008,1430
11602,23614,320
11603,25782,2020
11604,24879,1330
11605,23250,20
11606,23455,190
11607,25412,1740
11608,25755,2000
11609,23773,450
11610,24408,960
11611,23773,450
11612,23995,630
11613,28486,3950
11614,24307,880
11615,24982,1410
11616,31264,5750
11617,23504,230
11618,24585,1100
11619,30974,5570
11620,25517,1820
11621,23896,550
11622,23785,460
11623,24320,890
11624,25530,1830
11625,25543,1840
11626,27832,3500
11627,24244,830
11628,25255,1620
11629,23908,560
11630,23347,100
11631,25902,2110
11632,25425,1750
11633,23626,330
11634,24905,1350
11635,25176,1560
11636,24144,750
11637,24332,900
11638,28135,3710
11639,24509,1040
11640,23687,380
11641,25333,1680
11642,25676,1940
11643,25755,2000
11644,23431,170
11645,26171,2310
11646,26940,2870
11647,24269,850
11648,23614,320
11649,24282,860
11650,25689,1950
11651,25008,1430
11652,25477,1790
11653,25755,2000
11654,24345,910
11655,23383,130
11656,24269,850
11657,25969,2160
11658,25085,1490
11659,24069,690
11660,24471,1010
11661,24560,1080
11662,25636,1910
11663,25060,1470
11664,23395,140
11665,23589,300
11666,23359,110
11667,25372,1710
11668,26104,2260
11669,24700,1190
11670,24471,1010
11671,24132,740
11672,25769,2010
11673,23921,570
11674,24776,1250
11675,24107,720
11676,24572,1090
11677,24269,850
11678,29444,4590
11679,24866,1320
11680,23785,460
11681,25268,1630
11682,23995,630
11683,26266,2380
11684,23371,120
11685,25008,1430
11686,24776,1250
11687,25202,1580
11688,23687,380
11689,23335,90
11690,23347,100
11691,25623,1900
11692,26622,2640
11693,28917,4240
11694,24674,1170
11695,26375,2460
11696,24458,1000
11697,25412,1740
11698,25008,1430
11699,24905,1350
11700,24815,1280
11701,26898,2840
11702,27904,3550
11703,24244,830
11704,25385,1720
11705,24182,780
11706,25150,1540
11707,26594,2620
11708,24521,1050
11709,24182,780
11710,24982,1410
11711,24649,1150
11712,26773,2750
11713,25662,1930
11714,24712,1200
11715,26321,2420
11716,26691,2690
11717,25916,2120
11718,24905,1350
11719,24007,640
11720,23687,380
11721,25021,1440
11722,24828,1290
11723,24057,680
11724,26402,2480
11725,24712,1200
11726,23908,560
11727,29338,4520
11728,23468,200
11729,23995,630
11730,23822,490
11731,24244,830
11732,24182,780
11733,27178,3040
11734,24905,1350
11735,23662,360
11736,25849,2070
11737,24547,1070
11738,26471,2530
11739,25229,1600
11740,24725,1210
11741,23675,370
11742,32956,6770
11743,24623,1130
11744,28106,3690
11745,25124,1520
11746,23711,400
11747,23371,120
11748,24370,930
11749,28325,3840
11750,23565,280
11751,24395,950
11752,23383,130
11753,30577,5320
11754,25849,2070
11755,26199,2330
11756,25729,1980
11757,24408,960
11758,24320,890
11759,25943,2140
11760,24982,1410
11761,23797,470
11762,25716,1970
11763,23933,580
11764,28723,4110
11765,24207,800
11766,24700,1190
11767,23662,360
11768,26063,2230
11769,24169,770
11770,23577,290
11771,28005,3620
11772,26594,2620
11773,24700,1190
11774,28005,3620
11775,29843,4850
11776,24144,750
11777,24370,930
11778,23347,100
11779,24119,730
11780,25517,1820
11781,27108,2990
11782,25268,1630
11783,27192,3050
11784,25916,2120
11785,28604,4030
11786,24207,800
11787,26746,2730
11788,24828,1290
11789,26691,2690
11790,25862,2080
11791,26760,2740
11792,25268,1630
11793,28296,3820
11794,24712,1200
11795,24294,870
11796,24370,930
11797,25034,1450
11798,24776,1250
11799,23871,530
11800,24969,1400
11801,28604,4030
11802,25163,1550
11803,23322,80
11804,24320,890
11805,23650,350
11806,25202,1580
11807,23286,50
11808,27645,3370
11809,23760,440
11810,23884,540
11811,24674,1170
11812,24207,800
11813,24560,1080
11814,23736,420
11815,23504,230
11816,25676,1940
11817,24687,1180
11818,25583,1870
11819,27389,3190
11820,24345,910
11821,25689,1950
11822,26402,2480
11823,25294,1650
11824,24232,820
11825,25085,1490
11826,26704,2700
11827,26293,2400
11828,25689,1950
11829,26037,2210
11830,24020,650
11831,24700,1190
11832,23847,510
11833,24802,1270
11834,24521,1050
11835,25477,1790
11836,25822,2050
11837,24687,1180
11838,27588,3330
11839,23650,350
11840,23810,480
11841,25021,1440
11842,25047,1460
11843,24560,1080
11844,23528,250
11845,26131,2280
11846,27319,3140
11847,24905,1350
11848,24471,1010
11849,23785,460
11850,25769,2010
11851,26539,2580
11852,23699,390
11853,26050,2220
11854,25636,1910
11855,26280,2390
11856,25996,2180
11857,24828,1290
11858,23455,190
11859,24560,1080
11860,24282,860
11861,24892,1340
11862,28150,3720
11863,27164,3030
11864,23504,230
11865,24332,900
11866,23884,540
11867,25320,1670
11868,27290,3120
11869,25491,1800
11870,25268,1630
11871,24789,1260
11872,26484,2540
11873,31151,5680
11874,23773,450
11875,25583,1870
11876,27347,3160
11877,26484,2540
11878,23773,450
11879,24408,960
11880,30075,5000
11881,24763,1240
11882,26023,2200
11883,24458,1000
11884,27489,3260
11885,24082,700
11886,23528,250
11887,23675,370
11888,23528,250
11889,24969,1400
11890,23859,520
11891,24918,1360
11892,24332,900
11893,25742,1990
11894,24751,1230
11895,24471,1010
11896,24738,1220
11897,25150,1540
11898,24207,800
11899,26704,2700
11900,24828,1290
11901,25491,1800
11902,25073,1480
11903,24763,1240
11904,24057,680
11905,23995,630
11906,25294,1650
11907,23995,630
11908,24207,800
11909,26815,2780
11910,24572,1090
11911,23773,450
11912,24370,930
11913,24995,1420
11914,27290,3120
11915,23322,80
11916,24069,690
11917,24598,1110
11918,24307,880
11919,23589,300
11920,27333,3150
11921,25008,1430
11922,24905,1350
11923,24332,900
11924,26416,2490
11925,27803,3480
11926,23983,620
11927,26375,2460
11928,23480,210
11929,24610,1120
11930,24269,850
11931,25557,1850
11932,23884,540
11933,25809,2040
11934,25281,1640
11935,23687,380
11936,25085,1490
11937,24057,680
11938,23933,580
11939,28252,3790
11940,23760,440
11941,25755,2000
11942,24534,1060
11943,24483,1020
11944,24094,710
11945,24132,740
11946,29689,4750
11947,26677,2680
11948,24623,1130
11949,23687,380
11950,23262,30
11951,24408,960
11952,23371,120
11953,24382,940
11954,29689,4750
11955,23407,150
11956,27904,3550
11957,24057,680
11958,25320,1670
11959,24332,900
11960,23995,630
11961,26608,2630
11962,24082,700
11963,24032,660
11964,23347,100
11965,24751,1230
11966,24751,1230
11967,24370,930
11968,24244,830
11969,23662,360
11970,24144,750
11971,25557,1850
11972,25530,1830
11973,24433,980
11974,24763,1240
11975,23298,60
11976,24446,990
11977,27432,3220
11978,25649,1920
11979,24408,960
11980,24232,820
11981,29658,4730
11982,23896,550
11983,24370,930
11984,25517,1820
11985,23540,260
11986,23785,460
11987,27545,3300
11988,24282,860
11989,23933,580
11990,25176,1560
11991,24069,690
11992,23884,540
11993,24182,780
11994,26746,2730
11995,24636,1140
11996,26898,2840
11997,24307,880
11998,23884,540
11999,25008,1430
12000,25008,1430
12001,24560,1080
12002,27333,3150
12003,24930,1370
12004,24169,770
12005,24169,770
12006,25849,2070
12007,25034,1450
12008,23859,520
12009,24107,720
12010,24496,1030
12011,23565,280
12012,24132,740
12013,25477,1790
12014,25425,1750
12015,24471,1010
12016,24700,1190
12017,25716,1970
12018,24032,660
12019,23650,350
12020,26608,2630
12021,25889,2100
12022,23335,90
12023,24763,1240
12024,24547,1070
12025,23626,330
12026,28887,4220
12027,26402,2480
12028,27010,2920
12029,24320,890
12030,24496,1030
12031,23748,430
12032,26171,2310
12033,24045,670
12034,25596,1880
12035,27052,2950
12036,24332,900
12037,23699,390
12038,28678,4080
12039,24307,880
12040,24560,1080
12041,25359,1700
12042,24307,880
12043,23995,630
12044,26010,2190
12045,25255,1620
12046,25570,1860
12047,23760,440
12048,25163,1550
12049,24020,650
12050,23504,230
12051,23407,150
12052,23896,550
12053,24828,1290
12054,26553,2590
12055,24521,1050
12056,23322,80
12057,24119,730
12058,24182,780
12059,24069,690
12060,27361,3170
12061,23921,570
12062,23785,460
12063,25189,1570
12064,28252,3790
12065,23699,390
12066,25969,2160
12067,25425,1750
12068,24395,950
12069,23419,160
12070,24623,1130
12071,26239,2360
12072,24045,670
12073,25399,1730
12074,26663,2670
12075,23871,530
12076,26829,2790
12077,23480,210
12078,26649,2660
12079,23298,60
12080,24572,1090
12081,23724,410
12082,24395,950
12083,27717,3420
12084,23945,590
12085,25557,1850
12086,25676,1940
12087,23553,270
12088,25320,1670
12089,25307,1660
12090,24244,830
12091,26375,2460
12092,23468,200
12093,26144,2290
12094,24776,1250
12095,27574,3320
12096,24496,1030
12097,23773,450
12098,23773,450
12099,26471,2530
12100,24471,1010
12101,24509,1040
12102,24169,770
12103,25916,2120
12104,24712,1200
12105,26185,2320
12106,24345,910
12107,27474,3250
12108,25163,1550
12109,23933,580
12110,24905,1350
12111,25956,2150
12112,29368,4540
12113,26389,2470
12114,24182,780
12115,24956,1390
12116,23958,600
12117,24119,730
12118,25385,1720
12119,24395,950
12120,24866,1320
12121,25583,1870
12122,24307,880
12123,26090,2250
12124,24585,1100
12125,24345,910
12126,27660,3380
12127,26226,2350
12128,24661,1160
12129,24433,980
12130,24244,830
12131,25517,1820
12132,25809,2040
12133,25929,2130
12134,25596,1880
12135,23626,330
12136,24943,1380
12137,24995,1420
12138,24057,680
12139,23797,470
12140,23810,480
12141,24382,940
12142,26023,2200
12143,25755,2000
12144,24207,800
12145,24007,640
12146,24918,1360
12147,25294,1650
12148,24069,690
12149,23395,140
12150,24119,730
12151,23995,630
12152,24496,1030
12153,27164,3030
12154,23933,580
12155,23711,400
12156,25268,1630
12157,25557,1850
12158,25060,1470
12159,23662,360
12160,25073,1480
12161,23995,630
12162,23834,500
12163,25346,1690
12164,23711,400
12165,23638,340
12166,25889,2100
12167,24636,1140
12168,23736,420
12169,24320,890
12170,24194,790
12171,23970,610
12172,26526,2570
12173,23711,400
12174,23359,110
12175,25956,2150
12176,23773,450
12177,24687,1180
12178,24007,640
12179,25583,1870
12180,24866,1320
12181,26996,2910
12182,24853,1310
12183,25150,1540
12184,24370,930
12185,25809,2040
12186,25956,2150
12187,24623,1130
12188,24219,810
12189,26926,2860
12190,23983,620
12191,23945,590
12192,24840,1300
12193,28092,3680
12194,24395,950
12195,24763,1240
12196,24471,1010
12197,23226,0
12198,28842,4190
12199,24357,920
12200,23286,50
12201,25268,1630
12202,27122,3000
12203,25229,1600
12204,24763,1240
12205,28354,3860
12206,24700,1190
12207,24853,1310
12208,25385,1720
12209,25983,2170
12210,24585,1100
12211,24107,720
12212,24496,1030
12213,27517,3280
12214,24521,1050
12215,25098,1500
12216,23711,400
12217,25047,1460
12218,24408,960
12219,24244,830
12220,24107,720
12221,23908,560
12222,25876,2090
12223,24157,760
12224,26498,2550
12225,24382,940
12226,24610,1120
12227,30624,5350
12228,24649,1150
12229,23724,410
12230,24345,910
12231,24496,1030
12232,23711,400
12233,24069,690
12234,23504,230
12235,25438,1760
12236,25530,1830
12237,23492,220
12238,24623,1130
12239,24649,1150
12240,27052,2950
12241,26348,2440
12242,24045,670
12243,23322,80
12244,25956,2150
12245,23797,470
12246,23970,610
12247,26090,2250
12248,25517,1820
12249,26443,2510
12250,24879,1330
12251,24471,1010
12252,25491,1800
12253,25412,1740
12254,26968,2890
12255,25517,1820
12256,24623,1130
12257,24905,1350
12258,23785,460
12259,26226,2350
12260,24420,970
12261,23589,300
12262,25491,1800
12263,23262,30
12264,24219,810
12265,25085,1490
12266,25320,1670
12267,24738,1220
12268,24408,960
12269,26117,2270
12270,23711,400
12271,24107,720
12272,25636,1910
12273,24623,1130
12274,26023,2200
12275,23822,490
12276,24169,770
12277,23859,520
12278,25163,1550
12279,23847,510
12280,23480,210
12281,23945,590
12282,24521,1050
12283,24282,860
12284,25557,1850
12285,24509,1040
12286,24157,760
12287,24169,770
12288,23492,220
12289,23395,140
12290,23995,630
12291,23983,620
12292,23995,630
12293,24219,810
12294,26117,2270
12295,23638,340
12296,27846,3510
12297,24395,950
12298,25862,2080
12299,25124,1520
12300,25242,1610
12301,25268,1630
12302,25570,1860
12303,23335,90
12304,24032,660
12305,31328,5790
12306,26857,2810
12307,23468,200
12308,24995,1420
12309,24610,1120
12310,25530,1830
12311,23958,600
12312,24332,900
12313,23553,270
12314,25609,1890
12315,24132,740
12316,26484,2540
12317,24969,1400
12318,24560,1080
12319,23443,180
12320,24547,1070
12321,23995,630
12322,23896,550
12323,26457,2520
12324,26594,2620
12325,23970,610
12326,24020,650
12327,25176,1560
12328,25902,2110
12329,25320,1670
12330,24420,970
12331,24674,1170
12332,24157,760
12333,25438,1760
12334,26362,2450
12335,23785,460
12336,26704,2700
12337,24395,950
12338,24534,1060
12339,23371,120
12340,23626,330
12341,27024,2930
12342,26635,2650
12343,24408,960
12344,27846,3510
12345,25137,1530
12346,23822,490
12347,23638,340
12348,24712,1200
12349,24738,1220
12350,23871,530
12351,25137,1530
12352,25111,1510
12353,26131,2280
12354,23921,570
12355,23383,130
12356,25111,1510
12357,23699,390
12358,23760,440
12359,23662,360
12360,24802,1270
12361,27136,3010
12362,26226,2350
12363,23504,230
12364,24712,1200
12365,24082,700
12366,26801,2770
12367,25557,1850
12368,24107,720
12369,25755,2000
12370,26912,2850
12371,27262,3100
12372,27846,3510
12373,24094,710
12374,25163,1550
12375,25085,1490
12376,23250,20
12377,23226,0
12378,23847,510
12379,27347,3160
12380,25809,2040
12381,23601,310
12382,24219,810
12383,25163,1550
12384,27375,3180
12385,24107,720
12386,26050,2220
12387,23383,130
12388,23773,450
12389,24057,680
12390,23516,240
12391,23736,420
12392,23847,510
12393,25008,1430
12394,24471,1010
12395,23540,260
12396,29460,4600
12397,25021,1440
12398,24294,870
12399,23785,460
12400,24636,1140
12401,24700,1190
12402,23958,600
12403,27010,2920
12404,25636,1910
12405,24534,1060
12406,26104,2260
12407,26746,2730
12408,24094,710
12409,24157,760
12410,24496,1030
12411,25111,1510
12412,25716,1970
12413,26077,2240
12414,23480,210
12415,25150,1540
12416,25021,1440
12417,24194,790
12418,24585,1100
12419,24007,640
12420,24357,920
12421,24828,1290
12422,24572,1090
12423,24610,1120
12424,23773,450
12425,24789,1260
12426,24585,1100
12427,23577,290
12428,24207,800
12429,23908,560
12430,25111,1510
12431,30767,5440
12432,23504,230
12433,25835,2060
12434,23983,620
12435,25307,1660
12436,26402,2480
12437,24357,920
12438,25676,1940
12439,24521,1050
12440,23687,380
12441,23748,430
12442,25229,1600
12443,24169,770
12444,24840,1300
12445,24408,960
12446,24207,800
12447,23847,510
12448,26898,2840
12449,24598,1110
12450,25034,1450
12451,25202,1580
12452,24776,1250
12453,24918,1360
12454,25477,1790
12455,24483,1020
12456,31103,5650
12457,24282,860
12458,23492,220
12459,24712,1200
12460,24194,790
12461,25583,1870
12462,24623,1130
12463,23431,170
12464,24370,930
12465,23958,600
12466,24382,940
12467,30137,5040
12468,24320,890
12469,23724,410
12470,25189,1570
12471,25047,1460
12472,25916,2120
12473,23871,530
12474,26334,2430
12475,25268,1630
12476,24815,1280
12477,23310,70
12478,24420,970
12479,24892,1340
12480,26375,2460
12481,24674,1170
12482,24763,1240
12483,27178,3040
12484,24119,730
12485,23347,100
12486,24020,650
12487,23383,130
12488,23958,600
12489,24776,1250
12490,25060,1470
12491,23589,300
12492,23724,410
12493,24560,1080
12494,24982,1410
12495,26608,2630
12496,28753,4130
12497,23540,260
12498,26996,2910
12499,25215,1590
12500,23565,280
12501,23983,620
12502,23262,30
12503,24420,970
12504,26348,2440
12505,24982,1410
12506,24598,1110
12507,23687,380
12508,24144,750
12509,24674,1170
12510,25163,1550
12511,23834,500
12512,24534,1060
12513,23995,630
12514,23797,470
12515,25202,1580
12516,23958,600
12517,23711,400
12518,26773,2750
12519,23834,500
12520,24969,1400
12521,24995,1420
12522,24534,1060
12523,25098,1500
12524,26829,2790
12525,23540,260
12526,24534,1060
12527,25320,1670
12528,24007,640
12529,26553,2590
12530,23565,280
12531,24370,930
12532,24433,980
12533,24547,1070
12534,23614,320
12535,25047,1460
12536,25294,1650
12537,24420,970
12538,24370,930
12539,25124,1520
12540,24094,710
12541,23359,110
12542,23699,390
12543,23871,530
12544,24269,850
12545,24069,690
12546,24956,1390
12547,24560,1080
12548,24257,840
12549,25451,1770
12550,25412,1740
12551,25307,1660
12552,24307,880
12553,23736,420
12554,23871,530
12555,23226,0
12556,23711,400
12557,23589,300
12558,24094,710
12559,24521,1050
12560,25281,1640
12561,23614,320
12562,23480,210
12563,25399,1730
12564,24995,1420
12565,24045,670
12566,25889,2100
12567,26926,2860
12568,25477,1790
12569,24194,790
12570,23958,600
12571,25320,1670
12572,27574,3320
12573,23933,580
12574,25189,1570
12575,25716,1970
12576,24866,1320
12577,25073,1480
12578,24649,1150
12579,26443,2510
12580,23504,230
12581,23958,600
12582,29628,4710
12583,25636,1910
12584,25451,1770
12585,24007,640
12586,24725,1210
12587,25557,1850
12588,23322,80
12589,23310,70
12590,23662,360
12591,23516,240
12592,24687,1180
12593,24840,1300
12594,24169,770
12595,27192,3050
12596,26117,2270
12597,25969,2160
12598,29384,4550
12599,24789,1260
12600,23540,260
12601,24370,930
12602,25822,2050
12603,24244,830
12604,23995,630
12605,24943,1380
12606,23371,120
12607,23395,140
12608,26484,2540
12609,24257,840
12610,23699,390
12611,23884,540
12612,26293,2400
12613,28842,4190
12614,23371,120
12615,24282,860
12616,24020,650
12617,25742,1990
12618,25255,1620
12619,23540,260
12620,24232,820
12621,24395,950
12622,26940,2870
12623,24232,820
12624,24918,1360
12625,23262,30
12626,23650,350
12627,25073,1480
12628,27080,2970
12629,24194,790
12630,23847,510
12631,23970,610
12632,24007,640
12633,24828,1290
12634,24572,1090
12635,25412,1740
12636,24547,1070
12637,23983,620
12638,23553,270
12639,25021,1440
12640,24560,1080
12641,26815,2780
12642,25111,1510
12643,24943,1380
12644,23834,500
12645,25983,2170
12646,29874,4870
12647,24687,1180
12648,26608,2630
12649,24382,940
12650,25359,1700
12651,26266,2380
12652,24207,800
12653,25517,1820
12654,28164,3730
12655,25229,1600
12656,24282,860
12657,26131,2280
12658,24763,1240
12659,26843,2800
12660,25716,1970
12661,23383,130
12662,25294,1650
12663,24207,800
12664,26912,2850
12665,27803,3480
12666,26843,2800
12667,23322,80
12668,31966,6180
12669,24357,920
12670,24057,680
12671,23540,260
12672,25060,1470
12673,24157,760
12674,24725,1210
12675,23822,490
12676,24446,990
12677,24119,730
12678,24661,1160
12679,23687,380
12680,24132,740
12681,25795,2030
12682,23724,410
12683,23687,380
12684,25451,1770
12685,25359,1700
12686,25215,1590
12687,27164,3030
12688,24320,890
12689,24661,1160
12690,26815,2780
12691,25399,1730
12692,23601,310
12693,24069,690
12694,24020,650
12695,27545,3300
12696,25996,2180
12697,25902,2110
12698,23773,450
12699,26077,2240
12700,23995,630
12701,23933,580
12702,25835,2060
12703,27574,3320
12704,24879,1330
12705,23834,500
12706,24082,700
12707,24636,1140
12708,24045,670
12709,23407,150
12710,24207,800
12711,25215,1590
12712,23896,550
12713,23540,260
12714,23847,510
12715,23407,150
12716,29217,4440
12717,24119,730
12718,24458,1000
12719,28106,3690
12720,25202,1580
12721,24840,1300
12722,24674,1170
12723,23504,230
12724,24534,1060
12725,23662,360
12726,25969,2160
12727,24496,1030
12728,24194,790
12729,23359,110
12730,26704,2700
12731,25189,1570
12732,26321,2420
12733,24853,1310
12734,24144,750
12735,26144,2290
12736,27290,3120
12737,24649,1150
12738,24585,1100
12739,24207,800
12740,26635,2650
12741,24069,690
12742,23773,450
12743,24879,1330
12744,23395,140
12745,25047,1460
12746,25425,1750
12747,24382,940
12748,24521,1050
12749,24458,1000
12750,25137,1530
12751,24282,860
12752,24547,1070
12753,25111,1510
12754,25557,1850
12755,26144,2290
12756,24738,1220
12757,28486,3950
12758,24045,670
12759,24458,1000
12760,24107,720
12761,25623,1900
12762,25809,2040
12763,23760,440
12764,24943,1380
12765,25034,1450
12766,24995,1420
12767,23760,440
12768,24232,820
12769,25782,2020
12770,24956,1390
12771,25755,2000
12772,25557,1850
12773,25307,1660
12774,23724,410
12775,24045,670
12776,24458,1000
12777,23226,0
12778,25425,1750
12779,24995,1420
12780,23773,450
12781,26104,2260
12782,25124,1520
12783,24509,1040
12784,25729,1980
12785,23675,370
12786,24182,780
12787,25412,1740
12788,25111,1510
12789,24892,1340
12790,24458,1000
12791,26037,2210
12792,25716,1970
12793,25202,1580
12794,24534,1060
12795,23335,90
12796,23274,40
12797,25137,1530
12798,26553,2590
12799,24521,1050
12800,23834,500
12801,25124,1520
12802,23748,430
12803,23540,260
12804,25517,1820
12805,27932,3570
12806,24307,880
12807,26023,2200
12808,23226,0
12809,25425,1750
12810,24244,830
12811,25034,1450
12812,25229,1600
12813,24119,730
12814,24483,1020
12815,23419,160
12816,27660,3380
12817,24382,940
12818,27248,3090
12819,25333,1680
12820,24219,810
12821,23395,140
12822,23859,520
12823,24332,900
12824,25889,2100
12825,23699,390
12826,24674,1170
12827,23859,520
12828,25755,2000
12829,25008,1430
12830,23371,120
12831,24483,1020
12832,24119,730
12833,24446,990
12834,25021,1440
12835,26348,2440
12836,24509,1040
12837,25333,1680
12838,26954,2880
12839,23699,390
12840,26416,2490
12841,25412,1740
12842,27617,3350
12843,24956,1390
12844,25623,1900
12845,24232,820
12846,24776,1250
12847,27375,3180
12848,24057,680
12849,25609,1890
12850,24687,1180
12851,25372,1710
12852,26226,2350
12853,23250,20
12854,23983,620
12855,30153,5050
12856,25268,1630
12857,25320,1670
12858,23908,560
12859,25060,1470
12860,24446,990
12861,24244,830
12862,25557,1850
12863,23419,160
12864,24751,1230
12865,25729,1980
12866,29643,4720
12867,23859,520
12868,23335,90
12869,24020,650
12870,23921,570
12871,26594,2620
12872,24094,710
12873,24905,1350
12874,24132,740
12875,24194,790
12876,23933,580
12877,23748,430
12878,25702,1960
12879,26131,2280
12880,25242,1610
12881,25649,1920
12882,26037,2210
12883,27860,3520
12884,24521,1050
12885,24982,1410
12886,24496,1030
12887,24169,770
12888,25242,1610
12889,24585,1100
12890,26580,2610
12891,24623,1130
12892,26526,2570
12893,25150,1540
12894,28194,3750
12895,23847,510
12896,23468,200
12897,23871,530
12898,24776,1250
12899,23711,400
12900,24169,770
12901,24294,870
12902,23884,540
12903,25464,1780
12904,24069,690
12905,25716,1970
12906,24471,1010
12907,24712,1200
12908,28664,4070
12909,27674,3390
12910,23395,140
12911,26375,2460
12912,25085,1490
12913,24395,950
12914,27290,3120
12915,23834,500
12916,25969,2160
12917,24244,830
12918,24458,1000
12919,30545,5300
12920,25530,1830
12921,24420,970
12922,23528,250
12923,27164,3030
12924,24332,900
12925,25636,1910
12926,24763,1240
12927,26185,2320
12928,24943,1380
12929,23810,480
12930,26307,2410
12931,23553,270
12932,24700,1190
12933,24840,1300
12934,23871,530
12935,25229,1600
12936,25047,1460
12937,24408,960
12938,23601,310
12939,24219,810
12940,25150,1540
12941,24119,730
12942,23226,0
12943,23760,440
12944,23736,420
12945,23711,400
12946,25570,1860
12947,23431,170
12948,23443,180
12949,25215,1590
12950,26104,2260
12951,24789,1260
12952,24956,1390
12953,29217,4440
12954,27517,3280
12955,26829,2790
12956,23286,50
12957,25916,2120
12958,25098,1500
12959,24840,1300
12960,24007,640
12961,23335,90
12962,24636,1140
12963,24032,660
12964,24802,1270
12965,24636,1140
12966,25333,1680
12967,24649,1150
12968,26375,2460
12969,24956,1390
12970,23933,580
12971,24420,970
12972,25060,1470
12973,25636,1910
12974,24853,1310
12975,28457,3930
12976,27860,3520
12977,24082,700
12978,23675,370
12979,25060,1470
12980,23983,620
12981,24307,880
12982,24853,1310
12983,24700,1190
12984,24107,720
12985,23480,210
12986,26884,2830
12987,26471,2530
12988,24032,660
12989,24032,660
12990,24969,1400
12991,24585,1100
12992,24332,900
12993,26801,2770
12994,23921,570
12995,25242,1610
12996,24610,1120
12997,24132,740
12998,23896,550
12999,24458,1000
13000,24623,1130
13001,24232,820
13002,25372,1710
13003,24649,1150
13004,25557,1850
13005,27052,2950
13006,24219,810
13007,23614,320
13008,25689,1950
13009,23687,380
13010,26580,2610
13011,23810,480
13012,25517,1820
13013,26321,2420
13014,23577,290
13015,23274,40
13016,25809,2040
13017,24776,1250
13018,23834,500
13019,26171,2310
13020,24007,640
13021,23983,620
13022,25412,1740
13023,23859,520
13024,25215,1590
13025,23847,510
13026,29202,4430
13027,24144,750
13028,23797,470
13029,23945,590
13030,23577,290
13031,23760,440
13032,25623,1900
13033,23711,400
13034,27432,3220
13035,26131,2280
13036,23773,450
13037,29127,4380
13038,23286,50
13039,29262,4470
13040,27319,3140
13041,24332,900
13042,23724,410
13043,24969,1400
13044,23995,630
13045,26484,2540
13046,24509,1040
13047,24433,980
13048,24269,850
13049,24282,860
13050,24905,1350
13051,27531,3290
13052,24269,850
13053,25609,1890
13054,23407,150
13055,24294,870
13056,30435,5230
13057,25929,2130
13058,25202,1580
13059,24420,970
13060,24119,730
13061,24674,1170
13062,26402,2480
13063,26608,2630
13064,24107,720
13065,25596,1880
13066,25202,1580
13067,23262,30
13068,25795,2030
13069,29112,4370
13070,28590,4020
13071,25150,1540
13072,24598,1110
13073,23736,420
13074,24020,650
13075,23226,0
13076,24020,650
13077,25795,2030
13078,25491,1800
13079,25189,1570
13080,27489,3260
13081,25021,1440
13082,24956,1390
13083,26253,2370
13084,25849,2070
13085,25202,1580
13086,27717,3420
13087,27875,3530
13088,23662,360
13089,25098,1500
13090,24840,1300
13091,25557,1850
13092,25060,1470
13093,24585,1100
13094,27460,3240
13095,24866,1320
13096,25294,1650
13097,27446,3230
13098,25060,1470
13099,23528,250
13100,27052,2950
13101,27361,3170
13102,23896,550
13103,24969,1400
13104,26498,2550
13105,25862,2080
13106,25491,1800
13107,23540,260
13108,25189,1570
13109,23662,360
13110,25570,1860
13111,23896,550
13112,25098,1500
13113,25438,1760
13114,24572,1090
13115,25477,1790
13116,24144,750
13117,25649,1920
13118,24496,1030
13119,25849,2070
13120,23859,520
13121,24918,1360
13122,27192,3050
13123,24610,1120
13124,23983,620
13125,26171,2310
13126,26239,2360
13127,25255,1620
13128,24802,1270
13129,24020,650
13130,24144,750
13131,23933,580
13132,23958,600
13133,25862,2080
13134,23407,150
13135,24547,1070
13136,24789,1260
13137,23711,400
13138,23822,490
13139,23797,470
13140,24257,840
13141,24057,680
13142,25215,1590
13143,24082,700
13144,25662,1930
13145,24132,740
13146,25996,2180
13147,23650,350
13148,24032,660
13149,25385,1720
13150,25425,1750
13151,24840,1300
13152,24483,1020
13153,23724,410
13154,26266,2380
13155,26567,2600
13156,26843,2800
13157,28164,3730
13158,24433,980
13159,24649,1150
13160,23687,380
13161,27262,3100
13162,24483,1020
13163,24712,1200
13164,26402,2480
13165,26104,2260
13166,23468,200
13167,25268,1630
13168,24244,830
13169,24572,1090
13170,25996,2180
13171,24144,750
13172,26912,2850
13173,26226,2350
13174,24943,1380
13175,24751,1230
13176,25929,2130
13177,25596,1880
13178,23298,60
13179,23711,400
13180,25098,1500
13181,23687,380
13182,23468,200
13183,23359,110
13184,23687,380
13185,25163,1550
13186,25996,2180
13187,25307,1660
13188,24700,1190
13189,23528,250
13190,24045,670
13191,25060,1470
13192,25176,1560
13193,23884,540
13194,25636,1910
13195,23871,530
13196,24956,1390
13197,26567,2600
13198,23933,580
13199,23638,340
13200,26884,2830
13201,26226,2350
13202,24007,640
13203,24057,680
13204,25636,1910
13205,24585,1100
13206,25346,1690
13207,25008,1430
13208,25596,1880
13209,25255,1620
13210,25098,1500
13211,26635,2650
13212,26443,2510
13213,24483,1020
13214,24853,1310
13215,23859,520
13216,24057,680
13217,25008,1430
13218,24763,1240
13219,24687,1180
13220,23724,410
13221,23650,350
13222,23614,320
13223,23958,600
13224,25916,2120
13225,27803,3480
13226,24194,790
13227,23687,380
13228,23347,100
13229,24853,1310
13230,23736,420
13231,25996,2180
13232,24471,1010
13233,24157,760
13234,26526,2570
13235,25438,1760
13236,24560,1080
13237,24144,750
13238,24649,1150
13239,25929,2130
13240,24534,1060
13241,23724,410
13242,25111,1510
13243,25229,1600
13244,24020,650
13245,23884,540
13246,25530,1830
13247,23748,430
13248,26158,2300
13249,24207,800
13250,25333,1680
13251,23638,340
13252,24082,700
13253,25769,2010
13254,25570,1860
13255,23335,90
13256,23601,310
13257,27432,3220
13258,25268,1630
13259,24623,1130
13260,28887,4220
13261,26023,2200
13262,24370,930
13263,25021,1440
13264,23407,150
13265,26526,2570
13266,25008,1430
13267,24069,690
13268,24585,1100
13269,24045,670
13270,24982,1410
13271,24725,1210
13272,24840,1300
13273,26348,2440
13274,26760,2740
13275,25047,1460
13276,23958,600
13277,23322,80
13278,27588,3330
13279,27290,3120
13280,25662,1930
13281,24320,890
13282,23662,360
13283,24395,950
13284,24560,1080
13285,24879,1330
13286,28649,4060
13287,26787,2760
13288,24007,640
13289,25491,1800
13290,23711,400
13291,23699,390
13292,29081,4350
13293,24408,960
13294,23443,180
13295,24446,990
13296,24307,880
13297,23468,200
13298,24032,660
13299,23577,290
13300,27674,3390
13301,26898,2840
13302,25438,1760
13303,27403,3200
13304,23785,460
13305,24007,640
13306,25557,1850
13307,25008,1430
13308,24408,960
13309,24763,1240
13310,24282,860
13311,23638,340
13312,23871,530
13313,24069,690
13314,24789,1260
13315,24244,830
13316,24257,840
13317,26158,2300
13318,29843,4850
13319,25822,2050
13320,24244,830
13321,25676,1940
13322,23565,280
13323,28902,4230
13324,29308,4500
13325,26239,2360
13326,25755,2000
13327,24712,1200
13328,23847,510
13329,27276,3110
13330,24244,830
13331,26239,2360
13332,30450,5240
13333,24144,750
13334,24483,1020
13335,23359,110
13336,23274,40
13337,23626,330
13338,24320,890
13339,25451,1770
13340,25412,1740
13341,24712,1200
13342,25983,2170
13343,25359,1700
13344,24585,1100
13345,29006,4300
13346,25943,2140
13347,24458,1000
13348,26023,2200
13349,25491,1800
13350,23933,580
13351,27717,3420
13352,23322,80
13353,23724,410
13354,23443,180
13355,24395,950
13356,24032,660
13357,23736,420
13358,25477,1790
13359,24182,780
13360,23480,210
13361,25215,1590
13362,24879,1330
13363,24458,1000
13364,24169,770
13365,24700,1190
13366,25438,1760
13367,24057,680
13368,25689,1950
13369,25809,2040
13370,23785,460
13371,23871,530
13372,23662,360
13373,26226,2350
13374,27389,3190
13375,23626,330
13376,28034,3640
13377,24649,1150
13378,24943,1380
13379,26430,2500
13380,24610,1120
13381,23626,330
13382,24320,890
13383,27248,3090
13384,23983,620
13385,25425,1750
13386,24521,1050
13387,28092,3680
13388,24020,650
13389,25570,1860
13390,26402,2480
13391,24032,660
13392,26526,2570
13393,29582,4680
13394,24509,1040
13395,24182,780
13396,25073,1480
13397,24244,830
13398,25372,1710
13399,23884,540
13400,23638,340
13401,23528,250
13402,23983,620
13403,25451,1770
13404,24585,1100
13405,25268,1630
13406,25849,2070
13407,26362,2450
13408,24408,960
13409,25320,1670
13410,23286,50
13411,24420,970
13412,23577,290
13413,25636,1910
13414,25202,1580
13415,23958,600
13416,23262,30
13417,26117,2270
13418,24144,750
13419,25202,1580
13420,23724,410
13421,24020,650
13422,24815,1280
13423,28121,3700
13424,27248,3090
13425,26307,2410
13426,23773,450
13427,24610,1120
13428,23736,420
13429,23335,90
13430,33385,7020
13431,26539,2580
13432,24763,1240
13433,24892,1340
13434,24446,990
13435,24969,1400
13436,25098,1500
13437,26199,2330
13438,25636,1910
13439,25021,1440
13440,26280,2390
13441,24119,730
13442,24636,1140
13443,25399,1730
13444,25346,1690
13445,25517,1820
13446,24982,1410
13447,23540,260
13448,23760,440
13449,24483,1020
13450,25124,1520
13451,24144,750
13452,25034,1450
13453,24943,1380
13454,25742,1990
13455,24307,880
13456,25795,2030
13457,24320,890
13458,24420,970
13459,26912,2850
13460,25399,1730
13461,26704,2700
13462,24069,690
13463,25150,1540
13464,25835,2060
13465,23347,100
13466,24674,1170
13467,25889,2100
13468,23407,150
13469,28531,3980
13470,24433,980
13471,23995,630
13472,23577,290
13473,25124,1520
13474,23748,430
13475,26843,2800
13476,25021,1440
13477,24610,1120
13478,24269,850
13479,23908,560
13480,24585,1100
13481,25008,1430
13482,23565,280
13483,25359,1700
13484,24905,1350
13485,23614,320
13486,25150,1540
13487,23958,600
13488,25702,1960
13489,23383,130
13490,25451,1770
13491,24905,1350
13492,23553,270
13493,25716,1970
13494,26498,2550
13495,26746,2730
13496,25333,1680
13497,23921,570
13498,26622,2640
13499,23822,490
13500,23834,500
13501,23958,600
13502,23565,280
13503,26526,2570
13504,23431,170
13505,27474,3250
13506,28991,4290
13507,24119,730
13508,25372,1710
13509,23933,580
13510,23335,90
13511,23675,370
13512,23748,430
13513,23298,60
13514,26815,2780
13515,23896,550
13516,27192,3050
13517,25372,1710
13518,26362,2450
13519,24307,880
13520,23847,510
13521,25543,1840
13522,24866,1320
13523,24307,880
13524,26010,2190
13525,24144,750
13526,23834,500
13527,24382,940
13528,26362,2450
13529,24943,1380
13530,24144,750
13531,24840,1300
13532,24585,1100
13533,24132,740
13534,23540,260
13535,25294,1650
13536,25021,1440
13537,23626,330
13538,25008,1430
13539,23443,180
13540,23650,350
13541,24585,1100
13542,23675,370
13543,23383,130
13544,23577,290
13545,29874,4870
13546,24496,1030
13547,23589,300
13548,25983,2170
13549,25623,1900
13550,24969,1400
13551,23958,600
13552,27803,3480
13553,26185,2320
13554,24700,1190
13555,24815,1280
13556,24269,850
13557,23896,550
13558,28428,3910
13559,25530,1830
13560,26334,2430
13561,33058,6830
13562,25425,1750
13563,26171,2310
13564,25438,1760
13565,24144,750
13566,23773,450
13567,23650,350
13568,23443,180
13569,26526,2570
13570,24572,1090
13571,23298,60
13572,23945,590
13573,23528,250
13574,25623,1900
13575,23262,30
13576,23650,350
13577,24420,970
13578,25742,1990
13579,25943,2140
13580,26512,2560
13581,24995,1420
13582,23711,400
13583,23797,470
13584,28223,3770
13585,27262,3100
13586,25150,1540
13587,25137,1530
13588,28678,4080
13589,23760,440
13590,24420,970
13591,25124,1520
13592,24956,1390
13593,24879,1330
13594,25202,1580
13595,32567,6540
13596,24420,970
13597,25229,1600
13598,23553,270
13599,29475,4610
13600,26348,2440
13601,25849,2070
13602,25346,1690
13603,24802,1270
13604,25795,2030
13605,23601,310
13606,25689,1950
13607,24649,1150
13608,24144,750
13609,24956,1390
13610,23528,250
13611,24395,950
13612,23407,150
13613,24649,1150
13614,24219,810
13615,24918,1360
13616,26430,2500
13617,24370,930
13618,24207,800
13619,24471,1010
13620,24700,1190
13621,23748,430
13622,24257,840
13623,23431,170
13624,24182,780
13625,24585,1100
13626,23785,460
13627,24700,1190
13628,25862,2080
13629,24879,1330
13630,26362,2450
13631,24982,1410
13632,25137,1530
13633,24738,1220
13634,26389,2470
13635,24815,1280
13636,27446,3230
13637,24789,1260
13638,24521,1050
13639,28048,3650
13640,24357,920
13641,26594,2620
13642,24257,840
13643,26280,2390
13644,26608,2630
13645,27961,3590
13646,23455,190
13647,23785,460
13648,24496,1030
13649,24144,750
13650,24057,680
13651,26171,2310
13652,24687,1180
13653,23395,140
13654,24144,750
13655,26375,2460
13656,25124,1520
13657,23748,430
13658,28753,4130
13659,24307,880
13660,23785,460
13661,23675,370
13662,23650,350
13663,24521,1050
13664,27446,3230
13665,24892,1340
13666,23760,440
13667,25742,1990
13668,28223,3770
13669,30815,5470
13670,24408,960
13671,23847,510
13672,24815,1280
13673,23785,460
13674,23675,370
13675,25399,1730
13676,23577,290
13677,25137,1530
13678,23577,290
13679,24763,1240
13680,25008,1430
13681,25281,1640
13682,24144,750
13683,23921,570
13684,24382,940
13685,24307,880
13686,27560,3310
13687,23896,550
13688,25150,1540
13689,25060,1470
13690,31442,5860
13691,24307,880
13692,24282,860
13693,25596,1880
13694,24547,1070
13695,28932,4250
13696,24840,1300
13697,25557,1850
13698,24661,1160
13699,24521,1050
13700,24496,1030
13701,26253,2370
13702,23492,220
13703,29429,4580
13704,23504,230
13705,25346,1690
13706,25281,1640
13707,23983,620
13708,26870,2820
13709,24623,1130
13710,26158,2300
13711,26608,2630
13712,26090,2250
13713,25124,1520
13714,24119,730
13715,27080,2970
13716,23871,530
13717,24892,1340
13718,24395,950
13719,23589,300
13720,24828,1290
13721,26050,2220
13722,26253,2370
13723,26484,2540
13724,26171,2310
13725,23322,80
13726,24094,710
13727,25085,1490
13728,24420,970
13729,25755,2000
13730,23274,40
13731,23468,200
13732,25464,1780
13733,24032,660
13734,24345,910
13735,23455,190
13736,23589,300
13737,23675,370
13738,23871,530
13739,25689,1950
13740,24020,650
13741,24207,800
13742,25399,1730
13743,25742,1990
13744,27904,3550
13745,25346,1690
13746,23797,470
13747,25689,1950
13748,24446,990
13749,23871,530
13750,23797,470
13751,25477,1790
13752,25969,2160
13753,28486,3950
13754,25649,1920
13755,26077,2240
13756,25372,1710
13757,25543,1840
13758,24307,880
13759,24119,730
13760,24320,890
13761,23455,190
13762,24182,780
13763,24521,1050
13764,24534,1060
13765,26567,2600
13766,24636,1140
13767,25215,1590
13768,26982,2900
13769,24918,1360
13770,23736,420
13771,23822,490
13772,27961,3590
13773,26829,2790
13774,23995,630
13775,28516,3970
13776,23983,620
13777,23675,370
13778,24521,1050
13779,27150,3020
13780,24182,780
13781,23748,430
13782,24094,710
13783,24943,1380
13784,23983,620
13785,24345,910
13786,24751,1230
13787,24496,1030
13788,25021,1440
13789,24020,650
13790,23871,530
13791,24969,1400
13792,24357,920
13793,23589,300
13794,24636,1140
13795,24458,1000
13796,23970,610
13797,24294,870
13798,25795,2030
13799,25229,1600
13800,23921,570
13801,24521,1050
13802,26212,2340
13803,24144,750
13804,24969,1400
13805,23736,420
13806,24408,960
13807,24853,1310
13808,28398,3890
13809,25333,1680
13810,25229,1600
13811,24082,700
13812,24751,1230
13813,24032,660
13814,31312,5780
13815,23748,430
13816,23760,440
13817,24007,640
13818,27717,3420
13819,26443,2510
13820,23970,610
13821,24649,1150
13822,24320,890
13823,24094,710
13824,23847,510
13825,24763,1240
13826,25702,1960
13827,25359,1700
13828,23736,420
13829,24119,730
13830,24802,1270
13831,24107,720
13832,24082,700
13833,24905,1350
13834,25281,1640
13835,24408,960
13836,23347,100
13837,24132,740
13838,25517,1820
13839,26982,2900
13840,26077,2240
13841,26293,2400
13842,24918,1360
13843,24307,880
13844,29582,4680
13845,25729,1980
13846,24294,870
13847,24751,1230
13848,23859,520
13849,24636,1140
13850,25060,1470
13851,25889,2100
13852,23443,180
13853,25202,1580
13854,26746,2730
13855,25320,1670
13856,24182,780
13857,24610,1120
13858,24496,1030
13859,25073,1480
13860,24918,1360
13861,24982,1410
13862,24802,1270
13863,24294,870
13864,24623,1130
13865,23516,240
13866,23675,370
13867,24560,1080
13868,23492,220
13869,23565,280
13870,24458,1000
13871,26077,2240
13872,24357,920
13873,24357,920
13874,25504,1810
13875,26677,2680
13876,25969,2160
13877,24763,1240
13878,24840,1300
13879,24738,1220
13880,26815,2780
13881,24032,660
13882,24244,830
13883,23760,440
13884,25294,1650
13885,23921,570
13886,25929,2130
13887,26787,2760
13888,23480,210
13889,23983,620
13890,24700,1190
13891,27276,3110
13892,24332,900
13893,25835,2060
13894,24119,730
13895,23859,520
13896,24496,1030
13897,23859,520
13898,23687,380
13899,23504,230
13900,23286,50
13901,24776,1250
13902,25320,1670
13903,23797,470
13904,26567,2600
13905,24132,740
13906,23383,130
13907,23896,550
13908,26104,2260
13909,24057,680
13910,26239,2360
13911,25662,1930
13912,25021,1440
13913,27702,3410
13914,24446,990
13915,26594,2620
13916,24509,1040
13917,25570,1860
13918,24207,800
13919,23650,350
13920,25596,1880
13921,24232,820
13922,24144,750
13923,23822,490
13924,24144,750
13925,24789,1260
13926,24458,1000
13927,25189,1570
13928,24598,1110
13929,25996,2180
13930,25689,1950
13931,26402,2480
13932,23748,430
13933,24789,1260
13934,24082,700
13935,24789,1260
13936,23662,360
13937,29097,4360
13938,24395,950
13939,26158,2300
13940,24751,1230
13941,24395,950
13942,26239,2360
13943,24918,1360
13944,26471,2530
13945,23614,320
13946,27333,3150
13947,23650,350
13948,24094,710
13949,23626,330
13950,24082,700
13951,24094,710
13952,23504,230
13953,27094,2980
13954,26870,2820
13955,23528,250
13956,28194,3750
13957,23589,300
13958,23711,400
13959,24132,740
13960,25281,1640
13961,24307,880
13962,25073,1480
13963,23958,600
13964,24496,1030
13965,23468,200
13966,27220,3070
13967,26226,2350
13968,24395,950
13969,28442,3920
13970,24585,1100
13971,23896,550
13972,24509,1040
13973,26375,2460
13974,25008,1430
13975,27122,3000
13976,24182,780
13977,24610,1120
13978,24433,980
13979,27052,2950
13980,24282,860
13981,26718,2710
13982,27832,3500
13983,24687,1180
13984,23896,550
13985,23945,590
13986,23504,230
13987,24725,1210
13988,24045,670
13989,23516,240
13990,24057,680
13991,24069,690
13992,23553,270
13993,23859,520
13994,23528,250
13995,27731,3430
13996,24712,1200
13997,26663,2670
13998,23662,360
13999,26954,2880
14000,25294,1650
14001,25281,1640
14002,24572,1090
14003,28782,4150
14004,24007,640
14005,25333,1680
14006,24572,1090
14007,23250,20
14008,25189,1570
14009,24257,840
14010,24232,820
14011,28135,3710
14012,25060,1470
14013,23958,600
14014,27474,3250
14015,25662,1930
14016,24307,880
14017,24244,830
14018,25047,1460
14019,24207,800
14020,23371,120
14021,26375,2460
14022,24119,730
14023,27290,3120
14024,28310,3830
14025,24370,930
14026,27517,3280
14027,24395,950
14028,24509,1040
14029,25557,1850
14030,23834,500
14031,26063,2230
14032,23638,340
14033,23896,550
14034,23528,250
14035,26704,2700
14036,23468,200
14037,26539,2580
14038,25862,2080
14039,24521,1050
14040,29293,4490
14041,24357,920
14042,25372,1710
14043,24458,1000
14044,24182,780
14045,24332,900
14046,25822,2050
14047,24610,1120
14048,24157,760
14049,25530,1830
14050,25111,1510
14051,27038,2940
14052,24521,1050
14053,31006,5590
14054,24879,1330
14055,23847,510
14056,23431,170
14057,25294,1650
14058,23995,630
14059,25034,1450
14060,24879,1330
14061,24307,880
14062,24649,1150
14063,24320,890
14064,24674,1170
14065,28223,3770
14066,24207,800
14067,24905,1350
14068,24585,1100
14069,24458,1000
14070,23407,150
14071,23711,400
14072,35356,8130
14073,26402,2480
14074,24395,950
14075,23638,340
14076,24395,950
14077,24995,1420
14078,25060,1470
14079,23748,430
14080,24982,1410
14081,24636,1140
14082,25202,1580
14083,23528,250
14084,24572,1090
14085,23699,390
14086,31070,5630
14087,23748,430
14088,24687,1180
14089,30028,4970
14090,24082,700
14091,23810,480
14092,23395,140
14093,25150,1540
14094,25008,1430
14095,24853,1310
14096,24853,1310
14097,25916,2120
14098,23711,400
14099,23650,350
14100,23847,510
14101,24433,980
14102,24395,950
14103,25596,1880
14104,23431,170
14105,25229,1600
14106,23908,560
14107,25163,1550
14108,26704,2700
14109,26077,2240
14110,24107,720
14111,23335,90
14112,25399,1730
14113,24636,1140
14114,24294,870
14115,24320,890
14116,23589,300
14117,26622,2640
14118,24207,800
14119,25649,1920
14120,23322,80
14121,23995,630
14122,26760,2740
14123,24738,1220
14124,24560,1080
14125,24446,990
14126,25570,1860
14127,24674,1170
14128,26677,2680
14129,25543,1840
14130,24332,900
14131,24995,1420
14132,24020,650
14133,25769,2010
14134,25294,1650
14135,23675,370
14136,25060,1470
14137,23675,370
14138,24119,730
14139,23662,360
14140,24610,1120
14141,24082,700
14142,24918,1360
14143,23834,500
14144,24969,1400
14145,26484,2540
14146,24345,910
14147,24534,1060
14148,26982,2900
14149,25623,1900
14150,24032,660
14151,24057,680
14152,25229,1600
14153,23773,450
14154,23970,610
14155,24107,720
14156,24257,840
14157,25889,2100
14158,27389,3190
14159,23884,540
14160,26982,2900
14161,24751,1230
14162,24828,1290
14163,24269,850
14164,25047,1460
14165,27460,3240
14166,23226,0
14167,24763,1240
14168,23724,410
14169,24420,970
14170,23553,270
14171,23335,90
14172,25294,1650
14173,24194,790
14174,24332,900
14175,24982,1410
14176,25085,1490
14177,25176,1560
14178,25889,2100
14179,24169,770
14180,24282,860
14181,25085,1490
14182,26443,2510
14183,26158,2300
14184,25451,1770
14185,24107,720
14186,29720,4770
14187,27024,2930
14188,24307,880
14189,23480,210
14190,25281,1640
14191,24382,940
14192,25862,2080
14193,23601,310
14194,25809,2040
14195,25137,1530
14196,26512,2560
14197,24332,900
14198,25268,1630
14199,24982,1410
14200,23785,460
14201,23638,340
14202,23565,280
14203,25902,2110
14204,23871,530
14205,24623,1130
14206,23298,60
14207,23760,440
14208,25795,2030
14209,23553,270
14210,23711,400
14211,24144,750
14212,25451,1770
14213,23601,310
14214,23773,450
14215,26375,2460
14216,29308,4500
14217,29858,4860
14218,25359,1700
14219,25372,1710
14220,24433,980
14221,24107,720
14222,26498,2550
14223,24572,1090
14224,23614,320
14225,26321,2420
14226,24623,1130
14227,25242,1610
14228,25229,1600
14229,23884,540
14230,26389,2470
14231,26010,2190
14232,25202,1580
14233,24082,700
14234,23908,560
14235,23614,320
14236,27347,3160
14237,23516,240
14238,25163,1550
14239,23921,570
14240,23859,520
14241,23970,610
14242,25969,2160
14243,24244,830
14244,27220,3070
14245,24307,880
14246,24094,710
14247,33836,7280
14248,23933,580
14249,28516,3970
14250,25530,1830
14251,24905,1350
14252,27674,3390
14253,26104,2260
14254,26649,2660
14255,26090,2250
14256,26787,2760
14257,24995,1420
14258,26280,2390
14259,23553,270
14260,24207,800
14261,24995,1420
14262,24370,930
14263,24995,1420
14264,27262,3100
14265,24094,710
14266,25451,1770
14267,23958,600
14268,23970,610
14269,24420,970
14270,31999,6200
14271,24119,730
14272,29217,4440
14273,26063,2230
14274,23589,300
14275,23810,480
14276,23601,310
14277,25229,1600
14278,24446,990
14279,24802,1270
14280,25229,1600
14281,24169,770
14282,25098,1500
14283,24725,1210
14284,24433,980
14285,24623,1130
14286,27617,3350
14287,27262,3100
14288,23687,380
14289,25609,1890
14290,24471,1010
14291,24892,1340
14292,25716,1970
14293,26239,2360
14294,23797,470
14295,24357,920
14296,25307,1660
14297,23748,430
14298,25969,2160
14299,24610,1120
14300,24738,1220
14301,23773,450
14302,25795,2030
14303,27248,3090
14304,24763,1240
14305,28266,3800
14306,24918,1360
14307,26580,2610
14308,23995,630
14309,24610,1120
14310,28797,4160
14311,25085,1490
14312,24057,680
14313,24776,1250
14314,23601,310
14315,25242,1610
14316,25557,1850
14317,25902,2110
14318,31687,6010
14319,24332,900
14320,24995,1420
14321,23859,520
14322,25307,1660
14323,23699,390
14324,25294,1650
14325,24307,880
14326,24866,1320
14327,24194,790
14328,23699,390
14329,24269,850
14330,25333,1680
14331,23383,130
14332,25623,1900
14333,23601,310
14334,26926,2860
14335,24045,670
14336,25702,1960
14337,24700,1190
14338,23699,390
14339,23335,90
14340,24547,1070
14341,25137,1530
14342,25876,2090
14343,24995,1420
14344,25530,1830
14345,23650,350
14346,23262,30
14347,29278,4480
14348,25008,1430
14349,23945,590
14350,23933,580
14351,25689,1950
14352,24776,1250
14353,24332,900
14354,25346,1690
14355,23310,70
14356,23359,110
14357,23614,320
14358,23638,340
14359,23970,610
14360,23626,330
14361,24840,1300
14362,24107,720
14363,23834,500
14364,24585,1100
14365,25983,2170
14366,23748,430
14367,24408,960
14368,25372,1710
14369,23687,380
14370,24345,910
14371,26321,2420
14372,23736,420
14373,25769,2010
14374,24661,1160
14375,24157,760
14376,23958,600
14377,25412,1740
14378,23773,450
14379,25268,1630
14380,24144,750
14381,25477,1790
14382,24509,1040
14383,24433,980
14384,24119,730
14385,23871,530
14386,23492,220
14387,24169,770
14388,23516,240
14389,25822,2050
14390,23480,210
14391,23859,520
14392,25307,1660
14393,23933,580
14394,26580,2610
14395,25098,1500
14396,25862,2080
14397,24207,800
14398,31086,5640
14399,25782,2020
14400,24585,1100
14401,25399,1730
14402,26870,2820
14403,23589,300
14404,24020,650
14405,23810,480
14406,25769,2010
14407,26226,2350
14408,24712,1200
14409,25491,1800
14410,23945,590
14411,23650,350
14412,24119,730
14413,25294,1650
14414,23675,370
14415,24007,640
14416,24020,650
14417,24032,660
14418,23310,70
14419,25202,1580
14420,24661,1160
14421,24789,1260
14422,25359,1700
14423,24207,800
14424,24560,1080
14425,23834,500
14426,23970,610
14427,24282,860
14428,24144,750
14429,24623,1130
14430,24269,850
14431,23834,500
14432,25189,1570
14433,28887,4220
14434,23455,190
14435,24892,1340
14436,24446,990
14437,24521,1050
14438,23480,210
14439,25242,1610
14440,23970,610
14441,23565,280
14442,23933,580
14443,24623,1130
14444,26732,2720
14445,23834,500
14446,25085,1490
14447,24094,710
14448,25294,1650
14449,24623,1130
14450,25464,1780
14451,24332,900
14452,23711,400
14453,25047,1460
14454,24879,1330
14455,25359,1700
14456,26622,2640
14457,25021,1440
14458,23407,150
14459,24828,1290
14460,24879,1330
14461,23468,200
14462,27164,3030
14463,26760,2740
14464,24045,670
14465,28223,3770
14466,24943,1380
14467,23626,330
14468,23822,490
14469,23322,80
14470,25034,1450
14471,26940,2870
14472,23662,360
14473,27774,3460
14474,26954,2880
14475,26375,2460
14476,24232,820
14477,23995,630
14478,25098,1500
14479,25008,1430
14480,24943,1380
14481,24207,800
14482,26580,2610
14483,26131,2280
14484,38147,9600
14485,26171,2310
14486,25176,1560
14487,24294,870
14488,23577,290
14489,24332,900
14490,23859,520
14491,24420,970
14492,24094,710
14493,23983,620
14494,23896,550
14495,24433,980
14496,27136,3010
14497,25268,1630
14498,26212,2340
14499,24182,780
14500,24763,1240
14501,23528,250
14502,24547,1070
14503,25294,1650
14504,24598,1110
14505,23983,620
14506,23822,490
14507,24269,850
14508,23970,610
14509,23859,520
14510,24956,1390
14511,24345,910
14512,24687,1180
14513,24815,1280
14514,24395,950
14515,24119,730
14516,25504,1810
14517,24598,1110
14518,23468,200
14519,27389,3190
14520,23748,430
14521,24446,990
14522,23748,430
14523,26801,2770
14524,23431,170
14525,25098,1500
14526,24776,1250
14527,25464,1780
14528,26375,2460
14529,24458,1000
14530,24032,660
14531,23262,30
14532,23589,300
14533,23650,350
14534,23810,480
14535,25570,1860
14536,28887,4220
14537,26362,2450
14538,24815,1280
14539,23614,320
14540,24045,670
14541,23748,430
14542,25021,1440
14543,24943,1380
14544,23407,150
14545,24169,770
14546,25255,1620
14547,23504,230
14548,26553,2590
14549,24357,920
14550,31917,6150
14551,24483,1020
14552,24169,770
14553,25477,1790
14554,23822,490
14555,24815,1280
14556,23407,150
14557,23699,390
14558,26457,2520
14559,23748,430
14560,24382,940
14561,27192,3050
14562,23711,400
14563,24534,1060
14564,24408,960
14565,23687,380
14566,23921,570
14567,23675,370
14568,24169,770
14569,24370,930
14570,26321,2420
14571,24483,1020
14572,27474,3250
14573,25229,1600
14574,23577,290
14575,24930,1370
14576,24560,1080
14577,23760,440
14578,24370,930
14579,23371,120
14580,24789,1260
14581,23933,580
14582,24082,700
14583,23528,250
14584,25477,1790
14585,23760,440
14586,26321,2420
14587,27517,3280
14588,24956,1390
14589,25530,1830
14590,24840,1300
14591,25307,1660
14592,23810,480
14593,24069,690
14594,24194,790
14595,23711,400
14596,25755,2000
14597,24956,1390
14598,25755,2000
14599,24598,1110
14600,24307,880
14601,24866,1320
14602,23871,530
14603,24007,640
14604,23908,560
14605,23675,370
14606,23614,320
14607,24094,710
14608,25137,1530
14609,23847,510
14610,23687,380
14611,27560,3310
14612,25902,2110
14613,24207,800
14614,24219,810
14615,25150,1540
14616,23383,130
14617,24382,940
14618,23383,130
14619,24119,730
14620,24930,1370
14621,24496,1030
14622,23748,430
14623,23896,550
14624,25098,1500
14625,24815,1280
14626,23528,250
14627,26050,2220
14628,24257,840
14629,23347,100
14630,24483,1020
14631,25557,1850
14632,26857,2810
14633,26307,2410
14634,25517,1820
14635,25809,2040
14636,32298,6380
14637,29308,4500
14638,24257,840
14639,23871,530
14640,24069,690
14641,24244,830
14642,23650,350
14643,24585,1100
14644,24892,1340
14645,23565,280
14646,24661,1160
14647,24446,990
14648,27731,3430
14649,25060,1470
14650,25176,1560
14651,24282,860
14652,23589,300
14653,24483,1020
14654,23748,430
14655,23468,200
14656,24982,1410
14657,23310,70
14658,26185,2320
14659,23335,90
14660,23298,60
14661,25021,1440
14662,24995,1420
14663,26787,2760
14664,24282,860
14665,25477,1790
14666,24866,1320
14667,28354,3860
14668,25477,1790
14669,26773,2750
14670,24969,1400
14671,23810,480
14672,25359,1700
14673,23662,360
14674,24471,1010
14675,24244,830
14676,23274,40
14677,24345,910
14678,24930,1370
14679,24320,890
14680,24345,910
14681,25876,2090
14682,24194,790
14683,24370,930
14684,25008,1430
14685,24547,1070
14686,25098,1500
14687,24866,1320
14688,24082,700
14689,23859,520
14690,25557,1850
14691,25662,1930
14692,24107,720
14693,24995,1420
14694,23614,320
14695,24244,830
14696,23748,430
14697,25609,1890
14698,23626,330
14699,23298,60
14700,23933,580
14701,23298,60
14702,23371,120
14703,23711,400
14704,27875,3530
14705,24332,900
14706,23274,40
14707,23407,150
14708,23226,0
14709,25889,2100
14710,24332,900
14711,24057,680
14712,26402,2480
14713,26104,2260
14714,24610,1120
14715,25098,1500
14716,24320,890
14717,24610,1120
14718,23736,420
14719,23298,60
14720,23601,310
14721,24712,1200
14722,24560,1080
14723,23884,540
14724,26402,2480
14725,26253,2370
14726,23797,470
14727,23675,370
14728,25229,1600
14729,23822,490
14730,23675,370
14731,26443,2510
14732,24194,790
14733,24370,930
14734,25412,1740
14735,23540,260
14736,24144,750
14737,24930,1370
14738,24521,1050
14739,25034,1450
14740,23834,500
14741,24082,700
14742,25504,1810
14743,24094,710
14744,25021,1440
14745,24661,1160
14746,27418,3210
14747,25889,2100
14748,24853,1310
14749,29827,4840
14750,24370,930
14751,24905,1350
14752,24661,1160
14753,25215,1590
14754,25729,1980
14755,23970,610
14756,37116,9070
14757,25809,2040
14758,26484,2540
14759,23492,220
14760,23540,260
14761,24712,1200
14762,25242,1610
14763,24930,1370
14764,23662,360
14765,23359,110
14766,25849,2070
14767,24020,650
14768,23504,230
14769,30262,5120
14770,27178,3040
14771,26185,2320
14772,26144,2290
14773,23638,340
14774,25636,1910
14775,24636,1140
14776,23724,410
14777,24257,840
14778,23662,360
14779,25034,1450
14780,26691,2690
14781,25969,2160
14782,25281,1640
14783,24892,1340
14784,23407,150
14785,25255,1620
14786,24345,910
14787,24382,940
14788,24082,700
14789,25346,1690
14790,25530,1830
14791,23226,0
14792,25849,2070
14793,24370,930
14794,23504,230
14795,24547,1070
14796,26815,2780
14797,31377,5820
14798,24182,780
14799,24269,850
14800,24182,780
14801,23896,550
14802,23540,260
14803,24623,1130
14804,23626,330
14805,24943,1380
14806,26402,2480
14807,24905,1350
14808,23614,320
14809,23884,540
14810,23773,450
14811,24496,1030
14812,23443,180
14813,25596,1880
14814,23589,300
14815,24057,680
14816,24995,1420
14817,24069,690
14818,23983,620
14819,25623,1900
14820,25729,1980
14821,26010,2190
14822,25702,1960
14823,25399,1730
14824,25835,2060
14825,24623,1130
14826,26898,2840
14827,24395,950
14828,23614,320
14829,24020,650
14830,25517,1820
14831,26857,2810
14832,24020,650
14833,25570,1860
14834,24471,1010
14835,23504,230
14836,24776,1250
14837,25008,1430
14838,23614,320
14839,24585,1100
14840,23995,630
14841,24458,1000
14842,27403,3200
14843,23908,560
14844,23226,0
14845,24943,1380
14846,25438,1760
14847,24918,1360
14848,24144,750
14849,24598,1110
14850,24776,1250
14851,24509,1040
14852,25543,1840
14853,24207,800
14854,24471,1010
14855,24007,640
14856,24370,930
14857,27347,3160
14858,26280,2390
14859,24521,1050
14860,25689,1950
14861,24738,1220
14862,25399,1730
14863,25333,1680
14864,27860,3520
14865,24307,880
14866,29874,4870
14867,23958,600
14868,25543,1840
14869,26307,2410
14870,24815,1280
14871,23995,630
14872,24244,830
14873,23797,470
14874,24483,1020
14875,31215,5720
14876,25543,1840
14877,26926,2860
14878,25399,1730
14879,24282,860
14880,27489,3260
14881,24738,1220
14882,23797,470
14883,23958,600
14884,23871,530
14885,24930,1370
14886,24069,690
14887,23516,240
14888,23455,190
14889,25320,1670
14890,24995,1420
14891,24598,1110
14892,24020,650
14893,24232,820
14894,23601,310
14895,23748,430
14896,23983,620
14897,24853,1310
14898,26199,2330
14899,23699,390
14900,24943,1380
14901,24866,1320
14902,24982,1410
14903,23736,420
14904,23492,220
14905,23724,410
14906,29232,4450
14907,23553,270
14908,29187,4420
14909,25346,1690
14910,24853,1310
14911,24357,920
14912,23699,390
14913,24294,870
14914,24395,950
14915,25929,2130
14916,24598,1110
14917,24144,750
14918,25795,2030
14919,23908,560
14920,23760,440
14921,24307,880
14922,26580,2610
14923,23528,250
14924,25504,1810
14925,24132,740
14926,24623,1130
14927,23226,0
14928,25137,1530
14929,23274,40
14930,24598,1110
14931,24892,1340
14932,24169,770
14933,25676,1940
14934,23834,500
14935,25491,1800
14936,26158,2300
14937,23760,440
14938,24483,1020
14939,27220,3070
14940,24471,1010
14941,25242,1610
14942,23773,450
14943,25676,1940
14944,23810,480
14945,25229,1600
14946,24207,800
14947,24674,1170
14948,23516,240
14949,26131,2280
14950,23650,350
14951,24244,830
14952,23970,610
14953,25189,1570
14954,24725,1210
14955,25517,1820
14956,26594,2620
14957,31345,5800
14958,24169,770
14959,23847,510
14960,24496,1030
14961,24032,660
14962,24879,1330
14963,24345,910
14964,26117,2270
14965,24232,820
14966,23896,550
14967,23589,300
14968,23516,240
14969,26870,2820
14970,23748,430
14971,24169,770
14972,24132,740
14973,24332,900
14974,28281,3810
14975,25359,1700
14976,27560,3310
14977,23797,470
14978,24320,890
14979,24674,1170
14980,25034,1450
14981,24157,760
14982,23383,130
14983,23785,460
14984,24307,880
14985,27918,3560
14986,31183,5700
14987,25098,1500
14988,26443,2510
14989,24763,1240
14990,23577,290
14991,24879,1330
14992,26982,2900
14993,27932,3570
14994,24332,900
14995,24674,1170
14996,24995,1420
14997,26239,2360
14998,23371,120
14999,24509,1040
15000,23504,230
15001,24943,1380
15002,25176,1560
15003,26023,2200
15004,23958,600
15005,24700,1190
15006,23407,150
15007,25849,2070
15008,24905,1350
15009,25636,1910
15010,25073,1480
15011,26553,2590
15012,23601,310
15013,23298,60
15014,24995,1420
15015,23626,330
15016,23785,460
15017,24534,1060
15018,24446,990
15019,23675,370
15020,28827,4180
15021,24636,1140
15022,23724,410
15023,29157,4400
15024,24370,930
15025,25795,2030
15026,24408,960
15027,25702,1960
15028,24032,660
15029,24269,850
15030,23589,300
15031,25229,1600
15032,26635,2650
15033,24082,700
15034,24918,1360
15035,23908,560
15036,29187,4420
15037,25876,2090
15038,27304,3130
15039,24057,680
15040,24119,730
15041,23699,390
15042,23565,280
15043,24370,930
15044,24649,1150
15045,23896,550
15046,25163,1550
15047,23298,60
15048,24320,890
15049,24995,1420
15050,23958,600
15051,24840,1300
15052,26996,2910
15053,24269,850
15054,24700,1190
15055,25047,1460
15056,26307,2410
15057,23675,370
15058,26430,2500
15059,26608,2630
15060,26334,2430
15061,25385,1720
15062,26158,2300
15063,26471,2530
15064,25662,1930
15065,24547,1070
15066,24636,1140
15067,25438,1760
15068,23797,470
15069,27206,3060
15070,25215,1590
15071,23983,620
15072,24853,1310
15073,25809,2040
15074,23983,620
15075,24521,1050
15076,24636,1140
15077,27832,3500
15078,23748,430
15079,25399,1730
15080,24509,1040
15081,23468,200
15082,25124,1520
15083,24194,790
15084,23238,10
15085,24725,1210
15086,24496,1030
15087,24610,1120
15088,25294,1650
15089,23407,150
15090,24307,880
15091,23736,420
15092,26815,2780
15093,25047,1460
15094,24509,1040
15095,24194,790
15096,23871,530
15097,24700,1190
15098,23724,410
15099,23871,530
15100,23834,500
15101,26760,2740
15102,26090,2250
15103,24069,690
15104,23908,560
15105,25176,1560
15106,25294,1650
15107,23871,530
15108,24802,1270
15109,24598,1110
15110,24776,1250
15111,24623,1130
15112,27220,3070
15113,23908,560
15114,26649,2660
15115,23347,100
15116,24572,1090
15117,24572,1090
15118,24045,670
15119,25229,1600
15120,25557,1850
15121,24674,1170
15122,25996,2180
15123,25862,2080
15124,28135,3710
15125,26484,2540
15126,24471,1010
15127,25543,1840
15128,23711,400
15129,27136,3010
15130,24132,740
15131,25662,1930
15132,24636,1140
15133,24725,1210
15134,23958,600
15135,24892,1340
15136,24045,670
15137,24853,1310
15138,24057,680
15139,25636,1910
15140,24712,1200
15141,23431,170
15142,24892,1340
15143,24649,1150
15144,25464,1780
15145,28545,3990
15146,24496,1030
15147,23431,170
15148,24020,650
15149,24232,820
15150,24840,1300
15151,25662,1930
15152,24446,990
15153,24045,670
15154,24320,890
15155,25956,2150
15156,23504,230
15157,25111,1510
15158,25943,2140
15159,24395,950
15160,24082,700
15161,24032,660
15162,25755,2000
15163,25034,1450
15164,24020,650
15165,24738,1220
15166,24471,1010
15167,25008,1430
15168,26704,2700
15169,24357,920
15170,24509,1040
15171,25268,1630
15172,26622,2640
15173,23896,550
15174,23995,630
15175,23810,480
15176,26746,2730
15177,26077,2240
15178,24269,850
15179,25307,1660
15180,26484,2540
15181,23834,500
15182,23995,630
15183,24496,1030
15184,25609,1890
15185,23699,390
15186,23785,460
15187,24232,820
15188,23871,530
15189,25755,2000
15190,24547,1070
15191,24610,1120
15192,25111,1510
15193,23983,620
15194,24232,820
15195,24815,1280
15196,24649,1150
15197,27333,3150
15198,23748,430
15199,24623,1130
15200,29278,4480
15201,25676,1940
15202,26226,2350
15203,23736,420
15204,26023,2200
15205,24282,860
15206,24132,740
15207,24382,940
15208,26608,2630
15209,25504,1810
15210,23995,630
15211,26912,2850
15212,27262,3100
15213,24307,880
15214,23724,410
15215,26704,2700
15216,24057,680
15217,24119,730
15218,24509,1040
15219,24194,790
15220,23528,250
15221,24107,720
15222,25073,1480
15223,28223,3770
15224,25943,2140
15225,24307,880
15226,23614,320
15227,24232,820
15228,23921,570
15229,23638,340
15230,24815,1280
15231,23310,70
15232,25530,1830
15233,24332,900
15234,23699,390
15235,24943,1380
15236,25755,2000
15237,24458,1000
15238,26898,2840
15239,27631,3360
15240,23810,480
15241,25137,1530
15242,23614,320
15243,25021,1440
15244,26063,2230
15245,25849,2070
15246,23958,600
15247,25294,1650
15248,24471,1010
15249,23711,400
15250,23785,460
15251,24269,850
15252,24219,810
15253,26471,2530
15254,24700,1190
15255,25163,1550
15256,23711,400
15257,24649,1150
15258,26416,2490
15259,25809,2040
15260,24930,1370
15261,24738,1220
15262,25504,1810
15263,24560,1080
15264,25477,1790
15265,25021,1440
15266,24969,1400
15267,24725,1210
15268,24157,760
15269,26010,2190
15270,25491,1800
15271,25795,2030
15272,23577,290
15273,24357,920
15274,24674,1170
15275,26857,2810
15276,24257,840
15277,26321,2420
15278,25008,1430
15279,23995,630
15280,23834,500
15281,24687,1180
15282,24082,700
15283,23601,310
15284,25822,2050
15285,25835,2060
15286,24815,1280
15287,23468,200
15288,23395,140
15289,24257,840
15290,23675,370
15291,24509,1040
15292,24866,1320
15293,24509,1040
15294,25464,1780
15295,26996,2910
15296,24956,1390
15297,23933,580
15298,26226,2350
15299,23662,360
15300,26829,2790
15301,24007,640
15302,23528,250
15303,24853,1310
15304,24572,1090
15305,24547,1070
15306,24879,1330
15307,24610,1120
15308,26171,2310
15309,25124,1520
15310,29582,4680
15311,23847,510
15312,23553,270
15313,25583,1870
15314,24879,1330
15315,24382,940
15316,24007,640
15317,26498,2550
15318,24853,1310
15319,24828,1290
15320,24521,1050
15321,23711,400
15322,25137,1530
15323,24687,1180
15324,23871,530
15325,24082,700
15326,25943,2140
15327,24572,1090
15328,23614,320
15329,24712,1200
15330,23528,250
15331,25504,1810
15332,26280,2390
15333,24763,1240
15334,24320,890
15335,31900,6140
15336,26926,2860
15337,24751,1230
15338,25060,1470
15339,25623,1900
15340,25689,1950
15341,25242,1610
15342,26023,2200
15343,27418,3210
15344,24232,820
15345,25385,1720
15346,24598,1110
15347,26158,2300
15348,26954,2880
15349,23528,250
15350,23896,550
15351,24725,1210
15352,23896,550
15353,24572,1090
15354,23933,580
15355,24982,1410
15356,28063,3660
15357,24610,1120
15358,23407,150
15359,24560,1080
15360,25150,1540
15361,24943,1380
15362,23958,600
15363,24094,710
15364,24828,1290
15365,24598,1110
15366,23908,560
15367,23516,240
15368,23565,280
15369,24969,1400
15370,25956,2150
15371,24446,990
15372,24930,1370
15373,24370,930
15374,24471,1010
15375,26321,2420
15376,25085,1490
15377,26307,2410
15378,25795,2030
15379,24294,870
15380,26732,2720
15381,24610,1120
15382,25477,1790
15383,28457,3930
15384,26884,2830
15385,23822,490
15386,24700,1190
15387,25902,2110
15388,23773,450
15389,23748,430
15390,27788,3470
15391,23528,250
15392,26829,2790
15393,23847,510
15394,26131,2280
15395,25098,1500
15396,24395,950
15397,24332,900
15398,27333,3150
15399,24433,980
15400,24674,1170
15401,27560,3310
15402,24738,1220
15403,24879,1330
15404,24700,1190
15405,23711,400
15406,23589,300
15407,23834,500
15408,23601,310
15409,24082,700
15410,24956,1390
15411,27774,3460
15412,23577,290
15413,23662,360
15414,25346,1690
15415,23859,520
15416,26389,2470
15417,25412,1740
15418,26348,2440
15419,28428,3910
15420,23577,290
15421,25517,1820
15422,24840,1300
15423,24509,1040
15424,24969,1400
15425,25060,1470
15426,27024,2930
15427,23626,330
15428,25956,2150
15429,23431,170
15430,23773,450
15431,23419,160
15432,24357,920
15433,26829,2790
15434,24007,640
15435,23970,610
15436,25649,1920
15437,25098,1500
15438,24370,930
15439,23958,600
15440,25491,1800
15441,25268,1630
15442,27206,3060
15443,24320,890
15444,26815,2780
15445,24661,1160
15446,24623,1130
15447,27832,3500
15448,24219,810
15449,23773,450
15450,23504,230
15451,23921,570
15452,24069,690
15453,25268,1630
15454,25047,1460
15455,25137,1530
15456,25281,1640
15457,24483,1020
15458,23736,420
15459,24082,700
15460,23383,130
15461,26870,2820
15462,23958,600
15463,23443,180
15464,25425,1750
15465,25060,1470
15466,23958,600
15467,23896,550
15468,25098,1500
15469,24534,1060
15470,23921,570
15471,26567,2600
15472,28857,4200
15473,24282,860
15474,23687,380
15475,23553,270
15476,23896,550
15477,24119,730
15478,24905,1350
15479,23871,530
15480,23797,470
15481,23834,500
15482,27276,3110
15483,24307,880
15484,24020,650
15485,23226,0
15486,23638,340
15487,26484,2540
15488,25464,1780
15489,28340,3850
15490,26077,2240
15491,24840,1300
15492,26663,2670
15493,24649,1150
15494,23908,560
15495,24471,1010
15496,25073,1480
15497,23371,120
15498,24169,770
15499,25346,1690
15500,23699,390
15501,24169,770
15502,23945,590
15503,24458,1000
15504,23847,510
15505,24585,1100
15506,23699,390
15507,24357,920
15508,24207,800
15509,23773,450
15510,23650,350
15511,28019,3630
15512,26131,2280
15513,26567,2600
15514,24182,780
15515,26608,2630
15516,23540,260
15517,29797,4820
15518,26063,2230
15519,24107,720
15520,24700,1190
15521,26512,2560
15522,26037,2210
15523,24082,700
15524,23945,590
15525,23614,320
15526,23322,80
15527,25849,2070
15528,24815,1280
15529,24007,640
15530,23995,630
15531,24257,840
15532,26870,2820
15533,23675,370
15534,23859,520
15535,25215,1590
15536,25543,1840
15537,28797,4160
15538,23443,180
15539,24560,1080
15540,25983,2170
15541,23884,540
15542,24496,1030
15543,26691,2690
15544,24458,1000
15545,24905,1350
15546,24357,920
15547,24282,860
15548,24132,740
15549,25929,2130
15550,23504,230
15551,24032,660
15552,23601,310
15553,30862,5500
15554,26090,2250
15555,23797,470
15556,24294,870
15557,27832,3500
15558,23711,400
15559,23310,70
15560,24509,1040
15561,23995,630
15562,23871,530
15563,24069,690
15564,24700,1190
15565,23896,550
15566,24649,1150
15567,25060,1470
15568,27660,3380
15569,24182,780
15570,29112,4370
15571,23250,20
15572,25111,1510
15573,23748,430
15574,23614,320
15575,23553,270
15576,23383,130
15577,23921,570
15578,23528,250
15579,25359,1700
15580,25294,1650
15581,25596,1880
15582,23226,0
15583,23528,250
15584,26348,2440
15585,26348,2440
15586,25596,1880
15587,23650,350
15588,25996,2180
15589,25676,1940
15590,27545,3300
15591,24395,950
15592,26010,2190
15593,24725,1210
15594,26131,2280
15595,25557,1850
15596,31785,6070
15597,24905,1350
15598,25359,1700
15599,24866,1320
15600,25385,1720
15601,27361,3170
15602,24082,700
15603,24458,1000
15604,25008,1430
15605,26334,2430
15606,28947,4260
15607,25307,1660
15608,25795,2030
15609,24853,1310
15610,24269,850
15611,23847,510
15612,23407,150
15613,30815,5470
15614,25570,1860
15615,24840,1300
15616,25543,1840
15617,24320,890
15618,28560,4000
15619,24802,1270
15620,23773,450
15621,25399,1730
15622,23431,170
15623,23699,390
15624,23785,460
15625,24623,1130
15626,27918,3560
15627,24776,1250
15628,24623,1130
15629,25385,1720
15630,25956,2150
15631,24082,700
15632,24738,1220
15633,24094,710
15634,24560,1080
15635,24157,760
15636,23528,250
15637,24320,890
15638,23601,310
15639,24032,660
15640,24119,730
15641,23601,310
15642,24107,720
15643,24057,680
15644,24471,1010
15645,27094,2980
15646,25956,2150
15647,25320,1670
15648,23945,590
15649,25098,1500
15650,24636,1140
15651,24446,990
15652,23773,450
15653,25307,1660
15654,26829,2790
15655,23699,390
15656,24483,1020
15657,23748,430
15658,24382,940
15659,25215,1590
15660,23626,330
15661,24382,940
15662,30013,4960
15663,24828,1290
15664,23335,90
15665,27531,3290
15666,25008,1430
15667,25649,1920
15668,24738,1220
15669,23908,560
15670,24828,1290
15671,25176,1560
15672,28398,3890
15673,24395,950
15674,23626,330
15675,26416,2490
15676,23589,300
15677,24700,1190
15678,23724,410
15679,26718,2710
15680,25755,2000
15681,23443,180
15682,23822,490
15683,24547,1070
15684,24585,1100
15685,25255,1620
15686,26968,2890
15687,24169,770
15688,23577,290
15689,26171,2310
15690,24700,1190
15691,23958,600
15692,24956,1390
15693,26334,2430
15694,27052,2950
15695,24995,1420
15696,24294,870
15697,23871,530
15698,23785,460
15699,23687,380
15700,23431,170
15701,24132,740
15702,27262,3100
15703,25202,1580
15704,24382,940
15705,24395,950
15706,24585,1100
15707,26594,2620
15708,27860,3520
15709,27745,3440
15710,23687,380
15711,23638,340
15712,25242,1610
15713,23884,540
15714,24294,870
15715,23419,160
15716,24082,700
15717,26171,2310
15718,26171,2310
15719,23970,610
15720,23419,160
15721,33436,7050
15722,24069,690
15723,24879,1330
15724,25229,1600
15725,24182,780
15726,24433,980
15727,26158,2300
15728,23699,390
15729,25849,2070
15730,24892,1340
15731,23565,280
15732,24032,660
15733,24219,810
15734,24107,720
15735,23945,590
15736,25916,2120
15737,23614,320
15738,24282,860
15739,23699,390
15740,24649,1150
15741,26117,2270
15742,24458,1000
15743,23274,40
15744,24674,1170
15745,24905,1350
15746,25916,2120
15747,23908,560
15748,23724,410
15749,23958,600
15750,35046,7960
15751,25124,1520
15752,24853,1310
15753,24269,850
15754,24496,1030
15755,24892,1340
15756,25425,1750
15757,23662,360
15758,27961,3590
15759,23528,250
15760,28164,3730
15761,27220,3070
15762,23443,180
15763,26199,2330
15764,26037,2210
15765,26010,2190
15766,23371,120
15767,24458,1000
15768,23958,600
15769,24032,660
15770,24182,780
15771,27150,3020
15772,27319,3140
15773,26293,2400
15774,23626,330
15775,24107,720
15776,24357,920
15777,24725,1210
15778,23847,510
15779,23371,120
15780,25255,1620
15781,24661,1160
15782,25385,1720
15783,24623,1130
15784,25189,1570
15785,24892,1340
15786,24483,1020
15787,23711,400
15788,29735,4780
15789,23810,480
15790,24144,750
15791,24496,1030
15792,24219,810
15793,23395,140
15794,24020,650
15795,27220,3070
15796,24802,1270
15797,23395,140
15798,24269,850
15799,23834,500
15800,26940,2870
15801,25702,1960
15802,24905,1350
15803,23431,170
15804,23286,50
15805,23760,440
15806,24207,800
15807,24982,1410
15808,26266,2380
15809,23797,470
15810,25530,1830
15811,26226,2350
15812,23347,100
15813,25769,2010
15814,24674,1170
15815,24370,930
15816,24244,830
15817,24332,900
15818,24802,1270
15819,23785,460
15820,23724,410
15821,24007,640
15822,24483,1020
15823,24534,1060
15824,24943,1380
15825,24182,780
15826,28310,3830
15827,23359,110
15828,26037,2210
15829,24144,750
15830,25570,1860
15831,24182,780
15832,23884,540
15833,25557,1850
15834,23970,610
15835,23859,520
15836,27631,3360
15837,24982,1410
15838,26307,2410
15839,25307,1660
15840,23810,480
15841,26594,2620
15842,25060,1470
15843,24269,850
15844,25835,2060
15845,25530,1830
15846,24982,1410
15847,23724,410
15848,25333,1680
15849,25557,1850
15850,25008,1430
15851,24244,830
15852,24853,1310
15853,25307,1660
15854,25889,2100
15855,23262,30
15856,28649,4060
15857,24219,810
15858,26375,2460
15859,24763,1240
15860,23711,400
15861,24610,1120
15862,25346,1690
15863,23626,330
15864,25862,2080
15865,27418,3210
15866,24789,1260
15867,25399,1730
15868,26829,2790
15869,23614,320
15870,25822,2050
15871,24879,1330
15872,24802,1270
15873,24032,660
15874,24057,680
15875,26239,2360
15876,24560,1080
15877,24763,1240
15878,23322,80
15879,24169,770
15880,23662,360
15881,24132,740
15882,25163,1550
15883,23383,130
15884,24032,660
15885,24320,890
15886,25729,1980
15887,24521,1050
15888,24776,1250
15889,23455,190
15890,24357,920
15891,25412,1740
15892,23834,500
15893,24892,1340
15894,24738,1220
15895,25294,1650
15896,26608,2630
15897,24496,1030
15898,30830,5480
15899,24207,800
15900,24930,1370
15901,24585,1100
15902,23871,530
15903,24332,900
15904,25202,1580
15905,24082,700
15906,24320,890
15907,25333,1680
15908,25438,1760
15909,25047,1460
15910,23785,460
15911,23262,30
15912,24560,1080
15913,23589,300
15914,27389,3190
15915,24395,950
15916,25504,1810
15917,23492,220
15918,25372,1710
15919,25255,1620
15920,24585,1100
15921,25412,1740
15922,23274,40
15923,24521,1050
15924,24687,1180
15925,25333,1680
15926,24345,910
15927,24107,720
15928,24560,1080
15929,24007,640
15930,23859,520
15931,25742,1990
15932,23711,400
15933,23810,480
15934,23834,500
15935,25111,1510
15936,23847,510
15937,24244,830
15938,23687,380
15939,25294,1650
15940,24534,1060
15941,24610,1120
15942,23933,580
15943,27375,3180
15944,25451,1770
15945,24712,1200
15946,24408,960
15947,25399,1730
15948,23359,110
15949,27347,3160
15950,23589,300
15951,24649,1150
15952,24232,820
15953,24107,720
15954,25755,2000
15955,23933,580
15956,24623,1130
15957,24232,820
15958,24082,700
15959,23945,590
15960,26539,2580
15961,24905,1350
15962,25281,1640
15963,26718,2710
15964,26567,2600
15965,24257,840
15966,24610,1120
15967,26362,2450
15968,24738,1220
15969,25425,1750
15970,23443,180
15971,25150,1540
15972,25835,2060
15973,26787,2760
15974,23335,90
15975,23884,540
15976,23945,590
15977,24045,670
15978,24219,810
15979,23553,270
15980,23687,380
15981,24483,1020
15982,30091,5010
15983,25124,1520
15984,25557,1850
15985,24712,1200
15986,24879,1330
15987,23601,310
15988,24057,680
15989,24943,1380
15990,26077,2240
15991,27052,2950
15992,25662,1930
15993,23492,220
15994,27489,3260
15995,23933,580
15996,24057,680
15997,24408,960
15998,26239,2360
15999,24144,750
16000,23958,600
16001,24408,960
16002,24207,800
16003,27517,3280
16004,25929,2130
16005,26580,2610
16006,27932,3570
16007,23847,510
16008,24345,910
16009,24879,1330
16010,24521,1050
16011,24496,1030
16012,26940,2870
16013,25636,1910
16014,23797,470
16015,24244,830
16016,24866,1320
16017,24294,870
16018,25060,1470
16019,24057,680
16020,24020,650
16021,29036,4320
16022,27560,3310
16023,23226,0
16024,24357,920
16025,26037,2210
16026,23711,400
16027,24082,700
16028,25399,1730
16029,26691,2690
16030,24623,1130
16031,23945,590
16032,23958,600
16033,24408,960
16034,25307,1660
16035,26635,2650
16036,24094,710
16037,25902,2110
16038,24420,970
16039,23638,340
16040,24320,890
16041,29006,4300
16042,25098,1500
16043,26471,2530
16044,25996,2180
16045,26077,2240
16046,23748,430
16047,24320,890
16048,30262,5120
16049,23810,480
16050,24446,990
16051,25346,1690
16052,27674,3390
16053,24446,990
16054,27094,2980
16055,25477,1790
16056,26870,2820
16057,24789,1260
16058,23884,540
16059,26253,2370
16060,24623,1130
16061,25163,1550
16062,24458,1000
16063,24840,1300
16064,26104,2260
16065,30926,5540
16066,24802,1270
16067,24395,950
16068,24282,860
16069,24032,660
16070,30184,5070
16071,26375,2460
16072,25636,1910
16073,23528,250
16074,24636,1140
16075,25876,2090
16076,24320,890
16077,25876,2090
16078,24282,860
16079,26266,2380
16080,24207,800
16081,23871,530
16082,24294,870
16083,24207,800
16084,25451,1770
16085,24560,1080
16086,25702,1960
16087,27403,3200
16088,26348,2440
16089,24069,690
16090,27234,3080
16091,24956,1390
16092,23528,250
16093,24458,1000
16094,26077,2240
16095,28340,3850
16096,23785,460
16097,23699,390
16098,25124,1520
16099,24700,1190
16100,24357,920
16101,25570,1860
16102,24802,1270
16103,23760,440
16104,27961,3590
16105,23250,20
16106,23650,350
16107,23995,630
16108,24032,660
16109,25137,1530
16110,23274,40
16111,26063,2230
16112,25085,1490
16113,23945,590
16114,24157,760
16115,26239,2360
16116,24956,1390
16117,25676,1940
16118,23748,430
16119,24269,850
16120,24840,1300
16121,24219,810
16122,24674,1170
16123,25372,1710
16124,25809,2040
16125,29006,4300
16126,25755,2000
16127,25889,2100
16128,24446,990
16129,24636,1140
16130,23407,150
16131,23455,190
16132,26718,2710
16133,24294,870
16134,23553,270
16135,27080,2970
16136,24069,690
16137,23908,560
16138,24995,1420
16139,26443,2510
16140,24661,1160
16141,24020,650
16142,23298,60
16143,24144,750
16144,24943,1380
16145,24094,710
16146,25822,2050
16147,24751,1230
16148,23871,530
16149,25385,1720
16150,23468,200
16151,26773,2750
16152,27178,3040
16153,24853,1310
16154,25636,1910
16155,23847,510
16156,23480,210
16157,24194,790
16158,23748,430
16159,28932,4250
16160,25464,1780
16161,25163,1550
16162,24509,1040
16163,23589,300
16164,24232,820
16165,26801,2770
16166,23577,290
16167,25477,1790
16168,23614,320
16169,23896,550
16170,27745,3440
16171,23983,620
16172,26870,2820
16173,24969,1400
16174,25307,1660
16175,23871,530
16176,24282,860
16177,26471,2530
16178,23958,600
16179,29293,4490
16180,23298,60
16181,23958,600
16182,25372,1710
16183,23383,130
16184,25215,1590
16185,24382,940
16186,23504,230
16187,24232,820
16188,24598,1110
16189,24572,1090
16190,25412,1740
16191,27631,3360
16192,25021,1440
16193,25215,1590
16194,25060,1470
16195,24585,1100
16196,25229,1600
16197,27617,3350
16198,23896,550
16199,27961,3590
16200,23810,480
16201,24496,1030
16202,25623,1900
16203,24763,1240
16204,24269,850
16205,24674,1170
16206,26416,2490
16207,24598,1110
16208,25543,1840
16209,24687,1180
16210,25609,1890
16211,23614,320
16212,24257,840
16213,23322,80
16214,27206,3060
16215,25943,2140
16216,24069,690
16217,26280,2390
16218,23896,550
16219,30450,5240
16220,23565,280
16221,24395,950
16222,25242,1610
16223,26968,2890
16224,26691,2690
16225,25385,1720
16226,25385,1720
16227,24269,850
16228,24382,940
16229,25242,1610
16230,26389,2470
16231,27474,3250
16232,24420,970
16233,24687,1180
16234,25085,1490
16235,24433,980
16236,24661,1160
16237,23884,540
16238,24119,730
16239,27248,3090
16240,26539,2580
16241,25929,2130
16242,24585,1100
16243,24395,950
16244,24157,760
16245,23748,430
16246,23383,130
16247,25795,2030
16248,24182,780
16249,25008,1430
16250,23528,250
16251,25163,1550
16252,24534,1060
16253,23407,150
16254,23662,360
16255,23650,350
16256,24763,1240
16257,27052,2950
16258,23614,320
16259,24294,870
16260,25176,1560
16261,25150,1540
16262,24082,700
16263,25333,1680
16264,24879,1330
16265,23675,370
16266,23407,150
16267,24982,1410
16268,26968,2890
16269,23958,600
16270,25333,1680
16271,24332,900
16272,24157,760
16273,23995,630
16274,25464,1780
16275,24219,810
16276,27489,3260
16277,25137,1530
16278,24725,1210
16279,24930,1370
16280,24585,1100
16281,23455,190
16282,24119,730
16283,23359,110
16284,24471,1010
16285,24840,1300
16286,26307,2410
16287,26171,2310
16288,23896,550
16289,23724,410
16290,24119,730
16291,23262,30
16292,24623,1130
16293,25281,1640
16294,23443,180
16295,24032,660
16296,24045,670
16297,24194,790
16298,23395,140
16299,24496,1030
16300,23431,170
16301,27066,2960
16302,27150,3020
16303,24521,1050
16304,24057,680
16305,24509,1040
16306,30059,4990
16307,24496,1030
16308,23528,250
16309,25636,1910
16310,24458,1000
16311,24357,920
16312,25929,2130
16313,24408,960
16314,26010,2190
16315,26212,2340
16316,24892,1340
16317,27038,2940
16318,24370,930
16319,28649,4060
16320,25822,2050
16321,25969,2160
16322,24905,1350
16323,27731,3430
16324,23724,410
16325,25676,1940
16326,24119,730
16327,26348,2440
16328,23945,590
16329,23983,620
16330,24560,1080
16331,29997,4950
16332,24496,1030
16333,24069,690
16334,25150,1540
16335,28560,4000
16336,23945,590
16337,23958,600
16338,24244,830
16339,25307,1660
16340,23970,610
16341,23896,550
16342,26471,2530
16343,24282,860
16344,26691,2690
16345,26760,2740
16346,23760,440
16347,24547,1070
16348,24382,940
16349,23908,560
16350,25150,1540
16351,25689,1950
16352,23810,480
16353,23921,570
16354,24496,1030
16355,26691,2690
16356,25649,1920
16357,24132,740
16358,25809,2040
16359,26635,2650
16360,24382,940
16361,24433,980
16362,23736,420
16363,24610,1120
16364,23995,630
16365,24712,1200
16366,25333,1680
16367,24956,1390
16368,23383,130
16369,25689,1950
16370,24446,990
16371,26954,2880
16372,24521,1050
16373,24840,1300
16374,23724,410
16375,23662,360
16376,25255,1620
16377,24776,1250
16378,25008,1430
16379,23773,450
16380,24332,900
16381,24269,850
16382,23226,0
16383,24725,1210
16384,25425,1750
16385,23785,460
16386,26293,2400
16387,24345,910
16388,23711,400
16389,23687,380
16390,23699,390
16391,24674,1170
16392,23577,290
16393,26239,2360
16394,25795,2030
16395,24738,1220
16396,24307,880
16397,24057,680
16398,29429,4580
16399,24169,770
16400,23995,630
16401,25491,1800
16402,24282,860
16403,23785,460
16404,23687,380
16405,24382,940
16406,23995,630
16407,23540,260
16408,24982,1410
16409,24763,1240
16410,25202,1580
16411,24509,1040
16412,25570,1860
16413,26307,2410
16414,23884,540
16415,23540,260
16416,24132,740
16417,28325,3840
16418,24032,660
16419,24007,640
16420,26158,2300
16421,25504,1810
16422,24307,880
16423,24471,1010
16424,25742,1990
16425,23601,310
16426,25412,1740
16427,25809,2040
16428,25902,2110
16429,23675,370
16430,26389,2470
16431,25137,1530
16432,25399,1730
16433,24294,870
16434,24943,1380
16435,26416,2490
16436,26982,2900
16437,24943,1380
16438,24789,1260
16439,23847,510
16440,26402,2480
16441,26144,2290
16442,24269,850
16443,23371,120
16444,24132,740
16445,29217,4440
16446,24082,700
16447,23565,280
16448,27976,3600
16449,25570,1860
16450,25215,1590
16451,24969,1400
16452,24751,1230
16453,23443,180
16454,28310,3830
16455,24763,1240
16456,23614,320
16457,25943,2140
16458,24700,1190
16459,23650,350
16460,26144,2290
16461,24357,920
16462,23896,550
16463,23859,520
16464,25517,1820
16465,25034,1450
16466,24598,1110
16467,25281,1640
16468,29278,4480
16469,25294,1650
16470,24956,1390
16471,25543,1840
16472,23504,230
16473,23528,250
16474,24483,1020
16475,24032,660
16476,25662,1930
16477,26063,2230
16478,26526,2570
16479,25215,1590
16480,24471,1010
16481,24982,1410
16482,25438,1760
16483,26622,2640
16484,23995,630
16485,24471,1010
16486,23748,430
16487,26037,2210
16488,25399,1730
16489,24483,1020
16490,24244,830
16491,26307,2410
16492,26185,2320
16493,24674,1170
16494,24751,1230
16495,25662,1930
16496,25662,1930
16497,23847,510
16498,24982,1410
16499,25543,1840
16500,24094,710
16501,25202,1580
16502,24982,1410
16503,23516,240
16504,26307,2410
16505,23359,110
16506,26471,2530
16507,24943,1380
16508,24879,1330
16509,24776,1250
16510,25412,1740
16511,23797,470
16512,23859,520
16513,23785,460
16514,24763,1240
16515,24045,670
16516,24395,950
16517,23687,380
16518,26567,2600
16519,23736,420
16520,23958,600
16521,23371,120
16522,27889,3540
16523,24623,1130
16524,24194,790
16525,26539,2580
16526,24082,700
16527,24420,970
16528,23711,400
16529,23859,520
16530,23958,600
16531,24496,1030
16532,24169,770
16533,24144,750
16534,23945,590
16535,24320,890
16536,25795,2030
16537,26553,2590
16538,25307,1660
16539,24661,1160
16540,23921,570
16541,24661,1160
16542,23540,260
16543,29051,4330
16544,25268,1630
16545,24610,1120
16546,23614,320
16547,24020,650
16548,24332,900
16549,25943,2140
16550,26307,2410
16551,24585,1100
16552,25916,2120
16553,23638,340
16554,23650,350
16555,24045,670
16556,23871,530
16557,25085,1490
16558,25557,1850
16559,23834,500
16560,24194,790
16561,24763,1240
16562,24879,1330
16563,24840,1300
16564,23983,620
16565,25795,2030
16566,24700,1190
16567,23553,270
16568,24483,1020
16569,24207,800
16570,23983,620
16571,23699,390
16572,24257,840
16573,23455,190
16574,25385,1720
16575,24307,880
16576,24560,1080
16577,24219,810
16578,24020,650
16579,25255,1620
16580,25835,2060
16581,27234,3080
16582,24918,1360
16583,23871,530
16584,24458,1000
16585,23322,80
16586,24408,960
16587,24094,710
16588,24649,1150
16589,27904,3550
16590,23601,310
16591,32082,6250
16592,23226,0
16593,23933,580
16594,24408,960
16595,27122,3000
16596,24045,670
16597,24738,1220
16598,24995,1420
16599,24712,1200
16600,24132,740
16601,24232,820
16602,24433,980
16603,23347,100
16604,27164,3030
16605,24132,740
16606,25596,1880
16607,25359,1700
16608,23834,500
16609,23347,100
16610,23626,330
16611,25491,1800
16612,26334,2430
16613,25320,1670
16614,24687,1180
16615,31491,5890
16616,25902,2110
16617,25255,1620
16618,23395,140
16619,30106,5020
16620,25530,1830
16621,23797,470
16622,24032,660
16623,24560,1080
16624,23711,400
16625,29338,4520
16626,25073,1480
16627,25517,1820
16628,23675,370
16629,25835,2060
16630,24866,1320
16631,23995,630
16632,26815,2780
16633,26280,2390
16634,24649,1150
16635,28723,4110
16636,24712,1200
16637,25229,1600
16638,23958,600
16639,25294,1650
16640,26293,2400
16641,25530,1830
16642,24257,840
16643,26912,2850
16644,24674,1170
16645,24610,1120
16646,24930,1370
16647,24294,870
16648,24789,1260
16649,27361,3170
16650,26226,2350
16651,23589,300
16652,25372,1710
16653,28019,3630
16654,24069,690
16655,25862,2080
16656,23274,40
16657,23884,540
16658,23995,630
16659,24232,820
16660,23662,360
16661,25021,1440
16662,24956,1390
16663,24866,1320
16664,24332,900
16665,25902,2110
16666,25956,2150
16667,28902,4230
16668,24547,1070
16669,24969,1400
16670,23724,410
16671,23748,430
16672,24534,1060
16673,26334,2430
16674,24219,810
16675,24483,1020
16676,26144,2290
16677,25307,1660
16678,23589,300
16679,24069,690
16680,24471,1010
16681,23773,450
16682,24892,1340
16683,25333,1680
16684,24057,680
16685,23675,370
16686,25124,1520
16687,23773,450
16688,23995,630
16689,23455,190
16690,25124,1520
16691,24483,1020
16692,24560,1080
16693,24332,900
16694,25835,2060
16695,24382,940
16696,23699,390
16697,24345,910
16698,24107,720
16699,25491,1800
16700,24433,980
16701,23995,630
16702,24320,890
16703,23443,180
16704,23540,260
16705,24169,770
16706,23687,380
16707,23650,350
16708,26375,2460
16709,25385,1720
16710,23650,350
16711,23970,610
16712,23896,550
16713,26090,2250
16714,23711,400
16715,23601,310
16716,26253,2370
16717,23736,420
16718,24649,1150
16719,26954,2880
16720,24610,1120
16721,25795,2030
16722,25385,1720
16723,23480,210
16724,24169,770
16725,23528,250
16726,24547,1070
16727,23834,500
16728,23810,480
16729,24057,680
16730,25021,1440
16731,28121,3700
16732,25689,1950
16733,23896,550
16734,25307,1660
16735,25008,1430
16736,25150,1540
16737,25849,2070
16738,23455,190
16739,24382,940
16740,24294,870
16741,24687,1180
16742,24370,930
16743,24840,1300
16744,25438,1760
16745,24572,1090
16746,24982,1410
16747,25530,1830
16748,24547,1070
16749,23859,520
16750,24866,1320
16751,24918,1360
16752,25215,1590
16753,23565,280
16754,23577,290
16755,26199,2330
16756,25543,1840
16757,26199,2330
16758,23675,370
16759,24332,900
16760,24918,1360
16761,31103,5650
16762,25636,1910
16763,25662,1930
16764,24995,1420
16765,24182,780
16766,25623,1900
16767,23347,100
16768,26212,2340
16769,23492,220
16770,24082,700
16771,23760,440
16772,24802,1270
16773,23736,420
16774,25729,1980
16775,30862,5500
16776,24892,1340
16777,24007,640
16778,25137,1530
16779,24560,1080
16780,25530,1830
16781,26829,2790
16782,25359,1700
16783,25137,1530
16784,24157,760
16785,23797,470
16786,24738,1220
16787,29051,4330
16788,28531,3980
16789,23238,10
16790,25755,2000
16791,25477,1790
16792,24045,670
16793,24257,840
16794,24007,640
16795,27731,3430
16796,24032,660
16797,24207,800
16798,23650,350
16799,24182,780
16800,24370,930
16801,26239,2360
16802,25229,1600
16803,26117,2270
16804,28237,3780
16805,24408,960
16806,26185,2320
16807,24534,1060
16808,25464,1780
16809,24610,1120
16810,25902,2110
16811,24219,810
16812,25372,1710
16813,24905,1350
16814,25229,1600
16815,24446,990
16816,25281,1640
16817,23675,370
16818,27788,3470
16819,24232,820
16820,24207,800
16821,24244,830
16822,23945,590
16823,25809,2040
16824,24547,1070
16825,24509,1040
16826,24585,1100
16827,24370,930
16828,24357,920
16829,25451,1770
16830,24244,830
16831,25124,1520
16832,24802,1270
16833,24045,670
16834,24219,810
16835,27403,3200
16836,30293,5140
16837,24610,1120
16838,23859,520
16839,24144,750
16840,23785,460
16841,23371,120
16842,25242,1610
16843,25849,2070
16844,24169,770
16845,25464,1780
16846,25294,1650
16847,24057,680
16848,25242,1610
16849,24776,1250
16850,26037,2210
16851,23250,20
16852,24194,790
16853,23395,140
16854,24207,800
16855,25729,1980
16856,24995,1420
16857,30075,5000
16858,25596,1880
16859,24471,1010
16860,27588,3330
16861,23650,350
16862,28325,3840
16863,23565,280
16864,24345,910
16865,24943,1380
16866,25504,1810
16867,24132,740
16868,23859,520
16869,23921,570
16870,25242,1610
16871,24433,980
16872,25689,1950
16873,24776,1250
16874,23711,400
16875,24082,700
16876,28976,4280
16877,24700,1190
16878,24082,700
16879,23736,420
16880,24751,1230
16881,23504,230
16882,24969,1400
16883,26704,2700
16884,24269,850
16885,24853,1310
16886,23859,520
16887,23675,370
16888,26982,2900
16889,23896,550
16890,24879,1330
16891,23626,330
16892,29812,4830
16893,24930,1370
16894,23773,450
16895,25412,1740
16896,25229,1600
16897,24320,890
16898,25862,2080
16899,25412,1740
16900,25916,2120
16901,23286,50
16902,23958,600
16903,24119,730
16904,25609,1890
16905,27560,3310
16906,26334,2430
16907,24132,740
16908,27760,3450
16909,24207,800
16910,25073,1480
16911,23528,250
16912,26171,2310
16913,23662,360
16914,24828,1290
16915,24382,940
16916,27990,3610
16917,24521,1050
16918,23736,420
16919,26117,2270
16920,24395,950
16921,23298,60
16922,25085,1490
16923,24194,790
16924,24712,1200
16925,24892,1340
16926,24332,900
16927,23884,540
16928,23748,430
16929,23504,230
16930,23871,530
16931,25438,1760
16932,25176,1560
16933,24751,1230
16934,27248,3090
16935,23687,380
16936,23859,520
16937,26131,2280
16938,23675,370
16939,25557,1850
16940,24751,1230
16941,23638,340
16942,27660,3380
16943,26293,2400
16944,24712,1200
16945,25255,1620
16946,25255,1620
16947,24687,1180
16948,23736,420
16949,23347,100
16950,24547,1070
16951,23699,390
16952,27517,3280
16953,24982,1410
16954,24956,1390
16955,25570,1860
16956,25359,1700
16957,23847,510
16958,26691,2690
16959,25111,1510
16960,23347,100
16961,25983,2170
16962,30325,5160
16963,26746,2730
16964,24370,930
16965,23492,220
16966,26348,2440
16967,23958,600
16968,23322,80
16969,23468,200
16970,23492,220
16971,24496,1030
16972,24433,980
16973,23298,60
16974,25876,2090
16975,24585,1100
16976,25583,1870
16977,23995,630
16978,23431,170
16979,27024,2930
16980,24661,1160
16981,24649,1150
16982,24905,1350
16983,29797,4820
16984,24879,1330
16985,23945,590
16986,26663,2670
16987,26594,2620
16988,24094,710
16989,23589,300
16990,29006,4300
16991,27503,3270
16992,25268,1630
16993,24282,860
16994,23395,140
16995,25320,1670
16996,24534,1060
16997,29781,4810
16998,25255,1620
16999,23383,130
17000,24057,680
17001,23443,180
17002,28428,3910
17003,23675,370
17004,23822,490
17005,23553,270
17006,26253,2370
17007,24534,1060
17008,23859,520
17009,27094,2980
17010,25294,1650
17011,24232,820
17012,24471,1010
17013,23760,440
17014,25876,2090
17015,23528,250
17016,24182,780
17017,23958,600
17018,23724,410
17019,23736,420
17020,24244,830
17021,26539,2580
17022,24119,730
17023,24232,820
17024,26430,2500
17025,24269,850
17026,24294,870
17027,27918,3560
17028,24969,1400
17029,26266,2380
17030,25294,1650
17031,24107,720
17032,23383,130
17033,24395,950
17034,23675,370
17035,24483,1020
17036,24107,720
17037,23262,30
17038,24119,730
17039,26362,2450
17040,25649,1920
17041,23970,610
17042,24232,820
17043,25782,2020
17044,24956,1390
17045,25769,2010
17046,28164,3730
17047,24763,1240
17048,24560,1080
17049,24446,990
17050,26732,2720
17051,23614,320
17052,23871,530
17053,24269,850
17054,24357,920
17055,25782,2020
17056,23687,380
17057,24995,1420
17058,23995,630
17059,24219,810
17060,23347,100
17061,23859,520
17062,25372,1710
17063,23933,580
17064,24995,1420
17065,30028,4970
17066,25862,2080
17067,23407,150
17068,26912,2850
17069,24802,1270
17070,23638,340
17071,23896,550
17072,23626,330
17073,24956,1390
17074,26416,2490
17075,24866,1320
17076,24509,1040
17077,24232,820
17078,24956,1390
17079,24776,1250
17080,24307,880
17081,25517,1820
17082,26402,2480
17083,25385,1720
17084,29232,4450
17085,24610,1120
17086,24649,1150
17087,23395,140
17088,25530,1830
17089,25676,1940
17090,26498,2550
17091,25451,1770
17092,23711,400
17093,26926,2860
17094,24509,1040
17095,24219,810
17096,23626,330
17097,23896,550
17098,25782,2020
17099,26171,2310
17100,23785,460
17101,25111,1510
17102,24082,700
17103,23238,10
17104,23760,440
17105,23359,110
17106,24840,1300
17107,24623,1130
17108,24420,970
17109,25504,1810
17110,23748,430
17111,26389,2470
17112,26968,2890
17113,23226,0
17114,25769,2010
17115,25689,1950
17116,24763,1240
17117,26090,2250
17118,23347,100
17119,26567,2600
17120,24521,1050
17121,24144,750
17122,23638,340
17123,25956,2150
17124,24144,750
17125,28266,3800
17126,24930,1370
17127,25676,1940
17128,25769,2010
17129,23504,230
17130,26293,2400
17131,23455,190
17132,25073,1480
17133,26171,2310
17134,27418,3210
17135,24157,760
17136,25124,1520
17137,25085,1490
17138,24738,1220
17139,23553,270
17140,25399,1730
17141,23711,400
17142,24257,840
17143,23884,540
17144,23773,450
17145,23516,240
17146,25769,2010
17147,23553,270
17148,26622,2640
17149,25163,1550
17150,24370,930
17151,24032,660
17152,24320,890
17153,26498,2550
17154,26117,2270
17155,26307,2410
17156,39716,10380
17157,27108,2990
17158,23540,260
17159,25755,2000
17160,25229,1600
17161,24007,640
17162,27010,2920
17163,24119,730
17164,23553,270
17165,24982,1410
17166,27262,3100
17167,23834,500
17168,24045,670
17169,25543,1840
17170,25902,2110
17171,24815,1280
17172,24560,1080
17173,25876,2090
17174,25583,1870
17175,24032,660
17176,23859,520
17177,25333,1680
17178,23859,520
17179,30656,5370
17180,24598,1110
17181,23699,390
17182,24408,960
17183,24045,670
17184,24943,1380
17185,23286,50
17186,23822,490
17187,24918,1360
17188,23371,120
17189,23492,220
17190,26334,2430
17191,24995,1420
17192,23601,310
17193,23455,190
17194,24345,910
17195,26185,2320
17196,24232,820
17197,24725,1210
17198,26023,2200
17199,24045,670
17200,28281,3810
17201,25583,1870
17202,25008,1430
17203,23383,130
17204,27276,3110
17205,26144,2290
17206,25189,1570
17207,24943,1380
17208,25596,1880
17209,25372,1710
17210,23310,70
17211,23395,140
17212,25294,1650
17213,26580,2610
17214,23810,480
17215,27234,3080
17216,24219,810
17217,25902,2110
17218,25636,1910
17219,24712,1200
17220,24598,1110
17221,24132,740
17222,25229,1600
17223,24776,1250
17224,25268,1630
17225,24905,1350
17226,24294,870
17227,23650,350
17228,25385,1720
17229,23834,500
17230,25399,1730
17231,23310,70
17232,24636,1140
17233,24763,1240
17234,24995,1420
17235,24789,1260
17236,24169,770
17237,24636,1140
17238,23785,460
17239,24182,780
17240,23226,0
17241,24182,780
17242,25983,2170
17243,24815,1280
17244,23773,450
17245,24382,940
17246,28310,3830
17247,26443,2510
17248,25176,1560
17249,25889,2100
17250,25008,1430
17251,29202,4430
17252,25060,1470
17253,23908,560
17254,25137,1530
17255,23711,400
17256,24636,1140
17257,25596,1880
17258,25176,1560
17259,24382,940
17260,23699,390
17261,24345,910
17262,26199,2330
17263,25021,1440
17264,23335,90
17265,25623,1900
17266,23565,280
17267,25956,2150
17268,25085,1490
17269,25902,2110
17270,23871,530
17271,23262,30
17272,23748,430
17273,24751,1230
17274,25583,1870
17275,24294,870
17276,24751,1230
17277,25689,1950
17278,24483,1020
17279,25996,2180
17280,26732,2720
17281,25047,1460
17282,23736,420
17283,24815,1280
17284,23286,50
17285,23614,320
17286,24725,1210
17287,23250,20
17288,24307,880
17289,24598,1110
17290,24866,1320
17291,24969,1400
17292,23884,540
17293,27631,3360
17294,25346,1690
17295,26023,2200
17296,24094,710
17297,23958,600
17298,26954,2880
17299,25060,1470
17300,24738,1220
17301,24547,1070
17302,25583,1870
17303,25769,2010
17304,24082,700
17305,25583,1870
17306,24182,780
17307,24045,670
17308,23650,350
17309,23834,500
17310,25085,1490
17311,24433,980
17312,24132,740
17313,26226,2350
17314,27932,3570
17315,24082,700
17316,25438,1760
17317,24119,730
17318,23614,320
17319,25782,2020
17320,25676,1940
17321,24521,1050
17322,29735,4780
17323,24789,1260
17324,26663,2670
17325,23736,420
17326,23298,60
17327,26732,2720
17328,23626,330
17329,23859,520
17330,23958,600
17331,23834,500
17332,23565,280
17333,23565,280
17334,24082,700
17335,23371,120
17336,23859,520
17337,25359,1700
17338,28961,4270
17339,25034,1450
17340,30830,5480
17341,24674,1170
17342,25202,1580
17343,24623,1130
17344,25294,1650
17345,24802,1270
17346,23455,190
17347,23626,330
17348,28991,4290
17349,26063,2230
17350,23958,600
17351,24995,1420
17352,24815,1280
17353,25008,1430
17354,25530,1830
17355,25782,2020
17356,25451,1770
17357,24219,810
17358,23286,50
17359,24572,1090
17360,26594,2620
17361,24007,640
17362,24828,1290
17363,24169,770
17364,23298,60
17365,23407,150
17366,25943,2140
17367,25889,2100
17368,23638,340
17369,24969,1400
17370,25399,1730
17371,23748,430
17372,24892,1340
17373,25755,2000
17374,24032,660
17375,26253,2370
17376,27136,3010
17377,23650,350
17378,24636,1140
17379,27262,3100
17380,24082,700
17381,23711,400
17382,26996,2910
17383,25425,1750
17384,26023,2200
17385,25098,1500
17386,29460,4600
17387,25464,1780
17388,24956,1390
17389,23455,190
17390,24712,1200
17391,24244,830
17392,24282,860
17393,23650,350
17394,26389,2470
17395,24776,1250
17396,25530,1830
17397,26239,2360
17398,30200,5080
17399,26704,2700
17400,24661,1160
17401,24007,640
17402,23298,60
17403,24649,1150
17404,24370,930
17405,24547,1070
17406,24119,730
17407,24007,640
17408,26787,2760
17409,23834,500
17410,23589,300
17411,26010,2190
17412,23995,630
17413,23884,540
17414,24045,670
17415,24370,930
17416,26594,2620
17417,24712,1200
17418,23492,220
17419,24471,1010
17420,24032,660
17421,26171,2310
17422,24828,1290
17423,25425,1750
17424,25359,1700
17425,25702,1960
17426,24382,940
17427,24045,670
17428,23958,600
17429,27846,3510
17430,25742,1990
17431,29353,4530
17432,23711,400
17433,23970,610
17434,24395,950
17435,24144,750
17436,26746,2730
17437,24320,890
17438,27403,3200
17439,24738,1220
17440,24345,910
17441,25320,1670
17442,24420,970
17443,24169,770
17444,30466,5250
17445,24776,1250
17446,26457,2520
17447,24069,690
17448,23736,420
17449,26968,2890
17450,23859,520
17451,25464,1780
17452,27588,3330
17453,24408,960
17454,24700,1190
17455,24269,850
17456,26010,2190
17457,25268,1630
17458,26677,2680
17459,23286,50
17460,23347,100
17461,24471,1010
17462,26484,2540
17463,23614,320
17464,23983,620
17465,24020,650
17466,23724,410
17467,26691,2690
17468,23274,40
17469,23468,200
17470,23995,630
17471,23638,340
17472,24802,1270
17473,23516,240
17474,27122,3000
17475,24585,1100
17476,30028,4970
17477,23711,400
17478,25676,1940
17479,25202,1580
17480,25034,1450
17481,23945,590
17482,25202,1580
17483,23687,380
17484,24776,1250
17485,23810,480
17486,24357,920
17487,23970,610
17488,27178,3040
17489,30278,5130
17490,24382,940
17491,24610,1120
17492,23884,540
17493,23945,590
17494,23711,400
17495,27150,3020
17496,23983,620
17497,24572,1090
17498,24496,1030
17499,24892,1340
17500,25943,2140
17501,23699,390
17502,23847,510
17503,24610,1120
17504,23983,620
17505,23238,10
17506,24509,1040
17507,23970,610
17508,25333,1680
17509,27122,3000
17510,23748,430
17511,25662,1930
17512,25902,2110
17513,25795,2030
17514,24943,1380
17515,23516,240
17516,23468,200
17517,23492,220
17518,24815,1280
17519,24636,1140
17520,27192,3050
17521,24930,1370
17522,23553,270
17523,25862,2080
17524,28708,4100
17525,25822,2050
17526,25438,1760
17527,24370,930
17528,24930,1370
17529,24332,900
17530,25008,1430
17531,24866,1320
17532,26898,2840
17533,26443,2510
17534,24995,1420
17535,23650,350
17536,26526,2570
17537,24483,1020
17538,23896,550
17539,24119,730
17540,25769,2010
17541,25517,1820
17542,25795,2030
17543,25163,1550
17544,23492,220
17545,23945,590
17546,24879,1330
17547,23589,300
17548,27304,3130
17549,26212,2340
17550,25320,1670
17551,23504,230
17552,25111,1510
17553,24969,1400
17554,24738,1220
17555,26512,2560
17556,24408,960
17557,25543,1840
17558,23553,270
17559,25163,1550
17560,25189,1570
17561,26498,2550
17562,26857,2810
17563,25163,1550
17564,25929,2130
17565,25530,1830
17566,23995,630
17567,24045,670
17568,26760,2740
17569,25809,2040
17570,26212,2340
17571,25504,1810
17572,26293,2400
17573,28723,4110
17574,23443,180
17575,24509,1040
17576,23736,420
17577,24892,1340
17578,23262,30
17579,24956,1390
17580,25504,1810
17581,23468,200
17582,23748,430
17583,25929,2130
17584,27545,3300
17585,25477,1790
17586,23601,310
17587,25504,1810
17588,24119,730
17589,24509,1040
17590,24194,790
17591,23601,310
17592,24598,1110
17593,25163,1550
17594,23601,310
17595,23797,470
17596,25849,2070
17597,24712,1200
17598,24420,970
17599,24345,910
17600,24020,650
17601,23958,600
17602,25008,1430
17603,24738,1220
17604,24725,1210
17605,24789,1260
17606,23335,90
17607,27760,3450
17608,29217,4440
17609,24751,1230
17610,23492,220
17611,24194,790
17612,23847,510
17613,24232,820
17614,23859,520
17615,24866,1320
17616,25464,1780
17617,23298,60
17618,24738,1220
17619,27122,3000
17620,25969,2160
17621,26982,2900
17622,24032,660
17623,24918,1360
17624,29021,4310
17625,24585,1100
17626,24132,740
17627,24045,670
17628,27136,3010
17629,24853,1310
17630,25623,1900
17631,25085,1490
17632,24789,1260
17633,23286,50
17634,24320,890
17635,23884,540
17636,27688,3400
17637,23921,570
17638,25412,1740
17639,24610,1120
17640,24332,900
17641,24751,1230
17642,25268,1630
17643,24382,940
17644,23359,110
17645,25150,1540
17646,28048,3650
17647,23724,410
17648,32449,6470
17649,23371,120
17650,24157,760
17651,25609,1890
17652,23871,530
17653,24521,1050
17654,24751,1230
17655,24370,930
17656,23896,550
17657,23859,520
17658,23945,590
17659,23933,580
17660,27517,3280
17661,24182,780
17662,25477,1790
17663,24320,890
17664,27094,2980
17665,29612,4700
17666,23650,350
17667,23492,220
17668,24020,650
17669,24082,700
17670,26580,2610
17671,25124,1520
17672,31361,5810
17673,23395,140
17674,26926,2860
17675,23797,470
17676,24866,1320
17677,24649,1150
17678,25583,1870
17679,24169,770
17680,24471,1010
17681,27234,3080
17682,24182,780
17683,23687,380
17684,26293,2400
17685,23810,480
17686,24433,980
17687,23431,170
17688,25124,1520
17689,25929,2130
17690,24257,840
17691,23983,620
17692,25202,1580
17693,24282,860
17694,24395,950
17695,23748,430
17696,24610,1120
17697,24144,750
17698,25189,1570
17699,25320,1670
17700,23262,30
17701,26718,2710
17702,25307,1660
17703,24956,1390
17704,23504,230
17705,24751,1230
17706,24661,1160
17707,24082,700
17708,24082,700
17709,24892,1340
17710,24420,970
17711,23711,400
17712,23983,620
17713,27517,3280
17714,25372,1710
17715,24725,1210
17716,26787,2760
17717,24471,1010
17718,23945,590
17719,25570,1860
17720,24045,670
17721,25163,1550
17722,25742,1990
17723,24700,1190
17724,25438,1760
17725,25359,1700
17726,25073,1480
17727,24007,640
17728,24207,800
17729,23238,10
17730,26471,2530
17731,26158,2300
17732,27262,3100
17733,24547,1070
17734,23933,580
17735,24547,1070
17736,24725,1210
17737,25137,1530
17738,25996,2180
17739,24802,1270
17740,23455,190
17741,25943,2140
17742,26954,2880
17743,25111,1510
17744,26280,2390
17745,27375,3180
17746,23455,190
17747,24802,1270
17748,24725,1210
17749,23407,150
17750,28384,3880
17751,24282,860
17752,25060,1470
17753,25124,1520
17754,24738,1220
17755,35228,8060
17756,25451,1770
17757,24357,920
17758,23650,350
17759,23699,390
17760,24408,960
17761,26471,2530
17762,26090,2250
17763,23528,250
17764,24840,1300
17765,26185,2320
17766,25956,2150
17767,24433,980
17768,29172,4410
17769,23871,530
17770,25229,1600
17771,23699,390
17772,23468,200
17773,25425,1750
17774,24433,980
17775,27136,3010
17776,25438,1760
17777,23797,470
17778,28857,4200
17779,24458,1000
17780,24345,910
17781,24282,860
17782,29217,4440
17783,23834,500
17784,24257,840
17785,23687,380
17786,26023,2200
17787,24751,1230
17788,23492,220
17789,25943,2140
17790,25491,1800
17791,25085,1490
17792,26526,2570
17793,25073,1480
17794,24182,780
17795,26050,2220
17796,27347,3160
17797,25176,1560
17798,26389,2470
17799,23908,560
17800,28106,3690
17801,25189,1570
17802,24509,1040
17803,23335,90
17804,25451,1770
17805,27319,3140
17806,29384,4550
17807,24446,990
17808,24345,910
17809,24610,1120
17810,23896,550
17811,25163,1550
17812,26334,2430
17813,24420,970
17814,25943,2140
17815,24776,1250
17816,27024,2930
17817,24674,1170
17818,23983,620
17819,25320,1670
17820,24345,910
17821,23516,240
17822,25008,1430
17823,25929,2130
17824,25202,1580
17825,24157,760
17826,24182,780
17827,25008,1430
17828,24082,700
17829,24219,810
17830,24382,940
17831,23822,490
17832,23859,520
17833,28005,3620
17834,28604,4030
17835,23407,150
17836,24069,690
17837,25835,2060
17838,24408,960
17839,23589,300
17840,26484,2540
17841,30340,5170
17842,25060,1470
17843,23662,360
17844,25242,1610
17845,26239,2360
17846,24370,930
17847,23504,230
17848,23995,630
17849,23286,50
17850,26280,2390
17851,25969,2160
17852,26870,2820
17853,23504,230
17854,25320,1670
17855,24420,970
17856,23589,300
17857,25098,1500
17858,25795,2030
17859,25491,1800
17860,25346,1690
17861,24725,1210
17862,24020,650
17863,25333,1680
17864,23504,230
17865,23371,120
17866,24345,910
17867,25255,1620
17868,24496,1030
17869,25060,1470
17870,26063,2230
17871,24107,720
17872,26663,2670
17873,26471,2530
17874,24069,690
17875,25008,1430
17876,24483,1020
17877,24257,840
17878,25372,1710
17879,24332,900
17880,25034,1450
17881,24357,920
17882,25268,1630
17883,23589,300
17884,26307,2410
17885,23822,490
17886,25060,1470
17887,26239,2360
17888,25969,2160
17889,23773,450
17890,23711,400
17891,25399,1730
17892,25163,1550
17893,24057,680
17894,24866,1320
17895,23859,520
17896,25073,1480
17897,23480,210
17898,25929,2130
17899,24802,1270
17900,25008,1430
17901,25676,1940
17902,23626,330
17903,24918,1360
17904,24082,700
17905,24169,770
17906,23958,600
17907,24144,750
17908,25570,1860
17909,23614,320
17910,25333,1680
17911,27347,3160
17912,24119,730
17913,25583,1870
17914,25399,1730
17915,24169,770
17916,23335,90
17917,24370,930
17918,23834,500
17919,23983,620
17920,24082,700
17921,25359,1700
17922,24700,1190
17923,24840,1300
17924,24623,1130
17925,25716,1970
17926,23970,610
17927,24282,860
17928,24144,750
17929,26063,2230
17930,24107,720
17931,27474,3250
17932,24636,1140
17933,23871,530
17934,24661,1160
17935,23797,470
17936,23407,150
17937,24446,990
17938,24395,950
17939,23347,100
17940,23983,620
17941,25702,1960
17942,24094,710
17943,24483,1020
17944,26375,2460
17945,25412,1740
17946,25636,1910
17947,26553,2590
17948,23626,330
17949,31933,6160
17950,23516,240
17951,24828,1290
17952,23516,240
17953,24294,870
17954,25021,1440
17955,24269,850
17956,23834,500
17957,24496,1030
17958,26580,2610
17959,24751,1230
17960,24636,1140
17961,25491,1800
17962,26117,2270
17963,25729,1980
17964,27150,3020
17965,24725,1210
17966,25021,1440
17967,24879,1330
17968,24892,1340
17969,29278,4480
17970,25047,1460
17971,26280,2390
17972,24509,1040
17973,25320,1670
17974,25504,1810
17975,24572,1090
17976,23810,480
17977,25425,1750
17978,25385,1720
17979,24458,1000
17980,23847,510
17981,24219,810
17982,24257,840
17983,23884,540
17984,24521,1050
17985,23359,110
17986,23958,600
17987,23945,590
17988,23797,470
17989,24307,880
17990,25438,1760
17991,24840,1300
17992,23226,0
17993,24623,1130
17994,24020,650
17995,25333,1680
17996,23577,290
17997,25021,1440
17998,25491,1800
17999,24509,1040
18000,25047,1460
18001,24458,1000
18002,24420,970
18003,25124,1520
18004,24547,1070
18005,24610,1120
18006,23528,250
18007,25085,1490
18008,26746,2730
18009,23468,200
18010,26443,2510
18011,25008,1430
18012,25716,1970
18013,24471,1010
18014,24094,710
18015,26982,2900
18016,23226,0
18017,23468,200
18018,24483,1020
18019,26171,2310
18020,27150,3020
18021,23601,310
18022,25438,1760
18023,24636,1140
18024,23847,510
18025,25822,2050
18026,24107,720
18027,27403,3200
18028,24879,1330
18029,26010,2190
18030,24763,1240
18031,24598,1110
18032,24674,1170
18033,23773,450
18034,24649,1150
18035,23983,620
18036,24408,960
18037,25795,2030
18038,24471,1010
18039,26266,2380
18040,23724,410
18041,24345,910
18042,23322,80
18043,24700,1190
18044,24853,1310
18045,25477,1790
18046,24307,880
18047,27545,3300
18048,23577,290
18049,23250,20
18050,29021,4310
18051,24169,770
18052,29172,4410
18053,24738,1220
18054,24866,1320
18055,26484,2540
18056,25163,1550
18057,24738,1220
18058,28708,4100
18059,25281,1640
18060,24776,1250
18061,26348,2440
18062,25862,2080
18063,24182,780
18064,24332,900
18065,24471,1010
18066,23310,70
18067,24521,1050
18068,24700,1190
18069,25676,1940
18070,24045,670
18071,24069,690
18072,24433,980
18073,26608,2630
18074,24623,1130
18075,30450,5240
18076,26117,2270
18077,24082,700
18078,24194,790
18079,23589,300
18080,23675,370
18081,24572,1090
18082,25649,1920
18083,25702,1960
18084,24320,890
18085,24623,1130
18086,24219,810
18087,23785,460
18088,26996,2910
18089,23662,360
18090,25137,1530
18091,25060,1470
18092,23773,450
18093,26691,2690
18094,23335,90
18095,24471,1010
18096,24905,1350
18097,23970,610
18098,28634,4050
18099,24420,970
18100,24257,840
18101,24458,1000
18102,25242,1610
18103,23589,300
18104,25176,1560
18105,24045,670
18106,24674,1170
18107,27517,3280
18108,23970,610
18109,24007,640
18110,24712,1200
18111,25124,1520
18112,24725,1210
18113,26104,2260
18114,24853,1310
18115,25111,1510
18116,24763,1240
18117,23516,240
18118,23419,160
18119,25570,1860
18120,25742,1990
18121,25956,2150
18122,25255,1620
18123,24357,920
18124,23859,520
18125,24357,920
18126,24534,1060
18127,24483,1020
18128,24069,690
18129,27560,3310
18130,24408,960
18131,27904,3550
18132,24244,830
18133,24598,1110
18134,28121,3700
18135,24045,670
18136,26389,2470
18137,25862,2080
18138,24930,1370
18139,25359,1700
18140,23310,70
18141,23884,540
18142,23540,260
18143,23760,440
18144,26063,2230
18145,23983,620
18146,24057,680
18147,27234,3080
18148,24905,1350
18149,23822,490
18150,24382,940
18151,23871,530
18152,29308,4500
18153,27602,3340
18154,23359,110
18155,23589,300
18156,25969,2160
18157,27094,2980
18158,26691,2690
18159,24751,1230
18160,23589,300
18161,25517,1820
18162,26691,2690
18163,26023,2200
18164,28237,3780
18165,24307,880
18166,24610,1120
18167,26608,2630
18168,23359,110
18169,24345,910
18170,28092,3680
18171,23711,400
18172,32182,6310
18173,23773,450
18174,24471,1010
18175,23933,580
18176,26801,2770
18177,24956,1390
18178,23834,500
18179,23492,220
18180,25268,1630
18181,24509,1040
18182,24738,1220
18183,24560,1080
18184,23884,540
18185,24157,760
18186,25636,1910
18187,24370,930
18188,24738,1220
18189,24560,1080
18190,25716,1970
18191,24082,700
18192,25530,1830
18193,25996,2180
18194,25570,1860
18195,24956,1390
18196,31474,5880
18197,24294,870
18198,23760,440
18199,25073,1480
18200,24458,1000
18201,23383,130
18202,23970,610
18203,23736,420
18204,23810,480
18205,25085,1490
18206,26063,2230
18207,23822,490
18208,25073,1480
18209,24144,750
18210,30075,5000
18211,29797,4820
18212,24521,1050
18213,27052,2950
18214,23884,540
18215,26090,2250
18216,26539,2580
18217,24182,780
18218,24420,970
18219,28121,3700
18220,24789,1260
18221,25570,1860
18222,26280,2390
18223,23810,480
18224,23687,380
18225,29920,4900
18226,23468,200
18227,24725,1210
18228,24725,1210
18229,24725,1210
18230,25809,2040
18231,25583,1870
18232,23650,350
18233,23662,360
18234,24269,850
18235,24763,1240
18236,24471,1010
18237,25636,1910
18238,26090,2250
18239,24370,930
18240,24144,750
18241,23504,230
18242,23662,360
18243,23614,320
18244,24483,1020
18245,23468,200
18246,25504,1810
18247,23760,440
18248,24433,980
18249,24357,920
18250,32786,6670
18251,25876,2090
18252,23822,490
18253,24534,1060
18254,24763,1240
18255,25769,2010
18256,25255,1620
18257,25438,1760
18258,24433,980
18259,23687,380
18260,26471,2530
18261,23908,560
18262,24458,1000
18263,27375,3180
18264,29142,4390
18265,24020,650
18266,24182,780
18267,25530,1830
18268,24045,670
18269,23810,480
18270,25716,1970
18271,24776,1250
18272,23687,380
18273,23347,100
18274,23687,380
18275,23480,210
18276,24943,1380
18277,24032,660
18278,28223,3770
18279,25491,1800
18280,23933,580
18281,24045,670
18282,24560,1080
18283,24751,1230
18284,26594,2620
18285,24032,660
18286,23480,210
18287,24789,1260
18288,24307,880
18289,24157,760
18290,23958,600
18291,23884,540
18292,24866,1320
18293,25268,1630
18294,24879,1330
18295,25835,2060
18296,23504,230
18297,23226,0
18298,23383,130
18299,24866,1320
18300,25060,1470
18301,25464,1780
18302,23896,550
18303,24725,1210
18304,24182,780
18305,24687,1180
18306,24738,1220
18307,27588,3330
18308,29021,4310
18309,28545,3990
18310,23468,200
18311,24982,1410
18312,25060,1470
18313,23687,380
18314,30075,5000
18315,24007,640
18316,26253,2370
18317,23601,310
18318,23945,590
18319,23847,510
18320,24995,1420
18321,24815,1280
18322,24712,1200
18323,25438,1760
18324,24956,1390
18325,24969,1400
18326,23347,100
18327,25163,1550
18328,24866,1320
18329,26266,2380
18330,25320,1670
18331,24905,1350
18332,27248,3090
18333,23884,540
18334,25583,1870
18335,25902,2110
18336,26746,2730
18337,24828,1290
18338,27136,3010
18339,23834,500
18340,24294,870
18341,26199,2330
18342,24257,840
18343,26843,2800
18344,23908,560
18345,24892,1340
18346,23871,530
18347,24712,1200
18348,23711,400
18349,24943,1380
18350,27531,3290
18351,24045,670
18352,24007,640
18353,27875,3530
18354,24674,1170
18355,23371,120
18356,24207,800
18357,25150,1540
18358,31801,6080
18359,24930,1370
18360,24219,810
18361,24194,790
18362,24107,720
18363,23871,530
18364,23995,630
18365,29750,4790
18366,28738,4120
18367,24598,1110
18368,23650,350
18369,24282,860
18370,27178,3040
18371,23565,280
18372,24496,1030
18373,24207,800
18374,24320,890
18375,24725,1210
18376,23589,300
18377,23834,500
18378,26870,2820
18379,24020,650
18380,26104,2260
18381,24408,960
18382,24408,960
18383,25412,1740
18384,23687,380
18385,25702,1960
18386,26293,2400
18387,26104,2260
18388,25596,1880
18389,24623,1130
18390,27717,3420
18391,23626,330
18392,23822,490
18393,28768,4140
18394,24969,1400
18395,24610,1120
18396,26266,2380
18397,23810,480
18398,25150,1540
18399,23724,410
18400,27976,3600
18401,27460,3240
18402,24776,1250
18403,23516,240
18404,23687,380
18405,26239,2360
18406,24020,650
18407,24069,690
18408,24370,930
18409,25517,1820
18410,25755,2000
18411,25385,1720
18412,24661,1160
18413,26635,2650
18414,27660,3380
18415,24032,660
18416,23847,510
18417,27418,3210
18418,24207,800
18419,26760,2740
18420,24866,1320
18421,23310,70
18422,23945,590
18423,23310,70
18424,26443,2510
18425,25385,1720
18426,23395,140
18427,25609,1890
18428,25034,1450
18429,24182,780
18430,24969,1400
18431,24815,1280
18432,24182,780
18433,24382,940
18434,25176,1560
18435,23383,130
18436,27932,3570
18437,24918,1360
18438,25570,1860
18439,25902,2110
18440,23347,100
18441,23565,280
18442,24828,1290
18443,24408,960
18444,24751,1230
18445,24623,1130
18446,25215,1590
18447,25346,1690
18448,24610,1120
18449,24930,1370
18450,23662,360
18451,24219,810
18452,23970,610
18453,26239,2360
18454,23958,600
18455,25189,1570
18456,24395,950
18457,24094,710
18458,23748,430
18459,25412,1740
18460,24674,1170
18461,24082,700
18462,23896,550
18463,25662,1930
18464,23407,150
18465,24294,870
18466,23773,450
18467,23760,440
18468,25372,1710
18469,24725,1210
18470,24257,840
18471,24763,1240
18472,24751,1230
18473,24969,1400
18474,25215,1590
18475,24119,730
18476,25609,1890
18477,24712,1200
18478,24370,930
18479,24395,950
18480,23748,430
18481,23921,570
18482,23970,610
18483,24357,920
18484,26471,2530
18485,23724,410
18486,25902,2110
18487,24879,1330
18488,24623,1130
18489,23468,200
18490,23810,480
18491,23970,610
18492,26307,2410
18493,23226,0
18494,23443,180
18495,24598,1110
18496,24879,1330
18497,23675,370
18498,25716,1970
18499,23822,490
18500,27206,3060
18501,25176,1560
18502,23504,230
18503,29006,4300
18504,23262,30
18505,26968,2890
18506,24509,1040
18507,23859,520
18508,24020,650
18509,23286,50
18510,23589,300
18511,27010,2920
18512,25491,1800
18513,24828,1290
18514,24725,1210
18515,23797,470
18516,24509,1040
18517,25202,1580
18518,24045,670
18519,23871,530
18520,24345,910
18521,28384,3880
18522,27904,3550
18523,24610,1120
18524,30640,5360
18525,25412,1740
18526,23859,520
18527,23675,370
18528,24598,1110
18529,23958,600
18530,25876,2090
18531,25412,1740
18532,24598,1110
18533,25425,1750
18534,24636,1140
18535,25320,1670
18536,26746,2730
18537,23626,330
18538,23810,480
18539,24007,640
18540,24585,1100
18541,24598,1110
18542,24082,700
18543,24918,1360
18544,23896,550
18545,24918,1360
18546,25372,1710
18547,24866,1320
18548,27545,3300
18549,24585,1100
18550,26512,2560
18551,26090,2250
18552,23371,120
18553,29704,4760
18554,26649,2660
18555,26926,2860
18556,24395,950
18557,23699,390
18558,25098,1500
18559,23896,550
18560,27108,2990
18561,25451,1770
18562,23650,350
18563,25111,1510
18564,24207,800
18565,25570,1860
18566,25137,1530
18567,26090,2250
18568,25176,1560
18569,26663,2670
18570,23847,510
18571,23589,300
18572,24471,1010
18573,23322,80
18574,24433,980
18575,23834,500
18576,23347,100
18577,23528,250
18578,26090,2250
18579,24636,1140
18580,23528,250
18581,25346,1690
18582,24560,1080
18583,24269,850
18584,24395,950
18585,25477,1790
18586,26718,2710
18587,25782,2020
18588,24144,750
18589,24157,760
18590,23468,200
18591,27122,3000
18592,24257,840
18593,28048,3650
18594,24420,970
18595,25889,2100
18596,25320,1670
18597,23908,560
18598,26348,2440
18599,25889,2100
18600,25451,1770
18601,24094,710
18602,27560,3310
18603,26037,2210
18604,23785,460
18605,29674,4740
18606,23797,470
18607,23995,630
18608,23724,410
18609,24057,680
18610,24232,820
18611,25755,2000
18612,26677,2680
18613,25425,1750
18614,24943,1380
18615,24918,1360
18616,25359,1700
18617,24649,1150
18618,24094,710
18619,24294,870
18620,25307,1660
18621,25649,1920
18622,23711,400
18623,24107,720
18624,25689,1950
18625,24840,1300
18626,24840,1300
18627,26334,2430
18628,24943,1380
18629,23945,590
18630,24107,720
18631,24725,1210
18632,25359,1700
18633,24892,1340
18634,24995,1420
18635,24918,1360
18636,23322,80
18637,23896,550
18638,24763,1240
18639,23540,260
18640,24840,1300
18641,25359,1700
18642,25346,1690
18643,25163,1550
18644,25557,1850
18645,25359,1700
18646,24119,730
18647,23504,230
18648,26239,2360
18649,24182,780
18650,23395,140
18651,24930,1370
18652,24521,1050
18653,25702,1960
18654,29232,4450
18655,24032,660
18656,24194,790
18657,25150,1540
18658,25359,1700
18659,24458,1000
18660,24032,660
18661,24674,1170
18662,23797,470
18663,24219,810
18664,23724,410
18665,29066,4340
18666,23226,0
18667,23908,560
18668,24700,1190
18669,24045,670
18670,24169,770
18671,27122,3000
18672,24144,750
18673,26443,2510
18674,24763,1240
18675,28664,4070
18676,25060,1470
18677,25346,1690
18678,23322,80
18679,23577,290
18680,24828,1290
18681,24269,850
18682,24674,1170
18683,26484,2540
18684,23492,220
18685,25268,1630
18686,27731,3430
18687,25333,1680
18688,26077,2240
18689,24738,1220
18690,23896,550
18691,24057,680
18692,24649,1150
18693,23601,310
18694,23699,390
18695,24905,1350
18696,24840,1300
18697,25163,1550
18698,26307,2410
18699,24045,670
18700,27178,3040
18701,25623,1900
18702,24547,1070
18703,23650,350
18704,26622,2640
18705,25689,1950
18706,23896,550
18707,27531,3290
18708,25956,2150
18709,26037,2210
18710,25849,2070
18711,25176,1560
18712,23492,220
18713,24395,950
18714,25189,1570
18715,25583,1870
18716,24751,1230
18717,24509,1040
18718,26077,2240
18719,24370,930
18720,24007,640
18721,26158,2300
18722,25359,1700
18723,27234,3080
18724,24687,1180
18725,24521,1050
18726,24610,1120
18727,24045,670
18728,24560,1080
18729,23662,360
18730,23896,550
18731,25689,1950
18732,25137,1530
18733,24057,680
18734,25769,2010
18735,23822,490
18736,25636,1910
18737,25320,1670
18738,23577,290
18739,24232,820
18740,24433,980
18741,23480,210
18742,29036,4320
18743,23626,330
18744,27702,3410
18745,24207,800
18746,26171,2310
18747,23226,0
18748,23250,20
18749,23859,520
18750,23711,400
18751,27745,3440
18752,25047,1460
18753,25716,1970
18754,24307,880
18755,25676,1940
18756,24687,1180
18757,26402,2480
18758,25073,1480
18759,24623,1130
18760,25307,1660
18761,25902,2110
18762,25202,1580
18763,23724,410
18764,23540,260
18765,25583,1870
18766,23675,370
18767,26580,2610
18768,26512,2560
18769,25849,2070
18770,24057,680
18771,24840,1300
18772,23614,320
18773,24395,950
18774,24107,720
18775,24712,1200
18776,24738,1220
18777,24007,640
18778,24712,1200
18779,23322,80
18780,23724,410
18781,25098,1500
18782,24751,1230
18783,26663,2670
18784,24840,1300
18785,25294,1650
18786,23773,450
18787,24995,1420
18788,23540,260
18789,24930,1370
18790,26567,2600
18791,23310,70
18792,23662,360
18793,23298,60
18794,24244,830
18795,23650,350
18796,24244,830
18797,25876,2090
18798,27418,3210
18799,23748,430
18800,25255,1620
18801,23492,220
18802,24496,1030
18803,23871,530
18804,24585,1100
18805,26158,2300
18806,25464,1780
18807,26023,2200
18808,23810,480
18809,24560,1080
18810,24433,980
18811,24257,840
18812,25636,1910
18813,24674,1170
18814,25307,1660
18815,24357,920
18816,26416,2490
18817,26348,2440
18818,23908,560
18819,26117,2270
18820,25163,1550
18821,23626,330
18822,24649,1150
18823,26430,2500
18824,25399,1730
18825,24032,660
18826,25809,2040
18827,23443,180
18828,24144,750
18829,26010,2190
18830,25782,2020
18831,28194,3750
18832,25294,1650
18833,24879,1330
18834,23650,350
18835,24357,920
18836,24282,860
18837,25438,1760
18838,23650,350
18839,24107,720
18840,27418,3210
18841,23614,320
18842,23785,460
18843,28164,3730
18844,24496,1030
18845,24157,760
18846,27503,3270
18847,26968,2890
18848,24132,740
18849,24345,910
18850,27304,3130
18851,27976,3600
18852,24560,1080
18853,24687,1180
18854,23921,570
18855,27688,3400
18856,24119,730
18857,24207,800
18858,23359,110
18859,24020,650
18860,24382,940
18861,23995,630
18862,23443,180
18863,23383,130
18864,27206,3060
18865,25346,1690
18866,23995,630
18867,24483,1020
18868,24144,750
18869,23884,540
18870,23504,230
18871,25163,1550
18872,27178,3040
18873,23601,310
18874,24700,1190
18875,24194,790
18876,26663,2670
18877,24547,1070
18878,23614,320
18879,25609,1890
18880,24433,980
18881,24144,750
18882,24636,1140
18883,23797,470
18884,25085,1490
18885,24866,1320
18886,23589,300
18887,25902,2110
18888,24219,810
18889,24674,1170
18890,24610,1120
18891,30168,5060
18892,24132,740
18893,24995,1420
18894,24725,1210
18895,24763,1240
18896,23528,250
18897,25242,1610
18898,27290,3120
18899,23455,190
18900,24610,1120
18901,24094,710
18902,24057,680
18903,24257,840
18904,25623,1900
18905,25176,1560
18906,29217,4440
18907,23262,30
18908,25047,1460
18909,26266,2380
18910,23859,520
18911,24332,900
18912,26898,2840
18913,23785,460
18914,25716,1970
18915,25294,1650
18916,24244,830
18917,23565,280
18918,23662,360
18919,24144,750
18920,23711,400
18921,25889,2100
18922,23226,0
18923,23455,190
18924,23687,380
18925,24674,1170
18926,24623,1130
18927,24157,760
18928,23945,590
18929,24446,990
18930,24395,950
18931,23871,530
18932,24345,910
18933,23834,500
18934,25307,1660
18935,24763,1240
18936,24332,900
18937,24007,640
18938,23822,490
18939,23626,330
18940,24307,880
18941,25137,1530
18942,24483,1020
18943,29951,4920
18944,23921,570
18945,24534,1060
18946,24547,1070
18947,24446,990
18948,23945,590
18949,24458,1000
18950,23983,620
18951,24282,860
18952,23577,290
18953,24521,1050
18954,24789,1260
18955,23958,600
18956,24763,1240
18957,23480,210
18958,25464,1780
18959,24357,920
18960,23933,580
18961,24585,1100
18962,23553,270
18963,24521,1050
18964,24969,1400
18965,23614,320
18966,24521,1050
18967,24598,1110
18968,24943,1380
18969,25491,1800
18970,23540,260
18971,24382,940
18972,24232,820
18973,24157,760
18974,26870,2820
18975,25477,1790
18976,23921,570
18977,24069,690
18978,25477,1790
18979,25034,1450
18980,26171,2310
18981,26389,2470
18982,24194,790
18983,26239,2360
18984,24144,750
18985,24169,770
18986,24458,1000
18987,23810,480
18988,24853,1310
18989,26158,2300
18990,23760,440
18991,26104,2260
18992,23614,320
18993,24879,1330
18994,25530,1830
18995,24995,1420
18996,25809,2040
18997,25583,1870
18998,26185,2320
18999,25570,1860
19000,23675,370
19001,24257,840
19002,26253,2370
19003,26226,2350
19004,25412,1740
19005,26104,2260
19006,25098,1500
19007,24892,1340
19008,27122,3000
19009,24687,1180
19010,26982,2900
19011,26996,2910
19012,26090,2250
19013,24982,1410
19014,25689,1950
19015,26334,2430
19016,24649,1150
19017,24623,1130
19018,25438,1760
19019,25609,1890
19020,23773,450
19021,24207,800
19022,23371,120
19023,23443,180
19024,23884,540
19025,24057,680
19026,23699,390
19027,24572,1090
19028,24144,750
19029,27674,3390
19030,24956,1390
19031,25163,1550
19032,28604,4030
19033,23736,420
19034,25530,1830
19035,25385,1720
19036,25163,1550
19037,23945,590
19038,24560,1080
19039,23528,250
19040,24572,1090
19041,24132,740
19042,23310,70
19043,24219,810
19044,25307,1660
19045,24918,1360
19046,23577,290
19047,26280,2390
19048,23553,270
19049,23711,400
19050,23687,380
19051,26884,2830
19052,24307,880
19053,25862,2080
19054,27688,3400
19055,25229,1600
19056,26212,2340
19057,24433,980
19058,23589,300
19059,28005,3620
19060,24956,1390
19061,25929,2130
19062,25073,1480
19063,24082,700
19064,24057,680
19065,23407,150
19066,26512,2560
19067,25504,1810
19068,24219,810
19069,26402,2480
19070,24547,1070
19071,23298,60
19072,24623,1130
19073,25229,1600
19074,23859,520
19075,23760,440
19076,24585,1100
19077,24521,1050
19078,23675,370
19079,24789,1260
19080,23468,200
19081,23274,40
19082,26608,2630
19083,25294,1650
19084,23589,300
19085,24307,880
19086,24020,650
19087,25073,1480
19088,24879,1330
19089,24307,880
19090,24789,1260
19091,26526,2570
19092,26144,2290
19093,26594,2620
19094,23274,40
19095,23565,280
19096,23347,100
19097,24094,710
19098,25517,1820
19099,23322,80
19100,24207,800
19101,24057,680
19102,24307,880
19103,27947,3580
19104,28310,3830
19105,27262,3100
19106,24828,1290
19107,24144,750
19108,24045,670
19109,24332,900
19110,25098,1500
19111,24282,860
19112,24219,810
19113,27304,3130
19114,26857,2810
19115,23884,540
19116,24207,800
19117,26773,2750
19118,23797,470
19119,23614,320
19120,23675,370
19121,24119,730
19122,23773,450
19123,24521,1050
19124,25242,1610
19125,24446,990
19126,25530,1830
19127,24687,1180
19128,25255,1620
19129,26635,2650
19130,24930,1370
19131,24119,730
19132,23468,200
19133,26010,2190
19134,23601,310
19135,23871,530
19136,23480,210
19137,23896,550
19138,24357,920
19139,24725,1210
19140,23638,340
19141,25570,1860
19142,24483,1020
19143,24572,1090
19144,23871,530
19145,32349,6410
19146,23834,500
19147,23589,300
19148,25034,1450
19149,23419,160
19150,24345,910
19151,25021,1440
19152,24107,720
19153,24534,1060
19154,26226,2350
19155,25649,1920
19156,23699,390
19157,23724,410
19158,24751,1230
19159,26430,2500
19160,25202,1580
19161,23492,220
19162,29323,4510
19163,23262,30
19164,23785,460
19165,24069,690
19166,24169,770
19167,24458,1000
19168,24982,1410
19169,26253,2370
19170,31231,5730
19171,25189,1570
19172,23933,580
19173,24815,1280
19174,25150,1540
19175,23871,530
19176,24649,1150
19177,24866,1320
19178,30200,5080
19179,27976,3600
19180,28106,3690
19181,25570,1860
19182,24918,1360
19183,23859,520
19184,26580,2610
19185,23310,70
19186,23650,350
19187,23662,360
19188,25176,1560
19189,23945,590
19190,28121,3700
19191,23983,620
19192,26746,2730
19193,23859,520
19194,23760,440
19195,24738,1220
19196,23995,630
19197,25034,1450
19198,25150,1540
19199,24943,1380
19200,24700,1190
19201,27276,3110
19202,27164,3030
19203,25969,2160
19204,25163,1550
19205,25021,1440
19206,24032,660
19207,23995,630
19208,23896,550
19209,24828,1290
19210,23871,530
19211,25517,1820
19212,24828,1290
19213,23687,380
19214,24144,750
19215,25729,1980
19216,23638,340
19217,26362,2450
19218,26912,2850
19219,24853,1310
19220,25307,1660
19221,23797,470
19222,24458,1000
19223,23945,590
19224,25477,1790
19225,24269,850
19226,24547,1070
19227,25268,1630
19228,26498,2550
19229,23565,280
19230,25085,1490
19231,25255,1620
19232,26691,2690
19233,28664,4070
19234,29081,4350
19235,24082,700
19236,26090,2250
19237,24496,1030
19238,27052,2950
19239,25438,1760
19240,24815,1280
19241,24674,1170
19242,26898,2840
19243,25229,1600
19244,25438,1760
19245,23699,390
19246,23724,410
19247,23675,370
19248,25636,1910
19249,25425,1750
19250,23687,380
19251,25242,1610
19252,25517,1820
19253,23760,440
19254,24094,710
19255,24930,1370
19256,25795,2030
19257,23983,620
19258,26635,2650
19259,24420,970
19260,24930,1370
19261,24357,920
19262,23565,280
19263,25543,1840
19264,23822,490
19265,25689,1950
19266,24232,820
19267,24828,1290
19268,26787,2760
19269,24712,1200
19270,25543,1840
19271,23359,110
19272,24776,1250
19273,24020,650
19274,25034,1450
19275,23983,620
19276,25795,2030
19277,27290,3120
19278,23834,500
19279,23760,440
19280,24094,710
19281,24509,1040
19282,24219,810
19283,25189,1570
19284,25822,2050
19285,24661,1160
19286,26293,2400
19287,24879,1330
19288,25649,1920
19289,23810,480
19290,24257,840
19291,26608,2630
19292,23970,610
19293,24307,880
19294,23773,450
19295,25822,2050
19296,24446,990
19297,24636,1140
19298,23553,270
19299,25623,1900
19300,24395,950
19301,25530,1830
19302,25983,2170
19303,26158,2300
19304,24661,1160
19305,23577,290
19306,25111,1510
19307,30435,5230
19308,25242,1610
19309,24738,1220
19310,26375,2460
19311,24751,1230
19312,24082,700
19313,23797,470
19314,24357,920
19315,27206,3060
19316,24458,1000
19317,24802,1270
19318,24483,1020
19319,26815,2780
19320,28252,3790
19321,25008,1430
19322,23226,0
19323,23995,630
19324,24020,650
19325,30783,5450
19326,24623,1130
19327,23896,550
19328,27164,3030
19329,24521,1050
19330,24420,970
19331,24257,840
19332,23896,550
19333,24905,1350
19334,26131,2280
19335,24700,1190
19336,23589,300
19337,24395,950
19338,23626,330
19339,24661,1160
19340,25307,1660
19341,25557,1850
19342,23958,600
19343,23773,450
19344,23748,430
19345,24269,850
19346,27361,3170
19347,25242,1610
19348,24585,1100
19349,23699,390
19350,24282,860
19351,23565,280
19352,25008,1430
19353,24521,1050
19354,24458,1000
19355,24700,1190
19356,25425,1750
19357,23492,220
19358,23650,350
19359,23589,300
19360,27010,2920
19361,24032,660
19362,24408,960
19363,24370,930
19364,24853,1310
19365,24712,1200
19366,23662,360
19367,24032,660
19368,24420,970
19369,26226,2350
19370,26526,2570
19371,26321,2420
19372,24119,730
19373,25399,1730
19374,23419,160
19375,23896,550
19376,24082,700
19377,23921,570
19378,23945,590
19379,24332,900
19380,23933,580
19381,26815,2780
19382,24332,900
19383,24094,710
19384,30356,5180
19385,24244,830
19386,24661,1160
19387,24853,1310
19388,24144,750
19389,24307,880
19390,29582,4680
19391,25098,1500
19392,24345,910
19393,24370,930
19394,24282,860
19395,25716,1970
19396,24182,780
19397,24802,1270
19398,23760,440
19399,26293,2400
19400,25189,1570
19401,25215,1590
19402,24521,1050
19403,33178,6900
19404,23933,580
19405,24560,1080
19406,25255,1620
19407,24020,650
19408,31119,5660
19409,24636,1140
19410,26815,2780
19411,23516,240
19412,24879,1330
19413,24032,660
19414,24687,1180
19415,24194,790
19416,26280,2390
19417,24610,1120
19418,25983,2170
19419,24534,1060
19420,24020,650
19421,25111,1510
19422,24382,940
19423,23419,160
19424,24257,840
19425,25189,1570
19426,25889,2100
19427,24636,1140
19428,25689,1950
19429,25929,2130
19430,24069,690
19431,26077,2240
19432,24219,810
19433,23383,130
19434,24982,1410
19435,24433,980
19436,25034,1450
19437,26253,2370
19438,25623,1900
19439,24282,860
19440,24956,1390
19441,24471,1010
19442,23687,380
19443,24320,890
19444,29582,4680
19445,23834,500
19446,24828,1290
19447,24509,1040
19448,26801,2770
19449,23896,550
19450,24320,890
19451,23589,300
19452,24045,670
19453,24294,870
19454,25676,1940
19455,26677,2680
19456,25346,1690
19457,23773,450
19458,23699,390
19459,25530,1830
19460,25111,1510
19461,28019,3630
19462,25333,1680
19463,23565,280
19464,24866,1320
19465,24433,980
19466,28590,4020
19467,23528,250
19468,25570,1860
19469,26526,2570
19470,23711,400
19471,30942,5550
19472,24610,1120
19473,25085,1490
19474,27904,3550
19475,24687,1180
19476,23286,50
19477,24853,1310
19478,23347,100
19479,23711,400
19480,26787,2760
19481,23504,230
19482,25294,1650
19483,23650,350
19484,24458,1000
19485,23431,170
19486,26430,2500
19487,26280,2390
19488,25372,1710
19489,24182,780
19490,26567,2600
19491,25268,1630
19492,25583,1870
19493,23589,300
19494,23226,0
19495,24712,1200
19496,24257,840
19497,24157,760
19498,24244,830
19499,23455,190
19500,23760,440
19501,23516,240
19502,25111,1510
19503,24345,910
19504,23383,130
19505,24534,1060
19506,23810,480
19507,24357,920
19508,24738,1220
19509,28135,3710
19510,23540,260
19511,26746,2730
19512,26253,2370
19513,26912,2850
19514,25294,1650
19515,25689,1950
19516,24032,660
19517,27531,3290
19518,24132,740
19519,25729,1980
19520,24763,1240
19521,24294,870
19522,24094,710
19523,24712,1200
19524,24853,1310
19525,23662,360
19526,24458,1000
19527,23884,540
19528,24866,1320
19529,23958,600
19530,24244,830
19531,23724,410
19532,23896,550
19533,24433,980
19534,24458,1000
19535,25676,1940
19536,26117,2270
19537,24458,1000
19538,25060,1470
19539,23662,360
19540,24572,1090
19541,23650,350
19542,23896,550
19543,24232,820
19544,26090,2250
19545,24020,650
19546,24219,810
19547,24738,1220
19548,24169,770
19549,23504,230
19550,25021,1440
19551,25649,1920
19552,24144,750
19553,24661,1160
19554,28575,4010
19555,26649,2660
19556,24585,1100
19557,24982,1410
19558,24725,1210
19559,25255,1620
19560,23553,270
19561,25085,1490
19562,24244,830
19563,27403,3200
19564,24382,940
19565,26884,2830
19566,23468,200
19567,23810,480
19568,24032,660
19569,24712,1200
19570,24763,1240
19571,27460,3240
19572,23896,550
19573,23896,550
19574,23565,280
19575,24232,820
19576,27206,3060
19577,23614,320
19578,24132,740
19579,23834,500
19580,23970,610
19581,26498,2550
19582,23395,140
19583,25124,1520
19584,25060,1470
19585,25385,1720
19586,24182,780
19587,26829,2790
19588,23662,360
19589,23785,460
19590,24207,800
19591,24866,1320
19592,23662,360
19593,24496,1030
19594,23711,400
19595,24382,940
19596,27788,3470
19597,26704,2700
19598,26484,2540
19599,23565,280
19600,24930,1370
19601,25943,2140
19602,26037,2210
19603,28604,4030
19604,23431,170
19605,24751,1230
19606,25281,1640
19607,25346,1690
19608,25769,2010
19609,24956,1390
19610,25399,1730
19611,23908,560
19612,26954,2880
19613,24370,930
19614,24930,1370
19615,23711,400
19616,23921,570
19617,25583,1870
19618,26732,2720
19619,27262,3100
19620,23810,480
19621,23468,200
19622,29399,4560
19623,23528,250
19624,26171,2310
19625,23958,600
19626,24094,710
19627,24069,690
19628,26023,2200
19629,23859,520
19630,24357,920
19631,25755,2000
19632,24032,660
19633,24840,1300
19634,24345,910
19635,24370,930
19636,24446,990
19637,24420,970
19638,24057,680
19639,24045,670
19640,26498,2550
19641,24219,810
19642,23983,620
19643,24157,760
19644,25242,1610
19645,25281,1640
19646,24815,1280
19647,24636,1140
19648,26457,2520
19649,24107,720
19650,23773,450
19651,25150,1540
19652,26471,2530
19653,24521,1050
19654,25242,1610
19655,24471,1010
19656,24332,900
19657,23650,350
19658,23638,340
19659,23711,400
19660,25943,2140
19661,23504,230
19662,23933,580
19663,24007,640
19664,24020,650
19665,27617,3350
19666,24598,1110
19667,24144,750
19668,26926,2860
19669,24132,740
19670,24045,670
19671,25047,1460
19672,25137,1530
19673,24674,1170
19674,24082,700
19675,23933,580
19676,25782,2020
19677,23896,550
19678,25491,1800
19679,26212,2340
19680,28354,3860
19681,24840,1300
19682,26334,2430
19683,24763,1240
19684,23921,570
19685,23699,390
19686,24020,650
19687,23371,120
19688,26870,2820
19689,24496,1030
19690,23983,620
19691,24674,1170
19692,24408,960
19693,26954,2880
19694,24649,1150
19695,23407,150
19696,24712,1200
19697,24107,720
19698,26321,2420
19699,23859,520
19700,24853,1310
19701,30561,5310
19702,23262,30
19703,23614,320
19704,24636,1140
19705,26010,2190
19706,25150,1540
19707,28005,3620
19708,24144,750
19709,26430,2500
19710,25047,1460
19711,25716,1970
19712,23614,320
19713,25782,2020
19714,24294,870
19715,23859,520
19716,25716,1970
19717,24420,970
19718,24943,1380
19719,25943,2140
19720,24943,1380
19721,24547,1070
19722,24738,1220
19723,26010,2190
19724,24572,1090
19725,23226,0
19726,25163,1550
19727,23921,570
19728,23335,90
19729,24408,960
19730,24828,1290
19731,23226,0
19732,25782,2020
19733,23565,280
19734,26037,2210
19735,24995,1420
19736,24956,1390
19737,29997,4950
19738,25137,1530
19739,24712,1200
19740,25137,1530
19741,24382,940
19742,23797,470
19743,26471,2530
19744,27631,3360
19745,23455,190
19746,24598,1110
19747,25676,1940
19748,25916,2120
19749,26926,2860
19750,24094,710
19751,26226,2350
19752,25969,2160
19753,23797,470
19754,25137,1530
19755,25742,1990
19756,23711,400
19757,23492,220
19758,24853,1310
19759,26635,2650
19760,24307,880
19761,24332,900
19762,24661,1160
19763,24458,1000
19764,25163,1550
19765,24207,800
19766,23822,490
19767,25034,1450
19768,24458,1000
19769,23871,530
19770,24751,1230
19771,24370,930
19772,26430,2500
19773,23468,200
19774,26144,2290
19775,23455,190
19776,25902,2110
19777,23896,550
19778,24082,700
19779,24892,1340
19780,25623,1900
19781,25372,1710
19782,23638,340
19783,25150,1540
19784,23335,90
19785,24269,850
19786,25849,2070
19787,26321,2420
19788,23359,110
19789,26362,2450
19790,23468,200
19791,24572,1090
19792,25929,2130
19793,24257,840
19794,24828,1290
19795,24057,680
19796,26402,2480
19797,24144,750
19798,26348,2440
19799,24585,1100
19800,23504,230
19801,25956,2150
19802,24345,910
19803,23675,370
19804,25689,1950
19805,23822,490
19806,25609,1890
19807,24182,780
19808,24700,1190
19809,24433,980
19810,23773,450
19811,24560,1080
19812,25098,1500
19813,23310,70
19814,26567,2600
19815,24257,840
19816,25716,1970
19817,36020,8490
19818,25281,1640
19819,24636,1140
19820,24032,660
19821,24094,710
19822,23662,360
19823,27038,2940
19824,24144,750
19825,24057,680
19826,25636,1910
19827,24471,1010
19828,26773,2750
19829,24879,1330
19830,25085,1490
19831,23810,480
19832,24269,850
19833,24244,830
19834,26171,2310
19835,23614,320
19836,27788,3470
19837,24232,820
19838,27234,3080
19839,25359,1700
19840,23983,620
19841,25060,1470
19842,24458,1000
19843,25835,2060
19844,26608,2630
19845,24560,1080
19846,25073,1480
19847,27503,3270
19848,33784,7250
19849,24802,1270
19850,26663,2670
19851,24069,690
19852,26635,2650
19853,25822,2050
19854,27560,3310
19855,23711,400
19856,23601,310
19857,24598,1110
19858,24712,1200
19859,23773,450
19860,25176,1560
19861,23589,300
19862,23847,510
19863,25983,2170
19864,26158,2300
19865,23958,600
19866,23711,400
19867,23958,600
19868,26362,2450
19869,23748,430
19870,25623,1900
19871,24866,1320
19872,26512,2560
19873,23995,630
19874,24982,1410
19875,24636,1140
19876,24219,810
19877,24433,980
19878,26402,2480
19879,24294,870
19880,25570,1860
19881,23274,40
19882,25137,1530
19883,23383,130
19884,24905,1350
19885,24345,910
19886,25229,1600
19887,25583,1870
19888,25202,1580
19889,23687,380
19890,23736,420
19891,28753,4130
19892,25047,1460
19893,28384,3880
19894,23921,570
19895,23322,80
19896,24408,960
19897,24610,1120
19898,23262,30
19899,24547,1070
19900,24738,1220
19901,23431,170
19902,24738,1220
19903,30278,5130
19904,26704,2700
19905,23785,460
19906,28354,3860
19907,23921,570
19908,26389,2470
19909,24930,1370
19910,26158,2300
19911,24496,1030
19912,24119,730
19913,26940,2870
19914,27136,3010
19915,23822,490
19916,25491,1800
19917,23995,630
19918,25268,1630
19919,25689,1950
19920,24194,790
19921,25956,2150
19922,23335,90
19923,23480,210
19924,25636,1910
19925,25570,1860
19926,24132,740
19927,24446,990
19928,24995,1420
19929,26996,2910
19930,23797,470
19931,30231,5100
19932,26926,2860
19933,25085,1490
19934,24776,1250
19935,25729,1980
19936,25047,1460
19937,25372,1710
19938,25876,2090
19939,23908,560
19940,23298,60
19941,25412,1740
19942,23736,420
19943,25491,1800
19944,23383,130
19945,23614,320
19946,24294,870
19947,24905,1350
19948,23970,610
19949,24509,1040
19950,23834,500
19951,24182,780
19952,24828,1290
19953,23371,120
19954,23699,390
19955,23383,130
19956,23504,230
19957,25943,2140
19958,23383,130
19959,23810,480
19960,24446,990
19961,24157,760
19962,25583,1870
19963,24345,910
19964,28121,3700
19965,25399,1730
19966,24446,990
19967,23419,160
19968,23785,460
19969,24257,840
19970,25294,1650
19971,24509,1040
19972,24458,1000
19973,27418,3210
19974,25189,1570
19975,25835,2060
19976,25124,1520
19977,23650,350
19978,26402,2480
19979,26567,2600
19980,24674,1170
19981,24420,970
19982,23884,540
19983,23516,240
19984,25477,1790
19985,23614,320
19986,25047,1460
19987,25359,1700
19988,25060,1470
19989,24082,700
19990,24572,1090
19991,29475,4610
19992,23675,370
19993,24776,1250
19994,24320,890
19995,24219,810
19996,25636,1910
19997,24789,1260
19998,23785,460
19999,26171,2310
20000,24930,1370
20001,24585,1100
20002,24956,1390
20003,25255,1620
20004,24982,1410
20005,23589,300
20006,24094,710
20007,24674,1170
20008,29997,4950
20009,24828,1290
20010,23748,430
20011,25073,1480
20012,25530,1830
20013,23797,470
20014,24918,1360
20015,23785,460
20016,24483,1020
20017,23601,310
20018,24107,720
20019,23565,280
20020,25609,1890
20021,25517,1820
20022,25202,1580
20023,24182,780
20024,24294,870
20025,23797,470
20026,24585,1100
20027,24776,1250
20028,26321,2420
20029,23797,470
20030,24007,640
20031,25956,2150
20032,23687,380
20033,24082,700
20034,25085,1490
20035,24345,910
20036,26416,2490
20037,26063,2230
20038,25755,2000
20039,24282,860
20040,24458,1000
20041,26443,2510
20042,23736,420
20043,23724,410
20044,23958,600
20045,23431,170
20046,24649,1150
20047,24345,910
20048,28516,3970
20049,24408,960
20050,27389,3190
20051,23650,350
20052,27178,3040
20053,24320,890
20054,25425,1750
20055,25583,1870
20056,23262,30
20057,23933,580
20058,24521,1050
20059,24257,840
20060,24853,1310
20061,25464,1780
20062,26362,2450
20063,23528,250
20064,26131,2280
20065,25491,1800
20066,25189,1570
20067,23383,130
20068,24956,1390
20069,25702,1960
20070,24082,700
20071,24982,1410
20072,23908,560
20073,24918,1360
20074,23871,530
20075,24982,1410
20076,24738,1220
20077,25702,1960
20078,23773,450
20079,23262,30
20080,24598,1110
20081,26622,2640
20082,23884,540
20083,25333,1680
20084,23921,570
20085,23589,300
20086,23748,430
20087,23626,330
20088,24776,1250
20089,25163,1550
20090,24332,900
20091,23371,120
20092,23945,590
20093,24930,1370
20094,24828,1290
20095,24057,680
20096,27531,3290
20097,25372,1710
20098,24738,1220
20099,25176,1560
20100,23711,400
20101,24623,1130
20102,27976,3600
20103,24943,1380
20104,24282,860
20105,24446,990
20106,25755,2000
20107,25662,1930
20108,25451,1770
20109,24169,770
20110,25676,1940
20111,24751,1230
20112,27788,3470
20113,23760,440
20114,25425,1750
20115,26037,2210
20116,26870,2820
20117,23553,270
20118,25307,1660
20119,24370,930
20120,26443,2510
20121,24496,1030
20122,25956,2150
20123,23650,350
20124,24269,850
20125,25822,2050
20126,24636,1140
20127,24332,900
20128,25111,1510
20129,26171,2310
20130,23711,400
20131,25902,2110
20132,23662,360
20133,25085,1490
20134,26512,2560
20135,23504,230
20136,25557,1850
20137,25943,2140
20138,26580,2610
20139,24282,860
20140,23859,520
20141,23601,310
20142,23921,570
20143,23797,470
20144,23785,460
20145,27446,3230
20146,25755,2000
20147,30122,5030
20148,24345,910
20149,26212,2340
20150,23504,230
20151,24751,1230
20152,24751,1230
20153,25385,1720
20154,26567,2600
20155,24521,1050
20156,24320,890
20157,23908,560
20158,27164,3030
20159,25557,1850
20160,23480,210
20161,24144,750
20162,24020,650
20163,24636,1140
20164,29858,4860
20165,25359,1700
20166,24969,1400
20167,31377,5820
20168,24282,860
20169,24661,1160
20170,25008,1430
20171,25399,1730
20172,24509,1040
20173,25636,1910
20174,24182,780
20175,24623,1130
20176,24483,1020
20177,24776,1250
20178,23614,320
20179,23933,580
20180,24320,890
20181,24082,700
20182,25372,1710
20183,23822,490
20184,23675,370
20185,23810,480
20186,26334,2430
20187,24828,1290
20188,26050,2220
20189,24069,690
20190,23884,540
20191,26594,2620
20192,26801,2770
20193,25996,2180
20194,24840,1300
20195,25034,1450
20196,25320,1670
20197,25073,1480
20198,25085,1490
20199,23395,140
20200,25073,1480
20201,23675,370
20202,24509,1040
20203,27262,3100
20204,24232,820
20205,23504,230
20206,27206,3060
20207,24045,670
20208,23995,630
20209,28797,4160
20210,24943,1380
20211,25307,1660
20212,23958,600
20213,27588,3330
20214,23773,450
20215,24207,800
20216,25098,1500
20217,24119,730
20218,24623,1130
20219,23834,500
20220,23834,500
20221,23589,300
20222,23589,300
20223,24345,910
20224,25021,1440
20225,24395,950
20226,25689,1950
20227,23371,120
20228,27517,3280
20229,24395,950
20230,24458,1000
20231,23797,470
20232,23468,200
20233,26498,2550
20234,25163,1550
20235,25425,1750
20236,23871,530
20237,23748,430
20238,23419,160
20239,26280,2390
20240,26063,2230
20241,24395,950
20242,25623,1900
20243,24930,1370
20244,25795,2030
20245,23736,420
20246,23589,300
20247,29735,4780
20248,23896,550
20249,23650,350
20250,23724,410
20251,23908,560
20252,23528,250
20253,25716,1970
20254,24020,650
20255,24395,950
20256,23785,460
20257,25008,1430
20258,26996,2910
20259,24144,750
20260,29843,4850
20261,23650,350
20262,24853,1310
20263,26773,2750
20264,27024,2930
20265,24458,1000
20266,25333,1680
20267,24598,1110
20268,23298,60
20269,25385,1720
20270,26077,2240
20271,23773,450
20272,23419,160
20273,23958,600
20274,23945,590
20275,23395,140
20276,25060,1470
20277,23810,480
20278,24661,1160
20279,28768,4140
20280,23736,420
20281,25822,2050
20282,23662,360
20283,26063,2230
20284,23589,300
20285,24776,1250
20286,31199,5710
20287,26801,2770
20288,23724,410
20289,24269,850
20290,24382,940
20291,27947,3580
20292,26050,2220
20293,23970,610
20294,24956,1390
20295,24395,950
20296,25583,1870
20297,23995,630
20298,24269,850
20299,23614,320
20300,26553,2590
20301,23601,310
20302,23834,500
20303,26375,2460
20304,25438,1760
20305,24207,800
20306,24509,1040
20307,25969,2160
20308,24169,770
20309,25596,1880
20310,25916,2120
20311,24057,680
20312,24395,950
20313,23516,240
20314,25689,1950
20315,24840,1300
20316,26050,2220
20317,23407,150
20318,28179,3740
20319,24956,1390
20320,26526,2570
20321,24738,1220
20322,26334,2430
20323,24905,1350
20324,23601,310
20325,24433,980
20326,26389,2470
20327,25124,1520
20328,23383,130
20329,24107,720
20330,23504,230
20331,26539,2580
20332,24219,810
20333,28842,4190
20334,24918,1360
20335,23395,140
20336,24232,820
20337,23859,520
20338,23896,550
20339,24244,830
20340,24157,760
20341,23945,590
20342,24918,1360
20343,23736,420
20344,23896,550
20345,23431,170
20346,23687,380
20347,23834,500
20348,26348,2440
20349,26594,2620
20350,25047,1460
20351,24956,1390
20352,23871,530
20353,23884,540
20354,25795,2030
20355,26954,2880
20356,25983,2170
20357,25504,1810
20358,24069,690
20359,27206,3060
20360,26857,2810
20361,24585,1100
20362,23383,130
20363,24257,840
20364,23711,400
20365,23711,400
20366,25996,2180
20367,28369,3870
20368,27024,2930
20369,26253,2370
20370,23322,80
20371,27990,3610
20372,25464,1780
20373,29142,4390
20374,29051,4330
20375,23286,50
20376,28516,3970
20377,24332,900
20378,24700,1190
20379,25689,1950
20380,23443,180
20381,24257,840
20382,25702,1960
20383,25073,1480
20384,23650,350
20385,25956,2150
20386,25372,1710
20387,23736,420
20388,24661,1160
20389,25294,1650
20390,25649,1920
20391,24232,820
20392,25822,2050
20393,25809,2040
20394,24007,640
20395,24496,1030
20396,25320,1670
20397,27403,3200
20398,23480,210
20399,25372,1710
20400,23871,530
20401,25676,1940
20402,24232,820
20403,24521,1050
20404,23687,380
20405,25073,1480
20406,24712,1200
20407,24408,960
20408,23995,630
20409,24687,1180
20410,25320,1670
20411,24433,980
20412,25902,2110
20413,24751,1230
20414,26471,2530
20415,23553,270
20416,24560,1080
20417,24995,1420
20418,24521,1050
20419,29353,4530
20420,24585,1100
20421,23859,520
20422,23736,420
20423,25111,1510
20424,26199,2330
20425,23322,80
20426,25649,1920
20427,25943,2140
20428,27817,3490
20429,24496,1030
20430,23797,470
20431,24269,850
20432,24057,680
20433,24547,1070
20434,23834,500
20435,26457,2520
20436,26253,2370
20437,24547,1070
20438,24930,1370
20439,25876,2090
20440,27760,3450
20441,25008,1430
20442,25189,1570
20443,24458,1000
20444,28872,4210
20445,24045,670
20446,24687,1180
20447,26539,2580
20448,24332,900
20449,26430,2500
20450,26389,2470
20451,27094,2980
20452,26362,2450
20453,27361,3170
20454,24082,700
20455,24956,1390
20456,27545,3300
20457,24687,1180
20458,24345,910
20459,25729,1980
20460,23908,560
20461,23921,570
20462,24483,1020
20463,24918,1360
20464,24483,1020
20465,23395,140
20466,24032,660
20467,24521,1050
20468,24982,1410
20469,23347,100
20470,23504,230
20471,27206,3060
20472,26077,2240
20473,27918,3560
20474,24169,770
20475,24905,1350
20476,25782,2020
20477,27774,3460
20478,23492,220
20479,24307,880
20480,24132,740
20481,23226,0
20482,25008,1430
20483,24332,900
20484,24144,750
20485,24649,1150
20486,27080,2970
20487,25111,1510
20488,23945,590
20489,24560,1080
20490,25268,1630
20491,23577,290
20492,23760,440
20493,24815,1280
20494,27262,3100
20495,25307,1660
20496,24332,900
20497,28872,4210
20498,24119,730
20499,24687,1180
20500,24244,830
20501,23724,410
20502,23810,480
20503,29353,4530
20504,25399,1730
20505,23419,160
20506,24107,720
20507,24257,840
20508,25557,1850
20509,26443,2510
20510,24020,650
20511,23760,440
20512,24712,1200
20513,23310,70
20514,24572,1090
20515,25412,1740
20516,23504,230
20517,25229,1600
20518,24598,1110
20519,23970,610
20520,25491,1800
20521,25956,2150
20522,23908,560
20523,24853,1310
20524,24674,1170
20525,29081,4350
20526,24320,890
20527,24207,800
20528,24408,960
20529,24918,1360
20530,23298,60
20531,26037,2210
20532,24282,860
20533,24244,830
20534,24776,1250
20535,24471,1010
20536,24094,710
20537,23748,430
20538,27080,2970
20539,26663,2670
20540,24282,860
20541,28398,3890
20542,26622,2640
20543,24547,1070
20544,27150,3020
20545,23589,300
20546,23748,430
20547,23847,510
20548,28340,3850
20549,26898,2840
20550,28208,3760
20551,23662,360
20552,24572,1090
20553,24144,750
20554,26104,2260
20555,24332,900
20556,24269,850
20557,23859,520
20558,24094,710
20559,27136,3010
20560,24408,960
20561,24094,710
20562,25438,1760
20563,23614,320
20564,25098,1500
20565,26526,2570
20566,24496,1030
20567,25676,1940
20568,24458,1000
20569,25399,1730
20570,25255,1620
20571,24345,910
20572,25583,1870
20573,23945,590
20574,25372,1710
20575,24282,860
20576,25716,1970
20577,24598,1110
20578,23565,280
20579,24905,1350
20580,24132,740
20581,24623,1130
20582,25504,1810
20583,24382,940
20584,24182,780
20585,25268,1630
20586,24045,670
20587,23958,600
20588,26996,2910
20589,24282,860
20590,23614,320
20591,24107,720
20592,24560,1080
20593,23859,520
20594,26773,2750
20595,25517,1820
20596,26608,2630
20597,23983,620
20598,24674,1170
20599,24182,780
20600,24382,940
20601,25047,1460
20602,25822,2050
20603,25755,2000
20604,24496,1030
20605,25229,1600
20606,26348,2440
20607,27545,3300
20608,24623,1130
20609,24207,800
20610,23298,60
20611,26362,2450
20612,23298,60
20613,25124,1520
20614,24610,1120
20615,25294,1650
20616,25320,1670
20617,23383,130
20618,25111,1510
20619,25929,2130
20620,26131,2280
20621,24674,1170
20622,27702,3410
20623,25268,1630
20624,23589,300
20625,24828,1290
20626,23687,380
20627,24082,700
20628,24020,650
20629,24982,1410
20630,25689,1950
20631,27976,3600
20632,24032,660
20633,24763,1240
20634,24269,850
20635,24738,1220
20636,24307,880
20637,23347,100
20638,26375,2460
20639,25956,2150
20640,26553,2590
20641,23238,10
20642,25782,2020
20643,23773,450
20644,26760,2740
20645,24294,870
20646,24157,760
20647,25916,2120
20648,24157,760
20649,23528,250
20650,23540,260
20651,24560,1080
20652,24649,1150
20653,25385,1720
20654,25623,1900
20655,24420,970
20656,23958,600
20657,24879,1330
20658,25702,1960
20659,23492,220
20660,23871,530
20661,26443,2510
20662,29643,4720
20663,26321,2420
20664,33523,7100
20665,24269,850
20666,24866,1320
20667,25098,1500
20668,24420,970
20669,24207,800
20670,24020,650
20671,24738,1220
20672,25098,1500
20673,24169,770
20674,24879,1330
20675,25111,1510
20676,26457,2520
20677,23945,590
20678,24982,1410
20679,25477,1790
20680,26023,2200
20681,23687,380
20682,25215,1590
20683,24892,1340
20684,24610,1120
20685,23773,450
20686,25649,1920
20687,24700,1190
20688,24649,1150
20689,28296,3820
20690,25412,1740
20691,23958,600
20692,24269,850
20693,24446,990
20694,27489,3260
20695,25307,1660
20696,27503,3270
20697,24496,1030
20698,23785,460
20699,25862,2080
20700,25359,1700
20701,24802,1270
20702,26185,2320
20703,27832,3500
20704,23614,320
20705,23736,420
20706,25464,1780
20707,24082,700
20708,25929,2130
20709,24032,660
20710,25281,1640
20711,23933,580
20712,23455,190
20713,23822,490
20714,27178,3040
20715,25255,1620
20716,25835,2060
20717,24433,980
20718,24370,930
20719,25412,1740
20720,24057,680
20721,24144,750
20722,25294,1650
20723,26158,2300
20724,23773,450
20725,25268,1630
20726,29247,4460
20727,25929,2130
20728,26226,2350
20729,24982,1410
20730,24107,720
20731,23638,340
20732,25255,1620
20733,23274,40
20734,25047,1460
20735,23896,550
20736,25425,1750
20737,24345,910
20738,28457,3930
20739,24918,1360
20740,23565,280
20741,23614,320
20742,23238,10
20743,23908,560
20744,25477,1790
20745,25742,1990
20746,25176,1560
20747,24020,650
20748,23504,230
20749,25073,1480
20750,23383,130
20751,23834,500
20752,23250,20
20753,24700,1190
20754,25189,1570
20755,23662,360
20756,23480,210
20757,25477,1790
20758,24892,1340
20759,26704,2700
20760,24107,720
20761,23675,370
20762,23335,90
20763,25320,1670
20764,24623,1130
20765,24712,1200
20766,24169,770
20767,24169,770
20768,24132,740
20769,23958,600
20770,24598,1110
20771,25530,1830
20772,26704,2700
20773,23371,120
20774,23516,240
20775,24969,1400
20776,26104,2260
20777,25477,1790
20778,26131,2280
20779,26171,2310
20780,27234,3080
20781,24132,740
20782,24982,1410
20783,23601,310
20784,28590,4020
20785,23601,310
20786,25822,2050
20787,24020,650
20788,24560,1080
20789,24930,1370
20790,26553,2590
20791,24751,1230
20792,24370,930
20793,24219,810
20794,27066,2960
20795,25294,1650
20796,26843,2800
20797,24572,1090
20798,24169,770
20799,24636,1140
20800,23675,370
20801,25098,1500
20802,23419,160
20803,23724,410
20804,25902,2110
20805,23748,430
20806,23736,420
20807,24649,1150
20808,29827,4840
20809,24982,1410
20810,24751,1230
20811,25889,2100
20812,24802,1270
20813,28560,4000
20814,26253,2370
20815,24712,1200
20816,24969,1400
20817,24408,960
20818,26996,2910
20819,28604,4030
20820,25876,2090
20821,25124,1520
20822,23773,450
20823,23785,460
20824,23638,340
20825,24879,1330
20826,24294,870
20827,25281,1640
20828,27545,3300
20829,25255,1620
20830,23921,570
20831,26663,2670
20832,23298,60
20833,23933,580
20834,24269,850
20835,24496,1030
20836,23601,310
20837,24776,1250
20838,25849,2070
20839,25795,2030
20840,24182,780
20841,26870,2820
20842,25229,1600
20843,24943,1380
20844,24547,1070
20845,24840,1300
20846,24560,1080
20847,24370,930
20848,23480,210
20849,23286,50
20850,24020,650
20851,24483,1020
20852,23834,500
20853,25969,2160
20854,24521,1050
20855,27010,2920
20856,24232,820
20857,29127,4380
20858,24943,1380
20859,25491,1800
20860,24007,640
20861,24244,830
20862,24382,940
20863,23250,20
20864,26815,2780
20865,25189,1570
20866,24069,690
20867,24182,780
20868,25124,1520
20869,25281,1640
20870,23797,470
20871,24969,1400
20872,24840,1300
20873,24395,950
20874,24905,1350
20875,24776,1250
20876,24207,800
20877,23847,510
20878,24082,700
20879,25242,1610
20880,24232,820
20881,26090,2250
20882,23711,400
20883,23871,530
20884,24357,920
20885,29368,4540
20886,23638,340
20887,24032,660
20888,24905,1350
20889,25372,1710
20890,24294,870
20891,24433,980
20892,25451,1770
20893,24420,970
20894,29036,4320
20895,24649,1150
20896,23995,630
20897,25438,1760
20898,25969,2160
20899,24521,1050
20900,24879,1330
20901,24828,1290
20902,26117,2270
20903,25281,1640
20904,24282,860
20905,24144,750
20906,25849,2070
20907,25073,1480
20908,23724,410
20909,25983,2170
20910,24332,900
20911,24057,680
20912,25530,1830
20913,24219,810
20914,25137,1530
20915,23896,550
20916,26402,2480
20917,23834,500
20918,25189,1570
20919,24483,1020
20920,23553,270
20921,26158,2300
20922,23492,220
20923,25583,1870
20924,25649,1920
20925,23614,320
20926,25021,1440
20927,25346,1690
20928,23871,530
20929,24307,880
20930,26050,2220
20931,25557,1850
20932,23383,130
20933,24219,810
20934,25425,1750
20935,23908,560
20936,23748,430
20937,24815,1280
20938,23419,160
20939,27990,3610
20940,23407,150
20941,24471,1010
20942,24995,1420
20943,24661,1160
20944,25111,1510
20945,30862,5500
20946,28457,3930
20947,24219,810
20948,25176,1560
20949,25333,1680
20950,24020,650
20951,24471,1010
20952,24828,1290
20953,26649,2660
20954,29920,4900
20955,25969,2160
20956,27631,3360
20957,25163,1550
20958,24712,1200
20959,25425,1750
20960,24572,1090
20961,23310,70
20962,27164,3030
20963,24892,1340
20964,24649,1150
20965,28442,3920
20966,27631,3360
20967,23540,260
20968,25755,2000
20969,24107,720
20970,24610,1120
20971,25862,2080
20972,25996,2180
20973,23933,580
20974,25294,1650
20975,24687,1180
20976,23347,100
20977,24082,700
20978,25176,1560
20979,23250,20
20980,24244,830
20981,23492,220
20982,24082,700
20983,25570,1860
20984,24763,1240
20985,25876,2090
20986,26760,2740
20987,24357,920
20988,25782,2020
20989,23760,440
20990,24610,1120
20991,24776,1250
20992,23675,370
20993,25689,1950
20994,23810,480
20995,28208,3760
20996,25255,1620
20997,24169,770
20998,25098,1500
20999,24194,790
21000,23262,30
21001,23995,630
21002,27122,3000
21003,24763,1240
21004,26567,2600
21005,27192,3050
21006,25412,1740
21007,27817,3490
21008,25477,1790
21009,25215,1590
21010,23286,50
21011,23945,590
21012,24649,1150
21013,24007,640
21014,26996,2910
21015,26622,2640
21016,26677,2680
21017,23528,250
21018,25716,1970
21019,23492,220
21020,26023,2200
21021,23871,530
21022,24982,1410
21023,26443,2510
21024,23262,30
21025,24219,810
21026,25359,1700
21027,24219,810
21028,26185,2320
21029,24956,1390
21030,23908,560
21031,23933,580
21032,28121,3700
21033,27875,3530
21034,24776,1250
21035,25809,2040
21036,24521,1050
21037,23687,380
21038,26926,2860
21039,26677,2680
21040,24269,850
21041,24132,740
21042,23335,90
21043,25795,2030
21044,26023,2200
21045,25060,1470
21046,24069,690
21047,24069,690
21048,23687,380
21049,25163,1550
21050,24943,1380
21051,24433,980
21052,24395,950
21053,23773,450
21054,24585,1100
21055,26199,2330
21056,24408,960
21057,23995,630
21058,23335,90
21059,26884,2830
21060,25543,1840
21061,23785,460
21062,25596,1880
21063,24815,1280
21064,26010,2190
21065,26199,2330
21066,23711,400
21067,24712,1200
21068,24776,1250
21069,24674,1170
21070,24905,1350
21071,26677,2680
21072,26375,2460
21073,24332,900
21074,26253,2370
21075,25294,1650
21076,24471,1010
21077,24370,930
21078,23650,350
21079,24232,820
21080,24282,860
21081,23896,550
21082,24712,1200
21083,23638,340
21084,25215,1590
21085,23908,560
21086,24789,1260
21087,24918,1360
21088,23443,180
21089,23601,310
21090,23995,630
21091,24082,700
21092,24969,1400
21093,27474,3250
21094,25255,1620
21095,26526,2570
21096,29157,4400
21097,25517,1820
21098,24132,740
21099,24032,660
21100,24840,1300
21101,25124,1520
21102,23699,390
21103,24751,1230
21104,23896,550
21105,25229,1600
21106,24674,1170
21107,25889,2100
21108,24534,1060
21109,29414,4570
21110,23995,630
21111,25268,1630
21112,24496,1030
21113,24956,1390
21114,23274,40
21115,27918,3560
21116,24107,720
21117,25956,2150
21118,24020,650
21119,24712,1200
21120,24182,780
21121,25385,1720
21122,24257,840
21123,26307,2410
21124,24649,1150
21125,25438,1760
21126,23516,240
21127,24257,840
21128,27918,3560
21129,23760,440
21130,24471,1010
21131,26321,2420
21132,25464,1780
21133,25294,1650
21134,24815,1280
21135,24496,1030
21136,23921,570
21137,26430,2500
21138,24789,1260
21139,24119,730
21140,24446,990
21141,23492,220
21142,25464,1780
21143,26746,2730
21144,26718,2710
21145,27234,3080
21146,26484,2540
21147,26787,2760
21148,24995,1420
21149,27164,3030
21150,26037,2210
21151,26968,2890
21152,23822,490
21153,24269,850
21154,26010,2190
21155,23711,400
21156,23286,50
21157,26280,2390
21158,24751,1230
21159,23359,110
21160,24776,1250
21161,24610,1120
21162,23748,430
21163,26334,2430
21164,24144,750
21165,23250,20
21166,24853,1310
21167,24483,1020
21168,25517,1820
21169,26321,2420
21170,23226,0
21171,24232,820
21172,24700,1190
21173,24282,860
21174,24269,850
21175,24132,740
21176,25098,1500
21177,24776,1250
21178,25862,2080
21179,24269,850
21180,24471,1010
21181,24244,830
21182,26226,2350
21183,25662,1930
21184,25956,2150
21185,35192,8040
21186,28872,4210
21187,24269,850
21188,23407,150
21189,25996,2180
21190,23847,510
21191,23455,190
21192,23274,40
21193,23699,390
21194,24045,670
21195,23359,110
21196,26539,2580
21197,23958,600
21198,28590,4020
21199,24144,750
21200,26996,2910
21201,23810,480
21202,23871,530
21203,23468,200
21204,28812,4170
21205,24930,1370
21206,23896,550
21207,24107,720
21208,23773,450
21209,24956,1390
21210,23785,460
21211,25929,2130
21212,24521,1050
21213,25229,1600
21214,29278,4480
21215,24674,1170
21216,23540,260
21217,25438,1760
21218,27010,2920
21219,24649,1150
21220,26704,2700
21221,24828,1290
21222,25333,1680
21223,26635,2650
21224,23711,400
21225,24687,1180
21226,27024,2930
21227,26471,2530
21228,27531,3290
21229,24057,680
21230,26608,2630
21231,23480,210
21232,25124,1520
21233,23638,340
21234,24020,650
21235,24094,710
21236,25570,1860
21237,25517,1820
21238,27961,3590
21239,24370,930
21240,26498,2550
21241,26171,2310
21242,23455,190
21243,29612,4700
21244,26293,2400
21245,24307,880
21246,25596,1880
21247,25189,1570
21248,23810,480
21249,24738,1220
21250,24107,720
21251,24853,1310
21252,24471,1010
21253,24182,780
21254,24840,1300
21255,24828,1290
21256,24661,1160
21257,23970,610
21258,24207,800
21259,23614,320
21260,24700,1190
21261,25451,1770
21262,24969,1400
21263,26954,2880
21264,24866,1320
21265,25636,1910
21266,24982,1410
21267,23589,300
21268,29202,4430
21269,25876,2090
21270,23687,380
21271,26649,2660
21272,24649,1150
21273,23662,360
21274,24132,740
21275,23516,240
21276,23589,300
21277,24636,1140
21278,26635,2650
21279,24585,1100
21280,24057,680
21281,26226,2350
21282,24458,1000
21283,25098,1500
21284,23871,530
21285,25676,1940
21286,24674,1170
21287,23810,480
21288,25876,2090
21289,24408,960
21290,28664,4070
21291,25255,1620
21292,26389,2470
21293,26293,2400
21294,26334,2430
21295,26063,2230
21296,24712,1200
21297,24930,1370
21298,23908,560
21299,24119,730
21300,25372,1710
21301,26144,2290
21302,23492,220
21303,25202,1580
21304,29036,4320
21305,25163,1550
21306,24521,1050
21307,23553,270
21308,23601,310
21309,27904,3550
21310,25822,2050
21311,24789,1260
21312,25729,1980
21313,26212,2340
21314,27932,3570
21315,24345,910
21316,25649,1920
21317,25320,1670
21318,26443,2510
21319,25662,1930
21320,26293,2400
21321,26926,2860
21322,23553,270
21323,25716,1970
21324,27631,3360
21325,24623,1130
21326,23480,210
21327,24107,720
21328,24969,1400
21329,23933,580
21330,26389,2470
21331,27788,3470
21332,23407,150
21333,24725,1210
21334,24763,1240
21335,23528,250
21336,26718,2710
21337,23871,530
21338,26253,2370
21339,26608,2630
21340,26050,2220
21341,23638,340
21342,24700,1190
21343,23516,240
21344,23896,550
21345,23908,560
21346,24169,770
21347,24700,1190
21348,25268,1630
21349,24918,1360
21350,23896,550
21351,23322,80
21352,25596,1880
21353,24182,780
21354,23262,30
21355,24598,1110
21356,25294,1650
21357,23528,250
21358,24725,1210
21359,24244,830
21360,24751,1230
21361,23662,360
21362,23480,210
21363,26416,2490
21364,24244,830
21365,23431,170
21366,26926,2860
21367,24995,1420
21368,23431,170
21369,26131,2280
21370,24610,1120
21371,23455,190
21372,27024,2930
21373,26718,2710
21374,23455,190
21375,24802,1270
21376,28354,3860
21377,27602,3340
21378,23908,560
21379,23480,210
21380,24623,1130
21381,25782,2020
21382,24357,920
21383,23773,450
21384,23945,590
21385,24433,980
21386,23589,300
21387,28753,4130
21388,24636,1140
21389,23504,230
21390,24930,1370
21391,23274,40
21392,26870,2820
21393,24132,740
21394,24395,950
21395,25662,1930
21396,25557,1850
21397,25189,1570
21398,24649,1150
21399,26037,2210
21400,25769,2010
21401,23773,450
21402,25543,1840
21403,23274,40
21404,24598,1110
21405,26857,2810
21406,25333,1680
21407,28005,3620
21408,23699,390
21409,24107,720
21410,25822,2050
21411,23896,550
21412,23687,380
21413,25916,2120
21414,24585,1100
21415,24244,830
21416,25438,1760
21417,23614,320
21418,25320,1670
21419,25268,1630
21420,33110,6860
21421,27947,3580
21422,25163,1550
21423,26375,2460
21424,23359,110
21425,23638,340
21426,23970,610
21427,25943,2140
21428,24763,1240
21429,26348,2440
21430,24182,780
21431,23847,510
21432,23711,400
21433,26375,2460
21434,24370,930
21435,24789,1260
21436,23516,240
21437,26801,2770
21438,25294,1650
21439,24244,830
21440,25150,1540
21441,24802,1270
21442,26760,2740
21443,27220,3070
21444,24725,1210
21445,23504,230
21446,24082,700
21447,23847,510
21448,24094,710
21449,27531,3290
21450,24007,640
21451,26131,2280
21452,27319,3140
21453,23896,550
21454,24956,1390
21455,23383,130
21456,24509,1040
21457,26362,2450
21458,23626,330
21459,25385,1720
21460,29460,4600
21461,24382,940
21462,24738,1220
21463,25557,1850
21464,24182,780
21465,24107,720
21466,26226,2350
21467,24751,1230
21468,25504,1810
21469,25916,2120
21470,24446,990
21471,25491,1800
21472,26982,2900
21473,24446,990
21474,27545,3300
21475,24483,1020
21476,24395,950
21477,27760,3450
21478,24269,850
21479,26266,2380
21480,23921,570
21481,31917,6150
21482,23528,250
21483,24020,650
21484,24623,1130
21485,25176,1560
21486,28531,3980
21487,24879,1330
21488,24840,1300
21489,24132,740
21490,24471,1010
21491,24433,980
21492,24471,1010
21493,24045,670
21494,23431,170
21495,25809,2040
21496,23395,140
21497,24157,760
21498,24674,1170
21499,23553,270
21500,23822,490
21501,24840,1300
21502,23847,510
21503,25795,2030
21504,23626,330
21505,27660,3380
21506,24712,1200
21507,23995,630
21508,24610,1120
21509,25477,1790
21510,25333,1680
21511,24534,1060
21512,23995,630
21513,23908,560
21514,23908,560
21515,25008,1430
21516,23884,540
21517,25215,1590
21518,24207,800
21519,26443,2510
21520,23687,380
21521,24687,1180
21522,24420,970
21523,25782,2020
21524,25795,2030
21525,24828,1290
21526,25876,2090
21527,26104,2260
21528,25676,1940
21529,23262,30
21530,24610,1120
21531,24057,680
21532,24636,1140
21533,24332,900
21534,24057,680
21535,26266,2380
21536,25956,2150
21537,24408,960
21538,23226,0
21539,24194,790
21540,24082,700
21541,23933,580
21542,23773,450
21543,25176,1560
21544,24082,700
21545,26199,2330
21546,26430,2500
21547,25983,2170
21548,26375,2460
21549,24257,840
21550,24020,650
21551,24585,1100
21552,26375,2460
21553,23748,430
21554,27361,3170
21555,24219,810
21556,24712,1200
21557,24572,1090
21558,24433,980
21559,23614,320
21560,26457,2520
21561,24107,720
21562,26362,2450
21563,24866,1320
21564,23528,250
21565,24674,1170
21566,25530,1830
21567,23492,220
21568,24370,930
21569,25346,1690
21570,28932,4250
21571,26063,2230
21572,24144,750
21573,25242,1610
21574,24610,1120
21575,24119,730
21576,23589,300
21577,25557,1850
21578,24636,1140
21579,26185,2320
21580,24032,660
21581,23650,350
21582,26171,2310
21583,24496,1030
21584,25412,1740
21585,24930,1370
21586,24623,1130
21587,24057,680
21588,24194,790
21589,25021,1440
21590,24687,1180
21591,24094,710
21592,23995,630
21593,23274,40
21594,27304,3130
21595,26321,2420
21596,25047,1460
21597,23286,50
21598,23933,580
21599,23443,180
21600,26334,2430
21601,24194,790
21602,29797,4820
21603,23724,410
21604,29232,4450
21605,24345,910
21606,27248,3090
21607,23983,620
21608,25649,1920
21609,25229,1600
21610,23298,60
21611,24840,1300
21612,25889,2100
21613,24943,1380
21614,25889,2100
21615,23371,120
21616,25425,1750
21617,26307,2410
21618,24182,780
21619,27403,3200
21620,24244,830
21621,23468,200
21622,26457,2520
21623,24458,1000
21624,23908,560
21625,24332,900
21626,23995,630
21627,24560,1080
21628,25073,1480
21629,28634,4050
21630,23797,470
21631,24776,1250
21632,23773,450
21633,25969,2160
21634,25359,1700
21635,26760,2740
21636,24995,1420
21637,23773,450
21638,23859,520
21639,25229,1600
21640,24082,700
21641,25008,1430
21642,29157,4400
21643,25189,1570
21644,24057,680
21645,24610,1120
21646,23675,370
21647,25649,1920
21648,24509,1040
21649,28369,3870
21650,24458,1000
21651,26926,2860
21652,26253,2370
21653,23773,450
21654,28092,3680
21655,24687,1180
21656,23945,590
21657,23662,360
21658,27674,3390
21659,27418,3210
21660,25438,1760
21661,23822,490
21662,29127,4380
21663,25176,1560
21664,23760,440
21665,24345,910
21666,25333,1680
21667,23601,310
21668,26321,2420
21669,25943,2140
21670,23262,30
21671,27832,3500
21672,26307,2410
21673,23687,380
21674,25034,1450
21675,25557,1850
21676,23455,190
21677,23589,300
21678,23785,460
21679,25543,1840
21680,23468,200
21681,25755,2000
21682,24572,1090
21683,23226,0
21684,27617,3350
21685,24382,940
21686,28384,3880
21687,24282,860
21688,24294,870
21689,23371,120
21690,24700,1190
21691,23933,580
21692,24307,880
21693,25636,1910
21694,23516,240
21695,23933,580
21696,24956,1390
21697,25150,1540
21698,24382,940
21699,23884,540
21700,24892,1340
21701,25835,2060
21702,24395,950
21703,24320,890
21704,23945,590
21705,24307,880
21706,24995,1420
21707,26622,2640
21708,24802,1270
21709,25229,1600
21710,27560,3310
21711,26512,2560
21712,26649,2660
21713,24636,1140
21714,23822,490
21715,28619,4040
21716,24918,1360
21717,24674,1170
21718,28005,3620
21719,24194,790
21720,26117,2270
21721,26580,2610
21722,26199,2330
21723,23748,430
21724,24082,700
21725,25163,1550
21726,27788,3470
21727,24182,780
21728,28237,3780
21729,25570,1860
21730,24687,1180
21731,26498,2550
21732,27304,3130
21733,23395,140
21734,24509,1040
21735,24282,860
21736,24853,1310
21737,26594,2620
21738,26746,2730
21739,23322,80
21740,25281,1640
21741,23810,480
21742,23553,270
21743,25425,1750
21744,24661,1160
21745,23395,140
21746,26144,2290
21747,24282,860
21748,23834,500
21749,26884,2830
21750,23347,100
21751,25098,1500
21752,24828,1290
21753,24332,900
21754,26199,2330
21755,24687,1180
21756,24995,1420
21757,24007,640
21758,23871,530
21759,25929,2130
21760,23687,380
21761,24892,1340
21762,25822,2050
21763,26010,2190
21764,23748,430
21765,23834,500
21766,24157,760
21767,24382,940
21768,26982,2900
21769,24395,950
21770,23662,360
21771,23760,440
21772,23908,560
21773,25359,1700
21774,23492,220
21775,25742,1990
21776,27052,2950
21777,25662,1930
21778,24585,1100
21779,25425,1750
21780,25689,1950
21781,23748,430
21782,24483,1020
21783,26185,2320
21784,24471,1010
21785,23614,320
21786,24840,1300
21787,26212,2340
21788,26940,2870
21789,25060,1470
21790,24395,950
21791,26843,2800
21792,24219,810
21793,24560,1080
21794,25543,1840
21795,23847,510
21796,25150,1540
21797,28310,3830
21798,24738,1220
21799,25307,1660
21800,26787,2760
21801,23983,620
21802,23383,130
21803,23736,420
21804,23822,490
21805,25412,1740
21806,23492,220
21807,23884,540
21808,24282,860
21809,25636,1910
21810,25333,1680
21811,24802,1270
21812,25425,1750
21813,24057,680
21814,25085,1490
21815,23724,410
21816,25609,1890
21817,29278,4480
21818,25557,1850
21819,25073,1480
21820,27860,3520
21821,24905,1350
21822,24636,1140
21823,23626,330
21824,24194,790
21825,25983,2170
21826,24560,1080
21827,23797,470
21828,24257,840
21829,25008,1430
21830,24395,950
21831,25008,1430
21832,24194,790
21833,23675,370
21834,25822,2050
21835,34579,7700
21836,25876,2090
21837,25716,1970
21838,23662,360
21839,23921,570
21840,23347,100
21841,23834,500
21842,23335,90
21843,26402,2480
21844,24534,1060
21845,25385,1720
21846,24219,810
21847,24082,700
21848,24144,750
21849,23468,200
21850,23785,460
21851,26443,2510
21852,25609,1890
21853,24879,1330
21854,23884,540
21855,23822,490
21856,27010,2920
21857,24382,940
21858,23626,330
21859,24370,930
21860,24132,740
21861,23724,410
21862,24610,1120
21863,25956,2150
21864,24082,700
21865,24232,820
21866,24636,1140
21867,23983,620
21868,25464,1780
21869,23810,480
21870,25425,1750
21871,24905,1350
21872,27832,3500
21873,23650,350
21874,24433,980
21875,23724,410
21876,25689,1950
21877,25662,1930
21878,27418,3210
21879,26063,2230
21880,23871,530
21881,24194,790
21882,24995,1420
21883,23553,270
21884,23699,390
21885,24828,1290
21886,25464,1780
21887,25570,1860
21888,25755,2000
21889,24307,880
21890,24119,730
21891,24446,990
21892,25034,1450
21893,24132,740
21894,23724,410
21895,23468,200
21896,23921,570
21897,25346,1690
21898,26870,2820
21899,24725,1210
21900,24345,910
21901,23748,430
21902,23834,500
21903,24395,950
21904,24840,1300
21905,24069,690
21906,25782,2020
21907,23492,220
21908,24623,1130
21909,25034,1450
21910,25333,1680
21911,26760,2740
21912,24257,840
21913,24294,870
21914,24433,980
21915,24763,1240
21916,23958,600
21917,26171,2310
21918,27347,3160
21919,24107,720
21920,26471,2530
21921,25943,2140
21922,24007,640
21923,28575,4010
21924,24194,790
21925,24282,860
21926,24560,1080
21927,24244,830
21928,23226,0
21929,23540,260
21930,23540,260
21931,30624,5350
21932,26968,2890
21933,25229,1600
21934,25876,2090
21935,24982,1410
21936,28516,3970
21937,23687,380
21938,24433,980
21939,25137,1530
21940,23614,320
21941,25333,1680
21942,28976,4280
21943,26982,2900
21944,23322,80
21945,23407,150
21946,24828,1290
21947,23371,120
21948,23407,150
21949,23822,490
21950,23687,380
21951,24420,970
21952,25307,1660
21953,23614,320
21954,24853,1310
21955,23626,330
21956,23516,240
21957,23601,310
21958,25609,1890
21959,27066,2960
21960,25583,1870
21961,23687,380
21962,25124,1520
21963,25491,1800
21964,25809,2040
21965,23785,460
21966,23687,380
21967,26635,2650
21968,25229,1600
21969,24257,840
21970,23871,530
21971,23347,100
21972,26443,2510
21973,23933,580
21974,24370,930
21975,24610,1120
21976,25822,2050
21977,24828,1290
21978,25021,1440
21979,25491,1800
21980,23359,110
21981,23797,470
21982,24382,940
21983,25530,1830
21984,25111,1510
21985,24496,1030
21986,24433,980
21987,25477,1790
21988,25060,1470
21989,24751,1230
21990,23859,520
21991,23516,240
21992,25047,1460
21993,25876,2090
21994,23995,630
21995,25176,1560
21996,25702,1960
21997,23724,410
21998,24598,1110
21999,25021,1440
22000,23983,620
22001,27010,2920
22002,24905,1350
22003,24007,640
22004,25876,2090
22005,29858,4860
22006,24789,1260
22007,25769,2010
22008,24282,860
22009,27645,3370
22010,25399,1730
22011,24382,940
22012,24610,1120
22013,24094,710
22014,24969,1400
22015,25359,1700
22016,24496,1030
22017,25916,2120
22018,24207,800
22019,27588,3330
22020,24395,950
22021,23797,470
22022,24789,1260
22023,26212,2340
22024,23736,420
22025,26266,2380
22026,25996,2180
22027,23626,330
22028,23480,210
22029,25530,1830
22030,28693,4090
22031,25702,1960
22032,32315,6390
22033,25557,1850
22034,27545,3300
22035,23480,210
22036,23322,80
22037,28738,4120
22038,24269,850
22039,23983,620
22040,24232,820
22041,25795,2030
22042,24269,850
22043,24560,1080
22044,25570,1860
22045,29689,4750
22046,25596,1880
22047,23896,550
22048,23407,150
22049,23601,310
22050,24815,1280
22051,24471,1010
22052,23711,400
22053,24712,1200
22054,26982,2900
22055,23455,190
22056,27860,3520
22057,24433,980
22058,24345,910
22059,23626,330
22060,23528,250
22061,25742,1990
22062,24661,1160
22063,32550,6530
22064,25649,1920
22065,23736,420
22066,24610,1120
22067,24382,940
22068,24094,710
22069,25176,1560
22070,25150,1540
22071,23322,80
22072,24547,1070
22073,23419,160
22074,24294,870
22075,24057,680
22076,23577,290
22077,26321,2420
22078,24345,910
22079,24294,870
22080,24547,1070
22081,25008,1430
22082,24433,980
22083,25098,1500
22084,23468,200
22085,23736,420
22086,23834,500
22087,26416,2490
22088,24107,720
22089,24408,960
22090,23250,20
22091,24471,1010
22092,23785,460
22093,27319,3140
22094,26857,2810
22095,27545,3300
22096,24598,1110
22097,26239,2360
22098,25021,1440
22099,23565,280
22100,26594,2620
22101,26649,2660
22102,24307,880
22103,23970,610
22104,24244,830
22105,24661,1160
22106,25124,1520
22107,23871,530
22108,24144,750
22109,24496,1030
22110,24269,850
22111,24107,720
22112,23958,600
22113,25477,1790
22114,24082,700
22115,24725,1210
22116,25359,1700
22117,26649,2660
22118,26266,2380
22119,25215,1590
22120,24866,1320
22121,24623,1130
22122,25729,1980
22123,24738,1220
22124,28048,3650
22125,23797,470
22126,24408,960
22127,24320,890
22128,24232,820
22129,25530,1830
22130,23371,120
22131,28501,3960
22132,28634,4050
22133,27976,3600
22134,26801,2770
22135,24420,970
22136,23834,500
22137,27319,3140
22138,24751,1230
22139,25623,1900
22140,23226,0
22141,23983,620
22142,28121,3700
22143,28991,4290
22144,23921,570
22145,26567,2600
22146,24370,930
22147,23871,530
22148,25137,1530
22149,25372,1710
22150,23871,530
22151,23626,330
22152,24320,890
22153,25662,1930
22154,25229,1600
22155,23958,600
22156,25649,1920
22157,25359,1700
22158,23921,570
22159,23407,150
22160,23847,510
22161,28281,3810
22162,27403,3200
22163,24219,810
22164,26498,2550
22165,25359,1700
22166,23443,180
22167,25623,1900
22168,24032,660
22169,26746,2730
22170,24763,1240
22171,25477,1790
22172,23322,80
22173,26940,2870
22174,26362,2450
22175,23431,170
22176,25268,1630
22177,24661,1160
22178,25425,1750
22179,23983,620
22180,24763,1240
22181,24649,1150
22182,25583,1870
22183,24020,650
22184,23785,460
22185,25073,1480
22186,23859,520
22187,24119,730
22188,25609,1890
22189,24257,840
22190,24357,920
22191,25755,2000
22192,23995,630
22193,25570,1860
22194,27631,3360
22195,24082,700
22196,25085,1490
22197,24509,1040
22198,25034,1450
22199,24521,1050
22200,23699,390
22201,25929,2130
22202,24585,1100
22203,24420,970
22204,24082,700
22205,28812,4170
22206,24420,970
22207,24182,780
22208,23468,200
22209,26117,2270
22210,26266,2380
22211,24840,1300
22212,23699,390
22213,24007,640
22214,23516,240
22215,24853,1310
22216,26635,2650
22217,23395,140
22218,24598,1110
22219,29643,4720
22220,24598,1110
22221,24458,1000
22222,23958,600
22223,26171,2310
22224,25729,1980
22225,23638,340
22226,23589,300
22227,25124,1520
22228,23650,350
22229,23933,580
22230,24918,1360
22231,24107,720
22232,27304,3130
22233,23822,490
22234,24802,1270
22235,24995,1420
22236,27947,3580
22237,23983,620
22238,25956,2150
22239,24943,1380
22240,26787,2760
22241,25983,2170
22242,26912,2850
22243,24751,1230
22244,27846,3510
22245,24879,1330
22246,25202,1580
22247,24307,880
22248,25333,1680
22249,23310,70
22250,24458,1000
22251,25372,1710
22252,24269,850
22253,24169,770
22254,24534,1060
22255,26362,2450
22256,25073,1480
22257,26526,2570
22258,24598,1110
22259,24521,1050
22260,28872,4210
22261,23262,30
22262,24007,640
22263,23945,590
22264,27136,3010
22265,25163,1550
22266,30231,5100
22267,29399,4560
22268,24572,1090
22269,23834,500
22270,24572,1090
22271,24408,960
22272,25662,1930
22273,23589,300
22274,25189,1570
22275,23371,120
22276,23834,500
22277,25849,2070
22278,25530,1830
22279,29187,4420
22280,23724,410
22281,25742,1990
22282,27418,3210
22283,25504,1810
22284,24057,680
22285,26815,2780
22286,25782,2020
22287,24636,1140
22288,26010,2190
22289,25242,1610
22290,25060,1470
22291,26829,2790
22292,24107,720
22293,25412,1740
22294,23455,190
22295,23958,600
22296,25902,2110
22297,23553,270
22298,25702,1960
22299,25517,1820
22300,23834,500
22301,24107,720
22302,25769,2010
22303,24157,760
22304,26954,2880
22305,24082,700
22306,25623,1900
22307,25163,1550
22308,27136,3010
22309,25570,1860
22310,23662,360
22311,26266,2380
22312,23921,570
22313,24610,1120
22314,26307,2410
22315,26567,2600
22316,26050,2220
22317,26870,2820
22318,25530,1830
22319,27846,3510
22320,23504,230
22321,23785,460
22322,25399,1730
22323,23407,150
22324,24007,640
22325,24802,1270
22326,25956,2150
22327,25557,1850
22328,25163,1550
22329,25889,2100
22330,26843,2800
22331,23785,460
22332,25835,2060
22333,24879,1330
22334,25943,2140
22335,23565,280
22336,25530,1830
22337,25124,1520
22338,24649,1150
22339,23347,100
22340,32651,6590
22341,25543,1840
22342,25782,2020
22343,25983,2170
22344,24828,1290
22345,23847,510
22346,23395,140
22347,25073,1480
22348,25662,1930
22349,27474,3250
22350,24840,1300
22351,25929,2130
22352,23797,470
22353,25557,1850
22354,24057,680
22355,23528,250
22356,25676,1940
22357,25438,1760
22358,23626,330
22359,32349,6410
22360,28019,3630
22361,23810,480
22362,23983,620
22363,24789,1260
22364,24918,1360
22365,23383,130
22366,24433,980
22367,23884,540
22368,23834,500
22369,24119,730
22370,25176,1560
22371,23650,350
22372,24547,1070
22373,23626,330
22374,24094,710
22375,24107,720
22376,24433,980
22377,26635,2650
22378,23724,410
22379,23359,110
22380,27602,3340
22381,23431,170
22382,26843,2800
22383,23896,550
22384,27602,3340
22385,23626,330
22386,31523,5910
22387,25702,1960
22388,24107,720
22389,24483,1020
22390,26718,2710
22391,25412,1740
22392,26926,2860
22393,24169,770
22394,24943,1380
22395,26144,2290
22396,24232,820
22397,24132,740
22398,26677,2680
22399,25769,2010
22400,26307,2410
22401,25021,1440
22402,23675,370
22403,24020,650
22404,24483,1020
22405,24082,700
22406,24866,1320
22407,28135,3710
22408,25689,1950
22409,26884,2830
22410,24433,980
22411,24045,670
22412,25294,1650
22413,24294,870
22414,24853,1310
22415,23638,340
22416,23983,620
22417,23687,380
22418,26539,2580
22419,27990,3610
22420,27361,3170
22421,23797,470
22422,25085,1490
22423,23908,560
22424,26926,2860
22425,25372,1710
22426,25876,2090
22427,24269,850
22428,25281,1640
22429,24751,1230
22430,24408,960
22431,26023,2200
22432,24496,1030
22433,26580,2610
22434,25215,1590
22435,23395,140
22436,23933,580
22437,23492,220
22438,25795,2030
22439,24802,1270
22440,26498,2550
22441,24408,960
22442,23785,460
22443,26362,2450
22444,25809,2040
22445,23945,590
22446,24866,1320
22447,25008,1430
22448,23687,380
22449,24995,1420
22450,25702,1960
22451,23443,180
22452,23822,490
22453,25098,1500
22454,24534,1060
22455,24471,1010
22456,26280,2390
22457,24982,1410
22458,24572,1090
22459,24408,960
22460,24294,870
22461,24547,1070
22462,26760,2740
22463,23884,540
22464,23711,400
22465,27262,3100
22466,23419,160
22467,24738,1220
22468,23921,570
22469,23565,280
22470,26773,2750
22471,25636,1910
22472,25372,1710
22473,23480,210
22474,24598,1110
22475,26430,2500
22476,25956,2150
22477,24547,1070
22478,24257,840
22479,23748,430
22480,24560,1080
22481,26829,2790
22482,26760,2740
22483,28048,3650
22484,24045,670
22485,24674,1170
22486,23933,580
22487,23748,430
22488,24446,990
22489,24853,1310
22490,25333,1680
22491,23626,330
22492,23933,580
22493,24144,750
22494,23589,300
22495,26362,2450
22496,24370,930
22497,24107,720
22498,24294,870
22499,24094,710
22500,24802,1270
22501,23699,390
22502,24969,1400
22503,24458,1000
22504,24244,830
22505,23871,530
22506,24661,1160
22507,23908,560
22508,24471,1010
22509,25124,1520
22510,24853,1310
22511,24182,780
22512,24995,1420
22513,24623,1130
22514,25268,1630
22515,26760,2740
22516,24370,930
22517,24674,1170
22518,24020,650
22519,23711,400
22520,23468,200
22521,24969,1400
22522,23995,630
22523,23419,160
22524,23773,450
22525,23760,440
22526,25583,1870
22527,31215,5720
22528,26484,2540
22529,24892,1340
22530,24182,780
22531,24057,680
22532,26037,2210
22533,25098,1500
22534,26704,2700
22535,24661,1160
22536,27660,3380
22537,24483,1020
22538,24094,710
22539,25215,1590
22540,26732,2720
22541,25876,2090
22542,23773,450
22543,23884,540
22544,23577,290
22545,25281,1640
22546,23650,350
22547,25956,2150
22548,25491,1800
22549,23711,400
22550,25412,1740
22551,28501,3960
22552,24257,840
22553,25438,1760
22554,23822,490
22555,23871,530
22556,27745,3440
22557,24219,810
22558,25399,1730
22559,24930,1370
22560,24560,1080
22561,24370,930
22562,26199,2330
22563,25583,1870
22564,23933,580
22565,24905,1350
22566,26280,2390
22567,24332,900
22568,27375,3180
22569,24598,1110
22570,24661,1160
22571,24534,1060
22572,23675,370
22573,26870,2820
22574,23933,580
22575,25294,1650
22576,28917,4240
22577,24649,1150
22578,25399,1730
22579,26158,2300
22580,24585,1100
22581,27234,3080
22582,26158,2300
22583,23468,200
22584,24107,720
22585,23443,180
22586,24918,1360
22587,25889,2100
22588,25137,1530
22589,24282,860
22590,24094,710
22591,24610,1120
22592,24509,1040
22593,23577,290
22594,23983,620
22595,23626,330
22596,23528,250
22597,23970,610
22598,27545,3300
22599,23650,350
22600,24943,1380
22601,24892,1340
22602,27389,3190
22603,23565,280
22604,23371,120
22605,24370,930
22606,23455,190
22607,23699,390
22608,24132,740
22609,24082,700
22610,25849,2070
22611,24763,1240
22612,24345,910
22613,24776,1250
22614,23286,50
22615,25769,2010
22616,24094,710
22617,27375,3180
22618,29444,4590
22619,23650,350
22620,26253,2370
22621,23662,360
22622,23748,430
22623,23983,620
22624,24395,950
22625,24930,1370
22626,23662,360
22627,25464,1780
22628,25242,1610
22629,24057,680
22630,25202,1580
22631,23675,370
22632,25755,2000
22633,24257,840
22634,24815,1280
22635,23443,180
22636,24244,830
22637,23908,560
22638,25755,2000
22639,28281,3810
22640,25073,1480
22641,24020,650
22642,24866,1320
22643,25983,2170
22644,26185,2320
22645,24623,1130
22646,23760,440
22647,24585,1100
22648,24257,840
22649,27304,3130
22650,24905,1350
22651,24598,1110
22652,24082,700
22653,23773,450
22654,24219,810
22655,23847,510
22656,25809,2040
22657,25425,1750
22658,24219,810
22659,23871,530
22660,24560,1080
22661,24119,730
22662,23736,420
22663,26567,2600
22664,25689,1950
22665,23528,250
22666,24020,650
22667,24332,900
22668,25073,1480
22669,25451,1770
22670,26321,2420
22671,25916,2120
22672,24930,1370
22673,24763,1240
22674,26553,2590
22675,25662,1930
22676,24623,1130
22677,23995,630
22678,30640,5360
22679,25557,1850
22680,24496,1030
22681,24144,750
22682,24547,1070
22683,25782,2020
22684,24232,820
22685,24244,830
22686,25916,2120
22687,25359,1700
22688,23699,390
22689,23871,530
22690,23335,90
22691,26416,2490
22692,24032,660
22693,24057,680
22694,27602,3340
22695,25307,1660
22696,27788,3470
22697,24725,1210
22698,23601,310
22699,24045,670
22700,25008,1430
22701,25662,1930
22702,24687,1180
22703,23847,510
22704,23810,480
22705,25021,1440
22706,23810,480
22707,24082,700
22708,25849,2070
22709,25464,1780
22710,23736,420
22711,24332,900
22712,27389,3190
22713,26010,2190
22714,25333,1680
22715,24674,1170
22716,23760,440
22717,25294,1650
22718,25372,1710
22719,25008,1430
22720,24045,670
22721,23516,240
22722,25242,1610
22723,23834,500
22724,24879,1330
22725,24649,1150
22726,23383,130
22727,23921,570
22728,24700,1190
22729,24169,770
22730,23335,90
22731,28223,3770
22732,23724,410
22733,27347,3160
22734,24738,1220
22735,24969,1400
22736,27817,3490
22737,24649,1150
22738,25676,1940
22739,24509,1040
22740,24207,800
22741,23884,540
22742,24207,800
22743,24119,730
22744,24307,880
22745,25294,1650
22746,23553,270
22747,24194,790
22748,24257,840
22749,26773,2750
22750,25412,1740
22751,25215,1590
22752,24207,800
22753,25137,1530
22754,24094,710
22755,24560,1080
22756,25385,1720
22757,24623,1130
22758,26746,2730
22759,25399,1730
22760,27560,3310
22761,24320,890
22762,25835,2060
22763,25916,2120
22764,23933,580
22765,24007,640
22766,23407,150
22767,24815,1280
22768,24320,890
22769,25098,1500
22770,24995,1420
22771,24610,1120
22772,24094,710
22773,24345,910
22774,24345,910
22775,25215,1590
22776,26077,2240
22777,26226,2350
22778,23395,140
22779,26334,2430
22780,24119,730
22781,25021,1440
22782,24182,780
22783,24269,850
22784,25889,2100
22785,23773,450
22786,23286,50
22787,26077,2240
22788,23859,520
22789,24700,1190
22790,24943,1380
22791,25008,1430
22792,24446,990
22793,23359,110
22794,24144,750
22795,30153,5050
22796,23480,210
22797,24483,1020
22798,24382,940
22799,24636,1140
22800,23516,240
22801,26063,2230
22802,23847,510
22803,23995,630
22804,26594,2620
22805,26307,2410
22806,23945,590
22807,23847,510
22808,24045,670
22809,25425,1750
22810,31950,6170
22811,25491,1800
22812,23834,500
22813,23983,620
22814,25782,2020
22815,24069,690
22816,27010,2920
22817,24157,760
22818,25649,1920
22819,24623,1130
22820,23847,510
22821,25929,2130
22822,26940,2870
22823,23834,500
22824,25702,1960
22825,23650,350
22826,23785,460
22827,29935,4910
22828,23516,240
22829,25034,1450
22830,25176,1560
22831,25969,2160
22832,23675,370
22833,23859,520
22834,24057,680
22835,23970,610
22836,24082,700
22837,24866,1320
22838,24194,790
22839,24446,990
22840,24687,1180
22841,25085,1490
22842,28516,3970
22843,24751,1230
22844,27460,3240
22845,24269,850
22846,25822,2050
22847,24232,820
22848,26307,2410
22849,23970,610
22850,25782,2020
22851,24433,980
22852,24956,1390
22853,24763,1240
22854,27080,2970
22855,24610,1120
22856,25517,1820
22857,23528,250
22858,25412,1740
22859,26362,2450
22860,24094,710
22861,25307,1660
22862,25111,1510
22863,26348,2440
22864,24182,780
22865,25176,1560
22866,23847,510
22867,27234,3080
22868,24395,950
22869,26266,2380
22870,26131,2280
22871,23395,140
22872,25504,1810
22873,25822,2050
22874,24610,1120
22875,29874,4870
22876,24649,1150
22877,24446,990
22878,27760,3450
22879,23528,250
22880,26718,2710
22881,24738,1220
22882,29858,4860
22883,34064,7410
22884,24572,1090
22885,24395,950
22886,23945,590
22887,24840,1300
22888,24560,1080
22889,24521,1050
22890,24598,1110
22891,24045,670
22892,26608,2630
22893,24169,770
22894,24132,740
22895,23859,520
22896,23859,520
22897,24674,1170
22898,24207,800
22899,25862,2080
22900,31231,5730
22901,23504,230
22902,23528,250
22903,25021,1440
22904,25268,1630
22905,27206,3060
22906,23650,350
22907,25782,2020
22908,24395,950
22909,24483,1020
22910,24534,1060
22911,25876,2090
22912,23492,220
22913,26348,2440
22914,24776,1250
22915,25889,2100
22916,24020,650
22917,23724,410
22918,26801,2770
22919,24194,790
22920,24585,1100
22921,23286,50
22922,25307,1660
22923,29399,4560
22924,23492,220
22925,25689,1950
22926,24182,780
22927,25346,1690
22928,23983,620
22929,23310,70
22930,25229,1600
22931,24905,1350
22932,27990,3610
22933,23675,370
22934,23896,550
22935,24069,690
22936,25425,1750
22937,24370,930
22938,24144,750
22939,26077,2240
22940,23797,470
22941,23589,300
22942,23724,410
22943,24572,1090
22944,24294,870
22945,26982,2900
22946,24879,1330
22947,25609,1890
22948,27122,3000
22949,25835,2060
22950,23371,120
22951,24623,1130
22952,24661,1160
22953,27220,3070
22954,23908,560
22955,26594,2620
22956,24282,860
22957,27024,2930
22958,24905,1350
22959,23983,620
22960,23577,290
22961,25268,1630
22962,24763,1240
22963,24879,1330
22964,24032,660
22965,25150,1540
22966,23238,10
22967,24789,1260
22968,27389,3190
22969,25609,1890
22970,24471,1010
22971,24132,740
22972,24789,1260
22973,25662,1930
22974,25809,2040
22975,26104,2260
22976,23431,170
22977,23945,590
22978,23250,20
22979,24674,1170
22980,25111,1510
22981,23748,430
22982,27517,3280
22983,24700,1190
22984,23492,220
22985,23540,260
22986,25530,1830
22987,23810,480
22988,24969,1400
22989,27375,3180
22990,24572,1090
22991,25359,1700
22992,30529,5290
22993,23626,330
22994,24995,1420
22995,25769,2010
22996,25464,1780
22997,24219,810
22998,24069,690
22999,26732,2720
23000,24294,870
23001,26704,2700
23002,24332,900
23003,24995,1420
23004,24828,1290
23005,24879,1330
23006,23431,170
23007,23945,590
23008,23371,120
23009,24521,1050
23010,23711,400
23011,23335,90
23012,24458,1000
23013,27531,3290
23014,23298,60
23015,25983,2170
23016,24370,930
23017,23589,300
23018,24320,890
23019,23834,500
23020,23995,630
23021,23540,260
23022,25111,1510
23023,23601,310
23024,24866,1320
23025,25809,2040
23026,27403,3200
23027,24294,870
23028,26982,2900
23029,23711,400
23030,24069,690
23031,24207,800
23032,24905,1350
23033,26185,2320
23034,23711,400
23035,25111,1510
23036,24069,690
23037,24069,690
23038,24157,760
23039,23614,320
23040,26512,2560
23041,28531,3980
23042,25929,2130
23043,23407,150
23044,25060,1470
23045,24282,860
23046,25929,2130
23047,24623,1130
23048,25477,1790
23049,27446,3230
23050,25689,1950
23051,23995,630
23052,23834,500
23053,23736,420
23054,25889,2100
23055,28296,3820
23056,32315,6390
23057,24207,800
23058,27545,3300
23059,26760,2740
23060,24471,1010
23061,28005,3620
23062,27832,3500
23063,24144,750
23064,23859,520
23065,23834,500
23066,26375,2460
23067,27545,3300
23068,25742,1990
23069,23262,30
23070,24045,670
23071,26266,2380
23072,23711,400
23073,24408,960
23074,23958,600
23075,33836,7280
23076,24446,990
23077,24157,760
23078,25609,1890
23079,24509,1040
23080,24307,880
23081,31556,5930
23082,23834,500
23083,24853,1310
23084,25176,1560
23085,23810,480
23086,26663,2670
23087,23699,390
23088,23262,30
23089,24119,730
23090,23383,130
23091,24751,1230
23092,23262,30
23093,23601,310
23094,25281,1640
23095,25464,1780
23096,23322,80
23097,24382,940
23098,29658,4730
23099,25215,1590
23100,25021,1440
23101,25755,2000
23102,24357,920
23103,25215,1590
23104,26158,2300
23105,25255,1620
23106,25111,1510
23107,25609,1890
23108,23797,470
23109,25583,1870
23110,24194,790
23111,24332,900
23112,23407,150
23113,23970,610
23114,23589,300
23115,26185,2320
23116,24521,1050
23117,24840,1300
23118,25333,1680
23119,24560,1080
23120,23614,320
23121,25307,1660
23122,25983,2170
23123,25320,1670
23124,25268,1630
23125,24828,1290
23126,23760,440
23127,23773,450
23128,24282,860
23129,24458,1000
23130,25782,2020
23131,23675,370
23132,24345,910
23133,26773,2750
23134,27234,3080
23135,24521,1050
23136,24969,1400
23137,28019,3630
23138,24585,1100
23139,24458,1000
23140,26293,2400
23141,24282,860
23142,23528,250
23143,27489,3260
23144,24738,1220
23145,24661,1160
23146,25215,1590
23147,25021,1440
23148,23983,620
23149,26307,2410
23150,26023,2200
23151,23810,480
23152,25782,2020
23153,26580,2610
23154,23847,510
23155,24057,680
23156,23896,550
23157,25307,1660
23158,24320,890
23159,23785,460
23160,24057,680
23161,25782,2020
23162,25543,1840
23163,23589,300
23164,23626,330
23165,27560,3310
23166,24471,1010
23167,26212,2340
23168,24610,1120
23169,24269,850
23170,27947,3580
23171,23871,530
23172,23650,350
23173,25862,2080
23174,24370,930
23175,25124,1520
23176,24382,940
23177,24157,760
23178,24738,1220
23179,25623,1900
23180,23736,420
23181,24969,1400
23182,23933,580
23183,24496,1030
23184,24332,900
23185,25268,1630
23186,26663,2670
23187,25636,1910
23188,24069,690
23189,25689,1950
23190,27617,3350
23191,23970,610
23192,24207,800
23193,23419,160
23194,25491,1800
23195,25281,1640
23196,25215,1590
23197,25795,2030
23198,23748,430
23199,23748,430
23200,27304,3130
23201,25359,1700
23202,23650,350
23203,24408,960
23204,25176,1560
23205,26912,2850
23206,24157,760
23207,25916,2120
23208,24307,880
23209,27617,3350
23210,26321,2420
23211,24370,930
23212,23626,330
23213,26567,2600
23214,23921,570
23215,23711,400
23216,25849,2070
23217,25889,2100
23218,24020,650
23219,25150,1540
23220,24144,750
23221,23675,370
23222,23810,480
23223,26362,2450
23224,24943,1380
23225,23711,400
23226,24395,950
23227,23431,170
23228,25862,2080
23229,26185,2320
23230,24623,1130
23231,24547,1070
23232,29217,4440
23233,26050,2220
23234,29521,4640
23235,23614,320
23236,26801,2770
23237,24572,1090
23238,24420,970
23239,23995,630
23240,24610,1120
23241,23871,530
23242,25570,1860
23243,23528,250
23244,26746,2730
23245,24157,760
23246,24828,1290
23247,26389,2470
23248,29006,4300
23249,23797,470
23250,24157,760
23251,24370,930
23252,23614,320
23253,24045,670
23254,24357,920
23255,25085,1490
23256,26199,2330
23257,25281,1640
23258,26185,2320
23259,28150,3720
23260,25281,1640
23261,26677,2680
23262,26117,2270
23263,25689,1950
23264,25150,1540
23265,26226,2350
23266,24408,960
23267,24194,790
23268,23847,510
23269,24458,1000
23270,24712,1200
23271,24892,1340
23272,23760,440
23273,23298,60
23274,24763,1240
23275,30388,5200
23276,25557,1850
23277,25073,1480
23278,28782,4150
23279,23310,70
23280,24853,1310
23281,24370,930
23282,28369,3870
23283,23822,490
23284,25662,1930
23285,25215,1590
23286,25570,1860
23287,24956,1390
23288,24674,1170
23289,23675,370
23290,24572,1090
23291,24294,870
23292,27178,3040
23293,24521,1050
23294,26926,2860
23295,25255,1620
23296,24598,1110
23297,24674,1170
23298,24521,1050
23299,23601,310
23300,23395,140
23301,24332,900
23302,25255,1620
23303,25150,1540
23304,23834,500
23305,26293,2400
23306,26280,2390
23307,26077,2240
23308,25795,2030
23309,27304,3130
23310,23933,580
23311,28827,4180
23312,24382,940
23313,25346,1690
23314,26622,2640
23315,24194,790
23316,23773,450
23317,23322,80
23318,23589,300
23319,25202,1580
23320,23540,260
23321,23933,580
23322,28413,3900
23323,24687,1180
23324,23871,530
23325,23662,360
23326,25021,1440
23327,26870,2820
23328,25530,1830
23329,23958,600
23330,28063,3660
23331,23711,400
23332,24738,1220
23333,25215,1590
23334,23589,300
23335,24661,1160
23336,24585,1100
23337,23638,340
23338,28545,3990
23339,25583,1870
23340,24969,1400
23341,24207,800
23342,23995,630
23343,23724,410
23344,26185,2320
23345,24082,700
23346,23871,530
23347,24157,760
23348,24082,700
23349,26732,2720
23350,30561,5310
23351,24032,660
23352,28063,3660
23353,23480,210
23354,30640,5360
23355,24458,1000
23356,25163,1550
23357,24521,1050
23358,25150,1540
23359,23504,230
23360,25333,1680
23361,24107,720
23362,26567,2600
23363,25902,2110
23364,24169,770
23365,24370,930
23366,23958,600
23367,24282,860
23368,24815,1280
23369,24370,930
23370,26801,2770
23371,24157,760
23372,23995,630
23373,23896,550
23374,24572,1090
23375,24408,960
23376,24408,960
23377,23847,510
23378,27206,3060
23379,23908,560
23380,23983,620
23381,24828,1290
23382,25557,1850
23383,28947,4260
23384,23468,200
23385,24045,670
23386,23810,480
23387,24828,1290
23388,25202,1580
23389,26158,2300
23390,23516,240
23391,25034,1450
23392,23614,320
23393,26090,2250
23394,24382,940
23395,24169,770
23396,25649,1920
23397,26226,2350
23398,25242,1610
23399,23970,610
23400,25517,1820
23401,26526,2570
23402,25543,1840
23403,23834,500
23404,27889,3540
23405,24585,1100
23406,24687,1180
23407,24420,970
23408,26307,2410
23409,24207,800
23410,25021,1440
23411,25359,1700
23412,24763,1240
23413,23933,580
23414,26293,2400
23415,24918,1360
23416,24107,720
23417,23859,520
23418,23797,470
23419,26718,2710
23420,24307,880
23421,25073,1480
23422,24182,780
23423,23383,130
23424,27122,3000
23425,27206,3060
23426,24674,1170
23427,23614,320
23428,23859,520
23429,25047,1460
23430,25399,1730
23431,23748,430
23432,24956,1390
23433,23250,20
23434,23958,600
23435,23675,370
23436,24585,1100
23437,29889,4880
23438,24232,820
23439,23238,10
23440,26815,2780
23441,23443,180
23442,23371,120
23443,24995,1420
23444,24918,1360
23445,26471,2530
23446,31167,5690
23447,25242,1610
23448,25504,1810
23449,24169,770
23450,24057,680
23451,23675,370
23452,23896,550
23453,26884,2830
23454,24751,1230
23455,25570,1860
23456,25189,1570
23457,25399,1730
23458,23958,600
23459,25215,1590
23460,24107,720
23461,25320,1670
23462,26829,2790
23463,26704,2700
23464,26023,2200
23465,27010,2920
23466,24332,900
23467,24458,1000
23468,23468,200
23469,24395,950
23470,24738,1220
23471,25491,1800
23472,27164,3030
23473,26635,2650
23474,24598,1110
23475,26362,2450
23476,25333,1680
23477,24687,1180
23478,23468,200
23479,25034,1450
23480,23847,510
23481,23492,220
23482,25124,1520
23483,24194,790
23484,24320,890
23485,24144,750
23486,25346,1690
23487,24560,1080
23488,24269,850
23489,25530,1830
23490,26010,2190
23491,24307,880
23492,25702,1960
23493,24057,680
23494,23443,180
23495,23995,630
23496,23995,630
23497,25202,1580
23498,25755,2000
23499,23724,410
23500,24420,970
23501,24057,680
23502,26158,2300
23503,24751,1230
23504,24496,1030
23505,25229,1600
23506,23262,30
23507,25333,1680
23508,25583,1870
23509,23970,610
23510,24219,810
23511,24458,1000
23512,24032,660
23513,24408,960
23514,23601,310
23515,23565,280
23516,23810,480
23517,26704,2700
23518,24020,650
23519,24712,1200
23520,24483,1020
23521,24194,790
23522,25755,2000
23523,23711,400
23524,23958,600
23525,25385,1720
23526,28325,3840
23527,27588,3330
23528,24282,860
23529,28325,3840
23530,23871,530
23531,23834,500
23532,25008,1430
23533,23958,600
23534,24446,990
23535,24357,920
23536,26663,2670
23537,24069,690
23538,26801,2770
23539,24712,1200
23540,24815,1280
23541,25969,2160
23542,23921,570
23543,24257,840
23544,26185,2320
23545,25996,2180
23546,23871,530
23547,29889,4880
23548,24182,780
23549,26622,2640
23550,24585,1100
23551,27717,3420
23552,24802,1270
23553,26829,2790
23554,23650,350
23555,30091,5010
23556,24866,1320
23557,26131,2280
23558,23322,80
23559,24282,860
23560,24534,1060
23561,28034,3640
23562,25385,1720
23563,23711,400
23564,24458,1000
23565,24207,800
23566,24560,1080
23567,25412,1740
23568,25451,1770
23569,23431,170
23570,24483,1020
23571,28208,3760
23572,24207,800
23573,28976,4280
23574,26158,2300
23575,23958,600
23576,24082,700
23577,25346,1690
23578,25047,1460
23579,24307,880
23580,25281,1640
23581,23810,480
23582,25702,1960
23583,24918,1360
23584,23785,460
23585,25530,1830
23586,23921,570
23587,27319,3140
23588,24020,650
23589,25504,1810
23590,25969,2160
23591,25008,1430
23592,25034,1450
23593,25504,1810
23594,24840,1300
23595,23480,210
23596,23810,480
23597,26239,2360
23598,23958,600
23599,28325,3840
23600,26608,2630
23601,25412,1740
23602,24866,1320
23603,24069,690
23604,23711,400
23605,24636,1140
23606,25294,1650
23607,24496,1030
23608,26010,2190
23609,24918,1360
23610,24282,860
23611,24982,1410
23612,26321,2420
23613,25281,1640
23614,27164,3030
23615,23983,620
23616,24866,1320
23617,24332,900
23618,25294,1650
23619,25399,1730
23620,24182,780
23621,24636,1140
23622,25060,1470
23623,25111,1510
23624,23601,310
23625,24649,1150
23626,23921,570
23627,24420,970
23628,24879,1330
23629,24244,830
23630,26580,2610
23631,24370,930
23632,24521,1050
23633,25085,1490
23634,23468,200
23635,23443,180
23636,27904,3550
23637,25021,1440
23638,25438,1760
23639,27192,3050
23640,26293,2400
23641,24194,790
23642,25517,1820
23643,25124,1520
23644,25281,1640
23645,23933,580
23646,24219,810
23647,25060,1470
23648,25307,1660
23649,24700,1190
23650,24020,650
23651,24219,810
23652,24815,1280
23653,26158,2300
23654,25307,1660
23655,24294,870
23656,23933,580
23657,24182,780
23658,25835,2060
23659,24132,740
23660,25320,1670
23661,24107,720
23662,25530,1830
23663,23748,430
23664,23614,320
23665,24094,710
23666,25034,1450
23667,25689,1950
23668,25073,1480
23669,28457,3930
23670,26389,2470
23671,24610,1120
23672,24069,690
23673,24244,830
23674,23785,460
23675,25111,1510
23676,24207,800
23677,25189,1570
23678,24623,1130
23679,23675,370
23680,23528,250
23681,23589,300
23682,24332,900
23683,25876,2090
23684,24892,1340
23685,26171,2310
23686,26104,2260
23687,25098,1500
23688,24420,970
23689,29142,4390
23690,23995,630
23691,25425,1750
23692,23419,160
23693,24219,810
23694,24269,850
23695,24956,1390
23696,25822,2050
23697,25662,1930
23698,27418,3210
23699,24776,1250
23700,23724,410
23701,25570,1860
23702,27220,3070
23703,23565,280
23704,24560,1080
23705,23662,360
23706,27080,2970
23707,24649,1150
23708,23675,370
23709,24776,1250
23710,24853,1310
23711,24082,700
23712,24661,1160
23713,24345,910
23714,24776,1250
23715,24032,660
23716,28428,3910
23717,25111,1510
23718,25098,1500
23719,24598,1110
23720,24712,1200
23721,23528,250
23722,24789,1260
23723,25333,1680
23724,25242,1610
23725,25137,1530
23726,24802,1270
23727,26649,2660
23728,24687,1180
23729,24598,1110
23730,23662,360
23731,25676,1940
23732,23322,80
23733,23724,410
23734,23847,510
23735,24585,1100
23736,23540,260
23737,24182,780
23738,25137,1530
23739,25294,1650
23740,24866,1320
23741,25504,1810
23742,24307,880
23743,23983,620
23744,23286,50
23745,27574,3320
23746,23896,550
23747,25795,2030
23748,23748,430
23749,23504,230
23750,23810,480
23751,25060,1470
23752,24244,830
23753,25716,1970
23754,25034,1450
23755,24395,950
23756,24982,1410
23757,24320,890
23758,24496,1030
23759,23847,510
23760,24069,690
23761,25268,1630
23762,24157,760
23763,24395,950
23764,25570,1860
23765,25889,2100
23766,24395,950
23767,24244,830
23768,29505,4630
23769,25047,1460
23770,25755,2000
23771,24357,920
23772,24169,770
23773,24320,890
23774,23871,530
23775,25809,2040
23776,24345,910
23777,23847,510
23778,25124,1520
23779,24623,1130
23780,24370,930
23781,27817,3490
23782,24045,670
23783,24956,1390
23784,25491,1800
23785,23516,240
23786,23748,430
23787,27446,3230
23788,24509,1040
23789,24219,810
23790,24119,730
23791,26608,2630
23792,23983,620
23793,25742,1990
23794,24045,670
23795,24257,840
23796,23859,520
23797,25268,1630
23798,25983,2170
23799,24918,1360
23800,23262,30
23801,27817,3490
23802,24815,1280
23803,24446,990
23804,23650,350
23805,25202,1580
23806,23516,240
23807,23359,110
23808,24636,1140
23809,30815,5470
23810,24169,770
23811,24244,830
23812,24471,1010
23813,29874,4870
23814,24610,1120
23815,25702,1960
23816,27574,3320
23817,24572,1090
23818,24509,1040
23819,28019,3630
23820,24132,740
23821,23626,330
23822,25609,1890
23823,23492,220
23824,24357,920
23825,24219,810
23826,24182,780
23827,23711,400
23828,24866,1320
23829,25943,2140
23830,24471,1010
23831,24294,870
23832,25176,1560
23833,23650,350
23834,23443,180
23835,25530,1830
23836,26402,2480
23837,23589,300
23838,25570,1860
23839,25163,1550
23840,25425,1750
23841,24661,1160
23842,25150,1540
23843,23958,600
23844,25060,1470
23845,23958,600
23846,24007,640
23847,24082,700
23848,23896,550
23849,26649,2660
23850,26050,2220
23851,24828,1290
23852,23933,580
23853,23455,190
23854,24257,840
23855,25202,1580
23856,24661,1160
23857,26815,2780
23858,23896,550
23859,26375,2460
23860,24674,1170
23861,26144,2290
23862,24598,1110
23863,24918,1360
23864,25385,1720
23865,26293,2400
23866,24712,1200
23867,23274,40
23868,25124,1520
23869,26829,2790
23870,27503,3270
23871,23773,450
23872,28034,3640
23873,24269,850
23874,26266,2380
23875,25689,1950
23876,23983,620
23877,25034,1450
23878,24082,700
23879,27474,3250
23880,23322,80
23881,23480,210
23882,23468,200
23883,28019,3630
23884,24725,1210
23885,26199,2330
23886,23970,610
23887,24045,670
23888,24182,780
23889,25676,1940
23890,23504,230
23891,24789,1260
23892,24763,1240
23893,23859,520
23894,24119,730
23895,25596,1880
23896,24918,1360
23897,25385,1720
23898,24483,1020
23899,23359,110
23900,25098,1500
23901,24219,810
23902,25809,2040
23903,24433,980
23904,26117,2270
23905,24257,840
23906,23335,90
23907,26996,2910
23908,23736,420
23909,25596,1880
23910,24182,780
23911,24420,970
23912,23286,50
23913,24020,650
23914,25676,1940
23915,25320,1670
23916,26010,2190
23917,31167,5690
23918,24471,1010
23919,24623,1130
23920,26239,2360
23921,23970,610
23922,25085,1490
23923,25060,1470
23924,24433,980
23925,25294,1650
23926,30830,5480
23927,23983,620
23928,23785,460
23929,26526,2570
23930,26801,2770
23931,26037,2210
23932,24244,830
23933,23908,560
23934,24144,750
23935,25359,1700
23936,29232,4450
23937,24840,1300
23938,27674,3390
23939,27717,3420
23940,24082,700
23941,23958,600
23942,27846,3510
23943,23760,440
23944,25202,1580
23945,23859,520
23946,23371,120
23947,25060,1470
23948,26416,2490
23949,24433,980
23950,23970,610
23951,24107,720
23952,26023,2200
23953,25849,2070
23954,23687,380
23955,24182,780
23956,23626,330
23957,26787,2760
23958,23675,370
23959,24094,710
23960,26239,2360
23961,24332,900
23962,27817,3490
23963,24294,870
23964,24892,1340
23965,24840,1300
23966,25346,1690
23967,23528,250
23968,26077,2240
23969,25111,1510
23970,27290,3120
23971,23810,480
23972,23687,380
23973,24866,1320
23974,23565,280
23975,25862,2080
23976,23896,550
23977,29781,4810
23978,23933,580
23979,24956,1390
23980,24866,1320
23981,29997,4950
23982,24918,1360
23983,24840,1300
23984,24144,750
23985,24763,1240
23986,26293,2400
23987,26471,2530
23988,24521,1050
23989,25438,1760
23990,25098,1500
23991,25137,1530
23992,26050,2220
23993,23322,80
23994,26375,2460
23995,23589,300
23996,23383,130
23997,23638,340
23998,24433,980
23999,24509,1040
24000,24332,900
24001,23810,480
24002,23896,550
24003,23699,390
24004,25425,1750
24005,25795,2030
24006,27361,3170
24007,26457,2520
24008,24995,1420
24009,24307,880
24010,24032,660
24011,26594,2620
24012,23492,220
24013,24815,1280
24014,25333,1680
24015,24219,810
24016,23553,270
24017,24853,1310
24018,25464,1780
24019,24483,1020
24020,24853,1310
24021,23711,400
24022,25098,1500
24023,25372,1710
24024,24496,1030
24025,24918,1360
24026,25333,1680
24027,25956,2150
24028,25530,1830
24029,24269,850
24030,25281,1640
24031,23687,380
24032,26622,2640
24033,23958,600
24034,26307,2410
24035,23921,570
24036,25111,1510
24037,24395,950
24038,23250,20
24039,26870,2820
24040,23675,370
24041,23711,400
24042,25491,1800
24043,23528,250
24044,23335,90
24045,24982,1410
24046,24892,1340
24047,26982,2900
24048,23443,180
24049,24144,750
24050,25399,1730
24051,23516,240
24052,24257,840
24053,24307,880
24054,24257,840
24055,23859,520
24056,24636,1140
24057,24420,970
24058,24471,1010
24059,25202,1580
24060,25835,2060
24061,26704,2700
24062,29414,4570
24063,24194,790
24064,23834,500
24065,24496,1030
24066,25849,2070
24067,26940,2870
24068,24969,1400
24069,24269,850
24070,23614,320
24071,23908,560
24072,23675,370
24073,25849,2070
24074,23286,50
24075,24045,670
24076,25570,1860
24077,24007,640
24078,29658,4730
24079,23516,240
24080,23601,310
24081,24610,1120
24082,24687,1180
24083,24995,1420
24084,23419,160
24085,24649,1150
24086,23983,620
24087,25229,1600
24088,25359,1700
24089,24879,1330
24090,25464,1780
24091,27631,3360
24092,26307,2410
24093,26293,2400
24094,26171,2310
24095,24572,1090
24096,23958,600
24097,23859,520
24098,27545,3300
24099,26787,2760
24100,24930,1370
24101,24194,790
24102,23945,590
24103,27192,3050
24104,24020,650
24105,23896,550
24106,23383,130
24107,28135,3710
24108,24905,1350
24109,24585,1100
24110,24144,750
24111,29597,4690
24112,25359,1700
24113,26512,2560
24114,25929,2130
24115,23810,480
24116,24219,810
24117,23908,560
24118,23921,570
24119,25943,2140
24120,27038,2940
24121,26484,2540
24122,24534,1060
24123,23773,450
24124,23322,80
24125,25163,1550
24126,24610,1120
24127,25346,1690
24128,26131,2280
24129,26131,2280
24130,23407,150
24131,24244,830
24132,25399,1730
24133,23785,460
24134,24572,1090
24135,25809,2040
24136,25425,1750
24137,24020,650
24138,23262,30
24139,27234,3080
24140,25929,2130
24141,23834,500
24142,25702,1960
24143,23226,0
24144,26117,2270
24145,24057,680
24146,24458,1000
24147,25477,1790
24148,24789,1260
24149,23810,480
24150,23371,120
24151,24370,930
24152,25438,1760
24153,24307,880
24154,25399,1730
24155,23443,180
24156,23614,320
24157,26787,2760
24158,23810,480
24159,24828,1290
24160,26063,2230
24161,24969,1400
24162,23687,380
24163,24269,850
24164,27489,3260
24165,25662,1930
24166,23589,300
24167,26293,2400
24168,25333,1680
24169,23638,340
24170,24623,1130
24171,25596,1880
24172,26457,2520
24173,23226,0
24174,26199,2330
24175,26773,2750
24176,24257,840
24177,24930,1370
24178,25451,1770
24179,23995,630
24180,27545,3300
24181,24207,800
24182,25636,1910
24183,24585,1100
24184,24918,1360
24185,23810,480
24186,25385,1720
24187,24357,920
24188,23589,300
24189,23773,450
24190,24674,1170
24191,26402,2480
24192,24700,1190
24193,24892,1340
24194,26430,2500
24195,24307,880
24196,23480,210
24197,26663,2670
24198,23662,360
24199,24020,650
24200,24585,1100
24201,25385,1720
24202,26416,2490
24203,23995,630
24204,27660,3380
24205,25385,1720
24206,24157,760
24207,24082,700
24208,25268,1630
24209,28077,3670
24210,25229,1600
24211,24408,960
24212,24585,1100
24213,25543,1840
24214,25307,1660
24215,26212,2340
24216,24257,840
24217,23896,550
24218,31215,5720
24219,27503,3270
24220,23614,320
24221,24045,670
24222,24395,950
24223,24649,1150
24224,25557,1850
24225,28753,4130
24226,24521,1050
24227,24828,1290
24228,23359,110
24229,24020,650
24230,26402,2480
24231,24446,990
24232,25835,2060
24233,28150,3720
24234,24483,1020
24235,24982,1410
24236,23626,330
24237,26050,2220
24238,24712,1200
24239,24119,730
24240,23896,550
24241,23322,80
24242,26954,2880
24243,23995,630
24244,25307,1660
24245,23933,580
24246,24207,800
24247,24370,930
24248,38384,9720
24249,26968,2890
24250,24157,760
24251,24207,800
24252,23662,360
24253,23262,30
24254,23822,490
24255,25294,1650
24256,33041,6820
24257,23383,130
24258,24107,720
24259,26471,2530
24260,24687,1180
24261,24244,830
24262,24219,810
24263,24382,940
24264,23262,30
24265,26857,2810
24266,24007,640
24267,24840,1300
24268,24471,1010
24269,25849,2070
24270,25098,1500
24271,23711,400
24272,23262,30
24273,23760,440
24274,25835,2060
24275,25189,1570
24276,23419,160
24277,27990,3610
24278,25189,1570
24279,25583,1870
24280,28296,3820
24281,27234,3080
24282,24687,1180
24283,24408,960
24284,28369,3870
24285,24969,1400
24286,25268,1630
24287,23614,320
24288,24433,980
24289,26144,2290
24290,25464,1780
24291,24712,1200
24292,25729,1980
24293,23896,550
24294,27560,3310
24295,25372,1710
24296,23675,370
24297,27889,3540
24298,24232,820
24299,24395,950
24300,25294,1650
24301,23921,570
24302,24751,1230
24303,25623,1900
24304,24840,1300
24305,24828,1290
24306,24763,1240
24307,24232,820
24308,26857,2810
24309,25583,1870
24310,24269,850
24311,23516,240
24312,23601,310
24313,26416,2490
24314,23810,480
24315,23958,600
24316,28961,4270
24317,24370,930
24318,23760,440
24319,24623,1130
24320,24879,1330
24321,23322,80
24322,23589,300
24323,28048,3650
24324,24892,1340
24325,27361,3170
24326,25399,1730
24327,26663,2670
24328,26050,2220
24329,23958,600
24330,24892,1340
24331,23958,600
24332,24840,1300
24333,26829,2790
24334,25623,1900
24335,24269,850
24336,25021,1440
24337,23540,260
24338,23958,600
24339,23335,90
24340,24725,1210
24341,23908,560
24342,26348,2440
24343,25176,1560
24344,24244,830
24345,23226,0
24346,25098,1500
24347,23395,140
24348,29021,4310
24349,25034,1450
24350,23262,30
24351,30106,5020
24352,24585,1100
24353,24144,750
24354,25464,1780
24355,23908,560
24356,23983,620
24357,24082,700
24358,24069,690
24359,24521,1050
24360,24144,750
24361,24020,650
24362,26940,2870
24363,25098,1500
24364,24649,1150
24365,28252,3790
24366,25215,1590
24367,23748,430
24368,27038,2940
24369,25822,2050
24370,23347,100
24371,24521,1050
24372,24802,1270
24373,27617,3350
24374,24815,1280
24375,23958,600
24376,25176,1560
24377,25255,1620
24378,23443,180
24379,23748,430
24380,25477,1790
24381,23347,100
24382,26608,2630
24383,26063,2230
24384,26090,2250
24385,23662,360
24386,24918,1360
24387,25636,1910
24388,23675,370
24389,23699,390
24390,28486,3950
24391,24395,950
24392,23995,630
24393,29097,4360
24394,24547,1070
24395,23650,350
24396,23724,410
24397,23983,620
24398,23565,280
24399,24244,830
24400,24649,1150
24401,23589,300
24402,24032,660
24403,24471,1010
24404,25085,1490
24405,23958,600
24406,25916,2120
24407,24661,1160
24408,24585,1100
24409,24045,670
24410,24408,960
24411,25085,1490
24412,24572,1090
24413,25876,2090
24414,30044,4980
24415,26512,2560
24416,24269,850
24417,25889,2100
24418,24879,1330
24419,25596,1880
24420,24182,780
24421,27403,3200
24422,24370,930
24423,24057,680
24424,24547,1070
24425,25359,1700
24426,23871,530
24427,23871,530
24428,29551,4660
24429,26663,2670
24430,25034,1450
24431,24483,1020
24432,23871,530
24433,24420,970
24434,28902,4230
24435,23226,0
24436,25111,1510
24437,23822,490
24438,23407,150
24439,23298,60
24440,26815,2780
24441,26266,2380
24442,24521,1050
24443,25969,2160
24444,28034,3640
24445,28223,3770
24446,24712,1200
24447,23395,140
24448,24119,730
24449,23945,590
24450,24007,640
24451,23797,470
24452,28310,3830
24453,24357,920
24454,25689,1950
24455,24636,1140
24456,26801,2770
24457,25943,2140
24458,23908,560
24459,25333,1680
24460,24232,820
24461,26402,2480
24462,23884,540
24463,23383,130
24464,24982,1410
24465,25822,2050
24466,25008,1430
24467,24320,890
24468,25477,1790
24469,24585,1100
24470,26773,2750
24471,23933,580
24472,24420,970
24473,24219,810
24474,25008,1430
24475,25008,1430
24476,25689,1950
24477,24144,750
24478,26334,2430
24479,23760,440
24480,23711,400
24481,25849,2070
24482,26594,2620
24483,25047,1460
24484,24458,1000
24485,23748,430
24486,24892,1340
24487,23859,520
24488,28545,3990
24489,24649,1150
24490,30435,5230
24491,24636,1140
24492,25716,1970
24493,25021,1440
24494,24032,660
24495,24446,990
24496,31426,5850
24497,24534,1060
24498,25835,2060
24499,24082,700
24500,25073,1480
24501,27290,3120
24502,24269,850
24503,24943,1380
24504,26389,2470
24505,23699,390
24506,24598,1110
24507,26857,2810
24508,25412,1740
24509,24725,1210
24510,24802,1270
24511,23748,430
24512,25689,1950
24513,25320,1670
24514,24610,1120
24515,23958,600
24516,23601,310
24517,26567,2600
24518,26144,2290
24519,24107,720
24520,24395,950
24521,25729,1980
24522,25662,1930
24523,31103,5650
24524,24674,1170
24525,25385,1720
24526,23504,230
24527,25189,1570
24528,23785,460
24529,23785,460
24530,27432,3220
24531,27276,3110
24532,23797,470
24533,24157,760
24534,26649,2660
24535,24918,1360
24536,24194,790
24537,27947,3580
24538,24840,1300
24539,26526,2570
24540,23847,510
24541,24509,1040
24542,29429,4580
24543,23347,100
24544,24763,1240
24545,23711,400
24546,23908,560
24547,23614,320
24548,27347,3160
24549,29157,4400
24550,24320,890
24551,24144,750
24552,23871,530
24553,23945,590
24554,23983,620
24555,25769,2010
24556,23871,530
24557,25137,1530
24558,24395,950
24559,24598,1110
24560,24244,830
24561,24144,750
24562,23785,460
24563,24982,1410
24564,24282,860
24565,24020,650
24566,25623,1900
24567,23383,130
24568,25425,1750
24569,23335,90
24570,24294,870
24571,24496,1030
24572,23431,170
24573,23896,550
24574,25189,1570
24575,23736,420
24576,23945,590
24577,29781,4810
24578,26594,2620
24579,25034,1450
24580,24020,650
24581,23933,580
24582,23945,590
24583,24674,1170
24584,24687,1180
24585,23724,410
24586,23516,240
24587,23626,330
24588,24458,1000
24589,24408,960
24590,24995,1420
24591,28457,3930
24592,25543,1840
24593,25215,1590
24594,23335,90
24595,24918,1360
24596,23871,530
24597,24471,1010
24598,24789,1260
24599,25034,1450
24600,23359,110
24601,25202,1580
24602,23614,320
24603,25596,1880
24604,24357,920
24605,26334,2430
24606,24107,720
24607,24969,1400
24608,23262,30
24609,24332,900
24610,24045,670
24611,26663,2670
24612,24082,700
24613,24471,1010
24614,24269,850
24615,26498,2550
24616,25517,1820
24617,24572,1090
24618,23785,460
24619,28708,4100
24620,24725,1210
24621,26348,2440
24622,25163,1550
24623,23504,230
24624,23286,50
24625,29384,4550
24626,23407,150
24627,23480,210
24628,25307,1660
24629,27588,3330
24630,25294,1650
24631,24585,1100
24632,26580,2610
24633,24382,940
24634,25530,1830
24635,24433,980
24636,24119,730
24637,23699,390
24638,25034,1450
24639,23773,450
24640,25333,1680
24641,24738,1220
24642,23626,330
24643,24094,710
24644,26580,2610
24645,26199,2330
24646,26375,2460
24647,26334,2430
24648,26037,2210
24649,23226,0
24650,25021,1440
24651,24382,940
24652,26594,2620
24653,26307,2410
24654,26158,2300
24655,25202,1580
24656,24232,820
24657,26471,2530
24658,24572,1090
24659,24332,900
24660,26704,2700
24661,28619,4040
24662,24982,1410
24663,24623,1130
24664,25543,1840
24665,26663,2670
24666,24725,1210
24667,24687,1180
24668,24572,1090
24669,26239,2360
24670,23286,50
24671,24496,1030
24672,23504,230
24673,24069,690
24674,25782,2020
24675,24332,900
24676,23359,110
24677,23933,580
24678,24232,820
24679,23335,90
24680,23310,70
24681,24269,850
24682,24840,1300
24683,23650,350
24684,24458,1000
24685,24269,850
24686,23383,130
24687,24395,950
24688,24395,950
24689,23945,590
24690,25047,1460
24691,25570,1860
24692,27803,3480
24693,24219,810
24694,23553,270
24695,23359,110
24696,24433,980
24697,23626,330
24698,23455,190
24699,26389,2470
24700,25215,1590
24701,24560,1080
24702,24879,1330
24703,23310,70
24704,23797,470
24705,24382,940
24706,24345,910
24707,28560,4000
24708,23614,320
24709,25729,1980
24710,24119,730
24711,23958,600
24712,27038,2940
24713,25623,1900
24714,27745,3440
24715,23970,610
24716,23675,370
24717,23650,350
24718,24307,880
24719,25662,1930
24720,25098,1500
24721,23871,530
24722,24879,1330
24723,24828,1290
24724,26389,2470
24725,23896,550
24726,23298,60
24727,26567,2600
24728,27660,3380
24729,24483,1020
24730,25795,2030
24731,24345,910
24732,24207,800
24733,24169,770
24734,24509,1040
24735,25702,1960
24736,23226,0
24737,25943,2140
24738,25477,1790
24739,25098,1500
24740,27918,3560
24741,26649,2660
24742,25956,2150
24743,27588,3330
24744,26870,2820
24745,24687,1180
24746,25702,1960
24747,23773,450
24748,24560,1080
24749,24057,680
24750,27038,2940
24751,26870,2820
24752,32939,6760
24753,24032,660
24754,24157,760
24755,24232,820
24756,26131,2280
24757,25268,1630
24758,23589,300
24759,24307,880
24760,24332,900
24761,25742,1990
24762,25636,1910
24763,24636,1140
24764,24623,1130
24765,25399,1730
24766,23785,460
24767,23921,570
24768,23650,350
24769,27803,3480
24770,27432,3220
24771,24408,960
24772,26498,2550
24773,25098,1500
24774,23834,500
24775,23431,170
24776,23626,330
24777,25849,2070
24778,24521,1050
24779,23822,490
24780,23662,360
24781,24509,1040
24782,26677,2680
24783,24687,1180
24784,25543,1840
24785,25451,1770
24786,24674,1170
24787,25504,1810
24788,26212,2340
24789,25795,2030
24790,26321,2420
24791,24119,730
24792,24509,1040
24793,23933,580
24794,24815,1280
24795,23371,120
24796,25969,2160
24797,25255,1620
24798,23528,250
24799,24700,1190
24800,23383,130
24801,25889,2100
24802,26622,2640
24803,23871,530
24804,24057,680
24805,23298,60
24806,24144,750
24807,25098,1500
24808,28121,3700
24809,24995,1420
24810,26077,2240
24811,25034,1450
24812,24307,880
24813,24892,1340
24814,23614,320
24815,24370,930
24816,24082,700
24817,25504,1810
24818,23468,200
24819,25438,1760
24820,25008,1430
24821,23871,530
24822,23822,490
24823,26307,2410
24824,23871,530
24825,24157,760
24826,25189,1570
24827,23419,160
24828,24572,1090
24829,24712,1200
24830,23407,150
24831,26280,2390
24832,24395,950
24833,24345,910
24834,23859,520
24835,24956,1390
24836,23760,440
24837,24930,1370
24838,24446,990
24839,26898,2840
24840,24282,860
24841,24738,1220
24842,24610,1120
24843,24045,670
24844,27688,3400
24845,26293,2400
24846,24840,1300
24847,26457,2520
24848,25333,1680
24849,25047,1460
24850,25570,1860
24851,24370,930
24852,25477,1790
24853,24244,830
24854,23933,580
24855,23921,570
24856,24918,1360
24857,24828,1290
24858,24119,730
24859,24687,1180
24860,39470,10260
24861,24232,820
24862,23847,510
24863,25716,1970
24864,24471,1010
24865,24674,1170
24866,23736,420
24867,25163,1550
24868,23516,240
24869,23822,490
24870,24840,1300
24871,24866,1320
24872,23480,210
24873,24332,900
24874,28590,4020
24875,25060,1470
24876,27645,3370
24877,25333,1680
24878,25034,1450
24879,23871,530
24880,23614,320
24881,24585,1100
24882,23711,400
24883,24345,910
24884,25849,2070
24885,24057,680
24886,23675,370
24887,23528,250
24888,23859,520
24889,25176,1560
24890,23431,170
24891,24182,780
24892,23589,300
24893,23699,390
24894,26498,2550
24895,25307,1660
24896,25346,1690
24897,25085,1490
24898,25916,2120
24899,23773,450
24900,23995,630
24901,25150,1540
24902,25996,2180
24903,24244,830
24904,27038,2940
24905,26253,2370
24906,23822,490
24907,27446,3230
24908,23797,470
24909,25372,1710
24910,24866,1320
24911,24930,1370
24912,25570,1860
24913,25307,1660
24914,25034,1450
24915,23760,440
24916,23958,600
24917,27817,3490
24918,24547,1070
24919,25268,1630
24920,24943,1380
24921,29157,4400
24922,26023,2200
24923,26104,2260
24924,23945,590
24925,25742,1990
24926,26010,2190
24927,23650,350
24928,23760,440
24929,23896,550
24930,28092,3680
24931,27347,3160
24932,25943,2140
24933,23958,600
24934,24269,850
24935,26801,2770
24936,25034,1450
24937,23528,250
24938,23711,400
24939,25163,1550
24940,31801,6080
24941,23322,80
24942,26334,2430
24943,25412,1740
24944,23371,120
24945,23468,200
24946,23958,600
24947,23724,410
24948,24892,1340
24949,25570,1860
24950,24382,940
24951,26635,2650
24952,25229,1600
24953,26090,2250
24954,23492,220
24955,29399,4560
24956,23785,460
24957,25451,1770
24958,25557,1850
24959,30419,5220
24960,23810,480
24961,24119,730
24962,23662,360
24963,24636,1140
24964,24307,880
24965,29827,4840
24966,25111,1510
24967,25085,1490
24968,24547,1070
24969,27361,3170
24970,23468,200
24971,26321,2420
24972,25557,1850
24973,25202,1580
24974,25504,1810
24975,24320,890
24976,23834,500
24977,24420,970
24978,24307,880
24979,25822,2050
24980,25202,1580
24981,24345,910
24982,24446,990
24983,23724,410
24984,24687,1180
24985,23711,400
24986,25294,1650
24987,24560,1080
24988,24649,1150
24989,24370,930
24990,23395,140
24991,27052,2950
24992,24585,1100
24993,27560,3310
24994,25268,1630
24995,25124,1520
24996,24853,1310
24997,24082,700
24998,25795,2030
24999,24294,870
25000,26580,2610
25001,24057,680
25002,24547,1070
25003,24157,760
25004,29066,4340
25005,24521,1050
25006,23431,170
25007,25689,1950
25008,24257,840
25009,25543,1840
25010,24057,680
25011,26321,2420
25012,27094,2980
25013,23480,210
25014,28634,4050
25015,24661,1160
25016,24269,850
25017,24738,1220
25018,23748,430
25019,26787,2760
25020,24738,1220
25021,24032,660
25022,25385,1720
25023,24244,830
25024,24649,1150
25025,24610,1120
25026,23896,550
25027,24269,850
25028,24157,760
25029,23884,540
25030,26090,2250
25031,27731,3430
25032,24789,1260
25033,24509,1040
25034,29127,4380
25035,28019,3630
25036,25255,1620
25037,24182,780
25038,25008,1430
25039,23773,450
25040,27333,3150
25041,26649,2660
25042,25809,2040
25043,24572,1090
25044,24219,810
25045,26829,2790
25046,24119,730
25047,25438,1760
25048,24045,670
25049,25755,2000
25050,24257,840
25051,24661,1160
25052,23724,410
25053,24789,1260
25054,26321,2420
25055,23970,610
25056,28164,3730
25057,23371,120
25058,25822,2050
25059,24244,830
25060,24661,1160
25061,24866,1320
25062,26608,2630
25063,23908,560
25064,23995,630
25065,25956,2150
25066,23455,190
25067,25716,1970
25068,24057,680
25069,24345,910
25070,23335,90
25071,25662,1930
25072,25268,1630
25073,25111,1510
25074,25008,1430
25075,24132,740
25076,25176,1560
25077,24395,950
25078,24182,780
25079,26691,2690
25080,24789,1260
25081,24194,790
25082,24712,1200
25083,23335,90
25084,24057,680
25085,23896,550
25086,25320,1670
25087,25517,1820
25088,25008,1430
25089,23359,110
25090,24032,660
25091,25215,1590
25092,25943,2140
25093,30419,5220
25094,27904,3550
25095,24674,1170
25096,28516,3970
25097,25451,1770
25098,26131,2280
25099,23810,480
25100,24119,730
25101,24357,920
25102,26280,2390
25103,26023,2200
25104,23347,100
25105,28266,3800
25106,26594,2620
25107,24483,1020
25108,24815,1280
25109,25782,2020
25110,24661,1160
25111,24483,1020
25112,24802,1270
25113,24232,820
25114,25543,1840
25115,24169,770
25116,28902,4230
25117,23662,360
25118,24763,1240
25119,24232,820
25120,25862,2080
25121,24930,1370
25122,23970,610
25123,24370,930
25124,24169,770
25125,25281,1640
25126,25596,1880
25127,24776,1250
25128,24257,840
25129,24320,890
25130,30545,5300
25131,23760,440
25132,24521,1050
25133,26996,2910
25134,26077,2240
25135,24866,1320
25136,25902,2110
25137,23884,540
25138,24395,950
25139,25983,2170
25140,25163,1550
25141,23908,560
25142,24840,1300
25143,24107,720
25144,24307,880
25145,23540,260
25146,25570,1860
25147,23565,280
25148,24382,940
25149,26677,2680
25150,31264,5750
25151,26266,2380
25152,23662,360
25153,24045,670
25154,25150,1540
25155,25021,1440
25156,24547,1070
25157,25008,1430
25158,26663,2670
25159,25268,1630
25160,25111,1510
25161,26307,2410
25162,26321,2420
25163,23896,550
25164,24144,750
25165,24547,1070
25166,25399,1730
25167,23958,600
25168,26912,2850
25169,28354,3860
25170,25729,1980
25171,25491,1800
25172,24345,910
25173,25060,1470
25174,24370,930
25175,23724,410
25176,27418,3210
25177,23810,480
25178,24738,1220
25179,24828,1290
25180,23736,420
25181,24585,1100
25182,25307,1660
25183,26023,2200
25184,25008,1430
25185,23589,300
25186,24182,780
25187,24169,770
25188,26580,2610
25189,23995,630
25190,27375,3180
25191,23250,20
25192,34329,7560
25193,25281,1640
25194,23785,460
25195,24674,1170
25196,24969,1400
25197,28121,3700
25198,26375,2460
25199,28782,4150
25200,23238,10
25201,24094,710
25202,26402,2480
25203,23262,30
25204,24132,740
25205,23871,530
25206,26037,2210
25207,24207,800
25208,23516,240
25209,24521,1050
25210,27319,3140
25211,23884,540
25212,23699,390
25213,24069,690
25214,23516,240
25215,25662,1930
25216,23443,180
25217,24853,1310
25218,26199,2330
25219,28604,4030
25220,25346,1690
25221,26104,2260
25222,23675,370
25223,24446,990
25224,24307,880
25225,25202,1580
25226,28092,3680
25227,23626,330
25228,28252,3790
25229,27347,3160
25230,23675,370
25231,25008,1430
25232,23419,160
25233,26608,2630
25234,23492,220
25235,26663,2670
25236,23455,190
25237,24905,1350
25238,24956,1390
25239,24257,840
25240,24294,870
25241,26158,2300
25242,25307,1660
25243,24610,1120
25244,24687,1180
25245,24509,1040
25246,23626,330
25247,24610,1120
25248,26117,2270
25249,23859,520
25250,24509,1040
25251,23871,530
25252,24828,1290
25253,23896,550
25254,26539,2580
25255,23748,430
25256,23945,590
25257,25229,1600
25258,23859,520
25259,23748,430
25260,24395,950
25261,23504,230
25262,25464,1780
25263,24458,1000
25264,24610,1120
25265,24194,790
25266,25294,1650
25267,26471,2530
25268,24905,1350
25269,23921,570
25270,28063,3660
25271,25098,1500
25272,25491,1800
25273,25570,1860
25274,24496,1030
25275,23335,90
25276,25425,1750
25277,23908,560
25278,25294,1650
25279,24282,860
25280,23687,380
25281,25047,1460
25282,24623,1130
25283,23983,620
25284,23699,390
25285,24521,1050
25286,27631,3360
25287,23871,530
25288,25098,1500
25289,23322,80
25290,23970,610
25291,24560,1080
25292,24332,900
25293,23650,350
25294,23577,290
25295,26430,2500
25296,24370,930
25297,24623,1130
25298,26321,2420
25299,24585,1100
25300,23711,400
25301,24483,1020
25302,23238,10
25303,24332,900
25304,24219,810
25305,29444,4590
25306,23577,290
25307,24408,960
25308,24007,640
25309,26704,2700
25310,23589,300
25311,24687,1180
25312,23650,350
25313,23871,530
25314,24892,1340
25315,23310,70
25316,25662,1930
25317,25176,1560
25318,23468,200
25319,23884,540
25320,23748,430
25321,23468,200
25322,25943,2140
25323,24879,1330
25324,28164,3730
25325,24244,830
25326,26912,2850
25327,23419,160
25328,25294,1650
25329,24982,1410
25330,29142,4390
25331,24332,900
25332,23970,610
25333,24169,770
25334,23371,120
25335,23983,620
25336,24132,740
25337,23250,20
25338,25202,1580
25339,25662,1930
25340,27262,3100
25341,24007,640
25342,23822,490
25343,27276,3110
25344,25504,1810
25345,23638,340
25346,23958,600
25347,23748,430
25348,24408,960
25349,25124,1520
25350,23443,180
25351,24802,1270
25352,24751,1230
25353,24840,1300
25354,24144,750
25355,24082,700
25356,25956,2150
25357,26063,2230
25358,25702,1960
25359,23847,510
25360,24560,1080
25361,24534,1060
25362,24623,1130
25363,24815,1280
25364,23736,420
25365,24738,1220
25366,27531,3290
25367,24943,1380
25368,27024,2930
25369,26131,2280
25370,25689,1950
25371,24509,1040
25372,27688,3400
25373,23468,200
25374,27660,3380
25375,25333,1680
25376,23896,550
25377,24094,710
25378,25320,1670
25379,23736,420
25380,27418,3210
25381,45498,13010
25382,25969,2160
25383,24257,840
25384,25255,1620
25385,25530,1830
25386,24866,1320
25387,23492,220
25388,24370,930
25389,24534,1060
25390,23504,230
25391,24585,1100
25392,24219,810
25393,24232,820
25394,29247,4460
25395,26293,2400
25396,24119,730
25397,23492,220
25398,23443,180
25399,24169,770
25400,24802,1270
25401,25359,1700
25402,25294,1650
25403,23601,310
25404,26389,2470
25405,25716,1970
25406,24107,720
25407,24674,1170
25408,26732,2720
25409,24382,940
25410,25034,1450
25411,23626,330
25412,24661,1160
25413,24649,1150
25414,25098,1500
25415,24370,930
25416,26567,2600
25417,24943,1380
25418,24725,1210
25419,23736,420
25420,25255,1620
25421,24982,1410
25422,23884,540
25423,24610,1120
25424,24623,1130
25425,25530,1830
25426,23859,520
25427,29247,4460
25428,24232,820
25429,23577,290
25430,24623,1130
25431,24918,1360
25432,23226,0
25433,25809,2040
25434,23419,160
25435,31933,6160
25436,23335,90
25437,23785,460
25438,23286,50
25439,24370,930
25440,24182,780
25441,27674,3390
25442,24547,1070
25443,25956,2150
25444,24144,750
25445,26635,2650
25446,24269,850
25447,25862,2080
25448,25596,1880
25449,24930,1370
25450,23322,80
25451,23468,200
25452,24157,760
25453,25047,1460
25454,26553,2590
25455,25372,1710
25456,24496,1030
25457,25530,1830
25458,23711,400
25459,25073,1480
25460,25021,1440
25461,26171,2310
25462,25929,2130
25463,25008,1430
25464,24687,1180
25465,24623,1130
25466,24509,1040
25467,24509,1040
25468,25060,1470
25469,23298,60
25470,23675,370
25471,28384,3880
25472,24572,1090
25473,24307,880
25474,26857,2810
25475,24257,840
25476,23687,380
25477,24207,800
25478,25359,1700
25479,25124,1520
25480,23589,300
25481,25902,2110
25482,23773,450
25483,23871,530
25484,27248,3090
25485,24182,780
25486,23834,500
25487,28063,3660
25488,24433,980
25489,24082,700
25490,25359,1700
25491,24560,1080
25492,23748,430
25493,25876,2090
25494,24636,1140
25495,23626,330
25496,24725,1210
25497,24032,660
25498,24007,640
25499,24943,1380
25500,25557,1850
25501,23480,210
25502,23773,450
25503,25098,1500
25504,25504,1810
25505,24649,1150
25506,24649,1150
25507,25021,1440
25508,26649,2660
25509,25876,2090
25510,24776,1250
25511,23274,40
25512,26239,2360
25513,26718,2710
25514,24751,1230
25515,26457,2520
25516,23859,520
25517,25782,2020
25518,23748,430
25519,25477,1790
25520,24521,1050
25521,23983,620
25522,23492,220
25523,25137,1530
25524,25464,1780
25525,25438,1760
25526,24182,780
25527,24207,800
25528,26498,2550
25529,25676,1940
25530,30403,5210
25531,25943,2140
25532,26677,2680
25533,24956,1390
25534,25755,2000
25535,26732,2720
25536,24169,770
25537,23601,310
25538,24674,1170
25539,26402,2480
25540,26539,2580
25541,23847,510
25542,23238,10
25543,24207,800
25544,23970,610
25545,23834,500
25546,24853,1310
25547,25255,1620
25548,24674,1170
25549,23626,330
25550,34561,7690
25551,26443,2510
25552,24032,660
25553,24395,950
25554,23407,150
25555,23859,520
25556,26280,2390
25557,23736,420
25558,25034,1450
25559,23601,310
25560,24458,1000
25561,24219,810
25562,24433,980
25563,23638,340
25564,27010,2920
25565,23540,260
25566,24408,960
25567,23970,610
25568,24712,1200
25569,23724,410
25570,24282,860
25571,25583,1870
25572,26226,2350
25573,24496,1030
25574,27932,3570
25575,26239,2360
25576,23970,610
25577,24982,1410
25578,25782,2020
25579,23896,550
25580,25996,2180
25581,23760,440
25582,31248,5740
25583,23589,300
25584,27574,3320
25585,23773,450
25586,26649,2660
25587,24119,730
25588,25729,1980
25589,26732,2720
25590,25491,1800
25591,24776,1250
25592,27262,3100
25593,23298,60
25594,24956,1390
25595,24725,1210
25596,23773,450
25597,26870,2820
25598,26968,2890
25599,24169,770
25600,24828,1290
25601,27206,3060
25602,24879,1330
25603,23822,490
25604,26870,2820
25605,24345,910
25606,24307,880
25607,24057,680
25608,23322,80
25609,25596,1880
25610,26144,2290
25611,24332,900
25612,24789,1260
25613,24892,1340
25614,27961,3590
25615,24194,790
25616,24636,1140
25617,25451,1770
25618,23286,50
25619,24408,960
25620,24207,800
25621,23371,120
25622,25636,1910
25623,27760,3450
25624,24649,1150
25625,23383,130
25626,25491,1800
25627,24119,730
25628,23480,210
25629,24169,770
25630,25255,1620
25631,24007,640
25632,25716,1970
25633,25477,1790
25634,25902,2110
25635,24712,1200
25636,24144,750
25637,24905,1350
25638,23589,300
25639,23589,300
25640,23322,80
25641,23983,620
25642,25889,2100
25643,24892,1340
25644,23773,450
25645,24395,950
25646,23553,270
25647,25163,1550
25648,24905,1350
25649,32634,6580
25650,23553,270
25651,23847,510
25652,25047,1460
25653,24020,650
25654,24763,1240
25655,24045,670
25656,26171,2310
25657,25385,1720
25658,26498,2550
25659,25021,1440
25660,25662,1930
25661,24828,1290
25662,23528,250
25663,23884,540
25664,23884,540
25665,24169,770
25666,23699,390
25667,23480,210
25668,24763,1240
25669,24853,1310
25670,24661,1160
25671,25346,1690
25672,26063,2230
25673,24776,1250
25674,25755,2000
25675,23662,360
25676,24282,860
25677,23933,580
25678,24057,680
25679,23504,230
25680,24132,740
25681,28106,3690
25682,25412,1740
25683,24332,900
25684,25163,1550
25685,26996,2910
25686,23983,620
25687,23970,610
25688,28340,3850
25689,25676,1940
25690,23810,480
25691,24244,830
25692,26023,2200
25693,24094,710
25694,23359,110
25695,24370,930
25696,25702,1960
25697,25822,2050
25698,25085,1490
25699,24828,1290
25700,25782,2020
25701,25822,2050
25702,23810,480
25703,24370,930
25704,25073,1480
25705,23528,250
25706,23785,460
25707,23407,150
25708,24802,1270
25709,25530,1830
25710,23626,330
25711,23226,0
25712,23335,90
25713,25596,1880
25714,25702,1960
25715,24357,920
25716,24815,1280
25717,24057,680
25718,23589,300
25719,24269,850
25720,23736,420
25721,24219,810
25722,25623,1900
25723,23699,390
25724,23810,480
25725,24674,1170
25726,23322,80
25727,25060,1470
25728,26375,2460
25729,25769,2010
25730,25202,1580
25731,23601,310
25732,27150,3020
25733,26471,2530
25734,25425,1750
25735,24776,1250
25736,24032,660
25737,23226,0
25738,23540,260
25739,25929,2130
25740,23945,590
25741,25346,1690
25742,23650,350
25743,23516,240
25744,24879,1330
25745,25333,1680
25746,24045,670
25747,24700,1190
25748,25649,1920
25749,24144,750
25750,24433,980
25751,24509,1040
25752,24585,1100
25753,24725,1210
25754,23601,310
25755,26718,2710
25756,24905,1350
25757,24420,970
25758,26171,2310
25759,24408,960
25760,26010,2190
25761,24471,1010
25762,23480,210
25763,24521,1050
25764,25649,1920
25765,23711,400
25766,24119,730
25767,25242,1610
25768,25649,1920
25769,26996,2910
25770,23933,580
25771,24307,880
25772,27248,3090
25773,23650,350
25774,25215,1590
25775,23528,250
25776,23310,70
25777,24107,720
25778,25281,1640
25779,30545,5300
25780,23908,560
25781,25189,1570
25782,23504,230
25783,24020,650
25784,24144,750
25785,25150,1540
25786,26526,2570
25787,25137,1530
25788,24853,1310
25789,26253,2370
25790,26131,2280
25791,28266,3800
25792,23995,630
25793,23983,620
25794,23748,430
25795,28857,4200
25796,27375,3180
25797,26732,2720
25798,23711,400
25799,26307,2410
25800,28842,4190
25801,24892,1340
25802,24572,1090
25803,28208,3760
25804,24119,730
25805,25477,1790
25806,23431,170
25807,23859,520
25808,24712,1200
25809,26199,2330
25810,23748,430
25811,23699,390
25812,23687,380
25813,24057,680
25814,23407,150
25815,26718,2710
25816,24382,940
25817,26077,2240
25818,26760,2740
25819,24357,920
25820,25716,1970
25821,25570,1860
25822,24712,1200
25823,23847,510
25824,23797,470
25825,24132,740
25826,23736,420
25827,23589,300
25828,25438,1760
25829,25008,1430
25830,23383,130
25831,23785,460
25832,26539,2580
25833,26375,2460
25834,23773,450
25835,26732,2720
25836,24094,710
25837,24636,1140
25838,26212,2340
25839,23516,240
25840,25876,2090
25841,24320,890
25842,23933,580
25843,25294,1650
25844,24802,1270
25845,23383,130
25846,23834,500
25847,25504,1810
25848,25215,1590
25849,25623,1900
25850,24547,1070
25851,24007,640
25852,24649,1150
25853,27545,3300
25854,26443,2510
25855,24905,1350
25856,24496,1030
25857,25281,1640
25858,24232,820
25859,28827,4180
25860,25008,1430
25861,23250,20
25862,26185,2320
25863,24712,1200
25864,26280,2390
25865,24433,980
25866,27760,3450
25867,24661,1160
25868,24294,870
25869,23262,30
25870,23810,480
25871,23262,30
25872,23810,480
25873,25085,1490
25874,23540,260
25875,27531,3290
25876,25359,1700
25877,23383,130
25878,24687,1180
25879,26226,2350
25880,26484,2540
25881,23859,520
25882,24751,1230
25883,24420,970
25884,24725,1210
25885,24892,1340
25886,25202,1580
25887,25034,1450
25888,25583,1870
25889,23797,470
25890,23492,220
25891,24776,1250
25892,23419,160
25893,25021,1440
25894,24169,770
25895,23359,110
25896,24840,1300
25897,24623,1130
25898,26954,2880
25899,24471,1010
25900,24433,980
25901,25742,1990
25902,25399,1730
25903,24458,1000
25904,26649,2660
25905,25268,1630
25906,24144,750
25907,23589,300
25908,24840,1300
25909,23896,550
25910,24069,690
25911,28708,4100
25912,24244,830
25913,25504,1810
25914,24636,1140
25915,24547,1070
25916,24082,700
25917,24119,730
25918,23347,100
25919,25729,1980
25920,23638,340
25921,24232,820
25922,23711,400
25923,24700,1190
25924,27206,3060
25925,25176,1560
25926,25889,2100
25927,24007,640
25928,26212,2340
25929,25111,1510
25930,25570,1860
25931,23933,580
25932,24307,880
25933,26010,2190
25934,24269,850
25935,25255,1620
25936,24169,770
25937,31345,5800
25938,23797,470
25939,26870,2820
25940,26389,2470
25941,24636,1140
25942,25849,2070
25943,25862,2080
25944,26402,2480
25945,24032,660
25946,26746,2730
25947,26199,2330
25948,23983,620
25949,23822,490
25950,24357,920
25951,24840,1300
25952,24712,1200
25953,23687,380
25954,24332,900
25955,23335,90
25956,27375,3180
25957,23650,350
25958,23359,110
25959,24446,990
25960,24094,710
25961,25636,1910
25962,24879,1330
25963,24956,1390
25964,24082,700
25965,24307,880
25966,23699,390
25967,28413,3900
25968,24661,1160
25969,25983,2170
25970,25359,1700
25971,25557,1850
25972,27038,2940
25973,25399,1730
25974,24585,1100
25975,24789,1260
25976,27418,3210
25977,24547,1070
25978,27220,3070
25979,23810,480
25980,24382,940
25981,24020,650
25982,23748,430
25983,24207,800
25984,23748,430
25985,23773,450
25986,25255,1620
25987,25073,1480
25988,24956,1390
25989,23650,350
25990,24943,1380
25991,24032,660
25992,25902,2110
25993,24094,710
25994,24840,1300
25995,25662,1930
25996,24853,1310
25997,26732,2720
25998,26117,2270
25999,28976,4280
26000,25034,1450
26001,23359,110
26002,25412,1740
26003,24094,710
26004,24687,1180
26005,26037,2210
26006,23871,530
26007,24610,1120
26008,23797,470
26009,24918,1360
26010,23675,370
26011,24905,1350
26012,24157,760
26013,24232,820
26014,24534,1060
26015,24408,960
26016,31006,5590
26017,24232,820
26018,25229,1600
26019,23834,500
26020,23687,380
26021,26334,2430
26022,23822,490
26023,24232,820
26024,25320,1670
26025,24840,1300
26026,24879,1330
26027,24483,1020
26028,24687,1180
26029,27262,3100
26030,24471,1010
26031,23626,330
26032,23822,490
26033,25242,1610
26034,24623,1130
26035,27389,3190
26036,24207,800
26037,23431,170
26038,23687,380
26039,29232,4450
26040,24157,760
26041,25809,2040
26042,27517,3280
26043,24687,1180
26044,23577,290
26045,26718,2710
26046,24751,1230
26047,23834,500
26048,23908,560
26049,23896,550
26050,26649,2660
26051,27817,3490
26052,26212,2340
26053,23711,400
26054,24182,780
26055,24132,740
26056,27150,3020
26057,24521,1050
26058,24382,940
26059,24738,1220
26060,24738,1220
26061,25689,1950
26062,25889,2100
26063,24828,1290
26064,23871,530
26065,23371,120
26066,23626,330
26067,24674,1170
26068,23958,600
26069,24244,830
26070,26443,2510
26071,24232,820
26072,23553,270
26073,24560,1080
26074,23810,480
26075,24521,1050
26076,25021,1440
26077,23468,200
26078,25609,1890
26079,25782,2020
26080,23958,600
26081,28398,3890
26082,23724,410
26083,23859,520
26084,24194,790
26085,25543,1840
26086,25570,1860
26087,24082,700
26088,23589,300
26089,23589,300
26090,23687,380
26091,23226,0
26092,24345,910
26093,24320,890
26094,24232,820
26095,23395,140
26096,24496,1030
26097,26746,2730
26098,23650,350
26099,23626,330
26100,24995,1420
26101,29551,4660
26102,25716,1970
26103,23896,550
26104,23921,570
26105,24020,650
26106,23468,200
26107,23711,400
26108,23638,340
26109,28048,3650
26110,26843,2800
26111,25073,1480
26112,24069,690
26113,23347,100
26114,26635,2650
26115,27889,3540
26116,23286,50
26117,25268,1630
26118,25702,1960
26119,25085,1490
26120,26280,2390
26121,23958,600
26122,25008,1430
26123,24294,870
26124,23871,530
26125,23822,490
26126,24020,650
26127,24194,790
26128,27066,2960
26129,24969,1400
26130,26539,2580
26131,23687,380
26132,24712,1200
26133,23443,180
26134,26185,2320
26135,25557,1850
26136,24892,1340
26137,26649,2660
26138,24020,650
26139,24107,720
26140,25385,1720
26141,23601,310
26142,28857,4200
26143,25636,1910
26144,24725,1210
26145,23945,590
26146,23699,390
26147,23896,550
26148,27574,3320
26149,25969,2160
26150,24815,1280
26151,25189,1570
26152,26443,2510
26153,23724,410
26154,25755,2000
26155,25929,2130
26156,23589,300
26157,24232,820
26158,25477,1790
26159,24623,1130
26160,24446,990
26161,27947,3580
26162,23785,460
26163,23286,50
26164,23553,270
26165,23859,520
26166,27304,3130
26167,26212,2340
26168,25111,1510
26169,25702,1960
26170,25862,2080
26171,23419,160
26172,26226,2350
26173,23468,200
26174,29172,4410
26175,24471,1010
26176,25385,1720
26177,23970,610
26178,26608,2630
26179,27080,2970
26180,25073,1480
26181,26443,2510
26182,24057,680
26183,23945,590
26184,23871,530
26185,23480,210
26186,25085,1490
26187,23748,430
26188,28092,3680
26189,24534,1060
26190,24483,1020
26191,24802,1270
26192,23896,550
26193,26077,2240
26194,26307,2410
26195,23958,600
26196,26185,2320
26197,23565,280
26198,23347,100
26199,26280,2390
26200,24534,1060
26201,25543,1840
26202,24751,1230
26203,25504,1810
26204,27052,2950
26205,26787,2760
26206,24879,1330
26207,26857,2810
26208,26063,2230
26209,25491,1800
26210,24496,1030
26211,24943,1380
26212,24257,840
26213,27220,3070
26214,23995,630
26215,24969,1400
26216,27889,3540
26217,24157,760
26218,25229,1600
26219,23760,440
26220,24471,1010
26221,25008,1430
26222,25281,1640
26223,24020,650
26224,24776,1250
26225,25451,1770
26226,24057,680
26227,24776,1250
26228,23371,120
26229,24943,1380
26230,23614,320
26231,24144,750
26232,26171,2310
26233,25008,1430
26234,24082,700
26235,23970,610
26236,24751,1230
26237,23970,610
26238,25137,1530
26239,24840,1300
26240,23810,480
26241,26677,2680
26242,24420,970
26243,23443,180
26244,24918,1360
26245,24905,1350
26246,24483,1020
26247,24094,710
26248,26982,2900
26249,24725,1210
26250,23347,100
26251,24282,860
26252,26430,2500
26253,25969,2160
26254,25008,1430
26255,23516,240
26256,23650,350
26257,24674,1170
26258,23945,590
26259,25412,1740
26260,25412,1740
26261,27192,3050
26262,26010,2190
26263,24282,860
26264,28092,3680
26265,23650,350
26266,27574,3320
26267,24674,1170
26268,23896,550
26269,24169,770
26270,24446,990
26271,26117,2270
26272,33144,6880
26273,26691,2690
26274,27010,2920
26275,24345,910
26276,25163,1550
26277,23834,500
26278,24918,1360
26279,24094,710
26280,24623,1130
26281,23797,470
26282,25835,2060
26283,25822,2050
26284,24661,1160
26285,26144,2290
26286,25034,1450
26287,24458,1000
26288,24982,1410
26289,25098,1500
26290,23958,600
26291,23359,110
26292,25425,1750
26293,23748,430
26294,28560,4000
26295,24458,1000
26296,24879,1330
26297,24132,740
26298,27389,3190
26299,23760,440
26300,24483,1020
26301,23614,320
26302,24763,1240
26303,26526,2570
26304,23859,520
26305,24420,970
26306,23226,0
26307,24712,1200
26308,23785,460
26309,25255,1620
26310,24282,860
26311,25229,1600
26312,23822,490
26313,29066,4340
26314,24840,1300
26315,26280,2390
26316,23626,330
26317,28005,3620
26318,23921,570
26319,25098,1500
26320,25399,1730
26321,24219,810
26322,23298,60
26323,23871,530
26324,23785,460
26325,23662,360
26326,25307,1660
26327,24194,790
26328,24257,840
26329,23748,430
26330,24232,820
26331,23834,500
26332,24905,1350
26333,24257,840
26334,25809,2040
26335,25530,1830
26336,26870,2820
26337,28077,3670
26338,29399,4560
26339,25849,2070
26340,23871,530
26341,24082,700
26342,23871,530
26343,25557,1850
26344,25294,1650
26345,24307,880
26346,24020,650
26347,24661,1160
26348,24020,650
26349,28738,4120
26350,24045,670
26351,24370,930
26352,24636,1140
26353,24144,750
26354,23262,30
26355,24382,940
26356,23760,440
26357,24471,1010
26358,25242,1610
26359,27602,3340
26360,23540,260
26361,23859,520
26362,24446,990
26363,23859,520
26364,27052,2950
26365,26185,2320
26366,27904,3550
26367,24636,1140
26368,23699,390
26369,23528,250
26370,23601,310
26371,24725,1210
26372,27702,3410
26373,24357,920
26374,24828,1290
26375,24307,880
26376,25969,2160
26377,24918,1360
26378,24007,640
26379,23565,280
26380,25649,1920
26381,23797,470
26382,25517,1820
26383,25294,1650
26384,26293,2400
26385,24763,1240
26386,23785,460
26387,25098,1500
26388,26104,2260
26389,23958,600
26390,24509,1040
26391,23250,20
26392,24879,1330
26393,26704,2700
26394,25649,1920
26395,24623,1130
26396,26050,2220
26397,24560,1080
26398,24572,1090
26399,24610,1120
26400,25255,1620
26401,24458,1000
26402,24700,1190
26403,24802,1270
26404,26389,2470
26405,23662,360
26406,25085,1490
26407,24395,950
26408,25034,1450
26409,24918,1360
26410,23480,210
26411,24144,750
26412,25517,1820
26413,24370,930
26414,24572,1090
26415,25716,1970
26416,23516,240
26417,24521,1050
26418,24282,860
26419,24332,900
26420,25822,2050
26421,24182,780
26422,24182,780
26423,29566,4670
26424,25636,1910
26425,23662,360
26426,25902,2110
26427,23921,570
26428,25242,1610
26429,23553,270
26430,25782,2020
26431,23921,570
26432,23589,300
26433,24879,1330
26434,23626,330
26435,27531,3290
26436,23908,560
26437,24345,910
26438,24194,790
26439,25098,1500
26440,25716,1970
26441,24395,950
26442,23601,310
26443,24257,840
26444,25412,1740
26445,25073,1480
26446,24623,1130
26447,24157,760
26448,24020,650
26449,25372,1710
26450,24763,1240
26451,23724,410
26452,23614,320
26453,24585,1100
26454,24751,1230
26455,24483,1020
26456,24069,690
26457,23908,560
26458,23921,570
26459,24032,660
26460,26199,2330
26461,25822,2050
26462,24157,760
26463,24930,1370
26464,23371,120
26465,24144,750
26466,24598,1110
26467,23407,150
26468,23565,280
26469,25636,1910
26470,25596,1880
26471,24892,1340
26472,23834,500
26473,23687,380
26474,24763,1240
26475,24751,1230
26476,23958,600
26477,23736,420
26478,23359,110
26479,23553,270
26480,24776,1250
26481,25372,1710
26482,26732,2720
26483,24194,790
26484,24320,890
26485,24094,710
26486,24623,1130
26487,23383,130
26488,24257,840
26489,23455,190
26490,24420,970
26491,26760,2740
26492,25504,1810
26493,26884,2830
26494,25085,1490
26495,23834,500
26496,25862,2080
26497,23871,530
26498,25124,1520
26499,23601,310
26500,25047,1460
26501,23921,570
26502,24815,1280
26503,24866,1320
26504,23626,330
26505,25385,1720
26506,26416,2490
26507,23748,430
26508,27164,3030
26509,25346,1690
26510,24420,970
26511,24483,1020
26512,24521,1050
26513,27150,3020
26514,28472,3940
26515,25137,1530
26516,23516,240
26517,26334,2430
26518,26389,2470
26519,23773,450
26520,24320,890
26521,23675,370
26522,30990,5580
26523,24045,670
26524,23834,500
26525,24282,860
26526,23871,530
26527,26023,2200
26528,24547,1070
26529,26050,2220
26530,24057,680
26531,28106,3690
26532,23601,310
26533,25021,1440
26534,23724,410
26535,26457,2520
26536,29874,4870
26537,24509,1040
26538,24738,1220
26539,24623,1130
26540,25956,2150
26541,26870,2820
26542,26954,2880
26543,28708,4100
26544,23250,20
26545,25359,1700
26546,24892,1340
26547,24763,1240
26548,23468,200
26549,23995,630
26550,24082,700
26551,25477,1790
26552,23810,480
26553,24969,1400
26554,27731,3430
26555,23797,470
26556,25047,1460
26557,24866,1320
26558,24700,1190
26559,23785,460
26560,23262,30
26561,25583,1870
26562,29444,4590
26563,24232,820
26564,24905,1350
26565,24509,1040
26566,24307,880
26567,24244,830
26568,25034,1450
26569,26704,2700
26570,24930,1370
26571,24144,750
26572,24661,1160
26573,24257,840
26574,24194,790
26575,24700,1190
26576,25098,1500
26577,24789,1260
26578,24521,1050
26579,24144,750
26580,23662,360
26581,24232,820
26582,26718,2710
26583,24969,1400
26584,23748,430
26585,23995,630
26586,25451,1770
26587,25689,1950
26588,23921,570
26589,24509,1040
26590,23945,590
26591,24119,730
26592,23540,260
26593,25073,1480
26594,24930,1370
26595,24572,1090
26596,23933,580
26597,25242,1610
26598,26307,2410
26599,23407,150
26600,24408,960
26601,24219,810
26602,23773,450
26603,24879,1330
26604,24269,850
26605,26334,2430
26606,26144,2290
26607,23614,320
26608,25124,1520
26609,23675,370
26610,23383,130
26611,24471,1010
26612,25255,1620
26613,24232,820
26614,25085,1490
26615,25491,1800
26616,26898,2840
26617,27846,3510
26618,23553,270
26619,23859,520
26620,23455,190
26621,24560,1080
26622,25021,1440
26623,24815,1280
26624,25229,1600
26625,24257,840
26626,24194,790
26627,25676,1940
26628,23724,410
26629,25876,2090
26630,24610,1120
26631,25969,2160
26632,25385,1720
26633,24207,800
26634,23443,180
26635,27517,3280
26636,23516,240
26637,25782,2020
26638,26815,2780
26639,24534,1060
26640,24585,1100
26641,24370,930
26642,24057,680
26643,24547,1070
26644,26063,2230
26645,24395,950
26646,23724,410
26647,26239,2360
26648,25176,1560
26649,24269,850
26650,24219,810
26651,23226,0
26652,28976,4280
26653,24700,1190
26654,23908,560
26655,26608,2630
26656,23589,300
26657,24207,800
26658,24282,860
26659,27052,2950
26660,27220,3070
26661,25189,1570
26662,25229,1600
26663,24995,1420
26664,23995,630
26665,23945,590
26666,24395,950
26667,24521,1050
26668,23871,530
26669,25769,2010
26670,23970,610
26671,24032,660
26672,25822,2050
26673,24471,1010
26674,26307,2410
26675,23711,400
26676,23896,550
26677,23662,360
26678,26185,2320
26679,24547,1070
26680,25047,1460
26681,23958,600
26682,24082,700
26683,23995,630
26684,23335,90
26685,24045,670
26686,24815,1280
26687,23970,610
26688,24534,1060
26689,25464,1780
26690,25150,1540
26691,25729,1980
26692,24661,1160
26693,24207,800
26694,23626,330
26695,24700,1190
26696,24892,1340
26697,24956,1390
26698,23626,330
26699,26982,2900
26700,28560,4000
26701,24763,1240
26702,23286,50
26703,24157,760
26704,23871,530
26705,24257,840
26706,26131,2280
26707,25862,2080
26708,23662,360
26709,23528,250
26710,23945,590
26711,24905,1350
26712,24082,700
26713,23419,160
26714,26457,2520
26715,23601,310
26716,24471,1010
26717,24930,1370
26718,26760,2740
26719,24610,1120
26720,26718,2710
26721,28296,3820
26722,24892,1340
26723,24840,1300
26724,24433,980
26725,26185,2320
26726,27080,2970
26727,23601,310
26728,23711,400
26729,26815,2780
26730,29112,4370
26731,23711,400
26732,25822,2050
26733,23908,560
26734,25307,1660
26735,26430,2500
26736,23359,110
26737,24257,840
26738,24712,1200
26739,24395,950
26740,28398,3890
26741,24560,1080
26742,23407,150
26743,26348,2440
26744,26077,2240
26745,25137,1530
26746,25623,1900
26747,24119,730
26748,23516,240
26749,23589,300
26750,25729,1980
26751,24547,1070
26752,27875,3530
26753,24082,700
26754,25229,1600
26755,27038,2940
26756,24585,1100
26757,26171,2310
26758,24320,890
26759,24738,1220
26760,27846,3510
26761,23896,550
26762,23896,550
26763,24433,980
26764,26677,2680
26765,24282,860
26766,23983,620
26767,24269,850
26768,26526,2570
26769,24661,1160
26770,24636,1140
26771,23226,0
26772,23896,550
26773,24636,1140
26774,29217,4440
26775,24471,1010
26776,23516,240
26777,25676,1940
26778,25008,1430
26779,24815,1280
26780,23871,530
26781,25098,1500
26782,24219,810
26783,24320,890
26784,28693,4090
26785,23565,280
26786,26526,2570
26787,24082,700
26788,24687,1180
26789,23995,630
26790,26622,2640
26791,23480,210
26792,26567,2600
26793,25702,1960
26794,26023,2200
26795,25189,1570
26796,25969,2160
26797,26171,2310
26798,27976,3600
26799,24194,790
26800,29827,4840
26801,24094,710
26802,25242,1610
26803,26131,2280
26804,24320,890
26805,27588,3330
26806,26691,2690
26807,23322,80
26808,25047,1460
26809,23847,510
26810,24207,800
26811,24866,1320
26812,24905,1350
26813,25662,1930
26814,23675,370
26815,25609,1890
26816,25412,1740
26817,26760,2740
26818,24144,750
26819,25689,1950
26820,23614,320
26821,25662,1930
26822,24182,780
26823,23687,380
26824,25098,1500
26825,27136,3010
26826,24496,1030
26827,23797,470
26828,24776,1250
26829,23847,510
26830,24943,1380
26831,23286,50
26832,23884,540
26833,24483,1020
26834,23896,550
26835,24892,1340
26836,24700,1190
26837,24700,1190
26838,23859,520
26839,27503,3270
26840,24207,800
26841,23528,250
26842,25320,1670
26843,24282,860
26844,23785,460
26845,23614,320
26846,23614,320
26847,38583,9820
26848,23601,310
26849,25111,1510
26850,25729,1980
26851,24244,830
26852,26293,2400
26853,23736,420
26854,24521,1050
26855,25333,1680
26856,24169,770
26857,25176,1560
26858,25060,1470
26859,23884,540
26860,23419,160
26861,24007,640
26862,24995,1420
26863,23371,120
26864,25189,1570
26865,24307,880
26866,27220,3070
26867,25835,2060
26868,24294,870
26869,28252,3790
26870,24119,730
26871,24107,720
26872,25346,1690
26873,28531,3980
26874,24007,640
26875,24738,1220
26876,23711,400
26877,23626,330
26878,23650,350
26879,25769,2010
26880,24521,1050
26881,24866,1320
26882,24649,1150
26883,23736,420
26884,24789,1260
26885,24446,990
26886,25676,1940
26887,24521,1050
26888,24458,1000
26889,29843,4850
26890,23589,300
26891,26622,2640
26892,24815,1280
26893,28384,3880
26894,25543,1840
26895,24020,650
26896,24157,760
26897,24687,1180
26898,23262,30
26899,24269,850
26900,23650,350
26901,25034,1450
26902,24560,1080
26903,33924,7330
26904,25795,2030
26905,25294,1650
26906,26843,2800
26907,23871,530
26908,25557,1850
26909,25215,1590
26910,24866,1320
26911,24107,720
26912,24069,690
26913,24119,730
26914,24332,900
26915,24420,970
26916,25215,1590
26917,24119,730
26918,25530,1830
26919,25034,1450
26920,26954,2880
26921,25137,1530
26922,25060,1470
26923,24307,880
26924,25085,1490
26925,24194,790
26926,23468,200
26927,24905,1350
26928,23419,160
26929,25189,1570
26930,24294,870
26931,24082,700
26932,23921,570
26933,24930,1370
26934,24307,880
26935,24207,800
26936,25346,1690
26937,23626,330
26938,25372,1710
26939,24853,1310
26940,23699,390
26941,25464,1780
26942,24585,1100
26943,30309,5150
26944,24182,780
26945,25346,1690
26946,25742,1990
26947,23896,550
26948,23468,200
26949,28296,3820
26950,23492,220
26951,23822,490
26952,25255,1620
26953,24307,880
26954,25215,1590
26955,23492,220
26956,25596,1880
26957,24496,1030
26958,25372,1710
26959,24157,760
26960,25098,1500
26961,24194,790
26962,25596,1880
26963,26622,2640
26964,26829,2790
26965,23419,160
26966,23455,190
26967,23896,550
26968,26484,2540
26969,23760,440
26970,24598,1110
26971,24458,1000
26972,24572,1090
26973,24496,1030
26974,26567,2600
26975,24408,960
26976,24332,900
26977,24094,710
26978,23945,590
26979,23834,500
26980,23650,350
26981,23859,520
26982,25983,2170
26983,24082,700
26984,26801,2770
26985,24712,1200
26986,23884,540
26987,25281,1640
26988,25242,1610
26989,23797,470
26990,23810,480
26991,27122,3000
26992,25255,1620
26993,28252,3790
26994,26199,2330
26995,25996,2180
26996,23736,420
26997,28531,3980
26998,24132,740
26999,24244,830
27000,25034,1450
27001,25333,1680
27002,23528,250
27003,24802,1270
27004,24547,1070
27005,25346,1690
27006,24282,860
27007,24712,1200
27008,25124,1520
27009,24395,950
27010,23468,200
27011,25729,1980
27012,24956,1390
27013,26199,2330
27014,25111,1510
27015,25073,1480
27016,23638,340
27017,24232,820
27018,23431,170
27019,24420,970
27020,23687,380
27021,23383,130
27022,26594,2620
27023,24107,720
27024,25268,1630
27025,23933,580
27026,23834,500
27027,24471,1010
27028,25929,2130
27029,23662,360
27030,25008,1430
27031,24687,1180
27032,24725,1210
27033,26635,2650
27034,23468,200
27035,26512,2560
27036,23480,210
27037,23650,350
27038,24357,920
27039,24132,740
27040,23492,220
27041,24866,1320
27042,25242,1610
27043,25969,2160
27044,25889,2100
27045,24345,910
27046,23675,370
27047,23577,290
27048,23371,120
27049,27645,3370
27050,24094,710
27051,23516,240
27052,26199,2330
27053,27094,2980
27054,26050,2220
27055,24483,1020
27056,24521,1050
27057,25163,1550
27058,24458,1000
27059,24032,660
27060,26815,2780
27061,23626,330
27062,23626,330
27063,24207,800
27064,23970,610
27065,25294,1650
27066,24169,770
27067,23699,390
27068,24370,930
27069,25543,1840
27070,24700,1190
27071,24007,640
27072,23871,530
27073,24982,1410
27074,25929,2130
27075,25530,1830
27076,25795,2030
27077,27531,3290
27078,24395,950
27079,24370,930
27080,23540,260
27081,25769,2010
27082,24725,1210
27083,24045,670
27084,26801,2770
27085,27347,3160
27086,23884,540
27087,26226,2350
27088,25702,1960
27089,25676,1940
27090,24007,640
27091,23933,580
27092,23945,590
27093,23699,390
27094,24930,1370
27095,24194,790
27096,24458,1000
27097,24057,680
27098,24144,750
27099,23662,360
27100,23724,410
27101,24032,660
27102,24969,1400
27103,26801,2770
27104,24879,1330
27105,25215,1590
27106,24069,690
27107,23687,380
27108,26594,2620
27109,24107,720
27110,24420,970
27111,24828,1290
27112,25769,2010
27113,25399,1730
27114,24257,840
27115,26348,2440
27116,24943,1380
27117,24623,1130
27118,24082,700
27119,23760,440
27120,25530,1830
27121,25111,1510
27122,24534,1060
27123,26884,2830
27124,25451,1770
27125,23724,410
27126,24649,1150
27127,27588,3330
27128,25822,2050
27129,24169,770
27130,27234,3080
27131,24751,1230
27132,25333,1680
27133,25902,2110
27134,24007,640
27135,24357,920
27136,25150,1540
27137,24815,1280
27138,24332,900
27139,23407,150
27140,26567,2600
27141,23528,250
27142,25189,1570
27143,25346,1690
27144,24320,890
27145,26131,2280
27146,25996,2180
27147,23359,110
27148,24107,720
27149,25294,1650
27150,23834,500
27151,27803,3480
27152,24182,780
27153,24866,1320
27154,27276,3110
27155,26580,2610
27156,24982,1410
27157,23675,370
27158,25425,1750
27159,24751,1230
27160,23970,610
27161,24219,810
27162,24307,880
27163,23468,200
27164,23565,280
27165,23298,60
27166,23785,460
27167,23614,320
27168,26144,2290
27169,24057,680
27170,25281,1640
27171,27418,3210
27172,24307,880
27173,23711,400
27174,25268,1630
27175,25163,1550
27176,24408,960
27177,26732,2720
27178,24307,880
27179,23662,360
27180,23383,130
27181,25229,1600
27182,24395,950
27183,24905,1350
27184,25346,1690
27185,29582,4680
27186,24712,1200
27187,26023,2200
27188,23626,330
27189,24032,660
27190,26023,2200
27191,25570,1860
27192,25716,1970
27193,23589,300
27194,26884,2830
27195,24521,1050
27196,24144,750
27197,24815,1280
27198,24636,1140
27199,25702,1960
27200,24879,1330
27201,23226,0
27202,25689,1950
27203,24815,1280
27204,24496,1030
27205,24471,1010
27206,28664,4070
27207,27164,3030
27208,27347,3160
27209,23908,560
27210,28797,4160
27211,23480,210
27212,25755,2000
27213,25008,1430
27214,24471,1010
27215,24661,1160
27216,23468,200
27217,24020,650
27218,24776,1250
27219,25795,2030
27220,24182,780
27221,24751,1230
27222,30498,5270
27223,24969,1400
27224,25047,1460
27225,26718,2710
27226,26898,2840
27227,23958,600
27228,24918,1360
27229,25862,2080
27230,23443,180
27231,25902,2110
27232,24763,1240
27233,24082,700
27234,25281,1640
27235,24892,1340
27236,24320,890
27237,25229,1600
27238,24282,860
27239,24020,650
27240,28991,4290
27241,23958,600
27242,23797,470
27243,32956,6770
27244,24585,1100
27245,24712,1200
27246,25943,2140
27247,24057,680
27248,24207,800
27249,23528,250
27250,23884,540
27251,23773,450
27252,26416,2490
27253,24982,1410
27254,23970,610
27255,23492,220
27256,24057,680
27257,24776,1250
27258,24585,1100
27259,24107,720
27260,25385,1720
27261,24483,1020
27262,26212,2340
27263,25047,1460
27264,24905,1350
27265,24956,1390
27266,24232,820
27267,24483,1020
27268,23298,60
27269,28575,4010
27270,26968,2890
27271,27122,3000
27272,25451,1770
27273,26050,2220
27274,25229,1600
27275,25504,1810
27276,24269,850
27277,23995,630
27278,23785,460
27279,26996,2910
27280,24892,1340
27281,24687,1180
27282,24020,650
27283,24751,1230
27284,23810,480
27285,24320,890
27286,25294,1650
27287,24332,900
27288,25676,1940
27289,28664,4070
27290,24674,1170
27291,23468,200
27292,26334,2430
27293,24382,940
27294,23601,310
27295,24866,1320
27296,26158,2300
27297,24332,900
27298,26158,2300
27299,23675,370
27300,27304,3130
27301,24182,780
27302,26050,2220
27303,24282,860
27304,26498,2550
27305,26843,2800
27306,24069,690
27307,26280,2390
27308,24282,860
27309,27645,3370
27310,28678,4080
27311,25491,1800
27312,25242,1610
27313,23322,80
27314,24269,850
27315,26037,2210
27316,24572,1090
27317,23896,550
27318,23589,300
27319,24269,850
27320,25557,1850
27321,25320,1670
27322,26131,2280
27323,23298,60
27324,25008,1430
27325,23419,160
27326,25098,1500
27327,23760,440
27328,26996,2910
27329,24069,690
27330,25451,1770
27331,28545,3990
27332,24020,650
27333,26498,2550
27334,23359,110
27335,23407,150
27336,23724,410
27337,24207,800
27338,23884,540
27339,25729,1980
27340,24483,1020
27341,24332,900
27342,25372,1710
27343,24132,740
27344,24471,1010
27345,23773,450
27346,24623,1130
27347,24458,1000
27348,25047,1460
27349,25943,2140
27350,23250,20
27351,25294,1650
27352,27702,3410
27353,24763,1240
27354,26334,2430
27355,26104,2260
27356,23859,520
27357,24751,1230
27358,24232,820
27359,24572,1090
27360,24687,1180
27361,23933,580
27362,24282,860
27363,26171,2310
27364,27745,3440
27365,24521,1050
27366,24269,850
27367,27010,2920
27368,24738,1220
27369,23540,260
27370,24057,680
27371,23871,530
27372,25073,1480
27373,23699,390
27374,24408,960
27375,23504,230
27376,24244,830
27377,24687,1180
27378,29081,4350
27379,25372,1710
27380,27932,3570
27381,25124,1520
27382,24483,1020
27383,24712,1200
27384,24547,1070
27385,24345,910
27386,23760,440
27387,24725,1210
27388,24687,1180
27389,23884,540
27390,24257,840
27391,24169,770
27392,25755,2000
27393,23736,420
27394,23443,180
27395,24157,760
27396,23945,590
27397,24332,900
27398,24207,800
27399,25242,1610
27400,25477,1790
27401,24828,1290
27402,24560,1080
27403,24661,1160
27404,23785,460
27405,26090,2250
27406,25929,2130
27407,25596,1880
27408,25543,1840
27409,25557,1850
27410,23431,170
27411,29612,4700
27412,24408,960
27413,24232,820
27414,24382,940
27415,25150,1540
27416,23504,230
27417,23626,330
27418,24509,1040
27419,25835,2060
27420,24269,850
27421,24483,1020
27422,24892,1340
27423,25255,1620
27424,24649,1150
27425,24119,730
27426,23834,500
27427,23335,90
27428,24269,850
27429,23322,80
27430,34383,7590
27431,23468,200
27432,25034,1450
27433,28194,3750
27434,24020,650
27435,29006,4300
27436,23687,380
27437,24370,930
27438,24700,1190
27439,23995,630
27440,23810,480
27441,24257,840
27442,24045,670
27443,25255,1620
27444,24345,910
27445,26704,2700
27446,24649,1150
27447,23810,480
27448,25755,2000
27449,26050,2220
27450,27108,2990
27451,27136,3010
27452,26732,2720
27453,25902,2110
27454,26131,2280
27455,24294,870
27456,25822,2050
27457,26443,2510
27458,23908,560
27459,24598,1110
27460,26498,2550
27461,27731,3430
27462,23797,470
27463,24866,1320
27464,24107,720
27465,25359,1700
27466,25202,1580
27467,25755,2000
27468,26402,2480
27469,24815,1280
27470,23480,210
27471,24395,950
27472,23958,600
27473,23577,290
27474,24257,840
27475,23810,480
27476,24700,1190
27477,25782,2020
27478,23589,300
27479,24521,1050
27480,23711,400
27481,25372,1710
27482,26801,2770
27483,25477,1790
27484,24395,950
27485,24712,1200
27486,25438,1760
27487,25517,1820
27488,23797,470
27489,25609,1890
27490,30592,5330
27491,23995,630
27492,24521,1050
27493,24853,1310
27494,25281,1640
27495,23760,440
27496,25215,1590
27497,24357,920
27498,23650,350
27499,24802,1270
27500,24649,1150
27501,23565,280
27502,23577,290
27503,25034,1450
27504,23724,410
27505,23834,500
27506,25822,2050
27507,23773,450
27508,26677,2680
27509,24471,1010
27510,27150,3020
27511,25412,1740
27512,23921,570
27513,25281,1640
27514,25242,1610
27515,27489,3260
27516,23675,370
27517,25359,1700
27518,26732,2720
27519,29368,4540
27520,24182,780
27521,25543,1840
27522,23847,510
27523,23945,590
27524,24269,850
27525,27702,3410
27526,25425,1750
27527,27889,3540
27528,24828,1290
27529,24458,1000
27530,23687,380
27531,24119,730
27532,23871,530
27533,24585,1100
27534,24357,920
27535,29689,4750
27536,24194,790
27537,23933,580
27538,25716,1970
27539,24244,830
27540,23921,570
27541,25163,1550
27542,23995,630
27543,24370,930
27544,25359,1700
27545,23884,540
27546,24598,1110
27547,24269,850
27548,24157,760
27549,25504,1810
27550,23614,320
27551,23711,400
27552,23736,420
27553,25073,1480
27554,26635,2650
27555,23455,190
27556,23310,70
27557,26348,2440
27558,25268,1630
27559,26512,2560
27560,23626,330
27561,26117,2270
27562,24032,660
27563,26307,2410
27564,26996,2910
27565,27846,3510
27566,25320,1670
27567,24712,1200
27568,24269,850
27569,24332,900
27570,25583,1870
27571,25111,1510
27572,25150,1540
27573,25570,1860
27574,23711,400
27575,25073,1480
27576,24408,960
27577,24840,1300
27578,24700,1190
27579,24674,1170
27580,23480,210
27581,26185,2320
27582,24840,1300
27583,23675,370
27584,24332,900
27585,23455,190
27586,24866,1320
27587,24969,1400
27588,23760,440
27589,24853,1310
27590,23921,570
27591,24433,980
27592,25795,2030
27593,24395,950
27594,23711,400
27595,25795,2030
27596,24282,860
27597,24020,650
27598,23859,520
27599,24828,1290
27600,24521,1050
27601,23958,600
27602,25491,1800
27603,24483,1020
27604,24738,1220
27605,23711,400
27606,25150,1540
27607,23419,160
27608,26185,2320
27609,28428,3910
27610,24169,770
27611,23589,300
27612,24182,780
27613,23958,600
27614,24572,1090
27615,24636,1140
27616,27517,3280
27617,24712,1200
27618,23834,500
27619,24712,1200
27620,24007,640
27621,24674,1170
27622,23504,230
27623,24045,670
27624,25189,1570
27625,23859,520
27626,25255,1620
27627,23262,30
27628,27108,2990
27629,23748,430
27630,23970,610
27631,24969,1400
27632,23504,230
27633,24969,1400
27634,24382,940
27635,25929,2130
27636,27248,3090
27637,28063,3660
27638,24687,1180
27639,24282,860
27640,25570,1860
27641,24661,1160
27642,26266,2380
27643,23492,220
27644,25929,2130
27645,27024,2930
27646,25098,1500
27647,24395,950
27648,24700,1190
27649,25359,1700
27650,24661,1160
27651,25742,1990
27652,28223,3770
27653,25255,1620
27654,23884,540
27655,23970,610
27656,23773,450
27657,25835,2060
27658,24956,1390
27659,27206,3060
27660,26144,2290
27661,25504,1810
27662,26090,2250
27663,24345,910
27664,24496,1030
27665,26226,2350
27666,26870,2820
27667,24294,870
27668,25008,1430
27669,23383,130
27670,24649,1150
27671,23995,630
27672,24776,1250
27673,23958,600
27674,25916,2120
27675,25163,1550
27676,24483,1020
27677,25464,1780
27678,24232,820
27679,24420,970
27680,25085,1490
27681,24661,1160
27682,29612,4700
27683,27403,3200
27684,26212,2340
27685,24547,1070
27686,25517,1820
27687,24132,740
27688,23908,560
27689,26293,2400
27690,26649,2660
27691,23662,360
27692,26037,2210
27693,23699,390
27694,24547,1070
27695,25902,2110
27696,25583,1870
27697,25491,1800
27698,23884,540
27699,24610,1120
27700,24712,1200
27701,23383,130
27702,23504,230
27703,23736,420
27704,24382,940
27705,23262,30
27706,28296,3820
27707,28077,3670
27708,25649,1920
27709,24132,740
27710,24828,1290
27711,25229,1600
27712,24144,750
27713,26704,2700
27714,27631,3360
27715,26131,2280
27716,24995,1420
27717,28106,3690
27718,23736,420
27719,23480,210
27720,25047,1460
27721,24345,910
27722,23238,10
27723,24232,820
27724,23577,290
27725,24496,1030
27726,24032,660
27727,25202,1580
27728,24382,940
27729,24828,1290
27730,28457,3930
27731,26968,2890
27732,24969,1400
27733,24956,1390
27734,23455,190
27735,23650,350
27736,25969,2160
27737,26063,2230
27738,28738,4120
27739,23711,400
27740,25034,1450
27741,24132,740
27742,24169,770
27743,24610,1120
27744,23834,500
27745,25385,1720
27746,23298,60
27747,24943,1380
27748,30910,5530
27749,28678,4080
27750,27560,3310
27751,24446,990
27752,25150,1540
27753,25320,1670
27754,23859,520
27755,23847,510
27756,25583,1870
27757,24032,660
27758,26199,2330
27759,23760,440
27760,25889,2100
27761,24345,910
27762,24930,1370
27763,23359,110
27764,23773,450
27765,23921,570
27766,25085,1490
27767,23626,330
27768,24661,1160
27769,24802,1270
27770,24930,1370
27771,26746,2730
27772,25636,1910
27773,25782,2020
27774,26023,2200
27775,24244,830
27776,24995,1420
27777,24956,1390
27778,24119,730
27779,24194,790
27780,24307,880
27781,24995,1420
27782,23884,540
27783,23480,210
27784,24789,1260
27785,26857,2810
27786,24069,690
27787,23638,340
27788,23226,0
27789,23601,310
27790,24257,840
27791,23884,540
27792,24956,1390
27793,24269,850
27794,23773,450
27795,25346,1690
27796,24107,720
27797,24930,1370
27798,27094,2980
27799,24345,910
27800,25570,1860
27801,25047,1460
27802,24119,730
27803,25438,1760
27804,26226,2350
27805,24943,1380
27806,25809,2040
27807,24892,1340
27808,26389,2470
27809,26348,2440
27810,23431,170
27811,23785,460
27812,24032,660
27813,24483,1020
27814,23540,260
27815,23983,620
27816,29278,4480
27817,23995,630
27818,24132,740
27819,24232,820
27820,24687,1180
27821,27774,3460
27822,23908,560
27823,25530,1830
27824,23958,600
27825,25862,2080
27826,23810,480
27827,25755,2000
27828,25929,2130
27829,25862,2080
27830,23298,60
27831,25021,1440
27832,25425,1750
27833,24918,1360
27834,23871,530
27835,26158,2300
27836,23958,600
27837,26226,2350
27838,24207,800
27839,27108,2990
27840,23736,420
27841,23958,600
27842,25111,1510
27843,24892,1340
27844,24496,1030
27845,23773,450
27846,27432,3220
27847,24307,880
27848,25623,1900
27849,25150,1540
27850,26321,2420
27851,24623,1130
27852,25137,1530
27853,23748,430
27854,24560,1080
27855,25425,1750
27856,24307,880
27857,24763,1240
27858,25849,2070
27859,23958,600
27860,23921,570
27861,23995,630
27862,25662,1930
27863,23995,630
27864,23834,500
27865,23614,320
27866,24892,1340
27867,26077,2240
27868,24995,1420
27869,24712,1200
27870,23884,540
27871,24007,640
27872,24930,1370
27873,24905,1350
27874,28092,3680
27875,25530,1830
27876,24408,960
27877,24294,870
27878,23480,210
27879,23871,530
27880,25307,1660
27881,23896,550
27882,24219,810
27883,23274,40
27884,27817,3490
27885,23785,460
27886,23970,610
27887,24458,1000
27888,24471,1010
27889,27932,3570
27890,23773,450
27891,23504,230
27892,24840,1300
27893,26622,2640
27894,23773,450
27895,25862,2080
27896,23933,580
27897,25412,1740
27898,25596,1880
27899,26954,2880
27900,27832,3500
27901,27474,3250
27902,24382,940
27903,24082,700
27904,24458,1000
27905,23810,480
27906,23687,380
27907,23810,480
27908,28150,3720
27909,24738,1220
27910,26815,2780
27911,24547,1070
27912,23995,630
27913,23834,500
27914,23724,410
27915,25822,2050
27916,25111,1510
27917,24157,760
27918,24598,1110
27919,23347,100
27920,24534,1060
27921,25782,2020
27922,23504,230
27923,26090,2250
27924,23226,0
27925,25124,1520
27926,24802,1270
27927,23347,100
27928,24853,1310
27929,26996,2910
27930,24294,870
27931,23565,280
27932,29142,4390
27933,25255,1620
27934,25346,1690
27935,24069,690
27936,24572,1090
27937,23908,560
27938,23847,510
27939,24905,1350
27940,24269,850
27941,25359,1700
27942,23250,20
27943,29368,4540
27944,24751,1230
27945,24649,1150
27946,27389,3190
27947,23983,620
27948,25359,1700
27949,23443,180
27950,24094,710
27951,27560,3310
27952,25425,1750
27953,23970,610
27954,23614,320
27955,25862,2080
27956,24057,680
27957,27178,3040
27958,25137,1530
27959,24269,850
27960,25215,1590
27961,23896,550
27962,24969,1400
27963,26023,2200
27964,26375,2460
27965,27745,3440
27966,26050,2220
27967,24879,1330
27968,24082,700
27969,28194,3750
27970,26144,2290
27971,24712,1200
27972,24332,900
27973,23847,510
27974,25969,2160
27975,24700,1190
27976,25464,1780
27977,24840,1300
27978,24789,1260
27979,24700,1190
27980,23335,90
27981,25111,1510
27982,27760,3450
27983,25346,1690
27984,23601,310
27985,23516,240
27986,24408,960
27987,26239,2360
27988,23638,340
27989,25504,1810
27990,25098,1500
27991,29172,4410
27992,26594,2620
27993,26443,2510
27994,24815,1280
27995,24320,890
27996,25716,1970
27997,25517,1820
27998,26266,2380
27999,25098,1500
28000,26498,2550
28001,25137,1530
28002,27234,3080
28003,26457,2520
28004,25623,1900
28005,27932,3570
28006,24534,1060
28007,24623,1130
28008,25073,1480
28009,28106,3690
28010,24853,1310
28011,24357,920
28012,23822,490
28013,25782,2020
28014,23724,410
28015,26857,2810
28016,24119,730
28017,23810,480
28018,25060,1470
28019,25255,1620
28020,24307,880
28021,24020,650
28022,25073,1480
28023,26212,2340
28024,23492,220
28025,24751,1230
28026,25085,1490
28027,25636,1910
28028,24956,1390
28029,25085,1490
28030,26760,2740
28031,23395,140
28032,23933,580
28033,29262,4470
28034,28281,3810
28035,27290,3120
28036,24496,1030
28037,28887,4220
28038,24610,1120
28039,24892,1340
28040,24738,1220
28041,29399,4560
28042,23371,120
28043,25333,1680
28044,27788,3470
28045,23847,510
28046,23908,560
28047,27889,3540
28048,24458,1000
28049,24649,1150
28050,23908,560
28051,24763,1240
28052,24610,1120
28053,23810,480
28054,23601,310
28055,24082,700
28056,23395,140
28057,25889,2100
28058,25596,1880
28059,24082,700
28060,23626,330
28061,25255,1620
28062,28208,3760
28063,27066,2960
28064,24738,1220
28065,27234,3080
28066,26746,2730
28067,24082,700
28068,27560,3310
28069,23601,310
28070,25202,1580
28071,28782,4150
28072,25438,1760
28073,23553,270
28074,24382,940
28075,23553,270
28076,24007,640
28077,24636,1140
28078,24107,720
28079,23896,550
28080,26553,2590
28081,24232,820
28082,24534,1060
28083,23983,620
28084,23847,510
28085,23945,590
28086,24866,1320
28087,23859,520
28088,25359,1700
28089,26622,2640
28090,24585,1100
28091,28048,3650
28092,25268,1630
28093,24840,1300
28094,27290,3120
28095,26663,2670
28096,24547,1070
28097,23638,340
28098,25702,1960
28099,25517,1820
28100,24032,660
28101,24521,1050
28102,23871,530
28103,25956,2150
28104,24892,1340
28105,24320,890
28106,24776,1250
28107,25176,1560
28108,24840,1300
28109,25929,2130
28110,26037,2210
28111,23347,100
28112,25268,1630
28113,24382,940
28114,24182,780
28115,23983,620
28116,23834,500
28117,25689,1950
28118,24776,1250
28119,27333,3150
28120,24674,1170
28121,23443,180
28122,23748,430
28123,27760,3450
28124,24433,980
28125,23785,460
28126,24082,700
28127,28252,3790
28128,24232,820
28129,29582,4680
28130,25636,1910
28131,23773,450
28132,25543,1840
28133,24905,1350
28134,25636,1910
28135,24382,940
28136,25320,1670
28137,24712,1200
28138,25782,2020
28139,24969,1400
28140,25649,1920
28141,23785,460
28142,24144,750
28143,25202,1580
28144,24572,1090
28145,23945,590
28146,23970,610
28147,23810,480
28148,23970,610
28149,23601,310
28150,25649,1920
28151,24840,1300
28152,25073,1480
28153,24020,650
28154,25596,1880
28155,25085,1490
28156,24572,1090
28157,23626,330
28158,23431,170
28159,25124,1520
28160,24132,740
28161,23443,180
28162,26348,2440
28163,24471,1010
28164,24032,660
28165,26898,2840
28166,24534,1060
28167,24219,810
28168,24995,1420
28169,24433,980
28170,26926,2860
28171,24623,1130
28172,26443,2510
28173,29982,4940
28174,25795,2030
28175,24045,670
28176,25189,1570
28177,25412,1740
28178,25098,1500
28179,24219,810
28180,24534,1060
28181,24687,1180
28182,23908,560
28183,23983,620
28184,28077,3670
28185,24853,1310
28186,26334,2430
28187,23921,570
28188,23335,90
28189,27276,3110
28190,26280,2390
28191,27717,3420
28192,23736,420
28193,24674,1170
28194,24132,740
28195,26829,2790
28196,24157,760
28197,23431,170
28198,24483,1020
28199,24408,960
28200,23443,180
28201,25889,2100
28202,23359,110
28203,23871,530
28204,23810,480
28205,25359,1700
28206,31231,5730
28207,24802,1270
28208,23933,580
28209,24082,700
28210,26746,2730
28211,25782,2020
28212,27418,3210
28213,25517,1820
28214,24257,840
28215,23286,50
28216,23687,380
28217,24082,700
28218,23760,440
28219,24370,930
28220,26104,2260
28221,24020,650
28222,26023,2200
28223,23601,310
28224,26280,2390
28225,23933,580
28226,28063,3660
28227,24307,880
28228,26226,2350
28229,24057,680
28230,24995,1420
28231,24610,1120
28232,25242,1610
28233,23933,580
28234,24395,950
28235,24345,910
28236,24420,970
28237,25596,1880
28238,25281,1640
28239,25716,1970
28240,27052,2950
28241,24282,860
28242,25008,1430
28243,25359,1700
28244,24282,860
28245,24144,750
28246,23528,250
28247,23650,350
28248,23250,20
28249,23983,620
28250,24725,1210
28251,23589,300
28252,25021,1440
28253,25385,1720
28254,25008,1430
28255,25008,1430
28256,24598,1110
28257,25268,1630
28258,25294,1650
28259,24458,1000
28260,23724,410
28261,23711,400
28262,24144,750
28263,26334,2430
28264,24446,990
28265,24956,1390
28266,29157,4400
28267,27094,2980
28268,25623,1900
28269,24828,1290
28270,24045,670
28271,25385,1720
28272,24572,1090
28273,24585,1100
28274,24207,800
28275,25137,1530
28276,23760,440
28277,24020,650
28278,24020,650
28279,25425,1750
28280,26677,2680
28281,23983,620
28282,24458,1000
28283,27645,3370
28284,24776,1250
28285,25333,1680
28286,23958,600
28287,26266,2380
28288,23773,450
28289,23785,460
28290,24840,1300
28291,23262,30
28292,24918,1360
28293,23859,520
28294,25809,2040
28295,24969,1400
28296,24840,1300
28297,27588,3330
28298,25649,1920
28299,27108,2990
28300,23516,240
28301,24269,850
28302,27503,3270
28303,25111,1510
28304,23748,430
28305,24789,1260
28306,25517,1820
28307,32702,6620
28308,24610,1120
28309,28369,3870
28310,24420,970
28311,25676,1940
28312,25425,1750
28313,23921,570
28314,23995,630
28315,27660,3380
28316,24483,1020
28317,24370,930
28318,23431,170
28319,23958,600
28320,24408,960
28321,27860,3520
28322,25242,1610
28323,25477,1790
28324,26746,2730
28325,25517,1820
28326,24132,740
28327,24585,1100
28328,25729,1980
28329,23322,80
28330,23933,580
28331,24032,660
28332,24483,1020
28333,28384,3880
28334,26898,2840
28335,23540,260
28336,23443,180
28337,26498,2550
28338,24257,840
28339,26144,2290
28340,26362,2450
28341,23662,360
28342,23589,300
28343,23675,370
28344,26077,2240
28345,27560,3310
28346,24007,640
28347,24219,810
28348,25255,1620
28349,24382,940
28350,24521,1050
28351,25809,2040
28352,24943,1380
28353,25073,1480
28354,25809,2040
28355,23589,300
28356,25150,1540
28357,23908,560
28358,27066,2960
28359,24892,1340
28360,25372,1710
28361,24712,1200
28362,26982,2900
28363,23748,430
28364,24802,1270
28365,26430,2500
28366,25504,1810
28367,23958,600
28368,23226,0
28369,24572,1090
28370,24483,1020
28371,23480,210
28372,24815,1280
28373,23383,130
28374,25623,1900
28375,23785,460
28376,24458,1000
28377,25124,1520
28378,23724,410
28379,24395,950
28380,23540,260
28381,23834,500
28382,24623,1130
28383,24458,1000
28384,27234,3080
28385,24257,840
28386,23492,220
28387,23995,630
28388,26484,2540
28389,23748,430
28390,26884,2830
28391,24560,1080
28392,23675,370
28393,23371,120
28394,23724,410
28395,23995,630
28396,26982,2900
28397,26117,2270
28398,25346,1690
28399,26158,2300
28400,24269,850
28401,25176,1560
28402,25570,1860
28403,27674,3390
28404,24007,640
28405,26334,2430
28406,23540,260
28407,24687,1180
28408,24840,1300
28409,25124,1520
28410,24943,1380
28411,26732,2720
28412,23431,170
28413,24182,780
28414,23760,440
28415,23589,300
28416,23859,520
28417,26829,2790
28418,24157,760
28419,27150,3020
28420,25662,1930
28421,25969,2160
28422,25676,1940
28423,26746,2730
28424,24969,1400
28425,24269,850
28426,25983,2170
28427,25570,1860
28428,23626,330
28429,23871,530
28430,24471,1010
28431,23528,250
28432,23443,180
28433,25098,1500
28434,24069,690
28435,25215,1590
28436,24332,900
28437,25876,2090
28438,24119,730
28439,26704,2700
28440,26144,2290
28441,25438,1760
28442,24687,1180
28443,24649,1150
28444,23675,370
28445,23834,500
28446,28560,4000
28447,24132,740
28448,23274,40
28449,25294,1650
28450,23773,450
28451,24194,790
28452,25242,1610
28453,25137,1530
28454,24547,1070
28455,24219,810
28456,23687,380
28457,25320,1670
28458,24892,1340
28459,24094,710
28460,23958,600
28461,24157,760
28462,26050,2220
28463,25782,2020
28464,24458,1000
28465,26104,2260
28466,26608,2630
28467,24687,1180
28468,24370,930
28469,25372,1710
28470,23884,540
28471,25294,1650
28472,25047,1460
28473,24918,1360
28474,26199,2330
28475,25047,1460
28476,24232,820
28477,25662,1930
28478,25176,1560
28479,29308,4500
28480,26077,2240
28481,23540,260
28482,24471,1010
28483,24700,1190
28484,24395,950
28485,23407,150
28486,24207,800
28487,25307,1660
28488,23589,300
28489,23335,90
28490,23983,620
28491,24458,1000
28492,23736,420
28493,24547,1070
28494,24320,890
28495,27389,3190
28496,25346,1690
28497,23504,230
28498,23335,90
28499,24032,660
28500,24982,1410
28501,25060,1470
28502,25956,2150
28503,23528,250
28504,24182,780
28505,25359,1700
28506,24969,1400
28507,24905,1350
28508,24094,710
28509,25111,1510
28510,23383,130
28511,25491,1800
28512,24269,850
28513,24144,750
28514,28976,4280
28515,24345,910
28516,25034,1450
28517,23760,440
28518,24661,1160
28519,26117,2270
28520,25477,1790
28521,24956,1390
28522,26171,2310
28523,25229,1600
28524,24547,1070
28525,23970,610
28526,24521,1050
28527,23335,90
28528,27178,3040
28529,26104,2260
28530,24332,900
28531,23847,510
28532,23711,400
28533,24420,970
28534,27560,3310
28535,24610,1120
28536,25755,2000
28537,23492,220
28538,27122,3000
28539,25662,1930
28540,23516,240
28541,23871,530
28542,24169,770
28543,24182,780
28544,24534,1060
28545,26321,2420
28546,24572,1090
28547,26484,2540
28548,24107,720
28549,25504,1810
28550,23785,460
28551,24345,910
28552,23847,510
28553,24282,860
28554,29997,4950
28555,24560,1080
28556,25399,1730
28557,23983,620
28558,23286,50
28559,24157,760
28560,25451,1770
28561,23540,260
28562,24144,750
28563,25137,1530
28564,23565,280
28565,23995,630
28566,23760,440
28567,25996,2180
28568,23748,430
28569,23785,460
28570,26857,2810
28571,23347,100
28572,24144,750
28573,23492,220
28574,23650,350
28575,24623,1130
28576,25916,2120
28577,23347,100
28578,24169,770
28579,24320,890
28580,24382,940
28581,24144,750
28582,24119,730
28583,24687,1180
28584,24534,1060
28585,25729,1980
28586,25943,2140
28587,24828,1290
28588,24057,680
28589,23614,320
28590,24345,910
28591,26457,2520
28592,24969,1400
28593,24446,990
28594,25849,2070
28595,25268,1630
28596,25438,1760
28597,24032,660
28598,26253,2370
28599,25876,2090
28600,23797,470
28601,26649,2660
28602,24610,1120
28603,24232,820
28604,24879,1330
28605,24700,1190
28606,23748,430
28607,30122,5030
28608,24471,1010
28609,23797,470
28610,24982,1410
28611,23468,200
28612,26912,2850
28613,24496,1030
28614,24207,800
28615,23553,270
28616,23711,400
28617,24649,1150
28618,23958,600
28619,25570,1860
28620,24776,1250
28621,24738,1220
28622,25769,2010
28623,23540,260
28624,24408,960
28625,24828,1290
28626,24969,1400
28627,23614,320
28628,25570,1860
28629,30122,5030
28630,24496,1030
28631,23565,280
28632,24057,680
28633,24045,670
28634,25150,1540
28635,23797,470
28636,25742,1990
28637,25491,1800
28638,25359,1700
28639,27206,3060
28640,24320,890
28641,24712,1200
28642,27122,3000
28643,25902,2110
28644,24636,1140
28645,24956,1390
28646,23933,580
28647,25849,2070
28648,24057,680
28649,25716,1970
28650,24572,1090
28651,24828,1290
28652,23724,410
28653,26773,2750
28654,24282,860
28655,23871,530
28656,24045,670
28657,24892,1340
28658,25876,2090
28659,24020,650
28660,23516,240
28661,24433,980
28662,23773,450
28663,26144,2290
28664,26982,2900
28665,24815,1280
28666,23859,520
28667,26498,2550
28668,25215,1590
28669,23335,90
28670,25755,2000
28671,24483,1020
28672,23516,240
28673,24700,1190
28674,23626,330
28675,23970,610
28676,25202,1580
28677,23589,300
28678,25916,2120
28679,24020,650
28680,24547,1070
28681,24995,1420
28682,26293,2400
28683,24930,1370
28684,27038,2940
28685,23455,190
28686,23528,250
28687,24725,1210
28688,23480,210
28689,24458,1000
28690,26677,2680
28691,24892,1340
28692,24483,1020
28693,24433,980
28694,24244,830
28695,24560,1080
28696,25729,1980
28697,29612,4700
28698,24332,900
28699,24776,1250
28700,23995,630
28701,24182,780
28702,23921,570
28703,24182,780
28704,24207,800
28705,24244,830
28706,23871,530
28707,26746,2730
28708,25464,1780
28709,24119,730
28710,25609,1890
28711,25294,1650
28712,23322,80
28713,24332,900
28714,26801,2770
28715,23785,460
28716,26280,2390
28717,25822,2050
28718,23983,620
28719,24930,1370
28720,24471,1010
28721,24282,860
28722,25996,2180
28723,23908,560
28724,23970,610
28725,25835,2060
28726,23250,20
28727,23834,500
28728,24471,1010
28729,23958,600
28730,23995,630
28731,23626,330
28732,23262,30
28733,27164,3030
28734,24509,1040
28735,26104,2260
28736,24032,660
28737,24649,1150
28738,23785,460
28739,25268,1630
28740,25124,1520
28741,24802,1270
28742,26402,2480
28743,25530,1830
28744,24776,1250
28745,23871,530
28746,26471,2530
28747,24020,650
28748,24282,860
28749,23565,280
28750,24194,790
28751,23480,210
28752,24982,1410
28753,24560,1080
28754,23480,210
28755,23908,560
28756,23468,200
28757,27122,3000
28758,24345,910
28759,24905,1350
28760,26090,2250
28761,25268,1630
28762,24943,1380
28763,24598,1110
28764,26199,2330
28765,26131,2280
28766,26334,2430
28767,27276,3110
28768,23736,420
28769,23626,330
28770,23407,150
28771,25782,2020
28772,23748,430
28773,26732,2720
28774,24776,1250
28775,23492,220
28776,24446,990
28777,25385,1720
28778,26608,2630
28779,24802,1270
28780,24458,1000
28781,25929,2130
28782,24244,830
28783,25477,1790
28784,25320,1670
28785,24219,810
28786,23933,580
28787,24496,1030
28788,26063,2230
28789,23810,480
28790,23884,540
28791,23773,450
28792,23468,200
28793,25021,1440
28794,24661,1160
28795,26090,2250
28796,23724,410
28797,26280,2390
28798,24802,1270
28799,25689,1950
28800,27660,3380
28801,24649,1150
28802,26090,2250
28803,28753,4130
28804,25307,1660
28805,23871,530
28806,24751,1230
28807,24866,1320
28808,23871,530
28809,26321,2420
28810,24119,730
28811,25281,1640
28812,26732,2720
28813,25969,2160
28814,27688,3400
28815,26117,2270
28816,24244,830
28817,24585,1100
28818,23262,30
28819,28063,3660
28820,27192,3050
28821,25570,1860
28822,31183,5700
28823,24725,1210
28824,26266,2380
28825,23995,630
28826,27361,3170
28827,25889,2100
28828,25268,1630
28829,25649,1920
28830,23455,190
28831,23736,420
28832,25956,2150
28833,24828,1290
28834,24257,840
28835,25111,1510
28836,24345,910
28837,23383,130
28838,24483,1020
28839,25425,1750
28840,25543,1840
28841,24802,1270
28842,25477,1790
28843,25320,1670
28844,23748,430
28845,24840,1300
28846,24649,1150
28847,24738,1220
28848,23699,390
28849,24194,790
28850,24269,850
28851,25124,1520
28852,24776,1250
28853,25689,1950
28854,29217,4440
28855,24828,1290
28856,24032,660
28857,26898,2840
28858,30435,5230
28859,24828,1290
28860,24534,1060
28861,25769,2010
28862,26077,2240
28863,25983,2170
28864,28034,3640
28865,23614,320
28866,25956,2150
28867,23262,30
28868,24332,900
28869,23431,170
28870,24320,890
28871,23577,290
28872,23480,210
28873,24866,1320
28874,31312,5780
28875,25385,1720
28876,24892,1340
28877,26663,2670
28878,25359,1700
28879,23577,290
28880,23480,210
28881,23553,270
28882,25242,1610
28883,23748,430
28884,23650,350
28885,25543,1840
28886,25111,1510
28887,24045,670
28888,24370,930
28889,24357,920
28890,24623,1130
28891,25399,1730
28892,23347,100
28893,24207,800
28894,23516,240
28895,23322,80
28896,24207,800
28897,24269,850
28898,25570,1860
28899,26199,2330
28900,26430,2500
28901,24007,640
28902,26430,2500
28903,27248,3090
28904,25570,1860
28905,24712,1200
28906,23970,610
28907,26050,2220
28908,26982,2900
28909,26131,2280
28910,25530,1830
28911,25202,1580
28912,24207,800
28913,24509,1040
28914,25372,1710
28915,23626,330
28916,25137,1530
28917,25034,1450
28918,24905,1350
28919,26117,2270
28920,25623,1900
28921,24905,1350
28922,24560,1080
28923,24332,900
28924,24144,750
28925,25137,1530
28926,24032,660
28927,24119,730
28928,23724,410
28929,23958,600
28930,24853,1310
28931,23896,550
28932,23773,450
28933,26266,2380
28934,29187,4420
28935,24144,750
28936,25320,1670
28937,23347,100
28938,23577,290
28939,23468,200
28940,25333,1680
28941,23286,50
28942,24661,1160
28943,26677,2680
28944,27178,3040
28945,23810,480
28946,27122,3000
28947,24182,780
28948,24007,640
28949,24700,1190
28950,23589,300
28951,23724,410
28952,23577,290
28953,23847,510
28954,24585,1100
28955,23983,620
28956,27164,3030
28957,23760,440
28958,24069,690
28959,27717,3420
28960,27503,3270
28961,24840,1300
28962,25202,1580
28963,27617,3350
28964,23921,570
28965,24446,990
28966,26212,2340
28967,23553,270
28968,23871,530
28969,23884,540
28970,25137,1530
28971,27164,3030
28972,24082,700
28973,25176,1560
28974,24132,740
28975,24815,1280
28976,24712,1200
28977,24776,1250
28978,23945,590
28979,24007,640
28980,24320,890
28981,24776,1250
28982,26321,2420
28983,24107,720
28984,24082,700
28985,23407,150
28986,25137,1530
28987,24094,710
28988,24020,650
28989,24458,1000
28990,24269,850
28991,23675,370
28992,24687,1180
28993,23896,550
28994,23553,270
28995,24207,800
28996,24395,950
28997,24294,870
28998,24712,1200
28999,26171,2310
29000,24815,1280
29001,24007,640
29002,24776,1250
29003,25438,1760
29004,26567,2600
29005,24623,1130
29006,26801,2770
29007,25583,1870
29008,25137,1530
29009,26829,2790
29010,24725,1210
29011,26594,2620
29012,24509,1040
29013,23983,620
29014,23884,540
29015,23896,550
29016,23395,140
29017,23908,560
29018,24738,1220
29019,24509,1040
29020,26063,2230
29021,24082,700
29022,23298,60
29023,26090,2250
29024,23711,400
29025,23711,400
29026,25202,1580
29027,24269,850
29028,23626,330
29029,23736,420
29030,25268,1630
29031,24496,1030
29032,26773,2750
29033,24144,750
29034,25996,2180
29035,23589,300
29036,25333,1680
29037,24776,1250
29038,24132,740
29039,24395,950
29040,24119,730
29041,25557,1850
29042,24282,860
29043,24930,1370
29044,24032,660
29045,24879,1330
29046,24712,1200
29047,23983,620
29048,23419,160
29049,24687,1180
29050,25202,1580
29051,23565,280
29052,25769,2010
29053,24943,1380
29054,24370,930
29055,24082,700
29056,23601,310
29057,24032,660
29058,23601,310
29059,26996,2910
29060,25809,2040
29061,25189,1570
29062,24169,770
29063,23468,200
29064,24828,1290
29065,29444,4590
29066,24370,930
29067,24244,830
29068,25729,1980
29069,24661,1160
29070,24446,990
29071,24458,1000
29072,23896,550
29073,24458,1000
29074,23528,250
29075,28325,3840
29076,24982,1410
29077,23540,260
29078,24094,710
29079,30325,5160
29080,24725,1210
29081,23395,140
29082,26307,2410
29083,25202,1580
29084,25111,1510
29085,23970,610
29086,23687,380
29087,24661,1160
29088,27164,3030
29089,24320,890
29090,25530,1830
29091,23748,430
29092,26239,2360
29093,24357,920
29094,25242,1610
29095,24370,930
29096,24458,1000
29097,24738,1220
29098,24032,660
29099,26801,2770
29100,24585,1100
29101,23736,420
29102,24751,1230
29103,24879,1330
29104,26050,2220
29105,24879,1330
29106,24905,1350
29107,24534,1060
29108,24636,1140
29109,24751,1230
29110,29157,4400
29111,27290,3120
29112,23970,610
29113,25137,1530
29114,24866,1320
29115,25782,2020
29116,23443,180
29117,26443,2510
29118,25294,1650
29119,25543,1840
29120,27206,3060
29121,23810,480
29122,26253,2370
29123,24725,1210
29124,23226,0
29125,26857,2810
29126,28063,3660
29127,25229,1600
29128,26567,2600
29129,25359,1700
29130,25570,1860
29131,24751,1230
29132,26063,2230
29133,24649,1150
29134,25623,1900
29135,28005,3620
29136,25996,2180
29137,23785,460
29138,25281,1640
29139,23983,620
29140,32449,6470
29141,27674,3390
29142,26898,2840
29143,25385,1720
29144,24930,1370
29145,25596,1880
29146,24674,1170
29147,24725,1210
29148,25822,2050
29149,29689,4750
29150,23724,410
29151,24082,700
29152,23528,250
29153,24943,1380
29154,24357,920
29155,27080,2970
29156,23675,370
29157,23834,500
29158,26037,2210
29159,24144,750
29160,23736,420
29161,23871,530
29162,24257,840
29163,24408,960
29164,25916,2120
29165,24969,1400
29166,26389,2470
29167,24357,920
29168,24157,760
29169,24560,1080
29170,29157,4400
29171,23638,340
29172,23995,630
29173,26691,2690
29174,25636,1910
29175,25242,1610
29176,24257,840
29177,24294,870
29178,23797,470
29179,23626,330
29180,25021,1440
29181,24382,940
29182,25281,1640
29183,26131,2280
29184,24433,980
29185,25268,1630
29186,24320,890
29187,27531,3290
29188,24828,1290
29189,26996,2910
29190,24789,1260
29191,23371,120
29192,28106,3690
29193,24094,710
29194,24294,870
29195,24649,1150
29196,25268,1630
29197,30388,5200
29198,24918,1360
29199,24610,1120
29200,24395,950
29201,26144,2290
29202,23773,450
29203,26787,2760
29204,23711,400
29205,24069,690
29206,23662,360
29207,23638,340
29208,26471,2530
29209,25034,1450
29210,23736,420
29211,23810,480
29212,24370,930
29213,24458,1000
29214,25689,1950
29215,24969,1400
29216,26457,2520
29217,23443,180
29218,26226,2350
29219,23945,590
29220,26104,2260
29221,25742,1990
29222,26553,2590
29223,25333,1680
29224,23983,620
29225,24207,800
29226,26773,2750
29227,24905,1350
29228,24661,1160
29229,24194,790
29230,23347,100
29231,24712,1200
29232,24751,1230
29233,23921,570
29234,23773,450
29235,24144,750
29236,23773,450
29237,23958,600
29238,23810,480
29239,23226,0
29240,28398,3890
29241,24132,740
29242,26010,2190
29243,23834,500
29244,23347,100
29245,23601,310
29246,23347,100
29247,25504,1810
29248,24840,1300
29249,24169,770
29250,23383,130
29251,23553,270
29252,23322,80
29253,24496,1030
29254,23847,510
29255,25543,1840
29256,24094,710
29257,24408,960
29258,24674,1170
29259,24496,1030
29260,24370,930
29261,24332,900
29262,24408,960
29263,26307,2410
29264,23748,430
29265,24982,1410
29266,29293,4490
29267,26732,2720
29268,23834,500
29269,23933,580
29270,24471,1010
29271,25636,1910
29272,23577,290
29273,23335,90
29274,24636,1140
29275,24395,950
29276,23884,540
29277,24496,1030
29278,26553,2590
29279,25047,1460
29280,24257,840
29281,23736,420
29282,24879,1330
29283,24157,760
29284,24483,1020
29285,28252,3790
29286,25676,1940
29287,23226,0
29288,28917,4240
29289,25255,1620
29290,26266,2380
29291,23516,240
29292,25085,1490
29293,24776,1250
29294,25769,2010
29295,25399,1730
29296,28121,3700
29297,23310,70
29298,24943,1380
29299,24433,980
29300,25557,1850
29301,24815,1280
29302,27262,3100
29303,24866,1320
29304,23724,410
29305,25769,2010
29306,27588,3330
29307,24357,920
29308,27262,3100
29309,24132,740
29310,23945,590
29311,23760,440
29312,24789,1260
29313,26375,2460
29314,25755,2000
29315,23871,530
29316,25862,2080
29317,25530,1830
29318,26829,2790
29319,27038,2940
29320,24282,860
29321,26104,2260
29322,26580,2610
29323,26857,2810
29324,25676,1940
29325,23528,250
29326,24357,920
29327,25477,1790
29328,24661,1160
29329,25034,1450
29330,26732,2720
29331,23810,480
29332,25111,1510
29333,24307,880
29334,24712,1200
29335,27702,3410
29336,25916,2120
29337,25412,1740
29338,24509,1040
29339,24069,690
29340,23908,560
29341,25996,2180
29342,24879,1330
29343,24496,1030
29344,26362,2450
29345,25137,1530
29346,24471,1010
29347,24700,1190
29348,24700,1190
29349,23711,400
29350,26131,2280
29351,23859,520
29352,24107,720
29353,25795,2030
29354,24956,1390
29355,25229,1600
29356,25742,1990
29357,23577,290
29358,26954,2880
29359,25649,1920
29360,23748,430
29361,23347,100
29362,25294,1650
29363,25956,2150
29364,23335,90
29365,24572,1090
29366,23983,620
29367,29843,4850
29368,24763,1240
29369,23859,520
29370,24294,870
29371,23822,490
29372,27347,3160
29373,27192,3050
29374,23908,560
29375,24107,720
29376,24776,1250
29377,27276,3110
29378,24144,750
29379,23347,100
29380,26280,2390
29381,24725,1210
29382,27024,2930
29383,25399,1730
29384,23699,390
29385,23443,180
29386,23711,400
29387,26968,2890
29388,24471,1010
29389,23699,390
29390,24866,1320
29391,24712,1200
29392,23614,320
29393,23298,60
29394,25530,1830
29395,24700,1190
29396,25491,1800
29397,24649,1150
29398,26023,2200
29399,26443,2510
29400,23650,350
29401,24257,840
29402,24057,680
29403,27588,3330
29404,24057,680
29405,27108,2990
29406,25662,1930
29407,26280,2390
29408,28768,4140
29409,25755,2000
29410,25662,1930
29411,26622,2640
29412,24471,1010
29413,24930,1370
29414,23468,200
29415,26307,2410
29416,30466,5250
29417,24623,1130
29418,23871,530
29419,25916,2120
29420,23822,490
29421,23773,450
29422,23834,500
29423,23298,60
29424,23736,420
29425,24294,870
29426,24534,1060
29427,24007,640
29428,26815,2780
29429,26212,2340
29430,25163,1550
29431,25268,1630
29432,24219,810
29433,25085,1490
29434,24956,1390
29435,24269,850
29436,23516,240
29437,24918,1360
29438,25862,2080
29439,25570,1860
29440,24370,930
29441,25689,1950
29442,24169,770
29443,24057,680
29444,25098,1500
29445,27760,3450
29446,26594,2620
29447,24207,800
29448,23359,110
29449,24207,800
29450,23847,510
29451,23553,270
29452,24725,1210
29453,23492,220
29454,23516,240
29455,26760,2740
29456,25504,1810
29457,24433,980
29458,23871,530
29459,25098,1500
29460,26144,2290
29461,24815,1280
29462,23419,160
29463,23945,590
29464,26050,2220
29465,24982,1410
29466,23614,320
29467,23626,330
29468,25570,1860
29469,25176,1560
29470,23540,260
29471,24107,720
29472,24930,1370
29473,24828,1290
29474,28179,3740
29475,24763,1240
29476,25202,1580
29477,24294,870
29478,25530,1830
29479,23921,570
29480,27760,3450
29481,29658,4730
29482,24032,660
29483,28872,4210
29484,24307,880
29485,23933,580
29486,25189,1570
29487,26857,2810
29488,24521,1050
29489,26940,2870
29490,26280,2390
29491,24943,1380
29492,24169,770
29493,24892,1340
29494,27052,2950
29495,24661,1160
29496,25477,1790
29497,24930,1370
29498,26362,2450
29499,23662,360
29500,26158,2300
29501,24408,960
29502,23847,510
29503,23322,80
29504,28560,4000
29505,23970,610
29506,25570,1860
29507,26307,2410
29508,23675,370
29509,25530,1830
29510,23565,280
29511,25111,1510
29512,23995,630
29513,24930,1370
29514,25876,2090
29515,23626,330
29516,29582,4680
29517,27517,3280
29518,25021,1440
29519,24815,1280
29520,24119,730
29521,24257,840
29522,26144,2290
29523,24789,1260
29524,24132,740
29525,25229,1600
29526,24282,860
29527,24496,1030
29528,24892,1340
29529,26580,2610
29530,24307,880
29531,23945,590
29532,23407,150
29533,27333,3150
29534,24057,680
29535,24725,1210
29536,26185,2320
29537,23896,550
29538,25242,1610
29539,24382,940
29540,24674,1170
29541,23553,270
29542,23565,280
29543,24045,670
29544,24032,660
29545,24357,920
29546,23504,230
29547,25596,1880
29548,24572,1090
29549,24370,930
29550,26023,2200
29551,24802,1270
29552,25215,1590
29553,28827,4180
29554,24943,1380
29555,25008,1430
29556,27178,3040
29557,23407,150
29558,24560,1080
29559,24357,920
29560,23504,230
29561,25073,1480
29562,24320,890
29563,23995,630
29564,25477,1790
29565,23810,480
29566,23468,200
29567,23995,630
29568,24458,1000
29569,23797,470
29570,25716,1970
29571,26348,2440
29572,25202,1580
29573,32769,6660
29574,24840,1300
29575,25111,1510
29576,23711,400
29577,28135,3710
29578,25543,1840
29579,24094,710
29580,24560,1080
29581,24598,1110
29582,25929,2130
29583,24144,750
29584,26471,2530
29585,25281,1640
29586,24045,670
29587,24282,860
29588,25782,2020
29589,23468,200
29590,24649,1150
29591,23250,20
29592,24357,920
29593,24995,1420
29594,25943,2140
29595,24995,1420
29596,23407,150
29597,25996,2180
29598,23834,500
29599,24879,1330
29600,26226,2350
29601,24144,750
29602,23565,280
29603,24345,910
29604,24483,1020
29605,25176,1560
29606,23262,30
29607,23662,360
29608,26037,2210
29609,23589,300
29610,24943,1380
29611,23662,360
29612,24207,800
29613,23773,450
29614,25359,1700
29615,24687,1180
29616,24157,760
29617,25242,1610
29618,26185,2320
29619,23577,290
29620,25255,1620
29621,24969,1400
29622,24433,980
29623,26266,2380
29624,26926,2860
29625,26691,2690
29626,24776,1250
29627,25596,1880
29628,24483,1020
29629,24853,1310
29630,23884,540
29631,23504,230
29632,24661,1160
29633,23468,200
29634,24725,1210
29635,23528,250
29636,23335,90
29637,23834,500
29638,24119,730
29639,25862,2080
29640,34812,7830
29641,35028,7950
29642,23565,280
29643,24269,850
29644,25755,2000
29645,24094,710
29646,23983,620
29647,24918,1360
29648,24674,1170
29649,23359,110
29650,23565,280
29651,23760,440
29652,23896,550
29653,25359,1700
29654,24244,830
29655,23322,80
29656,26608,2630
29657,27290,3120
29658,26829,2790
29659,29051,4330
29660,25307,1660
29661,29172,4410
29662,25034,1450
29663,23528,250
29664,25649,1920
29665,25047,1460
29666,28252,3790
29667,27290,3120
29668,25359,1700
29669,23896,550
29670,24471,1010
29671,29202,4430
29672,24144,750
29673,24020,650
29674,27389,3190
29675,23847,510
29676,26334,2430
29677,23748,430
29678,26063,2230
29679,25491,1800
29680,24094,710
29681,25385,1720
29682,23921,570
29683,23748,430
29684,26773,2750
29685,23589,300
29686,25385,1720
29687,24420,970
29688,24866,1320
29689,24107,720
29690,24382,940
29691,25359,1700
29692,25385,1720
29693,26010,2190
29694,25889,2100
29695,24157,760
29696,24182,780
29697,23662,360
29698,24107,720
29699,24815,1280
29700,24032,660
29701,29551,4660
29702,25676,1940
29703,23773,450
29704,24471,1010
29705,24094,710
29706,23810,480
29707,24725,1210
29708,24169,770
29709,23760,440
29710,24107,720
29711,26402,2480
29712,23834,500
29713,24257,840
29714,25662,1930
29715,24395,950
29716,25623,1900
29717,23528,250
29718,24232,820
29719,26023,2200
29720,23945,590
29721,23995,630
29722,23958,600
29723,24370,930
29724,27094,2980
29725,24370,930
29726,25636,1910
29727,25662,1930
29728,24294,870
29729,24840,1300
29730,24032,660
29731,24082,700
29732,24032,660
29733,23736,420
29734,24725,1210
29735,23748,430
29736,24738,1220
29737,24357,920
29738,25021,1440
29739,24157,760
29740,26926,2860
29741,26050,2220
29742,26443,2510
29743,23589,300
29744,27248,3090
29745,24182,780
29746,26898,2840
29747,24905,1350
29748,28223,3770
29749,25372,1710
29750,25412,1740
29751,27631,3360
29752,24045,670
29753,23822,490
29754,24433,980
29755,27150,3020
29756,24382,940
29757,25769,2010
29758,24534,1060
29759,23748,430
29760,25742,1990
29761,27932,3570
29762,23371,120
29763,23958,600
29764,24521,1050
29765,24969,1400
29766,27846,3510
29767,24956,1390
29768,25755,2000
29769,25034,1450
29770,24157,760
29771,24395,950
29772,28121,3700
29773,24892,1340
29774,24269,850
29775,24370,930
29776,24107,720
29777,24956,1390
29778,24107,720
29779,25281,1640
29780,24969,1400
29781,24382,940
29782,25996,2180
29783,33766,7240
29784,25008,1430
29785,25822,2050
29786,24169,770
29787,24483,1020
29788,24763,1240
29789,23687,380
29790,25876,2090
29791,26144,2290
29792,27010,2920
29793,25969,2160
29794,23577,290
29795,23371,120
29796,25543,1840
29797,25255,1620
29798,25916,2120
29799,27066,2960
29800,24828,1290
29801,23407,150
29802,25438,1760
29803,24282,860
29804,24257,840
29805,28135,3710
29806,24610,1120
29807,25215,1590
29808,26199,2330
29809,27660,3380
29810,23983,620
29811,24623,1130
29812,23675,370
29813,23773,450
29814,24956,1390
29815,25150,1540
29816,25189,1570
29817,25929,2130
29818,25137,1530
29819,24244,830
29820,25137,1530
29821,27262,3100
29822,23958,600
29823,25098,1500
29824,24257,840
29825,26471,2530
29826,24674,1170
29827,23797,470
29828,25889,2100
29829,24458,1000
29830,23995,630
29831,24509,1040
29832,23395,140
29833,24982,1410
29834,24382,940
29835,23347,100
29836,26171,2310
29837,23699,390
29838,25385,1720
29839,24763,1240
29840,24585,1100
29841,25073,1480
29842,29399,4560
29843,27446,3230
29844,24420,970
29845,23675,370
29846,24433,980
29847,23822,490
29848,26144,2290
29849,24585,1100
29850,24069,690
29851,23810,480
29852,25333,1680
29853,25438,1760
29854,23226,0
29855,24458,1000
29856,24282,860
29857,25242,1610
29858,24244,830
29859,23553,270
29860,24119,730
29861,23468,200
29862,23871,530
29863,24471,1010
29864,24661,1160
29865,24892,1340
29866,25294,1650
29867,24636,1140
29868,25623,1900
29869,30672,5380
29870,23492,220
29871,23760,440
29872,33959,7350
29873,23662,360
29874,25124,1520
29875,24636,1140
29876,23748,430
29877,26608,2630
29878,26857,2810
29879,24509,1040
29880,24446,990
29881,24815,1280
29882,25956,2150
29883,24207,800
29884,23724,410
29885,26185,2320
29886,27602,3340
29887,23933,580
29888,25649,1920
29889,24969,1400
29890,27631,3360
29891,24219,810
29892,24345,910
29893,27617,3350
29894,25769,2010
29895,23371,120
29896,25596,1880
29897,25557,1850
29898,24572,1090
29899,29217,4440
29900,23699,390
29901,24207,800
29902,25649,1920
29903,23431,170
29904,24674,1170
29905,26023,2200
29906,23528,250
29907,23785,460
29908,24082,700
29909,24157,760
29910,27717,3420
29911,24032,660
29912,24496,1030
29913,25137,1530
29914,25008,1430
29915,24623,1130
29916,24840,1300
29917,26982,2900
29918,25425,1750
29919,23958,600
29920,26321,2420
29921,25596,1880
29922,23359,110
29923,26253,2370
29924,23589,300
29925,24700,1190
29926,27108,2990
29927,23662,360
29928,23638,340
29929,25729,1980
29930,24471,1010
29931,25795,2030
29932,26580,2610
29933,27375,3180
29934,24144,750
29935,24982,1410
29936,24370,930
29937,23626,330
29938,25425,1750
29939,24082,700
29940,24082,700
29941,30687,5390
29942,24521,1050
29943,25795,2030
29944,26457,2520
29945,24307,880
29946,23958,600
29947,25021,1440
29948,23896,550
29949,26063,2230
29950,24069,690
29951,25359,1700
29952,24357,920
29953,24649,1150
29954,24069,690
29955,23908,560
29956,25822,2050
29957,25464,1780
29958,24789,1260
29959,24661,1160
29960,28281,3810
29961,26884,2830
29962,25189,1570
29963,24534,1060
29964,24207,800
29965,26185,2320
29966,24332,900
29967,25477,1790
29968,25085,1490
29969,24057,680
29970,23347,100
29971,25477,1790
29972,23614,320
29973,24661,1160
29974,25255,1620
29975,24294,870
29976,25176,1560
29977,24483,1020
29978,24020,650
29979,24207,800
29980,24995,1420
29981,24815,1280
29982,24866,1320
29983,23455,190
29984,24802,1270
29985,25570,1860
29986,23958,600
29987,23589,300
29988,23395,140
29989,24636,1140
29990,24257,840
29991,25242,1610
29992,24918,1360
29993,23760,440
29994,25504,1810
29995,24700,1190
29996,26226,2350
29997,24674,1170
29998,25163,1550
29999,25294,1650
30000,25098,1500
30001,23565,280
30002,24687,1180
30003,25215,1590
30004,26104,2260
30005,23492,220
30006,25623,1900
30007,23748,430
30008,24269,850
30009,23528,250
30010,28164,3730
30011,24357,920
30012,23748,430
30013,26512,2560
30014,26649,2660
30015,24294,870
30016,24892,1340
30017,24905,1350
30018,24751,1230
30019,23650,350
30020,29097,4360
30021,24282,860
30022,24232,820
30023,24082,700
30024,24194,790
30025,23748,430
30026,24345,910
30027,24738,1220
30028,25477,1790
30029,23504,230
30030,24408,960
30031,25742,1990
30032,24408,960
30033,26144,2290
30034,24892,1340
30035,23933,580
30036,24169,770
30037,23699,390
30038,24866,1320
30039,24244,830
30040,26567,2600
30041,28797,4160
30042,24332,900
30043,24598,1110
30044,24905,1350
30045,24751,1230
30046,24332,900
30047,24598,1110
30048,24433,980
30049,26622,2640
30050,25769,2010
30051,27803,3480
30052,23322,80
30053,24547,1070
30054,23626,330
30055,25098,1500
30056,24094,710
30057,25477,1790
30058,23748,430
30059,25294,1650
30060,24257,840
30061,23773,450
30062,24370,930
30063,24661,1160
30064,27347,3160
30065,24483,1020
30066,25176,1560
30067,25517,1820
30068,25929,2130
30069,27290,3120
30070,24547,1070
30071,24257,840
30072,25333,1680
30073,23921,570
30074,24082,700
30075,25294,1650
30076,24244,830
30077,24610,1120
30078,25477,1790
30079,23675,370
30080,27052,2950
30081,25047,1460
30082,23322,80
30083,26815,2780
30084,24207,800
30085,24509,1040
30086,23310,70
30087,23908,560
30088,26912,2850
30089,29797,4820
30090,25636,1910
30091,28164,3730
30092,25150,1540
30093,23958,600
30094,25294,1650
30095,25755,2000
30096,23699,390
30097,24382,940
30098,24020,650
30099,24776,1250
30100,23347,100
30101,25176,1560
30102,23896,550
30103,23455,190
30104,24661,1160
30105,24420,970
30106,23995,630
30107,23983,620
30108,28619,4040
30109,24269,850
30110,24828,1290
30111,24370,930
30112,29797,4820
30113,24045,670
30114,24828,1290
30115,24157,760
30116,24357,920
30117,26732,2720
30118,24119,730
30119,23662,360
30120,23945,590
30121,24345,910
30122,24157,760
30123,29827,4840
30124,23958,600
30125,24144,750
30126,25676,1940
30127,27038,2940
30128,24802,1270
30129,24395,950
30130,26050,2220
30131,25255,1620
30132,24534,1060
30133,24219,810
30134,25202,1580
30135,24918,1360
30136,23773,450
30137,23724,410
30138,23748,430
30139,26077,2240
30140,25876,2090
30141,23650,350
30142,27375,3180
30143,23748,430
30144,23468,200
30145,27389,3190
30146,25021,1440
30147,24649,1150
30148,25307,1660
30149,24219,810
30150,25255,1620
30151,28019,3630
30152,24345,910
30153,28634,4050
30154,23896,550
30155,23480,210
30156,23970,610
30157,25769,2010
30158,24815,1280
30159,23662,360
30160,23662,360
30161,25242,1610
30162,24107,720
30163,24547,1070
30164,26280,2390
30165,25729,1980
30166,26077,2240
30167,23675,370
30168,26498,2550
30169,23847,510
30170,23675,370
30171,25111,1510
30172,24282,860
30173,24585,1100
30174,26443,2510
30175,23736,420
30176,25021,1440
30177,27108,2990
30178,23395,140
30179,24069,690
30180,25649,1920
30181,24763,1240
30182,24020,650
30183,23736,420
30184,24244,830
30185,24169,770
30186,23431,170
30187,25047,1460
30188,28753,4130
30189,24307,880
30190,24320,890
30191,27234,3080
30192,25504,1810
30193,24687,1180
30194,25755,2000
30195,24725,1210
30196,24789,1260
30197,24082,700
30198,24194,790
30199,24982,1410
30200,24879,1330
30201,26037,2210
30202,24547,1070
30203,23748,430
30204,25021,1440
30205,23662,360
30206,23589,300
30207,25835,2060
30208,26063,2230
30209,24332,900
30210,25716,1970
30211,26594,2620
30212,23528,250
30213,23347,100
30214,27192,3050
30215,23970,610
30216,24157,760
30217,24307,880
30218,23711,400
30219,24107,720
30220,26199,2330
30221,23335,90
30222,24007,640
30223,24232,820
30224,25596,1880
30225,24132,740
30226,24107,720
30227,23480,210
30228,25047,1460
30229,26063,2230
30230,24307,880
30231,24725,1210
30232,24712,1200
30233,24194,790
30234,26090,2250
30235,24458,1000
30236,24649,1150
30237,28208,3760
30238,25021,1440
30239,24007,640
30240,25557,1850
30241,24244,830
30242,25073,1480
30243,24534,1060
30244,23834,500
30245,23431,170
30246,23431,170
30247,24892,1340
30248,29797,4820
30249,23884,540
30250,25229,1600
30251,24144,750
30252,24751,1230
30253,24521,1050
30254,25876,2090
30255,24700,1190
30256,27206,3060
30257,24119,730
30258,24119,730
30259,25438,1760
30260,26443,2510
30261,26416,2490
30262,25649,1920
30263,25359,1700
30264,24751,1230
30265,23577,290
30266,23589,300
30267,24661,1160
30268,23773,450
30269,24700,1190
30270,23662,360
30271,24182,780
30272,24357,920
30273,25060,1470
30274,25294,1650
30275,25676,1940
30276,26158,2300
30277,23834,500
30278,24879,1330
30279,23908,560
30280,26144,2290
30281,24585,1100
30282,23773,450
30283,25596,1880
30284,28976,4280
30285,23995,630
30286,24307,880
30287,23748,430
30288,23995,630
30289,25294,1650
30290,25359,1700
30291,24547,1070
30292,23614,320
30293,24496,1030
30294,24509,1040
30295,25085,1490
30296,23871,530
30297,24282,860
30298,23834,500
30299,24700,1190
30300,24483,1020
30301,24982,1410
30302,25676,1940
30303,23371,120
30304,24007,640
30305,24294,870
30306,25202,1580
30307,23601,310
30308,27947,3580
30309,26334,2430
30310,24282,860
30311,25124,1520
30312,25716,1970
30313,23455,190
30314,24132,740
30315,25189,1570
30316,24483,1020
30317,23687,380
30318,23921,570
30319,24521,1050
30320,24509,1040
30321,24815,1280
30322,24995,1420
30323,23226,0
30324,25163,1550
30325,24182,780
30326,25399,1730
30327,26185,2320
30328,23847,510
30329,23601,310
30330,24232,820
30331,23945,590
30332,24069,690
30333,23945,590
30334,25047,1460
30335,25320,1670
30336,23896,550
30337,26212,2340
30338,25583,1870
30339,26498,2550
30340,24269,850
30341,25755,2000
30342,24789,1260
30343,24598,1110
30344,24032,660
30345,26829,2790
30346,24269,850
30347,23958,600
30348,24119,730
30349,24045,670
30350,24610,1120
30351,24956,1390
30352,23711,400
30353,25111,1510
30354,23626,330
30355,24332,900
30356,23335,90
30357,23748,430
30358,24219,810
30359,23638,340
30360,23871,530
30361,25596,1880
30362,25835,2060
30363,25137,1530
30364,24257,840
30365,26171,2310
30366,23662,360
30367,26280,2390
30368,24458,1000
30369,24269,850
30370,24446,990
30371,24700,1190
30372,25609,1890
30373,23970,610
30374,28135,3710
30375,24144,750
30376,24930,1370
30377,24969,1400
30378,25769,2010
30379,24509,1040
30380,26117,2270
30381,26023,2200
30382,24382,940
30383,24045,670
30384,26857,2810
30385,23810,480
30386,23748,430
30387,25034,1450
30388,23711,400
30389,25902,2110
30390,25255,1620
30391,25425,1750
30392,23675,370
30393,23983,620
30394,25359,1700
30395,25281,1640
30396,24433,980
30397,23760,440
30398,25385,1720
30399,23638,340
30400,24674,1170
30401,26239,2360
30402,26280,2390
30403,25150,1540
30404,25543,1840
30405,26117,2270
30406,23371,120
30407,24057,680
30408,23995,630
30409,24483,1020
30410,25623,1900
30411,25795,2030
30412,24144,750
30413,25359,1700
30414,25477,1790
30415,25124,1520
30416,25425,1750
30417,23504,230
30418,25189,1570
30419,23797,470
30420,24094,710
30421,24840,1300
30422,24687,1180
30423,23662,360
30424,24294,870
30425,25255,1620
30426,23834,500
30427,27319,3140
30428,24232,820
30429,26649,2660
30430,23504,230
30431,24661,1160
30432,23785,460
30433,23834,500
30434,25742,1990
30435,23626,330
30436,23626,330
30437,25124,1520
30438,26010,2190
30439,24815,1280
30440,24458,1000
30441,25176,1560
30442,25034,1450
30443,24182,780
30444,23822,490
30445,28164,3730
30446,26443,2510
30447,24521,1050
30448,23983,620
30449,23528,250
30450,25876,2090
30451,26898,2840
30452,24572,1090
30453,25504,1810
30454,24751,1230
30455,24032,660
30456,23492,220
30457,24521,1050
30458,24057,680
30459,25623,1900
30460,24828,1290
30461,24866,1320
30462,23797,470
30463,23773,450
30464,23540,260
30465,23687,380
30466,24815,1280
30467,24207,800
30468,23773,450
30469,23847,510
30470,25098,1500
30471,24471,1010
30472,26253,2370
30473,26635,2650
30474,26594,2620
30475,23638,340
30476,23310,70
30477,26663,2670
30478,24082,700
30479,24789,1260
30480,23933,580
30481,26787,2760
30482,24144,750
30483,26226,2350
30484,24943,1380
30485,23565,280
30486,25451,1770
30487,24674,1170
30488,23983,620
30489,24930,1370
30490,25477,1790
30491,23650,350
30492,24420,970
30493,25491,1800
30494,24700,1190
30495,23896,550
30496,25111,1510
30497,23650,350
30498,26117,2270
30499,24763,1240
30500,24509,1040
30501,25543,1840
30502,26389,2470
30503,24802,1270
30504,23724,410
30505,24294,870
30506,23383,130
30507,27788,3470
30508,24345,910
30509,27094,2980
30510,23699,390
30511,23407,150
30512,25268,1630
30513,24282,860
30514,24207,800
30515,23614,320
30516,24687,1180
30517,24738,1220
30518,26553,2590
30519,25809,2040
30520,27588,3330
30521,28619,4040
30522,26829,2790
30523,23995,630
30524,23748,430
30525,25889,2100
30526,23565,280
30527,26677,2680
30528,24057,680
30529,26457,2520
30530,23675,370
30531,26622,2640
30532,25346,1690
30533,24521,1050
30534,24623,1130
30535,24132,740
30536,24370,930
30537,23504,230
30538,24674,1170
30539,25438,1760
30540,25689,1950
30541,24433,980
30542,25943,2140
30543,24458,1000
30544,24560,1080
30545,26608,2630
30546,24483,1020
30547,25294,1650
30548,24509,1040
30549,23933,580
30550,25098,1500
30551,25689,1950
30552,26677,2680
30553,27024,2930
30554,23970,610
30555,26746,2730
30556,29505,4630
30557,25662,1930
30558,23995,630
30559,23810,480
30560,24219,810
30561,24943,1380
30562,28649,4060
30563,24382,940
30564,26010,2190
30565,24207,800
30566,25255,1620
30567,26704,2700
30568,24956,1390
30569,23395,140
30570,24712,1200
30571,27717,3420
30572,25716,1970
30573,24057,680
30574,27319,3140
30575,26567,2600
30576,25268,1630
30577,25307,1660
30578,27038,2940
30579,24320,890
30580,24560,1080
30581,28932,4250
30582,24866,1320
30583,24982,1410
30584,25268,1630
30585,24132,740
30586,24840,1300
30587,24144,750
30588,23859,520
30589,25649,1920
30590,24776,1250
30591,25477,1790
30592,27122,3000
30593,24534,1060
30594,25047,1460
30595,26266,2380
30596,25294,1650
30597,24802,1270
30598,26704,2700
30599,23347,100
30600,26144,2290
30601,25676,1940
30602,25359,1700
30603,25124,1520
30604,24712,1200
30605,23347,100
30606,25929,2130
30607,26402,2480
30608,24572,1090
30609,25098,1500
30610,24585,1100
30611,28164,3730
30612,25047,1460
30613,24674,1170
30614,26608,2630
30615,24257,840
30616,23748,430
30617,26334,2430
30618,25163,1550
30619,24020,650
30620,24307,880
30621,26117,2270
30622,24905,1350
30623,27446,3230
30624,24623,1130
30625,24751,1230
30626,23945,590
30627,25229,1600
30628,23626,330
30629,23322,80
30630,25034,1450
30631,24433,980
30632,23871,530
30633,24943,1380
30634,23773,450
30635,25636,1910
30636,23711,400
30637,23687,380
30638,24458,1000
30639,23711,400
30640,25689,1950
30641,24207,800
30642,24956,1390
30643,25530,1830
30644,23933,580
30645,24560,1080
30646,24408,960
30647,25137,1530
30648,26884,2830
30649,26307,2410
30650,29475,4610
30651,24194,790
30652,25902,2110
30653,23516,240
30654,28486,3950
30655,25268,1630
30656,24032,660
30657,23650,350
30658,25755,2000
30659,26212,2340
30660,23748,430
30661,25333,1680
30662,25729,1980
30663,24307,880
30664,24956,1390
30665,24674,1170
30666,27774,3460
30667,23480,210
30668,23908,560
30669,24182,780
30670,23884,540
30671,23638,340
30672,25425,1750
30673,25464,1780
30674,24446,990
30675,23468,200
30676,25229,1600
30677,25996,2180
30678,23335,90
30679,28310,3830
30680,23626,330
30681,24943,1380
30682,23871,530
30683,25281,1640
30684,23983,620
30685,26171,2310
30686,23933,580
30687,24982,1410
30688,23589,300
30689,25294,1650
30690,25189,1570
30691,27248,3090
30692,23492,220
30693,24725,1210
30694,26787,2760
30695,25689,1950
30696,25702,1960
30697,26898,2840
30698,24282,860
30699,24496,1030
30700,23945,590
30701,25189,1570
30702,24674,1170
30703,24636,1140
30704,26926,2860
30705,24446,990
30706,23540,260
30707,23908,560
30708,27094,2980
30709,23431,170
30710,27290,3120
30711,23958,600
30712,25795,2030
30713,23638,340
30714,26457,2520
30715,26416,2490
30716,24082,700
30717,25623,1900
30718,24107,720
30719,23638,340
30720,25557,1850
30721,27108,2990
30722,35502,8210
30723,25060,1470
30724,24738,1220
30725,24700,1190
30726,23711,400
30727,27389,3190
30728,24069,690
30729,23650,350
30730,23286,50
30731,24483,1020
30732,25202,1580
30733,26691,2690
30734,24879,1330
30735,26829,2790
30736,31589,5950
30737,25662,1930
30738,24687,1180
30739,24020,650
30740,25047,1460
30741,29399,4560
30742,23847,510
30743,25176,1560
30744,24269,850
30745,25716,1970
30746,23286,50
30747,24082,700
30748,26471,2530
30749,24446,990
30750,25755,2000
30751,26293,2400
30752,26389,2470
30753,24776,1250
30754,27446,3230
30755,23335,90
30756,24395,950
30757,24815,1280
30758,26171,2310
30759,25008,1430
30760,25229,1600
30761,26940,2870
30762,24483,1020
30763,25359,1700
30764,23871,530
30765,26954,2880
30766,24751,1230
30767,25021,1440
30768,23908,560
30769,23650,350
30770,23834,500
30771,23859,520
30772,25137,1530
30773,26023,2200
30774,23847,510
30775,25702,1960
30776,25073,1480
30777,25570,1860
30778,26144,2290
30779,24840,1300
30780,25742,1990
30781,24007,640
30782,24370,930
30783,23970,610
30784,24892,1340
30785,24307,880
30786,27403,3200
30787,23995,630
30788,25385,1720
30789,24307,880
30790,23540,260
30791,25929,2130
30792,25060,1470
30793,23504,230
30794,23226,0
30795,33402,7030
30796,26567,2600
30797,27961,3590
30798,24879,1330
30799,23455,190
30800,24969,1400
30801,26746,2730
30802,26416,2490
30803,23871,530
30804,24905,1350
30805,23958,600
30806,23650,350
30807,26594,2620
30808,23614,320
30809,24320,890
30810,25294,1650
30811,26321,2420
30812,24370,930
30813,25385,1720
30814,23736,420
30815,23958,600
30816,23822,490
30817,24219,810
30818,24107,720
30819,23797,470
30820,24045,670
30821,24395,950
30822,27875,3530
30823,23565,280
30824,25021,1440
30825,26389,2470
30826,24294,870
30827,23748,430
30828,24119,730
30829,25137,1530
30830,24700,1190
30831,23443,180
30832,27178,3040
30833,24585,1100
30834,28590,4020
30835,24458,1000
30836,24661,1160
30837,27803,3480
30838,24045,670
30839,25098,1500
30840,26293,2400
30841,23945,590
30842,27418,3210
30843,26253,2370
30844,23871,530
30845,24082,700
30846,25849,2070
30847,23347,100
30848,24458,1000
30849,25047,1460
30850,23748,430
30851,24840,1300
30852,24032,660
30853,26037,2210
30854,24661,1160
30855,28413,3900
30856,24257,840
30857,23933,580
30858,24132,740
30859,25491,1800
30860,24700,1190
30861,26912,2850
30862,28369,3870
30863,23822,490
30864,26199,2330
30865,24892,1340
30866,27645,3370
30867,25742,1990
30868,26567,2600
30869,24585,1100
30870,25795,2030
30871,23711,400
30872,24853,1310
30873,24207,800
30874,24943,1380
30875,23933,580
30876,24269,850
30877,25451,1770
30878,26635,2650
30879,23238,10
30880,27024,2930
30881,25543,1840
30882,24521,1050
30883,29247,4460
30884,23921,570
30885,24446,990
30886,25021,1440
30887,24661,1160
30888,24982,1410
30889,23322,80
30890,27122,3000
30891,24182,780
30892,23945,590
30893,25782,2020
30894,24879,1330
30895,24069,690
30896,24119,730
30897,23553,270
30898,24776,1250
30899,23748,430
30900,24509,1040
30901,24866,1320
30902,24521,1050
30903,23419,160
30904,24182,780
30905,24057,680
30906,23859,520
30907,24866,1320
30908,23834,500
30909,24943,1380
30910,23504,230
30911,24534,1060
30912,25438,1760
30913,25543,1840
30914,25983,2170
30915,24157,760
30916,24879,1330
30917,24082,700
30918,23995,630
30919,27688,3400
30920,23687,380
30921,26239,2360
30922,27192,3050
30923,25073,1480
30924,24157,760
30925,25176,1560
30926,25202,1580
30927,23724,410
30928,23871,530
30929,26898,2840
30930,23431,170
30931,25956,2150
30932,23504,230
30933,23455,190
30934,24157,760
30935,25755,2000
30936,24320,890
30937,23589,300
30938,25557,1850
30939,26144,2290
30940,24144,750
30941,24082,700
30942,24483,1020
30943,24458,1000
30944,26266,2380
30945,23847,510
30946,27474,3250
30947,25689,1950
30948,23748,430
30949,24307,880
30950,23773,450
30951,23736,420
30952,24572,1090
30953,24057,680
30954,24751,1230
30955,24282,860
30956,24483,1020
30957,24649,1150
30958,23834,500
30959,24332,900
30960,23662,360
30961,25346,1690
30962,24687,1180
30963,24636,1140
30964,24623,1130
30965,24320,890
30966,23983,620
30967,23492,220
30968,24725,1210
30969,32132,6280
30970,24107,720
30971,24045,670
30972,23908,560
30973,24045,670
30974,25570,1860
30975,24534,1060
30976,24879,1330
30977,23871,530
30978,23626,330
30979,24892,1340
30980,24560,1080
30981,27375,3180
30982,24521,1050
30983,23286,50
30984,24207,800
30985,23724,410
30986,23797,470
30987,25320,1670
30988,23528,250
30989,24560,1080
30990,27517,3280
30991,25929,2130
30992,24712,1200
30993,25359,1700
30994,24045,670
30995,25835,2060
30996,24307,880
30997,24700,1190
30998,23711,400
30999,26567,2600
31000,25782,2020
31001,24032,660
31002,25477,1790
31003,25889,2100
31004,23675,370
31005,24357,920
31006,25372,1710
31007,26307,2410
31008,26185,2320
31009,25943,2140
31010,24433,980
31011,24700,1190
31012,25215,1590
31013,25876,2090
31014,23933,580
31015,24119,730
31016,23528,250
31017,23286,50
31018,26857,2810
31019,24982,1410
31020,25570,1860
31021,24534,1060
31022,25662,1930
31023,26416,2490
31024,26898,2840
31025,23933,580
31026,24132,740
31027,26293,2400
31028,24332,900
31029,25268,1630
31030,25333,1680
31031,24572,1090
31032,26594,2620
31033,24020,650
31034,25215,1590
31035,30878,5510
31036,23662,360
31037,25202,1580
31038,23711,400
31039,29262,4470
31040,26787,2760
31041,23650,350
31042,23565,280
31043,24982,1410
31044,24219,810
31045,24307,880
31046,25242,1610
31047,23516,240
31048,27460,3240
31049,24144,750
31050,25596,1880
31051,24382,940
31052,26926,2860
31053,23540,260
31054,25359,1700
31055,24661,1160
31056,23662,360
31057,26608,2630
31058,24370,930
31059,23834,500
31060,24623,1130
31061,23958,600
31062,24956,1390
31063,25008,1430
31064,24144,750
31065,25451,1770
31066,25729,1980
31067,23687,380
31068,26239,2360
31069,23773,450
31070,25320,1670
31071,24232,820
31072,24269,850
31073,24157,760
31074,24458,1000
31075,23995,630
31076,24509,1040
31077,27108,2990
31078,23908,560
31079,24007,640
31080,24547,1070
31081,24751,1230
31082,23921,570
31083,25755,2000
31084,26253,2370
31085,24509,1040
31086,25530,1830
31087,23995,630
31088,23322,80
31089,27432,3220
31090,24763,1240
31091,26857,2810
31092,24082,700
31093,23528,250
31094,25636,1910
31095,24509,1040
31096,23983,620
31097,25346,1690
31098,24840,1300
31099,26608,2630
31100,24269,850
31101,23822,490
31102,24802,1270
31103,23419,160
31104,24598,1110
31105,26037,2210
31106,26375,2460
31107,27248,3090
31108,24219,810
31109,24483,1020
31110,23650,350
31111,24789,1260
31112,25969,2160
31113,24119,730
31114,23528,250
31115,26253,2370
31116,25451,1770
31117,25399,1730
31118,27206,3060
31119,23958,600
31120,24509,1040
31121,23480,210
31122,25189,1570
31123,23419,160
31124,24930,1370
31125,24294,870
31126,24560,1080
31127,26746,2730
31128,23638,340
31129,24700,1190
31130,24815,1280
31131,24738,1220
31132,24332,900
31133,24725,1210
31134,23675,370
31135,24776,1250
31136,24433,980
31137,30388,5200
31138,25150,1540
31139,26023,2200
31140,24207,800
31141,24458,1000
31142,23810,480
31143,28340,3850
31144,25983,2170
31145,24674,1170
31146,25163,1550
31147,24700,1190
31148,24420,970
31149,24866,1320
31150,26063,2230
31151,26050,2220
31152,25636,1910
31153,23347,100
31154,30215,5090
31155,27617,3350
31156,27220,3070
31157,25649,1920
31158,25557,1850
31159,24879,1330
31160,25822,2050
31161,23504,230
31162,23945,590
31163,25929,2130
31164,25385,1720
31165,25755,2000
31166,25623,1900
31167,24918,1360
31168,23711,400
31169,25176,1560
31170,24119,730
31171,25176,1560
31172,25570,1860
31173,23810,480
31174,24623,1130
31175,24751,1230
31176,25163,1550
31177,25202,1580
31178,24763,1240
31179,24307,880
31180,23589,300
31181,24521,1050
31182,27150,3020
31183,24585,1100
31184,24943,1380
31185,24182,780
31186,23871,530
31187,24020,650
31188,24969,1400
31189,24700,1190
31190,24828,1290
31191,24751,1230
31192,27080,2970
31193,27220,3070
31194,23687,380
31195,25662,1930
31196,25438,1760
31197,24534,1060
31198,24332,900
31199,24219,810
31200,24509,1040
31201,24995,1420
31202,23492,220
31203,29551,4660
31204,24560,1080
31205,23322,80
31206,24332,900
31207,27347,3160
31208,24802,1270
31209,24433,980
31210,24853,1310
31211,25202,1580
31212,25399,1730
31213,23504,230
31214,26553,2590
31215,26594,2620
31216,24332,900
31217,26926,2860
31218,24119,730
31219,25983,2170
31220,23675,370
31221,24892,1340
31222,26050,2220
31223,25124,1520
31224,24345,910
31225,25755,2000
31226,23859,520
31227,26704,2700
31228,23687,380
31229,28005,3620
31230,25189,1570
31231,23785,460
31232,24194,790
31233,29521,4640
31234,25862,2080
31235,24132,740
31236,24712,1200
31237,25716,1970
31238,24509,1040
31239,25636,1910
31240,24332,900
31241,24194,790
31242,24282,860
31243,23431,170
31244,24420,970
31245,25649,1920
31246,24446,990
31247,24458,1000
31248,24483,1020
31249,25333,1680
31250,27276,3110
31251,24082,700
31252,25385,1720
31253,24483,1020
31254,24144,750
31255,25543,1840
31256,25477,1790
31257,24892,1340
31258,24483,1020
31259,24879,1330
31260,23760,440
31261,24610,1120
31262,25385,1720
31263,31296,5770
31264,24892,1340
31265,23310,70
31266,24057,680
31267,25504,1810
31268,23614,320
31269,23834,500
31270,24395,950
31271,27276,3110
31272,25163,1550
31273,23274,40
31274,23298,60
31275,26131,2280
31276,24776,1250
31277,25242,1610
31278,24649,1150
31279,24815,1280
31280,25809,2040
31281,23419,160
31282,24521,1050
31283,24572,1090
31284,26023,2200
31285,23310,70
31286,23638,340
31287,24232,820
31288,25996,2180
31289,23958,600
31290,23711,400
31291,23638,340
31292,26010,2190
31293,34347,7570
31294,25047,1460
31295,23577,290
31296,27574,3320
31297,24840,1300
31298,24840,1300
31299,24294,870
31300,23650,350
31301,25111,1510
31302,25255,1620
31303,29172,4410
31304,23834,500
31305,26266,2380
31306,23480,210
31307,23773,450
31308,25795,2030
31309,25929,2130
31310,23322,80
31311,25570,1860
31312,25636,1910
31313,25596,1880
31314,24082,700
31315,24802,1270
31316,25438,1760
31317,24661,1160
31318,27702,3410
31319,27290,3120
31320,24045,670
31321,25034,1450
31322,23274,40
31323,28005,3620
31324,24930,1370
31325,23896,550
31326,27234,3080
31327,24182,780
31328,25464,1780
31329,23884,540
31330,33419,7040
31331,24032,660
31332,24207,800
31333,24408,960
31334,29187,4420
31335,25047,1460
31336,23995,630
31337,25822,2050
31338,24712,1200
31339,24636,1140
31340,23896,550
31341,24458,1000
31342,27460,3240
31343,24007,640
31344,27080,2970
31345,24446,990
31346,23383,130
31347,24853,1310
31348,23262,30
31349,24610,1120
31350,24007,640
31351,26037,2210
31352,24969,1400
31353,23504,230
31354,25822,2050
31355,25491,1800
31356,23760,440
31357,23970,610
31358,24725,1210
31359,23371,120
31360,24738,1220
31361,24157,760
31362,24269,850
31363,23443,180
31364,24995,1420
31365,27333,3150
31366,24905,1350
31367,24572,1090
31368,23884,540
31369,24687,1180
31370,27474,3250
31371,24294,870
31372,23785,460
31373,27010,2920
31374,25255,1620
31375,25929,2130
31376,25399,1730
31377,24930,1370
31378,24433,980
31379,25769,2010
31380,24269,850
31381,26594,2620
31382,25047,1460
31383,23958,600
31384,24395,950
31385,25060,1470
31386,24320,890
31387,27418,3210
31388,23896,550
31389,24547,1070
31390,25902,2110
31391,24257,840
31392,24107,720
31393,26375,2460
31394,26293,2400
31395,23480,210
31396,24789,1260
31397,25517,1820
31398,26484,2540
31399,25111,1510
31400,26940,2870
31401,24069,690
31402,26539,2580
31403,24257,840
31404,23711,400
31405,25268,1630
31406,23871,530
31407,25662,1930
31408,23589,300
31409,25150,1540
31410,28604,4030
31411,31719,6030
31412,23834,500
31413,25073,1480
31414,23298,60
31415,24194,790
31416,23431,170
31417,26870,2820
31418,24007,640
31419,23262,30
31420,25517,1820
31421,23760,440
31422,27290,3120
31423,24610,1120
31424,25742,1990
31425,25399,1730
31426,23995,630
31427,24995,1420
31428,24408,960
31429,24509,1040
31430,23577,290
31431,25902,2110
31432,24370,930
31433,25689,1950
31434,24132,740
31435,26362,2450
31436,23335,90
31437,24132,740
31438,24776,1250
31439,27234,3080
31440,28472,3940
31441,24956,1390
31442,26843,2800
31443,24332,900
31444,25889,2100
31445,24069,690
31446,24433,980
31447,25047,1460
31448,24207,800
31449,26185,2320
31450,23748,430
31451,24930,1370
31452,24930,1370
31453,23958,600
31454,23614,320
31455,24269,850
31456,25150,1540
31457,23540,260
31458,23933,580
31459,25294,1650
31460,25202,1580
31461,23921,570
31462,24045,670
31463,24182,780
31464,25835,2060
31465,25163,1550
31466,25163,1550
31467,24879,1330
31468,26158,2300
31469,23995,630
31470,23884,540
31471,24232,820
31472,26663,2670
31473,25359,1700
31474,23995,630
31475,24918,1360
31476,24661,1160
31477,24082,700
31478,26334,2430
31479,24598,1110
31480,24879,1330
31481,24169,770
31482,23589,300
31483,23797,470
31484,25477,1790
31485,24408,960
31486,24082,700
31487,24420,970
31488,23983,620
31489,23785,460
31490,25822,2050
31491,25346,1690
31492,32432,6460
31493,24471,1010
31494,25557,1850
31495,23650,350
31496,24057,680
31497,26471,2530
31498,26430,2500
31499,23468,200
31500,26870,2820
31501,23528,250
31502,23958,600
31503,24853,1310
31504,28917,4240
31505,23773,450
31506,24370,930
31507,24382,940
31508,23773,450
31509,25530,1830
31510,26077,2240
31511,28664,4070
31512,27052,2950
31513,26526,2570
31514,23419,160
31515,23480,210
31516,25517,1820
31517,23347,100
31518,24763,1240
31519,26063,2230
31520,24521,1050
31521,26954,2880
31522,25956,2150
31523,24828,1290
31524,25060,1470
31525,29081,4350
31526,23970,610
31527,24458,1000
31528,25583,1870
31529,25662,1930
31530,24332,900
31531,24282,860
31532,26037,2210
31533,23871,530
31534,26691,2690
31535,25809,2040
31536,24610,1120
31537,30878,5510
31538,23589,300
31539,23711,400
31540,30958,5560
31541,24446,990
31542,29505,4630
31543,25795,2030
31544,26050,2220
31545,24458,1000
31546,25034,1450
31547,23773,450
31548,24623,1130
31549,24610,1120
31550,29142,4390
31551,24661,1160
31552,23810,480
31553,23407,150
31554,23822,490
31555,23480,210
31556,24032,660
31557,26293,2400
31558,24282,860
31559,27803,3480
31560,23995,630
31561,23970,610
31562,24395,950
31563,23528,250
31564,26171,2310
31565,23322,80
31566,24207,800
31567,30545,5300
31568,26843,2800
31569,25399,1730
31570,25098,1500
31571,25809,2040
31572,24357,920
31573,23626,330
31574,25307,1660
31575,23359,110
31576,24763,1240
31577,27052,2950
31578,23540,260
31579,24132,740
31580,24483,1020
31581,37618,9330
31582,28150,3720
31583,23822,490
31584,24687,1180
31585,24712,1200
31586,23504,230
31587,23958,600
31588,23528,250
31589,24069,690
31590,24636,1140
31591,23687,380
31592,27136,3010
31593,24572,1090
31594,23711,400
31595,24182,780
31596,26484,2540
31597,23958,600
31598,25464,1780
31599,24585,1100
31600,23528,250
31601,26430,2500
31602,26010,2190
31603,24763,1240
31604,25359,1700
31605,26635,2650
31606,27304,3130
31607,24282,860
31608,24307,880
31609,24082,700
31610,24636,1140
31611,24382,940
31612,24433,980
31613,23834,500
31614,24483,1020
31615,23407,150
31616,24332,900
31617,23995,630
31618,23298,60
31619,26430,2500
31620,25255,1620
31621,24471,1010
31622,24433,980
31623,25929,2130
31624,24598,1110
31625,24521,1050
31626,23347,100
31627,24815,1280
31628,24840,1300
31629,25189,1570
31630,24007,640
31631,25795,2030
31632,28398,3890
31633,25491,1800
31634,25742,1990
31635,24905,1350
31636,25320,1670
31637,23395,140
31638,24182,780
31639,23908,560
31640,24815,1280
31641,24458,1000
31642,24420,970
31643,25163,1550
31644,23468,200
31645,24661,1160
31646,25098,1500
31647,23797,470
31648,23834,500
31649,24232,820
31650,27136,3010
31651,23687,380
31652,24930,1370
31653,24776,1250
31654,23785,460
31655,24789,1260
31656,28516,3970
31657,24866,1320
31658,26362,2450
31659,23650,350
31660,23662,360
31661,23736,420
31662,25662,1930
31663,23371,120
31664,23933,580
31665,24700,1190
31666,24119,730
31667,23455,190
31668,25438,1760
31669,23699,390
31670,23908,560
31671,25281,1640
31672,23847,510
31673,25609,1890
31674,25111,1510
31675,24020,650
31676,25477,1790
31677,24157,760
31678,23785,460
31679,24700,1190
31680,24674,1170
31681,23871,530
31682,23687,380
31683,23638,340
31684,24969,1400
31685,23933,580
31686,24534,1060
31687,27010,2920
31688,29827,4840
31689,25491,1800
31690,23933,580
31691,24370,930
31692,25662,1930
31693,24408,960
31694,24943,1380
31695,23626,330
31696,25021,1440
31697,23335,90
31698,26321,2420
31699,23773,450
31700,24045,670
31701,23834,500
31702,23335,90
31703,24269,850
31704,24649,1150
31705,26416,2490
31706,24219,810
31707,23995,630
31708,28384,3880
31709,26171,2310
31710,28472,3940
31711,24294,870
31712,28164,3730
31713,24420,970
31714,23760,440
31715,24738,1220
31716,23859,520
31717,24219,810
31718,25969,2160
31719,23748,430
31720,25876,2090
31721,29521,4640
31722,26594,2620
31723,23736,420
31724,25320,1670
31725,24496,1030
31726,23492,220
31727,24892,1340
31728,26512,2560
31729,23687,380
31730,25098,1500
31731,23226,0
31732,23359,110
31733,24032,660
31734,26253,2370
31735,26117,2270
31736,24320,890
31737,27122,3000
31738,25876,2090
31739,24069,690
31740,24905,1350
31741,26063,2230
31742,25047,1460
31743,24307,880
31744,24345,910
31745,24458,1000
31746,25583,1870
31747,24534,1060
31748,24982,1410
31749,24585,1100
31750,26158,2300
31751,23419,160
31752,23760,440
31753,24892,1340
31754,23589,300
31755,26226,2350
31756,23589,300
31757,24182,780
31758,24045,670
31759,24815,1280
31760,28738,4120
31761,23565,280
31762,24623,1130
31763,26348,2440
31764,24294,870
31765,24282,860
31766,24094,710
31767,25137,1530
31768,25809,2040
31769,26512,2560
31770,25098,1500
31771,23711,400
31772,24345,910
31773,24219,810
31774,23540,260
31775,28296,3820
31776,28428,3910
31777,23443,180
31778,23395,140
31779,25085,1490
31780,24712,1200
31781,23614,320
31782,24892,1340
31783,24294,870
31784,27403,3200
31785,24738,1220
31786,32332,6400
31787,23724,410
31788,24007,640
31789,31458,5870
31790,23431,170
31791,23970,610
31792,24471,1010
31793,26077,2240
31794,25425,1750
31795,25098,1500
31796,25795,2030
31797,25702,1960
31798,23540,260
31799,25137,1530
31800,23724,410
31801,24332,900
31802,24007,640
31803,26348,2440
31804,25163,1550
31805,26037,2210
31806,23785,460
31807,24789,1260
31808,25583,1870
31809,28135,3710
31810,24560,1080
31811,23468,200
31812,26389,2470
31813,24320,890
31814,25333,1680
31815,24232,820
31816,24395,950
31817,23970,610
31818,23553,270
31819,25060,1470
31820,24007,640
31821,26732,2720
31822,25809,2040
31823,23896,550
31824,23650,350
31825,24094,710
31826,24598,1110
31827,23945,590
31828,23970,610
31829,23468,200
31830,25425,1750
31831,25060,1470
31832,23908,560
31833,23528,250
31834,26037,2210
31835,23480,210
31836,24132,740
31837,24107,720
31838,24585,1100
31839,25769,2010
31840,23711,400
31841,25073,1480
31842,23226,0
31843,24649,1150
31844,24107,720
31845,28369,3870
31846,25438,1760
31847,25085,1490
31848,26144,2290
31849,26732,2720
31850,26185,2320
31851,24598,1110
31852,24840,1300
31853,23650,350
31854,25530,1830
31855,27832,3500
31856,24815,1280
31857,23908,560
31858,24332,900
31859,26512,2560
31860,23760,440
31861,23455,190
31862,24905,1350
31863,24636,1140
31864,25795,2030
31865,27178,3040
31866,24157,760
31867,23589,300
31868,24382,940
31869,28398,3890
31870,23884,540
31871,25047,1460
31872,24687,1180
31873,26104,2260
31874,25320,1670
31875,24032,660
31876,24815,1280
31877,25491,1800
31878,27248,3090
31879,25491,1800
31880,27432,3220
31881,24069,690
31882,24219,810
31883,24132,740
31884,24446,990
31885,25034,1450
31886,26280,2390
31887,24007,640
31888,27319,3140
31889,23601,310
31890,24982,1410
31891,24045,670
31892,24157,760
31893,24144,750
31894,24712,1200
31895,27418,3210
31896,23528,250
31897,24007,640
31898,25570,1860
31899,23884,540
31900,23601,310
31901,24725,1210
31902,24020,650
31903,23810,480
31904,25916,2120
31905,24119,730
31906,23589,300
31907,23589,300
31908,26010,2190
31909,24763,1240
31910,24674,1170
31911,24687,1180
31912,26594,2620
31913,25047,1460
31914,25570,1860
31915,24282,860
31916,24094,710
31917,24219,810
31918,25425,1750
31919,25983,2170
31920,25111,1510
31921,24815,1280
31922,26526,2570
31923,24585,1100
31924,25255,1620
31925,24357,920
31926,24257,840
31927,23871,530
31928,23958,600
31929,24687,1180
31930,23480,210
31931,24408,960
31932,25835,2060
31933,25662,1930
31934,25176,1560
31935,23711,400
31936,24789,1260
31937,25294,1650
31938,26171,2310
31939,24943,1380
31940,24458,1000
31941,25047,1460
31942,24345,910
31943,24496,1030
31944,24207,800
31945,23958,600
31946,26801,2770
31947,24725,1210
31948,24219,810
31949,23601,310
31950,24674,1170
31951,30703,5400
31952,26307,2410
31953,24712,1200
31954,24332,900
31955,24282,860
31956,24725,1210
31957,24763,1240
31958,25399,1730
31959,24307,880
31960,23834,500
31961,23419,160
31962,24045,670
31963,24725,1210
31964,24471,1010
31965,26884,2830
31966,24395,950
31967,26457,2520
31968,24357,920
31969,23468,200
31970,26348,2440
31971,23896,550
31972,23736,420
31973,23921,570
31974,25517,1820
31975,23335,90
31976,27066,2960
31977,23970,610
31978,25943,2140
31979,24020,650
31980,26940,2870
31981,24169,770
31982,24020,650
31983,26131,2280
31984,26773,2750
31985,24107,720
31986,23945,590
31987,24712,1200
31988,24382,940
31989,23443,180
31990,25491,1800
31991,24395,950
31992,24370,930
31993,24045,670
31994,27588,3330
31995,23516,240
31996,23945,590
31997,25359,1700
31998,23810,480
31999,24132,740
32000,25008,1430
32001,26884,2830
32002,24840,1300
32003,23662,360
32004,23468,200
32005,24119,730
32006,27617,3350
32007,27319,3140
32008,23687,380
32009,25372,1710
32010,24725,1210
32011,25902,2110
32012,24547,1070
32013,26199,2330
32014,23847,510
32015,24700,1190
32016,24408,960
32017,23711,400
32018,24045,670
32019,25281,1640
32020,24956,1390
32021,25438,1760
32022,25769,2010
32023,24045,670
32024,24045,670
32025,26037,2210
32026,23431,170
32027,23921,570
32028,25570,1860
32029,23958,600
32030,25242,1610
32031,26321,2420
32032,24918,1360
32033,23577,290
32034,27389,3190
32035,25021,1440
32036,23773,450
32037,24918,1360
32038,24636,1140
32039,26773,2750
32040,24751,1230
32041,23711,400
32042,27080,2970
32043,23480,210
32044,26622,2640
32045,24866,1320
32046,23699,390
32047,24509,1040
32048,24828,1290
32049,25782,2020
32050,23553,270
32051,23662,360
32052,23995,630
32053,24132,740
32054,24370,930
32055,24636,1140
32056,25202,1580
32057,24332,900
32058,23589,300
32059,24045,670
32060,27276,3110
32061,24572,1090
32062,24157,760
32063,24182,780
32064,26663,2670
32065,24712,1200
32066,23933,580
32067,25163,1550
32068,24751,1230
32069,24458,1000
32070,23650,350
32071,23650,350
32072,24623,1130
32073,28077,3670
32074,25596,1880
32075,23908,560
32076,23834,500
32077,25849,2070
32078,23553,270
32079,24269,850
32080,23859,520
32081,24007,640
32082,25060,1470
32083,25034,1450
32084,28063,3660
32085,23908,560
32086,23650,350
32087,24169,770
32088,24069,690
32089,24483,1020
32090,28164,3730
32091,24294,870
32092,24182,780
32093,23662,360
32094,24269,850
32095,23359,110
32096,27052,2950
32097,24509,1040
32098,23884,540
32099,24446,990
32100,23516,240
32101,24307,880
32102,24969,1400
32103,23662,360
32104,25543,1840
32105,23528,250
32106,27760,3450
32107,23455,190
32108,26982,2900
32109,23760,440
32110,24132,740
32111,24408,960
32112,27150,3020
32113,24776,1250
32114,26010,2190
32115,24157,760
32116,25242,1610
32117,24700,1190
32118,26226,2350
32119,23921,570
32120,24182,780
32121,23250,20
32122,25281,1640
32123,24521,1050
32124,24483,1020
32125,24232,820
32126,23760,440
32127,24395,950
32128,25229,1600
32129,23638,340
32130,24776,1250
32131,24144,750
32132,23736,420
32133,24802,1270
32134,25060,1470
32135,24119,730
32136,23785,460
32137,25742,1990
32138,23908,560
32139,24982,1410
32140,24700,1190
32141,23528,250
32142,23565,280
32143,23896,550
32144,23736,420
32145,23601,310
32146,23871,530
32147,25809,2040
32148,25902,2110
32149,28237,3780
32150,24995,1420
32151,24294,870
32152,24232,820
32153,27080,2970
32154,24458,1000
32155,24157,760
32156,23286,50
32157,24956,1390
32158,23748,430
32159,24649,1150
32160,23565,280
32161,24610,1120
32162,25021,1440
32163,23785,460
32164,24395,950
32165,23528,250
32166,26580,2610
32167,24521,1050
32168,24244,830
32169,24119,730
32170,23626,330
32171,24866,1320
32172,24930,1370
32173,24294,870
32174,23492,220
32175,24182,780
32176,23970,610
32177,25609,1890
32178,24496,1030
32179,25385,1720
32180,23638,340
32181,26023,2200
32182,24802,1270
32183,24307,880
32184,25702,1960
32185,24320,890
32186,26090,2250
32187,23687,380
32188,25294,1650
32189,23834,500
32190,25137,1530
32191,29889,4880
32192,25782,2020
32193,23958,600
32194,25150,1540
32195,23480,210
32196,24610,1120
32197,24521,1050
32198,23847,510
32199,24219,810
32200,24598,1110
32201,25150,1540
32202,24446,990
32203,25268,1630
32204,24623,1130
32205,23773,450
32206,23468,200
32207,25676,1940
32208,26898,2840
32209,26144,2290
32210,23970,610
32211,26266,2380
32212,25047,1460
32213,25451,1770
32214,24828,1290
32215,27164,3030
32216,25530,1830
32217,23274,40
32218,23908,560
32219,24320,890
32220,23921,570
32221,23871,530
32222,26375,2460
32223,24840,1300
32224,25716,1970
32225,24282,860
32226,23983,620
32227,24433,980
32228,24892,1340
32229,24969,1400
32230,24458,1000
32231,24598,1110
32232,24483,1020
32233,28723,4110
32234,25676,1940
32235,24956,1390
32236,24332,900
32237,27192,3050
32238,27304,3130
32239,24382,940
32240,27617,3350
32241,24458,1000
32242,26144,2290
32243,24020,650
32244,24585,1100
32245,24182,780
32246,24345,910
32247,24496,1030
32248,24320,890
32249,25543,1840
32250,25662,1930
32251,24598,1110
32252,25333,1680
32253,27617,3350
32254,24483,1020
32255,24433,980
32256,25795,2030
32257,25359,1700
32258,23662,360
32259,24294,870
32260,23983,620
32261,24572,1090
32262,23371,120
32263,23371,120
32264,25098,1500
32265,24483,1020
32266,24069,690
32267,25876,2090
32268,24420,970
32269,26539,2580
32270,27108,2990
32271,24840,1300
32272,24169,770
32273,24496,1030
32274,25085,1490
32275,25795,2030
32276,24370,930
32277,23810,480
32278,26063,2230
32279,24269,850
32280,23724,410
32281,29460,4600
32282,23638,340
32283,23785,460
32284,23797,470
32285,29006,4300
32286,26416,2490
32287,24598,1110
32288,24169,770
32289,25649,1920
32290,24244,830
32291,26471,2530
32292,24094,710
32293,24853,1310
32294,26362,2450
32295,23335,90
32296,26158,2300
32297,24905,1350
32298,24995,1420
32299,24219,810
32300,24345,910
32301,23995,630
32302,24995,1420
32303,23958,600
32304,24789,1260
32305,23322,80
32306,24094,710
32307,23226,0
32308,25795,2030
32309,23419,160
32310,23687,380
32311,24307,880
32312,25242,1610
32313,23773,450
32314,23871,530
32315,25176,1560
32316,24420,970
32317,25294,1650
32318,24433,980
32319,30278,5130
32320,23322,80
32321,27788,3470
32322,26199,2330
32323,26158,2300
32324,23443,180
32325,25320,1670
32326,23995,630
32327,25215,1590
32328,24892,1340
32329,23504,230
32330,23896,550
32331,24395,950
32332,24370,930
32333,24032,660
32334,26037,2210
32335,26293,2400
32336,26010,2190
32337,27560,3310
32338,25047,1460
32339,28179,3740
32340,25943,2140
32341,25596,1880
32342,23528,250
32343,24345,910
32344,25124,1520
32345,24182,780
32346,26457,2520
32347,26996,2910
32348,28872,4210
32349,23995,630
32350,26253,2370
32351,25176,1560
32352,24045,670
32353,25702,1960
32354,30293,5140
32355,25956,2150
32356,24020,650
32357,26484,2540
32358,23528,250
32359,27832,3500
32360,29081,4350
32361,24458,1000
32362,27066,2960
32363,24182,780
32364,25372,1710
32365,27290,3120
32366,23773,450
32367,25623,1900
32368,23347,100
32369,23250,20
32370,23859,520
32371,24357,920
32372,25889,2100
32373,24776,1250
32374,24157,760
32375,25662,1930
32376,24815,1280
32377,29384,4550
32378,25662,1930
32379,24057,680
32380,24345,910
32381,25333,1680
32382,24045,670
32383,24244,830
32384,26362,2450
32385,25716,1970
32386,27066,2960
32387,25229,1600
32388,26063,2230
32389,24207,800
32390,23553,270
32391,24433,980
32392,26266,2380
32393,23822,490
32394,24194,790
32395,23407,150
32396,23687,380
32397,25517,1820
32398,24057,680
32399,24521,1050
32400,27290,3120
32401,23736,420
32402,23347,100
32403,24194,790
32404,27206,3060
32405,25876,2090
32406,25729,1980
32407,23687,380
32408,23310,70
32409,26443,2510
32410,26843,2800
32411,23638,340
32412,24119,730
32413,24069,690
32414,24294,870
32415,23884,540
32416,24918,1360
32417,31038,5610
32418,25346,1690
32419,24509,1040
32420,23871,530
32421,25809,2040
32422,27304,3130
32423,23262,30
32424,23995,630
32425,24107,720
32426,24572,1090
32427,25333,1680
32428,25359,1700
32429,25073,1480
32430,25255,1620
32431,23662,360
32432,24395,950
32433,24408,960
32434,29353,4530
32435,24094,710
32436,26334,2430
32437,26077,2240
32438,25596,1880
32439,24930,1370
32440,25021,1440
32441,24751,1230
32442,25835,2060
32443,25769,2010
32444,25782,2020
32445,23847,510
32446,23921,570
32447,26212,2340
32448,25530,1830
32449,24572,1090
32450,23958,600
32451,25215,1590
32452,23958,600
32453,24069,690
32454,24560,1080
32455,25862,2080
32456,24395,950
32457,23958,600
32458,25769,2010
32459,25822,2050
32460,24207,800
32461,27220,3070
32462,24020,650
32463,25583,1870
32464,24471,1010
32465,23896,550
32466,26293,2400
32467,23504,230
32468,24840,1300
32469,23724,410
32470,24282,860
32471,26185,2320
32472,24521,1050
32473,24057,680
32474,25943,2140
32475,27875,3530
32476,26968,2890
32477,25889,2100
32478,23614,320
32479,25755,2000
32480,23347,100
32481,25570,1860
32482,24395,950
32483,27108,2990
32484,24057,680
32485,25451,1770
32486,27150,3020
32487,25034,1450
32488,26104,2260
32489,23785,460
32490,25676,1940
32491,24069,690
32492,24395,950
32493,23797,470
32494,24395,950
32495,26266,2380
32496,25809,2040
32497,24194,790
32498,25504,1810
32499,24207,800
32500,24572,1090
32501,24045,670
32502,24892,1340
32503,25557,1850
32504,25047,1460
32505,24496,1030
32506,25399,1730
32507,24636,1140
32508,24776,1250
32509,23419,160
32510,25557,1850
32511,24943,1380
32512,26144,2290
32513,23431,170
32514,26077,2240
32515,26253,2370
32516,24943,1380
32517,25085,1490
32518,23638,340
32519,23834,500
32520,25189,1570
32521,26968,2890
32522,23650,350
32523,24840,1300
32524,24700,1190
32525,24395,950
32526,24020,650
32527,29036,4320
32528,24943,1380
32529,25477,1790
32530,23908,560
32531,25229,1600
32532,23650,350
32533,23933,580
32534,24560,1080
32535,25047,1460
32536,24649,1150
32537,24700,1190
32538,24119,730
32539,24269,850
32540,27403,3200
32541,25268,1630
32542,27489,3260
32543,23958,600
32544,24483,1020
32545,24969,1400
32546,25320,1670
32547,25021,1440
32548,25085,1490
32549,24244,830
32550,24382,940
32551,24585,1100
32552,25268,1630
32553,24930,1370
32554,24094,710
32555,25782,2020
32556,24107,720
32557,28252,3790
32558,23822,490
32559,23773,450
32560,25929,2130
32561,27136,3010
32562,24509,1040
32563,23638,340
32564,24802,1270
32565,24207,800
32566,24257,840
32567,25163,1550
32568,26526,2570
32569,23614,320
32570,24269,850
32571,25477,1790
32572,27178,3040
32573,31818,6090
32574,23662,360
32575,27038,2940
32576,23736,420
32577,25729,1980
32578,24045,670
32579,24244,830
32580,23455,190
32581,28486,3950
32582,25504,1810
32583,23407,150
32584,24521,1050
32585,23884,540
32586,23933,580
32587,23785,460
32588,23431,170
32589,24219,810
32590,23884,540
32591,23516,240
32592,24840,1300
32593,23859,520
32594,23310,70
32595,26815,2780
32596,24930,1370
32597,24815,1280
32598,23847,510
32599,23504,230
32600,23455,190
32601,24623,1130
32602,27961,3590
32603,24623,1130
32604,23443,180
32605,23896,550
32606,24905,1350
32607,24132,740
32608,25047,1460
32609,26787,2760
32610,24408,960
32611,23847,510
32612,24521,1050
32613,24082,700
32614,23371,120
32615,24840,1300
32616,24357,920
32617,26443,2510
32618,26010,2190
32619,23395,140
32620,25346,1690
32621,23773,450
32622,24357,920
32623,24995,1420
32624,24636,1140
32625,25412,1740
32626,24420,970
32627,23711,400
32628,24674,1170
32629,26430,2500
32630,23699,390
32631,28472,3940
32632,24433,980
32633,26926,2860
32634,24636,1140
32635,23310,70
32636,24294,870
32637,24094,710
32638,25399,1730
32639,23748,430
32640,25716,1970
32641,24738,1220
32642,24866,1320
32643,31654,5990
32644,23322,80
32645,23322,80
32646,24357,920
32647,23540,260
32648,25662,1930
32649,23262,30
32650,24269,850
32651,24547,1070
32652,27136,3010
32653,24094,710
32654,24458,1000
32655,23810,480
32656,25359,1700
32657,23286,50
32658,25008,1430
32659,24623,1130
32660,24282,860
32661,24132,740
32662,25742,1990
32663,25021,1440
32664,26773,2750
32665,24294,870
32666,25294,1650
32667,23322,80
32668,26704,2700
32669,25596,1880
32670,27052,2950
32671,24789,1260
32672,25111,1510
32673,23859,520
32674,24107,720
32675,25202,1580
32676,24879,1330
32677,24257,840
32678,23528,250
32679,24132,740
32680,24483,1020
32681,26402,2480
32682,25255,1620
32683,23933,580
32684,25557,1850
32685,25769,2010
32686,24879,1330
32687,24307,880
32688,25098,1500
32689,24840,1300
32690,25996,2180
32691,26037,2210
32692,24534,1060
32693,23577,290
32694,23286,50
32695,25662,1930
32696,24918,1360
32697,26144,2290
32698,23748,430
32699,24649,1150
32700,25609,1890
32701,24738,1220
32702,25412,1740
32703,26131,2280
32704,25399,1730
32705,28693,4090
32706,24905,1350
32707,24332,900
32708,24458,1000
32709,23687,380
32710,23226,0
32711,25782,2020
32712,26199,2330
32713,24802,1270
32714,28019,3630
32715,25320,1670
32716,24157,760
32717,25268,1630
32718,23711,400
32719,24853,1310
32720,24969,1400
32721,24446,990
32722,23711,400
32723,25399,1730
32724,24332,900
32725,24763,1240
32726,24815,1280
32727,23711,400
32728,23933,580
32729,24982,1410
32730,25517,1820
32731,26567,2600
32732,25425,1750
32733,24207,800
32734,26321,2420
32735,27932,3570
32736,23724,410
32737,25504,1810
32738,26649,2660
32739,25702,1960
32740,24725,1210
32741,24802,1270
32742,26293,2400
32743,24094,710
32744,26090,2250
32745,25583,1870
32746,26760,2740
32747,25229,1600
32748,23945,590
32749,26608,2630
32750,24585,1100
32751,25150,1540
32752,23908,560
32753,24828,1290
32754,24763,1240
32755,24956,1390
32756,23797,470
32757,26732,2720
32758,24244,830
32759,23371,120
32760,24382,940
32761,26199,2330
32762,25795,2030
32763,24269,850
32764,27489,3260
32765,27262,3100
32766,25034,1450
32767,24294,870
32768,27164,3030
32769,26484,2540
32770,24370,930
32771,23896,550
32772,23773,450
32773,24661,1160
32774,24879,1330
32775,25399,1730
32776,24943,1380
32777,25570,1860
32778,23711,400
32779,24969,1400
32780,23565,280
32781,26185,2320
32782,23958,600
32783,26050,2220
32784,25943,2140
32785,25876,2090
32786,23711,400
32787,25111,1510
32788,24282,860
32789,24032,660
32790,23589,300
32791,23847,510
32792,24828,1290
32793,24636,1140
32794,23933,580
32795,25124,1520
32796,24956,1390
32797,25477,1790
32798,23238,10
32799,24969,1400
32800,26829,2790
32801,23359,110
32802,24032,660
32803,24257,840
32804,24751,1230
32805,24496,1030
32806,26144,2290
32807,26512,2560
32808,24232,820
32809,23492,220
32810,24547,1070
32811,23748,430
32812,23468,200
32813,27122,3000
32814,24020,650
32815,26567,2600
32816,24930,1370
32817,23896,550
32818,23970,610
32819,27832,3500
32820,24194,790
32821,26940,2870
32822,24207,800
32823,26280,2390
32824,26266,2380
32825,24132,740
32826,25451,1770
32827,24738,1220
32828,26253,2370
32829,24471,1010
32830,25902,2110
32831,24057,680
32832,26691,2690
32833,26484,2540
32834,25702,1960
32835,24119,730
32836,25060,1470
32837,27904,3550
32838,26594,2620
32839,24144,750
32840,28063,3660
32841,25281,1640
32842,25163,1550
32843,23638,340
32844,24119,730
32845,25176,1560
32846,25307,1660
32847,33385,7020
32848,25769,2010
32849,26266,2380
32850,23773,450
32851,24982,1410
32852,27788,3470
32853,27432,3220
32854,25491,1800
32855,24282,860
32856,23995,630
32857,23626,330
32858,25359,1700
32859,25557,1850
32860,25215,1590
32861,24982,1410
32862,24458,1000
32863,24700,1190
32864,24282,860
32865,23589,300
32866,24471,1010
32867,24956,1390
32868,23736,420
32869,25060,1470
32870,24207,800
32871,27108,2990
32872,23310,70
32873,23810,480
32874,24269,850
32875,25943,2140
32876,33436,7050
32877,25073,1480
32878,23958,600
32879,25229,1600
32880,26787,2760
32881,23896,550
32882,24751,1230
32883,24840,1300
32884,23335,90
32885,23298,60
32886,24244,830
32887,24802,1270
32888,24282,860
32889,23995,630
32890,24471,1010
32891,24408,960
32892,23662,360
32893,23871,530
32894,23847,510
32895,26649,2660
32896,24057,680
32897,23810,480
32898,23626,330
32899,24119,730
32900,24345,910
32901,27617,3350
32902,24320,890
32903,26649,2660
32904,24446,990
32905,25268,1630
32906,24257,840
32907,28708,4100
32908,25929,2130
32909,26117,2270
32910,23810,480
32911,25596,1880
32912,25956,2150
32913,26704,2700
32914,27178,3040
32915,25359,1700
32916,24776,1250
32917,26635,2650
32918,24395,950
32919,23687,380
32920,23601,310
32921,24700,1190
32922,23797,470
32923,25609,1890
32924,24521,1050
32925,25557,1850
32926,24547,1070
32927,24420,970
32928,23859,520
32929,24057,680
32930,23407,150
32931,24789,1260
32932,23383,130
32933,25755,2000
32934,24789,1260
32935,23492,220
32936,24332,900
32937,25215,1590
32938,24458,1000
32939,25983,2170
32940,27164,3030
32941,25662,1930
32942,23577,290
32943,25047,1460
32944,25255,1620
32945,23699,390
32946,24687,1180
32947,23565,280
32948,25124,1520
32949,25242,1610
32950,28723,4110
32951,23834,500
32952,24725,1210
32953,23834,500
32954,25111,1510
32955,25150,1540
32956,25229,1600
32957,25491,1800
32958,23847,510
32959,28723,4110
32960,24776,1250
32961,24918,1360
32962,29247,4460
32963,24382,940
32964,25111,1510
32965,29812,4830
32966,24483,1020
32967,23724,410
32968,25596,1880
32969,28121,3700
32970,24370,930
32971,23921,570
32972,28428,3910
32973,27150,3020
32974,24496,1030
32975,26063,2230
32976,24930,1370
32977,25451,1770
32978,25202,1580
32979,27446,3230
32980,26829,2790
32981,24802,1270
32982,25729,1980
32983,24943,1380
32984,26185,2320
32985,25229,1600
32986,24157,760
32987,24853,1310
32988,23908,560
32989,24496,1030
32990,24157,760
32991,24446,990
32992,24020,650
32993,24585,1100
32994,25242,1610
32995,25111,1510
32996,24776,1250
32997,23933,580
32998,23407,150
32999,24069,690
33000,23383,130
33001,24509,1040
33002,23933,580
33003,25729,1980
33004,24995,1420
33005,24345,910
33006,23933,580
33007,26498,2550
33008,24244,830
33009,23589,300
33010,23736,420
33011,25255,1620
33012,24420,970
33013,24307,880
33014,27122,3000
33015,25649,1920
33016,24020,650
33017,24687,1180
33018,25189,1570
33019,24357,920
33020,25570,1860
33021,23785,460
33022,25596,1880
33023,23896,550
33024,23933,580
33025,24521,1050
33026,23711,400
33027,26362,2450
33028,23335,90
33029,25294,1650
33030,23995,630
33031,24144,750
33032,26968,2890
33033,24649,1150
33034,25956,2150
33035,23480,210
33036,25464,1780
33037,23662,360
33038,25189,1570
33039,23431,170
33040,24687,1180
33041,23995,630
33042,30958,5560
33043,25359,1700
33044,24789,1260
33045,27178,3040
33046,24244,830
33047,23983,620
33048,24789,1260
33049,24032,660
33050,23847,510
33051,28531,3980
33052,27832,3500
33053,24572,1090
33054,23773,450
33055,24610,1120
33056,25073,1480
33057,23359,110
33058,23970,610
33059,24649,1150
33060,23577,290
33061,24918,1360
33062,24182,780
33063,26023,2200
33064,25809,2040
33065,23614,320
33066,24282,860
33067,24572,1090
33068,24282,860
33069,24572,1090
33070,23871,530
33071,24649,1150
33072,24458,1000
33073,23958,600
33074,26968,2890
33075,23933,580
33076,23468,200
33077,24294,870
33078,25073,1480
33079,25202,1580
33080,25307,1660
33081,28019,3630
33082,23601,310
33083,24687,1180
33084,24194,790
33085,24956,1390
33086,24547,1070
33087,24547,1070
33088,24057,680
33089,23492,220
33090,24244,830
33091,26158,2300
33092,24219,810
33093,24007,640
33094,24119,730
33095,25150,1540
33096,23601,310
33097,24789,1260
33098,24776,1250
33099,26226,2350
33100,25557,1850
33101,27164,3030
33102,25255,1620
33103,24207,800
33104,23480,210
33105,23773,450
33106,24408,960
33107,23983,620
33108,25809,2040
33109,23662,360
33110,24918,1360
33111,25034,1450
33112,23298,60
33113,26526,2570
33114,23884,540
33115,24132,740
33116,23921,570
33117,25073,1480
33118,23983,620
33119,25008,1430
33120,24357,920
33121,26704,2700
33122,24094,710
33123,27688,3400
33124,23711,400
33125,23834,500
33126,23871,530
33127,30278,5130
33128,23945,590
33129,28164,3730
33130,24496,1030
33131,26199,2330
33132,24107,720
33133,30262,5120
33134,23958,600
33135,23834,500
33136,23785,460
33137,23908,560
33138,24610,1120
33139,23419,160
33140,24370,930
33141,27788,3470
33142,23614,320
33143,24471,1010
33144,24610,1120
33145,24332,900
33146,23834,500
33147,26677,2680
33148,23896,550
33149,28501,3960
33150,24918,1360
33151,25034,1450
33152,25636,1910
33153,24395,950
33154,27961,3590
33155,24610,1120
33156,23504,230
33157,24007,640
33158,24157,760
33159,25543,1840
33160,23540,260
33161,24636,1140
33162,23468,200
33163,23650,350
33164,25008,1430
33165,24119,730
33166,25176,1560
33167,26158,2300
33168,23359,110
33169,24918,1360
33170,24032,660
33171,24598,1110
33172,25464,1780
33173,27220,3070
33174,23492,220
33175,26732,2720
33176,25623,1900
33177,25073,1480
33178,25983,2170
33179,25902,2110
33180,23896,550
33181,25385,1720
33182,23650,350
33183,26117,2270
33184,24269,850
33185,25889,2100
33186,25477,1790
33187,24144,750
33188,24815,1280
33189,24700,1190
33190,25623,1900
33191,24307,880
33192,23626,330
33193,25281,1640
33194,23871,530
33195,23675,370
33196,23871,530
33197,24572,1090
33198,25876,2090
33199,26430,2500
33200,26773,2750
33201,23933,580
33202,25085,1490
33203,23455,190
33204,26526,2570
33205,23834,500
33206,24828,1290
33207,23589,300
33208,23589,300
33209,24789,1260
33210,25060,1470
33211,26704,2700
33212,23933,580
33213,24840,1300
33214,23847,510
33215,24357,920
33216,23884,540
33217,24969,1400
33218,26104,2260
33219,26321,2420
33220,23748,430
33221,24725,1210
33222,26023,2200
33223,24420,970
33224,24483,1020
33225,24866,1320
33226,23431,170
33227,24107,720
33228,23724,410
33229,23711,400
33230,23589,300
33231,23553,270
33232,23395,140
33233,23516,240
33234,25163,1550
33235,23995,630
33236,27262,3100
33237,27066,2960
33238,24828,1290
33239,27304,3130
33240,25268,1630
33241,23945,590
33242,26954,2880
33243,24345,910
33244,24408,960
33245,24420,970
33246,23455,190
33247,23407,150
33248,23908,560
33249,24395,950
33250,23626,330
33251,23822,490
33252,25451,1770
33253,26635,2650
33254,24269,850
33255,29097,4360
33256,24007,640
33257,27560,3310
33258,26171,2310
33259,25822,2050
33260,24534,1060
33261,23687,380
33262,24408,960
33263,24433,980
33264,23675,370
33265,24057,680
33266,25137,1530
33267,23565,280
33268,23983,620
33269,23286,50
33270,23614,320
33271,23480,210
33272,24496,1030
33273,26608,2630
33274,24357,920
33275,25676,1940
33276,23896,550
33277,24294,870
33278,24840,1300
33279,24207,800
33280,23626,330
33281,25755,2000
33282,23983,620
33283,24420,970
33284,25255,1620
33285,25889,2100
33286,25451,1770
33287,27932,3570
33288,24032,660
33289,24725,1210
33290,24687,1180
33291,23896,550
33292,24169,770
33293,25742,1990
33294,23896,550
33295,25021,1440
33296,27066,2960
33297,23724,410
33298,24560,1080
33299,23945,590
33300,23516,240
33301,24840,1300
33302,23945,590
33303,26594,2620
33304,24408,960
33305,23419,160
33306,31070,5630
33307,23286,50
33308,26131,2280
33309,25916,2120
33310,26293,2400
33311,23834,500
33312,23286,50
33313,24560,1080
33314,23834,500
33315,24069,690
33316,27702,3410
33317,26484,2540
33318,25385,1720
33319,25438,1760
33320,24119,730
33321,23662,360
33322,23577,290
33323,24119,730
33324,26226,2350
33325,24483,1020
33326,23626,330
33327,23773,450
33328,24232,820
33329,23983,620
33330,23921,570
33331,25034,1450
33332,24182,780
33333,23773,450
33334,25137,1530
33335,24269,850
33336,23480,210
33337,24930,1370
33338,24738,1220
33339,23431,170
33340,24219,810
33341,26968,2890
33342,26760,2740
33343,23492,220
33344,23675,370
33345,23822,490
33346,25570,1860
33347,28902,4230
33348,23589,300
33349,23371,120
33350,24521,1050
33351,24661,1160
33352,24930,1370
33353,23407,150
33354,23983,620
33355,23748,430
33356,24194,790
33357,26063,2230
33358,24879,1330
33359,23528,250
33360,26171,2310
33361,23407,150
33362,24032,660
33363,25438,1760
33364,25729,1980
33365,23958,600
33366,23995,630
33367,24610,1120
33368,26402,2480
33369,25609,1890
33370,24182,780
33371,25557,1850
33372,24610,1120
33373,23371,120
33374,23896,550
33375,25124,1520
33376,23687,380
33377,25822,2050
33378,24433,980
33379,23896,550
33380,23371,120
33381,23748,430
33382,24207,800
33383,23528,250
33384,24674,1170
33385,25034,1450
33386,23773,450
33387,25137,1530
33388,23773,450
33389,24521,1050
33390,24132,740
33391,23859,520
33392,25124,1520
33393,25889,2100
33394,26239,2360
33395,26362,2450
33396,25163,1550
33397,25862,2080
33398,24521,1050
33399,24661,1160
33400,25242,1610
33401,26884,2830
33402,27688,3400
33403,23601,310
33404,27234,3080
33405,24918,1360
33406,23699,390
33407,23419,160
33408,24069,690
33409,24918,1360
33410,24370,930
33411,26158,2300
33412,25242,1610
33413,24712,1200
33414,24458,1000
33415,24395,950
33416,26940,2870
33417,24943,1380
33418,23687,380
33419,24282,860
33420,23995,630
33421,25008,1430
33422,24144,750
33423,26171,2310
33424,25359,1700
33425,24157,760
33426,26362,2450
33427,25294,1650
33428,24069,690
33429,25702,1960
33430,25530,1830
33431,24995,1420
33432,28048,3650
33433,23626,330
33434,24471,1010
33435,25137,1530
33436,23921,570
33437,25399,1730
33438,25517,1820
33439,23468,200
33440,26063,2230
33441,23455,190
33442,23687,380
33443,23675,370
33444,25769,2010
33445,24751,1230
33446,23908,560
33447,26117,2270
33448,24020,650
33449,24496,1030
33450,25609,1890
33451,23921,570
33452,25333,1680
33453,24687,1180
33454,25862,2080
33455,27418,3210
33456,24433,980
33457,23871,530
33458,28048,3650
33459,24969,1400
33460,25008,1430
33461,25996,2180
33462,25385,1720
33463,26704,2700
33464,25412,1740
33465,24119,730
33466,26402,2480
33467,24244,830
33468,24446,990
33469,23810,480
33470,26512,2560
33471,23958,600
33472,23995,630
33473,24157,760
33474,24408,960
33475,23871,530
33476,24382,940
33477,23589,300
33478,23797,470
33479,25596,1880
33480,23958,600
33481,25412,1740
33482,24509,1040
33483,24610,1120
33484,23847,510
33485,24483,1020
33486,24382,940
33487,23504,230
33488,24144,750
33489,24194,790
33490,25676,1940
33491,24458,1000
33492,24763,1240
33493,24560,1080
33494,26787,2760
33495,23687,380
33496,24623,1130
33497,36432,8710
33498,24943,1380
33499,27961,3590
33500,24420,970
33501,24269,850
33502,24712,1200
33503,23810,480
33504,24069,690
33505,24119,730
33506,25956,2150
33507,24496,1030
33508,25255,1620
33509,25229,1600
33510,26307,2410
33511,23921,570
33512,23970,610
33513,24032,660
33514,25822,2050
33515,25359,1700
33516,23773,450
33517,23577,290
33518,25008,1430
33519,24840,1300
33520,24345,910
33521,24107,720
33522,24232,820
33523,23834,500
33524,24969,1400
33525,24458,1000
33526,23359,110
33527,24408,960
33528,24763,1240
33529,26050,2220
33530,24420,970
33531,26144,2290
33532,24866,1320
33533,24725,1210
33534,25769,2010
33535,25215,1590
33536,23371,120
33537,24738,1220
33538,26375,2460
33539,23687,380
33540,24007,640
33541,25862,2080
33542,28179,3740
33543,23226,0
33544,24738,1220
33545,24433,980
33546,25281,1640
33547,25098,1500
33548,27038,2940
33549,23871,530
33550,25916,2120
33551,24649,1150
33552,24969,1400
33553,24815,1280
33554,23785,460
33555,24433,980
33556,23970,610
33557,23322,80
33558,25294,1650
33559,23785,460
33560,24547,1070
33561,26158,2300
33562,23540,260
33563,27460,3240
33564,24892,1340
33565,23347,100
33566,23736,420
33567,26843,2800
33568,23983,620
33569,24738,1220
33570,24995,1420
33571,26526,2570
33572,24007,640
33573,24282,860
33574,23970,610
33575,24879,1330
33576,25491,1800
33577,25570,1860
33578,25359,1700
33579,23933,580
33580,29658,4730
33581,24032,660
33582,24169,770
33583,23760,440
33584,25504,1810
33585,24094,710
33586,24534,1060
33587,25098,1500
33588,23822,490
33589,25202,1580
33590,27403,3200
33591,23896,550
33592,24828,1290
33593,23286,50
33594,24687,1180
33595,24370,930
33596,26898,2840
33597,23884,540
33598,24420,970
33599,26649,2660
33600,24918,1360
33601,25996,2180
33602,24294,870
33603,24119,730
33604,25385,1720
33605,24610,1120
33606,26199,2330
33607,24132,740
33608,24345,910
33609,23871,530
33610,27574,3320
33611,24892,1340
33612,24598,1110
33613,27319,3140
33614,25570,1860
33615,24725,1210
33616,23810,480
33617,24144,750
33618,24969,1400
33619,24458,1000
33620,24207,800
33621,23834,500
33622,24930,1370
33623,25570,1860
33624,25755,2000
33625,24144,750
33626,23958,600
33627,28604,4030
33628,30044,4980
33629,26982,2900
33630,26996,2910
33631,23871,530
33632,25412,1740
33633,23773,450
33634,24649,1150
33635,26512,2560
33636,24815,1280
33637,23711,400
33638,24282,860
33639,24956,1390
33640,23468,200
33641,26787,2760
33642,24320,890
33643,23540,260
33644,27375,3180
33645,26307,2410
33646,26239,2360
33647,23970,610
33648,24007,640
33649,26348,2440
33650,24725,1210
33651,23983,620
33652,25702,1960
33653,24687,1180
33654,26580,2610
33655,23871,530
33656,24057,680
33657,26898,2840
33658,24357,920
33659,24232,820
33660,24395,950
33661,26253,2370
33662,24521,1050
33663,23262,30
33664,24828,1290
33665,23262,30
33666,24194,790
33667,31670,6000
33668,24610,1120
33669,27192,3050
33670,27832,3500
33671,24892,1340
33672,27052,2950
33673,24610,1120
33674,25346,1690
33675,26954,2880
33676,24572,1090
33677,24892,1340
33678,25073,1480
33679,24802,1270
33680,24776,1250
33681,25163,1550
33682,23395,140
33683,24269,850
33684,23983,620
33685,24332,900
33686,23797,470
33687,23736,420
33688,26635,2650
33689,23687,380
33690,27178,3040
33691,24232,820
33692,27674,3390
33693,23748,430
33694,24969,1400
33695,24649,1150
33696,25862,2080
33697,27904,3550
33698,24069,690
33699,24219,810
33700,23286,50
33701,24853,1310
33702,24815,1280
33703,23274,40
33704,24219,810
33705,27418,3210
33706,24307,880
33707,25412,1740
33708,23724,410
33709,30059,4990
33710,30293,5140
33711,23748,430
33712,24560,1080
33713,23601,310
33714,26239,2360
33715,23480,210
33716,25543,1840
33717,26226,2350
33718,27432,3220
33719,24345,910
33720,24446,990
33721,23492,220
33722,23226,0
33723,23847,510
33724,25729,1980
33725,24069,690
33726,24943,1380
33727,23773,450
33728,23322,80
33729,24866,1320
33730,23238,10
33731,26608,2630
33732,23553,270
33733,24007,640
33734,24045,670
33735,24636,1140
33736,23933,580
33737,24905,1350
33738,23908,560
33739,23310,70
33740,28208,3760
33741,24282,860
33742,24144,750
33743,24789,1260
33744,24032,660
33745,23871,530
33746,26649,2660
33747,24866,1320
33748,24751,1230
33749,23711,400
33750,28827,4180
33751,24420,970
33752,23995,630
33753,26457,2520
33754,26389,2470
33755,24207,800
33756,24370,930
33757,23760,440
33758,25451,1770
33759,25464,1780
33760,26954,2880
33761,24751,1230
33762,24560,1080
33763,27889,3540
33764,23945,590
33765,26649,2660
33766,23443,180
33767,24244,830
33768,23995,630
33769,28693,4090
33770,25889,2100
33771,26117,2270
33772,24057,680
33773,25333,1680
33774,24057,680
33775,26416,2490
33776,24219,810
33777,25782,2020
33778,24738,1220
33779,24244,830
33780,23662,360
33781,24119,730
33782,24802,1270
33783,24458,1000
33784,27645,3370
33785,24219,810
33786,25425,1750
33787,24433,980
33788,25596,1880
33789,24995,1420
33790,24712,1200
33791,23983,620
33792,26158,2300
33793,25530,1830
33794,23662,360
33795,24547,1070
33796,25662,1930
33797,23528,250
33798,23589,300
33799,24420,970
33800,25320,1670
33801,30013,4960
33802,23274,40
33803,24892,1340
33804,24763,1240
33805,25570,1860
33806,27889,3540
33807,25359,1700
33808,24345,910
33809,23724,410
33810,23983,620
33811,25916,2120
33812,24207,800
33813,24738,1220
33814,26375,2460
33815,24032,660
33816,23859,520
33817,24032,660
33818,26996,2910
33819,25464,1780
33820,23810,480
33821,24357,920
33822,24534,1060
33823,24370,930
33824,25399,1730
33825,24032,660
33826,24547,1070
33827,25255,1620
33828,24395,950
33829,25150,1540
33830,23958,600
33831,25098,1500
33832,26199,2330
33833,24207,800
33834,23785,460
33835,26037,2210
33836,24269,850
33837,25969,2160
33838,25956,2150
33839,27248,3090
33840,23419,160
33841,23395,140
33842,25729,1980
33843,24725,1210
33844,23908,560
33845,24094,710
33846,24119,730
33847,25438,1760
33848,28106,3690
33849,23921,570
33850,23773,450
33851,23810,480
33852,25464,1780
33853,25425,1750
33854,24956,1390
33855,24802,1270
33856,24257,840
33857,24382,940
33858,23528,250
33859,24828,1290
33860,23589,300
33861,24892,1340
33862,23711,400
33863,23896,550
33864,23601,310
33865,26622,2640
33866,24918,1360
33867,27220,3070
33868,32837,6700
33869,27094,2980
33870,25202,1580
33871,29097,4360
33872,25956,2150
33873,27164,3030
33874,23347,100
33875,23736,420
33876,25034,1450
33877,24144,750
33878,23921,570
33879,27688,3400
33880,24534,1060
33881,25268,1630
33882,25333,1680
33883,27164,3030
33884,24840,1300
33885,26402,2480
33886,25623,1900
33887,28442,3920
33888,25716,1970
33889,28917,4240
33890,24182,780
33891,26402,2480
33892,23565,280
33893,23250,20
33894,25755,2000
33895,27262,3100
33896,24094,710
33897,26144,2290
33898,24738,1220
33899,25795,2030
33900,23736,420
33901,23958,600
33902,33523,7100
33903,24969,1400
33904,25451,1770
33905,24207,800
33906,23921,570
33907,25809,2040
33908,24828,1290
33909,27347,3160
33910,24382,940
33911,24700,1190
33912,23773,450
33913,26801,2770
33914,23274,40
33915,24169,770
33916,24382,940
33917,25956,2150
33918,24802,1270
33919,24560,1080
33920,27178,3040
33921,24610,1120
33922,23298,60
33923,25983,2170
33924,24132,740
33925,25021,1440
33926,24789,1260
33927,33298,6970
33928,23884,540
33929,24509,1040
33930,26266,2380
33931,24420,970
33932,25902,2110
33933,24420,970
33934,24610,1120
33935,25008,1430
33936,24082,700
33937,24483,1020
33938,24700,1190
33939,25530,1830
33940,23810,480
33941,25623,1900
33942,26567,2600
33943,24751,1230
33944,24182,780
33945,25689,1950
33946,24446,990
33947,25702,1960
33948,24700,1190
33949,23298,60
33950,26954,2880
33951,24345,910
33952,27489,3260
33953,23933,580
33954,23687,380
33955,27066,2960
33956,23847,510
33957,23785,460
33958,24032,660
33959,23359,110
33960,25320,1670
33961,25255,1620
33962,23970,610
33963,23335,90
33964,33230,6930
33965,24433,980
33966,26663,2670
33967,23970,610
33968,24649,1150
33969,26266,2380
33970,25047,1460
33971,24144,750
33972,26622,2640
33973,23468,200
33974,25809,2040
33975,24207,800
33976,31917,6150
33977,24969,1400
33978,25425,1750
33979,23945,590
33980,25916,2120
33981,23797,470
33982,28753,4130
33983,24458,1000
33984,24802,1270
33985,25359,1700
33986,25060,1470
33987,24320,890
33988,26870,2820
33989,24853,1310
33990,23650,350
33991,24534,1060
33992,25769,2010
33993,26402,2480
33994,27234,3080
33995,28842,4190
33996,24433,980
33997,25636,1910
33998,24534,1060
33999,33367,7010
34000,23983,620
34001,24332,900
34002,23810,480
34003,24420,970
34004,24144,750
34005,25425,1750
34006,24636,1140
34007,25189,1570
34008,27024,2930
34009,24082,700
34010,28223,3770
34011,25702,1960
34012,23711,400
34013,24471,1010
34014,25189,1570
34015,25073,1480
34016,24182,780
34017,25137,1530
34018,23933,580
34019,23675,370
34020,26857,2810
34021,24956,1390
34022,24144,750
34023,25636,1910
34024,23773,450
34025,23407,150
34026,25769,2010
34027,24905,1350
34028,24789,1260
34029,25464,1780
34030,24182,780
34031,26131,2280
34032,25983,2170
34033,24320,890
34034,23871,530
34035,23650,350
34036,26063,2230
34037,24420,970
34038,25716,1970
34039,25085,1490
34040,25943,2140
34041,29612,4700
34042,25294,1650
34043,25517,1820
34044,23286,50
34045,27688,3400
34046,24509,1040
34047,23711,400
34048,27545,3300
34049,24107,720
34050,23995,630
34051,24257,840
34052,25073,1480
34053,23958,600
34054,23347,100
34055,24879,1330
34056,25795,2030
34057,27846,3510
34058,25769,2010
34059,23395,140
34060,23970,610
34061,23504,230
34062,23650,350
34063,23760,440
34064,24776,1250
34065,23286,50
34066,27645,3370
34067,23589,300
34068,23797,470
34069,24636,1140
34070,23322,80
34071,23933,580
34072,26677,2680
34073,23577,290
34074,25189,1570
34075,26760,2740
34076,25996,2180
34077,26226,2350
34078,24045,670
34079,24751,1230
34080,25163,1550
34081,24182,780
34082,27788,3470
34083,24282,860
34084,25255,1620
34085,25268,1630
34086,24020,650
34087,25662,1930
34088,24320,890
34089,24307,880
34090,24244,830
34091,23492,220
34092,24496,1030
34093,25822,2050
34094,24169,770
34095,24244,830
34096,25255,1620
34097,24057,680
34098,25073,1480
34099,24420,970
34100,24585,1100
34101,28121,3700
34102,23859,520
34103,23675,370
34104,25755,2000
34105,27418,3210
34106,25111,1510
34107,25111,1510
34108,24169,770
34109,25098,1500
34110,25969,2160
34111,26416,2490
34112,23748,430
34113,23822,490
34114,25916,2120
34115,24598,1110
34116,25636,1910
34117,24661,1160
34118,24725,1210
34119,25098,1500
34120,23347,100
34121,24802,1270
34122,25320,1670
34123,25176,1560
34124,24700,1190
34125,24700,1190
34126,25034,1450
34127,23834,500
34128,25268,1630
34129,24094,710
34130,26212,2340
34131,27489,3260
34132,28063,3660
34133,23797,470
34134,23724,410
34135,24069,690
34136,25530,1830
34137,24320,890
34138,24623,1130
34139,24307,880
34140,25008,1430
34141,24345,910
34142,23540,260
34143,23687,380
34144,23810,480
34145,25716,1970
34146,25307,1660
34147,25176,1560
34148,25281,1640
34149,24509,1040
34150,24751,1230
34151,25782,2020
34152,29187,4420
34153,26348,2440
34154,27702,3410
34155,23871,530
34156,23589,300
34157,24802,1270
34158,24610,1120
34159,25268,1630
34160,24610,1120
34161,24294,870
34162,23884,540
34163,27446,3230
34164,24244,830
34165,27702,3410
34166,25372,1710
34167,25676,1940
34168,25835,2060
34169,24082,700
34170,25729,1980
34171,23699,390
34172,23970,610
34173,24687,1180
34174,25021,1440
34175,24157,760
34176,24712,1200
34177,23995,630
34178,25543,1840
34179,25530,1830
34180,24879,1330
34181,23443,180
34182,25464,1780
34183,26226,2350
34184,24853,1310
34185,24269,850
34186,24700,1190
34187,25008,1430
34188,24853,1310
34189,23310,70
34190,23540,260
34191,23797,470
34192,25862,2080
34193,26815,2780
34194,23785,460
34195,23504,230
34196,24194,790
34197,23908,560
34198,24636,1140
34199,23797,470
34200,25543,1840
34201,26037,2210
34202,24144,750
34203,23859,520
34204,24207,800
34205,31167,5690
34206,25268,1630
34207,26512,2560
34208,24982,1410
34209,25215,1590
34210,26158,2300
34211,23322,80
34212,26293,2400
34213,23908,560
34214,25543,1840
34215,29157,4400
34216,24496,1030
34217,23785,460
34218,23983,620
34219,23626,330
34220,25702,1960
34221,25111,1510
34222,23516,240
34223,24219,810
34224,23945,590
34225,26677,2680
34226,30309,5150
34227,24496,1030
34228,24219,810
34229,23995,630
34230,24598,1110
34231,28325,3840
34232,23626,330
34233,36791,8900
34234,26622,2640
34235,26539,2580
34236,24905,1350
34237,23395,140
34238,27503,3270
34239,24700,1190
34240,23834,500
34241,23626,330
34242,26253,2370
34243,24282,860
34244,24219,810
34245,25862,2080
34246,24169,770
34247,24725,1210
34248,30325,5160
34249,24802,1270
34250,23871,530
34251,25451,1770
34252,23921,570
34253,27024,2930
34254,25111,1510
34255,24119,730
34256,25412,1740
34257,24207,800
34258,23226,0
34259,25385,1720
34260,27947,3580
34261,25755,2000
34262,24408,960
34263,26389,2470
34264,24207,800
34265,26063,2230
34266,23884,540
34267,24725,1210
34268,25464,1780
34269,25111,1510
34270,23383,130
34271,27976,3600
34272,25451,1770
34273,24763,1240
34274,23834,500
34275,24763,1240
34276,23492,220
34277,24560,1080
34278,26926,2860
34279,25956,2150
34280,26787,2760
34281,23468,200
34282,23748,430
34283,24496,1030
34284,27817,3490
34285,25862,2080
34286,25111,1510
34287,23383,130
34288,26663,2670
34289,26362,2450
34290,24610,1120
34291,25229,1600
34292,25769,2010
34293,24332,900
34294,24219,810
34295,24232,820
34296,24282,860
34297,24879,1330
34298,25451,1770
34299,24232,820
34300,24269,850
34301,23638,340
34302,26773,2750
34303,25307,1660
34304,24082,700
34305,23687,380
34306,23419,160
34307,23748,430
34308,24282,860
34309,24370,930
34310,29505,4630
34311,24649,1150
34312,24598,1110
34313,29278,4480
34314,24194,790
34315,23847,510
34316,24572,1090
34317,23847,510
34318,24598,1110
34319,25689,1950
34320,26870,2820
34321,24370,930
34322,24057,680
34323,24776,1250
34324,24751,1230
34325,23614,320
34326,24547,1070
34327,25346,1690
34328,27403,3200
34329,23933,580
34330,24623,1130
34331,27545,3300
34332,23859,520
34333,23760,440
34334,23724,410
34335,26362,2450
34336,25929,2130
34337,24370,930
34338,26567,2600
34339,24307,880
34340,23748,430
34341,24244,830
34342,24032,660
34343,24294,870
34344,25385,1720
34345,24094,710
34346,25943,2140
34347,24282,860
34348,25623,1900
34349,23675,370
34350,24471,1010
34351,25412,1740
34352,23274,40
34353,24918,1360
34354,24433,980
34355,28649,4060
34356,25359,1700
34357,26117,2270
34358,24207,800
34359,23675,370
34360,27136,3010
34361,23468,200
34362,23226,0
34363,24496,1030
34364,25008,1430
34365,25294,1650
34366,25491,1800
34367,24674,1170
34368,24182,780
34369,25983,2170
34370,23724,410
34371,24269,850
34372,24357,920
34373,26677,2680
34374,27446,3230
34375,24433,980
34376,24840,1300
34377,26362,2450
34378,26226,2350
34379,25189,1570
34380,24119,730
34381,23492,220
34382,24661,1160
34383,23359,110
34384,25215,1590
34385,24943,1380
34386,24458,1000
34387,23995,630
34388,30309,5150
34389,25111,1510
34390,24433,980
34391,28797,4160
34392,25346,1690
34393,24244,830
34394,23983,620
34395,24332,900
34396,24866,1320
34397,25609,1890
34398,24182,780
34399,24395,950
34400,28917,4240
34401,29597,4690
34402,26063,2230
34403,25073,1480
34404,25085,1490
34405,26912,2850
34406,23614,320
34407,24661,1160
34408,25346,1690
34409,25281,1640
34410,23310,70
34411,24471,1010
34412,24496,1030
34413,26037,2210
34414,23847,510
34415,26050,2220
34416,29490,4620
34417,23443,180
34418,24370,930
34419,24802,1270
34420,24107,720
34421,23516,240
34422,29490,4620
34423,24840,1300
34424,24738,1220
34425,24828,1290
34426,24332,900
34427,24918,1360
34428,24057,680
34429,24776,1250
34430,25098,1500
34431,24057,680
34432,25689,1950
34433,24045,670
34434,23419,160
34435,24636,1140
34436,26293,2400
34437,28005,3620
34438,24370,930
34439,24828,1290
34440,23650,350
34441,24623,1130
34442,24345,910
34443,24585,1100
34444,23589,300
34445,25176,1560
34446,23810,480
34447,24725,1210
34448,25956,2150
34449,26622,2640
34450,24169,770
34451,24332,900
34452,24636,1140
34453,24674,1170
34454,24244,830
34455,24320,890
34456,24649,1150
34457,25425,1750
34458,24471,1010
34459,24194,790
34460,23933,580
34461,24294,870
34462,24995,1420
34463,24649,1150
34464,25359,1700
34465,26362,2450
34466,24572,1090
34467,23250,20
34468,28063,3660
34469,24598,1110
34470,25742,1990
34471,23614,320
34472,24082,700
34473,24332,900
34474,25517,1820
34475,27220,3070
34476,27234,3080
34477,26416,2490
34478,27918,3560
34479,24751,1230
34480,26829,2790
34481,24107,720
34482,24636,1140
34483,24725,1210
34484,23822,490
34485,24892,1340
34486,24930,1370
34487,23638,340
34488,24332,900
34489,25385,1720
34490,24032,660
34491,24789,1260
34492,23834,500
34493,23335,90
34494,25543,1840
34495,24294,870
34496,24687,1180
34497,24282,860
34498,24853,1310
34499,25451,1770
34500,26199,2330
34501,25242,1610
34502,23921,570
34503,24956,1390
34504,27760,3450
34505,23589,300
34506,23711,400
34507,23238,10
34508,27024,2930
34509,23958,600
34510,24094,710
34511,24107,720
34512,24610,1120
34513,24082,700
34514,24370,930
34515,23847,510
34516,23773,450
34517,26691,2690
34518,25609,1890
34519,24687,1180
34520,25346,1690
34521,24446,990
34522,26010,2190
34523,30466,5250
34524,24802,1270
34525,24560,1080
34526,24751,1230
34527,24057,680
34528,25163,1550
34529,26567,2600
34530,23335,90
34531,24585,1100
34532,25137,1530
34533,25583,1870
34534,24982,1410
34535,25202,1580
34536,24257,840
34537,24257,840
34538,23896,550
34539,23736,420
34540,23262,30
34541,24905,1350
34542,24382,940
34543,24132,740
34544,26293,2400
34545,24169,770
34546,23601,310
34547,23859,520
34548,24840,1300
34549,23921,570
34550,25849,2070
34551,23577,290
34552,23711,400
34553,23662,360
34554,24905,1350
34555,23675,370
34556,24623,1130
34557,25137,1530
34558,24382,940
34559,23995,630
34560,25755,2000
34561,24560,1080
34562,24610,1120
34563,25583,1870
34564,23626,330
34565,24674,1170
34566,26171,2310
34567,24879,1330
34568,27010,2920
34569,27846,3510
34570,23298,60
34571,24069,690
34572,24320,890
34573,23687,380
34574,23480,210
34575,23347,100
34576,23748,430
34577,23970,610
34578,23847,510
34579,24572,1090
34580,26090,2250
34581,25809,2040
34582,24956,1390
34583,25320,1670
34584,23626,330
34585,23286,50
34586,24623,1130
34587,23958,600
34588,25809,2040
34589,28723,4110
34590,25202,1580
34591,27375,3180
34592,24521,1050
34593,25557,1850
34594,25215,1590
34595,24007,640
34596,24408,960
34597,24866,1320
34598,25649,1920
34599,27136,3010
34600,23970,610
34601,24144,750
34602,25425,1750
34603,26158,2300
34604,23945,590
34605,25809,2040
34606,23589,300
34607,23921,570
34608,24119,730
34609,23638,340
34610,23371,120
34611,24269,850
34612,24534,1060
34613,24763,1240
34614,23371,120
34615,24194,790
34616,23847,510
34617,25596,1880
34618,28797,4160
34619,26884,2830
34620,25596,1880
34621,23871,530
34622,23577,290
34623,24032,660
34624,24969,1400
34625,23834,500
34626,24370,930
34627,24725,1210
34628,25889,2100
34629,24483,1020
34630,24509,1040
34631,25876,2090
34632,24244,830
34633,24483,1020
34634,23662,360
34635,24332,900
34636,28164,3730
34637,28121,3700
34638,23896,550
34639,24082,700
34640,26266,2380
34641,23443,180
34642,25464,1780
34643,25189,1570
34644,27038,2940
34645,23699,390
34646,24674,1170
34647,24458,1000
34648,23859,520
34649,26471,2530
34650,25060,1470
34651,23431,170
34652,27645,3370
34653,24623,1130
34654,24982,1410
34655,26199,2330
34656,24020,650
34657,25729,1980
34658,24269,850
34659,25676,1940
34660,24207,800
34661,23419,160
34662,24712,1200
34663,23970,610
34664,26185,2320
34665,23908,560
34666,24712,1200
34667,24840,1300
34668,27788,3470
34669,24069,690
34670,24866,1320
34671,24458,1000
34672,26649,2660
34673,26050,2220
34674,24257,840
34675,26512,2560
34676,23958,600
34677,25176,1560
34678,24395,950
34679,23540,260
34680,23810,480
34681,29202,4430
34682,26077,2240
34683,24282,860
34684,24219,810
34685,24057,680
34686,25929,2130
34687,28961,4270
34688,23504,230
34689,24879,1330
34690,25137,1530
34691,24471,1010
34692,24521,1050
34693,23662,360
34694,23359,110
34695,24433,980
34696,26553,2590
34697,24269,850
34698,31638,5980
34699,24219,810
34700,25557,1850
34701,24483,1020
34702,36244,8610
34703,23662,360
34704,24982,1410
34705,25333,1680
34706,24420,970
34707,23699,390
34708,24789,1260
34709,24930,1370
34710,25281,1640
34711,23431,170
34712,25916,2120
34713,33367,7010
34714,25636,1910
34715,23577,290
34716,26037,2210
34717,25085,1490
34718,23724,410
34719,25956,2150
34720,23419,160
34721,24661,1160
34722,24930,1370
34723,24598,1110
34724,24382,940
34725,25176,1560
34726,24094,710
34727,28501,3960
34728,23492,220
34729,25085,1490
34730,24144,750
34731,24269,850
34732,24045,670
34733,23797,470
34734,26430,2500
34735,25047,1460
34736,23626,330
34737,23760,440
34738,25346,1690
34739,24257,840
34740,25464,1780
34741,28708,4100
34742,26375,2460
34743,25385,1720
34744,26293,2400
34745,24294,870
34746,24207,800
34747,25229,1600
34748,26430,2500
34749,25202,1580
34750,25916,2120
34751,24687,1180
34752,23699,390
34753,26416,2490
34754,24610,1120
34755,23884,540
34756,24458,1000
34757,24828,1290
34758,26171,2310
34759,24623,1130
34760,24982,1410
34761,24815,1280
34762,23983,620
34763,26539,2580
34764,25583,1870
34765,24547,1070
34766,24332,900
34767,28121,3700
34768,23577,290
34769,26704,2700
34770,23797,470
34771,27080,2970
34772,25849,2070
34773,24294,870
34774,25943,2140
34775,23468,200
34776,25716,1970
34777,23699,390
34778,24119,730
34779,25929,2130
34780,25425,1750
34781,25916,2120
34782,25543,1840
34783,24294,870
34784,23347,100
34785,24623,1130
34786,26594,2620
34787,24244,830
34788,23711,400
34789,23785,460
34790,25229,1600
34791,23711,400
34792,24661,1160
34793,25676,1940
34794,25729,1980
34795,25047,1460
34796,26567,2600
34797,24332,900
34798,24776,1250
34799,23650,350
34800,24345,910
34801,24232,820
34802,24725,1210
34803,23773,450
34804,24020,650
34805,26077,2240
34806,29505,4630
34807,23468,200
34808,23933,580
34809,25137,1530
34810,25676,1940
34811,24802,1270
34812,24700,1190
34813,25320,1670
34814,26471,2530
34815,27024,2930
34816,24446,990
34817,25649,1920
34818,24232,820
34819,24776,1250
34820,24828,1290
34821,23945,590
34822,25543,1840
34823,25491,1800
34824,25163,1550
34825,25438,1760
34826,23834,500
34827,24763,1240
34828,27503,3270
34829,25176,1560
34830,25176,1560
34831,23516,240
34832,23859,520
34833,23468,200
34834,23565,280
34835,25047,1460
34836,25862,2080
34837,23650,350
34838,23540,260
34839,23589,300
34840,26131,2280
34841,24471,1010
34842,24982,1410
34843,24853,1310
34844,27517,3280
34845,26077,2240
34846,24282,860
34847,24045,670
34848,27531,3290
34849,25491,1800
34850,24866,1320
34851,26104,2260
34852,24547,1070
34853,23711,400
34854,23226,0
34855,23711,400
34856,28857,4200
34857,24219,810
34858,23638,340
34859,24182,780
34860,25849,2070
34861,23455,190
34862,23995,630
34863,24674,1170
34864,24458,1000
34865,23724,410
34866,24458,1000
34867,25163,1550
34868,26037,2210
34869,24496,1030
34870,24687,1180
34871,24674,1170
34872,26484,2540
34873,24815,1280
34874,25623,1900
34875,24892,1340
34876,25543,1840
34877,27010,2920
34878,28753,4130
34879,24408,960
34880,23871,530
34881,24969,1400
34882,23896,550
34883,24357,920
34884,24244,830
34885,24521,1050
34886,24144,750
34887,23748,430
34888,24725,1210
34889,24636,1140
34890,24282,860
34891,23797,470
34892,24370,930
34893,27080,2970
34894,27432,3220
34895,27688,3400
34896,23565,280
34897,24649,1150
34898,24866,1320
34899,24094,710
34900,25229,1600
34901,26773,2750
34902,25372,1710
34903,27108,2990
34904,24433,980
34905,27010,2920
34906,26677,2680
34907,26334,2430
34908,24560,1080
34909,24700,1190
34910,23834,500
34911,24157,760
34912,23492,220
34913,25530,1830
34914,26348,2440
34915,25702,1960
34916,25047,1460
34917,25809,2040
34918,23468,200
34919,25438,1760
34920,23983,620
34921,24725,1210
34922,26457,2520
34923,24534,1060
34924,24789,1260
34925,23760,440
34926,25333,1680
34927,23847,510
34928,24257,840
34929,25649,1920
34930,27976,3600
34931,25464,1780
34932,29889,4880
34933,23884,540
34934,23810,480
34935,26185,2320
34936,23760,440
34937,25047,1460
34938,27446,3230
34939,24751,1230
34940,24496,1030
34941,23933,580
34942,24623,1130
34943,26608,2630
34944,23553,270
34945,24471,1010
34946,24107,720
34947,23589,300
34948,24382,940
34949,23908,560
34950,24032,660
34951,23847,510
34952,24585,1100
34953,23286,50
34954,24918,1360
34955,23383,130
34956,23871,530
34957,24802,1270
34958,24194,790
34959,24789,1260
34960,23468,200
34961,25530,1830
34962,24282,860
34963,24776,1250
34964,23395,140
34965,24560,1080
34966,24307,880
34967,23528,250
34968,28106,3690
34969,23226,0
34970,23395,140
34971,23687,380
34972,25583,1870
34973,25983,2170
34974,25889,2100
34975,24560,1080
34976,24776,1250
34977,24069,690
34978,24815,1280
34979,24751,1230
34980,27319,3140
34981,26815,2780
34982,25438,1760
34983,25111,1510
34984,24307,880
34985,24320,890
34986,23650,350
34987,24020,650
34988,23650,350
34989,25176,1560
34990,25504,1810
34991,24082,700
34992,24776,1250
34993,24649,1150
34994,26158,2300
34995,23626,330
34996,23335,90
34997,25150,1540
34998,23601,310
34999,23773,450
35000,24420,970
35001,24007,640
35002,26226,2350
35003,23699,390
35004,24207,800
35005,28472,3940
35006,24382,940
35007,23958,600
35008,25929,2130
35009,23310,70
35010,24232,820
35011,24738,1220
35012,25215,1590
35013,25889,2100
35014,24057,680
35015,24244,830
35016,26117,2270
35017,25689,1950
35018,23407,150
35019,24069,690
35020,24307,880
35021,24636,1140
35022,24207,800
35023,26815,2780
35024,24636,1140
35025,26063,2230
35026,23516,240
35027,24496,1030
35028,23589,300
35029,25676,1940
35030,24649,1150
35031,27276,3110
35032,25202,1580
35033,25047,1460
35034,24905,1350
35035,25215,1590
35036,25163,1550
35037,23699,390
35038,24585,1100
35039,27038,2940
35040,26090,2250
35041,25557,1850
35042,24057,680
35043,24969,1400
35044,24509,1040
35045,24446,990
35046,24420,970
35047,24169,770
35048,23687,380
35049,24712,1200
35050,23760,440
35051,23995,630
35052,25689,1950
35053,24107,720
35054,24320,890
35055,25902,2110
35056,23896,550
35057,24969,1400
35058,26954,2880
35059,24585,1100
35060,25504,1810
35061,23528,250
35062,28531,3980
35063,26023,2200
35064,25438,1760
35065,24560,1080
35066,25307,1660
35067,24521,1050
35068,27024,2930
35069,25372,1710
35070,25835,2060
35071,25281,1640
35072,24572,1090
35073,23614,320
35074,25359,1700
35075,23785,460
35076,24534,1060
35077,24020,650
35078,26430,2500
35079,28398,3890
35080,26158,2300
35081,23650,350
35082,24840,1300
35083,23810,480
35084,24956,1390
35085,25333,1680
35086,26212,2340
35087,24395,950
35088,24776,1250
35089,25889,2100
35090,26226,2350
35091,23359,110
35092,25689,1950
35093,23945,590
35094,25202,1580
35095,24020,650
35096,25359,1700
35097,25464,1780
35098,25649,1920
35099,25399,1730
35100,24547,1070
35101,28034,3640
35102,23577,290
35103,25073,1480
35104,24082,700
35105,24332,900
35106,26484,2540
35107,23933,580
35108,23286,50
35109,24219,810
35110,23443,180
35111,24307,880
35112,24132,740
35113,24082,700
35114,28827,4180
35115,23589,300
35116,25255,1620
35117,25412,1740
35118,25769,2010
35119,24496,1030
35120,23650,350
35121,23958,600
35122,24119,730
35123,24763,1240
35124,24649,1150
35125,23419,160
35126,23896,550
35127,28369,3870
35128,23650,350
35129,25755,2000
35130,23443,180
35131,23711,400
35132,24357,920
35133,23540,260
35134,25047,1460
35135,24395,950
35136,23859,520
35137,25623,1900
35138,25163,1550
35139,24082,700
35140,23626,330
35141,25385,1720
35142,23322,80
35143,23286,50
35144,25320,1670
35145,32617,6570
35146,23238,10
35147,24320,890
35148,24182,780
35149,23359,110
35150,23711,400
35151,24169,770
35152,24157,760
35153,23226,0
35154,23347,100
35155,25849,2070
35156,24572,1090
35157,25255,1620
35158,25372,1710
35159,24471,1010
35160,25124,1520
35161,23773,450
35162,25047,1460
35163,24840,1300
35164,24521,1050
35165,26158,2300
35166,26226,2350
35167,26539,2580
35168,24269,850
35169,30450,5240
35170,24282,860
35171,24789,1260
35172,24420,970
35173,24269,850
35174,25098,1500
35175,26212,2340
35176,23516,240
35177,23810,480
35178,24320,890
35179,27745,3440
35180,26704,2700
35181,25491,1800
35182,26117,2270
35183,23614,320
35184,25795,2030
35185,25809,2040
35186,24294,870
35187,24157,760
35188,23834,500
35189,25969,2160
35190,25137,1530
35191,24408,960
35192,24032,660
35193,24982,1410
35194,26512,2560
35195,29051,4330
35196,24930,1370
35197,24020,650
35198,24687,1180
35199,23650,350
35200,26023,2200
35201,23748,430
35202,28812,4170
35203,24725,1210
35204,25822,2050
35205,24320,890
35206,23589,300
35207,24892,1340
35208,24982,1410
35209,24045,670
35210,26443,2510
35211,24725,1210
35212,24269,850
35213,23748,430
35214,23238,10
35215,26498,2550
35216,25385,1720
35217,25557,1850
35218,24257,840
35219,24207,800
35220,24257,840
35221,26023,2200
35222,24687,1180
35223,24207,800
35224,24930,1370
35225,23687,380
35226,24282,860
35227,26787,2760
35228,23995,630
35229,24751,1230
35230,25307,1660
35231,24294,870
35232,23736,420
35233,23871,530
35234,23921,570
35235,25294,1650
35236,26512,2560
35237,25969,2160
35238,26253,2370
35239,24649,1150
35240,32315,6390
35241,25098,1500
35242,23859,520
35243,25124,1520
35244,26801,2770
35245,24194,790
35246,24585,1100
35247,24045,670
35248,24269,850
35249,26253,2370
35250,24585,1100
35251,24045,670
35252,25255,1620
35253,23699,390
35254,25809,2040
35255,26567,2600
35256,25215,1590
35257,24119,730
35258,25742,1990
35259,24032,660
35260,23431,170
35261,24132,740
35262,25451,1770
35263,26226,2350
35264,28872,4210
35265,23970,610
35266,24572,1090
35267,24892,1340
35268,23675,370
35269,24045,670
35270,26430,2500
35271,24007,640
35272,23359,110
35273,24370,930
35274,23822,490
35275,25060,1470
35276,24610,1120
35277,24269,850
35278,24866,1320
35279,23250,20
35280,28048,3650
35281,23699,390
35282,24207,800
35283,25073,1480
35284,25189,1570
35285,23528,250
35286,24045,670
35287,24107,720
35288,27010,2920
35289,24257,840
35290,23834,500
35291,24194,790
35292,24738,1220
35293,24751,1230
35294,24496,1030
35295,28753,4130
35296,25530,1830
35297,25176,1560
35298,24918,1360
35299,24294,870
35300,28472,3940
35301,23933,580
35302,26023,2200
35303,24572,1090
35304,25557,1850
35305,24815,1280
35306,26158,2300
35307,23859,520
35308,26199,2330
35309,24119,730
35310,26266,2380
35311,24395,950
35312,24370,930
35313,23626,330
35314,25346,1690
35315,24661,1160
35316,23589,300
35317,24057,680
35318,23699,390
35319,28092,3680
35320,24395,950
35321,25491,1800
35322,24905,1350
35323,26746,2730
35324,25702,1960
35325,26457,2520
35326,24866,1320
35327,24020,650
35328,24879,1330
35329,24357,920
35330,24307,880
35331,24687,1180
35332,24610,1120
35333,26199,2330
35334,24956,1390
35335,23760,440
35336,26402,2480
35337,24207,800
35338,24892,1340
35339,23614,320
35340,25662,1930
35341,23896,550
35342,24789,1260
35343,23262,30
35344,26321,2420
35345,24560,1080
35346,23933,580
35347,26663,2670
35348,23773,450
35349,24057,680
35350,25889,2100
35351,27788,3470
35352,25809,2040
35353,23601,310
35354,24534,1060
35355,23699,390
35356,27774,3460
35357,24866,1320
35358,24458,1000
35359,24032,660
35360,25202,1580
35361,25294,1650
35362,25047,1460
35363,25769,2010
35364,27052,2950
35365,24892,1340
35366,27645,3370
35367,25412,1740
35368,24382,940
35369,25464,1780
35370,23359,110
35371,23504,230
35372,24357,920
35373,24107,720
35374,24045,670
35375,23724,410
35376,25782,2020
35377,24547,1070
35378,24712,1200
35379,23589,300
35380,26362,2450
35381,24082,700
35382,29006,4300
35383,25111,1510
35384,25609,1890
35385,24382,940
35386,24840,1300
35387,23847,510
35388,25399,1730
35389,24610,1120
35390,24232,820
35391,26171,2310
35392,24712,1200
35393,24674,1170
35394,25215,1590
35395,27574,3320
35396,30184,5070
35397,25163,1550
35398,24661,1160
35399,24057,680
35400,26884,2830
35401,25137,1530
35402,23553,270
35403,25876,2090
35404,24007,640
35405,29982,4940
35406,24182,780
35407,24585,1100
35408,24069,690
35409,25530,1830
35410,25889,2100
35411,23958,600
35412,23945,590
35413,26402,2480
35414,24194,790
35415,25596,1880
35416,26982,2900
35417,24144,750
35418,23492,220
35419,23516,240
35420,25229,1600
35421,23395,140
35422,27333,3150
35423,23748,430
35424,25969,2160
35425,26253,2370
35426,23933,580
35427,24269,850
35428,23310,70
35429,27220,3070
35430,24751,1230
35431,24194,790
35432,24320,890
35433,24828,1290
35434,23995,630
35435,27832,3500
35436,25649,1920
35437,23711,400
35438,24282,860
35439,24661,1160
35440,27164,3030
35441,24623,1130
35442,23724,410
35443,25956,2150
35444,23834,500
35445,25636,1910
35446,23995,630
35447,25281,1640
35448,28325,3840
35449,24032,660
35450,26158,2300
35451,24094,710
35452,24420,970
35453,26857,2810
35454,23699,390
35455,27319,3140
35456,24649,1150
35457,23945,590
35458,24918,1360
35459,24207,800
35460,25477,1790
35461,24866,1320
35462,26594,2620
35463,24585,1100
35464,23748,430
35465,25255,1620
35466,23419,160
35467,23662,360
35468,25320,1670
35469,23226,0
35470,25215,1590
35471,25969,2160
35472,23347,100
35473,23626,330
35474,24446,990
35475,23958,600
35476,24446,990
35477,31183,5700
35478,24144,750
35479,23274,40
35480,24509,1040
35481,24269,850
35482,24032,660
35483,24918,1360
35484,23407,150
35485,24969,1400
35486,24182,780
35487,23383,130
35488,23847,510
35489,26457,2520
35490,24294,870
35491,24395,950
35492,24144,750
35493,24408,960
35494,24395,950
35495,25255,1620
35496,27660,3380
35497,23921,570
35498,24332,900
35499,24598,1110
35500,23871,530
35501,24776,1250
35502,23383,130
35503,23371,120
35504,25583,1870
35505,26539,2580
35506,26760,2740
35507,24674,1170
35508,24207,800
35509,24320,890
35510,23724,410
35511,23983,620
35512,24433,980
35513,23468,200
35514,24020,650
35515,24496,1030
35516,27560,3310
35517,26389,2470
35518,24840,1300
35519,24320,890
35520,26815,2780
35521,25943,2140
35522,25889,2100
35523,25464,1780
35524,25163,1550
35525,24751,1230
35526,27220,3070
35527,23945,590
35528,23480,210
35529,24943,1380
35530,23322,80
35531,23983,620
35532,23687,380
35533,24572,1090
35534,25689,1950
35535,24132,740
35536,23736,420
35537,25795,2030
35538,23970,610
35539,24496,1030
35540,23945,590
35541,25609,1890
35542,25215,1590
35543,25385,1720
35544,23699,390
35545,24815,1280
35546,23310,70
35547,27010,2920
35548,24674,1170
35549,27832,3500
35550,26226,2350
35551,25137,1530
35552,25372,1710
35553,25530,1830
35554,24930,1370
35555,25504,1810
35556,27990,3610
35557,23921,570
35558,23262,30
35559,24320,890
35560,24370,930
35561,25034,1450
35562,24879,1330
35563,25504,1810
35564,24257,840
35565,25543,1840
35566,24370,930
35567,27375,3180
35568,24207,800
35569,26594,2620
35570,24382,940
35571,24661,1160
35572,25229,1600
35573,23711,400
35574,27024,2930
35575,24585,1100
35576,26104,2260
35577,26940,2870
35578,24866,1320
35579,23748,430
35580,23724,410
35581,30184,5070
35582,25795,2030
35583,24294,870
35584,24332,900
35585,24282,860
35586,25557,1850
35587,25333,1680
35588,23565,280
35589,24725,1210
35590,26402,2480
35591,24853,1310
35592,23443,180
35593,25034,1450
35594,23468,200
35595,26131,2280
35596,24649,1150
35597,25983,2170
35598,23711,400
35599,24207,800
35600,24866,1320
35601,26567,2600
35602,23468,200
35603,25333,1680
35604,25755,2000
35605,24969,1400
35606,25849,2070
35607,24700,1190
35608,26677,2680
35609,24357,920
35610,26185,2320
35611,24094,710
35612,25034,1450
35613,24182,780
35614,23896,550
35615,25530,1830
35616,24636,1140
35617,27234,3080
35618,24320,890
35619,23859,520
35620,25176,1560
35621,25385,1720
35622,25333,1680
35623,24840,1300
35624,25782,2020
35625,27375,3180
35626,24483,1020
35627,26090,2250
35628,24943,1380
35629,26185,2320
35630,25570,1860
35631,25702,1960
35632,26635,2650
35633,25596,1880
35634,24382,940
35635,23626,330
35636,23933,580
35637,25636,1910
35638,24969,1400
35639,25073,1480
35640,24232,820
35641,23589,300
35642,24169,770
35643,23884,540
35644,26677,2680
35645,23650,350
35646,26594,2620
35647,24395,950
35648,26704,2700
35649,25504,1810
35650,25085,1490
35651,25689,1950
35652,24789,1260
35653,24892,1340
35654,24169,770
35655,26760,2740
35656,23419,160
35657,24674,1170
35658,24751,1230
35659,27122,3000
35660,25849,2070
35661,25202,1580
35662,24892,1340
35663,24534,1060
35664,23662,360
35665,24496,1030
35666,27588,3330
35667,25021,1440
35668,23699,390
35669,24892,1340
35670,24789,1260
35671,23589,300
35672,24020,650
35673,23675,370
35674,23773,450
35675,24585,1100
35676,24802,1270
35677,25242,1610
35678,23601,310
35679,25676,1940
35680,25202,1580
35681,25889,2100
35682,26526,2570
35683,23884,540
35684,26870,2820
35685,23736,420
35686,25996,2180
35687,25346,1690
35688,25557,1850
35689,25636,1910
35690,23492,220
35691,23638,340
35692,24094,710
35693,25111,1510
35694,28590,4020
35695,23983,620
35696,25889,2100
35697,24712,1200
35698,24294,870
35699,24244,830
35700,25956,2150
35701,23945,590
35702,25021,1440
35703,26050,2220
35704,24802,1270
35705,23847,510
35706,25689,1950
35707,26968,2890
35708,28857,4200
35709,23687,380
35710,24119,730
35711,25137,1530
35712,24420,970
35713,23577,290
35714,27389,3190
35715,24269,850
35716,25060,1470
35717,26037,2210
35718,24357,920
35719,24738,1220
35720,24649,1150
35721,27347,3160
35722,24521,1050
35723,23565,280
35724,23983,620
35725,24700,1190
35726,24294,870
35727,23553,270
35728,23687,380
35729,24232,820
35730,24320,890
35731,24307,880
35732,23516,240
35733,24244,830
35734,25956,2150
35735,24687,1180
35736,24107,720
35737,24294,870
35738,24307,880
35739,26718,2710
35740,24982,1410
35741,24057,680
35742,24219,810
35743,24995,1420
35744,24712,1200
35745,23383,130
35746,23773,450
35747,25755,2000
35748,23797,470
35749,23687,380
35750,25929,2130
35751,24509,1040
35752,23383,130
35753,26117,2270
35754,25150,1540
35755,27094,2980
35756,25073,1480
35757,25557,1850
35758,25425,1750
35759,25929,2130
35760,25399,1730
35761,24446,990
35762,24144,750
35763,25438,1760
35764,25137,1530
35765,24751,1230
35766,26037,2210
35767,26553,2590
35768,25491,1800
35769,27276,3110
35770,23834,500
35771,25242,1610
35772,26199,2330
35773,25623,1900
35774,27904,3550
35775,24370,930
35776,24144,750
35777,24802,1270
35778,25359,1700
35779,24345,910
35780,25163,1550
35781,24282,860
35782,27545,3300
35783,28457,3930
35784,26760,2740
35785,25849,2070
35786,25689,1950
35787,26131,2280
35788,24943,1380
35789,23871,530
35790,24219,810
35791,26023,2200
35792,24169,770
35793,25504,1810
35794,25729,1980
35795,23945,590
35796,23638,340
35797,23540,260
35798,28369,3870
35799,24182,780
35800,26457,2520
35801,24244,830
35802,28457,3930
35803,24032,660
35804,24751,1230
35805,23383,130
35806,24157,760
35807,24725,1210
35808,23773,450
35809,23322,80
35810,23443,180
35811,23675,370
35812,23736,420
35813,31328,5790
35814,26307,2410
35815,23589,300
35816,23468,200
35817,24408,960
35818,23626,330
35819,23724,410
35820,27136,3010
35821,25782,2020
35822,24815,1280
35823,24918,1360
35824,23614,320
35825,25676,1940
35826,27164,3030
35827,27347,3160
35828,24144,750
35829,24395,950
35830,24332,900
35831,25307,1660
35832,29874,4870
35833,23760,440
35834,24483,1020
35835,23908,560
35836,24257,840
35837,25477,1790
35838,26815,2780
35839,23565,280
35840,25983,2170
35841,24294,870
35842,26857,2810
35843,24007,640
35844,26307,2410
35845,23884,540
35846,24521,1050
35847,23443,180
35848,26266,2380
35849,26608,2630
35850,26815,2780
35851,24307,880
35852,23638,340
35853,25504,1810
35854,24956,1390
35855,24610,1120
35856,23614,320
35857,23226,0
35858,27052,2950
35859,24636,1140
35860,23395,140
35861,23468,200
35862,23614,320
35863,24521,1050
35864,23540,260
35865,23736,420
35866,24995,1420
35867,24045,670
35868,24132,740
35869,23298,60
35870,24020,650
35871,31867,6120
35872,25477,1790
35873,24995,1420
35874,26158,2300
35875,26457,2520
35876,25189,1570
35877,25517,1820
35878,23662,360
35879,24674,1170
35880,24157,760
35881,25047,1460
35882,24069,690
35883,24219,810
35884,24307,880
35885,26787,2760
35886,25425,1750
35887,23711,400
35888,25543,1840
35889,24244,830
35890,23383,130
35891,25835,2060
35892,23516,240
35893,23896,550
35894,24802,1270
35895,23516,240
35896,24649,1150
35897,28664,4070
35898,25098,1500
35899,25268,1630
35900,25849,2070
35901,24207,800
35902,24547,1070
35903,24446,990
35904,24357,920
35905,23785,460
35906,27136,3010
35907,25047,1460
35908,25346,1690
35909,23933,580
35910,24207,800
35911,24585,1100
35912,23407,150
35913,24828,1290
35914,26266,2380
35915,24332,900
35916,24257,840
35917,24866,1320
35918,25242,1610
35919,27403,3200
35920,23480,210
35921,25268,1630
35922,28281,3810
35923,24057,680
35924,23797,470
35925,24892,1340
35926,25983,2170
35927,24879,1330
35928,23516,240
35929,23310,70
35930,23553,270
35931,24879,1330
35932,24257,840
35933,26362,2450
35934,25229,1600
35935,24232,820
35936,24232,820
35937,24547,1070
35938,25412,1740
35939,26663,2670
35940,25702,1960
35941,23822,490
35942,24332,900
35943,24307,880
35944,24534,1060
35945,23847,510
35946,26375,2460
35947,23322,80
35948,24332,900
35949,24521,1050
35950,25333,1680
35951,24509,1040
35952,24119,730
35953,26567,2600
35954,28092,3680
35955,27220,3070
35956,25983,2170
35957,25137,1530
35958,27631,3360
35959,25451,1770
35960,24020,650
35961,25034,1450
35962,23528,250
35963,24433,980
35964,24420,970
35965,30767,5440
35966,24420,970
35967,26526,2570
35968,24244,830
35969,25150,1540
35970,30122,5030
35971,25124,1520
35972,23675,370
35973,23662,360
35974,24815,1280
35975,23577,290
35976,25835,2060
35977,24370,930
35978,25202,1580
35979,27066,2960
35980,23884,540
35981,25835,2060
35982,26375,2460
35983,24661,1160
35984,28797,4160
35985,26307,2410
35986,23492,220
35987,23468,200
35988,24094,710
35989,28325,3840
35990,23335,90
35991,23724,410
35992,25124,1520
35993,23958,600
35994,24082,700
35995,24598,1110
35996,23983,620
35997,23699,390
35998,24930,1370
35999,25570,1860
36000,24547,1070
36001,24032,660
36002,25729,1980
36003,23736,420
36004,23383,130
36005,23921,570
36006,24905,1350
36007,23286,50
36008,26954,2880
36009,29781,4810
36010,24269,850
36011,23626,330
36012,25557,1850
36013,23553,270
36014,31523,5910
36015,25150,1540
36016,23662,360
36017,23711,400
36018,25098,1500
36019,24357,920
36020,24219,810
36021,23626,330
36022,24294,870
36023,25782,2020
36024,24069,690
36025,25008,1430
36026,25202,1580
36027,25281,1640
36028,24828,1290
36029,23650,350
36030,25060,1470
36031,23540,260
36032,25609,1890
36033,24194,790
36034,25098,1500
36035,23995,630
36036,25047,1460
36037,24157,760
36038,23310,70
36039,26622,2640
36040,23383,130
36041,25385,1720
36042,24020,650
36043,24045,670
36044,25996,2180
36045,24307,880
36046,23884,540
36047,23859,520
36048,26912,2850
36049,24420,970
36050,25662,1930
36051,25385,1720
36052,24700,1190
36053,25649,1920
36054,25047,1460
36055,24879,1330
36056,24433,980
36057,23810,480
36058,24879,1330
36059,23908,560
36060,24661,1160
36061,25372,1710
36062,25916,2120
36063,24182,780
36064,24119,730
36065,23553,270
36066,25060,1470
36067,26050,2220
36068,23431,170
36069,25742,1990
36070,28917,4240
36071,26526,2570
36072,25702,1960
36073,28634,4050
36074,23347,100
36075,25716,1970
36076,24207,800
36077,24257,840
36078,25255,1620
36079,24521,1050
36080,25229,1600
36081,25268,1630
36082,23298,60
36083,25609,1890
36084,24982,1410
36085,24585,1100
36086,25742,1990
36087,24661,1160
36088,24232,820
36089,24610,1120
36090,27192,3050
36091,26362,2450
36092,23601,310
36093,23748,430
36094,26443,2510
36095,24623,1130
36096,23785,460
36097,26307,2410
36098,25636,1910
36099,23383,130
36100,25782,2020
36101,28634,4050
36102,23601,310
36103,25557,1850
36104,23983,620
36105,24408,960
36106,26104,2260
36107,23335,90
36108,23650,350
36109,24802,1270
36110,24269,850
36111,23528,250
36112,25755,2000
36113,26457,2520
36114,24257,840
36115,24332,900
36116,23528,250
36117,24712,1200
36118,23614,320
36119,24636,1140
36120,29187,4420
36121,24483,1020
36122,23810,480
36123,25943,2140
36124,24307,880
36125,25047,1460
36126,25809,2040
36127,23577,290
36128,24995,1420
36129,23847,510
36130,23528,250
36131,24020,650
36132,25755,2000
36133,26526,2570
36134,23908,560
36135,33644,7170
36136,25464,1780
36137,24496,1030
36138,23347,100
36139,25085,1490
36140,25929,2130
36141,25320,1670
36142,23480,210
36143,24332,900
36144,24471,1010
36145,23871,530
36146,27248,3090
36147,25111,1510
36148,25716,1970
36149,23736,420
36150,23810,480
36151,24395,950
36152,24471,1010
36153,24007,640
36154,26226,2350
36155,23773,450
36156,23834,500
36157,27631,3360
36158,25359,1700
36159,28693,4090
36160,24623,1130
36161,25477,1790
36162,24207,800
36163,23983,620
36164,25425,1750
36165,25281,1640
36166,25543,1840
36167,24649,1150
36168,25943,2140
36169,24345,910
36170,23847,510
36171,23785,460
36172,26266,2380
36173,24020,650
36174,27832,3500
36175,26760,2740
36176,23638,340
36177,24182,780
36178,23638,340
36179,29551,4660
36180,24219,810
36181,27304,3130
36182,25333,1680
36183,24244,830
36184,24905,1350
36185,24483,1020
36186,25372,1710
36187,24094,710
36188,23383,130
36189,25320,1670
36190,25782,2020
36191,23565,280
36192,25956,2150
36193,24082,700
36194,23638,340
36195,24458,1000
36196,23736,420
36197,23736,420
36198,24725,1210
36199,24623,1130
36200,24007,640
36201,25425,1750
36202,24725,1210
36203,27961,3590
36204,25255,1620
36205,29460,4600
36206,24446,990
36207,26280,2390
36208,26635,2650
36209,33281,6960
36210,25255,1620
36211,23724,410
36212,23626,330
36213,23650,350
36214,24763,1240
36215,23226,0
36216,23945,590
36217,25163,1550
36218,25438,1760
36219,25636,1910
36220,24294,870
36221,24636,1140
36222,24560,1080
36223,25769,2010
36224,25623,1900
36225,29051,4330
36226,24332,900
36227,27192,3050
36228,23687,380
36229,23970,610
36230,25060,1470
36231,24918,1360
36232,26104,2260
36233,27066,2960
36234,25333,1680
36235,23419,160
36236,24094,710
36237,28092,3680
36238,24572,1090
36239,23577,290
36240,24069,690
36241,27517,3280
36242,24219,810
36243,25412,1740
36244,25464,1780
36245,24700,1190
36246,24182,780
36247,25150,1540
36248,25517,1820
36249,24725,1210
36250,24395,950
36251,26457,2520
36252,23431,170
36253,24585,1100
36254,26158,2300
36255,24433,980
36256,23699,390
36257,26567,2600
36258,24969,1400
36259,24598,1110
36260,25983,2170
36261,25662,1930
36262,23504,230
36263,26677,2680
36264,31458,5870
36265,24521,1050
36266,23540,260
36267,24132,740
36268,24370,930
36269,23983,620
36270,23760,440
36271,23468,200
36272,26402,2480
36273,23638,340
36274,25822,2050
36275,24182,780
36276,24930,1370
36277,25333,1680
36278,24649,1150
36279,26857,2810
36280,27545,3300
36281,27290,3120
36282,25111,1510
36283,24458,1000
36284,23407,150
36285,23736,420
36286,25176,1560
36287,23553,270
36288,23480,210
36289,23286,50
36290,24471,1010
36291,23347,100
36292,24610,1120
36293,24458,1000
36294,25150,1540
36295,26307,2410
36296,24815,1280
36297,23359,110
36298,24815,1280
36299,28428,3910
36300,23810,480
36301,24032,660
36302,26539,2580
36303,24307,880
36304,24420,970
36305,24119,730
36306,24560,1080
36307,27846,3510
36308,23908,560
36309,25570,1860
36310,35649,8290
36311,24636,1140
36312,26090,2250
36313,24585,1100
36314,24483,1020
36315,25176,1560
36316,24232,820
36317,24032,660
36318,26402,2480
36319,30751,5430
36320,24157,760
36321,23760,440
36322,27038,2940
36323,24357,920
36324,26773,2750
36325,23871,530
36326,25623,1900
36327,25570,1860
36328,24395,950
36329,25034,1450
36330,24598,1110
36331,24471,1010
36332,23589,300
36333,23785,460
36334,24572,1090
36335,24572,1090
36336,25385,1720
36337,26801,2770
36338,24521,1050
36339,23347,100
36340,25085,1490
36341,25570,1860
36342,24943,1380
36343,23335,90
36344,23419,160
36345,26117,2270
36346,24119,730
36347,26266,2380
36348,25755,2000
36349,26199,2330
36350,24483,1020
36351,23626,330
36352,25008,1430
36353,23995,630
36354,25425,1750
36355,24082,700
36356,28857,4200
36357,25702,1960
36358,23662,360
36359,23810,480
36360,23797,470
36361,23933,580
36362,24069,690
36363,24119,730
36364,24789,1260
36365,24320,890
36366,23970,610
36367,23711,400
36368,23871,530
36369,25996,2180
36370,23834,500
36371,24560,1080
36372,25889,2100
36373,23407,150
36374,23262,30
36375,23347,100
36376,24144,750
36377,23601,310
36378,23614,320
36379,24157,760
36380,23601,310
36381,25636,1910
36382,25956,2150
36383,24269,850
36384,23468,200
36385,23286,50
36386,24282,860
36387,24244,830
36388,24712,1200
36389,24610,1120
36390,24382,940
36391,24572,1090
36392,25929,2130
36393,24320,890
36394,27760,3450
36395,26077,2240
36396,29384,4550
36397,24879,1330
36398,28768,4140
36399,24169,770
36400,23834,500
36401,25504,1810
36402,24521,1050
36403,26912,2850
36404,23395,140
36405,25716,1970
36406,26484,2540
36407,23896,550
36408,23847,510
36409,25085,1490
36410,26801,2770
36411,25202,1580
36412,23908,560
36413,29843,4850
36414,25782,2020
36415,25073,1480
36416,24995,1420
36417,25229,1600
36418,23335,90
36419,24943,1380
36420,25242,1610
36421,25085,1490
36422,24219,810
36423,23238,10
36424,24828,1290
36425,24408,960
36426,24995,1420
36427,24547,1070
36428,27080,2970
36429,27602,3340
36430,25809,2040
36431,25425,1750
36432,26212,2340
36433,28384,3880
36434,23601,310
36435,25943,2140
36436,23250,20
36437,24661,1160
36438,26580,2610
36439,24598,1110
36440,25822,2050
36441,24649,1150
36442,24458,1000
36443,27617,3350
36444,24194,790
36445,30862,5500
36446,28604,4030
36447,28384,3880
36448,24045,670
36449,25098,1500
36450,24119,730
36451,23262,30
36452,27489,3260
36453,23699,390
36454,24194,790
36455,24649,1150
36456,23908,560
36457,26131,2280
36458,25596,1880
36459,23492,220
36460,25242,1610
36461,27150,3020
36462,24094,710
36463,27178,3040
36464,24725,1210
36465,24207,800
36466,24294,870
36467,23419,160
36468,24020,650
36469,25111,1510
36470,23540,260
36471,23492,220
36472,25716,1970
36473,24069,690
36474,27192,3050
36475,25359,1700
36476,24674,1170
36477,26077,2240
36478,25150,1540
36479,26539,2580
36480,23468,200
36481,25163,1550
36482,25755,2000
36483,23504,230
36484,27418,3210
36485,27631,3360
36486,23565,280
36487,24194,790
36488,29643,4720
36489,23614,320
36490,26037,2210
36491,25689,1950
36492,24815,1280
36493,28961,4270
36494,24107,720
36495,25530,1830
36496,25517,1820
36497,23577,290
36498,24982,1410
36499,23748,430
36500,23810,480
36501,24712,1200
36502,27178,3040
36503,24107,720
36504,27860,3520
36505,28063,3660
36506,25333,1680
36507,23822,490
36508,24789,1260
36509,23468,200
36510,27832,3500
36511,25809,2040
36512,24370,930
36513,24269,850
36514,24032,660
36515,24395,950
36516,23431,170
36517,25359,1700
36518,24560,1080
36519,23958,600
36520,23896,550
36521,24207,800
36522,23995,630
36523,24853,1310
36524,24357,920
36525,24521,1050
36526,24345,910
36527,24007,640
36528,23958,600
36529,24738,1220
36530,24943,1380
36531,25412,1740
36532,29097,4360
36533,23468,200
36534,24132,740
36535,23540,260
36536,24007,640
36537,25557,1850
36538,23945,590
36539,32415,6450
36540,25876,2090
36541,25189,1570
36542,29308,4500
36543,24182,780
36544,26457,2520
36545,23528,250
36546,23675,370
36547,27052,2950
36548,25477,1790
36549,25543,1840
36550,26117,2270
36551,27560,3310
36552,26362,2450
36553,24995,1420
36554,24094,710
36555,24879,1330
36556,25242,1610
36557,24244,830
36558,25047,1460
36559,25202,1580
36560,26158,2300
36561,24995,1420
36562,26815,2780
36563,26857,2810
36564,25073,1480
36565,23995,630
36566,24144,750
36567,25969,2160
36568,23797,470
36569,24082,700
36570,23945,590
36571,24471,1010
36572,25163,1550
36573,24132,740
36574,26704,2700
36575,25346,1690
36576,24169,770
36577,23810,480
36578,25021,1440
36579,25412,1740
36580,25098,1500
36581,23359,110
36582,23933,580
36583,24572,1090
36584,24930,1370
36585,25623,1900
36586,25477,1790
36587,23983,620
36588,23970,610
36589,23250,20
36590,23298,60
36591,24395,950
36592,24207,800
36593,24169,770
36594,25229,1600
36595,23810,480
36596,24157,760
36597,23970,610
36598,25822,2050
36599,26622,2640
36600,27122,3000
36601,27932,3570
36602,27122,3000
36603,25464,1780
36604,23528,250
36605,24892,1340
36606,24307,880
36607,24956,1390
36608,23958,600
36609,24521,1050
36610,24382,940
36611,29536,4650
36612,24182,780
36613,25320,1670
36614,23724,410
36615,24045,670
36616,23859,520
36617,23908,560
36618,24382,940
36619,25008,1430
36620,24082,700
36621,23675,370
36622,24892,1340
36623,26131,2280
36624,25346,1690
36625,24738,1220
36626,23383,130
36627,24332,900
36628,27860,3520
36629,24585,1100
36630,23871,530
36631,25504,1810
36632,24815,1280
36633,24169,770
36634,25372,1710
36635,29036,4320
36636,23335,90
36637,24119,730
36638,25543,1840
36639,29006,4300
36640,24585,1100
36641,25320,1670
36642,23662,360
36643,23724,410
36644,25835,2060
36645,24828,1290
36646,24132,740
36647,25399,1730
36648,23983,620
36649,25176,1560
36650,24879,1330
36651,25676,1940
36652,23983,620
36653,25021,1440
36654,24623,1130
36655,23662,360
36656,25849,2070
36657,25530,1830
36658,24956,1390
36659,23724,410
36660,23504,230
36661,24244,830
36662,23614,320
36663,23492,220
36664,23335,90
36665,23662,360
36666,24982,1410
36667,23504,230
36668,24408,960
36669,23286,50
36670,28961,4270
36671,23760,440
36672,24408,960
36673,24207,800
36674,24269,850
36675,26982,2900
36676,23226,0
36677,26649,2660
36678,24395,950
36679,25034,1450
36680,23810,480
36681,24332,900
36682,24674,1170
36683,24357,920
36684,25769,2010
36685,25902,2110
36686,26037,2210
36687,25163,1550
36688,24725,1210
36689,23970,610
36690,23662,360
36691,25969,2160
36692,24918,1360
36693,24320,890
36694,23577,290
36695,24408,960
36696,24674,1170
36697,27164,3030
36698,23371,120
36699,27846,3510
36700,24157,760
36701,25530,1830
36702,25098,1500
36703,24828,1290
36704,23650,350
36705,24020,650
36706,24661,1160
36707,25729,1980
36708,24892,1340
36709,25385,1720
36710,23797,470
36711,23383,130
36712,29997,4950
36713,23480,210
36714,24776,1250
36715,25008,1430
36716,25098,1500
36717,26023,2200
36718,24458,1000
36719,24395,950
36720,23443,180
36721,23896,550
36722,25596,1880
36723,24995,1420
36724,24661,1160
36725,26131,2280
36726,24408,960
36727,24458,1000
36728,23711,400
36729,24751,1230
36730,25021,1440
36731,33367,7010
36732,23262,30
36733,24020,650
36734,23347,100
36735,23896,550
36736,23958,600
36737,26912,2850
36738,25451,1770
36739,23407,150
36740,25583,1870
36741,23492,220
36742,25176,1560
36743,24930,1370
36744,24585,1100
36745,24725,1210
36746,25769,2010
36747,23711,400
36748,29066,4340
36749,24918,1360
36750,23933,580
36751,23933,580
36752,25742,1990
36753,26375,2460
36754,25755,2000
36755,25583,1870
36756,24032,660
36757,24598,1110
36758,23347,100
36759,24057,680
36760,24687,1180
36761,25176,1560
36762,25202,1580
36763,25307,1660
36764,25438,1760
36765,23371,120
36766,24169,770
36767,24789,1260
36768,25425,1750
36769,23577,290
36770,24610,1120
36771,25557,1850
36772,24840,1300
36773,25943,2140
36774,27403,3200
36775,25782,2020
36776,23419,160
36777,24082,700
36778,25702,1960
36779,23347,100
36780,26226,2350
36781,25943,2140
36782,24082,700
36783,24032,660
36784,35631,8280
36785,25451,1770
36786,25399,1730
36787,25596,1880
36788,23675,370
36789,25034,1450
36790,24007,640
36791,24332,900
36792,25307,1660
36793,25098,1500
36794,28678,4080
36795,23921,570
36796,23896,550
36797,27631,3360
36798,27602,3340
36799,25307,1660
36800,23834,500
36801,26375,2460
36802,24244,830
36803,24521,1050
36804,25716,1970
36805,24382,940
36806,24420,970
36807,23970,610
36808,23662,360
36809,23589,300
36810,23773,450
36811,26362,2450
36812,24572,1090
36813,25137,1530
36814,28092,3680
36815,25359,1700
36816,23933,580
36817,25255,1620
36818,23443,180
36819,24521,1050
36820,25530,1830
36821,27418,3210
36822,29232,4450
36823,23724,410
36824,28442,3920
36825,24182,780
36826,23395,140
36827,25609,1890
36828,24560,1080
36829,23480,210
36830,25268,1630
36831,24446,990
36832,24395,950
36833,24107,720
36834,25876,2090
36835,30153,5050
36836,23480,210
36837,23298,60
36838,24082,700
36839,27248,3090
36840,23675,370
36841,23945,590
36842,26815,2780
36843,24269,850
36844,23748,430
36845,25137,1530
36846,24471,1010
36847,25876,2090
36848,25399,1730
36849,23822,490
36850,24282,860
36851,23553,270
36852,26117,2270
36853,23589,300
36854,25729,1980
36855,24057,680
36856,27276,3110
36857,24943,1380
36858,25755,2000
36859,24382,940
36860,27904,3550
36861,24547,1070
36862,24433,980
36863,24815,1280
36864,26375,2460
36865,24357,920
36866,23626,330
36867,24802,1270
36868,25176,1560
36869,26912,2850
36870,23736,420
36871,26443,2510
36872,23419,160
36873,25583,1870
36874,23516,240
36875,27990,3610
36876,24905,1350
36877,23504,230
36878,23736,420
36879,26266,2380
36880,25111,1510
36881,24828,1290
36882,25943,2140
36883,24345,910
36884,24840,1300
36885,26567,2600
36886,25021,1440
36887,26912,2850
36888,24534,1060
36889,24107,720
36890,29781,4810
36891,24776,1250
36892,23601,310
36893,25809,2040
36894,24057,680
36895,25359,1700
36896,23675,370
36897,23614,320
36898,25755,2000
36899,24282,860
36900,25530,1830
36901,23847,510
36902,26746,2730
36903,25215,1590
36904,24132,740
36905,25111,1510
36906,25111,1510
36907,25333,1680
36908,24892,1340
36909,23614,320
36910,24521,1050
36911,23589,300
36912,27446,3230
36913,23480,210
36914,27333,3150
36915,23516,240
36916,26131,2280
36917,26293,2400
36918,25929,2130
36919,25412,1740
36920,24930,1370
36921,26375,2460
36922,26239,2360
36923,23724,410
36924,25242,1610
36925,29368,4540
36926,26144,2290
36927,27717,3420
36928,25215,1590
36929,25137,1530
36930,25702,1960
36931,23983,620
36932,25956,2150
36933,23748,430
36934,25281,1640
36935,25769,2010
36936,26801,2770
36937,24107,720
36938,26580,2610
36939,25333,1680
36940,23250,20
36941,24057,680
36942,24738,1220
36943,24269,850
36944,24879,1330
36945,24282,860
36946,25189,1570
36947,26037,2210
36948,24269,850
36949,25543,1840
36950,23908,560
36951,23748,430
36952,25929,2130
36953,24069,690
36954,28887,4220
36955,23601,310
36956,25649,1920
36957,25517,1820
36958,26348,2440
36959,24866,1320
36960,23822,490
36961,25649,1920
36962,24244,830
36963,24853,1310
36964,25412,1740
36965,27136,3010
36966,23724,410
36967,23871,530
36968,23419,160
36969,23724,410
36970,25229,1600
36971,26389,2470
36972,30419,5220
36973,23945,590
36974,25399,1730
36975,27080,2970
36976,25412,1740
36977,24751,1230
36978,24534,1060
36979,24307,880
36980,24905,1350
36981,24789,1260
36982,25517,1820
36983,25202,1580
36984,24789,1260
36985,23983,620
36986,27674,3390
36987,25085,1490
36988,25755,2000
36989,25769,2010
36990,28092,3680
36991,23896,550
36992,24840,1300
36993,23724,410
36994,24119,730
36995,24370,930
36996,24712,1200
36997,24219,810
36998,23711,400
36999,27432,3220
37000,24307,880
37001,24969,1400
37002,24219,810
37003,24045,670
37004,23687,380
37005,24370,930
37006,24320,890
37007,23419,160
37008,24320,890
37009,23504,230
37010,23286,50
37011,23347,100
37012,23626,330
37013,23958,600
37014,24483,1020
37015,25916,2120
37016,23921,570
37017,24357,920
37018,24712,1200
37019,28398,3890
37020,24182,780
37021,26266,2380
37022,23908,560
37023,24082,700
37024,25372,1710
37025,24483,1020
37026,25425,1750
37027,25596,1880
37028,23626,330
37029,24082,700
37030,23871,530
37031,24763,1240
37032,26144,2290
37033,26037,2210
37034,23662,360
37035,24725,1210
37036,26199,2330
37037,25716,1970
37038,25399,1730
37039,23540,260
37040,24725,1210
37041,28634,4050
37042,23238,10
37043,24521,1050
37044,26037,2210
37045,23262,30
37046,24496,1030
37047,23626,330
37048,24776,1250
37049,24094,710
37050,25916,2120
37051,24157,760
37052,23871,530
37053,23859,520
37054,23407,150
37055,23638,340
37056,26077,2240
37057,27206,3060
37058,26239,2360
37059,24357,920
37060,23970,610
37061,23871,530
37062,26539,2580
37063,27164,3030
37064,24244,830
37065,24458,1000
37066,24751,1230
37067,23760,440
37068,23699,390
37069,23565,280
37070,24332,900
37071,25835,2060
37072,24905,1350
37073,24636,1140
37074,24446,990
37075,23933,580
37076,24471,1010
37077,23871,530
37078,25438,1760
37079,24636,1140
37080,25202,1580
37081,24007,640
37082,23286,50
37083,23371,120
37084,24610,1120
37085,24572,1090
37086,23675,370
37087,28164,3730
37088,26144,2290
37089,23650,350
37090,23908,560
37091,25504,1810
37092,24623,1130
37093,25047,1460
37094,25085,1490
37095,25702,1960
37096,24610,1120
37097,23262,30
37098,25609,1890
37099,23262,30
37100,27560,3310
37101,23921,570
37102,26870,2820
37103,23431,170
37104,23528,250
37105,24623,1130
37106,26266,2380
37107,24661,1160
37108,24840,1300
37109,24725,1210
37110,24395,950
37111,26843,2800
37112,23810,480
37113,28106,3690
37114,27178,3040
37115,24020,650
37116,23933,580
37117,25755,2000
37118,24144,750
37119,24496,1030
37120,24433,980
37121,24182,780
37122,24320,890
37123,24207,800
37124,25769,2010
37125,24661,1160
37126,24082,700
37127,23871,530
37128,25385,1720
37129,24598,1110
37130,24269,850
37131,24776,1250
37132,25268,1630
37133,24636,1140
37134,23921,570
37135,23335,90
37136,24763,1240
37137,23908,560
37138,28164,3730
37139,26760,2740
37140,24610,1120
37141,24057,680
37142,23662,360
37143,26954,2880
37144,24534,1060
37145,25307,1660
37146,23407,150
37147,24157,760
37148,23896,550
37149,23407,150
37150,24157,760
37151,25530,1830
37152,24382,940
37153,24521,1050
37154,26280,2390
37155,23921,570
37156,23226,0
37157,28693,4090
37158,26050,2220
37159,23431,170
37160,23822,490
37161,23504,230
37162,26293,2400
37163,23480,210
37164,24905,1350
37165,27206,3060
37166,24107,720
37167,25085,1490
37168,23455,190
37169,23614,320
37170,24057,680
37171,23638,340
37172,24738,1220
37173,26746,2730
37174,23298,60
37175,24395,950
37176,24119,730
37177,23626,330
37178,23589,300
37179,24828,1290
37180,27904,3550
37181,23431,170
37182,24636,1140
37183,24244,830
37184,24269,850
37185,23468,200
37186,23797,470
37187,23983,620
37188,24840,1300
37189,23773,450
37190,25189,1570
37191,25570,1860
37192,24282,860
37193,30231,5100
37194,25742,1990
37195,24144,750
37196,25755,2000
37197,24840,1300
37198,24194,790
37199,23638,340
37200,25742,1990
37201,24763,1240
37202,23662,360
37203,29081,4350
37204,23945,590
37205,23785,460
37206,25137,1530
37207,24107,720
37208,24598,1110
37209,24433,980
37210,25769,2010
37211,24509,1040
37212,26457,2520
37213,24853,1310
37214,23736,420
37215,25876,2090
37216,25176,1560
37217,25034,1450
37218,24982,1410
37219,24918,1360
37220,24057,680
37221,27304,3130
37222,24725,1210
37223,27702,3410
37224,25676,1940
37225,25333,1680
37226,24840,1300
37227,24840,1300
37228,24918,1360
37229,27645,3370
37230,25716,1970
37231,25008,1430
37232,24433,980
37233,24395,950
37234,26171,2310
37235,26104,2260
37236,23262,30
37237,26050,2220
37238,23662,360
37239,24244,830
37240,24918,1360
37241,24509,1040
37242,23650,350
37243,24930,1370
37244,25929,2130
37245,24840,1300
37246,25111,1510
37247,25215,1590
37248,25399,1730
37249,23614,320
37250,24045,670
37251,27803,3480
37252,26622,2640
37253,24094,710
37254,26746,2730
37255,24879,1330
37256,23662,360
37257,27460,3240
37258,23933,580
37259,25294,1650
37260,25849,2070
37261,24433,980
37262,25060,1470
37263,26926,2860
37264,23933,580
37265,24345,910
37266,24382,940
37267,27531,3290
37268,24420,970
37269,25742,1990
37270,26063,2230
37271,24232,820
37272,24572,1090
37273,23970,610
37274,23834,500
37275,24182,780
37276,27846,3510
37277,25359,1700
37278,25889,2100
37279,24057,680
37280,25504,1810
37281,25124,1520
37282,27024,2930
37283,25464,1780
37284,24332,900
37285,27617,3350
37286,24776,1250
37287,23736,420
37288,24751,1230
37289,26982,2900
37290,24969,1400
37291,24560,1080
37292,24395,950
37293,25111,1510
37294,24433,980
37295,23383,130
37296,23650,350
37297,24649,1150
37298,24345,910
37299,23736,420
37300,23921,570
37301,26348,2440
37302,25008,1430
37303,24547,1070
37304,25596,1880
37305,26608,2630
37306,23970,610
37307,25399,1730
37308,24219,810
37309,24294,870
37310,27262,3100
37311,24828,1290
37312,23638,340
37313,23822,490
37314,25689,1950
37315,25385,1720
37316,24995,1420
37317,23884,540
37318,26457,2520
37319,24020,650
37320,25060,1470
37321,28296,3820
37322,26050,2220
37323,25702,1960
37324,23748,430
37325,24534,1060
37326,24320,890
37327,23847,510
37328,24956,1390
37329,23908,560
37330,24408,960
37331,26307,2410
37332,23687,380
37333,25034,1450
37334,23810,480
37335,23675,370
37336,25729,1980
37337,25676,1940
37338,24082,700
37339,24094,710
37340,23335,90
37341,24219,810
37342,23736,420
37343,26077,2240
37344,23822,490
37345,25689,1950
37346,24815,1280
37347,24094,710
37348,25438,1760
37349,24082,700
37350,24995,1420
37351,25189,1570
37352,24433,980
37353,24840,1300
37354,25085,1490
37355,24610,1120
37356,24182,780
37357,25491,1800
37358,24144,750
37359,26498,2550
37360,24119,730
37361,26158,2300
37362,26090,2250
37363,23983,620
37364,24107,720
37365,24194,790
37366,26185,2320
37367,24057,680
37368,23933,580
37369,29674,4740
37370,24094,710
37371,24687,1180
37372,26090,2250
37373,24661,1160
37374,25034,1450
37375,25320,1670
37376,24345,910
37377,29444,4590
37378,27602,3340
37379,25477,1790
37380,25268,1630
37381,26321,2420
37382,23359,110
37383,25242,1610
37384,25809,2040
37385,27545,3300
37386,24585,1100
37387,25150,1540
37388,25372,1710
37389,25111,1510
37390,28223,3770
37391,23468,200
37392,24269,850
37393,26954,2880
37394,24674,1170
37395,23933,580
37396,24094,710
37397,25676,1940
37398,24572,1090
37399,25124,1520
37400,26430,2500
37401,25021,1440
37402,24107,720
37403,24585,1100
37404,26457,2520
37405,24853,1310
37406,28768,4140
37407,24132,740
37408,25876,2090
37409,25073,1480
37410,24458,1000
37411,25795,2030
37412,24433,980
37413,26940,2870
37414,24598,1110
37415,24420,970
37416,24700,1190
37417,24700,1190
37418,23687,380
37419,27234,3080
37420,24534,1060
37421,23859,520
37422,24560,1080
37423,24294,870
37424,24496,1030
37425,23958,600
37426,26023,2200
37427,23528,250
37428,27574,3320
37429,26526,2570
37430,23921,570
37431,24969,1400
37432,24840,1300
37433,23274,40
37434,24509,1040
37435,23226,0
37436,29036,4320
37437,28063,3660
37438,24700,1190
37439,23540,260
37440,27803,3480
37441,24257,840
37442,23958,600
37443,23958,600
37444,27375,3180
37445,24738,1220
37446,24930,1370
37447,23322,80
37448,26077,2240
37449,23419,160
37450,24866,1320
37451,24636,1140
37452,24219,810
37453,26389,2470
37454,26553,2590
37455,24194,790
37456,23736,420
37457,23371,120
37458,25609,1890
37459,24169,770
37460,24649,1150
37461,23540,260
37462,25333,1680
37463,24585,1100
37464,23736,420
37465,26226,2350
37466,25281,1640
37467,25689,1950
37468,24905,1350
37469,24712,1200
37470,25385,1720
37471,26443,2510
37472,24244,830
37473,26266,2380
37474,25716,1970
37475,24345,910
37476,23626,330
37477,23516,240
37478,24446,990
37479,25623,1900
37480,24232,820
37481,25530,1830
37482,23773,450
37483,23565,280
37484,25543,1840
37485,24269,850
37486,23601,310
37487,27333,3150
37488,25399,1730
37489,24045,670
37490,24257,840
37491,25346,1690
37492,26253,2370
37493,28121,3700
37494,24244,830
37495,23480,210
37496,23626,330
37497,24828,1290
37498,24738,1220
37499,28619,4040
37500,24585,1100
37501,23455,190
37502,24194,790
37503,24789,1260
37504,23226,0
37505,25281,1640
37506,24483,1020
37507,25557,1850
37508,23859,520
37509,25150,1540
37510,23847,510
37511,25268,1630
37512,28340,3850
37513,25702,1960
37514,23298,60
37515,24082,700
37516,23958,600
37517,23724,410
37518,23896,550
37519,25477,1790
37520,25294,1650
37521,25755,2000
37522,24107,720
37523,27066,2960
37524,25176,1560
37525,23970,610
37526,24057,680
37527,24294,870
37528,26321,2420
37529,24395,950
37530,23785,460
37531,26580,2610
37532,24585,1100
37533,27094,2980
37534,24585,1100
37535,25346,1690
37536,25202,1580
37537,24763,1240
37538,24182,780
37539,24751,1230
37540,23748,430
37541,24107,720
37542,27403,3200
37543,24194,790
37544,23371,120
37545,23687,380
37546,27220,3070
37547,23822,490
37548,24712,1200
37549,23516,240
37550,24370,930
37551,24257,840
37552,24943,1380
37553,24598,1110
37554,23822,490
37555,25307,1660
37556,23945,590
37557,26815,2780
37558,23626,330
37559,23565,280
37560,24082,700
37561,23958,600
37562,23262,30
37563,25876,2090
37564,25543,1840
37565,24496,1030
37566,27319,3140
37567,24032,660
37568,23983,620
37569,25399,1730
37570,23983,620
37571,23958,600
37572,25623,1900
37573,28604,4030
37574,25137,1530
37575,24458,1000
37576,25307,1660
37577,26023,2200
37578,25636,1910
37579,24307,880
37580,26884,2830
37581,26471,2530
37582,25517,1820
37583,23528,250
37584,25124,1520
37585,23359,110
37586,25008,1430
37587,24815,1280
37588,30435,5230
37589,23797,470
37590,28917,4240
37591,23921,570
37592,24547,1070
37593,24572,1090
37594,23589,300
37595,25281,1640
37596,24661,1160
37597,23650,350
37598,25229,1600
37599,23834,500
37600,25716,1970
37601,23773,450
37602,32820,6690
37603,23589,300
37604,24082,700
37605,24169,770
37606,25124,1520
37607,24636,1140
37608,24623,1130
37609,26746,2730
37610,23847,510
37611,25438,1760
37612,26348,2440
37613,25438,1760
37614,24345,910
37615,24157,760
37616,23589,300
37617,24219,810
37618,24802,1270
37619,24307,880
37620,24534,1060
37621,23650,350
37622,24144,750
37623,24382,940
37624,23983,620
37625,24918,1360
37626,24712,1200
37627,25098,1500
37628,25769,2010
37629,24345,910
37630,24674,1170
37631,23347,100
37632,30309,5150
37633,24408,960
37634,24282,860
37635,27347,3160
37636,23921,570
37637,24032,660
37638,26663,2670
37639,23699,390
37640,24144,750
37641,24585,1100
37642,25320,1670
37643,26857,2810
37644,23810,480
37645,23785,460
37646,26580,2610
37647,24661,1160
37648,26144,2290
37649,24956,1390
37650,25609,1890
37651,24194,790
37652,26498,2550
37653,24674,1170
37654,24370,930
37655,24082,700
37656,27010,2920
37657,26704,2700
37658,23834,500
37659,25137,1530
37660,23958,600
37661,24257,840
37662,24207,800
37663,26158,2300
37664,25902,2110
37665,25702,1960
37666,24496,1030
37667,23859,520
37668,27660,3380
37669,23577,290
37670,23589,300
37671,24879,1330
37672,25098,1500
37673,26539,2580
37674,25596,1880
37675,29338,4520
37676,25849,2070
37677,25111,1510
37678,23601,310
37679,25008,1430
37680,25034,1450
37681,24547,1070
37682,30184,5070
37683,24661,1160
37684,25742,1990
37685,24483,1020
37686,29490,4620
37687,23896,550
37688,28296,3820
37689,24032,660
37690,24930,1370
37691,24905,1350
37692,24598,1110
37693,24661,1160
37694,25268,1630
37695,27860,3520
37696,23921,570
37697,24269,850
37698,25822,2050
37699,23711,400
37700,23896,550
37701,26063,2230
37702,23395,140
37703,24687,1180
37704,25676,1940
37705,27192,3050
37706,26580,2610
37707,25570,1860
37708,24420,970
37709,23650,350
37710,24763,1240
37711,27688,3400
37712,26375,2460
37713,25098,1500
37714,23711,400
37715,23871,530
37716,23335,90
37717,25557,1850
37718,24534,1060
37719,25163,1550
37720,25202,1580
37721,23847,510
37722,25889,2100
37723,28266,3800
37724,24382,940
37725,25504,1810
37726,27990,3610
37727,25451,1770
37728,25596,1880
37729,24119,730
37730,25769,2010
37731,23699,390
37732,26321,2420
37733,24471,1010
37734,24636,1140
37735,23711,400
37736,23896,550
37737,23675,370
37738,24420,970
37739,24585,1100
37740,25163,1550
37741,23822,490
37742,25849,2070
37743,23262,30
37744,23601,310
37745,25636,1910
37746,23908,560
37747,23675,370
37748,24433,980
37749,24687,1180
37750,24294,870
37751,26801,2770
37752,24169,770
37753,24219,810
37754,24560,1080
37755,24169,770
37756,26037,2210
37757,27094,2980
37758,28281,3810
37759,27817,3490
37760,26635,2650
37761,23687,380
37762,24207,800
37763,24943,1380
37764,23970,610
37765,26185,2320
37766,23480,210
37767,26443,2510
37768,25412,1740
37769,25996,2180
37770,27846,3510
37771,25876,2090
37772,23650,350
37773,28106,3690
37774,25504,1810
37775,23797,470
37776,24547,1070
37777,33941,7340
37778,23310,70
37779,26375,2460
37780,23822,490
37781,23480,210
37782,25307,1660
37783,26239,2360
37784,26567,2600
37785,24661,1160
37786,24094,710
37787,24420,970
37788,24420,970
37789,24119,730
37790,25596,1880
37791,25809,2040
37792,24282,860
37793,23589,300
37794,25530,1830
37795,24057,680
37796,25385,1720
37797,26954,2880
37798,25163,1550
37799,24119,730
37800,25570,1860
37801,24169,770
37802,24674,1170
37803,24082,700
37804,28266,3800
37805,23995,630
37806,24534,1060
37807,23834,500
37808,26815,2780
37809,24207,800
37810,24828,1290
37811,24840,1300
37812,23711,400
37813,24294,870
37814,23322,80
37815,25060,1470
37816,24892,1340
37817,24598,1110
37818,23908,560
37819,23859,520
37820,25716,1970
37821,25137,1530
37822,27545,3300
37823,24395,950
37824,24560,1080
37825,27206,3060
37826,23711,400
37827,24094,710
37828,24636,1140
37829,24395,950
37830,24776,1250
37831,25229,1600
37832,25111,1510
37833,24320,890
37834,25543,1840
37835,23431,170
37836,24269,850
37837,25399,1730
37838,24636,1140
37839,24560,1080
37840,23650,350
37841,24370,930
37842,26171,2310
37843,26131,2280
37844,26898,2840
37845,24828,1290
37846,25689,1950
37847,23958,600
37848,25689,1950
37849,23945,590
37850,27645,3370
37851,24345,910
37852,27602,3340
37853,24623,1130
37854,24244,830
37855,25889,2100
37856,29308,4500
37857,24382,940
37858,23359,110
37859,25111,1510
37860,32668,6600
37861,28768,4140
37862,24132,740
37863,25137,1530
37864,26334,2430
37865,24969,1400
37866,31070,5630
37867,23226,0
37868,23626,330
37869,23601,310
37870,28560,4000
37871,25268,1630
37872,24282,860
37873,25202,1580
37874,23419,160
37875,23834,500
37876,23921,570
37877,23699,390
37878,24132,740
37879,24232,820
37880,24458,1000
37881,23262,30
37882,31296,5770
37883,24623,1130
37884,23736,420
37885,23565,280
37886,25229,1600
37887,25477,1790
37888,25609,1890
37889,24307,880
37890,25849,2070
37891,25163,1550
37892,25956,2150
37893,25034,1450
37894,24094,710
37895,23687,380
37896,26594,2620
37897,24458,1000
37898,24345,910
37899,23711,400
37900,25412,1740
37901,27333,3150
37902,25504,1810
37903,24020,650
37904,23443,180
37905,24082,700
37906,24032,660
37907,28179,3740
37908,24725,1210
37909,23226,0
37910,23383,130
37911,34830,7840
37912,26457,2520
37913,23921,570
37914,24307,880
37915,24534,1060
37916,25021,1440
37917,24269,850
37918,24661,1160
37919,24547,1070
37920,43050,11940
37921,25530,1830
37922,23286,50
37923,24815,1280
37924,26117,2270
37925,25702,1960
37926,24032,660
37927,26471,2530
37928,24057,680
37929,24776,1250
37930,24182,780
37931,23958,600
37932,28857,4200
37933,24057,680
37934,25294,1650
37935,24623,1130
37936,24789,1260
37937,24244,830
37938,25557,1850
37939,24471,1010
37940,24866,1320
37941,24687,1180
37942,26023,2200
37943,25255,1620
37944,25956,2150
37945,24332,900
37946,23601,310
37947,25176,1560
37948,24738,1220
37949,23407,150
37950,23859,520
37951,23711,400
37952,23589,300
37953,25202,1580
37954,23395,140
37955,25822,2050
37956,23822,490
37957,23871,530
37958,24169,770
37959,23492,220
37960,23504,230
37961,25755,2000
37962,23347,100
37963,24789,1260
37964,24674,1170
37965,23298,60
37966,24509,1040
37967,23662,360
37968,23383,130
37969,24700,1190
37970,23724,410
37971,27220,3070
37972,26718,2710
37973,24370,930
37974,27248,3090
37975,25242,1610
37976,24853,1310
37977,25623,1900
37978,23601,310
37979,23958,600
37980,23577,290
37981,25782,2020
37982,23480,210
37983,23699,390
37984,25729,1980
37985,24332,900
37986,26635,2650
37987,24483,1020
37988,25021,1440
37989,24244,830
37990,25649,1920
37991,23614,320
37992,23528,250
37993,24320,890
37994,24446,990
37995,25755,2000
37996,24471,1010
37997,24738,1220
37998,24370,930
37999,23748,430
38000,23589,300
38001,25163,1550
38002,24020,650
38003,24930,1370
38004,25333,1680
38005,24509,1040
38006,24892,1340
38007,23711,400
38008,24420,970
38009,26857,2810
38010,24395,950
38011,24257,840
38012,25163,1550
38013,25609,1890
38014,23675,370
38015,25137,1530
38016,23760,440
38017,24585,1100
38018,24776,1250
38019,26649,2660
38020,24866,1320
38021,25491,1800
38022,25137,1530
38023,24332,900
38024,23847,510
38025,25649,1920
38026,26443,2510
38027,25716,1970
38028,23810,480
38029,24232,820
38030,25689,1950
38031,24585,1100
38032,23650,350
38033,26912,2850
38034,23958,600
38035,25021,1440
38036,24918,1360
38037,26815,2780
38038,25085,1490
38039,25294,1650
38040,25530,1830
38041,26037,2210
38042,24107,720
38043,23250,20
38044,25215,1590
38045,26348,2440
38046,24930,1370
38047,25477,1790
38048,25662,1930
38049,25320,1670
38050,24995,1420
38051,26158,2300
38052,23650,350
38053,27108,2990
38054,27248,3090
38055,28179,3740
38056,23407,150
38057,26843,2800
38058,25215,1590
38059,25021,1440
38060,27745,3440
38061,24332,900
38062,24307,880
38063,25623,1900
38064,23675,370
38065,23650,350
38066,23896,550
38067,24763,1240
38068,24623,1130
38069,23662,360
38070,26185,2320
38071,25477,1790
38072,30513,5280
38073,33523,7100
38074,24244,830
38075,33367,7010
38076,24815,1280
38077,24207,800
38078,24157,760
38079,23626,330
38080,26239,2360
38081,23492,220
38082,23884,540
38083,23650,350
38084,25346,1690
38085,25438,1760
38086,23958,600
38087,24802,1270
38088,24853,1310
38089,24687,1180
38090,23958,600
38091,24370,930
38092,23687,380
38093,24382,940
38094,26649,2660
38095,27052,2950
38096,24269,850
38097,26884,2830
38098,23810,480
38099,23921,570
38100,26212,2340
38101,28121,3700
38102,25929,2130
38103,23638,340
38104,23650,350
38105,25583,1870
38106,23958,600
38107,24458,1000
38108,24069,690
38109,25242,1610
38110,26226,2350
38111,26870,2820
38112,24408,960
38113,24969,1400
38114,28281,3810
38115,27178,3040
38116,24269,850
38117,26348,2440
38118,24866,1320
38119,23638,340
38120,24020,650
38121,25902,2110
38122,27875,3530
38123,24751,1230
38124,25464,1780
38125,24307,880
38126,23395,140
38127,23553,270
38128,26117,2270
38129,24661,1160
38130,24610,1120
38131,23958,600
38132,24282,860
38133,26567,2600
38134,25835,2060
38135,24446,990
38136,24433,980
38137,25372,1710
38138,23528,250
38139,24382,940
38140,29006,4300
38141,27560,3310
38142,24307,880
38143,26185,2320
38144,23626,330
38145,26484,2540
38146,24433,980
38147,25570,1860
38148,27290,3120
38149,25281,1640
38150,23262,30
38151,24057,680
38152,23859,520
38153,24738,1220
38154,25021,1440
38155,29505,4630
38156,24420,970
38157,23748,430
38158,24094,710
38159,24738,1220
38160,26760,2740
38161,27319,3140
38162,24157,760
38163,24382,940
38164,23970,610
38165,23492,220
38166,26402,2480
38167,24144,750
38168,24320,890
38169,24395,950
38170,23614,320
38171,23589,300
38172,25530,1830
38173,25412,1740
38174,25008,1430
38175,23773,450
38176,24649,1150
38177,28150,3720
38178,24107,720
38179,24207,800
38180,23274,40
38181,24345,910
38182,23736,420
38183,24892,1340
38184,25085,1490
38185,25229,1600
38186,24007,640
38187,25047,1460
38188,27052,2950
38189,23226,0
38190,23601,310
38191,23419,160
38192,28077,3670
38193,23933,580
38194,24521,1050
38195,24433,980
38196,24219,810
38197,23675,370
38198,23711,400
38199,26334,2430
38200,24194,790
38201,23274,40
38202,24307,880
38203,28604,4030
38204,24045,670
38205,25530,1830
38206,24307,880
38207,24370,930
38208,24572,1090
38209,27875,3530
38210,30028,4970
38211,24269,850
38212,24232,820
38213,23419,160
38214,25268,1630
38215,24802,1270
38216,23834,500
38217,24219,810
38218,26280,2390
38219,29081,4350
38220,24345,910
38221,24420,970
38222,25662,1930
38223,25124,1520
38224,24157,760
38225,23871,530
38226,26457,2520
38227,27192,3050
38228,23516,240
38229,24598,1110
38230,24969,1400
38231,24623,1130
38232,24332,900
38233,24057,680
38234,24471,1010
38235,24623,1130
38236,23736,420
38237,24623,1130
38238,24892,1340
38239,26732,2720
38240,39613,10330
38241,24763,1240
38242,23933,580
38243,23577,290
38244,23455,190
38245,23896,550
38246,26471,2530
38247,24069,690
38248,24982,1410
38249,24802,1270
38250,24345,910
38251,25702,1960
38252,24521,1050
38253,23516,240
38254,23650,350
38255,23626,330
38256,30672,5380
38257,24585,1100
38258,25809,2040
38259,23577,290
38260,24320,890
38261,26293,2400
38262,26334,2430
38263,24828,1290
38264,25425,1750
38265,23468,200
38266,35137,8010
38267,24840,1300
38268,24712,1200
38269,24433,980
38270,24294,870
38271,24892,1340
38272,23274,40
38273,27010,2920
38274,27702,3410
38275,23945,590
38276,26348,2440
38277,25189,1570
38278,23516,240
38279,23504,230
38280,24982,1410
38281,23687,380
38282,23871,530
38283,24007,640
38284,24382,940
38285,26334,2430
38286,24282,860
38287,24534,1060
38288,24082,700
38289,23528,250
38290,24345,910
38291,27932,3570
38292,23662,360
38293,24585,1100
38294,24943,1380
38295,25085,1490
38296,25372,1710
38297,24395,950
38298,25215,1590
38299,24269,850
38300,23383,130
38301,24892,1340
38302,26484,2540
38303,26144,2290
38304,26199,2330
38305,24446,990
38306,23724,410
38307,24082,700
38308,25835,2060
38309,24636,1140
38310,24094,710
38311,24057,680
38312,25008,1430
38313,25464,1780
38314,25729,1980
38315,23983,620
38316,27262,3100
38317,24219,810
38318,25176,1560
38319,24144,750
38320,23834,500
38321,26375,2460
38322,26199,2330
38323,24219,810
38324,26280,2390
38325,25333,1680
38326,24458,1000
38327,24738,1220
38328,24674,1170
38329,26926,2860
38330,24521,1050
38331,26375,2460
38332,23773,450
38333,23711,400
38334,23958,600
38335,27545,3300
38336,26760,2740
38337,28340,3850
38338,23431,170
38339,23286,50
38340,26691,2690
38341,23773,450
38342,27052,2950
38343,25229,1600
38344,24598,1110
38345,23834,500
38346,26334,2430
38347,24433,980
38348,23736,420
38349,23773,450
38350,24169,770
38351,24057,680
38352,23797,470
38353,24182,780
38354,24789,1260
38355,24598,1110
38356,27010,2920
38357,25359,1700
38358,25636,1910
38359,23884,540
38360,24020,650
38361,27446,3230
38362,25073,1480
38363,24107,720
38364,24357,920
38365,24509,1040
38366,26457,2520
38367,26144,2290
38368,23286,50
38369,23614,320
38370,24357,920
38371,23480,210
38372,24585,1100
38373,24700,1190
38374,24853,1310
38375,23407,150
38376,24194,790
38377,25320,1670
38378,28604,4030
38379,24700,1190
38380,23773,450
38381,23359,110
38382,24007,640
38383,23553,270
38384,23724,410
38385,23650,350
38386,26580,2610
38387,24332,900
38388,24094,710
38389,27164,3030
38390,27010,2920
38391,24408,960
38392,24623,1130
38393,23711,400
38394,24045,670
38395,24879,1330
38396,24020,650
38397,24598,1110
38398,24357,920
38399,24119,730
38400,23958,600
38401,25769,2010
38402,26199,2330
38403,27122,3000
38404,23322,80
38405,25849,2070
38406,25346,1690
38407,23859,520
38408,25983,2170
38409,26280,2390
38410,24182,780
38411,24207,800
38412,23810,480
38413,23687,380
38414,28252,3790
38415,25876,2090
38416,23921,570
38417,23884,540
38418,23650,350
38419,23859,520
38420,24182,780
38421,24547,1070
38422,24382,940
38423,25150,1540
38424,24853,1310
38425,24446,990
38426,23455,190
38427,26843,2800
38428,23371,120
38429,31022,5600
38430,27094,2980
38431,24269,850
38432,26801,2770
38433,26857,2810
38434,26649,2660
38435,23565,280
38436,24345,910
38437,24763,1240
38438,24082,700
38439,23687,380
38440,25150,1540
38441,23921,570
38442,25047,1460
38443,25769,2010
38444,25021,1440
38445,23958,600
38446,24623,1130
38447,25098,1500
38448,24853,1310
38449,24332,900
38450,23383,130
38451,24560,1080
38452,24458,1000
38453,24370,930
38454,25346,1690
38455,24802,1270
38456,26430,2500
38457,23970,610
38458,26334,2430
38459,23834,500
38460,25929,2130
38461,24107,720
38462,24725,1210
38463,25412,1740
38464,23662,360
38465,25176,1560
38466,23322,80
38467,26553,2590
38468,24345,910
38469,24007,640
38470,24020,650
38471,25372,1710
38472,23335,90
38473,25795,2030
38474,23226,0
38475,24905,1350
38476,23847,510
38477,23298,60
38478,24840,1300
38479,24007,640
38480,23995,630
38481,23407,150
38482,24345,910
38483,24892,1340
38484,23250,20
38485,24738,1220
38486,23577,290
38487,23871,530
38488,23675,370
38489,25359,1700
38490,24610,1120
38491,26443,2510
38492,26553,2590
38493,23970,610
38494,27010,2920
38495,24282,860
38496,25916,2120
38497,23711,400
38498,23810,480
38499,26023,2200
38500,24045,670
38501,25491,1800
38502,25346,1690
38503,23565,280
38504,24471,1010
38505,24244,830
38506,24712,1200
38507,25662,1930
38508,31851,6110
38509,25307,1660
38510,23286,50
38511,23896,550
38512,23528,250
38513,25517,1820
38514,28516,3970
38515,24045,670
38516,24572,1090
38517,23773,450
38518,25557,1850
38519,24738,1220
38520,28560,4000
38521,25929,2130
38522,25543,1840
38523,24496,1030
38524,24892,1340
38525,24918,1360
38526,24408,960
38527,25557,1850
38528,24496,1030
38529,25073,1480
38530,25215,1590
38531,26131,2280
38532,26307,2410
38533,25385,1720
38534,24420,970
38535,24182,780
38536,28501,3960
38537,24069,690
38538,28693,4090
38539,23896,550
38540,23785,460
38541,24789,1260
38542,23322,80
38543,25849,2070
38544,25085,1490
38545,24496,1030
38546,25229,1600
38547,23724,410
38548,27150,3020
38549,24905,1350
38550,25795,2030
38551,24547,1070
38552,25755,2000
38553,24132,740
38554,23250,20
38555,23958,600
38556,26622,2640
38557,24257,840
38558,24674,1170
38559,24370,930
38560,27304,3130
38561,23322,80
38562,30592,5330
38563,24045,670
38564,23933,580
38565,24382,940
38566,24943,1380
38567,23238,10
38568,24534,1060
38569,23834,500
38570,26266,2380
38571,23589,300
38572,25073,1480
38573,28961,4270
38574,24496,1030
38575,25346,1690
38576,24712,1200
38577,23933,580
38578,24687,1180
38579,24082,700
38580,24751,1230
38581,24269,850
38582,25583,1870
38583,25755,2000
38584,24182,780
38585,26293,2400
38586,24294,870
38587,23638,340
38588,24828,1290
38589,23921,570
38590,24420,970
38591,27918,3560
38592,23650,350
38593,24930,1370
38594,24840,1300
38595,24420,970
38596,25902,2110
38597,24020,650
38598,23896,550
38599,25543,1840
38600,26348,2440
38601,24789,1260
38602,24357,920
38603,26718,2710
38604,24082,700
38605,25795,2030
38606,24345,910
38607,25008,1430
38608,29475,4610
38609,23589,300
38610,25085,1490
38611,23687,380
38612,26594,2620
38613,24623,1130
38614,28693,4090
38615,25294,1650
38616,25034,1450
38617,23933,580
38618,28413,3900
38619,25268,1630
38620,25662,1930
38621,25795,2030
38622,28369,3870
38623,23822,490
38624,24674,1170
38625,23871,530
38626,24661,1160
38627,24057,680
38628,23528,250
38629,23958,600
38630,23347,100
38631,23528,250
38632,24244,830
38633,24458,1000
38634,23286,50
38635,24132,740
38636,24572,1090
38637,24547,1070
38638,25242,1610
38639,25255,1620
38640,23871,530
38641,24649,1150
38642,23455,190
38643,24598,1110
38644,25294,1650
38645,24853,1310
38646,24420,970
38647,25268,1630
38648,23983,620
38649,24840,1300
38650,27403,3200
38651,23773,450
38652,29982,4940
38653,25189,1570
38654,24069,690
38655,27319,3140
38656,23736,420
38657,24738,1220
38658,23933,580
38659,23589,300
38660,25294,1650
38661,28194,3750
38662,24560,1080
38663,28266,3800
38664,23443,180
38665,25969,2160
38666,23626,330
38667,23310,70
38668,24144,750
38669,24789,1260
38670,24408,960
38671,24763,1240
38672,23589,300
38673,24446,990
38674,23383,130
38675,25996,2180
38676,24547,1070
38677,24045,670
38678,23347,100
38679,24207,800
38680,25176,1560
38681,24345,910
38682,23347,100
38683,23834,500
38684,25504,1810
38685,23933,580
38686,23896,550
38687,23970,610
38688,24294,870
38689,23908,560
38690,25464,1780
38691,26746,2730
38692,25320,1670
38693,23431,170
38694,24943,1380
38695,24725,1210
38696,23748,430
38697,24879,1330
38698,26732,2720
38699,24483,1020
38700,24244,830
38701,24572,1090
38702,24547,1070
38703,23310,70
38704,25021,1440
38705,24560,1080
38706,23908,560
38707,23970,610
38708,25163,1550
38709,24020,650
38710,24534,1060
38711,24496,1030
38712,24182,780
38713,26430,2500
38714,24370,930
38715,26857,2810
38716,25021,1440
38717,24408,960
38718,24956,1390
38719,25438,1760
38720,23687,380
38721,23577,290
38722,23970,610
38723,26104,2260
38724,23468,200
38725,23274,40
38726,23431,170
38727,25583,1870
38728,25809,2040
38729,24094,710
38730,23884,540
38731,23687,380
38732,23958,600
38733,25008,1430
38734,25372,1710
38735,23797,470
38736,25008,1430
38737,24892,1340
38738,23921,570
38739,24458,1000
38740,24879,1330
38741,23785,460
38742,23687,380
38743,23847,510
38744,25202,1580
38745,25822,2050
38746,25060,1470
38747,25268,1630
38748,23226,0
38749,23516,240
38750,24509,1040
38751,26553,2590
38752,26982,2900
38753,25073,1480
38754,24585,1100
38755,24194,790
38756,24802,1270
38757,23614,320
38758,24007,640
38759,24244,830
38760,24661,1160
38761,24509,1040
38762,27545,3300
38763,23884,540
38764,23226,0
38765,24789,1260
38766,24082,700
38767,24107,720
38768,25412,1740
38769,24370,930
38770,28354,3860
38771,23871,530
38772,26171,2310
38773,24471,1010
38774,24433,980
38775,24496,1030
38776,23226,0
38777,24828,1290
38778,23347,100
38779,23958,600
38780,23626,330
38781,23711,400
38782,23262,30
38783,26389,2470
38784,27832,3500
38785,24471,1010
38786,24057,680
38787,25163,1550
38788,26253,2370
38789,23896,550
38790,24496,1030
38791,24420,970
38792,24521,1050
38793,24219,810
38794,24712,1200
38795,26443,2510
38796,24649,1150
38797,24918,1360
38798,26023,2200
38799,26293,2400
38800,24032,660
38801,24307,880
38802,24879,1330
38803,25557,1850
38804,26760,2740
38805,23711,400
38806,23577,290
38807,26801,2770
38808,25835,2060
38809,24107,720
38810,24471,1010
38811,24157,760
38812,23958,600
38813,26498,2550
38814,26430,2500
38815,27846,3510
38816,24879,1330
38817,25098,1500
38818,27361,3170
38819,25676,1940
38820,23859,520
38821,23983,620
38822,27990,3610
38823,24207,800
38824,25111,1510
38825,26144,2290
38826,24357,920
38827,24007,640
38828,24182,780
38829,23908,560
38830,24828,1290
38831,24157,760
38832,25163,1550
38833,23565,280
38834,24458,1000
38835,24930,1370
38836,23601,310
38837,24144,750
38838,23748,430
38839,24521,1050
38840,23699,390
38841,24674,1170
38842,24483,1020
38843,24674,1170
38844,23921,570
38845,24107,720
38846,24649,1150
38847,25849,2070
38848,23516,240
38849,28194,3750
38850,23810,480
38851,25716,1970
38852,23492,220
38853,24144,750
38854,23773,450
38855,23516,240
38856,24257,840
38857,24382,940
38858,25176,1560
38859,24420,970
38860,24700,1190
38861,24408,960
38862,23859,520
38863,23983,620
38864,24982,1410
38865,23958,600
38866,26430,2500
38867,28887,4220
38868,24471,1010
38869,23933,580
38870,24207,800
38871,24496,1030
38872,25111,1510
38873,24585,1100
38874,23687,380
38875,24956,1390
38876,23504,230
38877,25268,1630
38878,25372,1710
38879,24207,800
38880,24623,1130
38881,23822,490
38882,25294,1650
38883,23347,100
38884,24420,970
38885,25956,2150
38886,27304,3130
38887,25229,1600
38888,25809,2040
38889,25137,1530
38890,25150,1540
38891,23748,430
38892,28634,4050
38893,23492,220
38894,26512,2560
38895,25008,1430
38896,26718,2710
38897,26185,2320
38898,24257,840
38899,24244,830
38900,23711,400
38901,23748,430
38902,24560,1080
38903,24521,1050
38904,24169,770
38905,23662,360
38906,23773,450
38907,26718,2710
38908,24357,920
38909,24995,1420
38910,26037,2210
38911,23773,450
38912,25163,1550
38913,24282,860
38914,24892,1340
38915,23896,550
38916,24458,1000
38917,24853,1310
38918,26884,2830
38919,23650,350
38920,24905,1350
38921,27234,3080
38922,25755,2000
38923,24725,1210
38924,25636,1910
38925,24182,780
38926,23797,470
38927,24828,1290
38928,24905,1350
38929,23565,280
38930,26253,2370
38931,24969,1400
38932,24905,1350
38933,23286,50
38934,24357,920
38935,23958,600
38936,23675,370
38937,23589,300
38938,23970,610
38939,25809,2040
38940,24610,1120
38941,23553,270
38942,23810,480
38943,26171,2310
38944,24623,1130
38945,25491,1800
38946,24244,830
38947,23262,30
38948,25916,2120
38949,23335,90
38950,23347,100
38951,24789,1260
38952,23970,610
38953,25822,2050
38954,25150,1540
38955,24969,1400
38956,25150,1540
38957,25662,1930
38958,24408,960
38959,25150,1540
38960,26663,2670
38961,24207,800
38962,23540,260
38963,25176,1560
38964,24483,1020
38965,23577,290
38966,24969,1400
38967,25202,1580
38968,24458,1000
38969,25543,1840
38970,24282,860
38971,25255,1620
38972,24069,690
38973,24585,1100
38974,23884,540
38975,24509,1040
38976,27347,3160
38977,23298,60
38978,24610,1120
38979,23908,560
38980,26253,2370
38981,28413,3900
38982,23995,630
38983,23589,300
38984,25769,2010
38985,24119,730
38986,25255,1620
38987,23226,0
38988,26171,2310
38989,26416,2490
38990,24905,1350
38991,23736,420
38992,27503,3270
38993,24082,700
38994,24700,1190
38995,25034,1450
38996,24636,1140
38997,23711,400
38998,23760,440
38999,23847,510
39000,24094,710
39001,24032,660
39002,24918,1360
39003,23908,560
39004,25176,1560
39005,25889,2100
39006,29628,4710
39007,24521,1050
39008,26321,2420
39009,24905,1350
39010,27976,3600
39011,26635,2650
39012,23553,270
39013,23687,380
39014,23822,490
39015,25557,1850
39016,24132,740
39017,23480,210
39018,25229,1600
39019,27918,3560
39020,24132,740
39021,25150,1540
39022,23871,530
39023,24598,1110
39024,23958,600
39025,25530,1830
39026,24069,690
39027,25782,2020
39028,24207,800
39029,25163,1550
39030,23995,630
39031,25676,1940
39032,25034,1450
39033,23933,580
39034,26498,2550
39035,24232,820
39036,24995,1420
39037,26023,2200
39038,28917,4240
39039,24320,890
39040,26732,2720
39041,23933,580
39042,23921,570
39043,25849,2070
39044,23601,310
39045,23383,130
39046,23983,620
39047,25163,1550
39048,25346,1690
39049,24828,1290
39050,24712,1200
39051,23958,600
39052,24969,1400
39053,24408,960
39054,24395,950
39055,25372,1710
39056,27545,3300
39057,24674,1170
39058,23773,450
39059,24815,1280
39060,26104,2260
39061,25021,1440
39062,27545,3300
39063,24930,1370
39064,24751,1230
39065,23638,340
39066,24751,1230
39067,23871,530
39068,26307,2410
39069,25662,1930
39070,24320,890
39071,23933,580
39072,28738,4120
39073,24866,1320
39074,23983,620
39075,23847,510
39076,27446,3230
39077,24496,1030
39078,25636,1910
39079,23773,450
39080,25073,1480
39081,23945,590
39082,25385,1720
39083,24751,1230
39084,25782,2020
39085,24094,710
39086,26884,2830
39087,23262,30
39088,26131,2280
39089,23958,600
39090,23528,250
39091,24483,1020
39092,24700,1190
39093,27136,3010
39094,23395,140
39095,25623,1900
39096,25849,2070
39097,24007,640
39098,26293,2400
39099,27206,3060
39100,23908,560
39101,25399,1730
39102,23528,250
39103,24257,840
39104,23711,400
39105,28150,3720
39106,24069,690
39107,24257,840
39108,26402,2480
39109,23995,630
39110,24045,670
39111,23785,460
39112,24395,950
39113,24674,1170
39114,28296,3820
39115,24382,940
39116,23589,300
39117,26704,2700
39118,23274,40
39119,24623,1130
39120,26104,2260
39121,28266,3800
39122,23822,490
39123,24232,820
39124,23687,380
39125,23480,210
39126,24943,1380
39127,24357,920
39128,24433,980
39129,24107,720
39130,24082,700
39131,25649,1920
39132,25346,1690
39133,26746,2730
39134,24357,920
39135,25242,1610
39136,23970,610
39137,24020,650
39138,27192,3050
39139,24157,760
39140,24700,1190
39141,25916,2120
39142,25073,1480
39143,29323,4510
39144,25372,1710
39145,25702,1960
39146,26253,2370
39147,23443,180
39148,27745,3440
39149,27220,3070
39150,23736,420
39151,24853,1310
39152,24357,920
39153,24598,1110
39154,24905,1350
39155,24598,1110
39156,25176,1560
39157,24610,1120
39158,27702,3410
39159,23310,70
39160,23565,280
39161,24661,1160
39162,27631,3360
39163,27545,3300
39164,24712,1200
39165,26090,2250
39166,24182,780
39167,24763,1240
39168,24182,780
39169,25623,1900
39170,25795,2030
39171,24879,1330
39172,26226,2350
39173,24905,1350
39174,25969,2160
39175,24144,750
39176,24207,800
39177,24598,1110
39178,23614,320
39179,24661,1160
39180,27932,3570
39181,25047,1460
39182,28034,3640
39183,23455,190
39184,24776,1250
39185,27418,3210
39186,23773,450
39187,27717,3420
39188,24119,730
39189,25034,1450
39190,24045,670
39191,24007,640
39192,24853,1310
39193,23921,570
39194,23724,410
39195,24269,850
39196,26307,2410
39197,23504,230
39198,23847,510
39199,26010,2190
39200,24182,780
39201,24269,850
39202,26158,2300
39203,24408,960
39204,23958,600
39205,23675,370
39206,24534,1060
39207,25215,1590
39208,25163,1550
39209,26982,2900
39210,26526,2570
39211,23760,440
39212,24738,1220
39213,24905,1350
39214,24169,770
39215,26968,2890
39216,23577,290
39217,26010,2190
39218,24232,820
39219,24357,920
39220,26471,2530
39221,27904,3550
39222,23286,50
39223,24082,700
39224,23407,150
39225,25425,1750
39226,23736,420
39227,23468,200
39228,23419,160
39229,24725,1210
39230,24294,870
39231,25623,1900
39232,23310,70
39233,25307,1660
39234,24751,1230
39235,25359,1700
39236,24496,1030
39237,33697,7200
39238,29658,4730
39239,24918,1360
39240,23516,240
39241,23711,400
39242,26104,2260
39243,25956,2150
39244,24610,1120
39245,25359,1700
39246,23797,470
39247,24257,840
39248,27080,2970
39249,24332,900
39250,24157,760
39251,24119,730
39252,25281,1640
39253,24560,1080
39254,23589,300
39255,25504,1810
39256,23553,270
39257,23614,320
39258,23921,570
39259,30325,5160
39260,23431,170
39261,25517,1820
39262,24370,930
39263,24119,730
39264,26131,2280
39265,23699,390
39266,23921,570
39267,27788,3470
39268,24496,1030
39269,24905,1350
39270,24395,950
39271,24547,1070
39272,26321,2420
39273,23859,520
39274,24232,820
39275,23565,280
39276,24905,1350
39277,24995,1420
39278,24244,830
39279,25822,2050
39280,27262,3100
39281,23908,560
39282,23662,360
39283,25085,1490
39284,24496,1030
39285,25021,1440
39286,25008,1430
39287,24320,890
39288,25268,1630
39289,24956,1390
39290,25412,1740
39291,27080,2970
39292,25517,1820
39293,23553,270
39294,24020,650
39295,29293,4490
39296,25517,1820
39297,23310,70
39298,24446,990
39299,24332,900
39300,25451,1770
39301,29536,4650
39302,23970,610
39303,25636,1910
39304,25822,2050
39305,27446,3230
39306,24382,940
39307,25623,1900
39308,24610,1120
39309,25242,1610
39310,25530,1830
39311,24107,720
39312,24032,660
39313,23310,70
39314,24687,1180
39315,27717,3420
39316,24623,1130
39317,24020,650
39318,25477,1790
39319,24560,1080
39320,23859,520
39321,25530,1830
39322,25281,1640
39323,25333,1680
39324,23589,300
39325,24020,650
39326,25215,1590
39327,28194,3750
39328,24789,1260
39329,24395,950
39330,24712,1200
39331,23785,460
39332,24094,710
39333,23748,430
39334,24433,980
39335,27206,3060
39336,23773,450
39337,24969,1400
39338,24370,930
39339,23687,380
39340,24853,1310
39341,24395,950
39342,23553,270
39343,26430,2500
39344,25425,1750
39345,24132,740
39346,25596,1880
39347,26348,2440
39348,26063,2230
39349,24649,1150
39350,25543,1840
39351,23859,520
39352,23995,630
39353,25085,1490
39354,24995,1420
39355,24712,1200
39356,23711,400
39357,26010,2190
39358,26732,2720
39359,24269,850
39360,23601,310
39361,24345,910
39362,30388,5200
39363,27010,2920
39364,25176,1560
39365,24700,1190
39366,25956,2150
39367,25124,1520
39368,28501,3960
39369,23226,0
39370,24956,1390
39371,25862,2080
39372,23687,380
39373,26829,2790
39374,25255,1620
39375,26185,2320
39376,23371,120
39377,23468,200
39378,23797,470
39379,25294,1650
39380,25320,1670
39381,24408,960
39382,24107,720
39383,24738,1220
39384,24956,1390
39385,27248,3090
39386,25176,1560
39387,23995,630
39388,23626,330
39389,24560,1080
39390,25073,1480
39391,24294,870
39392,23577,290
39393,23528,250
39394,26144,2290
39395,23748,430
39396,24802,1270
39397,24789,1260
39398,25835,2060
39399,25943,2140
39400,24244,830
39401,23687,380
39402,25689,1950
39403,23468,200
39404,23480,210
39405,26050,2220
39406,24282,860
39407,24789,1260
39408,23407,150
39409,25649,1920
39410,23834,500
39411,27602,3340
39412,24446,990
39413,25255,1620
39414,23395,140
39415,23371,120
39416,25662,1930
39417,23565,280
39418,27760,3450
39419,24082,700
39420,24496,1030
39421,23958,600
39422,24956,1390
39423,25124,1520
39424,25609,1890
39425,23298,60
39426,24282,860
39427,24408,960
39428,26484,2540
39429,25504,1810
39430,24572,1090
39431,27918,3560
39432,23736,420
39433,23468,200
39434,23995,630
39435,25008,1430
39436,24623,1130
39437,24995,1420
39438,23847,510
39439,23226,0
39440,24534,1060
39441,24560,1080
39442,26926,2860
39443,30577,5320
39444,25876,2090
39445,25073,1480
39446,24144,750
39447,25782,2020
39448,26635,2650
39449,25189,1570
39450,24119,730
39451,23699,390
39452,24560,1080
39453,24132,740
39454,26158,2300
39455,26704,2700
39456,26104,2260
39457,28723,4110
39458,24751,1230
39459,28902,4230
39460,25570,1860
39461,26622,2640
39462,24560,1080
39463,24020,650
39464,25111,1510
39465,23650,350
39466,26280,2390
39467,23995,630
39468,23443,180
39469,25956,2150
39470,24905,1350
39471,28738,4120
39472,27361,3170
39473,24157,760
39474,26037,2210
39475,24572,1090
39476,24057,680
39477,23748,430
39478,24943,1380
39479,23834,500
39480,26362,2450
39481,24458,1000
39482,24219,810
39483,23601,310
39484,26402,2480
39485,25202,1580
39486,26158,2300
39487,24294,870
39488,26982,2900
39489,25073,1480
39490,23577,290
39491,24020,650
39492,25047,1460
39493,23626,330
39494,25662,1930
39495,23896,550
39496,23286,50
39497,24866,1320
39498,29112,4370
39499,23773,450
39500,23347,100
39501,23687,380
39502,24332,900
39503,26498,2550
39504,25111,1510
39505,26663,2670
39506,24509,1040
39507,24069,690
39508,24521,1050
39509,24032,660
39510,23871,530
39511,25372,1710
39512,24094,710
39513,25008,1430
39514,24725,1210
39515,24892,1340
39516,27178,3040
39517,23395,140
39518,25596,1880
39519,25504,1810
39520,25425,1750
39521,26077,2240
39522,26266,2380
39523,24892,1340
39524,26037,2210
39525,23553,270
39526,24219,810
39527,24169,770
39528,26732,2720
39529,23736,420
39530,23724,410
39531,23455,190
39532,24700,1190
39533,23565,280
39534,27361,3170
39535,24057,680
39536,26212,2340
39537,26512,2560
39538,26104,2260
39539,23675,370
39540,24956,1390
39541,24585,1100
39542,24751,1230
39543,26171,2310
39544,24157,760
39545,24269,850
39546,24471,1010
39547,24763,1240
39548,24094,710
39549,23335,90
39550,23565,280
39551,28208,3760
39552,23748,430
39553,24094,710
39554,24307,880
39555,24382,940
39556,24725,1210
39557,24930,1370
39558,26898,2840
39559,28179,3740
39560,23492,220
39561,24094,710
39562,25636,1910
39563,23760,440
39564,24182,780
39565,24119,730
39566,24194,790
39567,23724,410
39568,24534,1060
39569,27717,3420
39570,25504,1810
39571,24057,680
39572,24700,1190
39573,23322,80
39574,24687,1180
39575,27220,3070
39576,25399,1730
39577,29674,4740
39578,24032,660
39579,25320,1670
39580,28442,3920
39581,25098,1500
39582,25176,1560
39583,24370,930
39584,25034,1450
39585,25530,1830
39586,25438,1760
39587,26402,2480
39588,26063,2230
39589,24840,1300
39590,24119,730
39591,28208,3760
39592,24107,720
39593,25543,1840
39594,24357,920
39595,24879,1330
39596,23662,360
39597,24636,1140
39598,23419,160
39599,26171,2310
39600,26982,2900
39601,23859,520
39602,23662,360
39603,25676,1940
39604,25163,1550
39605,24069,690
39606,25596,1880
39607,23933,580
39608,23565,280
39609,24674,1170
39610,25983,2170
39611,23589,300
39612,23822,490
39613,23785,460
39614,25570,1860
39615,24995,1420
39616,25996,2180
39617,26050,2220
39618,23687,380
39619,30878,5510
39620,28604,4030
39621,24879,1330
39622,26090,2250
39623,25862,2080
39624,23970,610
39625,24219,810
39626,23711,400
39627,24069,690
39628,24815,1280
39629,24320,890
39630,24840,1300
39631,24649,1150
39632,23577,290
39633,23675,370
39634,24307,880
39635,24585,1100
39636,23347,100
39637,26416,2490
39638,25557,1850
39639,23884,540
39640,25943,2140
39641,24458,1000
39642,23310,70
39643,24020,650
39644,24269,850
39645,24020,650
39646,25729,1980
39647,23871,530
39648,26307,2410
39649,24082,700
39650,24458,1000
39651,25543,1840
39652,28428,3910
39653,23773,450
39654,24020,650
39655,25822,2050
39656,26608,2630
39657,24332,900
39658,25809,2040
39659,26144,2290
39660,26815,2780
39661,23419,160
39662,25916,2120
39663,24547,1070
39664,24725,1210
39665,26226,2350
39666,23286,50
39667,27418,3210
39668,23822,490
39669,24956,1390
39670,26104,2260
39671,24776,1250
39672,23711,400
39673,26884,2830
39674,24802,1270
39675,25215,1590
39676,23371,120
39677,24879,1330
39678,24534,1060
39679,23810,480
39680,23359,110
39681,23492,220
39682,24547,1070
39683,25034,1450
39684,24661,1160
39685,23995,630
39686,24345,910
39687,30278,5130
39688,24269,850
39689,26996,2910
39690,23958,600
39691,24420,970
39692,23262,30
39693,24045,670
39694,25268,1630
39695,26884,2830
39696,24509,1040
39697,24521,1050
39698,25583,1870
39699,25268,1630
39700,24905,1350
39701,27745,3440
39702,25557,1850
39703,23834,500
39704,24045,670
39705,24207,800
39706,24623,1130
39707,25438,1760
39708,23675,370
39709,23995,630
39710,27731,3430
39711,25098,1500
39712,24892,1340
39713,25876,2090
39714,25929,2130
39715,26023,2200
39716,26158,2300
39717,25729,1980
39718,26857,2810
39719,26158,2300
39720,25294,1650
39721,24956,1390
39722,27446,3230
39723,26077,2240
39724,24712,1200
39725,24687,1180
39726,25929,2130
39727,28501,3960
39728,25359,1700
39729,23748,430
39730,24057,680
39731,24623,1130
39732,24623,1130
39733,25176,1560
39734,23945,590
39735,35521,8220
39736,26912,2850
39737,25835,2060
39738,27932,3570
39739,23834,500
39740,25111,1510
39741,30028,4970
39742,26375,2460
39743,24144,750
39744,23699,390
39745,28354,3860
39746,26718,2710
39747,23921,570
39748,23347,100
39749,24119,730
39750,25385,1720
39751,24294,870
39752,23687,380
39753,25333,1680
39754,25320,1670
39755,24107,720
39756,26307,2410
39757,25491,1800
39758,24257,840
39759,23662,360
39760,26884,2830
39761,24144,750
39762,24219,810
39763,24232,820
39764,23589,300
39765,24458,1000
39766,24194,790
39767,24547,1070
39768,25464,1780
39769,25399,1730
39770,24420,970
39771,25242,1610
39772,28369,3870
39773,28005,3620
39774,24382,940
39775,24982,1410
39776,25425,1750
39777,24982,1410
39778,24345,910
39779,24547,1070
39780,23443,180
39781,24332,900
39782,26090,2250
39783,23419,160
39784,24802,1270
39785,23736,420
39786,26226,2350
39787,24069,690
39788,24815,1280
39789,26718,2710
39790,24219,810
39791,23565,280
39792,24738,1220
39793,27947,3580
39794,24496,1030
39795,25477,1790
39796,24307,880
39797,24789,1260
39798,25047,1460
39799,24661,1160
39800,30325,5160
39801,25060,1470
39802,24219,810
39803,24082,700
39804,24712,1200
39805,23431,170
39806,27846,3510
39807,25451,1770
39808,24534,1060
39809,24840,1300
39810,24802,1270
39811,24219,810
39812,25662,1930
39813,24320,890
39814,24853,1310
39815,24828,1290
39816,24382,940
39817,23834,500
39818,24408,960
39819,24433,980
39820,25333,1680
39821,25111,1510
39822,24598,1110
39823,24132,740
39824,23565,280
39825,24905,1350
39826,24307,880
39827,25902,2110
39828,24244,830
39829,24763,1240
39830,25438,1760
39831,25060,1470
39832,24840,1300
39833,24866,1320
39834,24420,970
39835,30545,5300
39836,24534,1060
39837,23431,170
39838,24483,1020
39839,32066,6240
39840,24294,870
39841,24661,1160
39842,25530,1830
39843,24853,1310
39844,24560,1080
39845,24458,1000
39846,23748,430
39847,24345,910
39848,25517,1820
39849,26580,2610
39850,23983,620
39851,24776,1250
39852,26498,2550
39853,25124,1520
39854,25047,1460
39855,23553,270
39856,24107,720
39857,25451,1770
39858,25795,2030
39859,26090,2250
39860,23553,270
39861,26348,2440
39862,26280,2390
39863,26801,2770
39864,27832,3500
39865,24712,1200
39866,23810,480
39867,24382,940
39868,23504,230
39869,31199,5710
39870,25530,1830
39871,24382,940
39872,23724,410
39873,23983,620
39874,24433,980
39875,24045,670
39876,23431,170
39877,26131,2280
39878,27904,3550
39879,24623,1130
39880,23286,50
39881,23577,290
39882,23699,390
39883,23773,450
39884,24433,980
39885,24751,1230
39886,24032,660
39887,23359,110
39888,27961,3590
39889,23589,300
39890,25346,1690
39891,25835,2060
39892,24521,1050
39893,24307,880
39894,23995,630
39895,24269,850
39896,25189,1570
39897,24534,1060
39898,24182,780
39899,26171,2310
39900,25477,1790
39901,24496,1030
39902,23589,300
39903,24534,1060
39904,27150,3020
39905,24879,1330
39906,23528,250
39907,23419,160
39908,24219,810
39909,23970,610
39910,25689,1950
39911,23516,240
39912,23847,510
39913,27276,3110
39914,25229,1600
39915,24446,990
39916,24661,1160
39917,23540,260
39918,24207,800
39919,25702,1960
39920,24930,1370
39921,24157,760
39922,24094,710
39923,28472,3940
39924,24700,1190
39925,24853,1310
39926,25729,1980
39927,23650,350
39928,24307,880
39929,24119,730
39930,24169,770
39931,23322,80
39932,26185,2320
39933,24232,820
39934,24560,1080
39935,23626,330
39936,25163,1550
39937,25596,1880
39938,23626,330
39939,24157,760
39940,25346,1690
39941,25425,1750
39942,24623,1130
39943,25491,1800
39944,23443,180
39945,25889,2100
39946,29566,4670
39947,24269,850
39948,24257,840
39949,24057,680
39950,26773,2750
39951,25255,1620
39952,23662,360
39953,24840,1300
39954,23675,370
39955,24560,1080
39956,24307,880
39957,26334,2430
39958,25359,1700
39959,24082,700
39960,27788,3470
39961,25929,2130
39962,24892,1340
39963,24496,1030
39964,23760,440
39965,25943,2140
39966,24598,1110
39967,25215,1590
39968,24357,920
39969,24144,750
39970,23933,580
39971,25729,1980
39972,23262,30
39973,24892,1340
39974,24610,1120
39975,24244,830
39976,23347,100
39977,24382,940
39978,23822,490
39979,23614,320
39980,24943,1380
39981,25150,1540
39982,26553,2590
39983,27460,3240
39984,23443,180
39985,29521,4640
39986,25702,1960
39987,23577,290
39988,25034,1450
39989,24623,1130
39990,23896,550
39991,25008,1430
39992,24995,1420
39993,24649,1150
39994,23601,310
39995,23638,340
39996,24661,1160
39997,26131,2280
39998,26280,2390
39999,23565,280
40000,23834,500
